episode,engine,family,n,modulation,waveform,baseline,break_even,not_within_100,ratio10,ratio50,ratio100
synthetic:abrupt:128:16qam:1081300,synthetic,abrupt,128,16qam,afdm,cold_gray,2,False,0.6304454030455797,0.6179841159852887,0.7720290123931
synthetic:abrupt:128:16qam:1081300,synthetic,abrupt,128,16qam,afdm,reset_deep,1,False,0.625230007989073,0.5975826611344484,0.717665639028822
synthetic:abrupt:128:16qam:1081300,synthetic,abrupt,128,16qam,afdm,reuse_radau,1,False,0.7154763098447001,0.6927722002000518,0.8014613984079505
synthetic:abrupt:128:16qam:1081300,synthetic,abrupt,128,16qam,afdm,reuse_residual,101,True,1.226947449338249,1.2529922566072809,1.5972171972498677
synthetic:abrupt:128:16qam:1081300,synthetic,abrupt,128,16qam,ofdm,cold_gray,2,False,0.6511597010794353,0.6420335513221496,0.7930385395250844
synthetic:abrupt:128:16qam:1081300,synthetic,abrupt,128,16qam,ofdm,reset_deep,1,False,0.6420435008050651,0.6162246540949158,0.7385978473911685
synthetic:abrupt:128:16qam:1081300,synthetic,abrupt,128,16qam,ofdm,reuse_radau,2,False,0.7133059650356859,0.6911290648403324,0.7982480918875151
synthetic:abrupt:128:16qam:1081300,synthetic,abrupt,128,16qam,ofdm,reuse_residual,101,True,1.1923874204911178,1.2376697935017227,1.5874670482900195
synthetic:abrupt:128:16qam:1081300,synthetic,abrupt,128,16qam,otfs,cold_gray,2,False,0.6545415664260893,0.6458249657064472,0.7958216724829791
synthetic:abrupt:128:16qam:1081300,synthetic,abrupt,128,16qam,otfs,reset_deep,1,False,0.6511820865356488,0.6260223918304391,0.7421894489185948
synthetic:abrupt:128:16qam:1081300,synthetic,abrupt,128,16qam,otfs,reuse_radau,1,False,0.7146768158495368,0.6933485392752751,0.7997227934771418
synthetic:abrupt:128:16qam:1081300,synthetic,abrupt,128,16qam,otfs,reuse_residual,101,True,1.20357636141108,1.2369252369252368,1.5756854436096015
synthetic:abrupt:128:16qam:1081301,synthetic,abrupt,128,16qam,afdm,cold_gray,1,False,0.7926598764401402,0.7910627086563246,0.7925009872165505
synthetic:abrupt:128:16qam:1081301,synthetic,abrupt,128,16qam,afdm,reset_deep,3,False,0.8894626395862999,0.8431006819012137,0.84653831872626
synthetic:abrupt:128:16qam:1081301,synthetic,abrupt,128,16qam,afdm,reuse_radau,3,False,0.8820079111013672,0.8628659738282882,0.7858275962208578
synthetic:abrupt:128:16qam:1081301,synthetic,abrupt,128,16qam,afdm,reuse_residual,101,True,1.660385013570609,1.584067816495645,1.700624966730084
synthetic:abrupt:128:16qam:1081301,synthetic,abrupt,128,16qam,ofdm,cold_gray,1,False,0.9149925011636125,0.9286379679856036,0.921508782956193
synthetic:abrupt:128:16qam:1081301,synthetic,abrupt,128,16qam,ofdm,reset_deep,1,False,0.9390312079824499,0.8862576634551335,0.8876072807550123
synthetic:abrupt:128:16qam:1081301,synthetic,abrupt,128,16qam,ofdm,reuse_radau,44,False,0.9852905688116992,0.9775699597959605,0.8984479372803351
synthetic:abrupt:128:16qam:1081301,synthetic,abrupt,128,16qam,ofdm,reuse_residual,101,True,1.8936271169509484,1.8157975274272877,2.0066529975651517
synthetic:abrupt:128:16qam:1081301,synthetic,abrupt,128,16qam,otfs,cold_gray,1,False,0.8055867748681187,0.8138191602581376,0.853581278603266
synthetic:abrupt:128:16qam:1081301,synthetic,abrupt,128,16qam,otfs,reset_deep,1,False,0.8949483747609943,0.8765920039088846,0.8802744799636731
synthetic:abrupt:128:16qam:1081301,synthetic,abrupt,128,16qam,otfs,reuse_radau,1,False,0.8540549811875732,0.8591379637785324,0.8306049768964961
synthetic:abrupt:128:16qam:1081301,synthetic,abrupt,128,16qam,otfs,reuse_residual,101,True,1.6439815953075059,1.5882895521394218,1.8302138749021812
synthetic:abrupt:128:16qam:1081302,synthetic,abrupt,128,16qam,afdm,cold_gray,2,False,0.8144907937356237,0.8767656632775664,0.874114732000016
synthetic:abrupt:128:16qam:1081302,synthetic,abrupt,128,16qam,afdm,reset_deep,1,False,0.950993175050726,0.9428225332946165,0.9324582392010105
synthetic:abrupt:128:16qam:1081302,synthetic,abrupt,128,16qam,afdm,reuse_radau,1,False,0.7994447850912481,0.8724303470000653,0.8459892773425897
synthetic:abrupt:128:16qam:1081302,synthetic,abrupt,128,16qam,afdm,reuse_residual,101,True,2.275097839462589,2.357298274376506,2.2180372411520906
synthetic:abrupt:128:16qam:1081302,synthetic,abrupt,128,16qam,ofdm,cold_gray,1,False,0.9108225183839583,0.9392876901432612,0.9936418502809944
synthetic:abrupt:128:16qam:1081302,synthetic,abrupt,128,16qam,ofdm,reset_deep,1,False,0.9700152909180876,0.9591703563861151,0.9591840808339429
synthetic:abrupt:128:16qam:1081302,synthetic,abrupt,128,16qam,ofdm,reuse_radau,1,False,0.9133991364436542,0.9447915584845702,0.965693086998431
synthetic:abrupt:128:16qam:1081302,synthetic,abrupt,128,16qam,ofdm,reuse_residual,101,True,2.655864032474114,2.591009779511075,2.5506844786330336
synthetic:abrupt:128:16qam:1081302,synthetic,abrupt,128,16qam,otfs,cold_gray,2,False,0.8570974229294376,0.9258946191432762,0.95979680852893
synthetic:abrupt:128:16qam:1081302,synthetic,abrupt,128,16qam,otfs,reset_deep,1,False,0.9685168402384431,0.9644283534542326,0.954376420215906
synthetic:abrupt:128:16qam:1081302,synthetic,abrupt,128,16qam,otfs,reuse_radau,2,False,0.8645844321483712,0.9279756638169975,0.9253824910529485
synthetic:abrupt:128:16qam:1081302,synthetic,abrupt,128,16qam,otfs,reuse_residual,101,True,2.5305377792747277,2.592900189515319,2.501159700318435
synthetic:abrupt:128:qpsk:1081200,synthetic,abrupt,128,qpsk,afdm,cold_gray,1,False,0.6696596173212488,0.7239499852361827,0.7447807880185945
synthetic:abrupt:128:qpsk:1081200,synthetic,abrupt,128,qpsk,afdm,reset_deep,1,False,0.9349342706502636,0.9290177175392087,0.9289420719725713
synthetic:abrupt:128:qpsk:1081200,synthetic,abrupt,128,qpsk,afdm,reuse_radau,1,False,0.6542797601594739,0.6827152325010373,0.6731533497651216
synthetic:abrupt:128:qpsk:1081200,synthetic,abrupt,128,qpsk,afdm,reuse_residual,101,True,1.602600901832344,1.6536852762960537,1.6551638274754004
synthetic:abrupt:128:qpsk:1081200,synthetic,abrupt,128,qpsk,ofdm,cold_gray,1,False,0.8323314385936215,0.8862404631660343,0.94056927528949
synthetic:abrupt:128:qpsk:1081200,synthetic,abrupt,128,qpsk,ofdm,reset_deep,1,False,0.9662190958845149,0.9610767554273459,0.9613888404105785
synthetic:abrupt:128:qpsk:1081200,synthetic,abrupt,128,qpsk,ofdm,reuse_radau,1,False,0.8657575319326722,0.8533558712681375,0.8598803117474567
synthetic:abrupt:128:qpsk:1081200,synthetic,abrupt,128,qpsk,ofdm,reuse_residual,101,True,2.1469592693995425,2.146784173131866,2.2009502336389537
synthetic:abrupt:128:qpsk:1081200,synthetic,abrupt,128,qpsk,otfs,cold_gray,1,False,0.7831868358892786,0.7571777850640579,0.7822346525235173
synthetic:abrupt:128:qpsk:1081200,synthetic,abrupt,128,qpsk,otfs,reset_deep,1,False,0.9600518968550007,0.9518674146632359,0.9512514988310636
synthetic:abrupt:128:qpsk:1081200,synthetic,abrupt,128,qpsk,otfs,reuse_radau,1,False,0.7381635691155481,0.7111677019965957,0.6967070269494333
synthetic:abrupt:128:qpsk:1081200,synthetic,abrupt,128,qpsk,otfs,reuse_residual,101,True,1.8600684986138336,1.725705304833337,1.7323369323042466
synthetic:abrupt:128:qpsk:1081201,synthetic,abrupt,128,qpsk,afdm,cold_gray,1,False,0.6583267324989879,0.6736122984333859,0.7203334556908345
synthetic:abrupt:128:qpsk:1081201,synthetic,abrupt,128,qpsk,afdm,reset_deep,1,False,0.8076401485704414,0.7403993250768148,0.7995549040561208
synthetic:abrupt:128:qpsk:1081201,synthetic,abrupt,128,qpsk,afdm,reuse_radau,1,False,0.6983942619935501,0.6979579234543968,0.6821909380308413
synthetic:abrupt:128:qpsk:1081201,synthetic,abrupt,128,qpsk,afdm,reuse_residual,101,True,1.257737228486587,1.2217640383319022,1.395174840397382
synthetic:abrupt:128:qpsk:1081201,synthetic,abrupt,128,qpsk,ofdm,cold_gray,1,False,0.8440926178931483,0.8116603642468926,0.8839711738433874
synthetic:abrupt:128:qpsk:1081201,synthetic,abrupt,128,qpsk,ofdm,reset_deep,4,False,0.9671074170472589,0.8545763327387501,0.8724816285668706
synthetic:abrupt:128:qpsk:1081201,synthetic,abrupt,128,qpsk,ofdm,reuse_radau,1,False,0.8825626297784617,0.8181529997648045,0.8230846048963386
synthetic:abrupt:128:qpsk:1081201,synthetic,abrupt,128,qpsk,ofdm,reuse_residual,101,True,1.601052153764854,1.4353045120116248,1.7027465590687467
synthetic:abrupt:128:qpsk:1081201,synthetic,abrupt,128,qpsk,otfs,cold_gray,1,False,0.7455394535841755,0.7563050932992484,0.7783748726642161
synthetic:abrupt:128:qpsk:1081201,synthetic,abrupt,128,qpsk,otfs,reset_deep,1,False,0.9267640817048368,0.8340868137131908,0.8670875499543157
synthetic:abrupt:128:qpsk:1081201,synthetic,abrupt,128,qpsk,otfs,reuse_radau,1,False,0.7580167178061089,0.7615380706558185,0.7229411056040046
synthetic:abrupt:128:qpsk:1081201,synthetic,abrupt,128,qpsk,otfs,reuse_residual,101,True,1.3911948391549913,1.3292764939601804,1.46104318460603
synthetic:abrupt:128:qpsk:1081202,synthetic,abrupt,128,qpsk,afdm,cold_gray,1,False,0.7783413024012548,0.7395092005700543,0.7114088987555832
synthetic:abrupt:128:qpsk:1081202,synthetic,abrupt,128,qpsk,afdm,reset_deep,1,False,0.9349342706502636,0.8801053199883716,0.8670553092040563
synthetic:abrupt:128:qpsk:1081202,synthetic,abrupt,128,qpsk,afdm,reuse_radau,1,False,0.7857569935317069,0.7458016741500023,0.6733110620508624
synthetic:abrupt:128:qpsk:1081202,synthetic,abrupt,128,qpsk,afdm,reuse_residual,101,True,1.6869540951583648,1.5708533642798732,1.5268210817256158
synthetic:abrupt:128:qpsk:1081202,synthetic,abrupt,128,qpsk,ofdm,cold_gray,1,False,0.7687224493752816,0.8209871659378087,0.8625706063657796
synthetic:abrupt:128:qpsk:1081202,synthetic,abrupt,128,qpsk,ofdm,reset_deep,1,False,0.9546452437134756,0.9194572614536183,0.916178057220169
synthetic:abrupt:128:qpsk:1081202,synthetic,abrupt,128,qpsk,ofdm,reuse_radau,1,False,0.7623354193505335,0.8189156716250526,0.8076539153908922
synthetic:abrupt:128:qpsk:1081202,synthetic,abrupt,128,qpsk,ofdm,reuse_residual,101,True,1.7192955605211873,1.7511493259182764,1.8839574425415901
synthetic:abrupt:128:qpsk:1081202,synthetic,abrupt,128,qpsk,otfs,cold_gray,1,False,0.7661549724325685,0.747729137225932,0.7371269160919808
synthetic:abrupt:128:qpsk:1081202,synthetic,abrupt,128,qpsk,otfs,reset_deep,1,False,0.9543722659979197,0.9043017479549704,0.8926807367719185
synthetic:abrupt:128:qpsk:1081202,synthetic,abrupt,128,qpsk,otfs,reuse_radau,1,False,0.7594949914161241,0.735960418143629,0.6828977248876617
synthetic:abrupt:128:qpsk:1081202,synthetic,abrupt,128,qpsk,otfs,reuse_residual,101,True,1.6821659090338297,1.5741750835011992,1.5646825809253193
synthetic:abrupt:256:16qam:1081500,synthetic,abrupt,256,16qam,afdm,cold_gray,1,False,0.7753446231001774,0.7984759768679517,0.8515527173417855
synthetic:abrupt:256:16qam:1081500,synthetic,abrupt,256,16qam,afdm,reset_deep,1,False,0.8104229159722994,0.7739567886916662,0.821561117443451
synthetic:abrupt:256:16qam:1081500,synthetic,abrupt,256,16qam,afdm,reuse_radau,1,False,0.8588065160487722,0.8825424628887114,0.8393743310262476
synthetic:abrupt:256:16qam:1081500,synthetic,abrupt,256,16qam,afdm,reuse_residual,101,True,1.6625717465707892,1.7244119790418246,1.9074120469055715
synthetic:abrupt:256:16qam:1081500,synthetic,abrupt,256,16qam,ofdm,cold_gray,1,False,0.7838621722901252,0.8442442080364932,0.9301512653677448
synthetic:abrupt:256:16qam:1081500,synthetic,abrupt,256,16qam,ofdm,reset_deep,1,False,0.8281492791156121,0.8075720084467909,0.8516193452771382
synthetic:abrupt:256:16qam:1081500,synthetic,abrupt,256,16qam,ofdm,reuse_radau,1,False,0.8538138590503062,0.9175218206239362,0.9104257400152674
synthetic:abrupt:256:16qam:1081500,synthetic,abrupt,256,16qam,ofdm,reuse_residual,101,True,1.6738516466989848,1.791474777854176,2.118902602190313
synthetic:abrupt:256:16qam:1081500,synthetic,abrupt,256,16qam,otfs,cold_gray,1,False,0.7938017766513441,0.8194385640922575,0.9016951586750863
synthetic:abrupt:256:16qam:1081500,synthetic,abrupt,256,16qam,otfs,reset_deep,1,False,0.8322979140734035,0.785175603459474,0.8427658939936108
synthetic:abrupt:256:16qam:1081500,synthetic,abrupt,256,16qam,otfs,reuse_radau,1,False,0.8604480442058324,0.8809676884108872,0.874184511550109
synthetic:abrupt:256:16qam:1081500,synthetic,abrupt,256,16qam,otfs,reuse_residual,101,True,1.6508002416529661,1.7137370315208789,1.9813445128246534
synthetic:abrupt:256:16qam:1081501,synthetic,abrupt,256,16qam,afdm,cold_gray,1,False,0.9305856651638179,0.8833002803489883,0.9472099270771811
synthetic:abrupt:256:16qam:1081501,synthetic,abrupt,256,16qam,afdm,reset_deep,1,False,0.967115165336374,0.951338212439872,0.9539029117109623
synthetic:abrupt:256:16qam:1081501,synthetic,abrupt,256,16qam,afdm,reuse_radau,1,False,0.8840510701942182,0.8400124087855662,0.859631293737685
synthetic:abrupt:256:16qam:1081501,synthetic,abrupt,256,16qam,afdm,reuse_residual,101,True,3.189576379238715,2.438067185870554,2.585102662448087
synthetic:abrupt:256:16qam:1081501,synthetic,abrupt,256,16qam,ofdm,cold_gray,1,False,0.9722793817735833,0.940079598223616,0.9876766176442637
synthetic:abrupt:256:16qam:1081501,synthetic,abrupt,256,16qam,ofdm,reset_deep,1,False,0.9773302240625638,0.9678626686365364,0.9688008727151693
synthetic:abrupt:256:16qam:1081501,synthetic,abrupt,256,16qam,ofdm,reuse_radau,1,False,0.9325677020231077,0.9107627097213408,0.9166185818257424
synthetic:abrupt:256:16qam:1081501,synthetic,abrupt,256,16qam,ofdm,reuse_residual,101,True,3.333741036873579,2.676421549236679,2.7972467944216346
synthetic:abrupt:256:16qam:1081501,synthetic,abrupt,256,16qam,otfs,cold_gray,101,True,1.0189545403118296,0.9478854423428092,1.0085822835582856
synthetic:abrupt:256:16qam:1081501,synthetic,abrupt,256,16qam,otfs,reset_deep,1,False,0.9787572467573212,0.9682742188074065,0.9695998199285687
synthetic:abrupt:256:16qam:1081501,synthetic,abrupt,256,16qam,otfs,reuse_radau,1,False,0.9474878661001713,0.9086493484694244,0.9202901402705258
synthetic:abrupt:256:16qam:1081501,synthetic,abrupt,256,16qam,otfs,reuse_residual,101,True,3.539880257658786,2.6496736598248574,2.810864991711955
synthetic:abrupt:256:16qam:1081502,synthetic,abrupt,256,16qam,afdm,cold_gray,1,False,0.8334360926102125,0.8480518502493654,0.9118255091778736
synthetic:abrupt:256:16qam:1081502,synthetic,abrupt,256,16qam,afdm,reset_deep,1,False,0.9123375180535496,0.8561313929699639,0.8464743836539115
synthetic:abrupt:256:16qam:1081502,synthetic,abrupt,256,16qam,afdm,reuse_radau,1,False,0.9058130342862395,0.8908927877059885,0.8713551155320892
synthetic:abrupt:256:16qam:1081502,synthetic,abrupt,256,16qam,afdm,reuse_residual,101,True,1.7563289108783837,1.731485627915589,1.8220333844176217
synthetic:abrupt:256:16qam:1081502,synthetic,abrupt,256,16qam,ofdm,cold_gray,60,False,1.0332391103560095,1.0090206537850666,0.981061759196849
synthetic:abrupt:256:16qam:1081502,synthetic,abrupt,256,16qam,ofdm,reset_deep,1,False,0.9439697211155379,0.8848030276940239,0.8703397777267017
synthetic:abrupt:256:16qam:1081502,synthetic,abrupt,256,16qam,ofdm,reuse_radau,58,False,1.1423862899990742,1.0361843656110303,0.9298483262027267
synthetic:abrupt:256:16qam:1081502,synthetic,abrupt,256,16qam,ofdm,reuse_residual,101,True,2.1675082881419194,2.02199711121166,1.961899373313649
synthetic:abrupt:256:16qam:1081502,synthetic,abrupt,256,16qam,otfs,cold_gray,1,False,0.8646002341295106,0.8893635663420598,0.9431930970099144
synthetic:abrupt:256:16qam:1081502,synthetic,abrupt,256,16qam,otfs,reset_deep,4,False,0.9527724340839652,0.8913252686557589,0.8733521299543175
synthetic:abrupt:256:16qam:1081502,synthetic,abrupt,256,16qam,otfs,reuse_radau,1,False,0.9295340820331367,0.9076703039249493,0.8797017383135283
synthetic:abrupt:256:16qam:1081502,synthetic,abrupt,256,16qam,otfs,reuse_residual,101,True,1.7968085049625917,1.75068693568108,1.8294990827036186
synthetic:abrupt:256:qpsk:1081400,synthetic,abrupt,256,qpsk,afdm,cold_gray,1,False,0.6654961323980909,0.758058709251965,0.831986362119518
synthetic:abrupt:256:qpsk:1081400,synthetic,abrupt,256,qpsk,afdm,reset_deep,1,False,0.9369946817755223,0.9574054678179442,0.9386052227985986
synthetic:abrupt:256:qpsk:1081400,synthetic,abrupt,256,qpsk,afdm,reuse_radau,1,False,0.6123145263764266,0.657176719946048,0.7135105948504301
synthetic:abrupt:256:qpsk:1081400,synthetic,abrupt,256,qpsk,afdm,reuse_residual,101,True,1.5537635958061224,1.7870213040977745,1.7162983663520528
synthetic:abrupt:256:qpsk:1081400,synthetic,abrupt,256,qpsk,ofdm,cold_gray,101,True,0.859128100804267,0.9623575848944657,1.023273461900325
synthetic:abrupt:256:qpsk:1081400,synthetic,abrupt,256,qpsk,ofdm,reset_deep,1,False,0.9657871317465577,0.9678563329135547,0.9611512458125462
synthetic:abrupt:256:qpsk:1081400,synthetic,abrupt,256,qpsk,ofdm,reuse_radau,1,False,0.7973283590163338,0.890395930934427,0.9348556308754916
synthetic:abrupt:256:qpsk:1081400,synthetic,abrupt,256,qpsk,ofdm,reuse_residual,101,True,2.09975361980383,2.5465796561792264,2.368976812536472
synthetic:abrupt:256:qpsk:1081400,synthetic,abrupt,256,qpsk,otfs,cold_gray,1,False,0.7215815649063314,0.894684278234144,0.9429740180268972
synthetic:abrupt:256:qpsk:1081400,synthetic,abrupt,256,qpsk,otfs,reset_deep,1,False,0.9581380494126368,0.9741820208658285,0.9608376857843707
synthetic:abrupt:256:qpsk:1081400,synthetic,abrupt,256,qpsk,otfs,reuse_radau,1,False,0.6425431773410955,0.7686145389680116,0.8009165061610497
synthetic:abrupt:256:qpsk:1081400,synthetic,abrupt,256,qpsk,otfs,reuse_residual,101,True,1.6918790584980714,2.115003942601961,1.944441051113441
synthetic:abrupt:256:qpsk:1081401,synthetic,abrupt,256,qpsk,afdm,cold_gray,1,False,0.7310864429901524,0.7300150581889384,0.7414115820311494
synthetic:abrupt:256:qpsk:1081401,synthetic,abrupt,256,qpsk,afdm,reset_deep,1,False,0.9369946817755223,0.8841291376839218,0.8667029247809447
synthetic:abrupt:256:qpsk:1081401,synthetic,abrupt,256,qpsk,afdm,reuse_radau,1,False,0.6933027169470855,0.6815210514970783,0.6531365137646254
synthetic:abrupt:256:qpsk:1081401,synthetic,abrupt,256,qpsk,afdm,reuse_residual,101,True,1.7489187824965386,1.71306782081994,1.628124605209956
synthetic:abrupt:256:qpsk:1081401,synthetic,abrupt,256,qpsk,ofdm,cold_gray,2,False,0.9003951711850927,0.8698344739265463,0.8961525554124554
synthetic:abrupt:256:qpsk:1081401,synthetic,abrupt,256,qpsk,ofdm,reset_deep,1,False,0.9632305533541399,0.9307990732266129,0.9189160704229556
synthetic:abrupt:256:qpsk:1081401,synthetic,abrupt,256,qpsk,ofdm,reuse_radau,1,False,0.8575071811394246,0.8413905278330986,0.8200651541899947
synthetic:abrupt:256:qpsk:1081401,synthetic,abrupt,256,qpsk,ofdm,reuse_residual,101,True,2.2069372754239587,2.1751899767370575,2.127228054975722
synthetic:abrupt:256:qpsk:1081401,synthetic,abrupt,256,qpsk,otfs,cold_gray,1,False,0.7494037075288238,0.7560569833722738,0.8154241676210108
synthetic:abrupt:256:qpsk:1081401,synthetic,abrupt,256,qpsk,otfs,reset_deep,1,False,0.9551814145905595,0.9081101936362911,0.8971783133157932
synthetic:abrupt:256:qpsk:1081401,synthetic,abrupt,256,qpsk,otfs,reuse_radau,1,False,0.6975856819072841,0.6998855694817665,0.7121100211545399
synthetic:abrupt:256:qpsk:1081401,synthetic,abrupt,256,qpsk,otfs,reuse_residual,101,True,1.7278820136486628,1.730945045935979,1.765403815163192
synthetic:abrupt:256:qpsk:1081402,synthetic,abrupt,256,qpsk,afdm,cold_gray,1,False,0.7459022471922548,0.7627300040831525,0.7802459319707229
synthetic:abrupt:256:qpsk:1081402,synthetic,abrupt,256,qpsk,afdm,reset_deep,1,False,0.9369946817755223,0.8933680134657832,0.8629467325699842
synthetic:abrupt:256:qpsk:1081402,synthetic,abrupt,256,qpsk,afdm,reuse_radau,1,False,0.6970651087835728,0.6976369051915944,0.6734333186967221
synthetic:abrupt:256:qpsk:1081402,synthetic,abrupt,256,qpsk,afdm,reuse_residual,101,True,1.7567993826919117,1.8222685078984568,1.7063235337795215
synthetic:abrupt:256:qpsk:1081402,synthetic,abrupt,256,qpsk,ofdm,cold_gray,1,False,0.8585843323664678,0.8906246630922002,0.9287912193962004
synthetic:abrupt:256:qpsk:1081402,synthetic,abrupt,256,qpsk,ofdm,reset_deep,1,False,0.9606941794658526,0.9254234082342019,0.9047015630192795
synthetic:abrupt:256:qpsk:1081402,synthetic,abrupt,256,qpsk,ofdm,reuse_radau,1,False,0.8080901712899504,0.8567794855088737,0.8471852128624093
synthetic:abrupt:256:qpsk:1081402,synthetic,abrupt,256,qpsk,ofdm,reuse_residual,101,True,2.0780905272458634,2.369973751410273,2.2661352348306836
synthetic:abrupt:256:qpsk:1081402,synthetic,abrupt,256,qpsk,otfs,cold_gray,1,False,0.7605848584213035,0.8042280895609618,0.8680034343918491
synthetic:abrupt:256:qpsk:1081402,synthetic,abrupt,256,qpsk,otfs,reset_deep,1,False,0.9551814145905595,0.9242457178375036,0.899997358985128
synthetic:abrupt:256:qpsk:1081402,synthetic,abrupt,256,qpsk,otfs,reuse_radau,1,False,0.7060384912014837,0.7290244929971689,0.7441288893672352
synthetic:abrupt:256:qpsk:1081402,synthetic,abrupt,256,qpsk,otfs,reuse_residual,101,True,1.790919476243368,1.9342967737196572,1.9307603352732194
synthetic:high:128:16qam:1080900,synthetic,high,128,16qam,afdm,cold_gray,101,True,1.1189283301283717,1.1081887635777765,1.1068463177589523
synthetic:high:128:16qam:1080900,synthetic,high,128,16qam,afdm,reset_deep,1,False,0.9025446466001509,0.8938819485201643,0.892799111260166
synthetic:high:128:16qam:1080900,synthetic,high,128,16qam,afdm,reuse_radau,101,True,1.26984304866612,1.274085396094328,1.2746234961842386
synthetic:high:128:16qam:1080900,synthetic,high,128,16qam,afdm,reuse_residual,101,True,2.052012047503765,2.0755697370624033,2.0785851414673093
synthetic:high:128:16qam:1080900,synthetic,high,128,16qam,ofdm,cold_gray,101,True,1.1661278715748686,1.1581965125934126,1.1572050927207307
synthetic:high:128:16qam:1080900,synthetic,high,128,16qam,ofdm,reset_deep,1,False,0.9289223035541053,0.922604286092248,0.9218145339095158
synthetic:high:128:16qam:1080900,synthetic,high,128,16qam,ofdm,reuse_radau,101,True,1.2774223672162561,1.2807939852422467,1.2812199497315893
synthetic:high:128:16qam:1080900,synthetic,high,128,16qam,ofdm,reuse_residual,101,True,2.0806846690239613,2.0987208756464835,2.101014984055132
synthetic:high:128:16qam:1080900,synthetic,high,128,16qam,otfs,cold_gray,101,True,1.1604437316225609,1.1527837476610532,1.1518262496658647
synthetic:high:128:16qam:1080900,synthetic,high,128,16qam,otfs,reset_deep,1,False,0.9308731452097092,0.9247285358950167,0.9239604597306802
synthetic:high:128:16qam:1080900,synthetic,high,128,16qam,otfs,reuse_radau,101,True,1.267058157386274,1.270207860356672,1.2706056293755577
synthetic:high:128:16qam:1080900,synthetic,high,128,16qam,otfs,reuse_residual,101,True,2.046857024310205,2.0635620308307145,2.065685130552421
synthetic:high:128:16qam:1080901,synthetic,high,128,16qam,afdm,cold_gray,101,True,1.0955827990225768,1.086951400346693,1.0858724755122073
synthetic:high:128:16qam:1080901,synthetic,high,128,16qam,afdm,reset_deep,1,False,0.9185844117183533,0.9113474705377624,0.9104428528901886
synthetic:high:128:16qam:1080901,synthetic,high,128,16qam,afdm,reuse_radau,101,True,1.2294481058226852,1.232392271713783,1.232764585071105
synthetic:high:128:16qam:1080901,synthetic,high,128,16qam,afdm,reuse_residual,101,True,2.309625494219068,2.3327903755731763,2.336198576155548
synthetic:high:128:16qam:1080901,synthetic,high,128,16qam,ofdm,cold_gray,101,True,1.1323907625118557,1.1260700972715443,1.1252800141165054
synthetic:high:128:16qam:1080901,synthetic,high,128,16qam,ofdm,reset_deep,1,False,0.9409160053516119,0.9356640947161996,0.9350076058867731
synthetic:high:128:16qam:1080901,synthetic,high,128,16qam,ofdm,reuse_radau,101,True,1.2356242719474744,1.2379806899548578,1.2382777400483789
synthetic:high:128:16qam:1080901,synthetic,high,128,16qam,ofdm,reuse_residual,101,True,2.335914679091099,2.3561698459084606,2.3587426406063763
synthetic:high:128:16qam:1080901,synthetic,high,128,16qam,otfs,cold_gray,101,True,1.1278777936382811,1.121772588789228,1.1210094381830964
synthetic:high:128:16qam:1080901,synthetic,high,128,16qam,otfs,reset_deep,1,False,0.9425992201271299,0.9374969285828748,0.936859142139843
synthetic:high:128:16qam:1080901,synthetic,high,128,16qam,otfs,reuse_radau,101,True,1.226887172879219,1.2290922400897881,1.2293701235192112
synthetic:high:128:16qam:1080901,synthetic,high,128,16qam,otfs,reuse_residual,101,True,2.307905589802164,2.3233663780512237,2.327548614069382
synthetic:high:128:16qam:1080902,synthetic,high,128,16qam,afdm,cold_gray,101,True,1.0955827990225768,1.086951400346693,1.0858724755122073
synthetic:high:128:16qam:1080902,synthetic,high,128,16qam,afdm,reset_deep,1,False,0.9185844117183533,0.9113474705377624,0.9104428528901886
synthetic:high:128:16qam:1080902,synthetic,high,128,16qam,afdm,reuse_radau,101,True,1.2294481058226852,1.232392271713783,1.232764585071105
synthetic:high:128:16qam:1080902,synthetic,high,128,16qam,afdm,reuse_residual,101,True,2.309625494219068,2.3364117776983675,2.339834190343581
synthetic:high:128:16qam:1080902,synthetic,high,128,16qam,ofdm,cold_gray,101,True,1.1323907625118557,1.1260700972715443,1.1252800141165054
synthetic:high:128:16qam:1080902,synthetic,high,128,16qam,ofdm,reset_deep,1,False,0.9409160053516119,0.9356640947161996,0.9350076058867731
synthetic:high:128:16qam:1080902,synthetic,high,128,16qam,ofdm,reuse_radau,101,True,1.2356242719474744,1.2379806899548578,1.2382777400483789
synthetic:high:128:16qam:1080902,synthetic,high,128,16qam,ofdm,reuse_residual,101,True,2.335914679091099,2.3561698459084606,2.3587426406063763
synthetic:high:128:16qam:1080902,synthetic,high,128,16qam,otfs,cold_gray,101,True,1.1278777936382811,1.121772588789228,1.1210094381830964
synthetic:high:128:16qam:1080902,synthetic,high,128,16qam,otfs,reset_deep,1,False,0.9425992201271299,0.9374969285828748,0.936859142139843
synthetic:high:128:16qam:1080902,synthetic,high,128,16qam,otfs,reuse_radau,101,True,1.226887172879219,1.2290922400897881,1.2293701235192112
synthetic:high:128:16qam:1080902,synthetic,high,128,16qam,otfs,reuse_residual,101,True,2.307905589802164,2.326916991785268,2.3293301730679157
synthetic:high:128:qpsk:1080800,synthetic,high,128,qpsk,afdm,cold_gray,101,True,1.0371985033876023,1.0344649496917628,1.0338954821952042
synthetic:high:128:qpsk:1080800,synthetic,high,128,qpsk,afdm,reset_deep,1,False,0.9651622082453506,0.9614469298148303,0.9612090278939321
synthetic:high:128:qpsk:1080800,synthetic,high,128,qpsk,afdm,reuse_radau,1,False,0.9890381750760038,0.9835908958705568,0.9853660331361098
synthetic:high:128:qpsk:1080800,synthetic,high,128,qpsk,afdm,reuse_residual,101,True,3.433261835329654,3.3795349627726035,3.3783366775545796
synthetic:high:128:qpsk:1080800,synthetic,high,128,qpsk,ofdm,cold_gray,101,True,1.0512275372462243,1.0495235550898165,1.04949353039642
synthetic:high:128:qpsk:1080800,synthetic,high,128,qpsk,ofdm,reset_deep,1,False,0.9747490637944535,0.9721305809733691,0.9716994911818513
synthetic:high:128:qpsk:1080800,synthetic,high,128,qpsk,ofdm,reuse_radau,1,False,0.9730165639569619,0.9818630839958112,0.983330075689008
synthetic:high:128:qpsk:1080800,synthetic,high,128,qpsk,ofdm,reuse_residual,101,True,3.3293713639301874,3.3220539344059907,3.295944632317854
synthetic:high:128:qpsk:1080800,synthetic,high,128,qpsk,otfs,cold_gray,101,True,1.052228272178678,1.0493788198902907,1.0487391199462872
synthetic:high:128:qpsk:1080800,synthetic,high,128,qpsk,otfs,reset_deep,1,False,0.9742923202902972,0.9722060408841037,0.9720993408007675
synthetic:high:128:qpsk:1080800,synthetic,high,128,qpsk,otfs,reuse_radau,2,False,0.9864829824089375,0.9705994278885017,0.9766576934680329
synthetic:high:128:qpsk:1080800,synthetic,high,128,qpsk,otfs,reuse_residual,101,True,3.2452268132761444,3.2224858462101027,3.2607827289287363
synthetic:high:128:qpsk:1080801,synthetic,high,128,qpsk,afdm,cold_gray,101,True,1.1181175987053353,1.1076568630980237,1.1063959740867857
synthetic:high:128:qpsk:1080801,synthetic,high,128,qpsk,afdm,reset_deep,1,False,0.9038978299242031,0.8952719020047135,0.8941539728283244
synthetic:high:128:qpsk:1080801,synthetic,high,128,qpsk,afdm,reuse_radau,101,True,1.2013070885265447,1.2175186129185611,1.2212628385098212
synthetic:high:128:qpsk:1080801,synthetic,high,128,qpsk,afdm,reuse_residual,101,True,1.921968278639302,1.9424148880429775,1.9484245595005567
synthetic:high:128:qpsk:1080801,synthetic,high,128,qpsk,ofdm,cold_gray,101,True,1.1658489579031415,1.1580121692684673,1.1570464069960185
synthetic:high:128:qpsk:1080801,synthetic,high,128,qpsk,ofdm,reset_deep,1,False,0.9296946011811974,0.9234452323973039,0.9226586275190037
synthetic:high:128:qpsk:1080801,synthetic,high,128,qpsk,ofdm,reuse_radau,101,True,1.2225731757314686,1.2219998651912076,1.2250681170312694
synthetic:high:128:qpsk:1080801,synthetic,high,128,qpsk,ofdm,reuse_residual,101,True,1.9324230586689057,1.9562482965449046,1.9548082890081233
synthetic:high:128:qpsk:1080801,synthetic,high,128,qpsk,otfs,cold_gray,101,True,1.1588512961156088,1.1514985771831923,1.1504830905128516
synthetic:high:128:qpsk:1080801,synthetic,high,128,qpsk,otfs,reset_deep,1,False,0.9320805141366365,0.9259829415435823,0.925258127899032
synthetic:high:128:qpsk:1080801,synthetic,high,128,qpsk,otfs,reuse_radau,101,True,1.201955083408322,1.2153508048518458,1.2150731851944323
synthetic:high:128:qpsk:1080801,synthetic,high,128,qpsk,otfs,reuse_residual,101,True,1.95076130865184,1.9421613665283195,1.9447725967181997
synthetic:high:128:qpsk:1080802,synthetic,high,128,qpsk,afdm,cold_gray,101,True,1.1442979978660641,1.1313889411912383,1.1297753091068852
synthetic:high:128:qpsk:1080802,synthetic,high,128,qpsk,afdm,reset_deep,1,False,0.8873795385963205,0.8773688309159934,0.8761174924559525
synthetic:high:128:qpsk:1080802,synthetic,high,128,qpsk,afdm,reuse_radau,101,True,1.3195315949077593,1.3255285887192247,1.3262917387809354
synthetic:high:128:qpsk:1080802,synthetic,high,128,qpsk,afdm,reuse_residual,101,True,2.0884182311771915,2.117661017665952,2.1214218622756538
synthetic:high:128:qpsk:1080802,synthetic,high,128,qpsk,ofdm,cold_gray,101,True,1.2040997492715322,1.19445551263807,1.1932499830588874
synthetic:high:128:qpsk:1080802,synthetic,high,128,qpsk,ofdm,reset_deep,1,False,0.9173412493546722,0.9099938048528653,0.9090753742901394
synthetic:high:128:qpsk:1080802,synthetic,high,128,qpsk,ofdm,reuse_radau,101,True,1.3306150263218985,1.3353894593615858,1.3359941245602336
synthetic:high:128:qpsk:1080802,synthetic,high,128,qpsk,ofdm,reuse_residual,101,True,2.1247294598763586,2.1473360800528227,2.1502218141011005
synthetic:high:128:qpsk:1080802,synthetic,high,128,qpsk,otfs,cold_gray,101,True,1.1956160290965772,1.1863726700006494,1.1852172501136584
synthetic:high:128:qpsk:1080802,synthetic,high,128,qpsk,otfs,reset_deep,1,False,0.9199850074962519,0.912872563718141,0.911983508245877
synthetic:high:128:qpsk:1080802,synthetic,high,128,qpsk,otfs,reuse_radau,101,True,1.3154946083650734,1.3198796495269365,1.3204346652638983
synthetic:high:128:qpsk:1080802,synthetic,high,128,qpsk,otfs,reuse_residual,101,True,2.0817718169378825,2.102366554718953,2.10499245036214
synthetic:high:256:16qam:1081100,synthetic,high,256,16qam,afdm,cold_gray,101,True,1.0744956154606338,1.0671067706557338,1.0663398870348426
synthetic:high:256:16qam:1081100,synthetic,high,256,16qam,afdm,reset_deep,1,False,0.9349554262164443,0.9298505932204952,0.9290839350068422
synthetic:high:256:16qam:1081100,synthetic,high,256,16qam,afdm,reuse_radau,101,True,1.1463552310922895,1.158145347912876,1.1592540091271624
synthetic:high:256:16qam:1081100,synthetic,high,256,16qam,afdm,reuse_residual,101,True,2.192287029544394,2.2357386998969115,2.235010359816919
synthetic:high:256:16qam:1081100,synthetic,high,256,16qam,ofdm,cold_gray,101,True,1.099863801221198,1.0947602306858266,1.0941576739340968
synthetic:high:256:16qam:1081100,synthetic,high,256,16qam,ofdm,reset_deep,1,False,0.9529184547459417,0.9488611624012762,0.9483395728667585
synthetic:high:256:16qam:1081100,synthetic,high,256,16qam,ofdm,reuse_radau,101,True,1.1479953536538507,1.1524626451696272,1.155085483023809
synthetic:high:256:16qam:1081100,synthetic,high,256,16qam,ofdm,reuse_residual,101,True,2.2394590748809455,2.2510849329586735,2.251481389932671
synthetic:high:256:16qam:1081100,synthetic,high,256,16qam,otfs,cold_gray,101,True,1.0980342571565207,1.093029085425329,1.0921288723585678
synthetic:high:256:16qam:1081100,synthetic,high,256,16qam,otfs,reset_deep,1,False,0.9536676010272893,0.9496728717865655,0.949307125718109
synthetic:high:256:16qam:1081100,synthetic,high,256,16qam,otfs,reuse_radau,101,True,1.1417974760663712,1.140448327879489,1.1494588971249347
synthetic:high:256:16qam:1081100,synthetic,high,256,16qam,otfs,reuse_residual,101,True,2.191505062182052,2.2126289280711844,2.221066854698317
synthetic:high:256:16qam:1081101,synthetic,high,256,16qam,afdm,cold_gray,101,True,1.0261061159662426,1.0235511450861332,1.0233254668607252
synthetic:high:256:16qam:1081101,synthetic,high,256,16qam,afdm,reset_deep,1,False,0.9751059311874075,0.9731385458006405,0.9727950141534226
synthetic:high:256:16qam:1081101,synthetic,high,256,16qam,afdm,reuse_radau,101,True,1.0298222294379624,1.0125844219737357,1.0113879368789962
synthetic:high:256:16qam:1081101,synthetic,high,256,16qam,afdm,reuse_residual,101,True,4.548571947172783,4.581876412768874,4.518762274382155
synthetic:high:256:16qam:1081101,synthetic,high,256,16qam,ofdm,cold_gray,101,True,1.0359785235211796,1.0348670692283837,1.0345500408863708
synthetic:high:256:16qam:1081101,synthetic,high,256,16qam,ofdm,reset_deep,1,False,0.9814524045742494,0.9794526690988626,0.9792971627344806
synthetic:high:256:16qam:1081101,synthetic,high,256,16qam,ofdm,reuse_radau,101,True,1.0405684873768606,1.0183494810493652,1.0225488858040077
synthetic:high:256:16qam:1081101,synthetic,high,256,16qam,ofdm,reuse_residual,101,True,4.327110946215649,4.258779664445847,4.250750884318059
synthetic:high:256:16qam:1081101,synthetic,high,256,16qam,otfs,cold_gray,101,True,1.0349042245100388,1.033070468721478,1.0327803855653468
synthetic:high:256:16qam:1081101,synthetic,high,256,16qam,otfs,reset_deep,1,False,0.9819779025028154,0.9804574938220336,0.9803036832749306
synthetic:high:256:16qam:1081101,synthetic,high,256,16qam,otfs,reuse_radau,101,True,1.008258347369378,1.0018013128875838,1.0031059342228306
synthetic:high:256:16qam:1081101,synthetic,high,256,16qam,otfs,reuse_residual,101,True,4.3116196267675555,4.325822772264962,4.348560826153525
synthetic:high:256:16qam:1081102,synthetic,high,256,16qam,afdm,cold_gray,101,True,1.0876783172085185,1.080170883331486,1.0791377852916315
synthetic:high:256:16qam:1081102,synthetic,high,256,16qam,afdm,reset_deep,1,False,0.9251649573705671,0.9182414014834063,0.9174529774737937
synthetic:high:256:16qam:1081102,synthetic,high,256,16qam,afdm,reuse_radau,101,True,1.2580048971399,1.2522992325220905,1.25544653345282
synthetic:high:256:16qam:1081102,synthetic,high,256,16qam,afdm,reuse_residual,101,True,2.4555913644652203,2.46734653993071,2.470508629301388
synthetic:high:256:16qam:1081102,synthetic,high,256,16qam,ofdm,cold_gray,101,True,1.119438710661447,1.1139730128206435,1.1132488819917574
synthetic:high:256:16qam:1081102,synthetic,high,256,16qam,ofdm,reset_deep,1,False,0.9451267566941098,0.9401109330873507,0.9394998201596707
synthetic:high:256:16qam:1081102,synthetic,high,256,16qam,ofdm,reuse_radau,101,True,1.26458175870173,1.2637870636720374,1.2640759469812306
synthetic:high:256:16qam:1081102,synthetic,high,256,16qam,ofdm,reuse_residual,101,True,2.4666925081389435,2.477829446675097,2.486349052799087
synthetic:high:256:16qam:1081102,synthetic,high,256,16qam,otfs,cold_gray,101,True,1.1156748239696685,1.1102255582749732,1.1095252370067823
synthetic:high:256:16qam:1081102,synthetic,high,256,16qam,otfs,reset_deep,1,False,0.9465939189358555,0.9417813341185092,0.9411872660993102
synthetic:high:256:16qam:1081102,synthetic,high,256,16qam,otfs,reuse_radau,101,True,1.2552012355773599,1.2558705042326883,1.2561423556896123
synthetic:high:256:16qam:1081102,synthetic,high,256,16qam,otfs,reuse_residual,101,True,2.4519038900215127,2.461698577230795,2.467974437104802
synthetic:high:256:qpsk:1081000,synthetic,high,256,qpsk,afdm,cold_gray,101,True,1.1409643045760973,1.1284507129764827,1.1268865140265307
synthetic:high:256:qpsk:1081000,synthetic,high,256,qpsk,afdm,reset_deep,1,False,0.8901667555383198,0.8804038004750594,0.8791834310921518
synthetic:high:256:qpsk:1081000,synthetic,high,256,qpsk,afdm,reuse_radau,101,True,1.3180107015585805,1.3236236190276294,1.324337408693233
synthetic:high:256:qpsk:1081000,synthetic,high,256,qpsk,afdm,reuse_residual,101,True,1.898343895051327,1.9194393187107248,1.9221426599425264
synthetic:high:256:qpsk:1081000,synthetic,high,256,qpsk,ofdm,cold_gray,101,True,1.1966215538847118,1.187160568086884,1.1859779448621555
synthetic:high:256:qpsk:1081000,synthetic,high,256,qpsk,ofdm,reset_deep,1,False,0.9183182028004309,0.9110575986049135,0.9101500230804739
synthetic:high:256:qpsk:1081000,synthetic,high,256,qpsk,ofdm,reuse_radau,101,True,1.3288394099638186,1.333315068287502,1.3338816883622076
synthetic:high:256:qpsk:1081000,synthetic,high,256,qpsk,ofdm,reuse_residual,101,True,1.923038504913807,1.9393706805253792,1.9414502457556886
synthetic:high:256:qpsk:1081000,synthetic,high,256,qpsk,otfs,cold_gray,101,True,1.1885563211023875,1.1794834161192116,1.1783493029963148
synthetic:high:256:qpsk:1081000,synthetic,high,256,qpsk,otfs,reset_deep,1,False,0.9209142374733078,0.9138843919153796,0.9130056612206386
synthetic:high:256:qpsk:1081000,synthetic,high,256,qpsk,otfs,reuse_radau,101,True,1.313927907182712,1.318036720179626,1.3185565956714365
synthetic:high:256:qpsk:1081000,synthetic,high,256,qpsk,otfs,reuse_residual,101,True,1.894126959807977,1.909191729518316,1.9111081659117428
synthetic:high:256:qpsk:1081001,synthetic,high,256,qpsk,afdm,cold_gray,101,True,1.1395767325971269,1.1271863176351165,1.125637515764865
synthetic:high:256:qpsk:1081001,synthetic,high,256,qpsk,afdm,reset_deep,1,False,0.8910120736928183,0.8813242580210688,0.8801132810621002
synthetic:high:256:qpsk:1081001,synthetic,high,256,qpsk,afdm,reuse_radau,101,True,1.0770395911223785,1.0785768696878684,1.0787717219647472
synthetic:high:256:qpsk:1081001,synthetic,high,256,qpsk,afdm,reuse_residual,101,True,1.9148842690705343,1.918822724233216,1.924994173993232
synthetic:high:256:qpsk:1081001,synthetic,high,256,qpsk,ofdm,cold_gray,101,True,1.1945412464870226,1.1851803603901472,1.1840102496280378
synthetic:high:256:qpsk:1081001,synthetic,high,256,qpsk,ofdm,reset_deep,1,False,0.918983059469909,0.9117815536450119,0.9108813654168998
synthetic:high:256:qpsk:1081001,synthetic,high,256,qpsk,ofdm,reuse_radau,101,True,1.0853756721843362,1.0867560832156002,1.0869304186958495
synthetic:high:256:qpsk:1081001,synthetic,high,256,qpsk,ofdm,reuse_residual,101,True,1.9402234036840127,1.9458232072570107,1.9424254234194505
synthetic:high:256:qpsk:1081001,synthetic,high,256,qpsk,otfs,cold_gray,101,True,1.1866423473433783,1.1776615384615385,1.1765389373513084
synthetic:high:256:qpsk:1081001,synthetic,high,256,qpsk,otfs,reset_deep,1,False,0.9215376656648766,0.9145632359461989,0.9136914322313643
synthetic:high:256:qpsk:1081001,synthetic,high,256,qpsk,otfs,reuse_radau,101,True,1.0722876716255338,1.0734896282117268,1.0736413542964742
synthetic:high:256:qpsk:1081001,synthetic,high,256,qpsk,otfs,reuse_residual,101,True,1.8773253975821385,1.891865531316405,1.8987416681363118
synthetic:high:256:qpsk:1081002,synthetic,high,256,qpsk,afdm,cold_gray,101,True,1.1409643045760973,1.1284507129764827,1.1268865140265307
synthetic:high:256:qpsk:1081002,synthetic,high,256,qpsk,afdm,reset_deep,1,False,0.8901667555383198,0.8804038004750594,0.8791834310921518
synthetic:high:256:qpsk:1081002,synthetic,high,256,qpsk,afdm,reuse_radau,101,True,1.3180107015585805,1.3236236190276294,1.324337408693233
synthetic:high:256:qpsk:1081002,synthetic,high,256,qpsk,afdm,reuse_residual,101,True,1.898343895051327,1.9194393187107248,1.9221426599425264
synthetic:high:256:qpsk:1081002,synthetic,high,256,qpsk,ofdm,cold_gray,101,True,1.1966215538847118,1.187160568086884,1.1859779448621555
synthetic:high:256:qpsk:1081002,synthetic,high,256,qpsk,ofdm,reset_deep,1,False,0.9183182028004309,0.9110575986049135,0.9101500230804739
synthetic:high:256:qpsk:1081002,synthetic,high,256,qpsk,ofdm,reuse_radau,101,True,1.3288394099638186,1.333315068287502,1.3338816883622076
synthetic:high:256:qpsk:1081002,synthetic,high,256,qpsk,ofdm,reuse_residual,101,True,1.923038504913807,1.9393706805253792,1.9414502457556886
synthetic:high:256:qpsk:1081002,synthetic,high,256,qpsk,otfs,cold_gray,101,True,1.1885563211023875,1.1794834161192116,1.1783493029963148
synthetic:high:256:qpsk:1081002,synthetic,high,256,qpsk,otfs,reset_deep,1,False,0.9209142374733078,0.9138843919153796,0.9130056612206386
synthetic:high:256:qpsk:1081002,synthetic,high,256,qpsk,otfs,reuse_radau,101,True,1.313927907182712,1.318036720179626,1.3185565956714365
synthetic:high:256:qpsk:1081002,synthetic,high,256,qpsk,otfs,reuse_residual,101,True,1.894126959807977,1.909191729518316,1.9111081659117428
synthetic:moderate:128:16qam:1080500,synthetic,moderate,128,16qam,afdm,cold_gray,101,True,1.1186147841177887,1.0561771974262792,1.0424376026999536
synthetic:moderate:128:16qam:1080500,synthetic,moderate,128,16qam,afdm,reset_deep,1,False,0.9396953248117668,0.9419345248881856,0.9406095948958769
synthetic:moderate:128:16qam:1080500,synthetic,moderate,128,16qam,afdm,reuse_radau,101,True,1.167112628976005,1.1237401338420505,1.1069337880623253
synthetic:moderate:128:16qam:1080500,synthetic,moderate,128,16qam,afdm,reuse_residual,101,True,2.3759178305911828,2.4581347904584483,2.4233534123689813
synthetic:moderate:128:16qam:1080500,synthetic,moderate,128,16qam,ofdm,cold_gray,101,True,1.116089796577935,1.0737109699895362,1.0840215221383687
synthetic:moderate:128:16qam:1080500,synthetic,moderate,128,16qam,ofdm,reset_deep,1,False,0.9570469262131266,0.9595346430929608,0.9592880944385607
synthetic:moderate:128:16qam:1080500,synthetic,moderate,128,16qam,ofdm,reuse_radau,101,True,1.174177644752995,1.1319759677757137,1.1446180817396185
synthetic:moderate:128:16qam:1080500,synthetic,moderate,128,16qam,ofdm,reuse_residual,101,True,2.413754633098892,2.534928607929231,2.5449618277365826
synthetic:moderate:128:16qam:1080500,synthetic,moderate,128,16qam,otfs,cold_gray,101,True,1.1199557953905306,1.0654293483525128,1.0614964051803182
synthetic:moderate:128:16qam:1080500,synthetic,moderate,128,16qam,otfs,reset_deep,1,False,0.9575748802442491,0.9585485399954939,0.9580179909704195
synthetic:moderate:128:16qam:1080500,synthetic,moderate,128,16qam,otfs,reuse_radau,101,True,1.1679478145580562,1.1010437006585998,1.0925119136562673
synthetic:moderate:128:16qam:1080500,synthetic,moderate,128,16qam,otfs,reuse_residual,101,True,2.382134368718449,2.4067870381186807,2.3922338512184824
synthetic:moderate:128:16qam:1080501,synthetic,moderate,128,16qam,afdm,cold_gray,101,True,1.0812827427804588,1.030897583501785,1.0404875134991871
synthetic:moderate:128:16qam:1080501,synthetic,moderate,128,16qam,afdm,reset_deep,1,False,0.9351432333805756,0.9281516361685641,0.92783626326753
synthetic:moderate:128:16qam:1080501,synthetic,moderate,128,16qam,afdm,reuse_radau,101,True,1.149369831823707,1.0979995809515624,1.108879740736906
synthetic:moderate:128:16qam:1080501,synthetic,moderate,128,16qam,afdm,reuse_residual,101,True,2.249477375299901,2.2090151143608723,2.2316854102657477
synthetic:moderate:128:16qam:1080501,synthetic,moderate,128,16qam,ofdm,cold_gray,101,True,1.076144746433749,1.0928452460418787,1.0928176537824534
synthetic:moderate:128:16qam:1080501,synthetic,moderate,128,16qam,ofdm,reset_deep,1,False,0.9530211024696054,0.9505318897078553,0.949727256565959
synthetic:moderate:128:16qam:1080501,synthetic,moderate,128,16qam,ofdm,reuse_radau,101,True,1.1447212959802557,1.1449265177909744,1.149265110036211
synthetic:moderate:128:16qam:1080501,synthetic,moderate,128,16qam,ofdm,reuse_residual,101,True,2.2633781174076457,2.3177421471950366,2.309163387811448
synthetic:moderate:128:16qam:1080501,synthetic,moderate,128,16qam,otfs,cold_gray,101,True,1.0510812967334886,1.0479513869539792,1.056865506404035
synthetic:moderate:128:16qam:1080501,synthetic,moderate,128,16qam,otfs,reset_deep,1,False,0.9519640244247692,0.9490912487114591,0.9487305676521918
synthetic:moderate:128:16qam:1080501,synthetic,moderate,128,16qam,otfs,reuse_radau,101,True,1.079350920317951,1.0967713391069314,1.100566053652917
synthetic:moderate:128:16qam:1080501,synthetic,moderate,128,16qam,otfs,reuse_residual,101,True,2.1034672355948887,2.17193302689876,2.194511226322624
synthetic:moderate:128:16qam:1080502,synthetic,moderate,128,16qam,afdm,cold_gray,101,True,1.045956169146467,1.029737404423101,1.0316742920936475
synthetic:moderate:128:16qam:1080502,synthetic,moderate,128,16qam,afdm,reset_deep,1,False,0.9658261007620661,0.961527313989942,0.961549854359268
synthetic:moderate:128:16qam:1080502,synthetic,moderate,128,16qam,afdm,reuse_radau,101,True,1.0740030258026918,1.0345424007585022,1.0338434492817095
synthetic:moderate:128:16qam:1080502,synthetic,moderate,128,16qam,afdm,reuse_residual,101,True,3.0114888789576817,2.993875903400078,3.042652551445224
synthetic:moderate:128:16qam:1080502,synthetic,moderate,128,16qam,ofdm,cold_gray,101,True,1.0559278419708573,1.04602282116569,1.04575794655314
synthetic:moderate:128:16qam:1080502,synthetic,moderate,128,16qam,ofdm,reset_deep,1,False,0.9757640911910087,0.9731502618843034,0.9730963565849129
synthetic:moderate:128:16qam:1080502,synthetic,moderate,128,16qam,ofdm,reuse_radau,101,True,1.0741043868287556,1.0557283978276473,1.0562006929390622
synthetic:moderate:128:16qam:1080502,synthetic,moderate,128,16qam,ofdm,reuse_residual,101,True,3.0013643227293856,3.062023809695715,3.0859309419959824
synthetic:moderate:128:16qam:1080502,synthetic,moderate,128,16qam,otfs,cold_gray,101,True,1.0509909674681985,1.0420481998550117,1.042462628070646
synthetic:moderate:128:16qam:1080502,synthetic,moderate,128,16qam,otfs,reset_deep,1,False,0.9755828405795345,0.97329914351524,0.9733397867922715
synthetic:moderate:128:16qam:1080502,synthetic,moderate,128,16qam,otfs,reuse_radau,101,True,1.04975754068834,1.0444622748391184,1.0369867959909638
synthetic:moderate:128:16qam:1080502,synthetic,moderate,128,16qam,otfs,reuse_residual,101,True,2.971968417458076,3.0347100248687666,3.070787052519977
synthetic:moderate:128:qpsk:1080400,synthetic,moderate,128,qpsk,afdm,cold_gray,3,False,0.9471913638360635,0.9342823071612377,0.9326686750768844
synthetic:moderate:128:qpsk:1080400,synthetic,moderate,128,qpsk,afdm,reset_deep,1,False,0.8670592628766769,0.8552423084657148,0.8537651891643446
synthetic:moderate:128:qpsk:1080400,synthetic,moderate,128,qpsk,afdm,reuse_radau,101,True,1.0922407741132365,1.094599622630965,1.094899798927367
synthetic:moderate:128:qpsk:1080400,synthetic,moderate,128,qpsk,afdm,reuse_residual,101,True,1.5729264377879224,1.5875063453671354,1.5893765688989283
synthetic:moderate:128:qpsk:1080400,synthetic,moderate,128,qpsk,ofdm,cold_gray,9,False,0.9977908789049265,0.9881466422714644,0.9869411126922816
synthetic:moderate:128:qpsk:1080400,synthetic,moderate,128,qpsk,ofdm,reset_deep,1,False,0.9019264341061529,0.8932087838044777,0.8921190775167682
synthetic:moderate:128:qpsk:1080400,synthetic,moderate,128,qpsk,ofdm,reuse_radau,101,True,1.102629194467534,1.1047381810633368,1.1050052768186436
synthetic:moderate:128:qpsk:1080400,synthetic,moderate,128,qpsk,ofdm,reuse_residual,101,True,1.595725773240566,1.6071808029908257,1.6086401385497124
synthetic:moderate:128:qpsk:1080400,synthetic,moderate,128,qpsk,otfs,cold_gray,5,False,0.9874910696889004,0.9782477105929727,0.9770922907059817
synthetic:moderate:128:qpsk:1080400,synthetic,moderate,128,qpsk,otfs,reset_deep,1,False,0.9047276189342774,0.8962589628395465,0.8952003808277053
synthetic:moderate:128:qpsk:1080400,synthetic,moderate,128,qpsk,otfs,reuse_radau,101,True,1.086501975860911,1.088333605499589,1.0885654353128624
synthetic:moderate:128:qpsk:1080400,synthetic,moderate,128,qpsk,otfs,reuse_residual,101,True,1.566269031872592,1.5766726542643839,1.5794289745720407
synthetic:moderate:128:qpsk:1080401,synthetic,moderate,128,qpsk,afdm,cold_gray,44,False,1.0093770766163768,0.9885696589244611,0.9852670602200101
synthetic:moderate:128:qpsk:1080401,synthetic,moderate,128,qpsk,afdm,reset_deep,1,False,0.9300363741915586,0.9213784039152593,0.920540475488437
synthetic:moderate:128:qpsk:1080401,synthetic,moderate,128,qpsk,afdm,reuse_radau,101,True,1.065907523625035,1.0343061170373935,1.0271389973608527
synthetic:moderate:128:qpsk:1080401,synthetic,moderate,128,qpsk,afdm,reuse_residual,101,True,1.9338654360612244,1.9267834630152147,1.941855774926515
synthetic:moderate:128:qpsk:1080401,synthetic,moderate,128,qpsk,ofdm,cold_gray,101,True,1.0866588346343335,1.068429651160774,1.0695024453378528
synthetic:moderate:128:qpsk:1080401,synthetic,moderate,128,qpsk,ofdm,reset_deep,1,False,0.9523553751593883,0.9464323572626431,0.9460850258070708
synthetic:moderate:128:qpsk:1080401,synthetic,moderate,128,qpsk,ofdm,reuse_radau,101,True,1.111470171996145,1.1045967968087143,1.1034989105236894
synthetic:moderate:128:qpsk:1080401,synthetic,moderate,128,qpsk,ofdm,reuse_residual,101,True,2.0370214783768215,2.0135813218909258,2.0378229180712792
synthetic:moderate:128:qpsk:1080401,synthetic,moderate,128,qpsk,otfs,cold_gray,101,True,1.0538364110620884,1.03031871404247,1.0289873188271514
synthetic:moderate:128:qpsk:1080401,synthetic,moderate,128,qpsk,otfs,reset_deep,1,False,0.9516196289357588,0.94545403348935,0.9454763793202727
synthetic:moderate:128:qpsk:1080401,synthetic,moderate,128,qpsk,otfs,reuse_radau,101,True,1.056183166681479,1.0492759681998234,1.0556566794790254
synthetic:moderate:128:qpsk:1080401,synthetic,moderate,128,qpsk,otfs,reuse_residual,101,True,1.9660637085823982,1.9604395632911844,1.9793391697041027
synthetic:moderate:128:qpsk:1080402,synthetic,moderate,128,qpsk,afdm,cold_gray,101,True,1.0528507473837259,1.0465708444472128,1.0470195369927153
synthetic:moderate:128:qpsk:1080402,synthetic,moderate,128,qpsk,afdm,reset_deep,1,False,0.9519087182205042,0.9491654275355448,0.9476154361469935
synthetic:moderate:128:qpsk:1080402,synthetic,moderate,128,qpsk,afdm,reuse_radau,101,True,1.0140480689717013,1.0351347212369675,1.0315751904912709
synthetic:moderate:128:qpsk:1080402,synthetic,moderate,128,qpsk,afdm,reuse_residual,101,True,2.386635609714156,2.504686232209674,2.4481537527369635
synthetic:moderate:128:qpsk:1080402,synthetic,moderate,128,qpsk,ofdm,cold_gray,101,True,1.064366189959225,1.0627146159118248,1.0624615814916998
synthetic:moderate:128:qpsk:1080402,synthetic,moderate,128,qpsk,ofdm,reset_deep,1,False,0.968853951468889,0.9653871535677784,0.9649647834615301
synthetic:moderate:128:qpsk:1080402,synthetic,moderate,128,qpsk,ofdm,reuse_radau,101,True,1.0606273884299104,1.051448284451733,1.0632089786630505
synthetic:moderate:128:qpsk:1080402,synthetic,moderate,128,qpsk,ofdm,reuse_residual,101,True,2.586525478302416,2.6118774292104705,2.6010279499875066
synthetic:moderate:128:qpsk:1080402,synthetic,moderate,128,qpsk,otfs,cold_gray,101,True,1.0669385487276364,1.062934989387213,1.0638898379224864
synthetic:moderate:128:qpsk:1080402,synthetic,moderate,128,qpsk,otfs,reset_deep,1,False,0.9677249637155297,0.9652767017188573,0.9642387010510862
synthetic:moderate:128:qpsk:1080402,synthetic,moderate,128,qpsk,otfs,reuse_radau,101,True,1.0379623403551483,1.0394415193076898,1.0378202030758377
synthetic:moderate:128:qpsk:1080402,synthetic,moderate,128,qpsk,otfs,reuse_residual,101,True,2.4009512401881477,2.5128138391225336,2.4925468200474126
synthetic:moderate:256:16qam:1080700,synthetic,moderate,256,16qam,afdm,cold_gray,101,True,1.038883362796283,1.0371869448202828,1.0364643118979202
synthetic:moderate:256:16qam:1080700,synthetic,moderate,256,16qam,afdm,reset_deep,1,False,0.9638024518991699,0.9587620872267156,0.9586218016455447
synthetic:moderate:256:16qam:1080700,synthetic,moderate,256,16qam,afdm,reuse_radau,2,False,0.9652951676618724,0.9651114522667791,0.9830306560506166
synthetic:moderate:256:16qam:1080700,synthetic,moderate,256,16qam,afdm,reuse_residual,101,True,3.078315713920291,2.9430420420428107,2.9997995489527502
synthetic:moderate:256:16qam:1080700,synthetic,moderate,256,16qam,ofdm,cold_gray,101,True,1.050864301671357,1.0490457180099813,1.0488288676343531
synthetic:moderate:256:16qam:1080700,synthetic,moderate,256,16qam,ofdm,reset_deep,1,False,0.9743373451891656,0.9717130703679623,0.9713729667613181
synthetic:moderate:256:16qam:1080700,synthetic,moderate,256,16qam,ofdm,reuse_radau,101,True,0.9927616418563153,1.0135985506591416,1.0164888039180364
synthetic:moderate:256:16qam:1080700,synthetic,moderate,256,16qam,ofdm,reuse_residual,101,True,3.1606473980609837,3.1762086306105384,3.162413205248982
synthetic:moderate:256:16qam:1080700,synthetic,moderate,256,16qam,otfs,cold_gray,101,True,1.04838317039063,1.0475806691219418,1.0476586379291362
synthetic:moderate:256:16qam:1080700,synthetic,moderate,256,16qam,otfs,reset_deep,1,False,0.9755021319407847,0.9724974708196884,0.9720095006338985
synthetic:moderate:256:16qam:1080700,synthetic,moderate,256,16qam,otfs,reuse_radau,101,True,0.98166877833639,1.0025821234959307,1.0008234143494132
synthetic:moderate:256:16qam:1080700,synthetic,moderate,256,16qam,otfs,reuse_residual,101,True,3.2482812310558926,3.140301981976832,3.0966223118017053
synthetic:moderate:256:16qam:1080701,synthetic,moderate,256,16qam,afdm,cold_gray,101,True,1.1301265035751011,1.190823509558593,1.2078653908327182
synthetic:moderate:256:16qam:1080701,synthetic,moderate,256,16qam,afdm,reset_deep,1,False,0.9123121650630879,0.9089837606254098,0.9092520243133735
synthetic:moderate:256:16qam:1080701,synthetic,moderate,256,16qam,afdm,reuse_radau,101,True,1.1227897197094339,1.2111967017840164,1.2318023422828246
synthetic:moderate:256:16qam:1080701,synthetic,moderate,256,16qam,afdm,reuse_residual,101,True,2.2355225688038676,2.3844222633705923,2.41873031210745
synthetic:moderate:256:16qam:1080701,synthetic,moderate,256,16qam,ofdm,cold_gray,101,True,1.3853844418260672,1.3947101114702196,1.3973826104207254
synthetic:moderate:256:16qam:1080701,synthetic,moderate,256,16qam,ofdm,reset_deep,1,False,0.9453295128939828,0.9404699140401146,0.939862464183381
synthetic:moderate:256:16qam:1080701,synthetic,moderate,256,16qam,ofdm,reuse_radau,101,True,1.3200204470645565,1.3625041666305249,1.3717301355763571
synthetic:moderate:256:16qam:1080701,synthetic,moderate,256,16qam,ofdm,reuse_residual,101,True,2.707017664174937,2.724413491261959,2.7324762869124446
synthetic:moderate:256:16qam:1080701,synthetic,moderate,256,16qam,otfs,cold_gray,101,True,1.2839975800676593,1.2859172511006218,1.2873778618939045
synthetic:moderate:256:16qam:1080701,synthetic,moderate,256,16qam,otfs,reset_deep,1,False,0.9420969146074887,0.9370669371116054,0.936483470659273
synthetic:moderate:256:16qam:1080701,synthetic,moderate,256,16qam,otfs,reuse_radau,101,True,1.2478084542193106,1.2690825088360427,1.273444453111708
synthetic:moderate:256:16qam:1080701,synthetic,moderate,256,16qam,otfs,reuse_residual,101,True,2.4327483601725444,2.451162700488846,2.4603432660687026
synthetic:moderate:256:16qam:1080702,synthetic,moderate,256,16qam,afdm,cold_gray,101,True,1.0425167807770463,1.038493921830526,1.0373730871503222
synthetic:moderate:256:16qam:1080702,synthetic,moderate,256,16qam,afdm,reset_deep,1,False,0.9606855087372027,0.9574258753541847,0.9576697930737557
synthetic:moderate:256:16qam:1080702,synthetic,moderate,256,16qam,afdm,reuse_radau,1,False,0.9681048144778857,0.9910271438076885,0.9996763711115563
synthetic:moderate:256:16qam:1080702,synthetic,moderate,256,16qam,afdm,reuse_residual,101,True,2.8375775254242486,2.9005926399572743,2.9492379078862574
synthetic:moderate:256:16qam:1080702,synthetic,moderate,256,16qam,ofdm,cold_gray,101,True,1.0516284939074052,1.0496318077209021,1.049354074656535
synthetic:moderate:256:16qam:1080702,synthetic,moderate,256,16qam,ofdm,reset_deep,1,False,0.9739802541726728,0.9714002391874202,0.9710880180115868
synthetic:moderate:256:16qam:1080702,synthetic,moderate,256,16qam,ofdm,reuse_radau,101,True,1.0511840203927683,1.0437059929889005,1.0425542162653674
synthetic:moderate:256:16qam:1080702,synthetic,moderate,256,16qam,ofdm,reuse_residual,101,True,3.0745994194167694,3.169567622633758,3.138957131990022
synthetic:moderate:256:16qam:1080702,synthetic,moderate,256,16qam,otfs,cold_gray,101,True,1.0549898739083905,1.0531132330353055,1.0524915580994774
synthetic:moderate:256:16qam:1080702,synthetic,moderate,256,16qam,otfs,reset_deep,1,False,0.9724187748064033,0.9695532855124689,0.9693951678354008
synthetic:moderate:256:16qam:1080702,synthetic,moderate,256,16qam,otfs,reuse_radau,93,False,0.9860398445283672,1.0009663046200796,0.9968187321416239
synthetic:moderate:256:16qam:1080702,synthetic,moderate,256,16qam,otfs,reuse_residual,101,True,2.8018605067531026,2.863414617760614,2.87875788948191
synthetic:moderate:256:qpsk:1080600,synthetic,moderate,256,qpsk,afdm,cold_gray,70,False,0.9753755184429662,1.0031192331487233,0.9863134739957785
synthetic:moderate:256:qpsk:1080600,synthetic,moderate,256,qpsk,afdm,reset_deep,1,False,0.9476908176981997,0.9503905675822573,0.9483215586856125
synthetic:moderate:256:qpsk:1080600,synthetic,moderate,256,qpsk,afdm,reuse_radau,1,False,0.9153765360312999,0.9211524813347733,0.9040789647236547
synthetic:moderate:256:qpsk:1080600,synthetic,moderate,256,qpsk,afdm,reuse_residual,101,True,2.140183419751252,2.3810326722281148,2.3121107401130723
synthetic:moderate:256:qpsk:1080600,synthetic,moderate,256,qpsk,ofdm,cold_gray,101,True,1.028827890608482,1.0396611158465783,1.0359287256465617
synthetic:moderate:256:qpsk:1080600,synthetic,moderate,256,qpsk,ofdm,reset_deep,1,False,0.9651915905085857,0.9670792478863665,0.9664736052881143
synthetic:moderate:256:qpsk:1080600,synthetic,moderate,256,qpsk,ofdm,reuse_radau,1,False,0.9877999473210046,0.9858398614205095,0.9808082410890879
synthetic:moderate:256:qpsk:1080600,synthetic,moderate,256,qpsk,ofdm,reuse_residual,101,True,2.3253866488328128,2.619935531734613,2.596295810261622
synthetic:moderate:256:qpsk:1080600,synthetic,moderate,256,qpsk,otfs,cold_gray,101,True,0.9757551851227326,1.017796871220519,1.0107184254501262
synthetic:moderate:256:qpsk:1080600,synthetic,moderate,256,qpsk,otfs,reset_deep,1,False,0.962171377874692,0.9649170474328251,0.9642403974166935
synthetic:moderate:256:qpsk:1080600,synthetic,moderate,256,qpsk,otfs,reuse_radau,1,False,0.8986288134963398,0.9204642739418512,0.9169651977837301
synthetic:moderate:256:qpsk:1080600,synthetic,moderate,256,qpsk,otfs,reuse_residual,101,True,2.0712537119963796,2.4001193650103514,2.3845195398765227
synthetic:moderate:256:qpsk:1080601,synthetic,moderate,256,qpsk,afdm,cold_gray,101,True,1.0445547252311322,1.0408989438898975,1.0399550944787554
synthetic:moderate:256:qpsk:1080601,synthetic,moderate,256,qpsk,afdm,reset_deep,1,False,0.9591425664310854,0.9552097172483482,0.9552112716300495
synthetic:moderate:256:qpsk:1080601,synthetic,moderate,256,qpsk,afdm,reuse_radau,1,False,0.923776541678408,0.9421563077291126,0.9465668253480936
synthetic:moderate:256:qpsk:1080601,synthetic,moderate,256,qpsk,afdm,reuse_residual,101,True,2.554459499210575,2.576551301984501,2.5735890366918728
synthetic:moderate:256:qpsk:1080601,synthetic,moderate,256,qpsk,ofdm,cold_gray,101,True,1.0527798234841914,1.0531617334386296,1.0521013633311305
synthetic:moderate:256:qpsk:1080601,synthetic,moderate,256,qpsk,ofdm,reset_deep,1,False,0.9735784008341829,0.9696893795456492,0.9697671474691276
synthetic:moderate:256:qpsk:1080601,synthetic,moderate,256,qpsk,ofdm,reuse_radau,11,False,1.0028548259889138,0.9771627712774629,0.9850543912942374
synthetic:moderate:256:qpsk:1080601,synthetic,moderate,256,qpsk,ofdm,reuse_residual,101,True,2.8561624666901912,2.7387933592251605,2.757829591284599
synthetic:moderate:256:qpsk:1080601,synthetic,moderate,256,qpsk,otfs,cold_gray,101,True,1.0550673800715213,1.0558733296575133,1.0552724729550085
synthetic:moderate:256:qpsk:1080601,synthetic,moderate,256,qpsk,otfs,reset_deep,1,False,0.9725228415579621,0.968271608541129,0.9680790888517338
synthetic:moderate:256:qpsk:1080601,synthetic,moderate,256,qpsk,otfs,reuse_radau,1,False,0.9571172290949782,0.9353792087068966,0.9405980735862112
synthetic:moderate:256:qpsk:1080601,synthetic,moderate,256,qpsk,otfs,reuse_residual,101,True,2.703053292347827,2.569242865375363,2.537964499706985
synthetic:moderate:256:qpsk:1080602,synthetic,moderate,256,qpsk,afdm,cold_gray,101,True,1.0619908806803626,1.0547697008721533,1.0540935931007176
synthetic:moderate:256:qpsk:1080602,synthetic,moderate,256,qpsk,afdm,reset_deep,1,False,0.944915988221029,0.9416483653843766,0.9410618445367145
synthetic:moderate:256:qpsk:1080602,synthetic,moderate,256,qpsk,afdm,reuse_radau,101,True,1.0185413273548947,1.0300401319864247,1.0320029517068396
synthetic:moderate:256:qpsk:1080602,synthetic,moderate,256,qpsk,afdm,reuse_residual,101,True,2.1321013474131725,2.23971986052094,2.2300491333403287
synthetic:moderate:256:qpsk:1080602,synthetic,moderate,256,qpsk,ofdm,cold_gray,101,True,1.079306554560912,1.0757627980715643,1.074946480650821
synthetic:moderate:256:qpsk:1080602,synthetic,moderate,256,qpsk,ofdm,reset_deep,1,False,0.9617455262587399,0.958211296693022,0.9579535803379425
synthetic:moderate:256:qpsk:1080602,synthetic,moderate,256,qpsk,ofdm,reuse_radau,101,True,1.0400879861383514,1.0347133765420324,1.0388720765544883
synthetic:moderate:256:qpsk:1080602,synthetic,moderate,256,qpsk,ofdm,reuse_residual,101,True,2.296480531361758,2.2689243505293,2.2765054328381877
synthetic:moderate:256:qpsk:1080602,synthetic,moderate,256,qpsk,otfs,cold_gray,101,True,1.0811424678541286,1.0755137692990022,1.0749086219233086
synthetic:moderate:256:qpsk:1080602,synthetic,moderate,256,qpsk,otfs,reset_deep,1,False,0.9609583953362376,0.9583336887399612,0.957972509234122
synthetic:moderate:256:qpsk:1080602,synthetic,moderate,256,qpsk,otfs,reuse_radau,101,True,1.01374293166163,1.0236036470011098,1.0228693160441023
synthetic:moderate:256:qpsk:1080602,synthetic,moderate,256,qpsk,otfs,reuse_residual,101,True,2.1775913670863223,2.2323513048812433,2.2094600426946074
synthetic:slow:128:16qam:1080100,synthetic,slow,128,16qam,afdm,cold_gray,1,False,0.670797774936945,0.6590244716119571,0.6810252409505624
synthetic:slow:128:16qam:1080100,synthetic,slow,128,16qam,afdm,reset_deep,1,False,0.7275312898148842,0.7106430338004947,0.7343785130780185
synthetic:slow:128:16qam:1080100,synthetic,slow,128,16qam,afdm,reuse_radau,1,False,0.737401628634803,0.730386121130075,0.7506843642800246
synthetic:slow:128:16qam:1080100,synthetic,slow,128,16qam,afdm,reuse_residual,101,True,1.3917690576208979,1.3863453439469446,1.4364269241016572
synthetic:slow:128:16qam:1080100,synthetic,slow,128,16qam,ofdm,cold_gray,1,False,0.6706607804800369,0.7594101799633608,0.7573930082944855
synthetic:slow:128:16qam:1080100,synthetic,slow,128,16qam,ofdm,reset_deep,1,False,0.7429125833006665,0.8287424539396315,0.8295472363778911
synthetic:slow:128:16qam:1080100,synthetic,slow,128,16qam,ofdm,reuse_radau,1,False,0.7257100407050435,0.8263634601132608,0.8272160501041949
synthetic:slow:128:16qam:1080100,synthetic,slow,128,16qam,ofdm,reuse_residual,101,True,1.3952925065893127,1.5744928995510645,1.578303404482876
synthetic:slow:128:16qam:1080100,synthetic,slow,128,16qam,otfs,cold_gray,1,False,0.6901098126931849,0.6797513268056324,0.7003546787393152
synthetic:slow:128:16qam:1080100,synthetic,slow,128,16qam,otfs,reset_deep,1,False,0.7492045889101339,0.7344420650095602,0.7591137667304015
synthetic:slow:128:16qam:1080100,synthetic,slow,128,16qam,otfs,reuse_radau,1,False,0.7365937656263511,0.7284644777197286,0.7499324711042439
synthetic:slow:128:16qam:1080100,synthetic,slow,128,16qam,otfs,reuse_residual,101,True,1.4105200256305033,1.386144802225839,1.4338227991463872
synthetic:slow:128:16qam:1080101,synthetic,slow,128,16qam,afdm,cold_gray,2,False,0.7557302867819503,0.737669330370497,0.7347726864243349
synthetic:slow:128:16qam:1080101,synthetic,slow,128,16qam,afdm,reset_deep,1,False,0.7275312898148842,0.7115498763396537,0.7085224462264857
synthetic:slow:128:16qam:1080101,synthetic,slow,128,16qam,afdm,reuse_radau,2,False,0.841125463292905,0.8323340694484748,0.8297868045166072
synthetic:slow:128:16qam:1080101,synthetic,slow,128,16qam,afdm,reuse_residual,101,True,1.5886766823775857,1.5798077283070358,1.5766711807420206
synthetic:slow:128:16qam:1080101,synthetic,slow,128,16qam,ofdm,cold_gray,2,False,0.7788316518380011,0.7633772681819022,0.7606494542862688
synthetic:slow:128:16qam:1080101,synthetic,slow,128,16qam,ofdm,reset_deep,1,False,0.7429125833006665,0.7286781654253234,0.7258216385731086
synthetic:slow:128:16qam:1080101,synthetic,slow,128,16qam,ofdm,reuse_radau,2,False,0.8383445176301971,0.8273552829935903,0.8272789174611487
synthetic:slow:128:16qam:1080101,synthetic,slow,128,16qam,ofdm,reuse_residual,101,True,1.598813862455288,1.5889956848504743,1.5853970961331152
synthetic:slow:128:16qam:1080101,synthetic,slow,128,16qam,otfs,cold_gray,2,False,0.7716989492964127,0.7594240904899101,0.7565461227214114
synthetic:slow:128:16qam:1080101,synthetic,slow,128,16qam,otfs,reset_deep,1,False,0.7492045889101339,0.7353185468451243,0.732531931166348
synthetic:slow:128:16qam:1080101,synthetic,slow,128,16qam,otfs,reuse_radau,2,False,0.8430308611163704,0.8311729741202122,0.8284200468058358
synthetic:slow:128:16qam:1080101,synthetic,slow,128,16qam,otfs,reuse_residual,101,True,1.5884818706622559,1.5789189313468524,1.575446318790089
synthetic:slow:128:16qam:1080102,synthetic,slow,128,16qam,afdm,cold_gray,1,False,0.7778950187769912,0.7845170920688894,0.7977691534140972
synthetic:slow:128:16qam:1080102,synthetic,slow,128,16qam,afdm,reset_deep,1,False,0.9538673569926763,0.9521500837591864,0.9538514179413831
synthetic:slow:128:16qam:1080102,synthetic,slow,128,16qam,afdm,reuse_radau,1,False,0.7623775253276235,0.7816877955364777,0.7951537810818857
synthetic:slow:128:16qam:1080102,synthetic,slow,128,16qam,afdm,reuse_residual,101,True,2.275342423604093,2.3915123453859346,2.4720786470345297
synthetic:slow:128:16qam:1080102,synthetic,slow,128,16qam,ofdm,cold_gray,1,False,0.8452974647695952,0.8580834512311776,0.8631615056022898
synthetic:slow:128:16qam:1080102,synthetic,slow,128,16qam,ofdm,reset_deep,1,False,0.9707534537378751,0.9699568604219062,0.9703737381281664
synthetic:slow:128:16qam:1080102,synthetic,slow,128,16qam,ofdm,reuse_radau,1,False,0.8310307522524236,0.8612274314022688,0.8644048157092148
synthetic:slow:128:16qam:1080102,synthetic,slow,128,16qam,ofdm,reuse_residual,101,True,2.6548320828867453,2.7435522650226054,2.730880883128474
synthetic:slow:128:16qam:1080102,synthetic,slow,128,16qam,otfs,cold_gray,1,False,0.9128479282636215,0.8763936831797041,0.863532684255218
synthetic:slow:128:16qam:1080102,synthetic,slow,128,16qam,otfs,reset_deep,1,False,0.9730318016944842,0.9703567265427531,0.9708138113622666
synthetic:slow:128:16qam:1080102,synthetic,slow,128,16qam,otfs,reuse_radau,1,False,0.8960661281811284,0.8607111611797558,0.8580537012591127
synthetic:slow:128:16qam:1080102,synthetic,slow,128,16qam,otfs,reuse_residual,101,True,2.7953157067534375,2.718529951444413,2.71750136732312
synthetic:slow:128:qpsk:1080000,synthetic,slow,128,qpsk,afdm,cold_gray,1,False,0.6636513338456471,0.6692836457887922,0.6601909038180763
synthetic:slow:128:qpsk:1080000,synthetic,slow,128,qpsk,afdm,reset_deep,1,False,0.9349342706502636,0.9291174637826919,0.928410939080994
synthetic:slow:128:qpsk:1080000,synthetic,slow,128,qpsk,afdm,reuse_radau,1,False,0.6330130691764867,0.6665763131401611,0.6502181781220686
synthetic:slow:128:qpsk:1080000,synthetic,slow,128,qpsk,afdm,reuse_residual,101,True,1.7403908061620281,1.7551051534601743,1.6906067260353779
synthetic:slow:128:qpsk:1080000,synthetic,slow,128,qpsk,ofdm,cold_gray,1,False,0.8366026073013734,0.876202176853475,0.8500972814821983
synthetic:slow:128:qpsk:1080000,synthetic,slow,128,qpsk,ofdm,reset_deep,1,False,0.9656438426710727,0.9625899620196124,0.9619585531588509
synthetic:slow:128:qpsk:1080000,synthetic,slow,128,qpsk,ofdm,reuse_radau,1,False,0.8142612745545953,0.857622280187784,0.8367085450619769
synthetic:slow:128:qpsk:1080000,synthetic,slow,128,qpsk,ofdm,reuse_residual,101,True,2.401779376524398,2.394018846003803,2.294424409469102
synthetic:slow:128:qpsk:1080000,synthetic,slow,128,qpsk,otfs,cold_gray,1,False,0.7062735091393367,0.6980432566793999,0.6885596518734292
synthetic:slow:128:qpsk:1080000,synthetic,slow,128,qpsk,otfs,reset_deep,1,False,0.9559383836368515,0.9516901599687433,0.950857519144727
synthetic:slow:128:qpsk:1080000,synthetic,slow,128,qpsk,otfs,reuse_radau,1,False,0.6621038596905882,0.6832951314081898,0.6622407343763376
synthetic:slow:128:qpsk:1080000,synthetic,slow,128,qpsk,otfs,reuse_residual,101,True,1.7914908869611859,1.8066069073695827,1.730561636103397
synthetic:slow:128:qpsk:1080001,synthetic,slow,128,qpsk,afdm,cold_gray,1,False,0.6023306931443514,0.616093745861538,0.6100303294733614
synthetic:slow:128:qpsk:1080001,synthetic,slow,128,qpsk,afdm,reset_deep,1,False,0.686434309406582,0.7032339984451931,0.698202686360888
synthetic:slow:128:qpsk:1080001,synthetic,slow,128,qpsk,afdm,reuse_radau,1,False,0.6165881401334918,0.6405568622915336,0.6427961511400595
synthetic:slow:128:qpsk:1080001,synthetic,slow,128,qpsk,afdm,reuse_residual,101,True,1.121133993348123,1.1593040194457616,1.1539555861382724
synthetic:slow:128:qpsk:1080001,synthetic,slow,128,qpsk,ofdm,cold_gray,1,False,0.7726227155066275,0.7302311837898738,0.7474177476384933
synthetic:slow:128:qpsk:1080001,synthetic,slow,128,qpsk,ofdm,reset_deep,1,False,0.877996177996178,0.8714414414414414,0.8642628992628992
synthetic:slow:128:qpsk:1080001,synthetic,slow,128,qpsk,ofdm,reuse_radau,1,False,0.7547360207452083,0.7386042500940969,0.7596303660666868
synthetic:slow:128:qpsk:1080001,synthetic,slow,128,qpsk,ofdm,reuse_residual,101,True,1.3387029637029637,1.3447182750008952,1.335449783808486
synthetic:slow:128:qpsk:1080001,synthetic,slow,128,qpsk,otfs,cold_gray,1,False,0.634500430357157,0.6302020501702574,0.6242967363338737
synthetic:slow:128:qpsk:1080001,synthetic,slow,128,qpsk,otfs,reset_deep,1,False,0.710518171367937,0.7240750729507472,0.7181421876381643
synthetic:slow:128:qpsk:1080001,synthetic,slow,128,qpsk,otfs,reuse_radau,1,False,0.6362500816568117,0.6402380789491687,0.6398185828141328
synthetic:slow:128:qpsk:1080001,synthetic,slow,128,qpsk,otfs,reuse_residual,101,True,1.0980830267064343,1.1487918035684723,1.1416159305314688
synthetic:slow:128:qpsk:1080002,synthetic,slow,128,qpsk,afdm,cold_gray,1,False,0.7208602989799127,0.727155333193226,0.7252092733884209
synthetic:slow:128:qpsk:1080002,synthetic,slow,128,qpsk,afdm,reset_deep,1,False,0.9349342706502636,0.9291506502636204,0.9111176388673139
synthetic:slow:128:qpsk:1080002,synthetic,slow,128,qpsk,afdm,reuse_radau,1,False,0.741964134286658,0.7346271618618129,0.7352269513526364
synthetic:slow:128:qpsk:1080002,synthetic,slow,128,qpsk,afdm,reuse_residual,101,True,1.6943861222659355,1.7384194092316434,1.6522511707377356
synthetic:slow:128:qpsk:1080002,synthetic,slow,128,qpsk,ofdm,cold_gray,1,False,0.6914659813222493,0.6927261935464135,0.7381676788269889
synthetic:slow:128:qpsk:1080002,synthetic,slow,128,qpsk,ofdm,reset_deep,1,False,0.953307767457459,0.9492482811742219,0.9688669330074774
synthetic:slow:128:qpsk:1080002,synthetic,slow,128,qpsk,ofdm,reuse_radau,1,False,0.7021235923441564,0.6970229931837847,0.7416000555996307
synthetic:slow:128:qpsk:1080002,synthetic,slow,128,qpsk,ofdm,reuse_residual,101,True,1.7446535979804556,1.7258846817474516,1.717575503719512
synthetic:slow:128:qpsk:1080002,synthetic,slow,128,qpsk,otfs,cold_gray,1,False,0.7407700696101873,0.7286668206433325,0.7309112734643656
synthetic:slow:128:qpsk:1080002,synthetic,slow,128,qpsk,otfs,reset_deep,1,False,0.9543722659979197,0.950316467419957,0.9361352787791567
synthetic:slow:128:qpsk:1080002,synthetic,slow,128,qpsk,otfs,reuse_radau,1,False,0.739999933710374,0.7236033611986612,0.7295478094380623
synthetic:slow:128:qpsk:1080002,synthetic,slow,128,qpsk,otfs,reuse_residual,101,True,1.766546837539661,1.7493476748687744,1.6703908270885444
synthetic:slow:256:16qam:1080300,synthetic,slow,256,16qam,afdm,cold_gray,1,False,0.7884512672306307,0.7575887250938241,0.7827617359763037
synthetic:slow:256:16qam:1080300,synthetic,slow,256,16qam,afdm,reset_deep,1,False,0.9512956412370648,0.9420856054874446,0.977685255537074
synthetic:slow:256:16qam:1080300,synthetic,slow,256,16qam,afdm,reuse_radau,1,False,0.7759909211570715,0.7391662293692598,0.7685133106512113
synthetic:slow:256:16qam:1080300,synthetic,slow,256,16qam,afdm,reuse_residual,101,True,2.268124204293873,2.1751648111946524,2.1827317394463717
synthetic:slow:256:16qam:1080300,synthetic,slow,256,16qam,ofdm,cold_gray,1,False,0.895048625232075,0.8892788597503395,0.900997747594557
synthetic:slow:256:16qam:1080300,synthetic,slow,256,16qam,ofdm,reset_deep,1,False,0.9693981463084401,0.9691864089006331,0.970743858798774
synthetic:slow:256:16qam:1080300,synthetic,slow,256,16qam,ofdm,reuse_radau,1,False,0.857502291157403,0.8665740719029028,0.8901349025483356
synthetic:slow:256:16qam:1080300,synthetic,slow,256,16qam,ofdm,reuse_residual,101,True,2.59042398034901,2.596559523494704,2.576814233594857
synthetic:slow:256:16qam:1080300,synthetic,slow,256,16qam,otfs,cold_gray,1,False,0.8876258757775491,0.8860281262193809,0.8706106599942292
synthetic:slow:256:16qam:1080300,synthetic,slow,256,16qam,otfs,reset_deep,1,False,0.9691888092876088,0.9679876440756644,0.9651440826739979
synthetic:slow:256:16qam:1080300,synthetic,slow,256,16qam,otfs,reuse_radau,1,False,0.8614027075266293,0.857786328288964,0.8534420429683776
synthetic:slow:256:16qam:1080300,synthetic,slow,256,16qam,otfs,reuse_residual,101,True,2.6004004221504844,2.577659244139073,2.459156289065755
synthetic:slow:256:16qam:1080301,synthetic,slow,256,16qam,afdm,cold_gray,3,False,0.8881361550493593,0.8096894746601623,0.7865483792114567
synthetic:slow:256:16qam:1080301,synthetic,slow,256,16qam,afdm,reset_deep,1,False,0.7665924554956501,0.6789159537286238,0.6665511893003848
synthetic:slow:256:16qam:1080301,synthetic,slow,256,16qam,afdm,reuse_radau,9,False,0.9749047700267213,0.9041353819717333,0.8989036032575972
synthetic:slow:256:16qam:1080301,synthetic,slow,256,16qam,afdm,reuse_residual,101,True,1.874603709064513,1.7703576676352626,1.7661314776086534
synthetic:slow:256:16qam:1080301,synthetic,slow,256,16qam,ofdm,cold_gray,7,False,0.9371034106412005,0.8369987729174154,0.8103679416516104
synthetic:slow:256:16qam:1080301,synthetic,slow,256,16qam,ofdm,reset_deep,1,False,0.7186616446955431,0.661246423055883,0.6643758590422058
synthetic:slow:256:16qam:1080301,synthetic,slow,256,16qam,ofdm,reuse_radau,10,False,0.9900558665659647,0.9133398527514992,0.9038997560087003
synthetic:slow:256:16qam:1080301,synthetic,slow,256,16qam,ofdm,reuse_residual,101,True,1.938835372380062,1.8021680539440101,1.7878337523513863
synthetic:slow:256:16qam:1080301,synthetic,slow,256,16qam,otfs,cold_gray,3,False,0.8994147113103085,0.8364451978765987,0.8105870241664626
synthetic:slow:256:16qam:1080301,synthetic,slow,256,16qam,otfs,reset_deep,1,False,0.7744014498859558,0.7010256232134588,0.68388465695269
synthetic:slow:256:16qam:1080301,synthetic,slow,256,16qam,otfs,reuse_radau,8,False,0.9663154316791298,0.9047505449722327,0.8983248705396171
synthetic:slow:256:16qam:1080301,synthetic,slow,256,16qam,otfs,reuse_residual,101,True,1.8458232154683218,1.761653831274612,1.7591018748322238
synthetic:slow:256:16qam:1080302,synthetic,slow,256,16qam,afdm,cold_gray,1,False,0.6668905533336917,0.7825067097970436,0.8059972799914343
synthetic:slow:256:16qam:1080302,synthetic,slow,256,16qam,afdm,reset_deep,1,False,0.7464300262933748,0.8767451106686103,0.9092970517353728
synthetic:slow:256:16qam:1080302,synthetic,slow,256,16qam,afdm,reuse_radau,1,False,0.6971134391439234,0.8425746260926932,0.8749536805254534
synthetic:slow:256:16qam:1080302,synthetic,slow,256,16qam,afdm,reuse_residual,101,True,1.419451046673357,1.6802419764873369,1.7277908830897957
synthetic:slow:256:16qam:1080302,synthetic,slow,256,16qam,ofdm,cold_gray,2,False,0.935522065734862,0.9622687971145077,0.9634964414775313
synthetic:slow:256:16qam:1080302,synthetic,slow,256,16qam,ofdm,reset_deep,1,False,0.8878416118092959,0.9015511496295278,0.8885870073920059
synthetic:slow:256:16qam:1080302,synthetic,slow,256,16qam,ofdm,reuse_radau,101,True,1.00929850212643,1.0385161589337655,1.0386359059088637
synthetic:slow:256:16qam:1080302,synthetic,slow,256,16qam,ofdm,reuse_residual,101,True,1.981893757799384,2.045538734313852,2.0325718671818045
synthetic:slow:256:16qam:1080302,synthetic,slow,256,16qam,otfs,cold_gray,1,False,0.7269306894645735,0.8189778408417181,0.8270849406713857
synthetic:slow:256:16qam:1080302,synthetic,slow,256,16qam,otfs,reset_deep,1,False,0.8284476255139376,0.9326783222058768,0.9426802082154577
synthetic:slow:256:16qam:1080302,synthetic,slow,256,16qam,otfs,reuse_radau,1,False,0.7818996591222621,0.8836827771234623,0.8843099476662102
synthetic:slow:256:16qam:1080302,synthetic,slow,256,16qam,otfs,reuse_residual,101,True,1.534054040839704,1.7349923639590092,1.7485049944876891
synthetic:slow:256:qpsk:1080200,synthetic,slow,256,qpsk,afdm,cold_gray,1,False,0.8128656627335449,0.7897948101944688,0.7840230304288787
synthetic:slow:256:qpsk:1080200,synthetic,slow,256,qpsk,afdm,reset_deep,1,False,0.8577983245854913,0.8521978518544266,0.8514977927630436
synthetic:slow:256:qpsk:1080200,synthetic,slow,256,qpsk,afdm,reuse_radau,1,False,0.7815038391162338,0.7709472134572942,0.7671537582602922
synthetic:slow:256:qpsk:1080200,synthetic,slow,256,qpsk,afdm,reuse_residual,101,True,1.5939471603738975,1.5881091711373008,1.5990185288899508
synthetic:slow:256:qpsk:1080200,synthetic,slow,256,qpsk,ofdm,cold_gray,1,False,0.7815353259116884,0.7725736722997073,0.7705981656403658
synthetic:slow:256:qpsk:1080200,synthetic,slow,256,qpsk,ofdm,reset_deep,1,False,0.872152764282064,0.8680771307032886,0.8728744070883088
synthetic:slow:256:qpsk:1080200,synthetic,slow,256,qpsk,ofdm,reuse_radau,1,False,0.7644266680125164,0.7631289279722115,0.7616451970264757
synthetic:slow:256:qpsk:1080200,synthetic,slow,256,qpsk,ofdm,reuse_residual,101,True,1.5391458984325381,1.5590069578719505,1.578336104431914
synthetic:slow:256:qpsk:1080200,synthetic,slow,256,qpsk,otfs,cold_gray,1,False,0.8138827066252126,0.8075105367112207,0.7965943868809071
synthetic:slow:256:qpsk:1080200,synthetic,slow,256,qpsk,otfs,reset_deep,1,False,0.8750311328122252,0.8710472585536082,0.8704886066672195
synthetic:slow:256:qpsk:1080200,synthetic,slow,256,qpsk,otfs,reuse_radau,1,False,0.7789611079377486,0.7731871085103781,0.7639535724147645
synthetic:slow:256:qpsk:1080200,synthetic,slow,256,qpsk,otfs,reuse_residual,101,True,1.5622725599775904,1.5879260500062848,1.592653870628039
synthetic:slow:256:qpsk:1080201,synthetic,slow,256,qpsk,afdm,cold_gray,1,False,0.7503028117010828,0.7596205823260195,0.8100296788712675
synthetic:slow:256:qpsk:1080201,synthetic,slow,256,qpsk,afdm,reset_deep,1,False,0.9532309502430566,0.9431556685409717,0.8969998846441448
synthetic:slow:256:qpsk:1080201,synthetic,slow,256,qpsk,afdm,reuse_radau,1,False,0.6398856845934009,0.6787781079892333,0.7564154901494721
synthetic:slow:256:qpsk:1080201,synthetic,slow,256,qpsk,afdm,reuse_residual,101,True,2.264823442864149,2.011374775754842,1.8790830678575396
synthetic:slow:256:qpsk:1080201,synthetic,slow,256,qpsk,ofdm,cold_gray,23,False,0.9874483038028588,0.9407413685995285,0.9285335880517569
synthetic:slow:256:qpsk:1080201,synthetic,slow,256,qpsk,ofdm,reset_deep,1,False,0.9812794959904996,0.9728802357549533,0.933413437311425
synthetic:slow:256:qpsk:1080201,synthetic,slow,256,qpsk,ofdm,reuse_radau,21,False,0.9898988012441732,0.923357882814836,0.9130598630629659
synthetic:slow:256:qpsk:1080201,synthetic,slow,256,qpsk,ofdm,reuse_residual,101,True,4.186260313352916,3.102879994413589,2.453799488701998
synthetic:slow:256:qpsk:1080201,synthetic,slow,256,qpsk,otfs,cold_gray,1,False,0.8644440430277041,0.826315319905091,0.8588173066679399
synthetic:slow:256:qpsk:1080201,synthetic,slow,256,qpsk,otfs,reset_deep,1,False,0.9719943322176847,0.9630865832924806,0.9188790782128254
synthetic:slow:256:qpsk:1080201,synthetic,slow,256,qpsk,otfs,reuse_radau,1,False,0.748208506644981,0.7342317857209799,0.7904258345274273
synthetic:slow:256:qpsk:1080201,synthetic,slow,256,qpsk,otfs,reuse_residual,101,True,2.7414986484140567,2.2095088611279254,1.9801718117383793
synthetic:slow:256:qpsk:1080202,synthetic,slow,256,qpsk,afdm,cold_gray,1,False,0.5927208729815995,0.6681490922899563,0.66541880139738
synthetic:slow:256:qpsk:1080202,synthetic,slow,256,qpsk,afdm,reset_deep,1,False,0.9369946817755223,0.9408414131928097,0.9362288247400918
synthetic:slow:256:qpsk:1080202,synthetic,slow,256,qpsk,afdm,reuse_radau,1,False,0.5306931628693545,0.5804150004038379,0.5907244206672896
synthetic:slow:256:qpsk:1080202,synthetic,slow,256,qpsk,afdm,reuse_residual,101,True,1.5174786674577825,1.878489925407344,1.7410037206294737
synthetic:slow:256:qpsk:1080202,synthetic,slow,256,qpsk,ofdm,cold_gray,1,False,0.8452022263019233,0.9099189640583963,0.8851486719875344
synthetic:slow:256:qpsk:1080202,synthetic,slow,256,qpsk,ofdm,reset_deep,1,False,0.971607466155112,0.9741154760155318,0.969708155651184
synthetic:slow:256:qpsk:1080202,synthetic,slow,256,qpsk,ofdm,reuse_radau,1,False,0.80352147641334,0.8948455927980671,0.8546944493014137
synthetic:slow:256:qpsk:1080202,synthetic,slow,256,qpsk,ofdm,reuse_residual,101,True,2.566158830163181,3.1439476695828246,2.682874883970871
synthetic:slow:256:qpsk:1080202,synthetic,slow,256,qpsk,otfs,cold_gray,1,False,0.7608812903354168,0.7875359025897422,0.785224419862403
synthetic:slow:256:qpsk:1080202,synthetic,slow,256,qpsk,otfs,reset_deep,1,False,0.9650540849230391,0.9653795766833662,0.9620815375570119
synthetic:slow:256:qpsk:1080202,synthetic,slow,256,qpsk,otfs,reuse_radau,1,False,0.6616801647757278,0.6849870599290423,0.6956831253657877
synthetic:slow:256:qpsk:1080202,synthetic,slow,256,qpsk,otfs,reuse_residual,101,True,2.0578528831689007,2.28619525117359,2.0854155545475863
tdl:abrupt:128:16qam:1082900,tdl,abrupt,128,16qam,afdm,cold_gray,1,False,0.5891583649220736,0.5812041576111414,0.5926543158609274
tdl:abrupt:128:16qam:1082900,tdl,abrupt,128,16qam,afdm,reset_deep,1,False,0.7979345243798817,0.7829436899119219,0.8148867779834004
tdl:abrupt:128:16qam:1082900,tdl,abrupt,128,16qam,afdm,reuse_radau,101,True,1.1566145244451633,1.167213500790981,1.0355332348612218
tdl:abrupt:128:16qam:1082900,tdl,abrupt,128,16qam,afdm,reuse_residual,101,True,1.9966189090611757,2.054364496046837,2.2345515720823106
tdl:abrupt:128:16qam:1082900,tdl,abrupt,128,16qam,ofdm,cold_gray,1,False,0.5902944449140471,0.5828988738103,0.5932902723468336
tdl:abrupt:128:16qam:1082900,tdl,abrupt,128,16qam,ofdm,reset_deep,1,False,0.7994293168885303,0.784471170597176,0.8160553614110991
tdl:abrupt:128:16qam:1082900,tdl,abrupt,128,16qam,ofdm,reuse_radau,101,True,1.156547531999976,1.1753310147084226,1.0368833746566173
tdl:abrupt:128:16qam:1082900,tdl,abrupt,128,16qam,ofdm,reuse_residual,101,True,2.002163796961294,2.058833228133827,2.230229498600053
tdl:abrupt:128:16qam:1082900,tdl,abrupt,128,16qam,otfs,cold_gray,1,False,0.5890335256748678,0.5813409479756091,0.5929380759092311
tdl:abrupt:128:16qam:1082900,tdl,abrupt,128,16qam,otfs,reset_deep,1,False,0.7988034213483584,0.783886604392377,0.8159526257771862
tdl:abrupt:128:16qam:1082900,tdl,abrupt,128,16qam,otfs,reuse_radau,101,True,1.137394987260297,1.161493473894703,1.0350539532469782
tdl:abrupt:128:16qam:1082900,tdl,abrupt,128,16qam,otfs,reuse_residual,101,True,1.9922751994189123,2.0455753932114424,2.230373255854189
tdl:abrupt:128:16qam:1082901,tdl,abrupt,128,16qam,afdm,cold_gray,1,False,0.5787547386490944,0.5584562263437556,0.5388945223525377
tdl:abrupt:128:16qam:1082901,tdl,abrupt,128,16qam,afdm,reset_deep,1,False,0.8054888421621423,0.7700140530188377,0.7519508232301377
tdl:abrupt:128:16qam:1082901,tdl,abrupt,128,16qam,afdm,reuse_radau,101,True,1.0792545466311616,1.0910365153586126,1.0535338770576252
tdl:abrupt:128:16qam:1082901,tdl,abrupt,128,16qam,afdm,reuse_residual,101,True,1.8378754925910918,1.8601491113783366,1.7958992233973428
tdl:abrupt:128:16qam:1082901,tdl,abrupt,128,16qam,ofdm,cold_gray,1,False,0.5770356991828834,0.5588870224446459,0.5396345864327687
tdl:abrupt:128:16qam:1082901,tdl,abrupt,128,16qam,ofdm,reset_deep,1,False,0.8065844817345846,0.7713498549676473,0.7533693907422866
tdl:abrupt:128:16qam:1082901,tdl,abrupt,128,16qam,ofdm,reuse_radau,101,True,1.0795766887617682,1.0913547016332839,1.0521243883764801
tdl:abrupt:128:16qam:1082901,tdl,abrupt,128,16qam,ofdm,reuse_residual,101,True,1.8385290666245009,1.8623368802654978,1.7949759123201308
tdl:abrupt:128:16qam:1082901,tdl,abrupt,128,16qam,otfs,cold_gray,1,False,0.577106977755771,0.5591129673012075,0.5399137586992517
tdl:abrupt:128:16qam:1082901,tdl,abrupt,128,16qam,otfs,reset_deep,1,False,0.8066941855944603,0.7711511154917914,0.7531551626024826
tdl:abrupt:128:16qam:1082901,tdl,abrupt,128,16qam,otfs,reuse_radau,101,True,1.0791652444063087,1.093383183601384,1.0551404012915726
tdl:abrupt:128:16qam:1082901,tdl,abrupt,128,16qam,otfs,reuse_residual,101,True,1.838124242041235,1.855166558412811,1.7888534664291198
tdl:abrupt:128:16qam:1082902,tdl,abrupt,128,16qam,afdm,cold_gray,1,False,0.42807139827335755,0.4329361567733895,0.46816901937893335
tdl:abrupt:128:16qam:1082902,tdl,abrupt,128,16qam,afdm,reset_deep,1,False,0.671801200904746,0.6688284659526642,0.7169128090928059
tdl:abrupt:128:16qam:1082902,tdl,abrupt,128,16qam,afdm,reuse_radau,2,False,0.9370612232984329,0.9649173032430396,0.9724227988150487
tdl:abrupt:128:16qam:1082902,tdl,abrupt,128,16qam,afdm,reuse_residual,101,True,1.4686260193739726,1.536202873357868,1.615478607759172
tdl:abrupt:128:16qam:1082902,tdl,abrupt,128,16qam,ofdm,cold_gray,1,False,0.4278013562643542,0.42998528484699794,0.46372475782942707
tdl:abrupt:128:16qam:1082902,tdl,abrupt,128,16qam,ofdm,reset_deep,1,False,0.6729109675767457,0.669638019214935,0.7155863569847097
tdl:abrupt:128:16qam:1082902,tdl,abrupt,128,16qam,ofdm,reuse_radau,2,False,0.9341988224562892,0.9577450642772766,0.9605403637856326
tdl:abrupt:128:16qam:1082902,tdl,abrupt,128,16qam,ofdm,reuse_residual,101,True,1.4690943699333667,1.5201722317000317,1.5941605071794038
tdl:abrupt:128:16qam:1082902,tdl,abrupt,128,16qam,otfs,cold_gray,1,False,0.42796586132581027,0.43521437341693836,0.4678469565608179
tdl:abrupt:128:16qam:1082902,tdl,abrupt,128,16qam,otfs,reset_deep,1,False,0.6731195043241609,0.6731710965462802,0.7176437059920519
tdl:abrupt:128:16qam:1082902,tdl,abrupt,128,16qam,otfs,reuse_radau,2,False,0.9339356587593992,0.9697579973006385,0.9685941858360532
tdl:abrupt:128:16qam:1082902,tdl,abrupt,128,16qam,otfs,reuse_residual,101,True,1.4687824053693892,1.5395712007539624,1.609091387648548
tdl:abrupt:128:qpsk:1082800,tdl,abrupt,128,qpsk,afdm,cold_gray,1,False,0.3959898018769311,0.38414211520916475,0.4109395418599643
tdl:abrupt:128:qpsk:1082800,tdl,abrupt,128,qpsk,afdm,reset_deep,1,False,0.7366655463038743,0.7132580393086628,0.7350180852963655
tdl:abrupt:128:qpsk:1082800,tdl,abrupt,128,qpsk,afdm,reuse_radau,1,False,0.9086493087751635,0.9115619344118019,0.9435223948184817
tdl:abrupt:128:qpsk:1082800,tdl,abrupt,128,qpsk,afdm,reuse_residual,101,True,1.921754248786178,1.9633335663790403,2.046905800984775
tdl:abrupt:128:qpsk:1082800,tdl,abrupt,128,qpsk,ofdm,cold_gray,1,False,0.39616558965298226,0.38425992023459316,0.41086484173217525
tdl:abrupt:128:qpsk:1082800,tdl,abrupt,128,qpsk,ofdm,reset_deep,1,False,0.7374960973273286,0.7141957360750737,0.7359220618559523
tdl:abrupt:128:qpsk:1082800,tdl,abrupt,128,qpsk,ofdm,reuse_radau,1,False,0.9087873057629737,0.9109119217086974,0.9414242135596486
tdl:abrupt:128:qpsk:1082800,tdl,abrupt,128,qpsk,ofdm,reuse_residual,101,True,1.922475842592535,1.9641565262452971,2.04532874164883
tdl:abrupt:128:qpsk:1082800,tdl,abrupt,128,qpsk,otfs,cold_gray,1,False,0.39627971054116606,0.3862618585409714,0.4122782489632833
tdl:abrupt:128:qpsk:1082800,tdl,abrupt,128,qpsk,otfs,reset_deep,1,False,0.737624565493423,0.7153318484513085,0.7364800643266458
tdl:abrupt:128:qpsk:1082800,tdl,abrupt,128,qpsk,otfs,reuse_radau,1,False,0.9086074986967612,0.9151858206669787,0.944862641555112
tdl:abrupt:128:qpsk:1082800,tdl,abrupt,128,qpsk,otfs,reuse_residual,101,True,1.9219999423371252,1.9732347379927495,2.0537498330759245
tdl:abrupt:128:qpsk:1082801,tdl,abrupt,128,qpsk,afdm,cold_gray,1,False,0.5060781378887655,0.48951056315064695,0.49304727790978475
tdl:abrupt:128:qpsk:1082801,tdl,abrupt,128,qpsk,afdm,reset_deep,1,False,0.8115352360173494,0.7876476123266622,0.7972197076432217
tdl:abrupt:128:qpsk:1082801,tdl,abrupt,128,qpsk,afdm,reuse_radau,1,False,0.9525045903990046,0.9635023055386298,0.9394735966636262
tdl:abrupt:128:qpsk:1082801,tdl,abrupt,128,qpsk,afdm,reuse_residual,101,True,2.003420886887465,1.9952742387903277,2.1053093937323344
tdl:abrupt:128:qpsk:1082801,tdl,abrupt,128,qpsk,ofdm,cold_gray,1,False,0.5121612997075327,0.4893854913628298,0.4917569692601508
tdl:abrupt:128:qpsk:1082801,tdl,abrupt,128,qpsk,ofdm,reset_deep,1,False,0.8146102587052825,0.7894863976079668,0.7982582713717125
tdl:abrupt:128:qpsk:1082801,tdl,abrupt,128,qpsk,ofdm,reuse_radau,1,False,0.956667687342833,0.9585399057419818,0.9331402613955911
tdl:abrupt:128:qpsk:1082801,tdl,abrupt,128,qpsk,ofdm,reuse_residual,101,True,2.001765835896423,1.9891029861018583,2.0861125413148685
tdl:abrupt:128:qpsk:1082801,tdl,abrupt,128,qpsk,otfs,cold_gray,1,False,0.5147358781338904,0.49008850584709385,0.49436090132438393
tdl:abrupt:128:qpsk:1082801,tdl,abrupt,128,qpsk,otfs,reset_deep,1,False,0.8146953908193127,0.7890644560482923,0.7985623108346008
tdl:abrupt:128:qpsk:1082801,tdl,abrupt,128,qpsk,otfs,reuse_radau,1,False,0.968633406515434,0.9633394871176892,0.9410382904032575
tdl:abrupt:128:qpsk:1082801,tdl,abrupt,128,qpsk,otfs,reuse_residual,101,True,2.0406320957817585,1.9960154787519182,2.1054269156566052
tdl:abrupt:128:qpsk:1082802,tdl,abrupt,128,qpsk,afdm,cold_gray,1,False,0.5567600791865374,0.5350132788456335,0.5142867347639087
tdl:abrupt:128:qpsk:1082802,tdl,abrupt,128,qpsk,afdm,reset_deep,1,False,0.870231736173767,0.8379294530607959,0.8181475437974284
tdl:abrupt:128:qpsk:1082802,tdl,abrupt,128,qpsk,afdm,reuse_radau,1,False,0.8266992038781402,0.871665989258395,0.9096141828306297
tdl:abrupt:128:qpsk:1082802,tdl,abrupt,128,qpsk,afdm,reuse_residual,101,True,2.908331262196924,2.7598602056597406,2.597813571041225
tdl:abrupt:128:qpsk:1082802,tdl,abrupt,128,qpsk,ofdm,cold_gray,1,False,0.5544436140690732,0.5332052029425537,0.5121389995853336
tdl:abrupt:128:qpsk:1082802,tdl,abrupt,128,qpsk,ofdm,reset_deep,1,False,0.8695804436259597,0.8382572450670744,0.8184438253283445
tdl:abrupt:128:qpsk:1082802,tdl,abrupt,128,qpsk,ofdm,reuse_radau,1,False,0.8331113009008,0.8699192002178863,0.905857067713809
tdl:abrupt:128:qpsk:1082802,tdl,abrupt,128,qpsk,ofdm,reuse_residual,101,True,2.7606736920126287,2.7005572261124,2.5472086596416084
tdl:abrupt:128:qpsk:1082802,tdl,abrupt,128,qpsk,otfs,cold_gray,1,False,0.5559216851714561,0.5351527246914691,0.5143956073493223
tdl:abrupt:128:qpsk:1082802,tdl,abrupt,128,qpsk,otfs,reset_deep,1,False,0.8696375263126572,0.8386203737754178,0.8189215756400849
tdl:abrupt:128:qpsk:1082802,tdl,abrupt,128,qpsk,otfs,reuse_radau,1,False,0.819316453540368,0.8693385220509153,0.9079605310602598
tdl:abrupt:128:qpsk:1082802,tdl,abrupt,128,qpsk,otfs,reuse_residual,101,True,2.846980728177105,2.7713724232214663,2.5986137798807736
tdl:abrupt:256:16qam:1083100,tdl,abrupt,256,16qam,afdm,cold_gray,1,False,0.4013892128823248,0.42562781609429323,0.4562511373732816
tdl:abrupt:256:16qam:1083100,tdl,abrupt,256,16qam,afdm,reset_deep,1,False,0.741704237516468,0.7552510284472422,0.7900523773927745
tdl:abrupt:256:16qam:1083100,tdl,abrupt,256,16qam,afdm,reuse_radau,1,False,0.8983306689018782,0.8625530805235766,0.8247074061102081
tdl:abrupt:256:16qam:1083100,tdl,abrupt,256,16qam,afdm,reuse_residual,101,True,1.8977304716513994,2.3204916214319455,2.6779879011458707
tdl:abrupt:256:16qam:1083100,tdl,abrupt,256,16qam,ofdm,cold_gray,1,False,0.3841691038690202,0.40507657571189204,0.4341555592639676
tdl:abrupt:256:16qam:1083100,tdl,abrupt,256,16qam,ofdm,reset_deep,1,False,0.7335435754047698,0.7464122214298953,0.7822234703833971
tdl:abrupt:256:16qam:1083100,tdl,abrupt,256,16qam,ofdm,reuse_radau,1,False,0.8540536431411287,0.8167666809602414,0.7832469335448269
tdl:abrupt:256:16qam:1083100,tdl,abrupt,256,16qam,ofdm,reuse_residual,101,True,1.8195822738080034,2.2104390369143356,2.5504250420796017
tdl:abrupt:256:16qam:1083100,tdl,abrupt,256,16qam,otfs,cold_gray,1,False,0.4022256307382178,0.42614310853731463,0.45601306296430905
tdl:abrupt:256:16qam:1083100,tdl,abrupt,256,16qam,otfs,reset_deep,1,False,0.7425041652722854,0.7560461453447351,0.7905035449721218
tdl:abrupt:256:16qam:1083100,tdl,abrupt,256,16qam,otfs,reuse_radau,1,False,0.8982637504057365,0.8615711259589585,0.8228022526006266
tdl:abrupt:256:16qam:1083100,tdl,abrupt,256,16qam,otfs,reuse_residual,101,True,1.8979505939156398,2.326947864385666,2.6788075395390525
tdl:abrupt:256:16qam:1083101,tdl,abrupt,256,16qam,afdm,cold_gray,1,False,0.3365880581332995,0.333047051616841,0.379136573944406
tdl:abrupt:256:16qam:1083101,tdl,abrupt,256,16qam,afdm,reset_deep,1,False,0.6666334904250198,0.6457318940934093,0.6898448801906183
tdl:abrupt:256:16qam:1083101,tdl,abrupt,256,16qam,afdm,reuse_radau,101,True,1.0253174048899893,1.0532394936693645,1.0737057541139305
tdl:abrupt:256:16qam:1083101,tdl,abrupt,256,16qam,afdm,reuse_residual,101,True,1.4007762573636486,1.4686864034237068,1.6400779470799052
tdl:abrupt:256:16qam:1083101,tdl,abrupt,256,16qam,ofdm,cold_gray,1,False,0.3372911947604404,0.32771593907319374,0.364970507962984
tdl:abrupt:256:16qam:1083101,tdl,abrupt,256,16qam,ofdm,reset_deep,1,False,0.6673820449226758,0.6425955599341109,0.6822564525412119
tdl:abrupt:256:16qam:1083101,tdl,abrupt,256,16qam,ofdm,reuse_radau,101,True,1.0255722067896111,1.0356413709351353,1.0348079212879662
tdl:abrupt:256:16qam:1083101,tdl,abrupt,256,16qam,ofdm,reuse_residual,101,True,1.4010574412405288,1.4438308261324764,1.5755206291961286
tdl:abrupt:256:16qam:1083101,tdl,abrupt,256,16qam,otfs,cold_gray,1,False,0.3367795216136481,0.3333889374985035,0.3765471013989904
tdl:abrupt:256:16qam:1083101,tdl,abrupt,256,16qam,otfs,reset_deep,1,False,0.667552539417906,0.6467232006764607,0.6890522559755502
tdl:abrupt:256:16qam:1083101,tdl,abrupt,256,16qam,otfs,reuse_radau,101,True,1.025215680968685,1.0538347291535701,1.0662376742246078
tdl:abrupt:256:16qam:1083101,tdl,abrupt,256,16qam,otfs,reuse_residual,101,True,1.4008772149281459,1.4686913046398262,1.6240105244369858
tdl:abrupt:256:16qam:1083102,tdl,abrupt,256,16qam,afdm,cold_gray,1,False,0.40257809454938415,0.3898322020342588,0.4386416712109185
tdl:abrupt:256:16qam:1083102,tdl,abrupt,256,16qam,afdm,reset_deep,1,False,0.7101119598991952,0.6866227958465235,0.7457164559312278
tdl:abrupt:256:16qam:1083102,tdl,abrupt,256,16qam,afdm,reuse_radau,101,True,1.1577289909191102,1.1626880788229743,1.0018977537220706
tdl:abrupt:256:16qam:1083102,tdl,abrupt,256,16qam,afdm,reuse_residual,101,True,1.6574881446844965,1.694764165988456,1.99735637958287
tdl:abrupt:256:16qam:1083102,tdl,abrupt,256,16qam,ofdm,cold_gray,1,False,0.40115656394282484,0.3902054277813665,0.4369496000965031
tdl:abrupt:256:16qam:1083102,tdl,abrupt,256,16qam,ofdm,reset_deep,1,False,0.7104008003075807,0.6873945676365868,0.7461283938483095
tdl:abrupt:256:16qam:1083102,tdl,abrupt,256,16qam,ofdm,reuse_radau,73,False,1.1590352405366988,1.1630981687658404,0.9931622934394209
tdl:abrupt:256:16qam:1083102,tdl,abrupt,256,16qam,ofdm,reuse_residual,101,True,1.654515731633728,1.6950660892490135,1.9913605870617004
tdl:abrupt:256:16qam:1083102,tdl,abrupt,256,16qam,otfs,cold_gray,1,False,0.4023313986852315,0.3906070575026567,0.4388684732500926
tdl:abrupt:256:16qam:1083102,tdl,abrupt,256,16qam,otfs,reset_deep,1,False,0.7105515849030544,0.6877364405241596,0.7466126190270179
tdl:abrupt:256:16qam:1083102,tdl,abrupt,256,16qam,otfs,reuse_radau,74,False,1.1525866411549874,1.1611972172545386,0.9990941911335907
tdl:abrupt:256:16qam:1083102,tdl,abrupt,256,16qam,otfs,reuse_residual,101,True,1.6542953559607618,1.6974364867855198,2.0037565807040543
tdl:abrupt:256:qpsk:1083000,tdl,abrupt,256,qpsk,afdm,cold_gray,1,False,0.4065192446969559,0.39437596297535643,0.4032185268959005
tdl:abrupt:256:qpsk:1083000,tdl,abrupt,256,qpsk,afdm,reset_deep,1,False,0.7200647959113946,0.6975941838049864,0.7137587015120789
tdl:abrupt:256:qpsk:1083000,tdl,abrupt,256,qpsk,afdm,reuse_radau,101,True,1.08367453187666,1.0723035476883795,1.0268313904803872
tdl:abrupt:256:qpsk:1083000,tdl,abrupt,256,qpsk,afdm,reuse_residual,101,True,1.7758806521638926,1.8223901975198165,1.8694808711517306
tdl:abrupt:256:qpsk:1083000,tdl,abrupt,256,qpsk,ofdm,cold_gray,1,False,0.40514738973892556,0.3939915956549663,0.40030522210142755
tdl:abrupt:256:qpsk:1083000,tdl,abrupt,256,qpsk,ofdm,reset_deep,1,False,0.720378927939833,0.69802961956223,0.7129698788977672
tdl:abrupt:256:qpsk:1083000,tdl,abrupt,256,qpsk,ofdm,reuse_radau,101,True,1.0719827613390902,1.0663994356589188,1.0158683047160728
tdl:abrupt:256:qpsk:1083000,tdl,abrupt,256,qpsk,ofdm,reuse_residual,101,True,1.772786825456568,1.8239345436674965,1.855456397776872
tdl:abrupt:256:qpsk:1083000,tdl,abrupt,256,qpsk,otfs,cold_gray,1,False,0.4068140665779821,0.3944134674633708,0.4033432908085872
tdl:abrupt:256:qpsk:1083000,tdl,abrupt,256,qpsk,otfs,reset_deep,1,False,0.7209381667200849,0.6984516762030228,0.714653709114245
tdl:abrupt:256:qpsk:1083000,tdl,abrupt,256,qpsk,otfs,reuse_radau,101,True,1.076143467255233,1.069760081379537,1.025913063511956
tdl:abrupt:256:qpsk:1083000,tdl,abrupt,256,qpsk,otfs,reuse_residual,101,True,1.776088412365434,1.8258271304642422,1.8718425404745624
tdl:abrupt:256:qpsk:1083001,tdl,abrupt,256,qpsk,afdm,cold_gray,1,False,0.48564926292781435,0.4605718011195065,0.5052960989456885
tdl:abrupt:256:qpsk:1083001,tdl,abrupt,256,qpsk,afdm,reset_deep,1,False,0.799387463302456,0.7772242780615801,0.8272682830045175
tdl:abrupt:256:qpsk:1083001,tdl,abrupt,256,qpsk,afdm,reuse_radau,1,False,0.9228930054901328,0.8946627079727797,0.8256219787470683
tdl:abrupt:256:qpsk:1083001,tdl,abrupt,256,qpsk,afdm,reuse_residual,101,True,2.069981767527454,2.1799813968437216,2.8996043951856154
tdl:abrupt:256:qpsk:1083001,tdl,abrupt,256,qpsk,ofdm,cold_gray,1,False,0.4757178179891757,0.45822804114951105,0.5014317732352609
tdl:abrupt:256:qpsk:1083001,tdl,abrupt,256,qpsk,ofdm,reset_deep,1,False,0.797224383166306,0.7773180351614783,0.8263875141178193
tdl:abrupt:256:qpsk:1083001,tdl,abrupt,256,qpsk,ofdm,reuse_radau,1,False,0.8973937150198414,0.8836837908252551,0.8148849214868756
tdl:abrupt:256:qpsk:1083001,tdl,abrupt,256,qpsk,ofdm,reuse_residual,101,True,2.0295999828992315,2.162669615288164,2.844689998974805
tdl:abrupt:256:qpsk:1083001,tdl,abrupt,256,qpsk,otfs,cold_gray,1,False,0.4852599008990399,0.4610062531380154,0.5066201368679897
tdl:abrupt:256:qpsk:1083001,tdl,abrupt,256,qpsk,otfs,reset_deep,1,False,0.800085540169913,0.7779998333683478,0.8281102062854225
tdl:abrupt:256:qpsk:1083001,tdl,abrupt,256,qpsk,otfs,reuse_radau,1,False,0.9205731292731324,0.8905518206852316,0.8283878740856343
tdl:abrupt:256:qpsk:1083001,tdl,abrupt,256,qpsk,otfs,reuse_residual,101,True,2.0589661987101824,2.1656396086017136,2.8787576796954992
tdl:abrupt:256:qpsk:1083002,tdl,abrupt,256,qpsk,afdm,cold_gray,1,False,0.46809109704584684,0.4393834285837841,0.4525467563399434
tdl:abrupt:256:qpsk:1083002,tdl,abrupt,256,qpsk,afdm,reset_deep,1,False,0.7741303383034942,0.741865874440059,0.7797974699557231
tdl:abrupt:256:qpsk:1083002,tdl,abrupt,256,qpsk,afdm,reuse_radau,56,False,1.0065850869197193,1.008464860257739,0.862982759261506
tdl:abrupt:256:qpsk:1083002,tdl,abrupt,256,qpsk,afdm,reuse_residual,101,True,1.8412001923299663,1.849742841144192,2.0541712306134867
tdl:abrupt:256:qpsk:1083002,tdl,abrupt,256,qpsk,ofdm,cold_gray,1,False,0.4658564788730932,0.42913270806696174,0.44614822311776536
tdl:abrupt:256:qpsk:1083002,tdl,abrupt,256,qpsk,ofdm,reset_deep,1,False,0.774781431320744,0.7383598407144707,0.7783659580563977
tdl:abrupt:256:qpsk:1083002,tdl,abrupt,256,qpsk,ofdm,reuse_radau,14,False,1.0006313858533928,0.9840965340186673,0.8542004255351032
tdl:abrupt:256:qpsk:1083002,tdl,abrupt,256,qpsk,ofdm,reuse_residual,101,True,1.8312016737699484,1.8085868932729876,2.032898012149722
tdl:abrupt:256:qpsk:1083002,tdl,abrupt,256,qpsk,otfs,cold_gray,1,False,0.4659173765194601,0.43647530748777547,0.4533434906114856
tdl:abrupt:256:qpsk:1083002,tdl,abrupt,256,qpsk,otfs,reset_deep,1,False,0.7748896231416841,0.7418664215791234,0.7805787828519538
tdl:abrupt:256:qpsk:1083002,tdl,abrupt,256,qpsk,otfs,reuse_radau,56,False,1.0001487110967384,1.0025754268762739,0.8671630257231462
tdl:abrupt:256:qpsk:1083002,tdl,abrupt,256,qpsk,otfs,reuse_residual,101,True,1.8573041319901902,1.8427215884217147,2.0548303687627425
tdl:high:128:16qam:1082500,tdl,high,128,16qam,afdm,cold_gray,1,False,0.529193178006366,0.5127901447241026,0.5034510859853328
tdl:high:128:16qam:1082500,tdl,high,128,16qam,afdm,reset_deep,1,False,0.768581440710173,0.7461541082556119,0.7387012411900674
tdl:high:128:16qam:1082500,tdl,high,128,16qam,afdm,reuse_radau,101,True,1.121930150026697,1.132224624909902,1.131773512479923
tdl:high:128:16qam:1082500,tdl,high,128,16qam,afdm,reuse_residual,101,True,1.7273424697393343,1.7710298346116342,1.7534194080119243
tdl:high:128:16qam:1082500,tdl,high,128,16qam,ofdm,cold_gray,1,False,0.5183300084147484,0.5098974392802255,0.502528789124984
tdl:high:128:16qam:1082500,tdl,high,128,16qam,ofdm,reset_deep,1,False,0.7659328770631161,0.7465958545310059,0.7396552557412239
tdl:high:128:16qam:1082500,tdl,high,128,16qam,ofdm,reuse_radau,101,True,1.0981645118215626,1.1264872616715842,1.1285747265999921
tdl:high:128:16qam:1082500,tdl,high,128,16qam,ofdm,reuse_residual,101,True,1.6908968942870315,1.7577838538553392,1.7438038346933669
tdl:high:128:16qam:1082500,tdl,high,128,16qam,otfs,cold_gray,1,False,0.5289161049238733,0.5144419363573963,0.5049695350379908
tdl:high:128:16qam:1082500,tdl,high,128,16qam,otfs,reset_deep,1,False,0.7694594543227122,0.7481144435953518,0.7405315415848416
tdl:high:128:16qam:1082500,tdl,high,128,16qam,otfs,reuse_radau,101,True,1.1003742954501423,1.1309371015548795,1.1309957611828954
tdl:high:128:16qam:1082500,tdl,high,128,16qam,otfs,reuse_residual,101,True,1.7146145438452918,1.7735371048614437,1.7506222718945788
tdl:high:128:16qam:1082501,tdl,high,128,16qam,afdm,cold_gray,1,False,0.513970784928522,0.5307081453061269,0.525819824131868
tdl:high:128:16qam:1082501,tdl,high,128,16qam,afdm,reset_deep,1,False,0.7596028145245876,0.7585000008081989,0.7548965161564852
tdl:high:128:16qam:1082501,tdl,high,128,16qam,afdm,reuse_radau,101,True,1.1157037629656004,1.129085103453433,1.1274097992065746
tdl:high:128:16qam:1082501,tdl,high,128,16qam,afdm,reuse_residual,101,True,1.7171931637624531,1.8363994333873412,1.8333894297271143
tdl:high:128:16qam:1082501,tdl,high,128,16qam,ofdm,cold_gray,1,False,0.5037194712133712,0.529730285152618,0.5249609748894796
tdl:high:128:16qam:1082501,tdl,high,128,16qam,ofdm,reset_deep,1,False,0.757825198520638,0.7592414561629481,0.7557125838960976
tdl:high:128:16qam:1082501,tdl,high,128,16qam,ofdm,reuse_radau,101,True,1.0977273150768612,1.1281654190143708,1.1244200689097907
tdl:high:128:16qam:1082501,tdl,high,128,16qam,ofdm,reuse_residual,101,True,1.6812781419538354,1.8313258831495347,1.8270999932534964
tdl:high:128:16qam:1082501,tdl,high,128,16qam,otfs,cold_gray,1,False,0.5146144798409148,0.5311814148605138,0.5262078338630465
tdl:high:128:16qam:1082501,tdl,high,128,16qam,otfs,reset_deep,1,False,0.7610044343427145,0.759651802588104,0.756045748780074
tdl:high:128:16qam:1082501,tdl,high,128,16qam,otfs,reuse_radau,101,True,1.115601932612076,1.1277026184607466,1.1257096057390579
tdl:high:128:16qam:1082501,tdl,high,128,16qam,otfs,reuse_residual,101,True,1.7173918010172877,1.8388314252747708,1.8319797761352903
tdl:high:128:16qam:1082502,tdl,high,128,16qam,afdm,cold_gray,1,False,0.5726455830143728,0.5265442668067988,0.5184464105739294
tdl:high:128:16qam:1082502,tdl,high,128,16qam,afdm,reset_deep,1,False,0.7975601315846528,0.756093398235767,0.7478408008047208
tdl:high:128:16qam:1082502,tdl,high,128,16qam,afdm,reuse_radau,101,True,1.1144983130712256,1.131075110431014,1.1427695169321863
tdl:high:128:16qam:1082502,tdl,high,128,16qam,afdm,reuse_residual,101,True,1.946809138004939,1.8018521729244688,1.7858380367549829
tdl:high:128:16qam:1082502,tdl,high,128,16qam,ofdm,cold_gray,1,False,0.5634446194930124,0.5228706279623123,0.5151674845464094
tdl:high:128:16qam:1082502,tdl,high,128,16qam,ofdm,reset_deep,1,False,0.7959128045370294,0.7559850376067446,0.7478826761842046
tdl:high:128:16qam:1082502,tdl,high,128,16qam,ofdm,reuse_radau,101,True,1.095858635970898,1.125789425124221,1.1369474850291164
tdl:high:128:16qam:1082502,tdl,high,128,16qam,ofdm,reuse_residual,101,True,1.9145303743003919,1.7920642457583968,1.7767218139486354
tdl:high:128:16qam:1082502,tdl,high,128,16qam,otfs,cold_gray,1,False,0.5628001840528846,0.5256676748977767,0.5178505130226619
tdl:high:128:16qam:1082502,tdl,high,128,16qam,otfs,reset_deep,1,False,0.7960332005111437,0.7569177697415861,0.7488426076416224
tdl:high:128:16qam:1082502,tdl,high,128,16qam,otfs,reuse_radau,101,True,1.0926600825390078,1.1279180873259116,1.1396557865928576
tdl:high:128:16qam:1082502,tdl,high,128,16qam,otfs,reuse_residual,101,True,1.9227031042549816,1.799157025028343,1.785562697384224
tdl:high:128:qpsk:1082400,tdl,high,128,qpsk,afdm,cold_gray,1,False,0.5481487271696909,0.53528526683319,0.5089521158427553
tdl:high:128:qpsk:1082400,tdl,high,128,qpsk,afdm,reset_deep,1,False,0.818753135294665,0.7991421200909585,0.7810821689463757
tdl:high:128:qpsk:1082400,tdl,high,128,qpsk,afdm,reuse_radau,101,True,1.0620160285389582,1.0774959387203007,1.0827634299193416
tdl:high:128:qpsk:1082400,tdl,high,128,qpsk,afdm,reuse_residual,101,True,2.260827913445418,2.3671272114725945,2.301497779659198
tdl:high:128:qpsk:1082400,tdl,high,128,qpsk,ofdm,cold_gray,1,False,0.541753123638576,0.5359118688112591,0.5094319062334919
tdl:high:128:qpsk:1082400,tdl,high,128,qpsk,ofdm,reset_deep,1,False,0.8177797309734257,0.8010571578320457,0.7825693923683248
tdl:high:128:qpsk:1082400,tdl,high,128,qpsk,ofdm,reuse_radau,101,True,1.0441581604872991,1.0695308971967556,1.0764441155950606
tdl:high:128:qpsk:1082400,tdl,high,128,qpsk,ofdm,reuse_residual,101,True,2.2485021504497125,2.3704180433252087,2.3038741122524056
tdl:high:128:qpsk:1082400,tdl,high,128,qpsk,otfs,cold_gray,1,False,0.5484891768827856,0.5400704264740166,0.5124279811631695
tdl:high:128:qpsk:1082400,tdl,high,128,qpsk,otfs,reset_deep,1,False,0.8196886496084738,0.8026274313280651,0.7839877655883748
tdl:high:128:qpsk:1082400,tdl,high,128,qpsk,otfs,reuse_radau,101,True,1.0566566622390534,1.0735879175639067,1.079172259012685
tdl:high:128:qpsk:1082400,tdl,high,128,qpsk,otfs,reuse_residual,101,True,2.312498758050995,2.394949594506487,2.328500749477657
tdl:high:128:qpsk:1082401,tdl,high,128,qpsk,afdm,cold_gray,1,False,0.5827815527151032,0.515694847896561,0.5000779895026742
tdl:high:128:qpsk:1082401,tdl,high,128,qpsk,afdm,reset_deep,1,False,0.8384683384007867,0.7878501340708998,0.7760853618980726
tdl:high:128:qpsk:1082401,tdl,high,128,qpsk,afdm,reuse_radau,101,True,1.0530288351814892,1.0722451908346158,1.0756474609182949
tdl:high:128:qpsk:1082401,tdl,high,128,qpsk,afdm,reuse_residual,101,True,2.6046485983382035,2.4130059938945605,2.3201876194368536
tdl:high:128:qpsk:1082401,tdl,high,128,qpsk,ofdm,cold_gray,1,False,0.5812360215639996,0.5169668569165171,0.49828919559125756
tdl:high:128:qpsk:1082401,tdl,high,128,qpsk,ofdm,reset_deep,1,False,0.839064406698023,0.7893586176298973,0.7761375280958853
tdl:high:128:qpsk:1082401,tdl,high,128,qpsk,ofdm,reuse_radau,101,True,1.0531069202701393,1.073532086578948,1.0724865815296347
tdl:high:128:qpsk:1082401,tdl,high,128,qpsk,ofdm,reuse_residual,101,True,2.5716283319799036,2.4260368135259256,2.3065130364746556
tdl:high:128:qpsk:1082401,tdl,high,128,qpsk,otfs,cold_gray,1,False,0.5837210017147773,0.5154869363637601,0.4984876391796074
tdl:high:128:qpsk:1082401,tdl,high,128,qpsk,otfs,reset_deep,1,False,0.8392795386283604,0.7885705586006628,0.7760858477748486
tdl:high:128:qpsk:1082401,tdl,high,128,qpsk,otfs,reuse_radau,101,True,1.0563871213317868,1.0728944413815469,1.0740911199203351
tdl:high:128:qpsk:1082401,tdl,high,128,qpsk,otfs,reuse_residual,101,True,2.649322705329165,2.4202051350831755,2.3105564350842784
tdl:high:128:qpsk:1082402,tdl,high,128,qpsk,afdm,cold_gray,1,False,0.5573653966079072,0.4795787097203134,0.47228046374262506
tdl:high:128:qpsk:1082402,tdl,high,128,qpsk,afdm,reset_deep,1,False,0.8201820350257779,0.7612428720939458,0.7547586354303174
tdl:high:128:qpsk:1082402,tdl,high,128,qpsk,afdm,reuse_radau,101,True,1.0787810517850411,1.0945635743539748,1.0970239322843978
tdl:high:128:qpsk:1082402,tdl,high,128,qpsk,afdm,reuse_residual,101,True,2.8569955419407624,2.251035055223027,2.204331888466152
tdl:high:128:qpsk:1082402,tdl,high,128,qpsk,ofdm,cold_gray,1,False,0.5563692350601157,0.4792370100937049,0.47239292753564766
tdl:high:128:qpsk:1082402,tdl,high,128,qpsk,ofdm,reset_deep,1,False,0.8203062973802576,0.7618571743757713,0.7555625743772966
tdl:high:128:qpsk:1082402,tdl,high,128,qpsk,ofdm,reuse_radau,101,True,1.081959183821919,1.0941040235553192,1.0975837542181408
tdl:high:128:qpsk:1082402,tdl,high,128,qpsk,ofdm,reuse_residual,101,True,2.8203510701193455,2.244551150124958,2.192580238835019
tdl:high:128:qpsk:1082402,tdl,high,128,qpsk,otfs,cold_gray,1,False,0.5569226630228151,0.4797813638410722,0.4723373143533732
tdl:high:128:qpsk:1082402,tdl,high,128,qpsk,otfs,reset_deep,1,False,0.8204334401379318,0.7622201686032517,0.7553318667821193
tdl:high:128:qpsk:1082402,tdl,high,128,qpsk,otfs,reuse_radau,101,True,1.083181325453619,1.0952351668637947,1.098124159058355
tdl:high:128:qpsk:1082402,tdl,high,128,qpsk,otfs,reuse_residual,101,True,2.811368658154219,2.2623857253366406,2.200596013822715
tdl:high:256:16qam:1082700,tdl,high,256,16qam,afdm,cold_gray,1,False,0.4977087083894932,0.5342466737338102,0.5157500392845358
tdl:high:256:16qam:1082700,tdl,high,256,16qam,afdm,reset_deep,1,False,0.7844131822311169,0.7978169814021325,0.7853329517574648
tdl:high:256:16qam:1082700,tdl,high,256,16qam,afdm,reuse_radau,101,True,1.0643827432013302,1.0521515381082776,1.056710828310809
tdl:high:256:16qam:1082700,tdl,high,256,16qam,afdm,reuse_residual,101,True,1.9989633093916879,2.314130099595316,2.3240122672733543
tdl:high:256:16qam:1082700,tdl,high,256,16qam,ofdm,cold_gray,1,False,0.499966464291484,0.534331614229393,0.516199212764274
tdl:high:256:16qam:1082700,tdl,high,256,16qam,ofdm,reset_deep,1,False,0.7864241985413137,0.7982390288895799,0.7861609004737586
tdl:high:256:16qam:1082700,tdl,high,256,16qam,ofdm,reuse_radau,101,True,1.0573165069505752,1.0527430245006568,1.058964793360073
tdl:high:256:16qam:1082700,tdl,high,256,16qam,ofdm,reuse_residual,101,True,2.038754293780537,2.3169836519658746,2.3312602796207105
tdl:high:256:16qam:1082700,tdl,high,256,16qam,otfs,cold_gray,1,False,0.4962997166799914,0.5338413830505899,0.5173016633811858
tdl:high:256:16qam:1082700,tdl,high,256,16qam,otfs,reset_deep,1,False,0.7839554409074382,0.7980502007527674,0.7866794011044127
tdl:high:256:16qam:1082700,tdl,high,256,16qam,otfs,reuse_radau,101,True,1.071532212731501,1.0513686172533672,1.0575845459624986
tdl:high:256:16qam:1082700,tdl,high,256,16qam,otfs,reuse_residual,101,True,2.007702030760867,2.3202343963181074,2.340826064706265
tdl:high:256:16qam:1082701,tdl,high,256,16qam,afdm,cold_gray,1,False,0.4603787239605554,0.5021617232604374,0.49488496120282444
tdl:high:256:16qam:1082701,tdl,high,256,16qam,afdm,reset_deep,1,False,0.7598166370446005,0.7774840305685335,0.77060278582021
tdl:high:256:16qam:1082701,tdl,high,256,16qam,afdm,reuse_radau,101,True,1.0932898897717431,1.0653471863883466,1.0718637500173698
tdl:high:256:16qam:1082701,tdl,high,256,16qam,afdm,reuse_residual,101,True,1.9481022990390497,2.253095929895128,2.258052506203578
tdl:high:256:16qam:1082701,tdl,high,256,16qam,ofdm,cold_gray,1,False,0.4611033156314764,0.5021209127260843,0.4941034957632089
tdl:high:256:16qam:1082701,tdl,high,256,16qam,ofdm,reset_deep,1,False,0.7606735771930625,0.7778693396265439,0.7706815714260294
tdl:high:256:16qam:1082701,tdl,high,256,16qam,ofdm,reuse_radau,101,True,1.0971595241718357,1.0658137019105451,1.0696408185804025
tdl:high:256:16qam:1082701,tdl,high,256,16qam,ofdm,reuse_residual,101,True,1.9448550964309728,2.2461858004800055,2.2414562425504525
tdl:high:256:16qam:1082701,tdl,high,256,16qam,otfs,cold_gray,1,False,0.4624422824291856,0.5012358116353727,0.4939699169637257
tdl:high:256:16qam:1082701,tdl,high,256,16qam,otfs,reset_deep,1,False,0.7608993279251914,0.7772176011137867,0.7704450542977711
tdl:high:256:16qam:1082701,tdl,high,256,16qam,otfs,reuse_radau,101,True,1.1027945887646708,1.0670175452628214,1.0706445048469562
tdl:high:256:16qam:1082701,tdl,high,256,16qam,otfs,reuse_residual,101,True,1.9578391241034039,2.2387097761841037,2.247728965931494
tdl:high:256:16qam:1082702,tdl,high,256,16qam,afdm,cold_gray,1,False,0.5260760196191361,0.5225980931365338,0.513435073882026
tdl:high:256:16qam:1082702,tdl,high,256,16qam,afdm,reset_deep,1,False,0.8050311102266163,0.7914131140300266,0.7837556794758928
tdl:high:256:16qam:1082702,tdl,high,256,16qam,afdm,reuse_radau,101,True,1.0438299676141585,1.0498607803268454,1.0583183866236698
tdl:high:256:16qam:1082702,tdl,high,256,16qam,afdm,reuse_residual,101,True,2.326352561252672,2.341899220753898,2.3336332842523957
tdl:high:256:16qam:1082702,tdl,high,256,16qam,ofdm,cold_gray,1,False,0.5277542758940369,0.5234903724888361,0.5142322927402627
tdl:high:256:16qam:1082702,tdl,high,256,16qam,ofdm,reset_deep,1,False,0.8065374040567108,0.7924610301583305,0.784809991921492
tdl:high:256:16qam:1082702,tdl,high,256,16qam,ofdm,reuse_radau,101,True,1.0506621606499962,1.050282955680408,1.0565959687424034
tdl:high:256:16qam:1082702,tdl,high,256,16qam,ofdm,reuse_residual,101,True,2.334404465105723,2.3498677102362455,2.3364695081994356
tdl:high:256:16qam:1082702,tdl,high,256,16qam,otfs,cold_gray,1,False,0.5282030621833684,0.5252824063094801,0.5148201427913476
tdl:high:256:16qam:1082702,tdl,high,256,16qam,otfs,reset_deep,1,False,0.8068278964521639,0.7936545107495016,0.7852863453545005
tdl:high:256:16qam:1082702,tdl,high,256,16qam,otfs,reuse_radau,101,True,1.0490632563346394,1.0541980692325599,1.058783350243515
tdl:high:256:16qam:1082702,tdl,high,256,16qam,otfs,reuse_residual,101,True,2.3638143778496863,2.3747906413676803,2.3516977593564996
tdl:high:256:qpsk:1082600,tdl,high,256,qpsk,afdm,cold_gray,1,False,0.5569446160036271,0.5570779700629703,0.561629535873189
tdl:high:256:qpsk:1082600,tdl,high,256,qpsk,afdm,reset_deep,1,False,0.8202660353783234,0.8107165878000071,0.812691772552448
tdl:high:256:qpsk:1082600,tdl,high,256,qpsk,afdm,reuse_radau,101,True,1.055402212323998,1.0579224808021495,1.0587888720705438
tdl:high:256:qpsk:1082600,tdl,high,256,qpsk,afdm,reuse_residual,101,True,2.722801191546394,2.720921523685909,2.799616317570073
tdl:high:256:qpsk:1082600,tdl,high,256,qpsk,ofdm,cold_gray,1,False,0.5580188568378506,0.5561917278710946,0.5613436894193123
tdl:high:256:qpsk:1082600,tdl,high,256,qpsk,ofdm,reset_deep,1,False,0.8219029282216959,0.8108205663655428,0.8132970599808319
tdl:high:256:qpsk:1082600,tdl,high,256,qpsk,ofdm,reuse_radau,101,True,1.0568535700520647,1.0656236110165576,1.0602701920658562
tdl:high:256:qpsk:1082600,tdl,high,256,qpsk,ofdm,reuse_residual,101,True,2.7613679084257163,2.7178770133683936,2.8083204331464144
tdl:high:256:qpsk:1082600,tdl,high,256,qpsk,otfs,cold_gray,1,False,0.5626644032835642,0.5578681579815525,0.5618147196574965
tdl:high:256:qpsk:1082600,tdl,high,256,qpsk,otfs,reset_deep,1,False,0.82344058889076,0.8116154370882125,0.8131876356396213
tdl:high:256:qpsk:1082600,tdl,high,256,qpsk,otfs,reuse_radau,101,True,1.0634150132552087,1.0651275155594522,1.061241560988919
tdl:high:256:qpsk:1082600,tdl,high,256,qpsk,otfs,reuse_residual,101,True,2.7795658960601783,2.7503245001819945,2.817265194299323
tdl:high:256:qpsk:1082601,tdl,high,256,qpsk,afdm,cold_gray,1,False,0.5100408164053777,0.5463775284026281,0.5470884455764002
tdl:high:256:qpsk:1082601,tdl,high,256,qpsk,afdm,reset_deep,1,False,0.794307479889361,0.8050109204336517,0.804033091586874
tdl:high:256:qpsk:1082601,tdl,high,256,qpsk,afdm,reuse_radau,101,True,1.0551045221128836,1.0620247906693128,1.0626308290610185
tdl:high:256:qpsk:1082601,tdl,high,256,qpsk,afdm,reuse_residual,101,True,2.5720311213573264,2.7555108468058753,2.7731689875166925
tdl:high:256:qpsk:1082601,tdl,high,256,qpsk,ofdm,cold_gray,1,False,0.5095420895997593,0.5459492781407291,0.5474347862586463
tdl:high:256:qpsk:1082601,tdl,high,256,qpsk,ofdm,reset_deep,1,False,0.7944725789503124,0.8054749057210719,0.8048721395261481
tdl:high:256:qpsk:1082601,tdl,high,256,qpsk,ofdm,reuse_radau,101,True,1.0587483380812297,1.0577996522488955,1.0598853658757805
tdl:high:256:qpsk:1082601,tdl,high,256,qpsk,ofdm,reuse_residual,101,True,2.566064513768554,2.7447553797403987,2.763436569329842
tdl:high:256:qpsk:1082601,tdl,high,256,qpsk,otfs,cold_gray,1,False,0.5103931609361756,0.549006909033526,0.5486040153680248
tdl:high:256:qpsk:1082601,tdl,high,256,qpsk,otfs,reset_deep,1,False,0.7950460264323422,0.806960324651413,0.8053715763248528
tdl:high:256:qpsk:1082601,tdl,high,256,qpsk,otfs,reuse_radau,101,True,1.0506842341040443,1.061174450818316,1.0595407082452724
tdl:high:256:qpsk:1082601,tdl,high,256,qpsk,otfs,reuse_residual,101,True,2.563781881711089,2.7795165746096315,2.780794873819066
tdl:high:256:qpsk:1082602,tdl,high,256,qpsk,afdm,cold_gray,1,False,0.6030513960696955,0.5513570784897553,0.578365961725973
tdl:high:256:qpsk:1082602,tdl,high,256,qpsk,afdm,reset_deep,1,False,0.8451844451562215,0.8073075279644019,0.8223159599419902
tdl:high:256:qpsk:1082602,tdl,high,256,qpsk,afdm,reuse_radau,101,True,1.0636356780843166,1.0681884457296282,1.057569662177974
tdl:high:256:qpsk:1082602,tdl,high,256,qpsk,afdm,reuse_residual,101,True,3.063514491175541,2.820105804814659,3.012405742496611
tdl:high:256:qpsk:1082602,tdl,high,256,qpsk,ofdm,cold_gray,1,False,0.6019538667808556,0.5489615283325033,0.5754300028257207
tdl:high:256:qpsk:1082602,tdl,high,256,qpsk,ofdm,reset_deep,1,False,0.844982195747651,0.8074135221932476,0.8217610204289989
tdl:high:256:qpsk:1082602,tdl,high,256,qpsk,ofdm,reuse_radau,101,True,1.0516899841313712,1.0575531056664655,1.0539833099388827
tdl:high:256:qpsk:1082602,tdl,high,256,qpsk,ofdm,reuse_residual,101,True,3.021252032688928,2.8155122467245053,2.9806519321243417
tdl:high:256:qpsk:1082602,tdl,high,256,qpsk,otfs,cold_gray,1,False,0.6033216876712933,0.5496247490894893,0.5757004141574312
tdl:high:256:qpsk:1082602,tdl,high,256,qpsk,otfs,reset_deep,1,False,0.8457289189532832,0.8076351233792403,0.8218716729101806
tdl:high:256:qpsk:1082602,tdl,high,256,qpsk,otfs,reuse_radau,101,True,1.053512994455064,1.0620839984713977,1.0550770422857376
tdl:high:256:qpsk:1082602,tdl,high,256,qpsk,otfs,reuse_residual,101,True,3.090932250277245,2.8153668702712755,2.985229689827075
tdl:moderate:128:16qam:1082100,tdl,moderate,128,16qam,afdm,cold_gray,1,False,0.48707044717738907,0.47115597185975844,0.4677097974927612
tdl:moderate:128:16qam:1082100,tdl,moderate,128,16qam,afdm,reset_deep,1,False,0.7493255520787927,0.7250711333086096,0.7209145725173316
tdl:moderate:128:16qam:1082100,tdl,moderate,128,16qam,afdm,reuse_radau,101,True,1.0700066459322481,1.0803588942711913,1.0795071690111584
tdl:moderate:128:16qam:1082100,tdl,moderate,128,16qam,afdm,reuse_residual,101,True,1.5849728790798374,1.6020346600248911,1.5955347692794861
tdl:moderate:128:16qam:1082100,tdl,moderate,128,16qam,ofdm,cold_gray,1,False,0.4868100022685166,0.47097376153084164,0.4678264369763548
tdl:moderate:128:16qam:1082100,tdl,moderate,128,16qam,ofdm,reset_deep,1,False,0.7506062228816538,0.7265979118355658,0.7223974176283104
tdl:moderate:128:16qam:1082100,tdl,moderate,128,16qam,ofdm,reuse_radau,101,True,1.0668245963099923,1.0714857938813283,1.073616035246365
tdl:moderate:128:16qam:1082100,tdl,moderate,128,16qam,ofdm,reuse_residual,101,True,1.585539933022945,1.6034504472094024,1.5964145550654618
tdl:moderate:128:16qam:1082100,tdl,moderate,128,16qam,otfs,cold_gray,1,False,0.48694845348688043,0.4708817514663623,0.4687410274813828
tdl:moderate:128:16qam:1082100,tdl,moderate,128,16qam,otfs,reset_deep,1,False,0.7507651550625373,0.726772174137548,0.7229815748252456
tdl:moderate:128:16qam:1082100,tdl,moderate,128,16qam,otfs,reuse_radau,101,True,1.0664105462740876,1.074257401604922,1.0789076454906026
tdl:moderate:128:16qam:1082100,tdl,moderate,128,16qam,otfs,reuse_residual,101,True,1.585136785622027,1.602996390553284,1.59920537736307
tdl:moderate:128:16qam:1082101,tdl,moderate,128,16qam,afdm,cold_gray,1,False,0.494296424227112,0.4707269530062579,0.4674233426488317
tdl:moderate:128:16qam:1082101,tdl,moderate,128,16qam,afdm,reset_deep,1,False,0.753464148621701,0.7251981397531493,0.7210288191152238
tdl:moderate:128:16qam:1082101,tdl,moderate,128,16qam,afdm,reuse_radau,101,True,1.0763463763555696,1.074977710261995,1.0783204256587455
tdl:moderate:128:16qam:1082101,tdl,moderate,128,16qam,afdm,reuse_residual,101,True,1.6364115083721238,1.655625488944898,1.643024078625119
tdl:moderate:128:16qam:1082101,tdl,moderate,128,16qam,ofdm,cold_gray,1,False,0.4947697580501628,0.47099625331752826,0.46791216619188125
tdl:moderate:128:16qam:1082101,tdl,moderate,128,16qam,ofdm,reset_deep,1,False,0.7547327970323722,0.7265979118355658,0.7224547669896203
tdl:moderate:128:16qam:1082101,tdl,moderate,128,16qam,ofdm,reuse_radau,101,True,1.076659598140349,1.0738287307595145,1.0759289239468748
tdl:moderate:128:16qam:1082101,tdl,moderate,128,16qam,ofdm,reuse_residual,101,True,1.621079750979752,1.657831147780277,1.6365512756003875
tdl:moderate:128:16qam:1082101,tdl,moderate,128,16qam,otfs,cold_gray,1,False,0.49490965642928486,0.47082643140612945,0.46785475135044563
tdl:moderate:128:16qam:1082101,tdl,moderate,128,16qam,otfs,reset_deep,1,False,0.754889033188715,0.726772174137548,0.7226627286116318
tdl:moderate:128:16qam:1082101,tdl,moderate,128,16qam,otfs,reuse_radau,101,True,1.0762535283672494,1.0717609953969554,1.0764458401952928
tdl:moderate:128:16qam:1082101,tdl,moderate,128,16qam,otfs,reuse_residual,101,True,1.6206594649938149,1.6555439922039192,1.6414906418359874
tdl:moderate:128:16qam:1082102,tdl,moderate,128,16qam,afdm,cold_gray,1,False,0.5905331941935027,0.5772365679090594,0.5725491354791322
tdl:moderate:128:16qam:1082102,tdl,moderate,128,16qam,afdm,reset_deep,1,False,0.7986791708623029,0.7782507133076256,0.7751497777505452
tdl:moderate:128:16qam:1082102,tdl,moderate,128,16qam,afdm,reuse_radau,101,True,1.1758416331247017,1.19630982660312,1.1873621138390122
tdl:moderate:128:16qam:1082102,tdl,moderate,128,16qam,afdm,reuse_residual,101,True,1.8753061720504773,1.9125118714664522,1.9439845802465134
tdl:moderate:128:16qam:1082102,tdl,moderate,128,16qam,ofdm,cold_gray,1,False,0.5922226228856154,0.5790879577046122,0.5731055060804046
tdl:moderate:128:16qam:1082102,tdl,moderate,128,16qam,ofdm,reset_deep,1,False,0.8005361541609007,0.7799728862248632,0.7765618719218061
tdl:moderate:128:16qam:1082102,tdl,moderate,128,16qam,ofdm,reuse_radau,101,True,1.1752358884241905,1.195963178523266,1.184970521066848
tdl:moderate:128:16qam:1082102,tdl,moderate,128,16qam,ofdm,reuse_residual,101,True,1.8684681324172683,1.9114898527000463,1.9399701681749502
tdl:moderate:128:16qam:1082102,tdl,moderate,128,16qam,otfs,cold_gray,1,False,0.5938442793688966,0.5786395302845941,0.573323674490165
tdl:moderate:128:16qam:1082102,tdl,moderate,128,16qam,otfs,reset_deep,1,False,0.7999171581536808,0.7796929687276456,0.7765276149379486
tdl:moderate:128:16qam:1082102,tdl,moderate,128,16qam,otfs,reuse_radau,101,True,1.1860959501338104,1.1961122361916992,1.1850908173566272
tdl:moderate:128:16qam:1082102,tdl,moderate,128,16qam,otfs,reuse_residual,101,True,1.8755712360343524,1.9098932521058791,1.9457375927255351
tdl:moderate:128:qpsk:1082000,tdl,moderate,128,qpsk,afdm,cold_gray,1,False,0.43572077484850663,0.42349660846393555,0.4171671561824821
tdl:moderate:128:qpsk:1082000,tdl,moderate,128,qpsk,afdm,reset_deep,1,False,0.7366655463038743,0.7131795211308013,0.7102924466716217
tdl:moderate:128:qpsk:1082000,tdl,moderate,128,qpsk,afdm,reuse_radau,101,True,1.1412286526696134,1.1665717968428932,1.130593458920822
tdl:moderate:128:qpsk:1082000,tdl,moderate,128,qpsk,afdm,reuse_residual,101,True,1.921754248786178,2.042901725614059,2.0321029867818248
tdl:moderate:128:qpsk:1082000,tdl,moderate,128,qpsk,ofdm,cold_gray,1,False,0.43594278555087784,0.4237708567533812,0.4173400318142685
tdl:moderate:128:qpsk:1082000,tdl,moderate,128,qpsk,ofdm,reset_deep,1,False,0.7374960973273286,0.7140840160366572,0.7112061119583174
tdl:moderate:128:qpsk:1082000,tdl,moderate,128,qpsk,ofdm,reuse_radau,101,True,1.1415173642172587,1.166837805251159,1.1308600970887912
tdl:moderate:128:qpsk:1082000,tdl,moderate,128,qpsk,ofdm,reuse_residual,101,True,1.922475842592535,2.045089588004177,2.033429994489471
tdl:moderate:128:qpsk:1082000,tdl,moderate,128,qpsk,otfs,cold_gray,1,False,0.43607595082787814,0.423913655103979,0.4174765773747816
tdl:moderate:128:qpsk:1082000,tdl,moderate,128,qpsk,otfs,reset_deep,1,False,0.737624565493423,0.7142239803252373,0.7113474656895029
tdl:moderate:128:qpsk:1082000,tdl,moderate,128,qpsk,otfs,reuse_radau,101,True,1.1411838515678538,1.1665089458355247,1.1305195328105841
tdl:moderate:128:qpsk:1082000,tdl,moderate,128,qpsk,otfs,reuse_residual,101,True,1.9219999423371252,2.047668658559549,2.0343961584114663
tdl:moderate:128:qpsk:1082001,tdl,moderate,128,qpsk,afdm,cold_gray,1,False,0.4337562865089126,0.423788714821434,0.47184610307061325
tdl:moderate:128:qpsk:1082001,tdl,moderate,128,qpsk,afdm,reset_deep,1,False,0.7451709977987421,0.7330092447674167,0.7809647893190108
tdl:moderate:128:qpsk:1082001,tdl,moderate,128,qpsk,afdm,reuse_radau,52,False,1.0610689480481645,1.0019209788441052,0.9432951743991363
tdl:moderate:128:qpsk:1082001,tdl,moderate,128,qpsk,afdm,reuse_residual,101,True,1.6781351890932923,1.91246475570391,2.4982796901728395
tdl:moderate:128:qpsk:1082001,tdl,moderate,128,qpsk,ofdm,cold_gray,1,False,0.4339750803320132,0.423859890147152,0.47085724693568615
tdl:moderate:128:qpsk:1082001,tdl,moderate,128,qpsk,ofdm,reset_deep,1,False,0.7459872539895254,0.7338793446678393,0.781446888796332
tdl:moderate:128:qpsk:1082001,tdl,moderate,128,qpsk,ofdm,reuse_radau,51,False,1.0613241463260243,1.0000092990736829,0.9395658260527385
tdl:moderate:128:qpsk:1082001,tdl,moderate,128,qpsk,ofdm,reuse_residual,101,True,1.6685458395036028,1.909029903868414,2.493727206443376
tdl:moderate:128:qpsk:1082001,tdl,moderate,128,qpsk,otfs,cold_gray,1,False,0.4344256691065683,0.42381467753419305,0.47234814719060053
tdl:moderate:128:qpsk:1082001,tdl,moderate,128,qpsk,otfs,reset_deep,1,False,0.7461109826951884,0.7337364498706844,0.781763709741875
tdl:moderate:128:qpsk:1082001,tdl,moderate,128,qpsk,otfs,reuse_radau,52,False,1.0630173518852324,1.00181874535224,0.9433193912772625
tdl:moderate:128:qpsk:1082001,tdl,moderate,128,qpsk,otfs,reuse_residual,101,True,1.6733516389471643,1.908560855126522,2.4926789755189422
tdl:moderate:128:qpsk:1082002,tdl,moderate,128,qpsk,afdm,cold_gray,1,False,0.46980724560231474,0.5121759991001007,0.538698561872951
tdl:moderate:128:qpsk:1082002,tdl,moderate,128,qpsk,afdm,reset_deep,1,False,0.7803038884426472,0.7922375445811444,0.8086712076859489
tdl:moderate:128:qpsk:1082002,tdl,moderate,128,qpsk,afdm,reuse_radau,101,True,0.9851369970903747,1.0133888831723485,1.0110366147618917
tdl:moderate:128:qpsk:1082002,tdl,moderate,128,qpsk,afdm,reuse_residual,101,True,1.8449912871483434,2.277328188131924,2.6261241963687203
tdl:moderate:128:qpsk:1082002,tdl,moderate,128,qpsk,ofdm,cold_gray,1,False,0.46676497819791657,0.5079882530732415,0.5364427015251537
tdl:moderate:128:qpsk:1082002,tdl,moderate,128,qpsk,ofdm,reset_deep,1,False,0.7810526068415221,0.7921356963147641,0.809043971911577
tdl:moderate:128:qpsk:1082002,tdl,moderate,128,qpsk,ofdm,reuse_radau,101,True,0.9753814724374625,1.0027426597072415,1.004656188102322
tdl:moderate:128:qpsk:1082002,tdl,moderate,128,qpsk,ofdm,reuse_residual,101,True,1.8256350571446704,2.2540025858876915,2.6102129834225076
tdl:moderate:128:qpsk:1082002,tdl,moderate,128,qpsk,otfs,cold_gray,1,False,0.46849394360598634,0.5087683688378183,0.5379241399552244
tdl:moderate:128:qpsk:1082002,tdl,moderate,128,qpsk,otfs,reset_deep,1,False,0.7811560252716191,0.7915747501227592,0.8090205776944431
tdl:moderate:128:qpsk:1082002,tdl,moderate,128,qpsk,otfs,reuse_radau,101,True,0.9866524914656066,1.0062537418795825,1.0086230275412962
tdl:moderate:128:qpsk:1082002,tdl,moderate,128,qpsk,otfs,reuse_residual,101,True,1.835333119970192,2.2690988620173105,2.6245092640796317
tdl:moderate:256:16qam:1082300,tdl,moderate,256,16qam,afdm,cold_gray,1,False,0.4299195972037036,0.46475772579449043,0.457292625974324
tdl:moderate:256:16qam:1082300,tdl,moderate,256,16qam,afdm,reset_deep,1,False,0.7490962364621893,0.7583139997369419,0.75088163210622
tdl:moderate:256:16qam:1082300,tdl,moderate,256,16qam,afdm,reuse_radau,101,True,0.9840406644698205,0.9994081735951994,1.002948061209758
tdl:moderate:256:16qam:1082300,tdl,moderate,256,16qam,afdm,reuse_residual,101,True,1.8853061775927777,2.197004399959731,1.9709269519344252
tdl:moderate:256:16qam:1082300,tdl,moderate,256,16qam,ofdm,cold_gray,1,False,0.3868820127861867,0.4488477418096794,0.44440207813271326
tdl:moderate:256:16qam:1082300,tdl,moderate,256,16qam,ofdm,reset_deep,1,False,0.7293793919022239,0.7525878512065041,0.7463968717223499
tdl:moderate:256:16qam:1082300,tdl,moderate,256,16qam,ofdm,reuse_radau,1,False,0.8853760166456873,0.9656981861271071,0.9738754943361759
tdl:moderate:256:16qam:1082300,tdl,moderate,256,16qam,ofdm,reuse_residual,101,True,1.6964113310620432,2.1213638187872914,1.9153540600987913
tdl:moderate:256:16qam:1082300,tdl,moderate,256,16qam,otfs,cold_gray,1,False,0.4302587976932436,0.46479436159185783,0.45776250727659173
tdl:moderate:256:16qam:1082300,tdl,moderate,256,16qam,otfs,reset_deep,1,False,0.7498819908866283,0.7590931672767463,0.7524347101741481
tdl:moderate:256:16qam:1082300,tdl,moderate,256,16qam,otfs,reuse_radau,101,True,0.9839934590311746,0.9975683672784079,1.0023147320941848
tdl:moderate:256:16qam:1082300,tdl,moderate,256,16qam,otfs,reuse_residual,101,True,1.885538571878014,2.1998620911130233,1.9766854146937487
tdl:moderate:256:16qam:1082301,tdl,moderate,256,16qam,afdm,cold_gray,1,False,0.5638817387828393,0.49188264130253895,0.4517995303940475
tdl:moderate:256:16qam:1082301,tdl,moderate,256,16qam,afdm,reset_deep,1,False,0.8503709370816852,0.7927677485682105,0.7570592640371894
tdl:moderate:256:16qam:1082301,tdl,moderate,256,16qam,afdm,reuse_radau,1,False,0.9205044057021801,0.9414720198127743,0.9705339589256833
tdl:moderate:256:16qam:1082301,tdl,moderate,256,16qam,afdm,reuse_residual,101,True,2.010373983664152,2.1867415593894304,2.1540107478704664
tdl:moderate:256:16qam:1082301,tdl,moderate,256,16qam,ofdm,cold_gray,1,False,0.5606515530568801,0.4838913948755906,0.4457361708014605
tdl:moderate:256:16qam:1082301,tdl,moderate,256,16qam,ofdm,reset_deep,1,False,0.8495776833176012,0.7924779302144853,0.756185563212656
tdl:moderate:256:16qam:1082301,tdl,moderate,256,16qam,ofdm,reuse_radau,1,False,0.9145853164510213,0.925211410977982,0.9566808373099792
tdl:moderate:256:16qam:1082301,tdl,moderate,256,16qam,ofdm,reuse_residual,101,True,2.0050329264449887,2.1516113217060666,2.125145181110797
tdl:moderate:256:16qam:1082301,tdl,moderate,256,16qam,otfs,cold_gray,1,False,0.5680584235049967,0.4918148110169302,0.45186371368170236
tdl:moderate:256:16qam:1082301,tdl,moderate,256,16qam,otfs,reset_deep,1,False,0.8510198309569499,0.7923246615390761,0.7571548647059652
tdl:moderate:256:16qam:1082301,tdl,moderate,256,16qam,otfs,reuse_radau,1,False,0.9220402112216607,0.9396378415410771,0.9693842511017413
tdl:moderate:256:16qam:1082301,tdl,moderate,256,16qam,otfs,reuse_residual,101,True,2.0342500632081957,2.1859857348617875,2.154128035293265
tdl:moderate:256:16qam:1082302,tdl,moderate,256,16qam,afdm,cold_gray,1,False,0.41515730458176653,0.40474256945668013,0.42092150841656806
tdl:moderate:256:16qam:1082302,tdl,moderate,256,16qam,afdm,reset_deep,1,False,0.726047878841036,0.7089716527040602,0.7314014148698555
tdl:moderate:256:16qam:1082302,tdl,moderate,256,16qam,afdm,reuse_radau,81,False,1.108237007343819,1.061062513540784,0.9746289049082378
tdl:moderate:256:16qam:1082302,tdl,moderate,256,16qam,afdm,reuse_residual,101,True,1.6473809506442962,1.8242956981130203,2.0777246656084447
tdl:moderate:256:16qam:1082302,tdl,moderate,256,16qam,ofdm,cold_gray,1,False,0.41652348059937555,0.40190918629800504,0.4160802611056413
tdl:moderate:256:16qam:1082302,tdl,moderate,256,16qam,ofdm,reset_deep,1,False,0.7271185810895741,0.7080864530506222,0.7297526194302053
tdl:moderate:256:16qam:1082302,tdl,moderate,256,16qam,ofdm,reuse_radau,78,False,1.1031429191582816,1.0503281093773509,0.9622370849640756
tdl:moderate:256:16qam:1082302,tdl,moderate,256,16qam,ofdm,reuse_residual,101,True,1.6560697456136713,1.809018914200439,2.0540016605460005
tdl:moderate:256:16qam:1082302,tdl,moderate,256,16qam,otfs,cold_gray,1,False,0.41692079382113,0.40541799341384344,0.42233936571529124
tdl:moderate:256:16qam:1082302,tdl,moderate,256,16qam,otfs,reset_deep,1,False,0.7272524634138566,0.7100952814685303,0.7327870569630738
tdl:moderate:256:16qam:1082302,tdl,moderate,256,16qam,otfs,reuse_radau,81,False,1.102792613489277,1.0613444841352297,0.977960323204436
tdl:moderate:256:16qam:1082302,tdl,moderate,256,16qam,otfs,reuse_residual,101,True,1.6506846143596665,1.826378969922329,2.0833853523558457
tdl:moderate:256:qpsk:1082200,tdl,moderate,256,qpsk,afdm,cold_gray,1,False,0.4041762257223777,0.5067997403248533,0.5039838589759814
tdl:moderate:256:qpsk:1082200,tdl,moderate,256,qpsk,afdm,reset_deep,1,False,0.7319452036576073,0.7866830394183952,0.789154070240448
tdl:moderate:256:qpsk:1082200,tdl,moderate,256,qpsk,afdm,reuse_radau,6,False,0.967134002981467,0.971543081986048,0.9600101052318812
tdl:moderate:256:qpsk:1082200,tdl,moderate,256,qpsk,afdm,reuse_residual,101,True,1.5889367707757636,2.208714989725647,2.3407855243514364
tdl:moderate:256:qpsk:1082200,tdl,moderate,256,qpsk,ofdm,cold_gray,1,False,0.40433373599956157,0.502688556016152,0.5013816322627208
tdl:moderate:256:qpsk:1082200,tdl,moderate,256,qpsk,ofdm,reset_deep,1,False,0.7326600102495678,0.7860822153125712,0.7892859620349361
tdl:moderate:256:qpsk:1082200,tdl,moderate,256,qpsk,ofdm,reuse_radau,6,False,0.9711597955472556,0.9623789672416873,0.9540307689720211
tdl:moderate:256:qpsk:1082200,tdl,moderate,256,qpsk,ofdm,reuse_residual,101,True,1.5843800744255048,2.1906686937209834,2.3267653158652286
tdl:moderate:256:qpsk:1082200,tdl,moderate,256,qpsk,otfs,cold_gray,1,False,0.4037783447715074,0.5073117990104844,0.5036777169616056
tdl:moderate:256:qpsk:1082200,tdl,moderate,256,qpsk,otfs,reset_deep,1,False,0.7327933973667707,0.7872137380836558,0.7895568385480363
tdl:moderate:256:qpsk:1082200,tdl,moderate,256,qpsk,otfs,reuse_radau,6,False,0.9727287674649191,0.9745761217566339,0.9607945363228684
tdl:moderate:256:qpsk:1082200,tdl,moderate,256,qpsk,otfs,reuse_residual,101,True,1.5842380134501626,2.2076296544690654,2.3425097738561327
tdl:moderate:256:qpsk:1082201,tdl,moderate,256,qpsk,afdm,cold_gray,1,False,0.46514943862718794,0.41734774751385706,0.4750504735101307
tdl:moderate:256:qpsk:1082201,tdl,moderate,256,qpsk,afdm,reset_deep,1,False,0.80746121710509,0.7392820560504733,0.7726576425056043
tdl:moderate:256:qpsk:1082201,tdl,moderate,256,qpsk,afdm,reuse_radau,1,False,0.8117908999837387,0.9110011004604325,0.9421773519177358
tdl:moderate:256:qpsk:1082201,tdl,moderate,256,qpsk,afdm,reuse_residual,101,True,2.8848176193451116,2.2715183283346096,2.4223786653325816
tdl:moderate:256:qpsk:1082201,tdl,moderate,256,qpsk,ofdm,cold_gray,1,False,0.46506743209524976,0.4157634321351282,0.46991076207334936
tdl:moderate:256:qpsk:1082201,tdl,moderate,256,qpsk,ofdm,reset_deep,1,False,0.8080490711437174,0.7391780773524953,0.7714228614587167
tdl:moderate:256:qpsk:1082201,tdl,moderate,256,qpsk,ofdm,reuse_radau,1,False,0.8119545075587058,0.9072930597763914,0.9322471807167281
tdl:moderate:256:qpsk:1082201,tdl,moderate,256,qpsk,ofdm,reuse_residual,101,True,2.8862021708482555,2.264085667145145,2.3897787795838457
tdl:moderate:256:qpsk:1082201,tdl,moderate,256,qpsk,otfs,cold_gray,1,False,0.46453768035461035,0.41796140169991114,0.47526815632073893
tdl:moderate:256:qpsk:1082201,tdl,moderate,256,qpsk,otfs,reset_deep,1,False,0.808138468412686,0.7401419439215948,0.7729954321980245
tdl:moderate:256:qpsk:1082201,tdl,moderate,256,qpsk,otfs,reuse_radau,1,False,0.8117475095890904,0.9115124847217297,0.943336185173386
tdl:moderate:256:qpsk:1082201,tdl,moderate,256,qpsk,otfs,reuse_residual,101,True,2.8643622296503115,2.2696840823693307,2.4120138874930137
tdl:moderate:256:qpsk:1082202,tdl,moderate,256,qpsk,afdm,cold_gray,1,False,0.42032553127867794,0.39909200503097214,0.41629564883586617
tdl:moderate:256:qpsk:1082202,tdl,moderate,256,qpsk,afdm,reset_deep,1,False,0.7502499768599797,0.7123348433523246,0.7298267154650623
tdl:moderate:256:qpsk:1082202,tdl,moderate,256,qpsk,afdm,reuse_radau,2,False,0.9476825515596926,0.9912334975606095,0.957373585037181
tdl:moderate:256:qpsk:1082202,tdl,moderate,256,qpsk,afdm,reuse_residual,101,True,1.9798648862076955,1.9007585454615856,2.093540248752187
tdl:moderate:256:qpsk:1082202,tdl,moderate,256,qpsk,ofdm,cold_gray,1,False,0.42180896889353126,0.39970065706420127,0.4149075337723013
tdl:moderate:256:qpsk:1082202,tdl,moderate,256,qpsk,ofdm,reset_deep,1,False,0.7509393360558699,0.7131076376359561,0.7297044358495718
tdl:moderate:256:qpsk:1082202,tdl,moderate,256,qpsk,ofdm,reuse_radau,2,False,0.9366426137727326,0.989132732236814,0.9522409696232823
tdl:moderate:256:qpsk:1082202,tdl,moderate,256,qpsk,ofdm,reuse_residual,101,True,1.9805388233889405,1.9054640264319291,2.088667598363203
tdl:moderate:256:qpsk:1082202,tdl,moderate,256,qpsk,otfs,cold_gray,1,False,0.4212552944358423,0.3996110763690655,0.41681277160329966
tdl:moderate:256:qpsk:1082202,tdl,moderate,256,qpsk,otfs,reset_deep,1,False,0.7510617224884025,0.713250321989251,0.7307099901271528
tdl:moderate:256:qpsk:1082202,tdl,moderate,256,qpsk,otfs,reuse_radau,2,False,0.9509644847146419,0.9939892522003162,0.95884780596218
tdl:moderate:256:qpsk:1082202,tdl,moderate,256,qpsk,otfs,reuse_residual,101,True,1.9870350160243255,1.907859004418902,2.0966049570133265
tdl:slow:128:16qam:1081700,tdl,slow,128,16qam,afdm,cold_gray,1,False,0.5006668566010327,0.4748554468139071,0.4710109509331211
tdl:slow:128:16qam:1081700,tdl,slow,128,16qam,afdm,reset_deep,1,False,0.6840163708018118,0.6679039508991967,0.6674939473704318
tdl:slow:128:16qam:1081700,tdl,slow,128,16qam,afdm,reuse_radau,101,True,1.06476224002788,1.0402935647535203,1.0325620693485429
tdl:slow:128:16qam:1081700,tdl,slow,128,16qam,afdm,reuse_residual,101,True,1.6201762732717864,1.6150830173093196,1.6201242171055639
tdl:slow:128:16qam:1081700,tdl,slow,128,16qam,ofdm,cold_gray,1,False,0.5018471779095042,0.4735130959933139,0.47039437606797135
tdl:slow:128:16qam:1081700,tdl,slow,128,16qam,ofdm,reset_deep,1,False,0.6855989999967901,0.6723476170995257,0.670458921793732
tdl:slow:128:16qam:1081700,tdl,slow,128,16qam,ofdm,reuse_radau,101,True,1.0648130075690334,1.0357916803639138,1.0330839140709347
tdl:slow:128:16qam:1081700,tdl,slow,128,16qam,ofdm,reuse_residual,101,True,1.6177729363270967,1.5988033883990753,1.5971952187727456
tdl:slow:128:16qam:1081700,tdl,slow,128,16qam,otfs,cold_gray,1,False,0.5041892426707576,0.4783523812264441,0.4722286878454932
tdl:slow:128:16qam:1081700,tdl,slow,128,16qam,otfs,reset_deep,1,False,0.6876528139714605,0.6689951066955281,0.668470686043938
tdl:slow:128:16qam:1081700,tdl,slow,128,16qam,otfs,reuse_radau,101,True,1.06396136086449,1.0490663396139497,1.0382966098752673
tdl:slow:128:16qam:1081700,tdl,slow,128,16qam,otfs,reuse_residual,101,True,1.6706922011408751,1.6327960245941158,1.6246996308312307
tdl:slow:128:16qam:1081701,tdl,slow,128,16qam,afdm,cold_gray,1,False,0.495475290019199,0.4669381041332241,0.46383932464896716
tdl:slow:128:16qam:1081701,tdl,slow,128,16qam,afdm,reset_deep,1,False,0.7057749727935162,0.6783132446246769,0.6747851608896616
tdl:slow:128:16qam:1081701,tdl,slow,128,16qam,afdm,reuse_radau,101,True,1.069659383294261,1.0434288199605015,1.0399928068503757
tdl:slow:128:16qam:1081701,tdl,slow,128,16qam,afdm,reuse_residual,101,True,1.560413269655273,1.540493033512189,1.5396320658298233
tdl:slow:128:16qam:1081701,tdl,slow,128,16qam,ofdm,cold_gray,1,False,0.4959434565825435,0.46112648735869216,0.45576248758755195
tdl:slow:128:16qam:1081701,tdl,slow,128,16qam,ofdm,reset_deep,1,False,0.7248380011751636,0.6777879816069848,0.6719463218086175
tdl:slow:128:16qam:1081701,tdl,slow,128,16qam,ofdm,reuse_radau,101,True,1.0663304779870604,1.0294127581997747,1.0213897532652176
tdl:slow:128:16qam:1081701,tdl,slow,128,16qam,ofdm,reuse_residual,101,True,1.565504409439552,1.5210346323661812,1.5118003263927418
tdl:slow:128:16qam:1081701,tdl,slow,128,16qam,otfs,cold_gray,1,False,0.49366958136873346,0.4712512623022596,0.46621560817776186
tdl:slow:128:16qam:1081701,tdl,slow,128,16qam,otfs,reset_deep,1,False,0.7141600833426692,0.6813129024427798,0.677156323982802
tdl:slow:128:16qam:1081701,tdl,slow,128,16qam,otfs,reuse_radau,101,True,1.045373114291539,1.0463460835928715,1.0399136145309158
tdl:slow:128:16qam:1081701,tdl,slow,128,16qam,otfs,reuse_residual,101,True,1.5514263542830722,1.5519707510536465,1.5456430547537046
tdl:slow:128:16qam:1081702,tdl,slow,128,16qam,afdm,cold_gray,1,False,0.630284608358214,0.6123830322407325,0.6128663994109846
tdl:slow:128:16qam:1081702,tdl,slow,128,16qam,afdm,reset_deep,1,False,0.8427652176682113,0.8274662084130421,0.8263762698100241
tdl:slow:128:16qam:1081702,tdl,slow,128,16qam,afdm,reuse_radau,101,True,1.039771104546708,1.0235534942713858,1.0260727252653947
tdl:slow:128:16qam:1081702,tdl,slow,128,16qam,afdm,reuse_residual,101,True,1.9964924250062042,1.9997766259297776,2.015286353606384
tdl:slow:128:16qam:1081702,tdl,slow,128,16qam,ofdm,cold_gray,1,False,0.6283964925424215,0.6047569918089802,0.6040353278515489
tdl:slow:128:16qam:1081702,tdl,slow,128,16qam,ofdm,reset_deep,1,False,0.8434797455440528,0.8271469050609811,0.8257718749129306
tdl:slow:128:16qam:1081702,tdl,slow,128,16qam,ofdm,reuse_radau,101,True,1.0345890687347856,1.0084494680789335,1.0083499621605463
tdl:slow:128:16qam:1081702,tdl,slow,128,16qam,ofdm,reuse_residual,101,True,1.97344045177637,1.9771484160425252,1.983578869702898
tdl:slow:128:16qam:1081702,tdl,slow,128,16qam,otfs,cold_gray,1,False,0.6308599734729073,0.6134475020941887,0.6132216732749461
tdl:slow:128:16qam:1081702,tdl,slow,128,16qam,otfs,reset_deep,1,False,0.8437872214373021,0.8285859502270472,0.8275039456638039
tdl:slow:128:16qam:1081702,tdl,slow,128,16qam,otfs,reuse_radau,101,True,1.0397088122880023,1.0246645684196924,1.0263019364860466
tdl:slow:128:16qam:1081702,tdl,slow,128,16qam,otfs,reuse_residual,101,True,1.9765286200433971,1.9998366707655488,2.0153121019638647
tdl:slow:128:qpsk:1081600,tdl,slow,128,qpsk,afdm,cold_gray,1,False,0.39231596129705065,0.39226841673583834,0.39409860160771104
tdl:slow:128:qpsk:1081600,tdl,slow,128,qpsk,afdm,reset_deep,1,False,0.7366655463038743,0.720328209783573,0.7194508374951778
tdl:slow:128:qpsk:1081600,tdl,slow,128,qpsk,afdm,reuse_radau,1,False,0.8851717069894437,0.9083248820475358,0.9135429815755669
tdl:slow:128:qpsk:1081600,tdl,slow,128,qpsk,afdm,reuse_residual,101,True,1.7695888933937207,1.8768224308835975,1.8926897350722753
tdl:slow:128:qpsk:1081600,tdl,slow,128,qpsk,ofdm,cold_gray,1,False,0.3924806939352907,0.38912273690988136,0.3898293653132354
tdl:slow:128:qpsk:1081600,tdl,slow,128,qpsk,ofdm,reset_deep,1,False,0.7374960973273286,0.7193186663236587,0.7179732549189191
tdl:slow:128:qpsk:1081600,tdl,slow,128,qpsk,ofdm,reuse_radau,1,False,0.8720105192262224,0.8947814308893213,0.9009263697009856
tdl:slow:128:qpsk:1081600,tdl,slow,128,qpsk,ofdm,reuse_residual,101,True,1.7642994906363778,1.8531143045131961,1.8644014141132461
tdl:slow:128:qpsk:1081600,tdl,slow,128,qpsk,otfs,cold_gray,1,False,0.39259512492037574,0.39284144684276256,0.394801071167127
tdl:slow:128:qpsk:1081600,tdl,slow,128,qpsk,otfs,reset_deep,1,False,0.737624565493423,0.7213565858899554,0.7204851764230096
tdl:slow:128:qpsk:1081600,tdl,slow,128,qpsk,otfs,reuse_radau,1,False,0.8851002309559182,0.9041807256015297,0.9123615809646479
tdl:slow:128:qpsk:1081600,tdl,slow,128,qpsk,otfs,reuse_residual,101,True,1.781570200221751,1.8781378206555404,1.8953148204527692
tdl:slow:128:qpsk:1081601,tdl,slow,128,qpsk,afdm,cold_gray,1,False,0.42642363881862483,0.4131791214021309,0.41184780567798007
tdl:slow:128:qpsk:1081601,tdl,slow,128,qpsk,afdm,reset_deep,1,False,0.7366655463038743,0.7132580393086628,0.7103321009342632
tdl:slow:128:qpsk:1081601,tdl,slow,128,qpsk,afdm,reuse_radau,101,True,1.0865989014812687,1.0897242532837503,1.0936633289840467
tdl:slow:128:qpsk:1081601,tdl,slow,128,qpsk,afdm,reuse_residual,101,True,1.8617213455416068,1.9226296913936998,1.932261248775303
tdl:slow:128:qpsk:1081601,tdl,slow,128,qpsk,ofdm,cold_gray,1,False,0.4266451756133839,0.41311477366017596,0.4116561107453443
tdl:slow:128:qpsk:1081601,tdl,slow,128,qpsk,ofdm,reset_deep,1,False,0.7374960973273286,0.7141624170897576,0.711245707060063
tdl:slow:128:qpsk:1081601,tdl,slow,128,qpsk,ofdm,reuse_radau,101,True,1.0869110077276818,1.0877077059695843,1.0899713802515936
tdl:slow:128:qpsk:1081601,tdl,slow,128,qpsk,ofdm,reuse_residual,101,True,1.8559196591845493,1.915997708413461,1.9240705741463269
tdl:slow:128:qpsk:1081601,tdl,slow,128,qpsk,otfs,cold_gray,1,False,0.42675574438047387,0.41357056620276395,0.4121769904103391
tdl:slow:128:qpsk:1081601,tdl,slow,128,qpsk,otfs,reset_deep,1,False,0.737624565493423,0.7143023046483938,0.7113870220427669
tdl:slow:128:qpsk:1081601,tdl,slow,128,qpsk,otfs,reuse_radau,101,True,1.0865125592382496,1.0910396340597714,1.093790129620662
tdl:slow:128:qpsk:1081601,tdl,slow,128,qpsk,otfs,reuse_residual,101,True,1.8619591873713826,1.921181312661154,1.9336404110466026
tdl:slow:128:qpsk:1081602,tdl,slow,128,qpsk,afdm,cold_gray,1,False,0.40515814174423925,0.3968072576211802,0.3978142430695851
tdl:slow:128:qpsk:1081602,tdl,slow,128,qpsk,afdm,reset_deep,1,False,0.7183220903956511,0.6961110853715796,0.6943743344891341
tdl:slow:128:qpsk:1081602,tdl,slow,128,qpsk,afdm,reuse_radau,101,True,1.1042779153399385,1.1300762399301079,1.140227288251322
tdl:slow:128:qpsk:1081602,tdl,slow,128,qpsk,afdm,reuse_residual,101,True,1.7518689248908503,1.8315588329239478,1.8510872240891134
tdl:slow:128:qpsk:1081602,tdl,slow,128,qpsk,ofdm,cold_gray,1,False,0.40535270433446785,0.3955781046076857,0.39419911719196576
tdl:slow:128:qpsk:1081602,tdl,slow,128,qpsk,ofdm,reset_deep,1,False,0.7191799866372446,0.6963556833407518,0.6933397685661031
tdl:slow:128:qpsk:1081602,tdl,slow,128,qpsk,ofdm,reuse_radau,101,True,1.104526724572533,1.1250792372388285,1.1283307471838446
tdl:slow:128:qpsk:1081602,tdl,slow,128,qpsk,ofdm,reuse_residual,101,True,1.7524533540099847,1.8260628854520438,1.8343810959956872
tdl:slow:128:qpsk:1081602,tdl,slow,128,qpsk,otfs,cold_gray,1,False,0.40500106005969244,0.39704125260672024,0.3982074726266336
tdl:slow:128:qpsk:1081602,tdl,slow,128,qpsk,otfs,reset_deep,1,False,0.7189086309717045,0.6971052082416145,0.6954208895783804
tdl:slow:128:qpsk:1081602,tdl,slow,128,qpsk,otfs,reuse_radau,101,True,1.1044743029565232,1.1295420256710893,1.1404633172835084
tdl:slow:128:qpsk:1081602,tdl,slow,128,qpsk,otfs,reuse_residual,101,True,1.7485069231216603,1.8307682579727478,1.8506400854080713
tdl:slow:256:16qam:1081900,tdl,slow,256,16qam,afdm,cold_gray,1,False,0.4009829753649264,0.3866347787230937,0.3847083616057503
tdl:slow:256:16qam:1081900,tdl,slow,256,16qam,afdm,reset_deep,1,False,0.727545633182143,0.7033274672427781,0.700765154133917
tdl:slow:256:16qam:1081900,tdl,slow,256,16qam,afdm,reuse_radau,1,False,0.9837425694790027,0.9828527706901735,0.977715457061066
tdl:slow:256:16qam:1081900,tdl,slow,256,16qam,afdm,reuse_residual,101,True,1.5949774739649474,1.6277086595011427,1.6345038145857484
tdl:slow:256:16qam:1081900,tdl,slow,256,16qam,ofdm,cold_gray,1,False,0.40133065805917456,0.38672820571997896,0.3836440178731681
tdl:slow:256:16qam:1081900,tdl,slow,256,16qam,ofdm,reset_deep,1,False,0.7282391539989606,0.7040826343544238,0.7010871449769797
tdl:slow:256:16qam:1081900,tdl,slow,256,16qam,ofdm,reuse_radau,1,False,0.9880298812491325,0.9788727018704987,0.9738390191526188
tdl:slow:256:16qam:1081900,tdl,slow,256,16qam,ofdm,reuse_residual,101,True,1.5905215593178001,1.6258750945045706,1.6307685453297882
tdl:slow:256:16qam:1081900,tdl,slow,256,16qam,otfs,cold_gray,1,False,0.40149962241392156,0.3869852251983787,0.38434736376952544
tdl:slow:256:16qam:1081900,tdl,slow,256,16qam,otfs,reset_deep,1,False,0.7283719392872468,0.7042272227794465,0.7012091332159732
tdl:slow:256:16qam:1081900,tdl,slow,256,16qam,otfs,reuse_radau,1,False,0.9796303412430788,0.979907491442025,0.9736495866534083
tdl:slow:256:16qam:1081900,tdl,slow,256,16qam,otfs,reuse_residual,101,True,1.595157801311173,1.6267241556415017,1.6309146732514068
tdl:slow:256:16qam:1081901,tdl,slow,256,16qam,afdm,cold_gray,1,False,0.39023214042942217,0.3756487451494123,0.37484035903378793
tdl:slow:256:16qam:1081901,tdl,slow,256,16qam,afdm,reset_deep,1,False,0.7012631282496228,0.6753642315176117,0.6728216736244604
tdl:slow:256:16qam:1081901,tdl,slow,256,16qam,afdm,reuse_radau,101,True,1.1323525080202717,1.1364788488961874,1.146291466509218
tdl:slow:256:16qam:1081901,tdl,slow,256,16qam,afdm,reuse_residual,101,True,1.5883495246116892,1.6336982069296229,1.644916407142254
tdl:slow:256:16qam:1081901,tdl,slow,256,16qam,ofdm,cold_gray,1,False,0.37139187717617167,0.36380241584858247,0.36182927967242035
tdl:slow:256:16qam:1081901,tdl,slow,256,16qam,ofdm,reset_deep,1,False,0.6922521858933943,0.6690919492005135,0.6657755420854367
tdl:slow:256:16qam:1081901,tdl,slow,256,16qam,ofdm,reuse_radau,101,True,1.0816598312823142,1.101636078875011,1.1104740745329553
tdl:slow:256:16qam:1081901,tdl,slow,256,16qam,ofdm,reuse_residual,101,True,1.517169750617864,1.5824545814407314,1.587920574374063
tdl:slow:256:16qam:1081901,tdl,slow,256,16qam,otfs,cold_gray,1,False,0.3858354352769644,0.37522107288969564,0.37537217389920324
tdl:slow:256:16qam:1081901,tdl,slow,256,16qam,otfs,reset_deep,1,False,0.7007926983806015,0.6761238451683261,0.6738326030228852
tdl:slow:256:16qam:1081901,tdl,slow,256,16qam,otfs,reuse_radau,101,True,1.12503215695298,1.1370984581527137,1.1476229019069766
tdl:slow:256:16qam:1081901,tdl,slow,256,16qam,otfs,reuse_residual,101,True,1.5783597402710596,1.6322969988396803,1.6453051071528004
tdl:slow:256:16qam:1081902,tdl,slow,256,16qam,afdm,cold_gray,1,False,0.38618487357156284,0.3745098630319335,0.3732413378306705
tdl:slow:256:16qam:1081902,tdl,slow,256,16qam,afdm,reset_deep,1,False,0.7008147534889808,0.6759799615403357,0.6733053527046672
tdl:slow:256:16qam:1081902,tdl,slow,256,16qam,afdm,reuse_radau,101,True,1.119100038931494,1.1384490752388694,1.143963818754821
tdl:slow:256:16qam:1081902,tdl,slow,256,16qam,afdm,reuse_residual,101,True,1.584955100866451,1.6454630498838276,1.655200467803438
tdl:slow:256:16qam:1081902,tdl,slow,256,16qam,ofdm,cold_gray,1,False,0.3720687489738496,0.3622713749915702,0.36332177475422545
tdl:slow:256:16qam:1081902,tdl,slow,256,16qam,ofdm,reset_deep,1,False,0.6932016771769428,0.6692098934652029,0.6677401025495853
tdl:slow:256:16qam:1081902,tdl,slow,256,16qam,ofdm,reuse_radau,101,True,1.0818502133031769,1.0973203584835207,1.107549795480716
tdl:slow:256:16qam:1081902,tdl,slow,256,16qam,ofdm,reuse_residual,101,True,1.523952532328642,1.583297857488647,1.602609782330559
tdl:slow:256:16qam:1081902,tdl,slow,256,16qam,otfs,cold_gray,1,False,0.385465162605556,0.3741556750195165,0.3746693484542097
tdl:slow:256:16qam:1081902,tdl,slow,256,16qam,otfs,reset_deep,1,False,0.7015057164670877,0.6769353497794379,0.67496771654576
tdl:slow:256:16qam:1081902,tdl,slow,256,16qam,otfs,reuse_radau,101,True,1.1328996220479461,1.137682251149471,1.1418676984102503
tdl:slow:256:16qam:1081902,tdl,slow,256,16qam,otfs,reuse_residual,101,True,1.5837397239039188,1.6395512370479979,1.655043518184343
tdl:slow:256:qpsk:1081800,tdl,slow,256,qpsk,afdm,cold_gray,1,False,0.4180251702615657,0.4029329372592351,0.4002606418880506
tdl:slow:256:qpsk:1081800,tdl,slow,256,qpsk,afdm,reset_deep,1,False,0.7196506187847171,0.6941877176298142,0.6905533859848219
tdl:slow:256:qpsk:1081800,tdl,slow,256,qpsk,afdm,reuse_radau,101,True,1.1614382603563835,1.167116514834158,1.1635765640955626
tdl:slow:256:qpsk:1081800,tdl,slow,256,qpsk,afdm,reuse_residual,101,True,1.839485147035046,1.8952242095896392,1.898784338390043
tdl:slow:256:qpsk:1081800,tdl,slow,256,qpsk,ofdm,cold_gray,1,False,0.410642655422418,0.39888905299467486,0.39708137727056647
tdl:slow:256:qpsk:1081800,tdl,slow,256,qpsk,ofdm,reset_deep,1,False,0.7166923728614175,0.69276070956989,0.6896061463907669
tdl:slow:256:qpsk:1081800,tdl,slow,256,qpsk,ofdm,reuse_radau,101,True,1.140744678481314,1.1546795554287481,1.1532096458462997
tdl:slow:256:qpsk:1081800,tdl,slow,256,qpsk,ofdm,reuse_residual,101,True,1.8068776253986611,1.8759844743137606,1.8837503315928958
tdl:slow:256:qpsk:1081800,tdl,slow,256,qpsk,otfs,cold_gray,1,False,0.41834889260747754,0.4034108692468045,0.4007102866664426
tdl:slow:256:qpsk:1081800,tdl,slow,256,qpsk,otfs,reset_deep,1,False,0.7205248482927137,0.6952312196036188,0.6916087482417125
tdl:slow:256:qpsk:1081800,tdl,slow,256,qpsk,otfs,reuse_radau,101,True,1.164186728688484,1.1687166828481992,1.1640098279187
tdl:slow:256:qpsk:1081800,tdl,slow,256,qpsk,otfs,reuse_residual,101,True,1.8396976627555308,1.8960036654055805,1.8995359133355334
tdl:slow:256:qpsk:1081801,tdl,slow,256,qpsk,afdm,cold_gray,1,False,0.402480925467575,0.39040796104835446,0.3887221750939946
tdl:slow:256:qpsk:1081801,tdl,slow,256,qpsk,afdm,reset_deep,1,False,0.7319452036576073,0.7081181106493942,0.7051397240233673
tdl:slow:256:qpsk:1081801,tdl,slow,256,qpsk,afdm,reuse_radau,1,False,0.9558334065143227,0.9664679058976815,0.9640479302849558
tdl:slow:256:qpsk:1081801,tdl,slow,256,qpsk,afdm,reuse_residual,101,True,1.8186999413513354,1.8636009482257854,1.8715268557609037
tdl:slow:256:qpsk:1081801,tdl,slow,256,qpsk,ofdm,cold_gray,1,False,0.401675657665213,0.39036730845327355,0.3884984894761239
tdl:slow:256:qpsk:1081801,tdl,slow,256,qpsk,ofdm,reset_deep,1,False,0.7326600102495678,0.7088964556050846,0.7059260112745239
tdl:slow:256:qpsk:1081801,tdl,slow,256,qpsk,ofdm,reuse_radau,1,False,0.9560542998171315,0.9651738668236902,0.9617851178433616
tdl:slow:256:qpsk:1081801,tdl,slow,256,qpsk,ofdm,reuse_residual,101,True,1.8192693046494741,1.8668093370908307,1.8733362406552474
tdl:slow:256:qpsk:1081801,tdl,slow,256,qpsk,otfs,cold_gray,1,False,0.4027495642166576,0.39072562901707814,0.38898220039266146
tdl:slow:256:qpsk:1081801,tdl,slow,256,qpsk,otfs,reset_deep,1,False,0.7327933973667707,0.7090416993549278,0.7060727371034471
tdl:slow:256:qpsk:1081801,tdl,slow,256,qpsk,otfs,reuse_radau,1,False,0.9557570069814951,0.9675571840360383,0.9633981066527721
tdl:slow:256:qpsk:1081801,tdl,slow,256,qpsk,otfs,reuse_residual,101,True,1.818898417411696,1.8677685082390405,1.8743015628142123
tdl:slow:256:qpsk:1081802,tdl,slow,256,qpsk,afdm,cold_gray,1,False,0.47100345308153124,0.4591326404798874,0.45685121866509704
tdl:slow:256:qpsk:1081802,tdl,slow,256,qpsk,afdm,reset_deep,1,False,0.7705188782013591,0.7517085423372892,0.7503647815494128
tdl:slow:256:qpsk:1081802,tdl,slow,256,qpsk,afdm,reuse_radau,101,True,1.0293732130696318,1.0369284307834163,1.029596184188972
tdl:slow:256:qpsk:1081802,tdl,slow,256,qpsk,afdm,reuse_residual,101,True,1.8954311590614883,1.9608584311950756,1.9688831654914745
tdl:slow:256:qpsk:1081802,tdl,slow,256,qpsk,ofdm,cold_gray,1,False,0.46858846454705594,0.45294559960457514,0.4539006511245976
tdl:slow:256:qpsk:1081802,tdl,slow,256,qpsk,ofdm,reset_deep,1,False,0.771266424903014,0.7501520292562098,0.7499527491136218
tdl:slow:256:qpsk:1081802,tdl,slow,256,qpsk,ofdm,reuse_radau,101,True,1.0166678601662917,1.0216395030518965,1.020844651250581
tdl:slow:256:qpsk:1081802,tdl,slow,256,qpsk,ofdm,reuse_residual,101,True,1.9025849084519237,1.9448902739986949,1.9475316923045682
tdl:slow:256:qpsk:1081802,tdl,slow,256,qpsk,otfs,cold_gray,1,False,0.4803469709675212,0.4607660929061198,0.4571222974429474
tdl:slow:256:qpsk:1081802,tdl,slow,256,qpsk,otfs,reset_deep,1,False,0.774620748049147,0.7532068329931277,0.7511430470732826
tdl:slow:256:qpsk:1081802,tdl,slow,256,qpsk,otfs,reuse_radau,101,True,1.0437905110398884,1.0387661801190005,1.0281568154000316
tdl:slow:256:qpsk:1081802,tdl,slow,256,qpsk,otfs,reuse_residual,101,True,1.9320480859968605,1.969190735080159,1.9658095090237255
