variant,selector,time,cumulative_regret_mean,cumulative_regret_std,cumulative_regret_ci_low,cumulative_regret_ci_high,cumulative_regret_n_seeds,instantaneous_regret_mean,instantaneous_regret_std,instantaneous_regret_ci_low,instantaneous_regret_ci_high,instantaneous_regret_n_seeds,ber_mean,ber_std,ber_ci_low,ber_ci_high,ber_n_seeds,objective_mean,objective_std,objective_ci_low,objective_ci_high,objective_n_seeds,uncertainty_mean,uncertainty_std,uncertainty_ci_low,uncertainty_ci_high,uncertainty_n_seeds,hindsight_dynamic_regret_mean,hindsight_dynamic_regret_std,hindsight_dynamic_regret_ci_low,hindsight_dynamic_regret_ci_high,hindsight_dynamic_regret_n_seeds
{},always_ofdm,0,0.052635363680213765,0.08093432731860453,-0.005261566298670757,0.11053229365909828,10,0.052635363680213765,0.08093432731860453,-0.005261566298670757,0.11053229365909828,10,0.0125,0.014358384116760648,0.002228630763241979,0.022771369236758023,10,0.10480404021253639,0.0857809064148007,0.04344007640676922,0.16616800401830356,10,1.0,0.0,1.0,1.0,10,0.0509198156167331,0.08062961010460266,-0.006759132798741657,0.10859876403220786,10
{},always_otfs,0,0.01971303411657602,0.05653914136512316,-0.02073263111761586,0.0601586993507679,10,0.01971303411657602,0.05653914136512316,-0.02073263111761586,0.0601586993507679,10,0.009375,0.01679637030895531,-0.00264039949604869,0.02139039949604869,10,0.07188171064889863,0.0796982822352847,0.01486899405647988,0.1288944272413174,10,1.0,0.0,1.0,1.0,10,0.01799748605309536,0.057122013597790476,-0.02286514085804392,0.05886011296423464,10
{},always_afdm,0,0.05555303300202628,0.07274908819680241,0.0035114703560888347,0.10759459564796373,10,0.05555303300202628,0.07274908819680241,0.0035114703560888347,0.10759459564796373,10,0.0140625,0.020104436526686233,-0.0003193475103692323,0.028444347510369235,10,0.10772170953434894,0.0856115862773667,0.04647887005821807,0.1689645490104798,10,1.0,0.0,1.0,1.0,10,0.05383748493854561,0.0740325317668059,0.0008778020713598456,0.10679716780573137,10
{},random,0,0.0197954295980448,0.05075655324324059,-0.016513621288672235,0.05610448048476184,10,0.0197954295980448,0.05075655324324059,-0.016513621288672235,0.05610448048476184,10,0.0046875,0.007547592055306999,-0.000711722100346591,0.010086722100346592,10,0.07196410613036744,0.07340492653493219,0.019453385000036946,0.12447482726069793,10,1.0,0.0,1.0,1.0,10,0.018079881534564142,0.05151753871679718,-0.0187735455660184,0.054933308635146685,10
{},rule,0,0.05555303300202628,0.07274908819680241,0.0035114703560888347,0.10759459564796373,10,0.05555303300202628,0.07274908819680241,0.0035114703560888347,0.10759459564796373,10,0.0140625,0.020104436526686233,-0.0003193475103692323,0.028444347510369235,10,0.10772170953434894,0.0856115862773667,0.04647887005821807,0.1689645490104798,10,1.0,0.0,1.0,1.0,10,0.05383748493854561,0.0740325317668059,0.0008778020713598456,0.10679716780573137,10
{},ucb,0,0.052635363680213765,0.08093432731860453,-0.005261566298670757,0.11053229365909828,10,0.052635363680213765,0.08093432731860453,-0.005261566298670757,0.11053229365909828,10,0.0125,0.014358384116760648,0.002228630763241979,0.022771369236758023,10,0.10480404021253639,0.0857809064148007,0.04344007640676922,0.16616800401830356,10,1.0,0.0,1.0,1.0,10,0.0509198156167331,0.08062961010460266,-0.006759132798741657,0.10859876403220786,10
{},sliding_window_ucb,0,0.052635363680213765,0.08093432731860453,-0.005261566298670757,0.11053229365909828,10,0.052635363680213765,0.08093432731860453,-0.005261566298670757,0.11053229365909828,10,0.0125,0.014358384116760648,0.002228630763241979,0.022771369236758023,10,0.10480404021253639,0.0857809064148007,0.04344007640676922,0.16616800401830356,10,1.0,0.0,1.0,1.0,10,0.0509198156167331,0.08062961010460266,-0.006759132798741657,0.10859876403220786,10
{},discounted_ucb,0,0.052635363680213765,0.08093432731860453,-0.005261566298670757,0.11053229365909828,10,0.052635363680213765,0.08093432731860453,-0.005261566298670757,0.11053229365909828,10,0.0125,0.014358384116760648,0.002228630763241979,0.022771369236758023,10,0.10480404021253639,0.0857809064148007,0.04344007640676922,0.16616800401830356,10,1.0,0.0,1.0,1.0,10,0.0509198156167331,0.08062961010460266,-0.006759132798741657,0.10859876403220786,10
{},thompson,0,0.052635363680213765,0.08093432731860453,-0.005261566298670757,0.11053229365909828,10,0.052635363680213765,0.08093432731860453,-0.005261566298670757,0.11053229365909828,10,0.0125,0.014358384116760648,0.002228630763241979,0.022771369236758023,10,0.10480404021253639,0.0857809064148007,0.04344007640676922,0.16616800401830356,10,0.5773502691896258,1.1702778228589004e-16,0.5773502691896257,0.577350269189626,10,0.0509198156167331,0.08062961010460266,-0.006759132798741657,0.10859876403220786,10
{},linucb,0,0.052635363680213765,0.08093432731860453,-0.005261566298670757,0.11053229365909828,10,0.052635363680213765,0.08093432731860453,-0.005261566298670757,0.11053229365909828,10,0.0125,0.014358384116760648,0.002228630763241979,0.022771369236758023,10,0.10480404021253639,0.0857809064148007,0.04344007640676922,0.16616800401830356,10,1.0,0.0,1.0,1.0,10,0.0509198156167331,0.08062961010460266,-0.006759132798741657,0.10859876403220786,10
{},sliding_window_linucb,0,0.052635363680213765,0.08093432731860453,-0.005261566298670757,0.11053229365909828,10,0.052635363680213765,0.08093432731860453,-0.005261566298670757,0.11053229365909828,10,0.0125,0.014358384116760648,0.002228630763241979,0.022771369236758023,10,0.10480404021253639,0.0857809064148007,0.04344007640676922,0.16616800401830356,10,1.0,0.0,1.0,1.0,10,0.0509198156167331,0.08062961010460266,-0.006759132798741657,0.10859876403220786,10
{},uncertainty_aware,0,0.052635363680213765,0.08093432731860453,-0.005261566298670757,0.11053229365909828,10,0.052635363680213765,0.08093432731860453,-0.005261566298670757,0.11053229365909828,10,0.0125,0.014358384116760648,0.002228630763241979,0.022771369236758023,10,0.10480404021253639,0.0857809064148007,0.04344007640676922,0.16616800401830356,10,1.0,0.0,1.0,1.0,10,0.0509198156167331,0.08062961010460266,-0.006759132798741657,0.10859876403220786,10
{},always_ofdm,1,0.11231460441559737,0.11734661289948496,0.02836989448361038,0.19625931434758437,10,0.05967924073538359,0.0536891047562516,0.021272368871667578,0.0980861125990996,10,0.0296875,0.025989531145572186,0.011095709411615882,0.048279290588384115,10,0.15992130236958477,0.07372590315301177,0.10718096839885027,0.21266163634031926,10,1.0,0.0,1.0,1.0,10,0.1556046133431337,0.14503926461689146,0.0518497737599701,0.25935945292629725,10
{},always_otfs,1,0.028718885994083072,0.06010999212010303,-0.014281211987937324,0.07171898397610346,10,0.00900585187750705,0.028479004203026,-0.011366800454798558,0.02937850420981266,10,0.00625,0.01092509216843908,-0.001565340131252025,0.014065340131252026,10,0.07091007301304968,0.07714617311217703,0.015723025306681848,0.1260971207194175,10,1.0,0.0,1.0,1.0,10,0.03367105442296087,0.06924335353915498,-0.01586265672506581,0.08320476557098755,10
{},always_afdm,1,0.08296594130330692,0.06534439071406013,0.036221380138403654,0.1297105024682102,10,0.027412908301280632,0.04433745117225358,-0.0043041935887117855,0.05913001019127305,10,0.0140625,0.018706546870904138,0.0006806425087041521,0.027444357491295847,10,0.10586294166540229,0.08596438377893284,0.04436772606011065,0.16735815727069392,10,1.0,0.0,1.0,1.0,10,0.10446392196076378,0.08113262057657031,0.04642514153038251,0.16250270239114503,10
{},random,1,0.07529053460426746,0.12388826689378551,-0.01333379268912864,0.16391486189766358,10,0.055495105006222636,0.08190666036563611,-0.0030973901327766146,0.11408760014522189,10,0.0140625,0.018706546870904138,0.0006806425087041521,0.027444357491295847,10,0.13352864347106802,0.09301435178439282,0.06699018456607374,0.2000671023760623,10,1.0,0.0,1.0,1.0,10,0.096372020362448,0.12871973898591327,0.00429146614185838,0.18845257458303763,10
{},rule,1,0.08296594130330692,0.06534439071406013,0.036221380138403654,0.1297105024682102,10,0.027412908301280632,0.04433745117225358,-0.0043041935887117855,0.05913001019127305,10,0.0140625,0.018706546870904138,0.0006806425087041521,0.027444357491295847,10,0.10586294166540229,0.08596438377893284,0.04436772606011065,0.16735815727069392,10,1.0,0.0,1.0,1.0,10,0.10446392196076378,0.08113262057657031,0.04642514153038251,0.16250270239114503,10
{},ucb,1,0.09473194648763372,0.10307568762635412,0.02099604150462442,0.16846785147064303,10,0.042096582807419916,0.0528867911168515,0.004263651546417405,0.07992951406842243,10,0.00625,0.01092509216843908,-0.001565340131252025,0.014065340131252026,10,0.14233864444162111,0.07714617311217702,0.0871515967352533,0.19752569214798893,10,1.0,0.0,1.0,1.0,10,0.13802195541517,0.1144234188648254,0.05616837252342066,0.21987553830691936,10
{},sliding_window_ucb,1,0.09473194648763372,0.10307568762635412,0.02099604150462442,0.16846785147064303,10,0.042096582807419916,0.0528867911168515,0.004263651546417405,0.07992951406842243,10,0.00625,0.01092509216843908,-0.001565340131252025,0.014065340131252026,10,0.14233864444162111,0.07714617311217702,0.0871515967352533,0.19752569214798893,10,1.0,0.0,1.0,1.0,10,0.13802195541517,0.1144234188648254,0.05616837252342066,0.21987553830691936,10
{},discounted_ucb,1,0.09473194648763372,0.10307568762635412,0.02099604150462442,0.16846785147064303,10,0.042096582807419916,0.0528867911168515,0.004263651546417405,0.07992951406842243,10,0.00625,0.01092509216843908,-0.001565340131252025,0.014065340131252026,10,0.14233864444162111,0.07714617311217702,0.0871515967352533,0.19752569214798893,10,1.0,0.0,1.0,1.0,10,0.13802195541517,0.1144234188648254,0.05616837252342066,0.21987553830691936,10
{},thompson,1,0.09473194648763372,0.10307568762635412,0.02099604150462442,0.16846785147064303,10,0.042096582807419916,0.0528867911168515,0.004263651546417405,0.07992951406842243,10,0.00625,0.01092509216843908,-0.001565340131252025,0.014065340131252026,10,0.14233864444162111,0.07714617311217702,0.0871515967352533,0.19752569214798893,10,0.5773502691896258,1.1702778228589004e-16,0.5773502691896257,0.577350269189626,10,0.13802195541517,0.1144234188648254,0.05616837252342066,0.21987553830691936,10
{},linucb,1,0.09473194648763372,0.10307568762635412,0.02099604150462442,0.16846785147064303,10,0.042096582807419916,0.0528867911168515,0.004263651546417405,0.07992951406842243,10,0.00625,0.01092509216843908,-0.001565340131252025,0.014065340131252026,10,0.14233864444162111,0.07714617311217702,0.0871515967352533,0.19752569214798893,10,1.0,0.0,1.0,1.0,10,0.13802195541517,0.1144234188648254,0.05616837252342066,0.21987553830691936,10
{},sliding_window_linucb,1,0.09473194648763372,0.10307568762635412,0.02099604150462442,0.16846785147064303,10,0.042096582807419916,0.0528867911168515,0.004263651546417405,0.07992951406842243,10,0.00625,0.01092509216843908,-0.001565340131252025,0.014065340131252026,10,0.14233864444162111,0.07714617311217702,0.0871515967352533,0.19752569214798893,10,1.0,0.0,1.0,1.0,10,0.13802195541517,0.1144234188648254,0.05616837252342066,0.21987553830691936,10
{},uncertainty_aware,1,0.09473194648763372,0.10307568762635412,0.02099604150462442,0.16846785147064303,10,0.042096582807419916,0.0528867911168515,0.004263651546417405,0.07992951406842243,10,0.00625,0.01092509216843908,-0.001565340131252025,0.014065340131252026,10,0.14233864444162111,0.07714617311217702,0.0871515967352533,0.19752569214798893,10,1.0,0.0,1.0,1.0,10,0.13802195541517,0.1144234188648254,0.05616837252342066,0.21987553830691936,10
{},always_ofdm,2,0.1360899040417169,0.13311462811170488,0.040865435533939176,0.2313143725494946,10,0.02377529962611951,0.037624099549524614,-0.003139359818225714,0.05068995907046474,10,0.03125,0.03755782578608322,0.004382749950018413,0.058117250049981584,10,0.15965373087238705,0.07513461075412838,0.10590566819067551,0.21340179355409858,10,1.0,0.0,1.0,1.0,10,0.20086824788874996,0.18164425083817945,0.07092777861857999,0.3308087171589199,10
{},always_otfs,2,0.040508445270947366,0.08130305366877076,-0.017652255648948442,0.09866914619084317,10,0.01178955927686429,0.037281859924458816,-0.014880276688187255,0.038459395241915835,10,0.025,0.02676090120555235,0.005856404512136433,0.04414359548786357,10,0.12886115489450906,0.08926553318398495,0.06500443926461409,0.19271787052440403,10,1.0,0.0,1.0,1.0,10,0.048142112990699114,0.11816815203853781,-0.03639029063794904,0.13267451661934726,10
{},always_afdm,2,0.09518610339808675,0.06581260421667154,0.04810660247061342,0.14226560432556007,10,0.01222016209477982,0.027245387294045756,-0.0072700138623427845,0.031710338051902424,10,0.0359375,0.05262736699612136,-0.0017098504246582588,0.07358485042465826,10,0.13812547263075958,0.10147052780495684,0.06553782981120182,0.21071311545031735,10,1.0,0.0,1.0,1.0,10,0.12819929826475257,0.09271297146379408,0.06187643385342759,0.19452216267607755,10
{},random,2,0.11162243249499985,0.11757397245920365,0.027515079331825634,0.19572978565817406,10,0.036331897890732365,0.038353914577249196,0.00889516022621029,0.06376863555525444,10,0.0171875,0.022642776165921,0.0009898336989602255,0.03338516630103978,10,0.15269188405163442,0.09573638718529505,0.08420619832425999,0.22117756977900885,10,1.0,0.0,1.0,1.0,10,0.13467380808731164,0.1198063621808545,0.04896949951989708,0.22037811665472617,10
{},rule,2,0.09518610339808675,0.06581260421667154,0.04810660247061342,0.14226560432556007,10,0.01222016209477982,0.027245387294045756,-0.0072700138623427845,0.031710338051902424,10,0.0359375,0.05262736699612136,-0.0017098504246582588,0.07358485042465826,10,0.13812547263075958,0.10147052780495684,0.06553782981120182,0.21071311545031735,10,1.0,0.0,1.0,1.0,10,0.12819929826475257,0.09271297146379408,0.06187643385342759,0.19452216267607755,10
{},ucb,2,0.18721439492932002,0.07438245102601498,0.1340043949035207,0.24042439495511933,10,0.09248244844168624,0.06449965378844728,0.04634217567026347,0.138622721213109,10,0.0359375,0.05262736699612136,-0.0017098504246582588,0.07358485042465826,10,0.209554044059331,0.10147052780495684,0.13696640123977324,0.28214168687888874,10,1.0,0.0,1.0,1.0,10,0.23318590314773027,0.10800222914809379,0.1559257626645062,0.31044604363095435,10
{},sliding_window_ucb,2,0.18721439492932002,0.07438245102601498,0.1340043949035207,0.24042439495511933,10,0.09248244844168624,0.06449965378844728,0.04634217567026347,0.138622721213109,10,0.0359375,0.05262736699612136,-0.0017098504246582588,0.07358485042465826,10,0.209554044059331,0.10147052780495684,0.13696640123977324,0.28214168687888874,10,1.0,0.0,1.0,1.0,10,0.23318590314773027,0.10800222914809379,0.1559257626645062,0.31044604363095435,10
{},discounted_ucb,2,0.18721439492932002,0.07438245102601498,0.1340043949035207,0.24042439495511933,10,0.09248244844168624,0.06449965378844728,0.04634217567026347,0.138622721213109,10,0.0359375,0.05262736699612136,-0.0017098504246582588,0.07358485042465826,10,0.209554044059331,0.10147052780495684,0.13696640123977324,0.28214168687888874,10,1.0,0.0,1.0,1.0,10,0.23318590314773027,0.10800222914809379,0.1559257626645062,0.31044604363095435,10
{},thompson,2,0.18721439492932002,0.07438245102601498,0.1340043949035207,0.24042439495511933,10,0.09248244844168624,0.06449965378844728,0.04634217567026347,0.138622721213109,10,0.0359375,0.05262736699612136,-0.0017098504246582588,0.07358485042465826,10,0.209554044059331,0.10147052780495684,0.13696640123977324,0.28214168687888874,10,0.5773502691896258,1.1702778228589004e-16,0.5773502691896257,0.577350269189626,10,0.23318590314773027,0.10800222914809379,0.1559257626645062,0.31044604363095435,10
{},linucb,2,0.18721439492932002,0.07438245102601498,0.1340043949035207,0.24042439495511933,10,0.09248244844168624,0.06449965378844728,0.04634217567026347,0.138622721213109,10,0.0359375,0.05262736699612136,-0.0017098504246582588,0.07358485042465826,10,0.209554044059331,0.10147052780495684,0.13696640123977324,0.28214168687888874,10,1.0,0.0,1.0,1.0,10,0.23318590314773027,0.10800222914809379,0.1559257626645062,0.31044604363095435,10
{},sliding_window_linucb,2,0.18721439492932002,0.07438245102601498,0.1340043949035207,0.24042439495511933,10,0.09248244844168624,0.06449965378844728,0.04634217567026347,0.138622721213109,10,0.0359375,0.05262736699612136,-0.0017098504246582588,0.07358485042465826,10,0.209554044059331,0.10147052780495684,0.13696640123977324,0.28214168687888874,10,1.0,0.0,1.0,1.0,10,0.23318590314773027,0.10800222914809379,0.1559257626645062,0.31044604363095435,10
{},uncertainty_aware,2,0.18721439492932002,0.07438245102601498,0.1340043949035207,0.24042439495511933,10,0.09248244844168624,0.06449965378844728,0.04634217567026347,0.138622721213109,10,0.0359375,0.05262736699612136,-0.0017098504246582588,0.07358485042465826,10,0.209554044059331,0.10147052780495684,0.13696640123977324,0.28214168687888874,10,1.0,0.0,1.0,1.0,10,0.23318590314773027,0.10800222914809379,0.1559257626645062,0.31044604363095435,10
{},always_ofdm,3,0.17084580195857255,0.1317130947697784,0.07662393000591484,0.26506767391123026,10,0.03475589791685562,0.045047101547367345,0.0025311427301883474,0.06698065310352289,10,0.0265625,0.019557274328665195,0.012572068746680876,0.04055293125331912,10,0.15613756763013129,0.07052352666800657,0.10568807579351991,0.20658705946674266,10,1.0,0.0,1.0,1.0,10,0.23909071467764909,0.1867015594211978,0.10553246478690284,0.37264896456839536,10
{},always_otfs,3,0.06671728877016019,0.07888443912882077,0.010286760464341412,0.12314781707597897,10,0.02620884349921283,0.04239693330523863,-0.004120095533416683,0.05653778253184234,10,0.0171875,0.015537951968933645,0.006072318754108193,0.02830268124589181,10,0.1368719561140554,0.07809143950321355,0.0810087055668609,0.19273520666124988,10,1.0,0.0,1.0,1.0,10,0.06709896826352227,0.09278274522109889,0.0007261907130525214,0.13347174581399202,10
{},always_afdm,3,0.10326187858015892,0.07342438502657012,0.05073723768345513,0.15578651947686273,10,0.00807577518207216,0.02553784344680902,-0.010192897491651746,0.026344447855796066,10,0.015625,0.018042195912175804,0.002718390555030441,0.02853160944496956,10,0.10684290292730456,0.08765214978792793,0.0441403322517859,0.1695454736028232,10,1.0,0.0,1.0,1.0,10,0.11712710035082488,0.11526968671083072,0.03466813391111974,0.19958606679053004,10
{},random,3,0.18105176108495644,0.1418057195557543,0.0796100602921018,0.2824934618778111,10,0.06942932858995657,0.0910471251408425,0.004298138850070271,0.13456051832984287,10,0.0234375,0.02240188871625684,0.007412154199643403,0.0394628458003566,10,0.17699511165165474,0.08022749953870187,0.119603815806468,0.23438640749684148,10,1.0,0.0,1.0,1.0,10,0.1937538188977342,0.14086161075291037,0.09298749285699834,0.29452014493847,10
{},rule,3,0.10326187858015892,0.07342438502657012,0.05073723768345513,0.15578651947686273,10,0.00807577518207216,0.02553784344680902,-0.010192897491651746,0.026344447855796066,10,0.015625,0.018042195912175804,0.002718390555030441,0.02853160944496956,10,0.10684290292730456,0.08765214978792793,0.0441403322517859,0.1695454736028232,10,1.0,0.0,1.0,1.0,10,0.11712710035082488,0.11526968671083072,0.03466813391111974,0.19958606679053004,10
{},ucb,3,0.30688781278039057,0.067273290523239,0.2587633998160316,0.35501222574474955,10,0.11967341785107055,0.09760911679224685,0.04984806206631433,0.1894987736358268,10,0.021875,0.015095184110613998,0.011076555799306817,0.03267344420069318,10,0.21844054559630294,0.0693428170562322,0.16883568253444117,0.2680454086581647,10,0.8325546111576976,1.1702778228589004e-16,0.8325546111576975,0.8325546111576977,10,0.333711347902801,0.06841381267989814,0.28477105453724316,0.3826516412683588,10
{},sliding_window_ucb,3,0.30688781278039057,0.067273290523239,0.2587633998160316,0.35501222574474955,10,0.11967341785107055,0.09760911679224685,0.04984806206631433,0.1894987736358268,10,0.021875,0.015095184110613998,0.011076555799306817,0.03267344420069318,10,0.21844054559630294,0.0693428170562322,0.16883568253444117,0.2680454086581647,10,0.8325546111576976,1.1702778228589004e-16,0.8325546111576975,0.8325546111576977,10,0.333711347902801,0.06841381267989814,0.28477105453724316,0.3826516412683588,10
{},discounted_ucb,3,0.30635614527432886,0.06599386701303599,0.2591469767536775,0.35356531379498024,10,0.11914175034500885,0.09693870196797319,0.049795980434673745,0.18848752025534393,10,0.021875,0.015095184110613998,0.011076555799306817,0.03267344420069318,10,0.21790887809024126,0.0690305682074031,0.16852738439877632,0.2672903717817062,10,0.8552395562507151,0.012151216125770392,0.8465470998789884,0.8639320126224419,10,0.33317968039673934,0.06867656172314102,0.2840514276885559,0.3823079331049228,10
{},thompson,3,0.2831713346802091,0.08674865422946895,0.22111508579196387,0.34522758356845434,10,0.09595693975088912,0.09555093083242314,0.02760392150630102,0.1643099579954772,10,0.0203125,0.016552342272990316,0.00847166764473364,0.032153332355266365,10,0.19472406749612153,0.09037663048564865,0.13007252073825643,0.25937561425398664,10,0.4787549397475396,0.0075719927177242295,0.47333826246482213,0.484171617030257,10,0.3099948698026196,0.11380666796183764,0.2285824839285971,0.3914072556766421,10
{},linucb,3,0.28293419634650063,0.07884129961404061,0.22653452819050085,0.3393338645025004,10,0.09571980141718062,0.0945726330194906,0.028066615269187092,0.16337298756517415,10,0.01875,0.01613743060919757,0.007205977568802894,0.030294022431197103,10,0.19448692916241309,0.09054038321875847,0.1297182407560434,0.2592556175687828,10,0.586067999555018,0.022095331099126227,0.5702619518631591,0.6018740472468769,10,0.3097577314689111,0.1073280376652789,0.2329798785188772,0.38653558441894503,10
{},sliding_window_linucb,3,0.28293419634650063,0.07884129961404061,0.22653452819050085,0.3393338645025004,10,0.09571980141718062,0.0945726330194906,0.028066615269187092,0.16337298756517415,10,0.01875,0.01613743060919757,0.007205977568802894,0.030294022431197103,10,0.19448692916241309,0.09054038321875847,0.1297182407560434,0.2592556175687828,10,0.586067999555018,0.022095331099126227,0.5702619518631591,0.6018740472468769,10,0.3097577314689111,0.1073280376652789,0.2329798785188772,0.38653558441894503,10
{},uncertainty_aware,3,0.22415713952430388,0.10327285243374092,0.15028019133471257,0.29803408771389517,10,0.036942744594983826,0.07169350099445564,-0.01434369645588194,0.08822918564584958,10,0.0171875,0.01719538960335331,0.004886659296081107,0.029488340703918897,10,0.13570987234021625,0.08543877195204326,0.07459065678515922,0.19682908789527329,10,0.586067999555018,0.022095331099126227,0.5702619518631591,0.6018740472468769,10,0.2509806746467143,0.13882128592784204,0.15167390906005054,0.3502874402333781,10
{},always_ofdm,4,0.1985681553914614,0.13613030391550654,0.10118640237121222,0.29594990841171054,10,0.027722353432888803,0.04466513565290027,-0.004229159813319432,0.059673866679097035,10,0.0234375,0.021156350012072812,0.008303158913357214,0.038571841086642786,10,0.14292088456424942,0.08173523478824714,0.08445101989589843,0.20139074923260042,10,1.0,0.0,1.0,1.0,10,0.2723393001285649,0.21286465849395128,0.12006509663406728,0.4246135036230625,10
{},always_otfs,4,0.06671728877016019,0.07888443912882077,0.010286760464341412,0.12314781707597897,10,0.0,0.0,0.0,0.0,10,0.009375,0.013176156917368247,-5.06548452254129e-05,0.01880065484522541,10,0.08686559373943513,0.08412342639662808,0.026687319711205415,0.14704386776766484,10,1.0,0.0,1.0,1.0,10,0.04429226288962382,0.09489601376783012,-0.02359225590995806,0.1121767816892057,10
{},always_afdm,4,0.1261447507923945,0.0935886010995989,0.05919549867400849,0.19309400291078055,10,0.0228828722122356,0.04848349679501198,-0.011800132046539766,0.05756587647101097,10,0.025,0.024650332429581735,0.0073662144615903695,0.04263378553840963,10,0.1286874908269066,0.08974108870947374,0.06449058326767229,0.19288439838614088,10,1.0,0.0,1.0,1.0,10,0.1361422920643979,0.16165623161967568,0.020500390379212252,0.25178419374958355,10
{},random,4,0.24621407909990278,0.16656080189431274,0.1270636591978504,0.36536449900195517,10,0.06516231801494632,0.06781565847201466,0.01664991839284395,0.11367471763704869,10,0.0140625,0.020104436526686233,-0.0003193475103692323,0.028444347510369235,10,0.16306336754050058,0.10592962371833159,0.08728587966484581,0.23884085541615535,10,1.0,0.0,1.0,1.0,10,0.24714488732490114,0.16287711517596168,0.13062961815631868,0.3636601564934836,10
{},rule,4,0.1261447507923945,0.0935886010995989,0.05919549867400849,0.19309400291078055,10,0.0228828722122356,0.04848349679501198,-0.011800132046539766,0.05756587647101097,10,0.025,0.024650332429581735,0.0073662144615903695,0.04263378553840963,10,0.1286874908269066,0.08974108870947374,0.06449058326767229,0.19288439838614088,10,1.0,0.0,1.0,1.0,10,0.1361422920643979,0.16165623161967568,0.020500390379212252,0.25178419374958355,10
{},ucb,4,0.4058306123921713,0.11695898514232891,0.32216319465321863,0.4894980301311239,10,0.09894279961178072,0.0759949119512058,0.044579314527509815,0.15330628469605162,10,0.01875,0.017738944131173336,0.006060323810823819,0.03143967618917618,10,0.19473901553952583,0.08684830450745228,0.13261148113674157,0.25686654994231006,10,0.8970612889970507,0.0,0.8970612889970507,0.8970612889970507,10,0.4187780643289932,0.11990972110557982,0.33299981724098093,0.5045563114170055,10
{},sliding_window_ucb,4,0.4058306123921713,0.11695898514232891,0.32216319465321863,0.4894980301311239,10,0.09894279961178072,0.0759949119512058,0.044579314527509815,0.15330628469605162,10,0.01875,0.017738944131173336,0.006060323810823819,0.03143967618917618,10,0.19473901553952583,0.08684830450745228,0.13261148113674157,0.25686654994231006,10,0.8970612889970507,0.0,0.8970612889970507,0.8970612889970507,10,0.4187780643289932,0.11990972110557982,0.33299981724098093,0.5045563114170055,10
{},discounted_ucb,4,0.40707528557967254,0.11655056358068046,0.3237000350253997,0.4904505361339454,10,0.10071914030534368,0.07522372085450081,0.04690733209793741,0.15453094851274995,10,0.021875,0.022341261030757516,0.005893024633159431,0.037856975366840566,10,0.19701903568224166,0.0896220320195843,0.13290729614832392,0.2611307752161594,10,0.9392949502866308,0.010104152314961467,0.932066875148965,0.9465230254242966,10,0.42052641696564735,0.12231928766602876,0.3330244697981793,0.5080283641331154,10
{},thompson,4,0.3324353556137637,0.15165520363891402,0.22394775836159853,0.44092295286592886,10,0.0492640209335545,0.0849477237862512,-0.011503919924930273,0.11003196179203928,10,0.021875,0.024650332429581735,0.004241214461590367,0.03950878553840963,10,0.15504493200568187,0.10218136267705998,0.08194878855134781,0.22814107546001594,10,0.45173256973213255,0.04131797087719329,0.42217547392370725,0.48128966554055785,10,0.3553675026949678,0.17786987983643857,0.2281270557866553,0.48260794960328035,10
{},linucb,4,0.31835314290342803,0.0656381960967978,0.2713984060289668,0.36530787977788926,10,0.03541894655692738,0.036134586346263306,0.009569820669095945,0.06126807244475881,10,0.009375,0.013176156917368247,-5.06548452254129e-05,0.01880065484522541,10,0.13107429492261213,0.08617144922003789,0.06943095362403448,0.1927176362211898,10,0.5607111004497707,0.04027998395137915,0.5318965357570521,0.5895256651424893,10,0.33115972727818965,0.11011693470575071,0.2523868175701638,0.4099326369862155,10
{},sliding_window_linucb,4,0.31835314290342803,0.0656381960967978,0.2713984060289668,0.36530787977788926,10,0.03541894655692738,0.036134586346263306,0.009569820669095945,0.06126807244475881,10,0.009375,0.013176156917368247,-5.06548452254129e-05,0.01880065484522541,10,0.13107429492261213,0.08617144922003789,0.06943095362403448,0.1927176362211898,10,0.5607111004497707,0.04027998395137915,0.5318965357570521,0.5895256651424893,10,0.33115972727818965,0.11011693470575071,0.2523868175701638,0.4099326369862155,10
{},uncertainty_aware,4,0.24367376405631172,0.10757346126286317,0.16672034564085336,0.3206271824717701,10,0.019516624532007858,0.03238247686932327,-0.0036484039294702245,0.04268165299348594,10,0.0109375,0.016552342272990316,-0.0009033323552663612,0.02277833235526636,10,0.11808864800425285,0.10964141064922843,0.03965590771402376,0.19652138829448196,10,0.5756820763671617,0.04903182072545417,0.5406068247980259,0.6107573279362976,10,0.25939702353763355,0.17220887279742877,0.1362062171095253,0.3825878299657418,10
{},always_ofdm,5,0.22093173680916411,0.1632256646034948,0.10416713040051757,0.33769634321781067,10,0.02236358141770273,0.04919470889182746,-0.012828193326152041,0.057555356161557505,10,0.0203125,0.03298154208122409,-0.003281073897948704,0.043906073897948705,10,0.0963453913996113,0.0936753619658969,0.029334074296349474,0.16335670850287315,10,1.0,0.0,1.0,1.0,10,0.29647245624753094,0.24515590126498377,0.12109848923382918,0.4718464232612327,10
{},always_otfs,5,0.09677536464055174,0.07576300405393363,0.04257777647214772,0.15097295280895576,10,0.030058075870391547,0.04910945871727313,-0.005072714572359076,0.06518886631314216,10,0.01875,0.024206145913796356,0.001433966353204339,0.036066033646795656,10,0.10944314522137133,0.09165218665394445,0.043879120549539796,0.17500716989320286,10,1.0,0.0,1.0,1.0,10,0.08152317283034996,0.09115279278609048,0.016316393010695984,0.14672995265000394,10
{},always_afdm,5,0.16906193338554512,0.1168140310193854,0.08549820957949161,0.25262565719159863,10,0.04291718259315055,0.045569305377171125,0.010318865290499586,0.0755154998958015,10,0.0171875,0.015537951968933645,0.006072318754108193,0.02830268124589181,10,0.13838820946798658,0.07787932074729663,0.08267669953772692,0.19409971939824622,10,1.0,0.0,1.0,1.0,10,0.20231826625173924,0.1620638762858205,0.08638475313943758,0.3182517793640409,10
{},random,5,0.33304239923949314,0.19036816146921992,0.19686122025218325,0.46922357822680305,10,0.08682832013959027,0.07572621774387746,0.03265704731213076,0.14099959296704978,10,0.01875,0.02185018433687816,0.0031193197374959486,0.03438068026250405,10,0.1744162401380255,0.10322460350345743,0.10057380715391905,0.24825867312213196,10,1.0,0.0,1.0,1.0,10,0.3493488921822815,0.1784102366260351,0.2217218973128334,0.47697588705172955,10
{},rule,5,0.16906193338554512,0.1168140310193854,0.08549820957949161,0.25262565719159863,10,0.04291718259315055,0.045569305377171125,0.010318865290499586,0.0755154998958015,10,0.0171875,0.015537951968933645,0.006072318754108193,0.02830268124589181,10,0.13838820946798658,0.07787932074729663,0.08267669953772692,0.19409971939824622,10,1.0,0.0,1.0,1.0,10,0.20231826625173924,0.1620638762858205,0.08638475313943758,0.3182517793640409,10
{},ucb,5,0.5541329185151938,0.17993423352718968,0.4254157219377999,0.6828501150925876,10,0.1483023061230223,0.08613649708020694,0.08668396807905179,0.20992064416699283,10,0.025,0.028716768233521296,0.004457261526483958,0.045542738473516045,10,0.21485690732152768,0.08241311953748535,0.15590211311634494,0.2738117015267104,10,0.9465092364124228,0.0,0.9465092364124228,0.9465092364124228,10,0.5614227363698757,0.1603380843481938,0.4467237804384543,0.6761216923012972,10
{},sliding_window_ucb,5,0.5541329185151938,0.17993423352718968,0.4254157219377999,0.6828501150925876,10,0.1483023061230223,0.08613649708020694,0.08668396807905179,0.20992064416699283,10,0.025,0.028716768233521296,0.004457261526483958,0.045542738473516045,10,0.21485690732152768,0.08241311953748535,0.15590211311634494,0.2738117015267104,10,0.9465092364124228,0.0,0.9465092364124228,0.9465092364124228,10,0.5614227363698757,0.1603380843481938,0.4467237804384543,0.6761216923012972,10
{},discounted_ucb,5,0.5350268657096432,0.18189340237311316,0.40490816416832076,0.6651455672509656,10,0.12795158012997052,0.08869961807260264,0.06449969578320604,0.191403464476735,10,0.015625,0.01647019614671031,0.0038429314434682317,0.02740706855653177,10,0.19354528702941068,0.08421314895767024,0.1333028293475165,0.25378774471130483,10,0.9799187848119812,0.0063767503297897385,0.9753571324258027,0.9844804371981598,10,0.5418594687144128,0.14619354098511161,0.4372789095598238,0.6464400278690018,10
{},thompson,5,0.39166251908414473,0.14246226273130763,0.2897511555965785,0.493573882571711,10,0.05922716347038106,0.07266609272515354,0.007244972208253403,0.11120935473250872,10,0.0109375,0.020898336091394666,-0.004012269046644548,0.025887269046644547,10,0.14669849403305285,0.0819080446056826,0.08810500866837681,0.2052919793977289,10,0.4671368727278808,0.035613963044032616,0.44166017831471854,0.49261356714104304,10,0.4298537614473756,0.17444715688233425,0.3050617830415664,0.5546457398531848,10
{},linucb,5,0.36978853081911556,0.07216169254254785,0.3181671657109967,0.42140989592723443,10,0.05143538791568738,0.05104884489286494,0.014917244178848842,0.08795353165252592,10,0.0109375,0.020898336091394666,-0.004012269046644548,0.025887269046644547,10,0.13911841865714186,0.09076477038690926,0.07418921334042035,0.2040476239738634,10,0.565946085004565,0.03822659683272532,0.5386004249678429,0.5932917450412871,10,0.3980659106546863,0.10954114136235506,0.3197048986912806,0.47642692261809194,10
{},sliding_window_linucb,5,0.36978853081911556,0.07216169254254785,0.3181671657109967,0.42140989592723443,10,0.05143538791568738,0.05104884489286494,0.014917244178848842,0.08795353165252592,10,0.0109375,0.020898336091394666,-0.004012269046644548,0.025887269046644547,10,0.13911841865714186,0.09076477038690926,0.07418921334042035,0.2040476239738634,10,0.565946085004565,0.03822659683272532,0.5386004249678429,0.5932917450412871,10,0.3980659106546863,0.10954114136235506,0.3197048986912806,0.47642692261809194,10
{},uncertainty_aware,5,0.2831589254735576,0.12097426488598399,0.1966191496405062,0.369698701306609,10,0.03948516141724586,0.05160551397306307,0.0025688006095374166,0.0764015222249543,10,0.021875,0.02352414539715878,0.005046840132668644,0.03870315986733135,10,0.1345778839976503,0.08199515926782669,0.07592208055779665,0.19323368743750396,10,0.5571600027322383,0.041673819883224494,0.5273483478798595,0.5869716575846171,10,0.3217626722546387,0.19519855357698035,0.18212603891441084,0.46139930559486664,10
{},always_ofdm,6,0.2400757214738392,0.17600643593117973,0.11416830203207548,0.3659831409156029,10,0.01914398466467506,0.04088208012343424,-0.010101293682792275,0.0483892630121424,10,0.0109375,0.016552342272990316,-0.0009033323552663612,0.02277833235526636,10,0.09052663421200566,0.08382438842867398,0.03056227905930462,0.1504909893647067,10,1.0,0.0,1.0,1.0,10,0.317031558852997,0.26702542887853764,0.12601307423023675,0.5080500434757572,10
{},always_otfs,6,0.1051505693325158,0.06811998410999387,0.05642046826361571,0.1538806704014159,10,0.00837520469196405,0.026484722696735307,-0.010570824592331687,0.027321233976259785,10,0.0046875,0.007547592055306999,-0.000711722100346591,0.010086722100346592,10,0.07129552714271789,0.07400458466273724,0.01835583642943002,0.12423521785600576,10,1.0,0.0,1.0,1.0,10,0.08285116836652823,0.09027153577336645,0.018274801836877047,0.1474275348961794,10
{},always_afdm,6,0.20540650001561173,0.12572797704083125,0.11546612336350963,0.2953468766677138,10,0.03634456663006662,0.047230854666488055,0.0025576485686627723,0.07013148469147046,10,0.0140625,0.01368117243392052,0.00427557881737765,0.02384942118262235,10,0.121817873137541,0.08267904183902867,0.06267284957749293,0.18096289669758908,10,1.0,0.0,1.0,1.0,10,0.2541686077827407,0.15853993193911484,0.1407559725951735,0.3675812429703079,10
{},random,6,0.3873683278855312,0.1569935293606031,0.27506192246194056,0.4996747333091219,10,0.05432592864603806,0.056114305056349956,0.014184172999241691,0.09446768429283442,10,0.009375,0.013176156917368247,-5.06548452254129e-05,0.01880065484522541,10,0.13952561415045395,0.07811621051814444,0.08364464348666031,0.19540658481424758,10,1.0,0.0,1.0,1.0,10,0.41890697472619587,0.15410797995553258,0.308664766997093,0.5291491824552987,10
{},rule,6,0.20540650001561173,0.12572797704083125,0.11546612336350963,0.2953468766677138,10,0.03634456663006662,0.047230854666488055,0.0025576485686627723,0.07013148469147046,10,0.0140625,0.01368117243392052,0.00427557881737765,0.02384942118262235,10,0.121817873137541,0.08267904183902867,0.06267284957749293,0.18096289669758908,10,1.0,0.0,1.0,1.0,10,0.2541686077827407,0.15853993193911484,0.1407559725951735,0.3675812429703079,10
{},ucb,6,0.6289920082946987,0.1891207822300393,0.49370315066052317,0.7642808659288742,10,0.07485908977950495,0.07429805024610853,0.02170946643448253,0.12800871312452738,10,0.0078125,0.011048543456039806,-9.115186239035643e-05,0.015716151862390358,10,0.16015973462085403,0.08139514746822647,0.10193315376551887,0.2183863154761892,10,0.6974794170897292,0.0,0.6974794170897292,0.6974794170897292,10,0.6516149393841901,0.18445345043101388,0.5196648897849864,0.7835649889833939,10
{},sliding_window_ucb,6,0.6289920082946987,0.1891207822300393,0.49370315066052317,0.7642808659288742,10,0.07485908977950495,0.07429805024610853,0.02170946643448253,0.12800871312452738,10,0.0078125,0.011048543456039806,-9.115186239035643e-05,0.015716151862390358,10,0.16015973462085403,0.08139514746822647,0.10193315376551887,0.2183863154761892,10,0.6974794170897292,0.0,0.6974794170897292,0.6974794170897292,10,0.6516149393841901,0.18445345043101388,0.5196648897849864,0.7835649889833939,10
{},discounted_ucb,6,0.5769303812917607,0.18219948456687415,0.4465927217393313,0.70726804084419,10,0.04190351558211746,0.03604532691756839,0.016118242043027507,0.06768878912120742,10,0.003125,0.006588078458684124,-0.001587827422612707,0.007837827422612707,10,0.1202339649467347,0.07225497201017896,0.06854587172725898,0.17192205816621042,10,0.7319806052878363,0.007540351817648367,0.7265865625414998,0.7373746480341727,10,0.5921259020546079,0.14139878874050696,0.49097530203069994,0.6932765020785159,10
{},thompson,6,0.49597676810485203,0.16023704535442873,0.3813500911153946,0.6106034450943095,10,0.10431424902070718,0.07786890194798259,0.04861019225048894,0.16001830579092544,10,0.009375,0.01092509216843908,0.0015596598687479743,0.017190340131252025,10,0.16820704815342982,0.07726824349188738,0.11293267655791958,0.22348141974894006,10,0.40267463434251943,0.05649124943002115,0.3622632289348439,0.44308603975019495,10,0.5280932779942658,0.1598083198583938,0.4137732927491702,0.6424132632393613,10
{},linucb,6,0.4692258344727633,0.13366311680109202,0.373609000793176,0.5648426681523506,10,0.09943730365364775,0.08486394280464292,0.038729296098946944,0.16014531120834857,10,0.0140625,0.015537951968933646,0.0029473187541081917,0.025177681245891807,10,0.17082182951398,0.10035567953977372,0.09903170110005012,0.2426119579279099,10,0.5613294368102031,0.05216979458141956,0.5240094139723915,0.5986494596480146,10,0.4989202085621267,0.129768960163438,0.4060890867262855,0.5917513303979679,10
{},sliding_window_linucb,6,0.4692258344727633,0.13366311680109202,0.373609000793176,0.5648426681523506,10,0.09943730365364775,0.08486394280464292,0.038729296098946944,0.16014531120834857,10,0.0140625,0.015537951968933646,0.0029473187541081917,0.025177681245891807,10,0.17082182951398,0.10035567953977372,0.09903170110005012,0.2426119579279099,10,0.5613294368102031,0.05216979458141956,0.5240094139723915,0.5986494596480146,10,0.4989202085621267,0.129768960163438,0.4060890867262855,0.5917513303979679,10
{},uncertainty_aware,6,0.3415031532538566,0.13858299740457028,0.24236684900793307,0.4406394574997802,10,0.05834422778029895,0.05487549569793401,0.01908866296324841,0.0975997925973495,10,0.0125,0.012325166214790868,0.0036831072307951847,0.021316892769204815,10,0.14308269427977943,0.07639493688363845,0.08843304859752532,0.19773233996203354,10,0.5582053513252576,0.029876039900520356,0.5368333198588372,0.579577382791678,10,0.39487783492787853,0.2005566136216444,0.251408276332,0.538347393523757,10
{},always_ofdm,7,0.2663420334402008,0.1876086539525687,0.13213488721205408,0.4005491796683475,10,0.026266311966361526,0.04270293554992875,-0.004281527885254998,0.056814151817978054,10,0.028125,0.03439077920670662,0.0035233185921622126,0.05272668140783779,10,0.1311287770300036,0.09249874123555438,0.06495916369192135,0.19729839036808589,10,1.0,0.0,1.0,1.0,10,0.3571257364411693,0.2941017179376772,0.14673804145141706,0.5675134314309216,10
{},always_otfs,7,0.12093989435793684,0.08287363857819643,0.061655664676642304,0.18022412403923138,10,0.01578932502542102,0.033341240033414106,-0.008061561286696672,0.039640211337538714,10,0.0140625,0.02381068635554679,-0.0029706389207627363,0.03109563892076274,10,0.10558591223155064,0.08633489127165322,0.04382565153262105,0.16734617293048024,10,1.0,0.0,1.0,1.0,10,0.09740248115624761,0.11413894399999491,0.01575239932363484,0.17905256298886038,10
{},always_afdm,7,0.21379872867898855,0.1263782561789823,0.12339317035458995,0.30420428700338714,10,0.0083922286633768,0.02653855722122119,-0.01059231151979051,0.02737676884654411,10,0.015625,0.02209708691207961,-0.00018230372478071286,0.031432303724780716,10,0.09528141956033628,0.08731991822427602,0.03281651302826333,0.15774632609240924,10,1.0,0.0,1.0,1.0,10,0.25841542790124566,0.1703751096647041,0.13653641659407884,0.3802944392084125,10
{},random,7,0.4813940293974473,0.18099855730862305,0.3519154614527975,0.6108725973420971,10,0.09402570151191603,0.08149555924115043,0.03572729040137718,0.15232411262245488,10,0.028125,0.03193689524324145,0.005278721431921065,0.05097127856807894,10,0.18099867031735975,0.11182336614966243,0.10100505309133596,0.26099228754338355,10,1.0,0.0,1.0,1.0,10,0.5088710456017242,0.18542274712789716,0.3762276029164534,0.6415144882869951,10
{},rule,7,0.21379872867898855,0.1263782561789823,0.12339317035458995,0.30420428700338714,10,0.0083922286633768,0.02653855722122119,-0.01059231151979051,0.02737676884654411,10,0.015625,0.02209708691207961,-0.00018230372478071286,0.031432303724780716,10,0.09528141956033628,0.08731991822427602,0.03281651302826333,0.15774632609240924,10,1.0,0.0,1.0,1.0,10,0.25841542790124566,0.1703751096647041,0.13653641659407884,0.3802944392084125,10
{},ucb,7,0.7273132486583835,0.1815830497515278,0.5974165600082038,0.8572099373085633,10,0.09832124036368466,0.07538413797122177,0.044394676663993306,0.152247804063376,10,0.0203125,0.030414169418034237,-0.0014444861330901622,0.04206948613309017,10,0.1828263485190202,0.09123698175810104,0.11755934353683041,0.24809335350120998,10,0.7210134433004416,1.1702778228589004e-16,0.7210134433004415,0.7210134433004417,10,0.7434066884613791,0.18824906780074374,0.6087414177642498,0.8780719591585084,10
{},sliding_window_ucb,7,0.7273132486583835,0.1815830497515278,0.5974165600082038,0.8572099373085633,10,0.09832124036368466,0.07538413797122177,0.044394676663993306,0.152247804063376,10,0.0203125,0.030414169418034237,-0.0014444861330901622,0.04206948613309017,10,0.1828263485190202,0.09123698175810104,0.11755934353683041,0.24809335350120998,10,0.7210134433004416,1.1702778228589004e-16,0.7210134433004415,0.7210134433004417,10,0.7434066884613791,0.18824906780074374,0.6087414177642498,0.8780719591585084,10
{},discounted_ucb,7,0.693211766848567,0.1837627084594312,0.561755844288991,0.8246676894081431,10,0.11628138555680634,0.06706453669608038,0.06830630608435678,0.1642564650292559,10,0.025,0.03054766312211496,0.0031475182237897283,0.04685248177621028,10,0.19937811492844176,0.09035887566491896,0.1347392692042002,0.2640169606526833,10,0.7674581430722661,0.009035596490874213,0.7609944667227952,0.773921819421737,10,0.7004694175412185,0.1532227544921226,0.5908604619607226,0.8100783731217144,10
{},thompson,7,0.5448433574057964,0.17014903532356884,0.4231260699398274,0.6665606448717654,10,0.048866589300944306,0.06898457333834422,-0.0004820016432993471,0.09821518024518797,10,0.021875,0.034704856768661835,-0.0029513589607984315,0.046701358960798425,10,0.14794149754904054,0.08962524859949922,0.08382745701246698,0.21205553808561411,10,0.3711236987921222,0.04294252983830426,0.3404044635116809,0.4018429340725635,10,0.585000176101475,0.15048411764532224,0.47735032330233196,0.6926500289006181,10
{},linucb,7,0.5168368338972239,0.16598023573355045,0.3981017260076559,0.6355719417867919,10,0.047610999424460676,0.050144468546341685,0.011739807552720055,0.0834821912962013,10,0.015625,0.01948779888944761,0.0016842684819217482,0.029565731518078252,10,0.15091563033296088,0.09272931921326848,0.08458107144615201,0.21725018921976974,10,0.5115947436536825,0.02034955535816995,0.4970375486944236,0.5261519386129414,10,0.5588012394532562,0.133597741055349,0.46323117276487036,0.6543713061416421,10
{},sliding_window_linucb,7,0.5168368338972239,0.16598023573355045,0.3981017260076559,0.6355719417867919,10,0.047610999424460676,0.050144468546341685,0.011739807552720055,0.0834821912962013,10,0.015625,0.01948779888944761,0.0016842684819217482,0.029565731518078252,10,0.15091563033296088,0.09272931921326848,0.08458107144615201,0.21725018921976974,10,0.5115947436536825,0.02034955535816995,0.4970375486944236,0.5261519386129414,10,0.5588012394532562,0.133597741055349,0.46323117276487036,0.6543713061416421,10
{},uncertainty_aware,7,0.34989538191723335,0.13339932203051968,0.25446725564853856,0.44532350818592814,10,0.0083922286633768,0.02653855722122119,-0.01059231151979051,0.02737676884654411,10,0.01875,0.02833639689319884,-0.0015206372083763318,0.03902063720837633,10,0.09688036599352925,0.09121507401807871,0.03162903286445905,0.16213169912259945,10,0.5507235108525642,0.039678452372150584,0.5223392559292168,0.5791077657759116,10,0.40072360147957653,0.20925214373201606,0.25103363536801415,0.5504135675911389,10
{},always_ofdm,8,0.3039326722695924,0.21743710532148547,0.14838753735975374,0.4594778071794311,10,0.03759063882939166,0.04895345406411978,0.002571447392640605,0.07260983026614272,10,0.0171875,0.022642776165921,0.0009898336989602255,0.03338516630103978,10,0.11055235249790554,0.08791687538433911,0.04766040853880227,0.17344429645700882,10,1.0,0.0,1.0,1.0,10,0.41036520525450665,0.3548835244044307,0.1564968252503155,0.6642335852586978,10
{},always_otfs,8,0.14193954524110403,0.09917355901372064,0.07099505490919678,0.21288403557301128,10,0.02099965088316717,0.04672638906837606,-0.012426394228793724,0.05442569599512806,10,0.01875,0.035933725647209036,-0.006955438799621318,0.044455438799621314,10,0.07954712460754013,0.09277530501486692,0.013179669459980406,0.14591457975509986,10,1.0,0.0,1.0,1.0,10,0.11963672207921953,0.12803476222941285,0.028046170711833976,0.21122727344660508,10
{},always_afdm,8,0.25126210163060564,0.10876755637714966,0.1734544790287355,0.32906972423247577,10,0.03746337295161703,0.048752122075377526,0.002588205743409115,0.07233854015982494,10,0.0125,0.016137430609197572,0.0009559775688028922,0.02404402243119711,10,0.10735859690936031,0.08516406651120621,0.046435893788518624,0.168281300030202,10,1.0,0.0,1.0,1.0,10,0.3084611411260378,0.1586154076577097,0.19499451386193933,0.42192776839013624,10
{},random,8,0.5834900924936349,0.17500437598095836,0.4582995035574764,0.7086806814297935,10,0.10209606309618773,0.07608803186969168,0.04766596403514287,0.15652616215723258,10,0.015625,0.02209708691207961,-0.00018230372478071286,0.031432303724780716,10,0.17009616713456205,0.08497300662746912,0.10931014002100903,0.23088219424811507,10,1.0,0.0,1.0,1.0,10,0.6216543290517181,0.19393535170713655,0.48292133589274044,0.7603873222106958,10
{},rule,8,0.25126210163060564,0.10876755637714966,0.1734544790287355,0.32906972423247577,10,0.03746337295161703,0.048752122075377526,0.002588205743409115,0.07233854015982494,10,0.0125,0.016137430609197572,0.0009559775688028922,0.02404402243119711,10,0.10735859690936031,0.08516406651120621,0.046435893788518624,0.168281300030202,10,1.0,0.0,1.0,1.0,10,0.3084611411260378,0.1586154076577097,0.19499451386193933,0.42192776839013624,10
{},ucb,8,0.8233144412448716,0.18637813759352187,0.6899875533921007,0.9566413290976425,10,0.09600119258648826,0.0916040255584795,0.03047162028689754,0.16153076488607898,10,0.0109375,0.014823176532039276,0.0003336382991214106,0.021541361700878586,10,0.17526674537633435,0.08395514551045498,0.1152088522421744,0.2353246385104943,10,0.7275515128459663,0.04300821211590009,0.6967852912946457,0.7583177343972869,10,0.8613605501531453,0.18517898355863013,0.7288914854205779,0.9938296148857126,10
{},sliding_window_ucb,8,0.8233144412448716,0.18637813759352187,0.6899875533921007,0.9566413290976425,10,0.09600119258648826,0.0916040255584795,0.03047162028689754,0.16153076488607898,10,0.0109375,0.014823176532039276,0.0003336382991214106,0.021541361700878586,10,0.17526674537633435,0.08395514551045498,0.1152088522421744,0.2353246385104943,10,0.7275515128459663,0.04300821211590009,0.6967852912946457,0.7583177343972869,10,0.8613605501531453,0.18517898355863013,0.7288914854205779,0.9938296148857126,10
{},discounted_ucb,8,0.7911253061686646,0.16194546602038148,0.6752764986574846,0.9069741136798446,10,0.09791353932009761,0.09135855079105562,0.032559569090629445,0.16326750954956576,10,0.0109375,0.014823176532039276,0.0003336382991214106,0.021541361700878586,10,0.1764005582216682,0.08437051009436791,0.11604553116390315,0.23675558527943324,10,0.7718107948752567,0.04703003013383262,0.7381675380301799,0.8054540517203336,10,0.8195570920783185,0.13637445773532753,0.722000681936937,0.9171135022197,10
{},thompson,8,0.5798562344755277,0.2042353361132831,0.43375507634004085,0.7259573926110146,10,0.035012877069731496,0.06770062093108867,-0.01341722965302155,0.08344298379248455,10,0.015625,0.03375385780420761,-0.00852105528398834,0.03977105528398834,10,0.08560909686410784,0.098477710847931,0.015162386323117533,0.15605580740509814,10,0.34911902198569794,0.049570996622421745,0.31365806721512385,0.38457997675627204,10,0.6132963892810146,0.20757720845686461,0.46480459968561527,0.7617881788764139,10
{},linucb,8,0.5912417707061173,0.1637666757377233,0.4740901482463838,0.7083933931658508,10,0.07440493680889335,0.09368001809972316,0.007390288908143694,0.141419584709643,10,0.015625,0.02329237476562281,-0.0010373611454568207,0.03228736114545682,10,0.13068534091780984,0.1079609561707638,0.05345472534394946,0.20791595649167022,10,0.4764826040748617,0.04816347160167598,0.4420285320482295,0.510936676101494,10,0.6321736966864979,0.18135714721511925,0.5024386089758184,0.7619087843971775,10
{},sliding_window_linucb,8,0.5912417707061173,0.1637666757377233,0.4740901482463838,0.7083933931658508,10,0.07440493680889335,0.09368001809972316,0.007390288908143694,0.141419584709643,10,0.015625,0.02329237476562281,-0.0010373611454568207,0.03228736114545682,10,0.13068534091780984,0.1079609561707638,0.05345472534394946,0.20791595649167022,10,0.4764826040748617,0.04816347160167598,0.4420285320482295,0.510936676101494,10,0.6321736966864979,0.18135714721511925,0.5024386089758184,0.7619087843971775,10
{},uncertainty_aware,8,0.4180883240569243,0.13691786012371934,0.32014318726427615,0.5160334608495725,10,0.06819294213969095,0.07586683657886246,0.013921076657512875,0.12246480762186901,10,0.021875,0.025727268823392643,0.003470820574967559,0.04027917942503244,10,0.14194734761529237,0.08955938871184076,0.0778804204041829,0.20601427482640183,10,0.5559805503826704,0.03360082425561162,0.5319439687045181,0.5800171320608226,10,0.48535806541030063,0.19699493012940825,0.34443638169753793,0.6262797491230634,10
{},always_ofdm,9,0.33513623936542886,0.22287609826084456,0.17570028329479784,0.4945721954360599,10,0.031203567095836448,0.05059649111892361,-0.00499098224486327,0.06739811643653616,10,0.0171875,0.020104436526686233,0.0028056524896307687,0.03156934751036923,10,0.10721510300532185,0.08961028577445745,0.043111766228975,0.1713184397816687,10,1.0,0.0,1.0,1.0,10,0.44184950240099424,0.37542894382614744,0.17328381472705112,0.7104151900749374,10
{},always_otfs,9,0.15865867758452087,0.10324615392444078,0.08480082835793701,0.23251652681110474,10,0.01671913234341684,0.035272072033490004,-0.008512987974258424,0.041951252661092106,10,0.0125,0.01920738428602685,-0.0012401349949812263,0.026240134994981228,10,0.08976119814591864,0.08635050595705761,0.02798976737395019,0.1515326289178871,10,1.0,0.0,1.0,1.0,10,0.13366711436630388,0.11452409371116277,0.05174151302796777,0.21559271570464,10
{},always_afdm,9,0.2789070810716586,0.13387725826377267,0.1831370598178843,0.37467710232543294,10,0.02764497944105293,0.04461961211991571,-0.004273968231449814,0.059563927113555674,10,0.0125,0.014358384116760648,0.002228630763241979,0.022771369236758023,10,0.10561639732065164,0.0829965104809175,0.04624427037519368,0.1649885242661096,10,1.0,0.0,1.0,1.0,10,0.3383467325878552,0.1964038389007157,0.19784789006760684,0.47884557510810355,10
{},random,9,0.665561088090594,0.23375212924656308,0.49834488814458605,0.832777288036602,10,0.08207099559695895,0.11408900555286491,0.00045663757737496313,0.16368535361654293,10,0.01875,0.02185018433687816,0.0031193197374959486,0.03438068026250405,10,0.13836944505694243,0.12218522091367241,0.05096340346663593,0.22577548664724895,10,1.0,0.0,1.0,1.0,10,0.6842929682498263,0.2500854699105493,0.5053926002619756,0.863193336237677,10
{},rule,9,0.2789070810716586,0.13387725826377267,0.1831370598178843,0.37467710232543294,10,0.02764497944105293,0.04461961211991571,-0.004273968231449814,0.059563927113555674,10,0.0125,0.014358384116760648,0.002228630763241979,0.022771369236758023,10,0.10561639732065164,0.0829965104809175,0.04624427037519368,0.1649885242661096,10,1.0,0.0,1.0,1.0,10,0.3383467325878552,0.1964038389007157,0.19784789006760684,0.47884557510810355,10
{},ucb,9,0.9472681745921632,0.24560161262121002,0.7715753648817075,1.122960984302619,10,0.12395373334729129,0.08936186786783101,0.06002810403602084,0.18787936265856175,10,0.021875,0.021092142428454776,0.006786590251715196,0.0369634097482848,10,0.19685922325567567,0.08865810438434678,0.13343703601249807,0.2602814104988533,10,0.6334096847967331,0.04402729556967078,0.6019144548589792,0.664904914734487,10,0.9824889675499866,0.22298412617845453,0.8229757329624537,1.1420022021375194,10
{},sliding_window_ucb,9,0.9472681745921632,0.24560161262121002,0.7715753648817075,1.122960984302619,10,0.12395373334729129,0.08936186786783101,0.06002810403602084,0.18787936265856175,10,0.021875,0.021092142428454776,0.006786590251715196,0.0369634097482848,10,0.19685922325567567,0.08865810438434678,0.13343703601249807,0.2602814104988533,10,0.6334096847967331,0.04402729556967078,0.6019144548589792,0.664904914734487,10,0.9824889675499866,0.22298412617845453,0.8229757329624537,1.1420022021375194,10
{},discounted_ucb,9,0.9214374439247299,0.2053974242678614,0.7745049780024982,1.0683699098469617,10,0.1303121377560652,0.07416617509246767,0.07725685221292805,0.18336742329920236,10,0.0171875,0.018706546870904138,0.003805642508704153,0.03056935749129585,10,0.19393856327207318,0.08546529138982703,0.1328003768540546,0.25507674969009175,10,0.6812163797299492,0.04715110148036129,0.6474865136610157,0.7149462457988827,10,0.9377648494915573,0.16949855019625912,0.816512891053652,1.0590168079294626,10
{},thompson,9,0.6264141742088031,0.2410857354981632,0.45395182838491377,0.7988765200326924,10,0.046557939733275204,0.08171006650411647,-0.011893920629211054,0.10500980009576147,10,0.0078125,0.01518477055949297,-0.0030500304855817263,0.018675030485581726,10,0.12246318558619496,0.08640702059763722,0.06065132667579843,0.1842750444965915,10,0.33230524038883213,0.04652907288145948,0.2990203467738453,0.36559013400381896,10,0.6600287690083754,0.24336156334418765,0.4859383940179919,0.8341191439987589,10
{},linucb,9,0.6522543432274984,0.19708765314671517,0.5112663294639611,0.7932423569910357,10,0.06101257252138107,0.056552933890662294,0.02055704070879375,0.10146810433396838,10,0.0171875,0.018706546870904138,0.003805642508704153,0.03056935749129585,10,0.14412226796354247,0.09480531615179436,0.07630263032994845,0.2119419055971365,10,0.4059361227782917,0.08508148003364147,0.34507249846451726,0.4667997470920662,10,0.7005651587912062,0.23675859263461366,0.5311982644979552,0.8699320530844572,10
{},sliding_window_linucb,9,0.6522543432274984,0.19708765314671517,0.5112663294639611,0.7932423569910357,10,0.06101257252138107,0.056552933890662294,0.02055704070879375,0.10146810433396838,10,0.0171875,0.018706546870904138,0.003805642508704153,0.03056935749129585,10,0.14412226796354247,0.09480531615179436,0.07630263032994845,0.2119419055971365,10,0.4059361227782917,0.08508148003364147,0.34507249846451726,0.4667997470920662,10,0.7005651587912062,0.23675859263461366,0.5311982644979552,0.8699320530844572,10
{},uncertainty_aware,9,0.49545698463350546,0.14911767296323522,0.3887846274743444,0.6021293417926665,10,0.07736866057658112,0.06889617333993223,0.02808330718169085,0.12665401397147139,10,0.01875,0.017738944131173332,0.006060323810823821,0.031439676189176174,10,0.1652539372937099,0.08337814047413888,0.10560880869706873,0.22489906589035108,10,0.8714281598270217,0.2079176367162088,0.722692842525307,1.0201634771287365,10,0.5748811968451764,0.22218993831778053,0.4159360900284288,0.7338263036619239,10
{},always_ofdm,10,0.36211090728775736,0.2212374775541954,0.2038471498559233,0.5203746647195914,10,0.02697466792232841,0.043964184859125226,-0.004475415332794837,0.058424751177451655,10,0.0125,0.01920738428602685,-0.0012401349949812263,0.026240134994981228,10,0.09103941840446442,0.08510978220671904,0.030155547935724412,0.15192328887320442,10,1.0,0.0,1.0,1.0,10,0.47164938301745973,0.35989298649673734,0.2141974497102503,0.7291013163246691,10
{},always_otfs,10,0.15865867758452087,0.10324615392444078,0.08480082835793701,0.23251652681110474,10,0.0,0.0,0.0,0.0,10,0.0015625,0.004941058844013093,-0.00197212056695953,0.00509712056695953,10,0.03996340798118722,0.04792164085111856,0.0056823312520466115,0.07424448471032782,10,1.0,0.0,1.0,1.0,10,0.1123909845594923,0.11071007883294781,0.03319376510382953,0.19158820401515508,10
{},always_afdm,10,0.30884369647251264,0.15730993661268822,0.19631094693603812,0.42137644600898716,10,0.029936615400854027,0.04846524884178362,-0.004733335058559284,0.06460656586026733,10,0.0125,0.017738944131173336,-0.00018967618917617966,0.025189676189176183,10,0.09289468589387107,0.08609045738576922,0.031309282663266165,0.15448008912447597,10,1.0,0.0,1.0,1.0,10,0.3700018806937274,0.21929641274203995,0.21312667738023972,0.5268770840072151,10
{},random,10,0.7188194498051181,0.24708546500168496,0.5420651560468225,0.8955737435634138,10,0.05325836171452418,0.07762426337921681,-0.0022706911660563614,0.10878741459510471,10,0.00625,0.015095184110614,-0.004548444200693183,0.017048444200693184,10,0.09506079071181402,0.09548198488996834,0.026757093423300835,0.1633644880003272,10,1.0,0.0,1.0,1.0,10,0.7181142211736417,0.2575541495911873,0.5338710815976319,0.9023573607496514,10
{},rule,10,0.30884369647251264,0.15730993661268822,0.19631094693603812,0.42137644600898716,10,0.029936615400854027,0.04846524884178362,-0.004733335058559284,0.06460656586026733,10,0.0125,0.017738944131173336,-0.00018967618917617966,0.025189676189176183,10,0.09289468589387107,0.08609045738576922,0.031309282663266165,0.15448008912447597,10,1.0,0.0,1.0,1.0,10,0.3700018806937274,0.21929641274203995,0.21312667738023972,0.5268770840072151,10
{},ucb,10,1.0137243210812463,0.24494925012948748,0.8384981833844521,1.1889504587780404,10,0.06645614648908323,0.06848323621565798,0.017466190517781498,0.11544610246038495,10,0.0046875,0.010546071214227388,-0.0028567048741424015,0.0122317048741424,10,0.12883892326179067,0.06701061331362561,0.08090241825337438,0.17677542827020695,10,0.6237085678219583,0.026783167500359074,0.6045490439863339,0.6428680916575826,10,1.0500883530237783,0.22914547879966102,0.886167552288436,1.2140091537591207,10
{},sliding_window_ucb,10,1.0137243210812463,0.24494925012948748,0.8384981833844521,1.1889504587780404,10,0.06645614648908323,0.06848323621565798,0.017466190517781498,0.11544610246038495,10,0.0046875,0.010546071214227388,-0.0028567048741424015,0.0122317048741424,10,0.12883892326179067,0.06701061331362561,0.08090241825337438,0.17677542827020695,10,0.6237085678219583,0.026783167500359074,0.6045490439863339,0.6428680916575826,10,1.0500883530237783,0.22914547879966102,0.886167552288436,1.2140091537591207,10
{},discounted_ucb,10,1.0339270059873473,0.2368764312995362,0.8644758149913515,1.2033781969833433,10,0.11248956206261736,0.08569567936720365,0.051186566013925724,0.173792558111309,10,0.009375,0.013176156917368247,-5.06548452254129e-05,0.01880065484522541,10,0.15993274913571603,0.08315427019690579,0.10044776768793909,0.21941773058349298,10,0.6695543941053981,0.030714045568669936,0.6475828894970095,0.6915258987137867,10,1.0364580608392744,0.18855511550685053,0.9015738568020197,1.171342264876529,10
{},thompson,10,0.6813862039828056,0.24980146917748916,0.5026889978806552,0.8600834100849559,10,0.054972029774002465,0.04053696935510533,0.02597362879799016,0.08397043075001477,10,0.0109375,0.016552342272990316,-0.0009033323552663612,0.02277833235526636,10,0.11791517730053383,0.08386813272848188,0.05791952936086759,0.17791082524020008,10,0.3234203240317995,0.07159047961447361,0.2722075800365683,0.37463306802703067,10,0.7167044085209103,0.27040625906369564,0.5232674236772235,0.9101413933645972,10
{},linucb,10,0.6977403781671649,0.24150595056280616,0.5249774285947829,0.870503327739547,10,0.04548603493966652,0.07558541829654121,-0.008584516030781662,0.09955658591011471,10,0.0078125,0.016876928902103804,-0.00426052764199417,0.01988552764199417,10,0.09405000258062282,0.0810690908924204,0.036056668548533455,0.1520433366127122,10,0.36544827398477053,0.08546722086532721,0.304308707303128,0.4265878406664131,10,0.7333756235838301,0.27232339321946186,0.5385672035821097,0.9281840435855505,10
{},sliding_window_linucb,10,0.6977403781671649,0.24150595056280616,0.5249774285947829,0.870503327739547,10,0.04548603493966652,0.07558541829654121,-0.008584516030781662,0.09955658591011471,10,0.0078125,0.016876928902103804,-0.00426052764199417,0.01988552764199417,10,0.09405000258062282,0.0810690908924204,0.036056668548533455,0.1520433366127122,10,0.36544827398477053,0.08546722086532721,0.304308707303128,0.4265878406664131,10,0.7333756235838301,0.27232339321946186,0.5385672035821097,0.9281840435855505,10
{},uncertainty_aware,10,0.5387847312165339,0.15097653507978634,0.4307826242050179,0.6467868382280499,10,0.04332774658302848,0.037953703851535625,0.01617730242499621,0.07047819074106075,10,0.0046875,0.01482317653203928,-0.005916361700878591,0.015291361700878591,10,0.1065829608435958,0.06118350603372478,0.06281491726979149,0.1503510044174001,10,0.9575784402911811,0.1341487505766967,0.8616142051364338,1.0535426754459285,10,0.6202246199007734,0.2443429865594158,0.44543217703567917,0.7950170627658676,10
{},always_ofdm,11,0.3955526393673174,0.21612019998687163,0.24094956178312762,0.5501557169515071,10,0.03344173207956004,0.043215724214111795,0.0025270653157076425,0.06435639884341243,10,0.025,0.025727268823392643,0.006595820574967562,0.04340417942503244,10,0.14170037939214192,0.08144587502888503,0.08343751022596571,0.19996324855831812,10,1.0,0.0,1.0,1.0,10,0.5339085907732402,0.3687634558426285,0.2701111059600896,0.7977060755863907,10
{},always_otfs,11,0.16840827106253856,0.09953627188036981,0.097204311576583,0.23961223054849412,10,0.00974959347801767,0.03083092165125861,-0.012305519243195612,0.03180470619923095,10,0.009375,0.013176156917368247,-5.06548452254129e-05,0.01880065484522541,10,0.08919076511437926,0.08380900159990336,0.029237417035900562,0.14914411319285797,10,1.0,0.0,1.0,1.0,10,0.12214057803751,0.12257078959797417,0.034458717226155386,0.2098224388488646,10
{},always_afdm,11,0.31979115346765524,0.17100330791757706,0.1974627562019659,0.4421195507333446,10,0.010947456995142619,0.034618898691393556,-0.013817411261456466,0.0357123252517417,10,0.0125,0.017738944131173336,-0.00018967618917617966,0.025189676189176183,10,0.09235546210008586,0.08626390966945803,0.030645978580484713,0.154064945619687,10,1.0,0.0,1.0,1.0,10,0.3829161711574517,0.23891201048669541,0.2120088145322354,0.553823527782668,10
{},random,11,0.7899190206173441,0.25203308156721993,0.6096254151807108,0.9702126260539774,10,0.07109957081222601,0.08194940421568803,0.012476498564903599,0.12972264305954842,10,0.015625,0.01948779888944761,0.0016842684819217482,0.029565731518078252,10,0.1653071681190003,0.09299500142511678,0.09878255162714748,0.23183178461085308,10,1.0,0.0,1.0,1.0,10,0.8039802176562804,0.2568636251691741,0.6202310494943113,0.9877293858182494,10
{},rule,11,0.31979115346765524,0.17100330791757706,0.1974627562019659,0.4421195507333446,10,0.010947456995142619,0.034618898691393556,-0.013817411261456466,0.0357123252517417,10,0.0125,0.017738944131173336,-0.00018967618917617966,0.025189676189176183,10,0.09235546210008586,0.08626390966945803,0.030645978580484713,0.154064945619687,10,1.0,0.0,1.0,1.0,10,0.3829161711574517,0.23891201048669541,0.2120088145322354,0.553823527782668,10
{},ucb,11,1.1394245296110468,0.26805149187930655,0.9476720437347075,1.331177015487386,10,0.12570020852980038,0.07958871365934354,0.06876587257486044,0.1826345444847403,10,0.0234375,0.025779934730759544,0.004995645654422502,0.0418793543455775,10,0.19842251359886337,0.08880898943373462,0.1348923896935958,0.26195263750413095,10,0.6263019754183723,0.03635302937314958,0.6002965848026928,0.6523073660340518,10,1.16906969498628,0.24860597609872714,0.9912276931140833,1.3469116968584767,10
{},sliding_window_ucb,11,1.1394245296110468,0.26805149187930655,0.9476720437347075,1.331177015487386,10,0.12570020852980038,0.07958871365934354,0.06876587257486044,0.1826345444847403,10,0.0234375,0.025779934730759544,0.004995645654422502,0.0418793543455775,10,0.19842251359886337,0.08880898943373462,0.1348923896935958,0.26195263750413095,10,0.6263019754183723,0.03635302937314958,0.6002965848026928,0.6523073660340518,10,1.16906969498628,0.24860597609872714,0.9912276931140833,1.3469116968584767,10
{},discounted_ucb,11,1.1298929165338745,0.2647088746200384,0.9405315949980284,1.3192542380697205,10,0.09596591054652724,0.07949024382969566,0.03910201566425741,0.15282980542879707,10,0.0171875,0.020104436526686233,0.0028056524896307687,0.03156934751036923,10,0.17983789216805643,0.0897166828632681,0.11565844349945184,0.24401734083666102,10,0.6817322489584938,0.044025127611194356,0.650238569884808,0.7132259280321797,10,1.1368547813709693,0.21548932462090467,0.9827030048366419,1.2910065579052967,10
{},thompson,11,0.7340684843326111,0.23443218328020363,0.5663658030371932,0.901771165628029,10,0.052682280349805564,0.051931233393062014,0.015532913905586358,0.08983164679402478,10,0.0125,0.024206145913796356,-0.0048160336467956595,0.02981603364679566,10,0.14789357525376648,0.10148412149841692,0.07529620809171417,0.2204909424158188,10,0.30639735836247584,0.05730386717852827,0.26540464123647706,0.3473900754884746,10,0.7851568121383153,0.27472064778321637,0.5886334995290011,0.9816801247476296,10
{},linucb,11,0.7500502416690285,0.23923166693981487,0.5789142165925294,0.9211862667455275,10,0.052309863501863584,0.07325701920976789,-9.505110196436628e-05,0.10471477810569153,10,0.015625,0.018042195912175804,0.002718390555030441,0.02853160944496956,10,0.14287780353978421,0.08853010348514709,0.07954718262382184,0.2062084244557466,10,0.35838010412594096,0.08089621564333614,0.30051043759715845,0.41624977065472346,10,0.7968122554872528,0.2683713971068322,0.6048309231971412,0.9887935877773644,10
{},sliding_window_linucb,11,0.7500502416690285,0.23923166693981487,0.5789142165925294,0.9211862667455275,10,0.052309863501863584,0.07325701920976789,-9.505110196436628e-05,0.10471477810569153,10,0.015625,0.018042195912175804,0.002718390555030441,0.02853160944496956,10,0.14287780353978421,0.08853010348514709,0.07954718262382184,0.2062084244557466,10,0.35838010412594096,0.08089621564333614,0.30051043759715845,0.41624977065472346,10,0.7968122554872528,0.2683713971068322,0.6048309231971412,0.9887935877773644,10
{},uncertainty_aware,11,0.5943747393952001,0.1590312095204569,0.48061066539706265,0.7081388133933376,10,0.05559000817866626,0.030670790664866783,0.033649446264431095,0.07753057009290143,10,0.0078125,0.01327869664998121,-0.0016865073510882941,0.017311507351088294,10,0.1451029821523731,0.07956851677497236,0.08818309417814754,0.20202287012659867,10,0.9600127792458057,0.12645069488320998,0.869555401394077,1.0504701570975346,10,0.6858864304167849,0.23618044076202083,0.5169331210583032,0.8548397397752665,10
{},always_ofdm,12,0.441186452206762,0.22027622016921294,0.28361033688370746,0.5987625675298165,10,0.04563381283944463,0.04853134856654391,0.010916577485440115,0.08035104819344914,10,0.015625,0.01473139127471974,0.005086797516812859,0.02616320248318714,10,0.12242417829352048,0.0837750491970229,0.0624951183009172,0.18235323828612376,10,1.0,0.0,1.0,1.0,10,0.609487794372545,0.3699147411546059,0.3448667296607084,0.8741088590843815,10
{},always_otfs,12,0.18790249723837582,0.12444631690643737,0.09887896501454234,0.2769260294622093,10,0.019494226175837272,0.041129591833137365,-0.009928111382479173,0.04891656373415372,10,0.0109375,0.019557274328665195,-0.0030529312533191244,0.024927931253319123,10,0.07321575113074538,0.08048512069339656,0.0156401642134191,0.13079133804807166,10,1.0,0.0,1.0,1.0,10,0.1485113544740397,0.16749037997246558,0.028695954474125318,0.2683267544739541,10
{},always_afdm,12,0.3571902327023599,0.19925952068886382,0.21464855849365463,0.49973190691106517,10,0.03739907923470469,0.04857230874935853,0.002652542731053198,0.07214561573835618,10,0.0109375,0.012863634411696322,0.0017354102874837796,0.02013958971251622,10,0.10616222994004483,0.08388402785992184,0.04615521130833143,0.16616924857175824,10,1.0,0.0,1.0,1.0,10,0.44223342640328084,0.28918612640993957,0.2353621337599135,0.6491047190466481,10
{},random,12,0.860863722531727,0.22792133009093837,0.6978186250291263,1.0239088200343278,10,0.0709447019143828,0.07853990732853368,0.014760636811231999,0.12712876701753362,10,0.0109375,0.016552342272990316,-0.0009033323552663612,0.02277833235526636,10,0.13273442595609083,0.08510312612463464,0.07185531696163673,0.19361353495054495,10,1.0,0.0,1.0,1.0,10,0.8898696689181556,0.2430722097117054,0.7159862850470411,1.06375305278927,10
{},rule,12,0.3571902327023599,0.19925952068886382,0.21464855849365463,0.49973190691106517,10,0.03739907923470469,0.04857230874935853,0.002652542731053198,0.07214561573835618,10,0.0109375,0.012863634411696322,0.0017354102874837796,0.02013958971251622,10,0.10616222994004483,0.08388402785992184,0.04615521130833143,0.16616924857175824,10,1.0,0.0,1.0,1.0,10,0.44223342640328084,0.28918612640993957,0.2353621337599135,0.6491047190466481,10
{},ucb,12,1.2136396166771326,0.21707031219476014,1.058356869763566,1.3689223635906993,10,0.07421508706608575,0.07629023789938245,0.01964033852526912,0.12878983560690238,10,0.00625,0.01092509216843908,-0.001565340131252025,0.014065340131252026,10,0.14396593672806193,0.07713883107386632,0.0887841411995037,0.19914773225662016,10,0.5777734014353845,0.044206219543187195,0.5461501769975288,0.6093966258732402,10,1.2661906570201267,0.19575985390661652,1.12615249361276,1.4062288204274933,10
{},sliding_window_ucb,12,1.2136396166771326,0.21707031219476014,1.058356869763566,1.3689223635906993,10,0.07421508706608575,0.07629023789938245,0.01964033852526912,0.12878983560690238,10,0.00625,0.01092509216843908,-0.001565340131252025,0.014065340131252026,10,0.14396593672806193,0.07713883107386632,0.0887841411995037,0.19914773225662016,10,0.5777734014353845,0.044206219543187195,0.5461501769975288,0.6093966258732402,10,1.2661906570201267,0.19575985390661652,1.12615249361276,1.4062288204274933,10
{},discounted_ucb,12,1.2448280273524046,0.23428781434118762,1.077228621374522,1.4124274333302873,10,0.11493511081853032,0.0977196892504997,0.0450306562621508,0.18483956537490984,10,0.0140625,0.01719538960335331,0.0017616592960811063,0.026363340703918894,10,0.17832110307002177,0.0878548863781198,0.11547350337461283,0.24116870276543073,10,0.6520683634026679,0.05175943974034768,0.6150418907343229,0.689094836071013,10,1.2683309097467754,0.18501216407881577,1.1359811804811466,1.4006806390124042,10
{},thompson,12,0.8124394614942337,0.23891953389613155,0.6415267229461208,0.9833522000423467,10,0.07837097716162265,0.09154900339857966,0.012880765344098682,0.14386118897914663,10,0.009375,0.013176156917368247,-5.06548452254129e-05,0.01880065484522541,10,0.1401130983891525,0.09272776560023178,0.07377965089015867,0.20644654588814634,10,0.321527305124508,0.0824096768411968,0.2625749736758905,0.3804796365731255,10,0.8784249358332522,0.2742832787038944,0.6822144982152968,1.0746353734512077,10
{},linucb,12,0.7868490032730711,0.23807365142136683,0.6165413725949356,0.9571566339512065,10,0.03679876160404245,0.03963559032146092,0.008445168344660772,0.06515235486342412,10,0.00625,0.015095184110613998,-0.004548444200693181,0.01704844420069318,10,0.0997206638195044,0.07278115285845524,0.047656163496415424,0.15178516414259335,10,0.31761498674737854,0.025375990306402276,0.2994620968354005,0.3357678766593566,10,0.8496879446125416,0.28712251870349764,0.6442928679932283,1.055083021231855,10
{},sliding_window_linucb,12,0.7868490032730711,0.23807365142136683,0.6165413725949356,0.9571566339512065,10,0.03679876160404245,0.03963559032146092,0.008445168344660772,0.06515235486342412,10,0.00625,0.015095184110613998,-0.004548444200693181,0.01704844420069318,10,0.0997206638195044,0.07278115285845524,0.047656163496415424,0.15178516414259335,10,0.31761498674737854,0.025375990306402276,0.2994620968354005,0.3357678766593566,10,0.8496879446125416,0.28712251870349764,0.6442928679932283,1.055083021231855,10
{},uncertainty_aware,12,0.6374111230658397,0.1484110723572363,0.5312442375299555,0.7435780086017238,10,0.04303638367063934,0.07895971127644773,-0.013447991085812953,0.09952075842709163,10,0.009375,0.013176156917368247,-5.06548452254129e-05,0.01880065484522541,10,0.10465667723312233,0.09162814832564829,0.03910984854544587,0.1702035059207988,10,0.6616403336407604,0.17926737822964864,0.5334001766057574,0.7898804906757633,10,0.7436981329556916,0.22132659137184912,0.58537062733898,0.9020256385724033,10
{},always_ofdm,13,0.46018326913236685,0.2376506087342365,0.29017826496199783,0.6301882733027359,10,0.01899681692560487,0.04050550637771023,-0.009979076792244891,0.04797271064345463,10,0.015625,0.02655739329996242,-0.0033730147021765883,0.03462301470217659,10,0.0926137138573591,0.08850151532528484,0.029303543678983676,0.15592388403573454,10,1.0,0.0,1.0,1.0,10,0.636281346189743,0.39641116029382223,0.3527058850627064,0.9198568073167795,10
{},always_otfs,13,0.19924892256759885,0.12755186976530872,0.10800381165925992,0.2904940334759378,10,0.01134642532922302,0.035880547341370604,-0.01432097200206801,0.03701382266051405,10,0.0140625,0.023810686355546794,-0.0029706389207627363,0.03109563892076274,10,0.0754688011901414,0.0849202827629917,0.014720490457152707,0.1362171119231301,10,1.0,0.0,1.0,1.0,10,0.15815999362402006,0.15825183985740268,0.044953447096666196,0.2713665401513739,10
{},always_afdm,13,0.3666449222976964,0.21605040808433015,0.21209177083297173,0.5211980737624211,10,0.00945468959533648,0.02989835369115897,-0.011933304195316064,0.030842683385989025,10,0.0125,0.02057126839388698,-0.0022157989105067166,0.027215798910506718,10,0.07779347235888856,0.08407533152307377,0.017649603330598562,0.13793734138717856,10,1.0,0.0,1.0,1.0,10,0.4542067367220083,0.3060711027276306,0.23525665966233106,0.6731568137816855,10
{},random,13,0.8898747874042524,0.25423815276184236,0.7080037690603499,1.0717458057481548,10,0.02901106487252541,0.0374898007502013,0.0021924770017420596,0.055829652743308755,10,0.0125,0.027362344867841035,-0.007073842365244696,0.0320738423652447,10,0.09127022331386024,0.07313466672843352,0.03895283440251964,0.14358761222520083,10,1.0,0.0,1.0,1.0,10,0.9153197301918545,0.25710510752508076,0.7313978159589133,1.0992416444247959,10
{},rule,13,0.3666449222976964,0.21605040808433015,0.21209177083297173,0.5211980737624211,10,0.00945468959533648,0.02989835369115897,-0.011933304195316064,0.030842683385989025,10,0.0125,0.02057126839388698,-0.0022157989105067166,0.027215798910506718,10,0.07779347235888856,0.08407533152307377,0.017649603330598562,0.13793734138717856,10,1.0,0.0,1.0,1.0,10,0.4542067367220083,0.3060711027276306,0.23525665966233106,0.6731568137816855,10
{},ucb,13,1.2961765265230354,0.21418469025863668,1.142958029189546,1.4493950238565247,10,0.08253690984590312,0.06447783861699379,0.03641224270803494,0.1286615769837713,10,0.0140625,0.027013130166437374,-0.005261529216922934,0.033386529216922936,10,0.1488330106911781,0.08545820654791907,0.08769989246374622,0.20996612891861,10,0.5832389769133636,0.028097730586303337,0.5631390712958517,0.6033388825308754,10,1.3492035056711436,0.18324302508461265,1.2181193422026713,1.4802876691396158,10
{},sliding_window_ucb,13,1.2961765265230354,0.21418469025863668,1.142958029189546,1.4493950238565247,10,0.08253690984590312,0.06447783861699379,0.03641224270803494,0.1286615769837713,10,0.0140625,0.027013130166437374,-0.005261529216922934,0.033386529216922936,10,0.1488330106911781,0.08545820654791907,0.08769989246374622,0.20996612891861,10,0.5832389769133636,0.028097730586303337,0.5631390712958517,0.6033388825308754,10,1.3492035056711436,0.18324302508461265,1.2181193422026713,1.4802876691396158,10
{},discounted_ucb,13,1.3231236595808173,0.278428809387333,1.1239476879594776,1.522299631202157,10,0.07829563222841256,0.07050039182393415,0.027862690062277352,0.12872857439454777,10,0.015625,0.02946278254943948,-0.005451404966374283,0.03670140496637428,10,0.14285159422446636,0.09436900618132925,0.07534407394139614,0.21035911450753658,10,0.6194454444419301,0.032014123665062025,0.5965439199889632,0.642346968894897,10,1.3453623419310807,0.210604173746,1.1947051918119114,1.49601949205025,10
{},thompson,13,0.9000633559739931,0.2864770222230997,0.6951300397197235,1.1049966722282627,10,0.08762389447975935,0.08882061549465128,0.0240854537915256,0.1511623351679931,10,0.01875,0.02927806108865666,-0.002194263193719039,0.039694263193719034,10,0.15169996151384302,0.10675532235052024,0.07533180441938697,0.22806811860829906,10,0.31269431886654997,0.0675110308320312,0.2643998367304647,0.36098880100263525,10,0.9643047353069342,0.31835823443626,0.7365649737247006,1.1920444968891677,10
{},linucb,13,0.8698434435820849,0.25225969479296745,0.6893877288094248,1.050299158354745,10,0.08299444030901373,0.0658886941985526,0.035860507887525254,0.1301283727305022,10,0.015625,0.02946278254943948,-0.005451404966374283,0.03670140496637428,10,0.14264918931941212,0.09397138714492087,0.07542610855998906,0.2098722700788352,10,0.305632436478164,0.02669090584685138,0.2865389126535343,0.3247259603027937,10,0.9265169718917925,0.2907048404588941,0.718559256665284,1.134474687118301,10
{},sliding_window_linucb,13,0.8698434435820849,0.25225969479296745,0.6893877288094248,1.050299158354745,10,0.08299444030901373,0.0658886941985526,0.035860507887525254,0.1301283727305022,10,0.015625,0.02946278254943948,-0.005451404966374283,0.03670140496637428,10,0.14264918931941212,0.09397138714492087,0.07542610855998906,0.2098722700788352,10,0.305632436478164,0.02669090584685138,0.2865389126535343,0.3247259603027937,10,0.9265169718917925,0.2907048404588941,0.718559256665284,1.134474687118301,10
{},uncertainty_aware,13,0.6610058997055303,0.14114559946474745,0.560036420378559,0.7619753790325015,10,0.02359477663969064,0.03862215073909755,-0.004033845615645463,0.05122339889502674,10,0.0125,0.02057126839388698,-0.0022157989105067166,0.027215798910506718,10,0.09141708213675384,0.07969749520311059,0.03440492855323608,0.1484292357202716,10,0.5824541345179521,0.040437733935975474,0.553526722284333,0.6113815467515713,10,0.7692950530522843,0.21622251727148617,0.6146187820919435,0.923971324012625,10
{},always_ofdm,14,0.5114464065601647,0.26095548589274264,0.3247700975712484,0.698122715549081,10,0.051263137427797846,0.05494099803269588,0.011960715063217046,0.09056555979237865,10,0.0296875,0.025989531145572186,0.011095709411615882,0.048279290588384115,10,0.16075608279745873,0.07145043426001495,0.10964352121369114,0.21186864438122632,10,1.0,0.0,1.0,1.0,10,0.7168132674428381,0.4160652422285849,0.4191781230729084,1.014448411812768,10
{},always_otfs,14,0.19924892256759885,0.12755186976530872,0.10800381165925992,0.2904940334759378,10,0.0,0.0,0.0,0.0,10,0.00625,0.01092509216843908,-0.001565340131252025,0.014065340131252026,10,0.0723055875435756,0.07586168824349378,0.01803740495865787,0.12657377012849336,10,1.0,0.0,1.0,1.0,10,0.1502414196232322,0.1456953516193638,0.046017243671920824,0.25446559557454357,10
{},always_afdm,14,0.3951579583006957,0.21960360219985844,0.23806300488711077,0.5522529117142807,10,0.02851303600299927,0.04601392291628984,-0.004403341526783806,0.06142941353278235,10,0.0234375,0.024705294220065465,0.005764397165202349,0.04111060283479765,10,0.12976997584664815,0.0877726136718606,0.06698123049983608,0.19255872119346024,10,1.0,0.0,1.0,1.0,10,0.5037525510242931,0.3115061279765075,0.2809144911186108,0.7265906109299753,10
{},random,14,0.9905515494853118,0.26687341009129756,0.7996418125518437,1.18146128641878,10,0.10067676208105932,0.08187840577326919,0.04210447905983563,0.159249045102283,10,0.0125,0.012325166214790868,0.0036831072307951847,0.021316892769204815,10,0.18667838590130836,0.09272646539057981,0.1203458685162683,0.25301090328634845,10,1.0,0.0,1.0,1.0,10,1.0217739545487994,0.2743566066037284,0.825511061311296,1.2180368477863026,10
{},rule,14,0.3951579583006957,0.21960360219985844,0.23806300488711077,0.5522529117142807,10,0.02851303600299927,0.04601392291628984,-0.004403341526783806,0.06142941353278235,10,0.0234375,0.024705294220065465,0.005764397165202349,0.04111060283479765,10,0.12976997584664815,0.0877726136718606,0.06698123049983608,0.19255872119346024,10,1.0,0.0,1.0,1.0,10,0.5037525510242931,0.3115061279765075,0.2809144911186108,0.7265906109299753,10
{},ucb,14,1.357030624679626,0.2469647025891221,1.180362719147141,1.5336985302121109,10,0.06085409815659028,0.07126077780188558,0.009877208629910823,0.11183098768326974,10,0.009375,0.013176156917368247,-5.06548452254129e-05,0.01880065484522541,10,0.15258961809957944,0.0912716225049027,0.0872978326199365,0.21788140357922237,10,0.5342822804192475,0.03565925852440337,0.508773183571392,0.559791377267103,10,1.4215689622263594,0.20648824956094103,1.2738561668974964,1.5692817575552225,10
{},sliding_window_ucb,14,1.357030624679626,0.2469647025891221,1.180362719147141,1.5336985302121109,10,0.06085409815659028,0.07126077780188558,0.009877208629910823,0.11183098768326974,10,0.009375,0.013176156917368247,-5.06548452254129e-05,0.01880065484522541,10,0.15258961809957944,0.0912716225049027,0.0872978326199365,0.21788140357922237,10,0.5342822804192475,0.03565925852440337,0.508773183571392,0.559791377267103,10,1.4215689622263594,0.20648824956094103,1.2738561668974964,1.5692817575552225,10
{},discounted_ucb,14,1.3893866131861539,0.3042067018952567,1.1717702481374457,1.607002978234862,10,0.0662629536053363,0.07433832817288366,0.013084517167236388,0.11944139004343621,10,0.0125,0.02057126839388698,-0.0022157989105067166,0.027215798910506718,10,0.1616723612545475,0.08535297603740712,0.10061452039953103,0.22273020210956399,10,0.6175524146629569,0.03857767285069807,0.589955609972251,0.6451492193536627,10,1.4268105416412649,0.22885271878516517,1.2630991688040893,1.5905219144784404,10
{},thompson,14,0.9582839710314233,0.32710056224495676,0.7242903248768245,1.1922776171860219,10,0.058220615057430106,0.06896068705032626,0.008889111334278527,0.10755211878058168,10,0.01875,0.02530199541977316,0.0006500428411799208,0.03684995715882008,10,0.14615463642921636,0.10409296266131784,0.07169101672465622,0.2206182561337765,10,0.27925905506425264,0.06128311648751282,0.23541975446442243,0.32309835566408285,10,1.0302352101917869,0.36409051468806236,0.7697805461048324,1.2906898742787414,10
{},linucb,14,0.9124267130544569,0.2351261124622806,0.7442276247263734,1.0806258013825403,10,0.04258326947237208,0.04771426223871241,0.008450542465770483,0.07671599647897367,10,0.015625,0.020833333333333332,0.0007217311252429165,0.030528268874757084,10,0.14385063849285892,0.09128343262559888,0.07855040456181542,0.20915087242390243,10,0.2892647929756125,0.050148171689128385,0.25339095203510553,0.3251386339161194,10,0.9901434488402877,0.2847546784591782,0.7864422230920254,1.19384467458855,10
{},sliding_window_linucb,14,0.9124267130544569,0.2351261124622806,0.7442276247263734,1.0806258013825403,10,0.04258326947237208,0.04771426223871241,0.008450542465770483,0.07671599647897367,10,0.015625,0.020833333333333332,0.0007217311252429165,0.030528268874757084,10,0.14385063849285892,0.09128343262559888,0.07855040456181542,0.20915087242390243,10,0.2892647929756125,0.050148171689128385,0.25339095203510553,0.3251386339161194,10,0.9901434488402877,0.2847546784591782,0.7864422230920254,1.19384467458855,10
{},uncertainty_aware,14,0.6892558264897621,0.14038951475046949,0.5888272175846618,0.7896844353948624,10,0.02824992678423186,0.039578874611257066,-6.309450017745466e-05,0.05656294806864118,10,0.0140625,0.020104436526686233,-0.0003193475103692323,0.028444347510369235,10,0.12862215401506322,0.09901483698155894,0.05779120658499534,0.1994531014451311,10,0.564304283344629,0.09559766805499058,0.4959178313051106,0.6326907353841474,10,0.817693045522984,0.21679152901205925,0.6626097280844359,0.9727763629615322,10
{},always_ofdm,15,0.5398040305274432,0.26792776619270087,0.34814005267546533,0.731468008379421,10,0.028357623967278412,0.04629052323347826,-0.004756621509603962,0.06147186944416079,10,0.0203125,0.01811721576138134,0.007352224587815058,0.03327277541218494,10,0.139720593802031,0.08072146043826896,0.08197593961605074,0.19746524798801127,10,1.0,0.0,1.0,1.0,10,0.752369495019894,0.4156026300371728,0.4550652834758854,1.0496737065639028,10
{},always_otfs,15,0.21673975051024813,0.14761519850968477,0.11114219882750541,0.32233730219299084,10,0.0174908279426493,0.03687520284899364,-0.008888103075099213,0.04386975896039781,10,0.015625,0.01647019614671031,0.0038429314434682317,0.02740706855653177,10,0.1220209046723361,0.08320328727098374,0.06250085852210614,0.18154095082256605,10,1.0,0.0,1.0,1.0,10,0.16809795807059316,0.15351088521829412,0.05828288618530307,0.27791302995588324,10
{},always_afdm,15,0.442274518432487,0.22184095658492642,0.28357905810840034,0.6009699787565737,10,0.0471165601317913,0.05025195819988444,0.011168474794066574,0.08306464546951603,10,0.028125,0.01613743060919757,0.016580977568802897,0.039669022431197104,10,0.17409397441687602,0.052974582033062795,0.13619824131767871,0.21198970751607332,10,1.0,0.0,1.0,1.0,10,0.5736821592161939,0.30231987747032396,0.3574155470502489,0.7899487713821389,10
{},random,15,1.059112593576216,0.30412280417860077,0.8415562453385144,1.2766689418139177,10,0.06856104409090448,0.06098641329371126,0.024933992169789025,0.11218809601201993,10,0.015625,0.01647019614671031,0.0038429314434682317,0.02740706855653177,10,0.17974780898197174,0.105513346200391,0.10426810810358346,0.25522750986036,10,1.0,0.0,1.0,1.0,10,1.097357397305796,0.3272958636899611,0.8632240409137639,1.331490753697828,10
{},rule,15,0.442274518432487,0.22184095658492642,0.28357905810840034,0.6009699787565737,10,0.0471165601317913,0.05025195819988444,0.011168474794066574,0.08306464546951603,10,0.028125,0.01613743060919757,0.016580977568802897,0.039669022431197104,10,0.17409397441687602,0.052974582033062795,0.13619824131767871,0.21198970751607332,10,1.0,0.0,1.0,1.0,10,0.5736821592161939,0.30231987747032396,0.3574155470502489,0.7899487713821389,10
{},ucb,15,1.45470152580957,0.20406285127070847,1.3087237558973972,1.6006792957217426,10,0.09767090112994395,0.08654032462753802,0.035763682261161805,0.1595781199987261,10,0.0203125,0.01811721576138134,0.007352224587815058,0.03327277541218494,10,0.2112194159110396,0.08041546135899356,0.15369366027964504,0.26874517154243416,10,0.5638445145733751,0.03209476321232649,0.5408853040633769,0.5868037250833734,10,1.528624011912424,0.16732347608126827,1.4089280077637139,1.648320016061134,10
{},sliding_window_ucb,15,1.45470152580957,0.20406285127070847,1.3087237558973972,1.6006792957217426,10,0.09767090112994395,0.08654032462753802,0.035763682261161805,0.1595781199987261,10,0.0203125,0.01811721576138134,0.007352224587815058,0.03327277541218494,10,0.2112194159110396,0.08041546135899356,0.15369366027964504,0.26874517154243416,10,0.5638445145733751,0.03209476321232649,0.5408853040633769,0.5868037250833734,10,1.528624011912424,0.16732347608126827,1.4089280077637139,1.648320016061134,10
{},discounted_ucb,15,1.4980340049205159,0.34053027701529265,1.2544333195595039,1.7416346902815278,10,0.10864739173436204,0.09619239198106455,0.03983549982717009,0.177459283641554,10,0.0234375,0.01983274246318726,0.009250010714270793,0.03762498928572921,10,0.21347811039654507,0.08191881081401868,0.1548769233503845,0.27207929744270565,10,0.6208997692953745,0.04971061739986417,0.5853389358374376,0.6564606027533114,10,1.5361242858128346,0.25249393776721485,1.3555010037108672,1.7167475679148019,10
{},thompson,15,1.0144291274930244,0.33234539177958117,0.7766835563101006,1.2521746986759483,10,0.05614515646160103,0.07349648686714304,0.003568937015308929,0.10872137590789313,10,0.0171875,0.018706546870904138,0.003805642508704153,0.03056935749129585,10,0.16718772749844962,0.08188432301722541,0.10861121153589744,0.22576424346100182,10,0.2850168503794813,0.07943567434590254,0.22819199215429914,0.3418417086046635,10,1.0932585714652614,0.37960596720218504,0.8217048212727951,1.3648123216577277,10
{},linucb,15,1.0047034715408134,0.276551796257706,0.8068702342243831,1.2025367088572438,10,0.09227675848635646,0.08089988999699875,0.03440446348330637,0.15014905348940655,10,0.0234375,0.01983274246318726,0.009250010714270793,0.03762498928572921,10,0.2129178834079649,0.08020822488261971,0.15554037582111707,0.2702953909948127,10,0.2850848709379129,0.03545480531933106,0.2597220311022573,0.31044771077356853,10,1.0988969660232777,0.31157786651086805,0.8760075874616151,1.3217863445849403,10
{},sliding_window_linucb,15,1.0047034715408134,0.276551796257706,0.8068702342243831,1.2025367088572438,10,0.09227675848635646,0.08089988999699875,0.03440446348330637,0.15014905348940655,10,0.0234375,0.01983274246318726,0.009250010714270793,0.03762498928572921,10,0.2129178834079649,0.08020822488261971,0.15554037582111707,0.2702953909948127,10,0.2850848709379129,0.03545480531933106,0.2597220311022573,0.31044771077356853,10,1.0988969660232777,0.31157786651086805,0.8760075874616151,1.3217863445849403,10
{},uncertainty_aware,15,0.7155319044483054,0.15652634398380025,0.6035597033103874,0.8275041055862233,10,0.02627607795854333,0.042749432043000093,-0.0043050234804960195,0.05685717939758268,10,0.0203125,0.01811721576138134,0.007352224587815058,0.03327277541218494,10,0.14549452966590742,0.07071152406900119,0.0949105525901867,0.19607850674162813,10,0.552716322268166,0.08317767582650704,0.49321459744161483,0.6122180470947173,10,0.8590232089639163,0.22497642336721937,0.6980847708236193,1.0199616471042132,10
{},always_ofdm,16,0.5957443583449468,0.26770631566851183,0.40423879665478224,0.7872499200351113,10,0.05594032781750352,0.04938529933591577,0.020612212883254794,0.09126844275175225,10,0.0203125,0.023350533095270725,0.003608534891788799,0.0370164651082112,10,0.12382958975837852,0.08574008139669775,0.062494830411248384,0.18516434910550866,10,1.0,0.0,1.0,1.0,10,0.8226487426213502,0.3945540910981259,0.5404017487683532,1.1048957364743472,10
{},always_otfs,16,0.22518985969914213,0.15289993906303018,0.11581183236520713,0.3345678870330771,10,0.00845010918889397,0.026721591514022945,-0.010665365839661763,0.027565584217449705,10,0.0015625,0.004941058844013093,-0.00197212056695953,0.00509712056695953,10,0.040674994450861396,0.04859397805734241,0.005912956658095644,0.07543703224362715,10,1.0,0.0,1.0,1.0,10,0.15522261036453225,0.15532236900262483,0.04411168104403529,0.2663335396850292,10
{},always_afdm,16,0.4760512594665716,0.23130021098209602,0.31058905618396915,0.6415134627491741,10,0.033776741034084554,0.043782773559235474,0.002456431605161763,0.06509705046300734,10,0.0078125,0.011048543456039806,-9.115186239035643e-05,0.015716151862390358,10,0.08812255911421712,0.08032163682723274,0.030663921509568808,0.14558119671886544,10,1.0,0.0,1.0,1.0,10,0.6082543761734887,0.3084469491128408,0.3876047209945839,0.8289040313523934,10
{},random,16,1.1616372235693482,0.2647066640451465,0.9722774833835173,1.350996963755179,10,0.1025246299931317,0.08179394671258541,0.04401276534424144,0.16103649464202194,10,0.0140625,0.015537951968933646,0.0029473187541081917,0.025177681245891807,10,0.16341195694453287,0.07985653778398155,0.10628603115244285,0.2205378827366229,10,1.0,0.0,1.0,1.0,10,1.2072190120934063,0.2802868561073581,1.0067138739192476,1.407724150267565,10
{},rule,16,0.4760512594665716,0.23130021098209602,0.31058905618396915,0.6415134627491741,10,0.033776741034084554,0.043782773559235474,0.002456431605161763,0.06509705046300734,10,0.0078125,0.011048543456039806,-9.115186239035643e-05,0.015716151862390358,10,0.08812255911421712,0.08032163682723274,0.030663921509568808,0.14558119671886544,10,1.0,0.0,1.0,1.0,10,0.6082543761734887,0.3084469491128408,0.3876047209945839,0.8289040313523934,10
{},ucb,16,1.5620115225980429,0.21138127577536817,1.4107984671755074,1.7132245780205784,10,0.10730999678847312,0.07152627101167505,0.056143184860677764,0.15847680871626849,10,0.0109375,0.019557274328665195,-0.0030529312533191244,0.024927931253319123,10,0.16142164889716967,0.08346082738693711,0.10171736964642342,0.22112592814791593,10,0.5402070871078242,0.032346765668450274,0.5170676049005117,0.5633465693151366,10,1.6364953186526712,0.15976092424012223,1.5222092381904198,1.7507813991149226,10
{},sliding_window_ucb,16,1.5620115225980429,0.21138127577536817,1.4107984671755074,1.7132245780205784,10,0.10730999678847312,0.07152627101167505,0.056143184860677764,0.15847680871626849,10,0.0109375,0.019557274328665195,-0.0030529312533191244,0.024927931253319123,10,0.16142164889716967,0.08346082738693711,0.10171736964642342,0.22112592814791593,10,0.5402070871078242,0.032346765668450274,0.5170676049005117,0.5633465693151366,10,1.6364953186526712,0.15976092424012223,1.5222092381904198,1.7507813991149226,10
{},discounted_ucb,16,1.6149164906761928,0.36735204133113414,1.3521286709810518,1.8777043103713338,10,0.11688248575567677,0.09628736083097601,0.04800265722584689,0.18576231428550666,10,0.0140625,0.022642776165921,-0.0021351663010397755,0.030260166301039775,10,0.16373279145546685,0.08620489651624712,0.10206552340255928,0.2254000595083744,10,0.59860618831288,0.03138807941682148,0.5761525089363463,0.6210598676894138,10,1.646306735111379,0.26662222962236926,1.455576681861008,1.8370367883617498,10
{},thompson,16,1.0976643835728326,0.379215888191951,0.8263896790942182,1.368939088051447,10,0.08323525607980808,0.09156722591133108,0.017732008661942925,0.14873850349767326,10,0.01875,0.024206145913796356,0.001433966353204339,0.036066033646795656,10,0.14424612959805425,0.08870672469417436,0.0807891614804702,0.20770309771563827,10,0.23783656515982168,0.03500721589053827,0.21279391151310037,0.26287921880654297,10,1.1839543589063934,0.4037079260337774,0.8951591060159008,1.4727496117968861,10
{},linucb,16,1.066884747426826,0.2601897108421991,0.8807562409087495,1.2530132539449024,10,0.06218127588601254,0.06972507221007346,0.012302963960000808,0.11205958781202427,10,0.009375,0.015095184110613998,-0.001423444200693182,0.020173444200693183,10,0.12382156341008888,0.07334904066647802,0.07135082062170423,0.17629230619847353,10,0.2883512283459256,0.03858728032356645,0.2607475508831543,0.31595490580869684,10,1.1691681872764443,0.2900289576969316,0.9616939694513442,1.3766424051015445,10
{},sliding_window_linucb,16,1.066884747426826,0.2601897108421991,0.8807562409087495,1.2530132539449024,10,0.06218127588601254,0.06972507221007346,0.012302963960000808,0.11205958781202427,10,0.009375,0.015095184110613998,-0.001423444200693182,0.020173444200693183,10,0.12382156341008888,0.07334904066647802,0.07135082062170423,0.17629230619847353,10,0.2883512283459256,0.03858728032356645,0.2607475508831543,0.31595490580869684,10,1.1691681872764443,0.2900289576969316,0.9616939694513442,1.3766424051015445,10
{},uncertainty_aware,16,0.7423110499887846,0.17708934832777518,0.6156289616855359,0.8689931382920333,10,0.026779145540479,0.043547720712035005,-0.00437301721092671,0.05793130829188471,10,0.0078125,0.01518477055949297,-0.0030500304855817263,0.018675030485581726,10,0.0735877963320153,0.07733389442784581,0.018266460886082594,0.128909131777948,10,0.5999999531547572,0.16133240195114718,0.4845897052593173,0.715410201050197,10,0.8790606631390092,0.24155819650853896,0.7062603390685374,1.051860987209481,10
{},always_ofdm,17,0.6229685662618702,0.28043864356178577,0.4223548458839443,0.8235822866397962,10,0.02722420791692352,0.044124005911770424,-0.004340204431931793,0.05878862026577883,10,0.021875,0.023524145397158785,0.00504684013266864,0.03870315986733136,10,0.14104180167962016,0.08199625210825015,0.08238521646882244,0.19969838689041788,10,1.0,0.0,1.0,1.0,10,0.8507875207170033,0.418934216888762,0.5511000355108103,1.1504750059231963,10
{},always_otfs,17,0.24074803480962886,0.1605897673148929,0.12586903572985964,0.3556270338893981,10,0.015558175110486721,0.032843686259508106,-0.007936782673366755,0.039053132894340196,10,0.015625,0.01948779888944761,0.0016842684819217482,0.029565731518078252,10,0.11982305894026557,0.08330609155754093,0.060229471033681724,0.1794166468468494,10,1.0,0.0,1.0,1.0,10,0.16214264572083073,0.18293852342061467,0.031276309620584336,0.29300898182107715,10
{},always_afdm,17,0.48545174839771227,0.2402212530894751,0.31360781603498344,0.6572956807604411,10,0.009400488931140701,0.029726956141606364,-0.011864894438769907,0.03066587230105131,10,0.0234375,0.025779934730759544,0.004995645654422502,0.0418793543455775,10,0.11332032924798945,0.09278564671922965,0.04694547609079415,0.17969518240518473,10,1.0,0.0,1.0,1.0,10,0.6086716818375111,0.32696948495484596,0.3747718027276114,0.8425715609474107,10
{},random,17,1.2107350686619294,0.3071891128668277,0.9909852153282125,1.4304849219956461,10,0.04909784509258129,0.07363673335315234,-0.0035787006460181667,0.10177439083118076,10,0.0203125,0.02448470681988158,0.0027971958852979067,0.037827804114702095,10,0.16109727101041568,0.0890463565153375,0.09739734492406919,0.22479719709676216,10,1.0,0.0,1.0,1.0,10,1.2554132595198548,0.32202539512782075,1.0250501692115443,1.4857763498281653,10
{},rule,17,0.48545174839771227,0.2402212530894751,0.31360781603498344,0.6572956807604411,10,0.009400488931140701,0.029726956141606364,-0.011864894438769907,0.03066587230105131,10,0.0234375,0.025779934730759544,0.004995645654422502,0.0418793543455775,10,0.11332032924798945,0.09278564671922965,0.04694547609079415,0.17969518240518473,10,1.0,0.0,1.0,1.0,10,0.6086716818375111,0.32696948495484596,0.3747718027276114,0.8425715609474107,10
{},ucb,17,1.6537341268402173,0.18415125129000456,1.5220002574835183,1.7854679961969162,10,0.09172260424217424,0.058496933603562576,0.049876418809724356,0.13356878967462413,10,0.0203125,0.025568620226319953,0.0020218109445088693,0.038603189055491136,10,0.19614294063501697,0.08801705439739163,0.1331793329270915,0.25910654834294244,10,0.5152441873716108,0.030741563564361318,0.49325299757496543,0.5372353771682562,10,1.7197352357037214,0.13989262313767944,1.6196620816453582,1.8198083897620847,10
{},sliding_window_ucb,17,1.6537341268402173,0.18415125129000456,1.5220002574835183,1.7854679961969162,10,0.09172260424217424,0.058496933603562576,0.049876418809724356,0.13356878967462413,10,0.0203125,0.025568620226319953,0.0020218109445088693,0.038603189055491136,10,0.19614294063501697,0.08801705439739163,0.1331793329270915,0.25910654834294244,10,0.5152441873716108,0.030741563564361318,0.49325299757496543,0.5372353771682562,10,1.7197352357037214,0.13989262313767944,1.6196620816453582,1.8198083897620847,10
{},discounted_ucb,17,1.7055478525958574,0.3583941275880774,1.44916813836006,1.9619275668316547,10,0.09063136191966434,0.07372754579932632,0.03788985287054463,0.14337287096878404,10,0.0171875,0.021411254990723404,0.001870810876508703,0.0325041891234913,10,0.1865408612468002,0.09714488040585467,0.11704760016706069,0.2560341223265397,10,0.5850267709423842,0.0406954963951542,0.555914966553487,0.6141385753312814,10,1.7199445727742124,0.2662512710978609,1.529479887266184,1.910409258282241,10
{},thompson,17,1.1466954064169141,0.3683431327403552,0.8831986026377212,1.410192210196107,10,0.049031022844081514,0.07364064342712186,-0.0036483199929349605,0.10171036568109798,10,0.0171875,0.023810686355546794,0.00015436107923726475,0.03422063892076274,10,0.15830993341427285,0.09164177091134633,0.09275335971583988,0.22386650711270584,10,0.23997480205351146,0.061324613538866875,0.196105816251417,0.28384378785560593,10,1.229361268736699,0.3956536342363971,0.9463277091063076,1.5123948283670905,10
{},linucb,17,1.149226796277859,0.2866170512410806,0.9441933092985382,1.35426028325718,10,0.08234204885103293,0.061821922017131124,0.03811730999460557,0.12656678770746027,10,0.021875,0.021092142428454776,0.006786590251715196,0.0369634097482848,10,0.19037609405852068,0.0763555503949792,0.1357546237729316,0.24499756434410977,10,0.2958497190371874,0.04288770590554406,0.2651697024356595,0.32652973563871523,10,1.2466412577509978,0.31968848177376136,1.01794989454921,1.4753326209527855,10
{},sliding_window_linucb,17,1.149226796277859,0.2866170512410806,0.9441933092985382,1.35426028325718,10,0.08234204885103293,0.061821922017131124,0.03811730999460557,0.12656678770746027,10,0.021875,0.021092142428454776,0.006786590251715196,0.0369634097482848,10,0.19037609405852068,0.0763555503949792,0.1357546237729316,0.24499756434410977,10,0.2958497190371874,0.04288770590554406,0.2651697024356595,0.32652973563871523,10,1.2466412577509978,0.31968848177376136,1.01794989454921,1.4753326209527855,10
{},uncertainty_aware,17,0.7750237339179626,0.1910084759262343,0.6383845015618234,0.9116629662741019,10,0.0327126839291782,0.042548516098160925,0.0022753090988027226,0.06315005875955368,10,0.0234375,0.023581732130566187,0.006568145065232348,0.040306854934767655,10,0.1416621329026587,0.089945740522326,0.07731882625577752,0.20600543954953987,10,0.5992983184547964,0.1653217651240962,0.4810342520630919,0.7175623848465009,10,0.907819772457701,0.26195401498380394,0.7204291587876637,1.0952103861277382,10
{},always_ofdm,18,0.6741793387140451,0.2873093498614659,0.46865061113562534,0.8797080662924649,10,0.05121077245217476,0.06018899482774761,0.008154159337649028,0.09426738556670049,10,0.028125,0.03883614975480677,0.0003432920709015991,0.0559067079290984,10,0.1445307748373815,0.08902421064884514,0.08084669094956941,0.20821485872519357,10,1.0,0.0,1.0,1.0,10,0.9272544574047391,0.4448591047089045,0.6090214246594341,1.2454874901500441,10
{},always_otfs,18,0.2527841352672246,0.15414191119327475,0.14251765459287408,0.3630506159415751,10,0.01203610045759575,0.03806149159259745,-0.01519145040538598,0.03926365132057748,10,0.009375,0.01976423537605237,-0.004763482267838121,0.023513482267838122,10,0.07367059337063955,0.07986765294687616,0.0165367162700117,0.13080447047126742,10,1.0,0.0,1.0,1.0,10,0.1677494009418245,0.16233668201132626,0.051620734369789145,0.28387806751385986,10
{},always_afdm,18,0.5042426885246298,0.25186090449786586,0.3240722511436117,0.684413125905648,10,0.01879094012691758,0.039733554756051205,-0.009632732667289503,0.047214612921124666,10,0.0140625,0.020104436526686233,-0.0003193475103692323,0.028444347510369235,10,0.09206390967210416,0.08802283137873948,0.029096169360675717,0.1550316499835326,10,1.0,0.0,1.0,1.0,10,0.6326717533599695,0.362172039518171,0.37358948373476386,0.8917540229851751,10
{},random,18,1.3175421254496948,0.2655408585083235,1.1275856384936929,1.5074986124056968,10,0.10680705678776561,0.11019151546750673,0.027980795216763693,0.18563331835876754,10,0.0234375,0.03701216250924973,-0.003039406056554523,0.04991440605655452,10,0.1852728834297212,0.09275830878110287,0.11891758665536038,0.251628180204082,10,1.0,0.0,1.0,1.0,10,1.3726223047999304,0.27675538598045873,1.1746434281693405,1.5706011814305203,10
{},rule,18,0.5042426885246298,0.25186090449786586,0.3240722511436117,0.684413125905648,10,0.01879094012691758,0.039733554756051205,-0.009632732667289503,0.047214612921124666,10,0.0140625,0.020104436526686233,-0.0003193475103692323,0.028444347510369235,10,0.09206390967210416,0.08802283137873948,0.029096169360675717,0.1550316499835326,10,1.0,0.0,1.0,1.0,10,0.6326717533599695,0.362172039518171,0.37358948373476386,0.8917540229851751,10
{},ucb,18,1.7208822258319045,0.17927971066935727,1.5926332467009883,1.8491312049628208,10,0.06714809899168712,0.0681731975918201,0.018379931291070954,0.11591626669230329,10,0.015625,0.02209708691207961,-0.00018230372478071286,0.031432303724780716,10,0.15704413345216423,0.0893340508336232,0.09313840324841845,0.22094986365591002,10,0.4937805253239504,0.03072550228391024,0.47180082507519466,0.5157602255727061,10,1.80871553100624,0.1644441098646455,1.6910793013654604,1.9263517606470195,10
{},sliding_window_ucb,18,1.7208822258319045,0.17927971066935727,1.5926332467009883,1.8491312049628208,10,0.06714809899168712,0.0681731975918201,0.018379931291070954,0.11591626669230329,10,0.015625,0.02209708691207961,-0.00018230372478071286,0.031432303724780716,10,0.15704413345216423,0.0893340508336232,0.09313840324841845,0.22094986365591002,10,0.4937805253239504,0.03072550228391024,0.47180082507519466,0.5157602255727061,10,1.80871553100624,0.1644441098646455,1.6910793013654604,1.9263517606470195,10
{},discounted_ucb,18,1.820310547265649,0.333488696134401,1.5817471054168581,2.05887398911444,10,0.11476269466979191,0.07779640806765754,0.05911049689750608,0.17041489244207775,10,0.021875,0.025727268823392643,0.003470820574967559,0.04027917942503244,10,0.19014224609556007,0.08692552751275825,0.127959469682629,0.25232502250849115,10,0.5708107187159321,0.03295783291637827,0.5472341053327912,0.5943873320990731,10,1.8420229807201267,0.24457212430444938,1.6670666225867001,2.0169793388535533,10
{},thompson,18,1.2287607977936041,0.4116706799188312,0.9342693339207528,1.5232522616664554,10,0.08206539137668992,0.10663791511190655,0.005781222361189206,0.1583495603921906,10,0.009375,0.010925092168439078,0.0015596598687479778,0.01719034013125202,10,0.1459162715349474,0.10434527185118819,0.07127216070896919,0.22056038236092562,10,0.25860392135022875,0.08981435650732944,0.19435460116581182,0.3228532415346457,10,1.307213702122001,0.43800880609081033,0.9938810778012321,1.6205463264427697,10
{},linucb,18,1.2178744150208984,0.2829548333023965,1.0154607209352495,1.4202881091065473,10,0.0686476187430396,0.09274619937650143,0.0023009845148878327,0.13499425297119136,10,0.0140625,0.020104436526686233,-0.0003193475103692323,0.028444347510369235,10,0.13398082123815208,0.11578678218093544,0.05115194698285225,0.21680969549345191,10,0.31556056937317556,0.08705105940302357,0.2532879928556214,0.3778331458907297,10,1.312558240839504,0.3031221577901057,1.0957177119062647,1.5293987697727434,10
{},sliding_window_linucb,18,1.2178744150208984,0.2829548333023965,1.0154607209352495,1.4202881091065473,10,0.0686476187430396,0.09274619937650143,0.0023009845148878327,0.13499425297119136,10,0.0140625,0.020104436526686233,-0.0003193475103692323,0.028444347510369235,10,0.13398082123815208,0.11578678218093544,0.05115194698285225,0.21680969549345191,10,0.31556056937317556,0.08705105940302357,0.2532879928556214,0.3778331458907297,10,1.312558240839504,0.3031221577901057,1.0957177119062647,1.5293987697727434,10
{},uncertainty_aware,18,0.7889179526323762,0.1957033236762549,0.6489202285156959,0.9289156767490565,10,0.013894218714413408,0.029308443954504108,-0.007071779072213321,0.03486021650104014,10,0.009375,0.01976423537605237,-0.004763482267838121,0.023513482267838122,10,0.07339821715723487,0.07281860363180175,0.021306926164797867,0.12548950814967186,10,0.5855951623468314,0.18387670944065365,0.4540576883980484,0.7171326362956144,10,0.9131541514652899,0.2738186605861989,0.7172760816264752,1.1090322213041046,10
{},always_ofdm,19,0.7207327827774415,0.2662897477055394,0.5302405727623911,0.9112249927924918,10,0.04655344406339632,0.06375208793295027,0.0009479476893844291,0.09215894043740822,10,0.0296875,0.04260021884724694,-0.0007868607489927432,0.06016186074899274,10,0.11835309749197173,0.10074496339318403,0.04628449218511503,0.19042170279882842,10,1.0,0.0,1.0,1.0,10,0.9975429398588034,0.43293985663719464,0.6878364235357843,1.3072494561818224,10
{},always_otfs,19,0.2776642287339663,0.1657899810661275,0.15906522083463587,0.3962632366332967,10,0.024880093466741682,0.04006753676233762,-0.0037824956621382265,0.05354268259562159,10,0.009375,0.015095184110613998,-0.001423444200693182,0.020173444200693183,10,0.08732758653084141,0.08205148307568651,0.02863149146606367,0.14602368159561915,10,1.0,0.0,1.0,1.0,10,0.20701237243475828,0.19384722962746787,0.06834241801404159,0.34568232685547495,10
{},always_afdm,19,0.5323876372752523,0.2528280447014207,0.3515253494705623,0.7132499250799422,10,0.028144948750622473,0.04576639447911016,-0.004594357602195617,0.06088425510344056,10,0.0125,0.01920738428602685,-0.0012401349949812263,0.026240134994981228,10,0.09116122755350065,0.08561241580249784,0.02991779467083852,0.15240466043616277,10,1.0,0.0,1.0,1.0,10,0.6757683658755624,0.3499084513467383,0.4254589387409881,0.9260777930101367,10
{},random,19,1.3936626629478857,0.24229700574182803,1.2203338265901724,1.566991499305599,10,0.07612053749819062,0.05286314238972141,0.038304523517458444,0.11393655147892279,10,0.009375,0.01976423537605237,-0.004763482267838121,0.023513482267838122,10,0.13904229195843038,0.08882718317694432,0.07549915303331196,0.2025854308835488,10,1.0,0.0,1.0,1.0,10,1.4635999817204532,0.25162991827111175,1.2835947819319318,1.6436051815089747,10
{},rule,19,0.5323876372752523,0.2528280447014207,0.3515253494705623,0.7132499250799422,10,0.028144948750622473,0.04576639447911016,-0.004594357602195617,0.06088425510344056,10,0.0125,0.01920738428602685,-0.0012401349949812263,0.026240134994981228,10,0.09116122755350065,0.08561241580249784,0.02991779467083852,0.15240466043616277,10,1.0,0.0,1.0,1.0,10,0.6757683658755624,0.3499084513467383,0.4254589387409881,0.9260777930101367,10
{},ucb,19,1.7669480111224687,0.1812093894388637,1.637318622957447,1.8965773992874904,10,0.04606578529056427,0.05371197673096396,0.007642551801784185,0.08448901877934437,10,0.0078125,0.01983274246318726,-0.006374989285729207,0.02199998928572921,10,0.13041611117937546,0.07286782798153466,0.07828960720841424,0.18254261515033668,10,0.5091819497477522,0.020107279658998358,0.49479806838304885,0.5235658311124556,10,1.8910670271477077,0.16503014616637068,1.7730115723913293,2.009122481904086,10
{},sliding_window_ucb,19,1.7669480111224687,0.1812093894388637,1.637318622957447,1.8965773992874904,10,0.04606578529056427,0.05371197673096396,0.007642551801784185,0.08448901877934437,10,0.0078125,0.01983274246318726,-0.006374989285729207,0.02199998928572921,10,0.13041611117937546,0.07286782798153466,0.07828960720841424,0.18254261515033668,10,0.5091819497477522,0.020107279658998358,0.49479806838304885,0.5235658311124556,10,1.8910670271477077,0.16503014616637068,1.7730115723913293,2.009122481904086,10
{},discounted_ucb,19,1.8756009965624307,0.3750369287994979,1.6073157395450526,2.143886253579809,10,0.05529044929678163,0.06822584336303103,0.006484621080158633,0.10409627751340464,10,0.00625,0.015095184110614,-0.004548444200693183,0.017048444200693184,10,0.12777182693622915,0.06918119176982855,0.07828258363917859,0.17726107023327972,10,0.5893143462819733,0.035289245123407434,0.5640699410758284,0.6145587514881182,10,1.921730192618448,0.27452125563636454,1.725349516558384,2.118110868678512,10
{},thompson,19,1.3359233277947486,0.4547070072499048,1.010645529957239,1.6612011256322583,10,0.10716253000114491,0.08074738702136046,0.04939932905490145,0.16492573094738838,10,0.021875,0.03142313151874657,-0.0006037541397152374,0.044353754139715235,10,0.16967579094391738,0.09948640120987512,0.09850750678650647,0.2408440751013283,10,0.2816817370441687,0.09082403378885567,0.21671013724359248,0.346653336844745,10,1.4288248780280104,0.48471850648183123,1.0820781469558785,1.7755716091001423,10
{},linucb,19,1.2944394104696524,0.30205350202064296,1.0783633518212223,1.5105154691180824,10,0.07656499544875409,0.08685348870352552,0.014433752495506831,0.13869623840200135,10,0.0109375,0.014823176532039276,0.0003336382991214106,0.021541361700878586,10,0.1390518589985648,0.08434114740563398,0.07871783674296395,0.19938588125416562,10,0.29761227471458573,0.09077961382229802,0.2326724510438503,0.3625520983853212,10,1.4035454848001616,0.30563748736250507,1.1849055974864697,1.6221853721138535,10
{},sliding_window_linucb,19,1.2944394104696524,0.30205350202064296,1.0783633518212223,1.5105154691180824,10,0.07656499544875409,0.08685348870352552,0.014433752495506831,0.13869623840200135,10,0.0109375,0.014823176532039276,0.0003336382991214106,0.021541361700878586,10,0.1390518589985648,0.08434114740563398,0.07871783674296395,0.19938588125416562,10,0.29761227471458573,0.09077961382229802,0.2326724510438503,0.3625520983853212,10,1.4035454848001616,0.30563748736250507,1.1849055974864697,1.6221853721138535,10
{},uncertainty_aware,19,0.8697422633184791,0.21269255184733457,0.7175911775022052,1.021893349134753,10,0.0808243106861029,0.1013858139551265,0.008297268504054128,0.15335135286815166,10,0.0171875,0.030768865599462354,-0.004823220496002461,0.03919822049600247,10,0.13681436639917818,0.11727187510935962,0.05292312066149567,0.22070561213686068,10,0.7265202311561053,0.2478929820193645,0.5491882745225095,0.9038521877897011,10,1.0019039028265606,0.2657367623649914,0.8118072746937817,1.1920005309593396,10
{},always_ofdm,20,0.7524761345634889,0.2257152241950165,0.5910091901488774,0.9139430789781005,10,0.03174335178604752,0.05207113473480075,-0.005506094049141527,0.06899279762123657,10,0.025,0.03770200223094554,-0.001970387665494691,0.051970387665494694,10,0.09875048970122054,0.09812421737443126,0.028556653157720074,0.168944326244721,10,1.0,0.0,1.0,1.0,10,1.0353764909030083,0.3886041313842011,0.7573858418217199,1.3133671399842968,10
{},always_otfs,20,0.2956662596255727,0.1687053605179973,0.17498171490177067,0.4163508043493747,10,0.01800203089160638,0.03812771435618186,-0.009272892882639092,0.045276954665851854,10,0.0078125,0.01327869664998121,-0.0016865073510882941,0.017311507351088294,10,0.07217474123521363,0.07738509225843912,0.01681678106759437,0.12753270140283288,10,1.0,0.0,1.0,1.0,10,0.21827017501295648,0.2062099909002594,0.07075643393866315,0.3657839160872498,10
{},always_afdm,20,0.5323876372752523,0.2528280447014207,0.3515253494705623,0.7132499250799422,10,0.0,0.0,0.0,0.0,10,0.00625,0.01976423537605237,-0.00788848226783812,0.02038848226783812,10,0.04330221422678582,0.05867448909949958,0.0013290132441212202,0.08527541520945042,10,1.0,0.0,1.0,1.0,10,0.6581536414453328,0.3666779425133522,0.39584804299481086,0.9204592398958549,10
{},random,20,1.4665734145218068,0.24525883002693252,1.2911258167074202,1.6420210123361934,10,0.07291075157392102,0.06254282087902914,0.02817031273811578,0.11765119040972626,10,0.0109375,0.020898336091394666,-0.004012269046644548,0.025887269046644547,10,0.12585931709681056,0.08719585552828286,0.06348315967109183,0.18823547452252928,10,1.0,0.0,1.0,1.0,10,1.5285423601602481,0.2624233402504841,1.3408160114195364,1.7162687089009598,10
{},rule,20,0.5323876372752523,0.2528280447014207,0.3515253494705623,0.7132499250799422,10,0.0,0.0,0.0,0.0,10,0.00625,0.01976423537605237,-0.00788848226783812,0.02038848226783812,10,0.04330221422678582,0.05867448909949958,0.0013290132441212202,0.08527541520945042,10,1.0,0.0,1.0,1.0,10,0.6581536414453328,0.3666779425133522,0.39584804299481086,0.9204592398958549,10
{},ucb,20,1.8491722201169303,0.1825686645650728,1.7185704651032367,1.9797739751306238,10,0.08222420899446162,0.053894366685247955,0.04367050159230157,0.12077791639662167,10,0.015625,0.02655739329996242,-0.0033730147021765883,0.03462301470217659,10,0.14260888485531656,0.0943083050001553,0.07514478758140077,0.21007298212923237,10,0.4905465744159517,0.03218723066743498,0.4675212166733624,0.513571932158541,10,1.9727589733460085,0.16784333339601734,1.8526910856770642,2.0928268610149527,10
{},sliding_window_ucb,20,1.8491722201169303,0.1825686645650728,1.7185704651032367,1.9797739751306238,10,0.08222420899446162,0.053894366685247955,0.04367050159230157,0.12077791639662167,10,0.015625,0.02655739329996242,-0.0033730147021765883,0.03462301470217659,10,0.14260888485531656,0.0943083050001553,0.07514478758140077,0.21007298212923237,10,0.4905465744159517,0.03218723066743498,0.4675212166733624,0.513571932158541,10,1.9727589733460085,0.16784333339601734,1.8526910856770642,2.0928268610149527,10
{},discounted_ucb,20,1.964054346867456,0.3657029232352468,1.7024462351909986,2.2256624585439138,10,0.08845335030502541,0.04675603867839789,0.055006095139775536,0.12190060547027529,10,0.0109375,0.020898336091394666,-0.004012269046644548,0.025887269046644547,10,0.14629986955646618,0.08194610543763492,0.08767915711280538,0.20492058200012697,10,0.5604432878407131,0.04746854103619297,0.5264863391932815,0.5944002364881447,10,2.007113123517899,0.26614918669815235,1.8167214647901957,2.1975047822456024,10
{},thompson,20,1.3938275584512472,0.4774026231743323,1.0523142950265394,1.735340821875955,10,0.05790423065649839,0.049110600768284815,0.022772623239669568,0.09303583807332722,10,0.0125,0.02185018433687816,-0.00313068026250405,0.02813068026250405,10,0.11827972196149572,0.0935689936793888,0.05134449614656561,0.18521494777642583,10,0.26285519954092906,0.07415658230991488,0.2098067762610387,0.31590362282081946,10,1.486187661332491,0.5096440570708055,1.1216102655109745,1.8507650571540073,10
{},linucb,20,1.3691145559539932,0.2831869167833927,1.166534839347448,1.5716942725605385,10,0.0746751454843406,0.06476303285684573,0.028346462677446227,0.12100382829123496,10,0.0125,0.025301995419773165,-0.005599957158820081,0.030599957158820083,10,0.12529818261379347,0.08489488042893019,0.06456804361590389,0.18602832161168303,10,0.2829531173076627,0.041889615982318114,0.2529870912255119,0.3129191433898135,10,1.4679267287569395,0.29130953646547064,1.2595364400661029,1.6763170174477762,10
{},sliding_window_linucb,20,1.3691145559539932,0.2831869167833927,1.166534839347448,1.5716942725605385,10,0.0746751454843406,0.06476303285684573,0.028346462677446227,0.12100382829123496,10,0.0125,0.025301995419773165,-0.005599957158820081,0.030599957158820083,10,0.12529818261379347,0.08489488042893019,0.06456804361590389,0.18602832161168303,10,0.2829531173076627,0.041889615982318114,0.2529870912255119,0.3129191433898135,10,1.4679267287569395,0.29130953646547064,1.2595364400661029,1.6763170174477762,10
{},uncertainty_aware,20,0.9437950376612422,0.2130184869595462,0.7914107919115436,1.0961792834109407,10,0.074052774342763,0.06257889690281646,0.02928652827420091,0.11881902041132508,10,0.015625,0.03036954111898594,-0.006100060971163453,0.03735006097116345,10,0.12877864996845548,0.10642100571487075,0.05264964858809809,0.20490765134881286,10,0.7912853241104176,0.22056827658774641,0.633500284211427,0.9490703640094083,10,1.0697656141380005,0.26647764515422145,0.8791389903854179,1.2603922378905832,10
{},always_ofdm,21,0.7702713296643169,0.24412561454247256,0.5956343853727116,0.9449082739559221,10,0.017795195100827933,0.037705895557329214,-0.009177977682582592,0.04476836788423846,10,0.0171875,0.027013130166437374,-0.0021365292169229326,0.03651152921692294,10,0.0932551265721648,0.0925877528237862,0.027021838179727906,0.1594884149646017,10,1.0,0.0,1.0,1.0,10,1.049360004615001,0.41917121306957666,0.7495029825541693,1.3492170266758325,10
{},always_otfs,21,0.3057511905948252,0.15117007955767364,0.19761063020443656,0.4138917509852138,10,0.01008493096925247,0.03189135190840733,-0.012728767859731137,0.03289862979823608,10,0.0171875,0.0289519627285152,-0.0035234864797603696,0.03789848647976037,10,0.07943182538436314,0.09017666571114767,0.014923324808891705,0.14394032595983458,10,1.0,0.0,1.0,1.0,10,0.21843038753714733,0.20170540322889102,0.07413903436219732,0.36272174071209734,10
{},always_afdm,21,0.567881567407637,0.2667337178538302,0.3770717602809541,0.7586913745343198,10,0.035493930132384596,0.04603262431046827,0.0025641744311243678,0.06842368583364483,10,0.0140625,0.015537951968933646,0.0029473187541081917,0.025177681245891807,10,0.12223231434695556,0.08186109127855054,0.06367241736910256,0.18079221132480855,10,1.0,0.0,1.0,1.0,10,0.701114342932116,0.40798581072746887,0.4092588756829694,0.9929698101812627,10
{},random,21,1.5432950867204531,0.23904705746199478,1.3722911233088237,1.7142990501320825,10,0.0767216721986463,0.0738377052664605,0.02390135981395216,0.12954198458334043,10,0.015625,0.01948779888944761,0.0016842684819217482,0.029565731518078252,10,0.1577947386093827,0.08695109470155496,0.09559367253137921,0.2199958046873862,10,1.0,0.0,1.0,1.0,10,1.6070654859094589,0.23476307671025265,1.4391260977137093,1.7750048741052085,10
{},rule,21,0.567881567407637,0.2667337178538302,0.3770717602809541,0.7586913745343198,10,0.035493930132384596,0.04603262431046827,0.0025641744311243678,0.06842368583364483,10,0.0140625,0.015537951968933646,0.0029473187541081917,0.025177681245891807,10,0.12223231434695556,0.08186109127855054,0.06367241736910256,0.18079221132480855,10,1.0,0.0,1.0,1.0,10,0.701114342932116,0.40798581072746887,0.4092588756829694,0.9929698101812627,10
{},ucb,21,1.923308113615057,0.16017361770453414,1.808726810032982,2.037889417197132,10,0.07413589349812666,0.07166695083266418,0.02286844528885352,0.1254033417073998,10,0.0125,0.024206145913796356,-0.0048160336467956595,0.02981603364679566,10,0.16241414851068664,0.08791204430694387,0.0995256604961614,0.22530263652521187,10,0.47995079675301666,0.0350782530537214,0.4548573261810305,0.5050442673250028,10,2.0559015089965227,0.14884384357580788,1.9494250375807203,2.162377980412325,10
{},sliding_window_ucb,21,1.923308113615057,0.16017361770453414,1.808726810032982,2.037889417197132,10,0.07413589349812666,0.07166695083266418,0.02286844528885352,0.1254033417073998,10,0.0125,0.024206145913796356,-0.0048160336467956595,0.02981603364679566,10,0.16241414851068664,0.08791204430694387,0.0995256604961614,0.22530263652521187,10,0.47995079675301666,0.0350782530537214,0.4548573261810305,0.5050442673250028,10,2.0559015089965227,0.14884384357580788,1.9494250375807203,2.162377980412325,10
{},discounted_ucb,21,2.0537231917133854,0.3831634020453613,1.7796246059382492,2.3278217774885213,10,0.08966884484592884,0.08161416944172317,0.031285585109289624,0.14805210458256807,10,0.0140625,0.024923929404177914,-0.0037670050236445225,0.031892005023644525,10,0.16409395927965514,0.08793820720240646,0.1011867554571801,0.2270011631021302,10,0.5598098222981315,0.026671565839517204,0.5407301334813102,0.5788895111149528,10,2.0919354699373813,0.26883062552563974,1.8996256254264496,2.284245314448313,10
{},thompson,21,1.4367027049116246,0.4911085992798667,1.0853847768265117,1.7880206329967374,10,0.04287514646037745,0.038807463668615476,0.015113959321141766,0.07063633359961313,10,0.0125,0.02057126839388698,-0.0022157989105067166,0.027215798910506718,10,0.11947032958113965,0.0784010626312534,0.06338558799104815,0.17555507117123115,10,0.24994713110564457,0.06101614269488699,0.20629881205208717,0.29359545015920196,10,1.5263863780534581,0.530543634734798,1.146858325017765,1.9059144310891512,10
{},linucb,21,1.435647140713563,0.26588853730969897,1.2454419393259313,1.6258523421011946,10,0.0665325847595696,0.0779156338758609,0.010795097982013446,0.12227007153712574,10,0.01875,0.02833639689319884,-0.0015206372083763318,0.03902063720837633,10,0.1379873297359408,0.1064609871704572,0.061829727345218174,0.2141449321266634,10,0.2682698964932053,0.04667732210444922,0.23487895177274537,0.30166084121366527,10,1.526642445632708,0.27892085098593417,1.3271144886557753,1.7261704026096405,10
{},sliding_window_linucb,21,1.435647140713563,0.26588853730969897,1.2454419393259313,1.6258523421011946,10,0.0665325847595696,0.0779156338758609,0.010795097982013446,0.12227007153712574,10,0.01875,0.02833639689319884,-0.0015206372083763318,0.03902063720837633,10,0.1379873297359408,0.1064609871704572,0.061829727345218174,0.2141449321266634,10,0.2682698964932053,0.04667732210444922,0.23487895177274537,0.30166084121366527,10,1.526642445632708,0.27892085098593417,1.3271144886557753,1.7261704026096405,10
{},uncertainty_aware,21,1.0166462554833182,0.2696772155136144,0.8237307969779483,1.209561713988688,10,0.07285121782207615,0.07535416707315466,0.018946094011295787,0.1267563416328565,10,0.0125,0.01613743060919757,0.0009559775688028956,0.024044022431197104,10,0.14937190815458742,0.10580800500936029,0.07368142106229267,0.22506239524688218,10,0.7779711784554949,0.23527652765156676,0.6096644895829899,0.9462778673279999,10,1.1398659094324155,0.33444219013371035,0.9006203790664004,1.3791114397984308,10
{},always_ofdm,22,0.7995259885891107,0.2396075011160621,0.6281211079391268,0.9709308692390947,10,0.029254658924793765,0.048093541337359776,-0.005149388004322256,0.06365870585390979,10,0.0109375,0.020898336091394666,-0.004012269046644548,0.025887269046644547,10,0.07420253220669942,0.08265444465593065,0.015075104411448388,0.13332996000195046,10,1.0,0.0,1.0,1.0,10,1.0706267933941995,0.42127286501665695,0.7692663400990403,1.3719872466893588,10
{},always_otfs,22,0.3215538613502993,0.14055657489928305,0.2210057448140298,0.4221019778865688,10,0.01580267075547406,0.03333933930654097,-0.00804685585854854,0.039652197369496656,10,0.003125,0.006588078458684124,-0.001587827422612707,0.007837827422612707,10,0.055398897854117,0.06379431454637013,0.00976319438057871,0.1010346013276553,10,1.0,0.0,1.0,1.0,10,0.2208935419637635,0.16764080223477174,0.10097053635969401,0.34081654756783303,10
{},always_afdm,22,0.5979697367268844,0.25212710708310027,0.41760886948812687,0.7783306039656419,10,0.030088169319247286,0.04875282425299976,-0.0047875001965719255,0.0649638388350665,10,0.009375,0.01679637030895531,-0.00264039949604869,0.02139039949604869,10,0.07549269415587281,0.0829413847400944,0.01616000178981037,0.13482538652193526,10,1.0,0.0,1.0,1.0,10,0.7236712936604881,0.38405536064543355,0.4489346391409347,0.9984079481800415,10
{},random,22,1.5727009695729801,0.25458198955190514,1.3905839852067734,1.7548179539391868,10,0.02940588285252717,0.037380585336231134,0.0026654229823677537,0.05614634272268659,10,0.0,0.0,0.0,0.0,10,0.07428463055406638,0.03382154551618424,0.050090154397865,0.09847910671026776,10,1.0,0.0,1.0,1.0,10,1.628414373036024,0.23851651015080744,1.457789940307406,1.7990388057646423,10
{},rule,22,0.5979697367268844,0.25212710708310027,0.41760886948812687,0.7783306039656419,10,0.030088169319247286,0.04875282425299976,-0.0047875001965719255,0.0649638388350665,10,0.009375,0.01679637030895531,-0.00264039949604869,0.02139039949604869,10,0.07549269415587281,0.0829413847400944,0.01616000178981037,0.13482538652193526,10,1.0,0.0,1.0,1.0,10,0.7236712936604881,0.38405536064543355,0.4489346391409347,0.9984079481800415,10
{},ucb,22,1.9854782599400824,0.14986067029189556,1.8782743945107332,2.0926821253694317,10,0.06217014632502538,0.07650726100455023,0.007440148807167951,0.1169001438428828,10,0.0046875,0.01482317653203928,-0.005916361700878591,0.015291361700878591,10,0.10795151607390832,0.06435505192075469,0.06191468524715827,0.15398834690065838,10,0.46533878148691327,0.025393578803477004,0.4471733095220869,0.48350425345173964,10,2.1109172816429305,0.14262416941428602,2.00889009709157,2.212944466194291,10
{},sliding_window_ucb,22,1.9854782599400824,0.14986067029189556,1.8782743945107332,2.0926821253694317,10,0.06217014632502538,0.07650726100455023,0.007440148807167951,0.1169001438428828,10,0.0046875,0.01482317653203928,-0.005916361700878591,0.015291361700878591,10,0.10795151607390832,0.06435505192075469,0.06191468524715827,0.15398834690065838,10,0.46533878148691327,0.025393578803477004,0.4471733095220869,0.48350425345173964,10,2.1109172816429305,0.14262416941428602,2.00889009709157,2.212944466194291,10
{},discounted_ucb,22,2.1306938715619834,0.39727891251649405,1.8464976578897718,2.414890085234195,10,0.07697067984859833,0.07804011561381798,0.021144144200125156,0.13279721549707152,10,0.00625,0.015095184110614,-0.004548444200693183,0.017048444200693184,10,0.1298523462690159,0.07135256513919976,0.07880979603670647,0.18089489650132534,10,0.5588300935214853,0.03884509835415632,0.5310419841500432,0.5866182028929273,10,2.168852072778896,0.29251612088933404,1.9595986455877907,2.378105499970001,10
{},thompson,22,1.5632968388998532,0.5039501141981108,1.202792644434622,1.9238010333650843,10,0.12659413398822844,0.07469415955834637,0.07316115111117039,0.1800271168652865,10,0.015625,0.020833333333333332,0.0007217311252429165,0.030528268874757084,10,0.1646483490025237,0.07689709936762269,0.10963947791942319,0.21965722008562422,10,0.2652321253206713,0.10040691159593032,0.19340534770156181,0.3370589029397808,10,1.6380989836284807,0.5499290893397005,1.2447034117654472,2.0314945554915145,10
{},linucb,22,1.507720554548503,0.26237866795121023,1.3200261624455834,1.6954149466514228,10,0.07207341383494012,0.07403932784873075,0.019108869343615748,0.1250379583262645,10,0.0078125,0.01518477055949297,-0.0030500304855817263,0.018675030485581726,10,0.10981056000475684,0.08266432172901192,0.050676066577066164,0.1689450534324475,10,0.2374824886148002,0.04670264358807089,0.20407342999616163,0.2708915472334388,10,1.5835172622099638,0.2697906501668202,1.3905206574420448,1.7765138669778828,10
{},sliding_window_linucb,22,1.507720554548503,0.26237866795121023,1.3200261624455834,1.6954149466514228,10,0.07207341383494012,0.07403932784873075,0.019108869343615748,0.1250379583262645,10,0.0078125,0.01518477055949297,-0.0030500304855817263,0.018675030485581726,10,0.10981056000475684,0.08266432172901192,0.050676066577066164,0.1689450534324475,10,0.2374824886148002,0.04670264358807089,0.20407342999616163,0.2708915472334388,10,1.5835172622099638,0.2697906501668202,1.3905206574420448,1.7765138669778828,10
{},uncertainty_aware,22,1.0691679221427142,0.24936953793844333,0.8907797010353273,1.247556143250101,10,0.052521666659395894,0.04671247807237519,0.019105572874493403,0.08593776044429838,10,0.0109375,0.016552342272990316,-0.0009033323552663612,0.02277833235526636,10,0.10581743701816013,0.077866377302315,0.05011518627065536,0.1615196877656649,10,0.5899458082559266,0.16463834363149696,0.4721706321486538,0.7077209843631993,10,1.1927476030230753,0.3088062612644629,0.9718409114151021,1.4136542946310484,10
{},always_ofdm,23,0.818131643553771,0.24019650996270642,0.6463054113576518,0.9899578757498901,10,0.01860565496466029,0.03966331823429122,-0.00976777364865319,0.04697908357797377,10,0.0140625,0.020104436526686233,-0.0003193475103692323,0.028444347510369235,10,0.09295365779843238,0.08715823677971098,0.030604411204299208,0.15530290439256556,10,1.0,0.0,1.0,1.0,10,1.0849746377734517,0.41401825797255565,0.788803817727522,1.3811454578193816,10
{},always_otfs,23,0.3580224485652685,0.1467878516201034,0.25301674519363576,0.4630281519369012,10,0.03646858721496921,0.04745298742755108,0.0025227649488926765,0.07041440948104574,10,0.01875,0.01920738428602685,0.005009865005018772,0.032490134994981226,10,0.12321658585156658,0.0867300317366025,0.06117365869220009,0.18525951301093307,10,1.0,0.0,1.0,1.0,10,0.26550431439614963,0.1626460011790914,0.1491543742212989,0.38185425457100036,10
{},always_afdm,23,0.6275871208613335,0.2626420946393913,0.43970428465780176,0.8154699570648652,10,0.029617384134449153,0.04787523214259258,-0.004630493804549402,0.06386526207344771,10,0.01875,0.023058274605394433,0.0022551040208555265,0.03524489597914447,10,0.11014472449312598,0.09094365560571191,0.04508755239975476,0.1752018965864972,10,1.0,0.0,1.0,1.0,10,0.7552102047344338,0.3907102055935233,0.4757129609229827,1.034707448545885,10
{},random,23,1.6289518159036298,0.25750111943059667,1.4447466118192243,1.8131570199880354,10,0.05625084633064951,0.07006251488719126,0.00613114245518636,0.10637055020611266,10,0.015625,0.020833333333333332,0.0007217311252429165,0.030528268874757084,10,0.1428116405062607,0.0994718770111067,0.07165374633474271,0.21396953467777868,10,1.0,0.0,1.0,1.0,10,1.6926202001231043,0.23933182522871863,1.521412526122946,1.8638278741232626,10
{},rule,23,0.6275871208613335,0.2626420946393913,0.43970428465780176,0.8154699570648652,10,0.029617384134449153,0.04787523214259258,-0.004630493804549402,0.06386526207344771,10,0.01875,0.023058274605394433,0.0022551040208555265,0.03524489597914447,10,0.11014472449312598,0.09094365560571191,0.04508755239975476,0.1752018965864972,10,1.0,0.0,1.0,1.0,10,0.7552102047344338,0.3907102055935233,0.4757129609229827,1.034707448545885,10
{},ucb,23,2.061831320806042,0.2006831664372555,1.9182712317795438,2.20539140983254,10,0.07635306086595962,0.07280948116729742,0.02426829569150543,0.12843782604041382,10,0.015625,0.01948779888944761,0.0016842684819217482,0.029565731518078252,10,0.17218360012252726,0.08201215405991204,0.11351563934078951,0.230851560904265,10,0.46286022342523847,0.029505180489926588,0.44175348879933707,0.4839669580511399,10,2.204495068346277,0.17582061979928457,2.0787205737577086,2.3302695629348458,10
{},sliding_window_ucb,23,2.061831320806042,0.2006831664372555,1.9182712317795438,2.20539140983254,10,0.07635306086595962,0.07280948116729742,0.02426829569150543,0.12843782604041382,10,0.015625,0.01948779888944761,0.0016842684819217482,0.029565731518078252,10,0.17218360012252726,0.08201215405991204,0.11351563934078951,0.230851560904265,10,0.46286022342523847,0.029505180489926588,0.44175348879933707,0.4839669580511399,10,2.204495068346277,0.17582061979928457,2.0787205737577086,2.3302695629348458,10
{},discounted_ucb,23,2.2070576070555163,0.43769527042929035,1.8939492726354894,2.5201659414755433,10,0.07636373549353326,0.05388748708315854,0.037814949462238324,0.1149125215248282,10,0.015625,0.01948779888944761,0.0016842684819217482,0.029565731518078252,10,0.17244539700887704,0.08227568810224423,0.11358891532999393,0.23130187868776014,10,0.5547950387586683,0.03996397322563261,0.5262065345209789,0.5833835429963578,10,2.262691656368593,0.3196586326756357,2.034021645925287,2.491361666811899,10
{},thompson,23,1.6153538608212699,0.49845429629098514,1.2587811376499554,1.9719265839925844,10,0.05205702192141648,0.07527059128597004,-0.0017883153728279547,0.10590235921566091,10,0.009375,0.01679637030895531,-0.00264039949604869,0.02139039949604869,10,0.1326653627704342,0.08021971521673046,0.07527963549372814,0.19005109004714027,10,0.24243532707145482,0.07257538944890517,0.1905180210243872,0.29435263311852244,10,1.6921585329797348,0.5389103519832026,1.3066452909799438,2.077671774979526,10
{},linucb,23,1.5900107708779831,0.29745901857408785,1.3772214076924956,1.8028001340634707,10,0.08229021632948012,0.06691666160635128,0.03442092032369193,0.13015951233526832,10,0.0140625,0.01719538960335331,0.0017616592960811063,0.026363340703918894,10,0.16388964830800362,0.09267829546193268,0.09759158961408224,0.230187707001925,10,0.2561132242616531,0.035587867418342606,0.2306551975345443,0.28157125098876196,10,1.6688010970987868,0.2996726587082911,1.4544281911559238,1.8831740030416497,10
{},sliding_window_linucb,23,1.5900107708779831,0.29745901857408785,1.3772214076924956,1.8028001340634707,10,0.08229021632948012,0.06691666160635128,0.03442092032369193,0.13015951233526832,10,0.0140625,0.01719538960335331,0.0017616592960811063,0.026363340703918894,10,0.16388964830800362,0.09267829546193268,0.09759158961408224,0.230187707001925,10,0.2561132242616531,0.035587867418342606,0.2306551975345443,0.28157125098876196,10,1.6688010970987868,0.2996726587082911,1.4544281911559238,1.8831740030416497,10
{},uncertainty_aware,23,1.158096039969493,0.29443765912910275,0.9474680271284486,1.3687240528105376,10,0.0889281178267788,0.08660061239858359,0.02697777168463257,0.15087846396892501,10,0.0234375,0.021156350012072812,0.008303158913357214,0.038571841086642786,10,0.17791395948670724,0.08108646045341834,0.11990820001920399,0.2359197189542105,10,0.6756607299780987,0.23291824274529632,0.5090410564995824,0.8422804034566149,10,1.292055749090602,0.3424131466351506,1.0471081399439488,1.537003358237255,10
{},always_ofdm,24,0.8479534129891206,0.2357800889250633,0.6792864980820317,1.0166203278962096,10,0.029821769435349654,0.048842707161508424,-0.00511819843980155,0.06476173731050086,10,0.015625,0.020833333333333332,0.0007217311252429165,0.030528268874757084,10,0.10690019765173456,0.08835128831820296,0.04369749340034111,0.170102901903128,10,1.0,0.0,1.0,1.0,10,1.1215514550581642,0.4039222530506586,0.8326028818560058,1.4105000282603226,10
{},always_otfs,24,0.39847930125521913,0.1499551328542838,0.29120786137950816,0.5057507411309301,10,0.04045685268995061,0.05280454401499793,0.0026827574612565755,0.07823094791864466,10,0.0234375,0.025779934730759544,0.004995645654422502,0.0418793543455775,10,0.12707311471406255,0.09004074561871207,0.0626618455153775,0.19148438391274758,10,1.0,0.0,1.0,1.0,10,0.3222540487431904,0.17461349125589679,0.19734308189455002,0.4471650155918308,10
{},always_afdm,24,0.649048126712344,0.24035588006842312,0.4771078880104923,0.8209883654141957,10,0.02146100585101045,0.04643663685722387,-0.011757763015677328,0.054679774717698235,10,0.015625,0.02551551815399144,-0.0026277021213286372,0.03387770212132864,10,0.093542191398516,0.08853725770165137,0.030206452664370345,0.15687793013266166,10,1.0,0.0,1.0,1.0,10,0.7784290157659278,0.3619978274936139,0.5194713699155953,1.0373866616162604,10
{},random,24,1.6435640058206222,0.2719172951155724,1.449046090902028,1.8380819207392165,10,0.014612189916992268,0.030805367440752962,-0.007424642423258718,0.03664902225724326,10,0.0046875,0.010546071214227388,-0.0028567048741424015,0.0122317048741424,10,0.0922890098159514,0.0598588797998717,0.049468546766387234,0.13510947286551556,10,1.0,0.0,1.0,1.0,10,1.7145858295720342,0.24812406803107598,1.5370885639640832,1.8920830951799852,10
{},rule,24,0.649048126712344,0.24035588006842312,0.4771078880104923,0.8209883654141957,10,0.02146100585101045,0.04643663685722387,-0.011757763015677328,0.054679774717698235,10,0.015625,0.02551551815399144,-0.0026277021213286372,0.03387770212132864,10,0.093542191398516,0.08853725770165137,0.030206452664370345,0.15687793013266166,10,1.0,0.0,1.0,1.0,10,0.7784290157659278,0.3619978274936139,0.5194713699155953,1.0373866616162604,10
{},ucb,24,2.1139972858176885,0.21165101618145654,1.9625912697328336,2.2654033019025435,10,0.0521659650116465,0.05380418302742101,0.013676771111920248,0.09065515891137274,10,0.0078125,0.01327869664998121,-0.0016865073510882941,0.017311507351088294,10,0.13743268173722084,0.08812305843937826,0.07439324330579754,0.20047212016864413,10,0.4655051093191581,0.02926338493070639,0.44457134481638216,0.48643887382193407,10,2.2716043697164765,0.19719886731392383,2.130536798130383,2.41267194130257,10
{},sliding_window_ucb,24,2.1139972858176885,0.21165101618145654,1.9625912697328336,2.2654033019025435,10,0.0521659650116465,0.05380418302742101,0.013676771111920248,0.09065515891137274,10,0.0078125,0.01327869664998121,-0.0016865073510882941,0.017311507351088294,10,0.13743268173722084,0.08812305843937826,0.07439324330579754,0.20047212016864413,10,0.4655051093191581,0.02926338493070639,0.44457134481638216,0.48643887382193407,10,2.2716043697164765,0.19719886731392383,2.130536798130383,2.41267194130257,10
{},discounted_ucb,24,2.2637129700454794,0.4436652009052882,1.9463340046311772,2.581091935459782,10,0.05665536298996245,0.049933303296377796,0.020935229638088255,0.09237549634183664,10,0.0078125,0.01327869664998121,-0.0016865073510882941,0.017311507351088294,10,0.14460483888489092,0.0800958993118123,0.08730768417083927,0.20190199359894256,10,0.5380708429552886,0.01654829397090211,0.5262329065808786,0.5499087793296986,10,2.3369731148864625,0.3344545486461926,2.0977187437731954,2.5762274859997296,10
{},thompson,24,1.73173728913024,0.5112144534294526,1.3660364994284264,2.0974380788320537,10,0.11638342830897037,0.10380874532051984,0.042123125441951736,0.190643731175989,10,0.028125,0.024206145913796356,0.01080896635320434,0.045441033646795664,10,0.18820966592943977,0.08877573633918448,0.12470332985500412,0.25171600200387545,10,0.23958424480585708,0.08445911974940681,0.17916583021942273,0.3000026593922914,10,1.8100448185421527,0.5449145562003131,1.4202364275906874,2.199853209493618,10
{},linucb,24,1.6503403739564633,0.32416574236625173,1.4184461714699281,1.8822345764429984,10,0.06032960307848001,0.08227928993034259,0.0014705448069925603,0.11918866134996746,10,0.01875,0.025301995419773165,0.0006500428411799174,0.036849957158820085,10,0.1447750444200282,0.07558335197876599,0.09070597160427048,0.19884411723578593,10,0.259443492684902,0.046055462849975616,0.22649739927668253,0.2923895860931215,10,1.7432527611517934,0.29620130833054126,1.531363109674759,1.9551424126288277,10
{},sliding_window_linucb,24,1.6503403739564633,0.32416574236625173,1.4184461714699281,1.8822345764429984,10,0.06032960307848001,0.08227928993034259,0.0014705448069925603,0.11918866134996746,10,0.01875,0.025301995419773165,0.0006500428411799174,0.036849957158820085,10,0.1447750444200282,0.07558335197876599,0.09070597160427048,0.19884411723578593,10,0.259443492684902,0.046055462849975616,0.22649739927668253,0.2923895860931215,10,1.7432527611517934,0.29620130833054126,1.531363109674759,1.9551424126288277,10
{},uncertainty_aware,24,1.2229083142284,0.2648594809008262,1.033439255449507,1.412377373007293,10,0.06481227425890701,0.05337022450253383,0.02663351558687132,0.1029910329309427,10,0.015625,0.024429248749080364,-0.0018506318007616568,0.03310063180076166,10,0.1426787480661839,0.08699913619869286,0.0804433151714288,0.20491418096093902,10,0.7292789428496957,0.243246173014034,0.5552711131288719,0.9032867725705196,10,1.3644111167897641,0.3193688776178459,1.135948384628093,1.5928738489514351,10
{},always_ofdm,25,0.8820472086909212,0.23933872672242162,0.7108345976595809,1.0532598197222616,10,0.03409379570180055,0.04404899000436306,0.002583046500368079,0.06560454490323303,10,0.0171875,0.015537951968933645,0.006072318754108193,0.02830268124589181,10,0.1363806875895361,0.07829549597021287,0.08037146383946206,0.19238991133961011,10,1.0,0.0,1.0,1.0,10,1.1709625899819607,0.4000322203714044,0.884796778521427,1.4571284014424943,10
{},always_otfs,25,0.42979596897464767,0.1615771809161465,0.31421061675615486,0.5453813211931405,10,0.03131666771942851,0.05067424100346153,-0.0049335005381152056,0.06756683597697222,10,0.0234375,0.023581732130566187,0.006568145065232348,0.040306854934767655,10,0.1266627201281907,0.08793604736884757,0.06375706135756778,0.1895683788988136,10,1.0,0.0,1.0,1.0,10,0.36194721620564135,0.2143692755325851,0.2085966745216893,0.5152977578895934,10
{},always_afdm,25,0.649048126712344,0.24035588006842312,0.4771078880104923,0.8209883654141957,10,0.0,0.0,0.0,0.0,10,0.015625,0.02946278254943948,-0.005451404966374283,0.03670140496637428,10,0.0794828806339404,0.08633255455960559,0.017724291518111397,0.14124146974976942,10,1.0,0.0,1.0,1.0,10,0.7709423437341284,0.37384368634068454,0.5035106809501808,1.038374006518076,10
{},random,25,1.717233474181106,0.2664501709764588,1.5266265042713223,1.9078404440908896,10,0.07366946836048392,0.06263215655385763,0.028865122632739,0.11847381408822885,10,0.0109375,0.014823176532039276,0.0003336382991214106,0.021541361700878586,10,0.15358853348462728,0.09814023984997916,0.0833832351525926,0.22379383181666196,10,1.0,0.0,1.0,1.0,10,1.7812048103909213,0.25266195603922226,1.6004613352577413,1.9619482855241013,10
{},rule,25,0.649048126712344,0.24035588006842312,0.4771078880104923,0.8209883654141957,10,0.0,0.0,0.0,0.0,10,0.015625,0.02946278254943948,-0.005451404966374283,0.03670140496637428,10,0.0794828806339404,0.08633255455960559,0.017724291518111397,0.14124146974976942,10,1.0,0.0,1.0,1.0,10,0.7709423437341284,0.37384368634068454,0.5035106809501808,1.038374006518076,10
{},ucb,25,2.227195333422153,0.2047974240287924,2.080692081814534,2.3736985850297723,10,0.1131980476044642,0.07534482359724864,0.05929960771369913,0.16709648749522926,10,0.0265625,0.02950878223794853,0.005453188838777455,0.047671811161222544,10,0.20025996987146472,0.09006740456985747,0.13582963000797138,0.26469030973495805,10,0.44279673959131366,0.02808192657578674,0.42270813948186714,0.4628853397007602,10,2.3848947869222012,0.2213703559526995,2.2265359740103405,2.543253599834062,10
{},sliding_window_ucb,25,2.2226824759854513,0.19652060148082204,2.0821001065471627,2.36326484542374,10,0.10868519016776253,0.08252486069407552,0.04965046115452989,0.16771991918099516,10,0.0203125,0.023350533095270725,0.003608534891788799,0.0370164651082112,10,0.195747112434763,0.09165464780613775,0.13018132716071332,0.2613128977088127,10,0.48795454259159265,0.04288900467549378,0.457273596906012,0.5186354882771733,10,2.3803819294854995,0.21932677430905545,2.2234850068153706,2.5372788521556284,10
{},discounted_ucb,25,2.3477544251773437,0.41857682754970554,2.0483226009029716,2.6471862494517158,10,0.08404145513186478,0.067269605391674,0.035919678351820326,0.13216323191190923,10,0.015625,0.024429248749080364,-0.0018506318007616568,0.03310063180076166,10,0.17110232140787526,0.08284440830048145,0.11183900180760808,0.23036564100814244,10,0.553833365828741,0.027240399931754353,0.5343467576156762,0.5733199740418058,10,2.4211058836285977,0.33067883131002396,2.184552497986819,2.6576592692703764,10
{},thompson,25,1.7622365896481162,0.5197528328614994,1.3904278112536392,2.1340453680425933,10,0.030499300517876325,0.04042414225510178,0.0015816111870341973,0.05941698984871845,10,0.0109375,0.020898336091394666,-0.004012269046644548,0.025887269046644547,10,0.13265587795502115,0.08114648766674268,0.07460717760591912,0.19070457830412318,10,0.2546510378516803,0.08021551799886083,0.19726831308376322,0.31203376261959737,10,1.8557311438314343,0.5571579636916042,1.4571643467782445,2.254297940884624,10
{},linucb,25,1.718971262383858,0.3466577289568247,1.4709872619603592,1.9669552628073568,10,0.0686308884273947,0.044160038481829755,0.03704069993070694,0.10022107692408247,10,0.0140625,0.02492392940417791,-0.003767005023644519,0.03189200502364452,10,0.1492633865320999,0.10272497699565944,0.07577836482076154,0.22274840824343822,10,0.2501793898038816,0.030840244215399104,0.2281176081220289,0.2722411714857343,10,1.8055465950181535,0.3250639042217616,1.573009886245584,2.038083303790723,10
{},sliding_window_linucb,25,1.7121057803090305,0.3390235508927247,1.4695829418852304,1.9546286187328306,10,0.06176540635256711,0.04920459646644349,0.02656655846392729,0.09696425424120693,10,0.0140625,0.02492392940417791,-0.003767005023644519,0.03189200502364452,10,0.14239790445727227,0.10906294569946141,0.06437897306373122,0.22041683585081331,10,0.25375358831432543,0.03517397599899954,0.22859164167237297,0.27891553495627786,10,1.798681112943326,0.3149460511664037,1.573382280227682,2.02397994565897,10
{},uncertainty_aware,25,1.2707873551213102,0.3051420885650865,1.05250185475857,1.4890728554840504,10,0.047879040892910195,0.0782210142100395,-0.008076901815653646,0.10383498360147403,10,0.021875,0.029646353064078555,0.0006672765982428178,0.04308272340175718,10,0.14030478874418031,0.08363885539890227,0.08047315592561541,0.20013642156274522,10,0.7373059659321404,0.2270451938896904,0.5748876185116887,0.8997243133525921,10,1.4177463528682046,0.3717230415062675,1.1518317080117058,1.6836609977247035,10
{},always_ofdm,26,0.9284066179361282,0.25865122626240866,0.7433786769869615,1.113434558885295,10,0.04635940924520696,0.04895623956128829,0.0113382251838198,0.08138059330659413,10,0.0125,0.014358384116760648,0.002228630763241979,0.022771369236758023,10,0.10667734104130408,0.0869746279168526,0.04445944031521729,0.16889524176739087,10,1.0,0.0,1.0,1.0,10,1.2311041440156427,0.42936275770225946,0.923956530119133,1.5382517579121524,10
{},always_otfs,26,0.4468778517993407,0.18025908599720541,0.3179282697640937,0.5758274338345877,10,0.01708188282469301,0.03604441716672496,-0.008702739917848364,0.042866505567234384,10,0.0046875,0.010546071214227388,-0.0028567048741424015,0.0122317048741424,10,0.05657713875850454,0.06688163575895165,0.008732898734541764,0.10442137878246732,10,1.0,0.0,1.0,1.0,10,0.3719885679565239,0.22431565240703588,0.2115228168858708,0.532454319027177,10
{},always_afdm,26,0.6722796861251046,0.25569542658225264,0.4893661968898556,0.8551931753603536,10,0.02323155941276066,0.04983967420187381,-0.01242159571975868,0.058884714545280006,10,0.0125,0.030190368221228,-0.009096888401386366,0.03409688840138637,10,0.06406192998924079,0.07930603959717665,0.007329806876815725,0.12079405310166585,10,1.0,0.0,1.0,1.0,10,0.7884684867157473,0.39035481325637633,0.5092254752670097,1.0677114981644849,10
{},random,26,1.7453065470052498,0.2601844745035917,1.5591817863381583,1.9314313076723413,10,0.02807307282414364,0.04837550563897334,-0.0065326792153738225,0.06267882486366111,10,0.009375,0.02964635306407856,-0.011832723401757181,0.030582723401757182,10,0.08806273682947655,0.06238819323193884,0.04343291194887409,0.132692561710079,10,1.0,0.0,1.0,1.0,10,1.8227317602127762,0.2744987254547949,1.6263672012736912,2.019096319151861,10
{},rule,26,0.6722796861251046,0.25569542658225264,0.4893661968898556,0.8551931753603536,10,0.02323155941276066,0.04983967420187381,-0.01242159571975868,0.058884714545280006,10,0.0125,0.030190368221228,-0.009096888401386366,0.03409688840138637,10,0.06406192998924079,0.07930603959717665,0.007329806876815725,0.12079405310166585,10,1.0,0.0,1.0,1.0,10,0.7884684867157473,0.39035481325637633,0.5092254752670097,1.0677114981644849,10
{},ucb,26,2.3107195897752586,0.26099287732886656,2.124016532564286,2.497422646986231,10,0.08352425635310576,0.08669278258763483,0.021507975629695475,0.14554053707651604,10,0.0046875,0.010546071214227388,-0.0028567048741424015,0.0122317048741424,10,0.12344990988260454,0.07480288948798391,0.06993914629949265,0.17696067346571642,10,0.45493701096783684,0.019148308574701126,0.44123913619092864,0.46863488574474504,10,2.461808909797184,0.24001091141404315,2.2901154468045926,2.633502372789775,10
{},sliding_window_ucb,26,2.284241229809305,0.1742849947868682,2.1595652551783773,2.408917204440233,10,0.061558753823853805,0.07031411126834872,0.01125906873960799,0.11185843890809963,10,0.0046875,0.010546071214227388,-0.0028567048741424015,0.0122317048741424,10,0.12182653335331388,0.05531068160386256,0.08225965529306857,0.16139341141355917,10,0.45578777854650776,0.022670690888964156,0.4395701432555603,0.4720054138374552,10,2.4556726758311918,0.2003772505331612,2.3123314258593393,2.5990139258030442,10
{},discounted_ucb,26,2.4448895000058917,0.4517362737363792,2.1217368369031337,2.7680421631086496,10,0.09713507482854761,0.09775186260557428,0.027207604840426683,0.16706254481666855,10,0.0140625,0.02987422999937497,-0.007308236741136927,0.03543323674113693,10,0.1437323081247556,0.0931094646388629,0.07712580958246788,0.2103388066670433,10,0.5331321923062504,0.026083565409836237,0.5144731336575254,0.5517912509549754,10,2.5183024047457314,0.35619260464183855,2.2634975651532176,2.773107244338245,10
{},thompson,26,1.8145959077899274,0.5719230675202576,1.4054667917452754,2.2237250238345796,10,0.05235931814181061,0.09505231542136848,-0.015637012125047325,0.12035564840866854,10,0.0046875,0.010546071214227388,-0.0028567048741424015,0.0122317048741424,10,0.08645636985292074,0.0928129921121626,0.0200619549800439,0.15285078472579758,10,0.2196092133875553,0.053213356159466506,0.18154267156806375,0.25767575520704683,10,1.8956517266767328,0.5943490781276937,1.4704800090702836,2.3208234442831817,10
{},linucb,26,1.75308037463201,0.3419472051331542,1.5084660799565968,1.9976946693074233,10,0.03410911224815164,0.0445242922622756,0.002258352294089584,0.06595987220221369,10,0.00625,0.013176156917368249,-0.003175654845225414,0.015675654845225415,10,0.08057413968779581,0.066761692012359,0.0328157022512882,0.1283325771243034,10,0.25780570884855203,0.04640091672479824,0.22461249262527774,0.29099892507182634,10,1.8395849476983273,0.3180730489432315,1.6120491955280194,2.067120699868635,10
{},sliding_window_linucb,26,1.7817200702439575,0.35274545943595736,1.5293811697804156,2.0340589707074996,10,0.06961428993492687,0.07707965288001326,0.014474827936025343,0.1247537519338284,10,0.0078125,0.01327869664998121,-0.0016865073510882941,0.017311507351088294,10,0.11685063100390751,0.0877346839929169,0.05408901891486974,0.17961224309294527,10,0.2638428505541074,0.043159812483950385,0.2329681806325517,0.2947175204756631,10,1.8689959569396113,0.33244598657177693,1.6311784245773837,2.106813489301839,10
{},uncertainty_aware,26,1.318090769739502,0.376821684553668,1.0485287753678758,1.587652764111128,10,0.047303414618191666,0.080516209799269,-0.010294412105721469,0.1049012413421048,10,0.015625,0.03036954111898594,-0.006100060971163453,0.03735006097116345,10,0.09395780238572046,0.11393468944742666,0.012453835457866963,0.17546176931357396,10,0.6078941250994727,0.13980786524044048,0.5078816031882364,0.707906647010709,10,1.465168368246303,0.46198458433344836,1.134684505383218,1.795652231109388,10
{},always_ofdm,27,0.9469531894681886,0.24792966858293047,0.7695949888479889,1.1243113900883883,10,0.018546571532060307,0.03949283175738554,-0.009704898402621072,0.046798041466741686,10,0.0140625,0.022642776165920996,-0.002135166301039772,0.030260166301039775,10,0.09110459232815733,0.08579540804884211,0.029730254678330514,0.15247892997798415,10,1.0,0.0,1.0,1.0,10,1.2563882743976007,0.4129551778385056,0.9609779360671826,1.5517986127280188,10
{},always_otfs,27,0.46737483399258134,0.2059227333626732,0.32006658458159754,0.6146830834035651,10,0.020496982193240632,0.043556479738245425,-0.010661446388054437,0.0516554107745357,10,0.0140625,0.020104436526686233,-0.0003193475103692323,0.028444347510369235,10,0.09250334938171824,0.08668867805762792,0.030490004862194234,0.15451669390124223,10,1.0,0.0,1.0,1.0,10,0.39867145539204285,0.2550289395145641,0.21623474228341677,0.5811081685006689,10
{},always_afdm,27,0.6804711266746318,0.2600462292970489,0.4944452606707605,0.8664969926785031,10,0.00819144054952718,0.025903609454367194,-0.010338885363679247,0.02672176646273361,10,0.009375,0.01679637030895531,-0.00264039949604869,0.02139039949604869,10,0.0765980807460666,0.07986016597286064,0.019469559504005703,0.1337266019881275,10,1.0,0.0,1.0,1.0,10,0.7992461055156146,0.38472430751527875,0.5240309152329781,1.0744612957982511,10
{},random,27,1.7875932196200661,0.2791022031272908,1.5879355311363983,1.987250908103734,10,0.04228667261481657,0.06972548737296658,-0.007591936300837869,0.09216528153047102,10,0.00625,0.01092509216843908,-0.001565340131252025,0.014065340131252026,10,0.10783317908443227,0.07670202126909978,0.052963858466317196,0.16270249970254735,10,1.0,0.0,1.0,1.0,10,1.864744477351009,0.2817225219970534,1.6632123256679647,2.066276629034053,10
{},rule,27,0.6804711266746318,0.2600462292970489,0.4944452606707605,0.8664969926785031,10,0.00819144054952718,0.025903609454367194,-0.010338885363679247,0.02672176646273361,10,0.009375,0.01679637030895531,-0.00264039949604869,0.02139039949604869,10,0.0765980807460666,0.07986016597286064,0.019469559504005703,0.1337266019881275,10,1.0,0.0,1.0,1.0,10,0.7992461055156146,0.38472430751527875,0.5240309152329781,1.0744612957982511,10
{},ucb,27,2.3796860255427537,0.28519329794597753,2.1756710303155082,2.583701020769999,10,0.06896643576749475,0.05203829891862673,0.03174047926016956,0.10619239227481994,10,0.0125,0.02057126839388698,-0.0022157989105067166,0.027215798910506718,10,0.14262475412575165,0.09303826951725136,0.07606918550538143,0.20918032274612186,10,0.4434813875149838,0.03560343514967082,0.41801222430375873,0.46895055072620884,10,2.538613201976736,0.2745707268038028,2.3421971363753977,2.7350292675780743,10
{},sliding_window_ucb,27,2.3356873178209314,0.16472156994511064,2.2178526051954552,2.4535220304464076,10,0.05144608801162666,0.03595794855661096,0.025723321186481546,0.07716885483677177,10,0.00625,0.01092509216843908,-0.001565340131252025,0.014065340131252026,10,0.11653629017804548,0.07253356425160502,0.06464890407471084,0.1684236762813801,10,0.46529176150872775,0.026873400377309762,0.44606768896142956,0.48451583405602594,10,2.5063885040630374,0.20168240502380402,2.3621136028129217,2.650663405313153,10
{},discounted_ucb,27,2.5053552523675906,0.43469586021179774,2.194392566760539,2.816317937974642,10,0.06046575236169945,0.0334253123650555,0.03655472432653954,0.08437678039685936,10,0.009375,0.01976423537605237,-0.004763482267838121,0.023513482267838122,10,0.13260867640930557,0.07414395319213668,0.07956928745603437,0.18564806536257678,10,0.5293238308827797,0.02848714118463492,0.5089453577044862,0.5497023040610731,10,2.585090619208838,0.34904125580573836,2.3354015463933604,2.834779692024316,10
{},thompson,27,1.8626229953497568,0.5966253762196444,1.4358229121831427,2.289423078516371,10,0.048027087559829595,0.07021863871990144,-0.002204300577552158,0.09825847569721136,10,0.0140625,0.020104436526686233,-0.0003193475103692323,0.028444347510369235,10,0.12038323736801156,0.09853774345941646,0.04989358208381062,0.1908728926522125,10,0.22288243673267086,0.055632198700301956,0.1830855591970943,0.2626793142682474,10,1.9502145020985453,0.6321426120290303,1.4980069190140706,2.4024220851830203,10
{},linucb,27,1.811289846924653,0.36315482796081766,1.5515045327998747,2.0710751610494316,10,0.05820947229264317,0.0554904418644064,0.018514001488595555,0.09790494309669079,10,0.0109375,0.019557274328665195,-0.0030529312533191244,0.024927931253319123,10,0.13385291403638327,0.09595934481447775,0.0652077340292302,0.20249809404353636,10,0.22105962763079473,0.022050424848958864,0.2052857039351151,0.23683355132647435,10,1.907617399788511,0.3512473035801612,1.6563502154626597,2.1588845841143622,10
{},sliding_window_linucb,27,1.8294705669081306,0.34556516875742666,1.5822681369684792,2.076672996847782,10,0.04775049666417318,0.03464452166702122,0.022967298835006873,0.07253369449333949,10,0.0046875,0.010546071214227388,-0.0028567048741424015,0.0122317048741424,10,0.12240251139817726,0.07357842122758103,0.0697676796413081,0.17503734315504643,10,0.24302914721862065,0.04422134115166181,0.211395105433713,0.2746631890035283,10,1.9255780063915897,0.3418049593723796,1.681065468203494,2.1700905445796854,10
{},uncertainty_aware,27,1.3390495345337663,0.3870944961974271,1.0621388134088596,1.615960255658673,10,0.02095876479426425,0.03388256764089653,-0.003279363960268143,0.04519689354879664,10,0.009375,0.01976423537605237,-0.004763482267838121,0.023513482267838122,10,0.08314870744845373,0.08738241852972556,0.020639090891251058,0.14565832400565643,10,0.5852317125656797,0.028971801441090128,0.5645065343258729,0.6059568908054865,10,1.4824966137485578,0.4691543782433517,1.1468837892975103,1.8181094381996052,10
{},always_ofdm,28,1.012041922599036,0.2606861226822875,0.825558304442938,1.198525540755134,10,0.06508873313084769,0.04602716153685541,0.03216288526241727,0.09801458099927811,10,0.0234375,0.018414239093399676,0.010264746896016072,0.03661025310398393,10,0.15567473686644198,0.07184535792509941,0.104279663911518,0.20706980982136597,10,1.0,0.0,1.0,1.0,10,1.3564026382693684,0.4344335235643459,1.0456276169947654,1.6671776595439713,10
{},always_otfs,28,0.4831567876550634,0.20556766679614608,0.33610253756453035,0.6302110377455965,10,0.015781953662482102,0.03327128000676609,-0.0080188862614298,0.03958279358639401,10,0.0078125,0.01518477055949297,-0.0030500304855817263,0.018675030485581726,10,0.07210721077353283,0.07671942973893155,0.01722543688630091,0.12698898466076475,10,1.0,0.0,1.0,1.0,10,0.41511829317090126,0.24560750803406725,0.23942126613614453,0.590815320205658,10
{},always_afdm,28,0.7102786468099506,0.2777373831384028,0.5115972917307646,0.9089600018891365,10,0.029807520135318687,0.04857888146416976,-0.0049437182052641145,0.06455875847590149,10,0.0140625,0.0214112549907234,-0.0012541891234912946,0.029379189123491294,10,0.09297129727167323,0.086983769556032,0.030746857010867414,0.15519573753247906,10,1.0,0.0,1.0,1.0,10,0.8365570297926137,0.3909477578887602,0.5568898513062316,1.1162242082789957,10
{},random,28,1.8296760244028338,0.2496663152029527,1.65107550162974,2.0082765471759276,10,0.04208280478276748,0.05819781907863082,0.00045059299140894765,0.083715016574126,10,0.0125,0.02057126839388698,-0.0022157989105067166,0.027215798910506718,10,0.11909450313421144,0.08406657693639219,0.05895689675996317,0.1792321095084597,10,1.0,0.0,1.0,1.0,10,1.9281786074905463,0.2698966008297087,1.7351062101842358,2.1212510047968567,10
{},rule,28,0.7102786468099506,0.2777373831384028,0.5115972917307646,0.9089600018891365,10,0.029807520135318687,0.04857888146416976,-0.0049437182052641145,0.06455875847590149,10,0.0140625,0.0214112549907234,-0.0012541891234912946,0.029379189123491294,10,0.09297129727167323,0.086983769556032,0.030746857010867414,0.15519573753247906,10,1.0,0.0,1.0,1.0,10,0.8365570297926137,0.3909477578887602,0.5568898513062316,1.1162242082789957,10
{},ucb,28,2.485054021471879,0.3413861176335551,2.240841104614167,2.7292669383295904,10,0.10536799592912549,0.10983954587138875,0.0267935182394045,0.18394247361884647,10,0.0203125,0.025568620226319956,0.002021810944508866,0.038603189055491136,10,0.1828141773553616,0.08990829664468487,0.11849765644493798,0.2471306982657852,10,0.4265737013649658,0.018333909392701526,0.4134584126671323,0.4396889900627993,10,2.6657670063374233,0.3068714034444225,2.4462444286331215,2.885289584041725,10
{},sliding_window_ucb,28,2.4447579063758704,0.22620760053661831,2.2829387371449488,2.606577075606792,10,0.10907058855493859,0.09995462039587853,0.037567360569303904,0.18057381654057328,10,0.01875,0.023058274605394433,0.0022551040208555265,0.03524489597914447,10,0.1722343656912932,0.09927678842423858,0.10121602948767083,0.24325270189491555,10,0.4627265717648591,0.029724183191364432,0.441463172044054,0.4839899714856642,10,2.6229624967596563,0.24048540341392494,2.450929602638113,2.7949953908811995,10
{},discounted_ucb,28,2.575857305732766,0.45648476544295163,2.2493077762946827,2.902406835170849,10,0.0705020533651746,0.07785151294866158,0.014810435935708854,0.12619367079464033,10,0.0140625,0.021411254990723404,-0.001254189123491298,0.0293791891234913,10,0.15513639753840858,0.0776483771961989,0.09959009467232016,0.210682700404497,10,0.5282579077780813,0.025748099500684126,0.509838826984192,0.5466769885719707,10,2.6845666437525724,0.36362379844816944,2.4244458483509623,2.9446874391541824,10
{},thompson,28,1.9891462992936326,0.614629545929366,1.549466808988583,2.4288257895986822,10,0.1265233039438754,0.09227942348989644,0.060510581069755334,0.19253602681799548,10,0.021875,0.02109214242845478,0.006786590251715194,0.036963409748284805,10,0.19673769794276802,0.07735201392185083,0.1414034005916658,0.25207199529387025,10,0.20695032868368463,0.058183474166052934,0.16532837862460448,0.24857227874276477,10,2.0912918270466383,0.6369122140596507,1.6356722762107432,2.5469113778825334,10
{},linucb,28,1.8564475552017743,0.3674958247764997,1.5935568790260244,2.119338231377524,10,0.045157708277121324,0.03952098930439889,0.016886095646728258,0.07342932090751439,10,0.0078125,0.01327869664998121,-0.0016865073510882941,0.017311507351088294,10,0.11570017792967106,0.07530709125387597,0.06182873013131677,0.16957162572802537,10,0.20197788414839554,0.02302080999944463,0.18550978873384738,0.2184459795629437,10,1.9676572047235077,0.3529177912660812,1.7151950254951651,2.2201193839518503,10
{},sliding_window_linucb,28,1.888164742578595,0.3803716984249793,1.616063221267772,2.1602662638894183,10,0.05869417567046448,0.077368049855407,0.0033484069035488867,0.11403994443738007,10,0.00625,0.01092509216843908,-0.001565340131252025,0.014065340131252026,10,0.12198887869961332,0.08214242295049032,0.06322772916736495,0.1807500282318617,10,0.25989788847089385,0.04998177479296077,0.22414308069919542,0.29565269624259227,10,1.9919065120965282,0.3836352667229015,1.717470374665622,2.266342649527435,10
{},uncertainty_aware,28,1.3602746221847286,0.3861929802792127,1.084008806697775,1.6365404376716821,10,0.021225087650962298,0.04394965007962079,-0.010214598049265427,0.05266477335119002,10,0.0125,0.023058274605394436,-0.003994895979144476,0.028994895979144477,10,0.09164221928269727,0.07846387319632252,0.03551254572111455,0.14777189284428,10,0.5704799376867268,0.02607706786133928,0.5518255271041911,0.5891343482692625,10,1.5184784600365806,0.46120631150832786,1.1885513400136887,1.8484055800594725,10
{},always_ofdm,29,1.0296447619858617,0.28592104802286344,0.8251091657152826,1.234180358256441,10,0.017602839386825442,0.03715910859919435,-0.008979185569978947,0.04418486434362983,10,0.0203125,0.03379401707814236,-0.0038622834979370434,0.04448728349793704,10,0.11147074988917313,0.09190666868059849,0.04572467974212473,0.17721682003622152,10,1.0,0.0,1.0,1.0,10,1.3721262007966124,0.5010284892364902,1.0137120109243845,1.7305403906688404,10
{},always_otfs,29,0.49932468194603913,0.2143124501361511,0.3460147907018617,0.6526345731902166,10,0.01616789429097564,0.034092660396672934,-0.008220525767299522,0.040556314349250805,10,0.015625,0.024429248749080364,-0.0018506318007616568,0.03310063180076166,10,0.10624371788532286,0.08818686805317552,0.043158632806001226,0.16932880296464448,10,1.0,0.0,1.0,1.0,10,0.42561482369429504,0.24847271641403984,0.24786815005782928,0.6033614973307608,10
{},always_afdm,29,0.7583903193323328,0.278043957207159,0.5594896543758652,0.9572909842888004,10,0.048111672522382375,0.05093691469705522,0.011673598824104951,0.0845497462206598,10,0.0265625,0.01811721576138134,0.013602224587815057,0.03952277541218494,10,0.1600749931641591,0.07095753381224895,0.10931503131966566,0.21083495500865254,10,1.0,0.0,1.0,1.0,10,0.9008848355948436,0.3816176203960573,0.6278920353976871,1.173877635792,10
{},random,29,1.9263554042486626,0.29172047127976375,1.7176711505005104,2.1350396579968147,10,0.09667937984582885,0.0912472672926538,0.03140501703546497,0.16195374265619272,10,0.03125,0.03210632293213009,0.008282520164608932,0.05421747983539107,10,0.19793548608836317,0.06330382384593161,0.15265065852470663,0.2432203136520197,10,1.0,0.0,1.0,1.0,10,2.0303669062169805,0.2953031858148576,1.8191197328839641,2.241614079549997,10
{},rule,29,0.7583903193323328,0.278043957207159,0.5594896543758652,0.9572909842888004,10,0.048111672522382375,0.05093691469705522,0.011673598824104951,0.0845497462206598,10,0.0265625,0.01811721576138134,0.013602224587815057,0.03952277541218494,10,0.1600749931641591,0.07095753381224895,0.10931503131966566,0.21083495500865254,10,1.0,0.0,1.0,1.0,10,0.9008848355948436,0.3816176203960573,0.6278920353976871,1.173877635792,10
{},ucb,29,2.551288089758159,0.30121152949541696,2.335814341970302,2.7667618375460163,10,0.06623406828628069,0.0744709814415832,0.012960737416314635,0.11950739915624674,10,0.01875,0.027362344867841035,-0.0008238423652446973,0.03832384236524469,10,0.15998847740085279,0.1001588355873133,0.0883391626677175,0.23163779213398805,10,0.42233517531785203,0.021358950333797293,0.40705590269190817,0.4376144479437959,10,2.730008296376347,0.27504563883663397,2.533252499172586,2.9267640935801076,10
{},sliding_window_ucb,29,2.5333136800096883,0.20522055911006765,2.386507735799513,2.6801196242198637,10,0.08855577363381723,0.07524527852538182,0.034728543997669205,0.14238300326996525,10,0.0265625,0.03536301082659991,0.0012653259886513217,0.05185967401134868,10,0.18719154374468033,0.09648700824489286,0.11816889605854233,0.25621419143081836,10,0.47717383453881973,0.0411271873545271,0.44775321704088245,0.506594452036757,10,2.7144068531424077,0.24766572450714072,2.5372374667396187,2.8915762395451967,10
{},discounted_ucb,29,2.686053769689962,0.4176693619421725,2.387271107204885,2.9848364321750385,10,0.11019646395719548,0.08937015466198633,0.046264906630497524,0.17412802128389343,10,0.0203125,0.025568620226319953,0.0020218109445088693,0.038603189055491136,10,0.1972500430345691,0.08837357842660531,0.13403139340019482,0.2604686926689434,10,0.5226841571737504,0.025032052890678808,0.5047773052673379,0.5405910090801629,10,2.7860694994252118,0.32334611987875644,2.5547616195454097,3.017377379305014,10
{},thompson,29,2.0671517610079033,0.6339181348697285,1.613674045397595,2.5206294766182116,10,0.07800546171427122,0.09109175154771657,0.012842348166038117,0.14316857526250432,10,0.0203125,0.02335053309527072,0.0036085348917888026,0.0370164651082112,10,0.17613962047336842,0.08099390626547776,0.11820007028338664,0.2340791706633502,10,0.18677906190981133,0.031002974504522444,0.16460086999182078,0.2089572538278019,10,2.1716842601580777,0.6630621531245958,1.6973581698209,2.6460103504952555,10
{},linucb,29,1.9565215399402678,0.388688065223472,1.6784708482074109,2.2345722316731247,10,0.10007398473849335,0.06775017198419277,0.0516084313277033,0.14853953814928342,10,0.03125,0.03294039229342062,0.007685862886936463,0.05481413711306354,10,0.19754545716175403,0.08118874303228182,0.1394665291450985,0.2556243851784096,10,0.20770042047417042,0.03212149951149204,0.1847220839679235,0.23067875698041734,10,2.069455474523333,0.3883426998703951,1.7916518422808887,2.3472591067657773,10
{},sliding_window_linucb,29,1.96386192906667,0.4011691377711589,1.6768828158926836,2.250841042240656,10,0.07569718648807496,0.0878332828068808,0.012865041056545845,0.13852933191960407,10,0.01875,0.026352313834736494,-0.0001013096904508258,0.03760130969045082,10,0.15958234450726766,0.10352374646506939,0.08552591753969427,0.23363877147484105,10,0.27132876541678386,0.09396132029439719,0.20411288604840447,0.3385446447851632,10,2.055741669241867,0.40071648460429393,1.7690863646368151,2.342396973846919,10
{},uncertainty_aware,29,1.4079815157622593,0.3909115393555875,1.128340246453707,1.6876227850708116,10,0.04770689357753084,0.04885114042243249,0.012760892910937606,0.08265289424412409,10,0.0203125,0.03379401707814236,-0.0038622834979370434,0.04448728349793704,10,0.1470209293145632,0.10812071891626122,0.06967602635739159,0.22436583227173482,10,0.7256208260267331,0.2464738236737968,0.5493040741163301,0.901937577937136,10,1.5697522019892145,0.4712127710352366,1.2326668920392556,1.9068375119391734,10
{},always_ofdm,30,1.0544266751002689,0.2895021304484876,0.847329326785606,1.2615240234149319,10,0.02478191311440704,0.039939819511873934,-0.00378931259733983,0.053353138826153904,10,0.0359375,0.04234474296703718,0.005645895686228763,0.06622910431377123,10,0.16367487607802297,0.07866418593623467,0.10740190741458666,0.2199478447414593,10,1.0,0.0,1.0,1.0,10,1.4049649685888603,0.48802147530685175,1.0558554359574859,1.7540745012202348,10
{},always_otfs,30,0.5164397082250771,0.20428137230855906,0.37030561777937415,0.66257379867078,10,0.01711502627903802,0.03610068759906216,-0.008709849905878725,0.042939902463954766,10,0.0265625,0.02660841619676,0.007527985716235731,0.04559701428376427,10,0.14328980914183098,0.08546665810790416,0.08215064503259739,0.20442897325106457,10,1.0,0.0,1.0,1.0,10,0.4380685245503505,0.2509817669216749,0.2585269843057745,0.6176100647949265,10
{},always_afdm,30,0.7848331604098867,0.2771874671210504,0.5865451915514274,0.983121129268346,10,0.026442841077553902,0.04273745643657369,-0.004129693528724918,0.05701537568383272,10,0.015625,0.010416666666666666,0.008173365562621458,0.023076634437378542,10,0.15009370573181707,0.06691165316777745,0.10222799254715088,0.19795941891648328,10,1.0,0.0,1.0,1.0,10,0.9201424330408852,0.3746655202095791,0.6521228657232487,1.1881620003585216,10
{},random,30,1.9889449405226063,0.29229800190165384,1.7798475462556653,2.1980423347895472,10,0.06258953627394401,0.0519116389730447,0.025454186833403024,0.09972488571448498,10,0.021875,0.023524145397158785,0.00504684013266864,0.03870315986733136,10,0.19718828256760695,0.07970571015727913,0.14017025235989233,0.2542063127753216,10,1.0,0.0,1.0,1.0,10,2.096719080498812,0.2628787663155898,1.9086669395772597,2.284771221420364,10
{},rule,30,0.7848331604098867,0.2771874671210504,0.5865451915514274,0.983121129268346,10,0.026442841077553902,0.04273745643657369,-0.004129693528724918,0.05701537568383272,10,0.015625,0.010416666666666666,0.008173365562621458,0.023076634437378542,10,0.15009370573181707,0.06691165316777745,0.10222799254715088,0.19795941891648328,10,1.0,0.0,1.0,1.0,10,0.9201424330408852,0.3746655202095791,0.6521228657232487,1.1881620003585216,10
{},ucb,30,2.6599744935529133,0.30509693870879445,2.441721291451676,2.8782276956541506,10,0.10868640379475317,0.08912337972516324,0.044931378623336446,0.17244142896616987,10,0.03125,0.027559909490256152,0.01153482841773167,0.050965171582268334,10,0.23242463456478832,0.07405406298776537,0.17944954918999484,0.2853997199395818,10,0.4352002651789474,0.03291710403246286,0.41165278748418843,0.45874774287370634,10,2.83159682265536,0.27806611987625335,2.6326803034805004,3.0305133418302197,10
{},sliding_window_ucb,30,2.651244565673515,0.22383260979216402,2.491124362473297,2.811364768873733,10,0.1179308856638274,0.07957612324688933,0.06100555634738583,0.17485621498026896,10,0.0328125,0.038590903235088965,0.005206230862451339,0.060418769137548664,10,0.24002435167996153,0.08188623771448228,0.18144646602550377,0.2986022373344193,10,0.4716988660870179,0.028164007896463943,0.45155154853797225,0.4918461836360635,10,2.823595096536594,0.27265245197111265,2.628551282084404,3.0186389109887837,10
{},discounted_ucb,30,2.7915178756356545,0.4460052660216374,2.4724649284799094,3.1105708227913995,10,0.10546410594569244,0.0882763186703999,0.042315031749594445,0.16861318014179044,10,0.021875,0.018340434230894802,0.008755043714104453,0.034994956285895544,10,0.22523101991530195,0.07083728072283889,0.17455708194878444,0.27590495788181946,10,0.5232534286166626,0.029162658977510785,0.5023917191201174,0.5441151381132078,10,2.8804644110547386,0.3367811578789921,2.6395456839592524,3.121383138150225,10
{},thompson,30,2.1445354928339895,0.6429956632621283,1.6845641045988728,2.6045068810691063,10,0.077383731826086,0.07625472320340414,0.022834388968301533,0.13193307468387047,10,0.028125,0.028336396893198845,0.007854362791623663,0.048395637208376335,10,0.20776536524306,0.0700541518730324,0.15765164390753025,0.2578790865785897,10,0.18601172824161577,0.03488069818522206,0.1610595799091222,0.21096387657410934,10,2.2486135171153623,0.6527098940821123,1.7816929867768052,2.7155340474539194,10
{},linucb,30,2.026287969298628,0.3692900299265997,1.762113796077994,2.290462142519262,10,0.06976642935836029,0.07747177448668681,0.0143464604601376,0.12518639825658298,10,0.0234375,0.02240188871625684,0.007412154199643403,0.0394628458003566,10,0.1981757905212839,0.0829559090892998,0.13883270806171238,0.2575188729808554,10,0.21361092018483546,0.030641179166628,0.19169154106036207,0.23553029930930885,10,2.1367951567588417,0.3531400147862102,1.8841740084007017,2.3894163051169817,10
{},sliding_window_linucb,30,2.0389589614022223,0.39918205005283675,1.7534013251503424,2.3245165976541022,10,0.0750970323355523,0.08959696384286121,0.011003225494973928,0.13919083917613068,10,0.0234375,0.02681153682548698,0.004257681971727191,0.04261731802827281,10,0.1909817579263367,0.08998287864569536,0.1266118842664278,0.25535163158624563,10,0.26119674331919185,0.04314382271126796,0.23033351179194972,0.292059974846434,10,2.115887318882428,0.3788231231251422,1.8448935816067862,2.3868810561580696,10
{},uncertainty_aware,30,1.4804922809710193,0.3961678005277806,1.1970909089332602,1.7638936530087783,10,0.07251076520875979,0.05060267446433367,0.036311792569218876,0.10870973784830071,10,0.03125,0.02655739329996242,0.012251985297823412,0.05024801470217659,10,0.2115471529493333,0.06446498334977759,0.16543168191564656,0.25766262398302003,10,0.763915655713696,0.2584999447301406,0.5789959350533858,0.9488353763740063,10,1.6504632466527727,0.47818824789733977,1.3083879811569463,1.992538512148599,10
{},always_ofdm,31,1.0640960728996363,0.2976205049896606,0.8511911892915454,1.2770009565077272,10,0.009669397799367579,0.030577320648221384,-0.01220429969295745,0.03154309529169261,10,0.025,0.025727268823392643,0.006595820574967562,0.04340417942503244,10,0.12942340854199333,0.08911118856956378,0.06567710439792665,0.19316971268606,10,1.0,0.0,1.0,1.0,10,1.427783677635105,0.5025018599288348,1.0683155018630275,1.7872518534071824,10
{},always_otfs,31,0.5251994869154715,0.1941208352405174,0.3863338068299426,0.6640651670010003,10,0.00875977869039438,0.027700852460653173,-0.011056217419097968,0.028575774799886728,10,0.025,0.028716768233521296,0.004457261526483958,0.045542738473516045,10,0.12732121447487246,0.09079084500819663,0.06237335649774199,0.19226907245200292,10,1.0,0.0,1.0,1.0,10,0.4587850395294744,0.23987525781823107,0.2871886172734692,0.6303814617854796,10
{},always_afdm,31,0.8048695513376612,0.280099295296006,0.604498586085196,1.0052405165901266,10,0.02003639092777433,0.04259074373481748,-0.010431191734106976,0.05050397358965564,10,0.025,0.02352414539715878,0.008171840132668647,0.041828159867331356,10,0.14331309696447683,0.08231199757810337,0.08443064105128506,0.2021955528776686,10,1.0,0.0,1.0,1.0,10,0.9568508305096135,0.3883836134273805,0.6790179304716311,1.234683730547596,10
{},random,31,2.0745464921960437,0.2839188883168644,1.8714431546980426,2.277649829694045,10,0.08560155167343655,0.06842570193564214,0.036652753246675225,0.1345503501001979,10,0.0234375,0.01983274246318726,0.009250010714270793,0.03762498928572921,10,0.205306269678276,0.09510994242233578,0.13726871553830472,0.2733438238182473,10,1.0,0.0,1.0,1.0,10,2.1954206506813394,0.2671852892929713,2.00428780880712,2.3865534925555587,10
{},rule,31,0.8048695513376612,0.280099295296006,0.604498586085196,1.0052405165901266,10,0.02003639092777433,0.04259074373481748,-0.010431191734106976,0.05050397358965564,10,0.025,0.02352414539715878,0.008171840132668647,0.041828159867331356,10,0.14331309696447683,0.08231199757810337,0.08443064105128506,0.2021955528776686,10,1.0,0.0,1.0,1.0,10,0.9568508305096135,0.3883836134273805,0.6790179304716311,1.234683730547596,10
{},ucb,31,2.7541650563174342,0.2881640076141473,2.5480249434133775,2.960305169221491,10,0.09419056276452173,0.05956311661361711,0.0515816759527819,0.13679944957626156,10,0.025,0.01976423537605237,0.01086151773216188,0.03913848226783812,10,0.21402207390176836,0.08234780247066337,0.15511400471141562,0.2729301430921211,10,0.4110275767409906,0.015977514701249355,0.39959795125892167,0.42245720222305955,10,2.93901419706138,0.2683260804608462,2.7470652823469304,3.1309631117758294,10
{},sliding_window_ucb,31,2.7482731506806948,0.22060721645815862,2.5904602548764863,2.906086046484903,10,0.09702858500717984,0.038231673681904825,0.06967929321133656,0.12437787680302312,10,0.03125,0.027559909490256152,0.01153482841773167,0.050965171582268334,10,0.21877571309340288,0.08448671373197278,0.15833755896097623,0.2792138672258295,10,0.46582345014878895,0.02969407237323416,0.4445815904096783,0.4870653098878996,10,2.9357661101342485,0.28071830858959174,2.734952329447318,3.136579890821179,10
{},discounted_ucb,31,2.8910379752179733,0.4437068416262829,2.5736292218263372,3.2084467286096094,10,0.09952009958231944,0.055587656575238925,0.059755085563514124,0.13928511360112478,10,0.03125,0.02551551815399144,0.012997297878671363,0.04950270212132864,10,0.2181981548926289,0.08503225486464891,0.15736974414344168,0.2790265656418161,10,0.51687302466093,0.019502701540087052,0.5029216324287993,0.5308244168930607,10,2.992057866451619,0.34445065274720166,2.7456527132367166,3.238463019666521,10
{},thompson,31,2.196294695615089,0.6305860734412705,1.7452005931588057,2.6473887980713724,10,0.05175920278109929,0.0632909897747312,0.006483556158907909,0.09703484940329066,10,0.0296875,0.027013130166437374,0.010363470783077065,0.049011529216922936,10,0.17460866434165606,0.09950395669355447,0.10342782174775716,0.24578950693555496,10,0.23443496598695784,0.06872264725391071,0.1852737456760722,0.2835961862978435,10,2.31661748196127,0.6401104240354628,1.8587100695323768,2.774524894390163,10
{},linucb,31,2.0930887132248666,0.37468478505850616,1.8250553646645074,2.3611220617852258,10,0.06680074392623873,0.04769409091966373,0.03268244661202151,0.10091904124045596,10,0.0234375,0.021156350012072812,0.008303158913357214,0.038571841086642786,10,0.19254736447898507,0.08989094094345017,0.12824325908929796,0.2568514698686722,10,0.22029972549554971,0.0427964817093983,0.18968496675272795,0.2509144842383715,10,2.222737821742078,0.3535278648017828,1.9698392221968104,2.475636421287345,10
{},sliding_window_linucb,31,2.1185277831962375,0.38756442671840946,1.8412808940278114,2.395774672364664,10,0.07956882179401455,0.07008240262593919,0.029434891087293566,0.12970275250073554,10,0.03125,0.027559909490256152,0.01153482841773167,0.050965171582268334,10,0.19728088142880457,0.09130705162405497,0.13196375148410297,0.26259801137350613,10,0.28257038335858364,0.04746408750428782,0.24861662057595646,0.3165241461412108,10,2.2065635008154834,0.3718259156313885,1.9405752642431318,2.472551737387835,10
{},uncertainty_aware,31,1.5289258000593027,0.4037588589322869,1.2400941119681193,1.817757488150486,10,0.04843351908828335,0.0375543457231076,0.02156875852538465,0.07529827965118205,10,0.0171875,0.015537951968933645,0.006072318754108193,0.02830268124589181,10,0.17329198931757644,0.0790231134654966,0.11676225936733325,0.22982171926781964,10,0.7709821206552825,0.2524547513865466,0.5903868708013469,0.9515773705092181,10,1.7171505364746005,0.5027631600457403,1.357495437859359,2.076805635089842,10
{},always_ofdm,32,1.0999203554889498,0.30263356743400016,0.8834293430411498,1.31641136793675,10,0.035824282589313215,0.046425970455080325,0.0026131440070608636,0.06903542117156557,10,0.01875,0.021850184336878156,0.0031193197374959555,0.03438068026250404,10,0.12552701458653567,0.08679439888869413,0.06343804194040162,0.18761598723266973,10,1.0,0.0,1.0,1.0,10,1.4725635835656183,0.5111652683829876,1.1068979787264648,1.838229188404772,10
{},always_otfs,32,0.5332642160395576,0.2026216259368352,0.38831743662305646,0.6782109954560589,10,0.00806472912408618,0.025502912744407028,-0.010178955630443435,0.026308413878615794,10,0.0078125,0.01518477055949297,-0.0030500304855817263,0.018675030485581726,10,0.07358407505676681,0.07867494619507522,0.01730340896785868,0.12986474114567495,10,1.0,0.0,1.0,1.0,10,0.45162200593021884,0.25625895772702206,0.26830539079881954,0.6349386210616181,10
{},always_afdm,32,0.841472966171483,0.3031531256294848,0.6246102841804803,1.058335648162486,10,0.03660341483382181,0.047481291503925695,0.0026373450512430716,0.07056948461640056,10,0.0125,0.012325166214790868,0.0036831072307951847,0.021316892769204815,10,0.12128032758205085,0.0838414314868852,0.061303780559959255,0.18125687460414244,10,1.0,0.0,1.0,1.0,10,0.9973840494356419,0.4329227296970151,0.6876897849875587,1.307078313883725,10
{},random,32,2.164122273660195,0.3151864451648819,1.9386514734375813,2.3895930738828084,10,0.08957578146415186,0.03781822284167554,0.06252225458215328,0.11662930834615044,10,0.0125,0.01920738428602685,-0.0012401349949812263,0.026240134994981228,10,0.16962210570685923,0.08194247331250368,0.11100399152899448,0.22824021988472398,10,1.0,0.0,1.0,1.0,10,2.2842956477321765,0.3279433512332723,2.0496991066544954,2.5188921888098577,10
{},rule,32,0.841472966171483,0.3031531256294848,0.6246102841804803,1.058335648162486,10,0.03660341483382181,0.047481291503925695,0.0026373450512430716,0.07056948461640056,10,0.0125,0.012325166214790868,0.0036831072307951847,0.021316892769204815,10,0.12128032758205085,0.0838414314868852,0.061303780559959255,0.18125687460414244,10,1.0,0.0,1.0,1.0,10,0.9973840494356419,0.4329227296970151,0.6876897849875587,1.307078313883725,10
{},ucb,32,2.8837193050173093,0.2808977096947801,2.6827771885108405,3.084661421523778,10,0.12955424869987425,0.07081485074644292,0.07889635617187275,0.18021214122787577,10,0.0171875,0.015537951968933643,0.006072318754108196,0.028302681245891807,10,0.21050235950606502,0.08011237191244502,0.15319342100339117,0.2678112980087389,10,0.4160862933215818,0.02568784871806199,0.39771031334113244,0.4344622733020312,10,3.0687694479114227,0.27436538182967696,2.8725002772554356,3.26503861856741,10
{},sliding_window_ucb,32,2.8586859236488236,0.2290560289591106,2.6948291114746588,3.0225427358229884,10,0.11041277296812854,0.08886273366000563,0.046844202759441,0.17398134317681607,10,0.015625,0.02209708691207961,-0.00018230372478071286,0.031432303724780716,10,0.18039194040851753,0.0881334592624933,0.11734506167645091,0.24343881914058413,10,0.474608644794951,0.04382380385855073,0.4432589840580583,0.5059583055318437,10,3.035410941886744,0.2964421110401725,2.8233490305283944,3.2474728532450934,10
{},discounted_ucb,32,2.987813400789055,0.41744323895678825,2.6891924969431757,3.286434304634934,10,0.09677542557108143,0.06613529621350428,0.049465084695166625,0.14408576644699622,10,0.0109375,0.014823176532039278,0.0003336382991214089,0.02154136170087859,10,0.17681514653194244,0.08498906605825583,0.11601763119366991,0.23761266187021496,10,0.5225405694576929,0.02326715265590782,0.5058962511226043,0.5391848877927815,10,3.088125904327539,0.34735014988855845,2.8396465758086737,3.336605232846404,10
{},thompson,32,2.283647195530059,0.5984725475139804,1.855525725621498,2.71176866543862,10,0.08735249991497027,0.06931337476656754,0.03776869859834823,0.1369363012315923,10,0.0203125,0.022158382693940257,0.00446134791435732,0.03616365208564268,10,0.1767778708172232,0.07503332296253946,0.12310226505671712,0.2304534765777293,10,0.2139045852849782,0.07419274207391859,0.16083029486818884,0.26697887570176754,10,2.4126482441224706,0.617865089781715,1.970654185178015,2.854642303066926,10
{},linucb,32,2.1791174797322723,0.3949235024416756,1.8966062249235165,2.461628734541028,10,0.08602876650740607,0.09233652167022521,0.01997519805566844,0.1520823349591437,10,0.015625,0.02209708691207961,-0.00018230372478071286,0.031432303724780716,10,0.1732989099911014,0.08184031991003608,0.11475387195516204,0.23184394802704075,10,0.20712834109713554,0.026784247445490298,0.1879680447153035,0.22628863747896757,10,2.315289623077157,0.38344896382488025,2.0409867587109556,2.5895924874433582,10
{},sliding_window_linucb,32,2.1976369681276346,0.42995230350666147,1.8900676185685497,2.50520631768672,10,0.07910918493139746,0.07562610285103924,0.025009529983922044,0.1332088398788729,10,0.0171875,0.022642776165921,0.0009898336989602255,0.03338516630103978,10,0.16633370591543595,0.0963761683477132,0.09739034831520445,0.23527706351566746,10,0.2814256577143609,0.04831010360763946,0.24686669146962378,0.315984623959098,10,2.292150098074898,0.43335293961191523,1.9821480799931663,2.6021521161566294,10
{},uncertainty_aware,32,1.5517235269201137,0.42017873200078176,1.2511457692339305,1.852301284606297,10,0.02279772686081118,0.03872533642930251,-0.004904709990612214,0.05050016371223458,10,0.009375,0.01976423537605237,-0.004763482267838121,0.023513482267838122,10,0.09577510289210453,0.10339077358486926,0.021813798992691466,0.16973640679151758,10,0.6618859771916904,0.1932510000124748,0.5236425397436137,0.8001294146397671,10,1.7321785307106825,0.5045668396738467,1.3712331574172847,2.0931239040040803,10
{},always_ofdm,33,1.121026737746016,0.31570815702192945,0.8951827273435274,1.3468707481485045,10,0.02110638225706642,0.04454261903646752,-0.01075748788147832,0.052970252395611164,10,0.0265625,0.027609079751455354,0.006812154131813568,0.04631284586818643,10,0.1284134979279963,0.09140055618894027,0.06302947884706257,0.19379751700893005,10,1.0,0.0,1.0,1.0,10,1.5100979494631925,0.5357840535639441,1.1268211266277985,1.8933747722985865,10
{},always_otfs,33,0.543972920082491,0.20983799246557291,0.39386386303351417,0.6940819771314678,10,0.010708704042933299,0.03386389556432278,-0.013516067512672914,0.034933475598539515,10,0.0234375,0.02780489128133154,0.003547079001644495,0.0433279209983555,10,0.11234097333764273,0.09567148650428377,0.043901714760633065,0.1807802319146524,10,1.0,0.0,1.0,1.0,10,0.47308384723743985,0.2584155215025856,0.2882245193159868,0.6579431751588929,10
{},always_afdm,33,0.8501735772328247,0.3066644366296984,0.6307990546687463,1.0695480997969031,10,0.00870061106134188,0.027513747989095318,-0.01098153857228026,0.02838276069496402,10,0.0109375,0.012863634411696322,0.0017354102874837796,0.02013958971251622,10,0.10593728547408385,0.08466560370935025,0.04537116116092813,0.16650340978723957,10,1.0,0.0,1.0,1.0,10,1.0124422028793039,0.4302731368658428,0.704643342961057,1.3202410627975507,10
{},random,33,2.2262535828070527,0.2935615451820695,2.016252304128451,2.4362548614856543,10,0.06213130914685707,0.0763063164448714,0.007545058707486681,0.11671755958622745,10,0.021875,0.02775606790515464,0.002019505140966306,0.04173049485903369,10,0.16124535407475069,0.09411982305361889,0.09391608866294383,0.22857461948655755,10,1.0,0.0,1.0,1.0,10,2.354661869776505,0.30813518230288733,2.1342352391381585,2.575088500414852,10
{},rule,33,0.8501735772328247,0.3066644366296984,0.6307990546687463,1.0695480997969031,10,0.00870061106134188,0.027513747989095318,-0.01098153857228026,0.02838276069496402,10,0.0109375,0.012863634411696322,0.0017354102874837796,0.02013958971251622,10,0.10593728547408385,0.08466560370935025,0.04537116116092813,0.16650340978723957,10,1.0,0.0,1.0,1.0,10,1.0124422028793039,0.4302731368658428,0.704643342961057,1.3202410627975507,10
{},ucb,33,2.9354234076336447,0.307320316831111,2.7155796966379846,3.155267118629305,10,0.05170410261633533,0.03944192960532738,0.02348904588765843,0.07991915934501223,10,0.01875,0.02057126839388698,0.004034201089493282,0.03346579891050672,10,0.15993343977911115,0.08918144182331415,0.096136879484806,0.2237300000734163,10,0.39053583076092585,0.013639063161507344,0.38077903273713043,0.40029262878472127,10,3.1378237556601123,0.2866834139642116,2.9327427956484993,3.3429047156717253,10
{},sliding_window_ucb,33,2.943476671309943,0.24550689223669725,2.7678516204806867,3.1191017221391997,10,0.08479074766111969,0.044058316628891536,0.0532733265944212,0.11630816872781817,10,0.015625,0.01647019614671031,0.0038429314434682317,0.02740706855653177,10,0.19413874883951648,0.08492061419947781,0.13339020101114854,0.25488729666788446,10,0.4691336763431492,0.03148145417572173,0.44661320068799115,0.4916541519983072,10,3.1386705586958383,0.3154832061158592,2.9129874684775157,3.364353648914161,10
{},discounted_ucb,33,3.0827579037883632,0.4084857293536469,2.790544816297548,3.3749709912791785,10,0.09494450299930789,0.06019297477505311,0.051885042801991695,0.13800396319662409,10,0.01875,0.01920738428602685,0.005009865005018772,0.032490134994981226,10,0.19557823141924585,0.08730842011896367,0.13312155013621385,0.25803491270227785,10,0.5034124143266372,0.015362487784139378,0.49242275259709156,0.5144020760561828,10,3.192825003716363,0.32019570467244535,2.963770795111126,3.4218792123215995,10
{},thompson,33,2.3512892310735842,0.6034437050983859,1.9196116092562627,2.782966852890906,10,0.06764203554352513,0.04839234970804036,0.033024233982875635,0.10225983710417463,10,0.021875,0.025727268823392643,0.003470820574967559,0.04027917942503244,10,0.1754129433190584,0.10758858525054696,0.09844870585456438,0.2523771807835524,10,0.17221815466678805,0.031191428528230137,0.1499051508614769,0.1945311584720992,10,2.4971820554111077,0.6295480744033644,2.046830492735,2.9475336180872156,10
{},linucb,33,2.2377857228024567,0.39647252275191397,1.9541663656172559,2.5214050799876575,10,0.05866824307018381,0.053281075487376636,0.020553257761802876,0.09678322837856475,10,0.0203125,0.02660841619676,0.0012779857162357328,0.03934701428376427,10,0.16806708032303722,0.08134775785750191,0.10987439995300596,0.22625976069306847,10,0.24511783323744435,0.05084097173476856,0.20874839299981968,0.281487273475069,10,2.3924775713697723,0.3989558185327397,2.1070817713981462,2.6778733713413985,10
{},sliding_window_linucb,33,2.277816711736793,0.4385929592864949,1.964066209393336,2.59156721408025,10,0.08017974360915889,0.03957274264625236,0.05187110886826297,0.10848837835005481,10,0.0234375,0.02681153682548698,0.004257681971727191,0.04261731802827281,10,0.1855439232680416,0.0965560811207462,0.11647186382314541,0.2546159827129378,10,0.29980615510395553,0.07876881775500383,0.24345833734637656,0.3561539728615345,10,2.386814889312517,0.4577300565477662,2.0593745322826393,2.714255246342395,10
{},uncertainty_aware,33,1.5948435482765455,0.42300417954129094,1.2922445871797514,1.8974425093733396,10,0.04312002135643147,0.037162363262123174,0.016535668154024283,0.06970437455883866,10,0.0171875,0.027013130166437374,-0.0021365292169229326,0.03651152921692294,10,0.1376087146283832,0.10640339908831853,0.061492308269921095,0.21372512098684532,10,0.7731610074849563,0.19773779037841147,0.6317079135628849,0.9146141014070277,10,1.7789081133086442,0.5035182111892439,1.418712883643523,2.1391033429737654,10
{},always_ofdm,34,1.1565212737710464,0.31490261610232984,0.9312535126284497,1.381789034913643,10,0.03549453602503044,0.05878412548091725,-0.006557094100228859,0.07754616615028975,10,0.0359375,0.03830869905923602,0.008533107568546486,0.06334189243145351,10,0.13727759689763325,0.09695520262906661,0.06792002312543159,0.2066351706698349,10,1.0,0.0,1.0,1.0,10,1.5529641322178178,0.5337853566193448,1.1711170910447206,1.934811173390915,10
{},always_otfs,34,0.5743584293656132,0.19622551399915572,0.4339871527952055,0.7147297059360209,10,0.030385509283122225,0.051524046774644096,-0.006472573401585684,0.06724359196783014,10,0.028125,0.036680868461789605,0.0018850874282089099,0.05436491257179109,10,0.12823711895502318,0.0933607206110953,0.06145088271782821,0.19502335519221814,10,1.0,0.0,1.0,1.0,10,0.5069095520494551,0.24249688285970344,0.33343773221512074,0.6803813718837894,10
{},always_afdm,34,0.8858923786219112,0.31189380791788596,0.6627769891928507,1.1090077680509718,10,0.0357188013890863,0.04646307293179059,0.0024811212938899915,0.0689564814842826,10,0.0234375,0.021156350012072812,0.008303158913357214,0.038571841086642786,10,0.14185538408511922,0.08076520372623697,0.08407943783600039,0.19963133033423805,10,1.0,0.0,1.0,1.0,10,1.059886172821415,0.45602121958927333,0.7336682441110032,1.386104101531827,10
{},random,34,2.3293701665194333,0.3075779262404593,2.1093421728537485,2.549398160185118,10,0.10311658371238094,0.10073776625847135,0.03105312692554428,0.1751800404992176,10,0.0203125,0.019557274328665195,0.006322068746680877,0.034302931253319124,10,0.196523666848972,0.10472700382402257,0.12160648141999016,0.27144085227795384,10,1.0,0.0,1.0,1.0,10,2.4567741224824693,0.3156691226036987,2.2309580356206333,2.6825902093443053,10
{},rule,34,0.8858923786219112,0.31189380791788596,0.6627769891928507,1.1090077680509718,10,0.0357188013890863,0.04646307293179059,0.0024811212938899915,0.0689564814842826,10,0.0234375,0.021156350012072812,0.008303158913357214,0.038571841086642786,10,0.14185538408511922,0.08076520372623697,0.08407943783600039,0.19963133033423805,10,1.0,0.0,1.0,1.0,10,1.059886172821415,0.45602121958927333,0.7336682441110032,1.386104101531827,10
{},ucb,34,3.0302077217432055,0.34769446628980866,2.7814820841088608,3.2789333593775503,10,0.09478431410956134,0.09881934837029974,0.02409321080759981,0.16547541741152288,10,0.025,0.03142313151874658,0.002521245860284762,0.04747875413971524,10,0.19263592378146235,0.08888081259723139,0.12905442068017742,0.2562174268827473,10,0.39985259619027763,0.021227176477705476,0.3846675889023178,0.4150376034782375,10,3.2360482652985665,0.303523558124609,3.018920591863974,3.453175938733159,10
{},sliding_window_ucb,34,3.054177164641021,0.26947473016131424,2.8614065554307806,3.2469477738512613,10,0.11070049333107748,0.10960911380986257,0.032290856807930354,0.1891101298542246,10,0.03125,0.03210632293213009,0.008282520164608932,0.05421747983539107,10,0.21240194816571417,0.08510340144896217,0.15152264221610098,0.27328125411532733,10,0.4663551387888504,0.032259386449995694,0.4432781639088993,0.48943211366880146,10,3.256661092718544,0.31048884894803974,3.0345507503911935,3.478771435045895,10
{},discounted_ucb,34,3.190399409357007,0.3955765203511486,2.907421013676976,3.4733778050370385,10,0.10764150556864394,0.08266440860661788,0.048506949992457866,0.16677606114483,10,0.0296875,0.02987422999937497,0.008316763258863071,0.05105823674113692,10,0.2171114499774387,0.08481730368441374,0.15643680603948307,0.2777860939153943,10,0.5134139405768801,0.020730432967795195,0.4985842821892394,0.5282435989645207,10,3.3155250395507934,0.3132597515230881,3.091432512930561,3.539617566171026,10
{},thompson,34,2.440680067369924,0.5694537406548762,2.033317401351565,2.8480427333882825,10,0.08939083629633944,0.08582902457027024,0.02799245083575371,0.15078922175692516,10,0.0296875,0.03163821364268216,0.0070548853775728,0.052320114622427194,10,0.1962908097829416,0.05862066164977597,0.15435611463816853,0.2382255049277147,10,0.20096321586026417,0.06302100455993663,0.15588070502599083,0.2460457266945375,10,2.5990614510510412,0.6099058742573452,2.1627610718981933,3.035361830203889,10
{},linucb,34,2.333376111790484,0.42739386296987153,2.027636960337952,2.6391152632430157,10,0.095590388988027,0.10411601390428689,0.021110279417617353,0.17007049855843664,10,0.0375,0.0384147685720537,0.010019730010037545,0.06498026998996245,10,0.1870508236493953,0.12695442085125944,0.09623310194769674,0.27786854535109384,10,0.21876139635701525,0.046468834074140444,0.1855195949888526,0.2520031977251779,10,2.4851169808761595,0.45443952752886857,2.160030526504305,2.810203435248014,10
{},sliding_window_linucb,34,2.405190285056212,0.43390706199737505,2.0947918716992793,2.715588698413145,10,0.1273735733194187,0.09591175737717723,0.05876243531417685,0.19598471132466055,10,0.0328125,0.030768865599462354,0.010801779503997539,0.05482322049600247,10,0.22812284775296074,0.09116469653181355,0.16290755250659664,0.2933381429993248,10,0.2875659852571311,0.08948574472382355,0.22355173978143428,0.35158023073282796,10,2.5205263229224704,0.45640592504993055,2.1940331925040057,2.847019453340935,10
{},uncertainty_aware,34,1.7124698927171498,0.4341431961701987,1.4019025591489476,2.023037226285352,10,0.11762634444060412,0.1235835841654919,0.02921997404102822,0.20603271484018001,10,0.0359375,0.03830869905923603,0.008533107568546482,0.06334189243145351,10,0.20055489873724514,0.11248610274451593,0.1200871883112417,0.28102260916324856,10,0.7981277387472872,0.21301519422706708,0.6457458484765071,0.9505096290180672,10,1.8850515979028812,0.5118321879083111,1.518908907575549,2.2511942882302134,10
{},always_ofdm,35,1.1918489173641602,0.32636607153646124,0.9583806942102681,1.4253171405180525,10,0.03532764359311387,0.04576404661030922,0.0025900168044568836,0.06806527038177085,10,0.0234375,0.023581732130566187,0.006568145065232348,0.040306854934767655,10,0.15654245779495918,0.07191930979212681,0.10509448286124642,0.20799043272867193,10,1.0,0.0,1.0,1.0,10,1.6036590380447453,0.5560560112211458,1.2058805303013689,2.001437545788122,10
{},always_otfs,35,0.596450782254691,0.2178126240970819,0.44063701739540106,0.7522645471139808,10,0.02209235288907761,0.04684789932195958,-0.011420615421932647,0.05560532120008786,10,0.0296875,0.030768865599462354,0.007676779503997536,0.051698220496002464,10,0.13111894831729945,0.09256061089067127,0.0649050760941582,0.1973328205404407,10,1.0,0.0,1.0,1.0,10,0.5321809483987228,0.30082701820200775,0.31698226342003644,0.7473796333774091,10
{},always_afdm,35,0.8955637607564754,0.31747850402167954,0.66845332040172,1.1226742011112307,10,0.00967138213456414,0.03058359566708375,-0.012206804235839294,0.031549568504967575,10,0.015625,0.018042195912175804,0.002718390555030441,0.02853160944496956,10,0.10821441529937352,0.087263412150135,0.04578993077766763,0.1706388998210794,10,1.0,0.0,1.0,1.0,10,1.062253036152757,0.46869628718101175,0.7269679103067259,1.3975381619987879,10
{},random,35,2.4126969290124087,0.2777071163919981,2.2140372254592853,2.611356632565532,10,0.08332676249297558,0.08654666370888693,0.02141500891857287,0.14523851606737828,10,0.0171875,0.020104436526686233,0.0028056524896307687,0.03156934751036923,10,0.17384523661079954,0.10306222226036486,0.10011896417034231,0.24757150905125674,10,1.0,0.0,1.0,1.0,10,2.5247718071252363,0.2856876679096579,2.320403160930359,2.7291404533201136,10
{},rule,35,0.8955637607564754,0.31747850402167954,0.66845332040172,1.1226742011112307,10,0.00967138213456414,0.03058359566708375,-0.012206804235839294,0.031549568504967575,10,0.015625,0.018042195912175804,0.002718390555030441,0.02853160944496956,10,0.10821441529937352,0.087263412150135,0.04578993077766763,0.1706388998210794,10,1.0,0.0,1.0,1.0,10,1.062253036152757,0.46869628718101175,0.7269679103067259,1.3975381619987879,10
{},ucb,35,3.138894366903975,0.3739731854317258,2.8713700660509316,3.406418667757018,10,0.10868664516076923,0.09362693565113397,0.04170997015620462,0.17566332016533384,10,0.025,0.02775606790515464,0.005144505140966309,0.044855494859033694,10,0.2077251021990986,0.09612633152098854,0.13896046709823479,0.2764897372999624,10,0.41121701099893765,0.025271020443873075,0.39313921200304053,0.42929480999483477,10,3.3379258155296334,0.31049712082519887,3.1158095558578314,3.5600420752014355,10
{},sliding_window_ucb,35,3.1128308810620817,0.2586538922519468,2.9278010329788877,3.2978607291452757,10,0.058653716421060584,0.032906016337327565,0.03511417038558817,0.082193262456533,10,0.0171875,0.027013130166437374,-0.0021365292169229326,0.03651152921692294,10,0.16620008263221092,0.0892552854210874,0.10235069781027564,0.2300494674541462,10,0.45578777854650776,0.022670690888964156,0.4395701432555603,0.4720054138374552,10,3.3170136233827234,0.30194002811226234,3.1010187390783033,3.5330085076871436,10
{},discounted_ucb,35,3.2534575133205843,0.38632132690968096,2.977099884185165,3.5298151424560036,10,0.06305810396357732,0.06916446187823608,0.013580828510013875,0.11253537941714076,10,0.021875,0.03142313151874657,-0.0006037541397152374,0.044353754139715235,10,0.18340050500368166,0.09200484486225352,0.11758420384708276,0.24921680616028055,10,0.5097112187384483,0.020520038233191696,0.4950320676771898,0.5243903697997068,10,3.3930779925864436,0.28990206539362356,3.1856945480468317,3.6004614371260555,10
{},thompson,35,2.4702389016099207,0.5711869677268931,2.0616363596359486,2.8788414435838927,10,0.029558834239996896,0.031779888561485295,0.006824871485998536,0.05229279699399526,10,0.009375,0.013176156917368247,-5.06548452254129e-05,0.01880065484522541,10,0.13941615885132447,0.10373193114602079,0.06521080553451152,0.2136215121681374,10,0.2106335588273185,0.056500038290957046,0.17021586624727672,0.2510512514073603,10,2.6326300579343336,0.6148505799373459,2.1927924494252173,3.07246766644345,10
{},linucb,35,2.430422864063026,0.3995999237302777,2.144566298990158,2.716279429135894,10,0.09704675227254252,0.10529149264714542,0.02172575586558652,0.1723677486794985,10,0.0203125,0.019557274328665195,0.006322068746680877,0.034302931253319124,10,0.19671850321781656,0.09213452350310457,0.1308094355499257,0.26262757088570743,10,0.21300922951843612,0.03585646455711808,0.18735905997317556,0.23865939906369668,10,2.575987932125944,0.42009190010631126,2.2754722902351303,2.8765035740167577,10
{},sliding_window_linucb,35,2.4695245113171223,0.4535745610193072,2.1450568167113313,2.793992205922913,10,0.06433422626090976,0.10120930446421042,-0.00806654863783969,0.1367350011596592,10,0.028125,0.02736234486784104,0.0085511576347553,0.0476988423652447,10,0.18153489974545556,0.08546846834183452,0.12039444067287841,0.2426753588180327,10,0.2882283368913194,0.04559972041706654,0.25560826197983333,0.32084841180280543,10,2.596213670699894,0.45431474005131867,2.2712164839118856,2.9212108574879023,10
{},uncertainty_aware,35,1.771937730513811,0.44455112565680305,1.4539250127103267,2.0899504483172953,10,0.05946783779666137,0.07317038608457271,0.007124896797229149,0.1118107787960936,10,0.01875,0.025301995419773165,0.0006500428411799174,0.036849957158820085,10,0.15296716557090567,0.1095955988621045,0.07456719705897136,0.23136713408284,10,0.7474252416261712,0.21855658977731515,0.5910792757797082,0.9037712074726342,10,1.9321712115057548,0.5221355375872629,1.5586579488307717,2.3056844741807376,10
{},always_ofdm,36,1.2249429483873624,0.3369159523014424,0.9839277951708875,1.4659581016038374,10,0.03309403102320216,0.042736347806084866,0.002522289483399706,0.06366577256300461,10,0.01875,0.012325166214790868,0.009933107230795183,0.027566892769204814,10,0.15295915449415282,0.06717780858600712,0.10490304519298982,0.2010152637953158,10,1.0,0.0,1.0,1.0,10,1.6518420958645366,0.5756433413683704,1.2400516562304693,2.063632535498604,10
{},always_otfs,36,0.6147962564670764,0.2106297089172218,0.4641208395868279,0.7654716733473248,10,0.018345474212385478,0.0386992552219907,-0.009338305267270901,0.04602925369204186,10,0.0171875,0.01719538960335331,0.004886659296081107,0.029488340703918897,10,0.12260856673806661,0.08527127578906774,0.06160917071992067,0.18360796275621255,10,1.0,0.0,1.0,1.0,10,0.5500134184624279,0.29002734844729017,0.34254035182517223,0.7574864850996836,10
{},always_afdm,36,0.9158593064345327,0.33575340784593455,0.6756757874228237,1.1560428254462418,10,0.020295545678057293,0.04336210984999391,-0.010723839061360877,0.051314930417475466,10,0.0234375,0.023581732130566187,0.006568145065232348,0.040306854934767655,10,0.12964435162219842,0.0881343462401919,0.06659683838450965,0.1926918648598872,10,1.0,0.0,1.0,1.0,10,1.087121291100594,0.5117455759046071,0.7210405592682532,1.453202022932935,10
{},random,36,2.4565238512472027,0.3016070502221194,2.2407671649760377,2.672280537518368,10,0.04382692223479381,0.04728289123131503,0.010002779457377077,0.07765106501221053,10,0.0234375,0.025779934730759544,0.004995645654422502,0.0418793543455775,10,0.15725700570877804,0.0985166811917597,0.08678241746320113,0.22773159395435494,10,1.0,0.0,1.0,1.0,10,2.5772527161596535,0.3186458098473106,2.3493072355211324,2.8051981967981745,10
{},rule,36,0.9158593064345327,0.33575340784593455,0.6756757874228237,1.1560428254462418,10,0.020295545678057293,0.04336210984999391,-0.010723839061360877,0.051314930417475466,10,0.0234375,0.023581732130566187,0.006568145065232348,0.040306854934767655,10,0.12964435162219842,0.0881343462401919,0.06659683838450965,0.1926918648598872,10,1.0,0.0,1.0,1.0,10,1.087121291100594,0.5117455759046071,0.7210405592682532,1.453202022932935,10
{},ucb,36,3.2144146239730476,0.4216239909607196,2.9128029903089314,3.5160262576371637,10,0.07552025706907281,0.0743161921229811,0.022357655807142003,0.12868285833100362,10,0.01875,0.017738944131173332,0.006060323810823821,0.031439676189176174,10,0.18863625341116988,0.097145999475061,0.11914219179754534,0.25813031502479444,10,0.3879635705415382,0.02206536399611005,0.3721789600237744,0.403748181059302,10,3.4217859722664414,0.3444773717675989,3.1753617054157766,3.6682102391171063,10
{},sliding_window_ucb,36,3.188733679048196,0.26586666468133613,2.998544124396316,3.378923233700076,10,0.07590279798611463,0.09334700318110264,0.009126374607197313,0.14267922136503194,10,0.0203125,0.022158382693940257,0.00446134791435732,0.03616365208564268,10,0.19002466254360018,0.0829871945080027,0.1306591998437028,0.24939012524349755,10,0.4824795741397909,0.032747473927872986,0.45905344251181385,0.5059057057677679,10,3.4022621892519624,0.31526696138054106,3.176733791198433,3.627790587305492,10
{},discounted_ucb,36,3.398433691879979,0.3786669798783978,3.127551652754219,3.6693157310057387,10,0.14497617855939507,0.08385799378344408,0.08498778358408107,0.20496457353470907,10,0.028125,0.017738944131173332,0.015435323810823822,0.04081467618917618,10,0.24539518534329363,0.05393049774520744,0.2068156313378709,0.28397473934871637,10,0.5002071267728772,0.017892480840127973,0.48740761703862756,0.5130066365071267,10,3.533697081255376,0.32091760209876374,3.304126458340807,3.7632677041699445,10
{},thompson,36,2.551065964342933,0.561219396946875,2.1495937929623743,2.9525381357234917,10,0.08082706273301221,0.0875921329618112,0.01816742550853165,0.14348669995749277,10,0.025,0.01976423537605237,0.01086151773216188,0.03913848226783812,10,0.19354430916626758,0.07830087178276622,0.1375312397915582,0.24955737854097695,10,0.1783566288334051,0.04051977020759359,0.14937053138634243,0.2073427262804678,10,2.72139827042624,0.6182786092088721,2.279108397503807,3.1636881433486725,10
{},linucb,36,2.4790490745549705,0.3871868354738085,2.2020722978910103,2.7560258512189306,10,0.04862621049194425,0.04212240722759482,0.018493655584831133,0.07875876539905738,10,0.0171875,0.01719538960335331,0.004886659296081107,0.029488340703918897,10,0.16660038713295605,0.0844385061842703,0.10619671860269914,0.22700405566321297,10,0.23606522972198585,0.043033518465601335,0.20528090509864116,0.26684955434533053,10,2.6378122225845395,0.38777765723951635,2.360412797490272,2.915211647678807,10
{},sliding_window_linucb,36,2.524407095509677,0.46100048041041014,2.1946272181841477,2.8541869728352065,10,0.05488258419255486,0.038687758189717356,0.027207029194333588,0.08255813919077613,10,0.01875,0.01920738428602685,0.005009865005018772,0.032490134994981226,10,0.16783572948611475,0.10099534266022069,0.09558801364146707,0.24008344533076242,10,0.2554112906613481,0.043017578498219765,0.22463836880375107,0.28618421251894516,10,2.6592733035116476,0.4556049397238985,2.3333531634777556,2.9851934435455396,10
{},uncertainty_aware,36,1.8302127165484894,0.5016679318759159,1.4713410969681648,2.189084336128814,10,0.05827498603467853,0.08154740291660413,-6.051180712793314e-05,0.116610483876485,10,0.021875,0.01976423537605237,0.007736517732161878,0.03601348226783812,10,0.16364569325443212,0.08804166820008415,0.1006644778927679,0.22662690861609636,10,0.585907534655313,0.18897762283740885,0.45072108708131275,0.7210939822293132,10,1.9910408080858257,0.597521994785412,1.5635993226361524,2.418482293535499,10
{},always_ofdm,37,1.2626055331922106,0.3360022169268411,1.0222440268862025,1.5029670394982186,10,0.03766258480484817,0.04953132014037499,0.002230012879711564,0.07309515672998479,10,0.0234375,0.025779934730759544,0.004995645654422502,0.0418793543455775,10,0.12725984194293588,0.09073611999070326,0.06235113188499963,0.19216855200087213,10,1.0,0.0,1.0,1.0,10,1.6936708185792089,0.5618076557125282,1.2917778322281321,2.0955638049302854,10
{},always_otfs,37,0.6493223224288394,0.2287090331794345,0.4857137360820145,0.8129309087756642,10,0.03452606596176293,0.04458251193222245,0.0026336581647400242,0.06641847375878583,10,0.0125,0.012325166214790868,0.0036831072307951847,0.021316892769204815,10,0.11941519356060146,0.08127396374642985,0.06127530231754688,0.17755508480365603,10,1.0,0.0,1.0,1.0,10,0.5839974927947658,0.3210645390910835,0.35432175748799577,0.8136732281015358,10
{},always_afdm,37,0.9158593064345327,0.33575340784593455,0.6756757874228237,1.1560428254462418,10,0.0,0.0,0.0,0.0,10,0.0078125,0.016876928902103804,-0.00426052764199417,0.01988552764199417,10,0.059193888179171726,0.07142581387972276,0.008098938954474215,0.11028883740386924,10,1.0,0.0,1.0,1.0,10,1.0608840600515024,0.4919073920487069,0.7089947100427461,1.4127734100602587,10
{},random,37,2.521520721550346,0.30509829104549924,2.3032665520457076,2.739774891054984,10,0.06499687030314301,0.07258450635768461,0.013073042412418745,0.11692069819386727,10,0.015625,0.02329237476562281,-0.0010373611454568207,0.03228736114545682,10,0.12905444093524068,0.09500229670642009,0.06109389190154975,0.19701498996893163,10,1.0,0.0,1.0,1.0,10,2.6208760378666307,0.3017364783279147,2.405026764306156,2.8367253114271054,10
{},rule,37,0.9158593064345327,0.33575340784593455,0.6756757874228237,1.1560428254462418,10,0.0,0.0,0.0,0.0,10,0.0078125,0.016876928902103804,-0.00426052764199417,0.01988552764199417,10,0.059193888179171726,0.07142581387972276,0.008098938954474215,0.11028883740386924,10,1.0,0.0,1.0,1.0,10,1.0608840600515024,0.4919073920487069,0.7089947100427461,1.4127734100602587,10
{},ucb,37,3.3206477080537113,0.4169706566452758,3.0223648692280203,3.6189305468794024,10,0.10623308408066312,0.07327284926046669,0.053816845340745635,0.1586493228205806,10,0.0140625,0.01368117243392052,0.00427557881737765,0.02384942118262235,10,0.1854181785444173,0.07781289903632843,0.12975418384380633,0.2410821732450283,10,0.376411361182629,0.016070471550754,0.364915238376308,0.38790748398895003,10,3.521773031582595,0.36739236113458523,3.258956368837607,3.7845896943275825,10
{},sliding_window_ucb,37,3.300429565942081,0.29486354070110077,3.0894968957773745,3.5113622361067875,10,0.11169588689388518,0.09466507277276558,0.04397657332999855,0.17941520045777182,10,0.0140625,0.01368117243392052,0.00427557881737765,0.02384942118262235,10,0.177966610738675,0.09172958457588695,0.11234721892887276,0.24358600254847726,10,0.4510525145402749,0.028540373372446935,0.43063596134880927,0.4714690677317405,10,3.4947976807623737,0.3312486115709012,3.2578366988760803,3.731758662648667,10
{},discounted_ucb,37,3.518333985659237,0.4406169989390614,3.2031355725723225,3.8335323987461516,10,0.11990029377925789,0.08600693579503928,0.058374638295380775,0.181425949263135,10,0.0140625,0.013681172433920518,0.004275578817377652,0.02384942118262235,10,0.19222741121464731,0.08230136225719588,0.13335256335171414,0.2511022590775805,10,0.49629942394270987,0.017343766763590594,0.4838924406125243,0.5087064072728954,10,3.6404933732417595,0.36469051883234926,3.379609492046568,3.901377254436951,10
{},thompson,37,2.6332730049139013,0.5940257074490706,2.208332612755599,3.0582133970722034,10,0.08220704057096877,0.056423409560259555,0.04184416488262857,0.12256991625930896,10,0.0140625,0.01719538960335331,0.0017616592960811063,0.026363340703918894,10,0.15559396836191036,0.0857578556034447,0.09424649411323532,0.2169414426105854,10,0.19089543998386685,0.045243982509453606,0.15852984464131353,0.22326103532642017,10,2.791561119559886,0.6455994670401783,2.3297270823103027,3.2533951568094697,10
{},linucb,37,2.5280528890138574,0.35663504929581086,2.272931543582607,2.7831742344451076,10,0.04900381445888679,0.04899157535770299,0.013957352691505782,0.08405027622626779,10,0.0078125,0.01518477055949297,-0.0030500304855817263,0.018675030485581726,10,0.1313166678602954,0.09206978257437283,0.06545391306287286,0.19717942265771793,10,0.22198838851556074,0.03316236940317184,0.19826545854406535,0.24571131848705613,10,2.6836977712165706,0.3722317339443422,2.417419229711471,2.9499763127216703,10
{},sliding_window_linucb,37,2.5880991234322797,0.47217296855284246,2.2503269295569885,2.9258713173075708,10,0.06369202792260313,0.062351664001799804,0.01908833447905106,0.1082957213661552,10,0.0140625,0.022642776165921,-0.0021351663010397755,0.030260166301039775,10,0.14224496324126693,0.10963465621590508,0.06381705478156174,0.2206728717009721,10,0.2534517842582583,0.04534123133385684,0.2210166212975689,0.2858869472189477,10,2.716087147524651,0.4700648096420404,2.379823039685123,3.052351255364179,10
{},uncertainty_aware,37,1.8466622983388077,0.5161838907726698,1.4774065873146474,2.215918009362968,10,0.01644958179031833,0.03479839145979972,-0.008443687857735072,0.04134285143837173,10,0.0125,0.02185018433687816,-0.00313068026250405,0.02813068026250405,10,0.09085524069503567,0.078694673530666,0.034560462520375916,0.14715001886969542,10,0.5433127166283507,0.1153812797168833,0.46077392136110584,0.6258515118955955,10,1.9964649295525976,0.6030899818473583,1.5650403461057072,2.4278895129994877,10
{},always_ofdm,38,1.2703943373200934,0.33913239749964647,1.0277936347243384,1.5129950399158485,10,0.007788804127882599,0.0246303612930304,-0.009830694920074594,0.025408303175839794,10,0.01875,0.019207384286026846,0.005009865005018774,0.032490134994981226,10,0.1398594016720707,0.07811193542233462,0.08398148922758839,0.195737314116553,10,1.0,0.0,1.0,1.0,10,1.7146228492966145,0.5628141813496458,1.3120098378799714,2.1172358607132575,10
{},always_otfs,38,0.6762987906404602,0.2576374672279577,0.491996049217596,0.8606015320633243,10,0.02697646821162091,0.043533759691400935,-0.004165707427259573,0.05811864385050139,10,0.028125,0.02057126839388698,0.013409201089493283,0.04284079891050672,10,0.17177892337912665,0.05485898508722724,0.1325351695414673,0.211022677216786,10,1.0,0.0,1.0,1.0,10,0.6368690452192276,0.3738394943876472,0.3694403811778349,0.9042977092606204,10
{},always_afdm,38,0.9158593064345327,0.33575340784593455,0.6756757874228237,1.1560428254462418,10,0.0,0.0,0.0,0.0,10,0.0125,0.012325166214790868,0.0036831072307951847,0.021316892769204815,10,0.12050739810064234,0.08129216129170688,0.06235448911790181,0.17866030708338287,10,1.0,0.0,1.0,1.0,10,1.0624840871974794,0.48984911850994634,0.7120671373790886,1.4129010370158703,10
{},random,38,2.5790621856596028,0.3092982942684854,2.357803514844228,2.8003208564749777,10,0.057541464109256965,0.08111055588569457,-0.00048153219212784815,0.11556446041064178,10,0.0171875,0.011529137302697216,0.008940052010427765,0.025434947989572236,10,0.19449269924289797,0.07913717654419308,0.13788137348159096,0.251104025004205,10,1.0,0.0,1.0,1.0,10,2.6964613661548635,0.32761988757093957,2.4620962170418683,2.9308265152678588,10
{},rule,38,0.9158593064345327,0.33575340784593455,0.6756757874228237,1.1560428254462418,10,0.0,0.0,0.0,0.0,10,0.0125,0.012325166214790868,0.0036831072307951847,0.021316892769204815,10,0.12050739810064234,0.08129216129170688,0.06235448911790181,0.17866030708338287,10,1.0,0.0,1.0,1.0,10,1.0624840871974794,0.48984911850994634,0.7120671373790886,1.4129010370158703,10
{},ucb,38,3.384876960707041,0.4064947723814169,3.094088118035836,3.6756658033782457,10,0.06422925265332953,0.043747108144714573,0.03293445672498921,0.09552404858166985,10,0.0171875,0.013681172433920518,0.007400578817377653,0.02697442118262235,10,0.20177311102967335,0.07701166629113529,0.14668228370664027,0.25686393835270643,10,0.39083135328820534,0.022842209892083867,0.37449102069386797,0.4071716858825427,10,3.6046387716576036,0.34982431214958576,3.3543895340787766,3.8548880092364306,10
{},sliding_window_ucb,38,3.3820015655076516,0.3053356864209463,3.1635775735817373,3.600425557433566,10,0.08157199956557071,0.03510028978068543,0.056462764868765426,0.106681234262376,10,0.025,0.022341261030757516,0.009018024633159434,0.04098197536684057,10,0.22289113441794814,0.06930443364686559,0.17331372919305216,0.2724685396428441,10,0.46696360208078513,0.03551384745801764,0.4415585260434758,0.4923686781180945,10,3.598781444225657,0.36326090756418056,3.3389202453240285,3.8586426431272853,10
{},discounted_ucb,38,3.62415559737299,0.467876185011355,3.289457137277639,3.9588540574683413,10,0.10582161171375248,0.06383917551618849,0.06015381663564529,0.15148940679185968,10,0.0234375,0.02240188871625684,0.007412154199643403,0.0394628458003566,10,0.22716972929085402,0.07045086045499983,0.17677221973154905,0.277567238850159,10,0.5125709934494359,0.01987851086174779,0.4983507634237204,0.5267912234751514,10,3.7487557315779485,0.3975350897335884,3.4643762597643315,4.0331352033915655,10
{},thompson,38,2.6909602534298647,0.6156460088475559,2.250553629356607,3.1313668775031225,10,0.057687248515963165,0.07427905224500246,0.0045512155222319425,0.1108232815096944,10,0.025,0.02352414539715878,0.008171840132668647,0.041828159867331356,10,0.18584263729955572,0.08822176360027356,0.12273258944962927,0.24895268514948216,10,0.1764908128014207,0.03518744054162711,0.15131923420591364,0.20166239139692776,10,2.8584963859047776,0.672283866075693,2.37757347952299,3.339419292286565,10
{},linucb,38,2.5953347461465364,0.35064299755893064,2.3444998563063026,2.84616963598677,10,0.06728185713267894,0.06617535004443825,0.019942863472194226,0.11462085079316364,10,0.025,0.022341261030757516,0.009018024633159434,0.04098197536684057,10,0.20079487193896126,0.07958644336295953,0.14386216005621827,0.25772758382170424,10,0.21134717813872617,0.0421218084736478,0.18121505155438403,0.2414793047230683,10,2.7655852722008674,0.39600112833300616,2.4823031302686767,3.048867414133058,10
{},sliding_window_linucb,38,2.6362154296224767,0.47421287389781497,2.2969839753710968,2.9754468838738566,10,0.04811630619019654,0.04244511230874938,0.017752901974681972,0.0784797104057111,10,0.025,0.018340434230894802,0.011880043714104456,0.03811995628589555,10,0.18507281152208038,0.07389979461891624,0.13220808309031867,0.2379375399538421,10,0.24491271199261683,0.05214150351150955,0.20761292736704318,0.2822124966181905,10,2.7822525880920663,0.49093874653259767,2.431056165342713,3.1334490108414195,10
{},uncertainty_aware,38,1.8927230397758685,0.571673746720691,1.483772277086993,2.301673802464744,10,0.046060741437060834,0.07516099989871651,-0.007706198901474948,0.09982768177559662,10,0.021875,0.022341261030757516,0.005893024633159431,0.037856975366840566,10,0.17664754061515608,0.0711198264348127,0.1257714816223207,0.22752359960799146,10,0.5660520615903306,0.08874264622082634,0.5025693967605824,0.6295347264200788,10,2.0542050992130894,0.6600007530050088,1.5820690025934516,2.5263411958327273,10
{},always_ofdm,39,1.3068870330218578,0.3447978043996684,1.0602335424749383,1.5535405235687774,10,0.03649269570176441,0.04740229603112371,0.0025831358761963796,0.07040225552733244,10,0.021875,0.03841476857205369,-0.005605269989962452,0.04935526998996245,10,0.11236849309727441,0.09448575566194989,0.04477745526697166,0.17995953092757716,10,1.0,0.0,1.0,1.0,10,1.7599238951707779,0.5699901446623437,1.3521775088412773,2.1676702815002784,10
{},always_otfs,39,0.7051508411261068,0.26598625804768333,0.5148757345336998,0.8954259477185138,10,0.028852050485646617,0.04696417003897403,-0.004744092885744143,0.06244819385703738,10,0.0203125,0.03214854033752284,-0.0026851803478916796,0.04331018034789168,10,0.09489232246822728,0.094921174373072,0.02698980485592678,0.16279484008052778,10,1.0,0.0,1.0,1.0,10,0.6646939204643434,0.3765225917581057,0.3953458841895541,0.9340419567391327,10
{},always_afdm,39,0.9726543855468142,0.35503626834216817,0.7186767391119147,1.2266320319817137,10,0.05679507911228167,0.04967748715178575,0.0212579456061047,0.09233221261845864,10,0.0234375,0.024705294220065465,0.005764397165202349,0.04111060283479765,10,0.14422062747276482,0.08254303111640328,0.0851729001224353,0.20326835482309435,10,1.0,0.0,1.0,1.0,10,1.139637267447133,0.5022392338486179,0.7803569630552312,1.4989175718390346,10
{},random,39,2.702718738200513,0.32917550225720515,2.467240769378641,2.938196707022385,10,0.12365655254091028,0.11870441227339318,0.0387405314498514,0.20857257363196915,10,0.0203125,0.025568620226319953,0.0020218109445088693,0.038603189055491136,10,0.18969682452349096,0.10026592521743105,0.11797090248389121,0.2614227465630907,10,1.0,0.0,1.0,1.0,10,2.819090743455243,0.3681883945469973,2.5557046327112887,3.082476854199197,10
{},rule,39,0.9726543855468142,0.35503626834216817,0.7186767391119147,1.2266320319817137,10,0.05679507911228167,0.04967748715178575,0.0212579456061047,0.09233221261845864,10,0.0234375,0.024705294220065465,0.005764397165202349,0.04111060283479765,10,0.14422062747276482,0.08254303111640328,0.0851729001224353,0.20326835482309435,10,1.0,0.0,1.0,1.0,10,1.139637267447133,0.5022392338486179,0.7803569630552312,1.4989175718390346,10
{},ucb,39,3.425230653580987,0.42450360874998955,3.1215590654447096,3.7289022417172646,10,0.04035369287394647,0.058142611175948274,-0.0012390255629629657,0.0819464113108559,10,0.0125,0.030190368221228,-0.009096888401386366,0.03409688840138637,10,0.13458259784961935,0.08081220730707106,0.07677302726434468,0.192392168434894,10,0.3920116031745483,0.021999619521584177,0.3762740234206672,0.40774918292842943,10,3.6721539222841115,0.3649036941773933,3.411117544633656,3.933190299934567,10
{},sliding_window_ucb,39,3.501546372939046,0.2651336696137832,3.3118811713707954,3.691211574507297,10,0.11954480743139413,0.09814299835629972,0.04933753578281283,0.18975207907997543,10,0.0234375,0.037737960276535,-0.0035586105017329575,0.05043361050173296,10,0.19185277010373095,0.10294830214225688,0.11820799120649328,0.2654975490009686,10,0.46219488312479784,0.0268385864837412,0.44299571493668827,0.4813940513129074,10,3.723566767106276,0.3501443944619779,3.473088556434795,3.9740449777777576,10
{},discounted_ucb,39,3.7280162978052127,0.47599626127403427,3.387509085078202,4.0685235105322235,10,0.1038607004322231,0.09282358340175174,0.03745870900719535,0.17026269185725085,10,0.0203125,0.029508782237948533,-0.0007968111612225437,0.041421811161222545,10,0.18415119942472477,0.0925508791065915,0.11794428890053257,0.25035810994891694,10,0.4895653842524387,0.015657398913151425,0.47836475581010146,0.5007660126947758,10,3.865839483779562,0.41778188637932406,3.5669763261612766,4.164702641397848,10
{},thompson,39,2.737652106508877,0.6211827230179372,2.2932847557173535,3.1820194573004006,10,0.04669185307901223,0.07458531558483898,-0.006663267509922098,0.10004697366794657,10,0.015625,0.03125,-0.006729903312135625,0.037979903312135625,10,0.11375930030212356,0.08595315162680922,0.05227211969442266,0.17524648090982445,10,0.16440986796630339,0.046929435632826644,0.13083857209222555,0.19798116384038122,10,2.9051882389837895,0.6643461430084645,2.429943637615967,3.380432840351612,10
{},linucb,39,2.6821655438017573,0.3996552802920802,2.396269379030112,2.9680617085734027,10,0.08683079765522086,0.09713730596295089,0.017342955005521576,0.15631864030492015,10,0.0203125,0.027609079751455358,0.0005621541318135692,0.04006284586818643,10,0.16201907342104566,0.10612470475584955,0.08610203297797504,0.23793611386411628,10,0.19056972187787183,0.03123177596942346,0.16822785525186407,0.2129115885038796,10,2.8605368983988013,0.43133068967631727,2.551981510774134,3.1690922860234685,10
{},sliding_window_linucb,39,2.7280718747233843,0.5424011748742895,2.340061448460872,3.1160823009858967,10,0.0918564451009078,0.09228138525868433,0.02584231886193737,0.15787057133987825,10,0.028125,0.03883614975480677,0.0003432920709015991,0.0559067079290984,10,0.17418757800958973,0.1044624013281091,0.09945967780340134,0.2489154782157781,10,0.2446802151223399,0.05759543494591306,0.2034789229803788,0.28588150726430095,10,2.8893727188785445,0.5493910565077482,2.4963620325174967,3.2823834052395924,10
{},uncertainty_aware,39,1.9682516509033907,0.5718324740117894,1.5591873415506592,2.377315960256122,10,0.07552861112752203,0.05557889146039306,0.035769867294153476,0.11528735496089058,10,0.0328125,0.03788145113743371,0.005713742319976945,0.05991125768002306,10,0.16276666342478224,0.10409322763722353,0.08830285416787806,0.23723047268168643,10,0.7037403749655028,0.2052723994791298,0.55689734638931,0.8505834035416956,10,2.14990431541476,0.6472776439557766,1.6868697827191332,2.6129388481103866,10
{},always_ofdm,40,1.3659485749155609,0.3619228078045459,1.1070445949178884,1.6248525549132333,10,0.05906154189370307,0.05171462543657821,0.022067127447046572,0.09605595634035957,10,0.03125,0.02209708691207961,0.015442696275219287,0.047057303724780716,10,0.16090352507156674,0.07313870236808034,0.1085832492375347,0.21322380090559878,10,1.0,0.0,1.0,1.0,10,1.8415481932651165,0.5982027392051609,1.4136197325935629,2.26947665393667,10
{},always_otfs,40,0.7157233779274378,0.25879686279045244,0.5305912548821707,0.9008555009727048,10,0.01057253680133092,0.033433296938156824,-0.013344203053338386,0.034489276656000226,10,0.009375,0.016796370308955314,-0.0026403994960486916,0.021390399496048693,10,0.07566643300092563,0.08038546454796666,0.0181621357954568,0.13317073020639444,10,1.0,0.0,1.0,1.0,10,0.661081126488041,0.3644249661712911,0.4003872102228407,0.9217750427532412,10
{},always_afdm,40,0.9998677203032967,0.35501943269922803,0.7459021173618412,1.2538333232447523,10,0.02721333475648229,0.044318150846761474,-0.004489960512381531,0.05891663002534611,10,0.0171875,0.025989531145572186,-0.0014042905883841147,0.03577929058838412,10,0.10930601656571406,0.08866157594298954,0.045881345919086824,0.1727306872123413,10,1.0,0.0,1.0,1.0,10,1.1696640570356187,0.4946476404493507,0.8158144514093384,1.523513662661899,10
{},random,40,2.813390971743032,0.3235156119139041,2.581961844565377,3.044820098920687,10,0.11067223354251901,0.11328564582503359,0.029632564452232085,0.19171190263280594,10,0.0265625,0.02660841619676,0.007527985716235731,0.04559701428376427,10,0.18710723786178365,0.08613590773599925,0.1254893214092621,0.2487251543143052,10,1.0,0.0,1.0,1.0,10,2.926918754339799,0.3625309838808206,2.6675797113859065,3.186257797293692,10
{},rule,40,0.9998677203032967,0.35501943269922803,0.7459021173618412,1.2538333232447523,10,0.02721333475648229,0.044318150846761474,-0.004489960512381531,0.05891663002534611,10,0.0171875,0.025989531145572186,-0.0014042905883841147,0.03577929058838412,10,0.10930601656571406,0.08866157594298954,0.045881345919086824,0.1727306872123413,10,1.0,0.0,1.0,1.0,10,1.1696640570356187,0.4946476404493507,0.8158144514093384,1.523513662661899,10
{},ucb,40,3.5072278618714376,0.42294438174244364,3.2046716775430117,3.8097840461998635,10,0.08199720829045017,0.1047236891073626,0.007082394066922432,0.1569120225139779,10,0.0203125,0.023350533095270725,0.003608534891788799,0.0370164651082112,10,0.1677992003243028,0.09736722125625004,0.09814688618174963,0.23745151446685595,10,0.37241979972754347,0.021528852370844245,0.35701898650605657,0.38782061294903036,10,3.760673895631186,0.3776997890534814,3.490483743141439,4.030864048120933,10
{},sliding_window_ucb,40,3.5609755546107644,0.26474710332696383,3.3715868859054123,3.7503642233161165,10,0.05942918167171809,0.06787202165617671,0.010876462256581898,0.10798190108685428,10,0.015625,0.02655739329996242,-0.0033730147021765883,0.03462301470217659,10,0.15927916589717914,0.09732022514685168,0.08966047074603868,0.2288978610483196,10,0.4797390242826882,0.03804921328484879,0.45252025679194835,0.506957791773428,10,3.8035667060262277,0.3578130809479555,3.547602647517143,4.059530764535313,10
{},discounted_ucb,40,3.828376915261951,0.515546563602641,3.459577120630245,4.197176709893657,10,0.10036061745673877,0.09717316145271605,0.030847125334818384,0.16987410957865917,10,0.0171875,0.0214112549907234,0.0018708108765087064,0.032504189123491296,10,0.17901975234773426,0.08792473914904332,0.11612218299024277,0.24191732170522576,10,0.4962368858019194,0.017360346016378984,0.48381804238875553,0.5086557292150833,10,3.965580009150068,0.4348163902324473,3.654531101560366,4.27662891673977,10
{},thompson,40,2.838584826936072,0.6520274253801532,2.372152505296582,3.305017148575562,10,0.10093272042719528,0.07999706253834822,0.04370626928160676,0.1581591715727838,10,0.0265625,0.027609079751455354,0.006812154131813568,0.04631284586818643,10,0.17321764540511464,0.10282810705976451,0.09965884889020371,0.24677644192002557,10,0.17784471337581562,0.05279965769015892,0.14007411361334007,0.21561531313829116,10,2.9991266574116757,0.6950578704008031,2.5019122097589124,3.496341105064439,10
{},linucb,40,2.7576597535357257,0.41638923718694804,2.4597928371348257,3.0555266699366257,10,0.07549420973396866,0.10375527733737082,0.0012721555579449373,0.14971626390999238,10,0.0265625,0.029508782237948526,0.005453188838777458,0.047671811161222544,10,0.1581107066007021,0.10437339163138705,0.08344648009576375,0.23277493310564043,10,0.19965410105368722,0.040193840736941086,0.17090115950432094,0.2284070426030535,10,2.9393683780222757,0.4627263964169181,2.608353854762335,3.2703829012822165,10
{},sliding_window_linucb,40,2.8457338886023336,0.5852149757871395,2.427096314185204,3.264371463019463,10,0.11766201387894906,0.08478647899576755,0.05700942059489141,0.1783146071630067,10,0.01875,0.017738944131173332,0.006060323810823821,0.031439676189176174,10,0.1965412365950669,0.07510635701040745,0.14281338542404615,0.25026908776608764,10,0.2670662286774669,0.044831719831641914,0.23499554828856742,0.29913690906636636,10,3.0066347284963837,0.5920089393661853,2.5831370453139506,3.4301324116788168,10
{},uncertainty_aware,40,2.040536854946963,0.5368000743270364,1.6565332146420633,2.4245404952518625,10,0.07228520404357174,0.06922339241138974,0.02276577222614324,0.12180463586100024,10,0.0171875,0.018706546870904138,0.003805642508704153,0.03056935749129585,10,0.1532943085317041,0.10038687376066663,0.08148186511643153,0.22510675194697666,10,0.7476937320016371,0.21799921953600862,0.5917464848064851,0.9036409791967892,10,2.2239193969692357,0.6027193937698101,1.7927599162628964,2.655078877675575,10
{},always_ofdm,41,1.4005398956697026,0.38000180595777966,1.1287029794897638,1.6723768118496414,10,0.0345913207541419,0.04491455146510648,0.002461386184209262,0.06672125532407452,10,0.025,0.02352414539715878,0.008171840132668647,0.041828159867331356,10,0.15775105670584144,0.07242826926102662,0.10593899410118304,0.20956311931049984,10,1.0,0.0,1.0,1.0,10,1.8894684012804597,0.6366069470172381,1.4340672253315252,2.344869577229394,10
{},always_otfs,41,0.7415959294232856,0.26716133140067694,0.5504802259927717,0.9327116328537994,10,0.02587255149584781,0.04256916019820347,-0.004579591234061011,0.05632469422575663,10,0.03125,0.03608439182435161,0.005436781110060882,0.05706321888993912,10,0.14584074530724417,0.08630857498668495,0.08409931014450658,0.20758218046998175,10,1.0,0.0,1.0,1.0,10,0.6970910231047868,0.39549787220538407,0.4141688889189713,0.9800131572906022,10
{},always_afdm,41,1.0082809843123501,0.3705188591617172,0.7432277596120946,1.2733342090126056,10,0.00841326400905337,0.026605076824928128,-0.010618861432009307,0.027445389450116046,10,0.0125,0.014358384116760648,0.002228630763241979,0.022771369236758023,10,0.10727086672308805,0.08372443557293455,0.04737801353601348,0.16716371991016263,10,1.0,0.0,1.0,1.0,10,1.167104075068209,0.5070656987525649,0.8043711256757584,1.5298370244606594,10
{},random,41,2.8674841652320735,0.2986579293121773,2.65383715297043,3.081131177493717,10,0.054093193489041444,0.06291759871590012,0.009084654739419183,0.0991017322386637,10,0.025,0.026760901205552353,0.005856404512136433,0.04414359548786357,10,0.16589865754788508,0.098819521354752,0.09520743050030099,0.23658988459546915,10,1.0,0.0,1.0,1.0,10,2.9829865631971852,0.3865036110538333,2.706498535840394,3.2594745905539764,10
{},rule,41,1.0082809843123501,0.3705188591617172,0.7432277596120946,1.2733342090126056,10,0.00841326400905337,0.026605076824928128,-0.010618861432009307,0.027445389450116046,10,0.0125,0.014358384116760648,0.002228630763241979,0.022771369236758023,10,0.10727086672308805,0.08372443557293455,0.04737801353601348,0.16716371991016263,10,1.0,0.0,1.0,1.0,10,1.167104075068209,0.5070656987525649,0.8043711256757584,1.5298370244606594,10
{},ucb,41,3.597038435425586,0.4149360383611665,3.300211074840483,3.8938657960106893,10,0.08981057355414883,0.07049468806880473,0.03938171160863553,0.1402394354996621,10,0.021875,0.018340434230894802,0.008755043714104453,0.034994956285895544,10,0.20479645622363699,0.07990316662249604,0.1476371741698974,0.26195573827737656,10,0.3866122092668641,0.020633667950161198,0.37185177240284606,0.4013726461308822,10,3.855639503164325,0.38032101533267726,3.583574238353597,4.127704767975053,10
{},sliding_window_ucb,41,3.6143345993545366,0.2597023175163855,3.4285547530180134,3.80011444569106,10,0.053359044743772135,0.07017449919093485,0.0031592321232637097,0.10355885736428055,10,0.01875,0.02927806108865666,-0.002194263193719039,0.039694263193719034,10,0.16628390850248312,0.09553060664548478,0.09794542930537997,0.23462238769958627,10,0.4534359366130696,0.027586573792152364,0.43370169053829644,0.4731701826878427,10,3.8600197658382123,0.3726275426339478,3.593458079853553,4.126581451822871,10
{},discounted_ucb,41,3.8812101653272335,0.5289678034287272,3.502809394099011,4.259610936555456,10,0.052833250065282514,0.05254090142453081,0.015247753384391792,0.09041874674617323,10,0.015625,0.018042195912175804,0.002718390555030441,0.02853160944496956,10,0.1794010021774825,0.0875802788496881,0.11674984487397358,0.24205215948099143,10,0.4912268593953549,0.025893084556547808,0.47270406254048836,0.5097496562502214,10,4.035150162637053,0.4244881862169729,3.731489607116277,4.338810718157829,10
{},thompson,41,2.89700781852896,0.6707536513873585,2.4171795617921177,3.3768360752658024,10,0.058422991592887774,0.07577123985237923,0.00421951188918937,0.11262647129658618,10,0.025,0.0369754986443726,-0.0014506783076144412,0.05145067830761445,10,0.1709656853986833,0.10606550120891563,0.09509099662177087,0.2468403741755957,10,0.16549857787137862,0.03199169999475765,0.1426130943458216,0.18838406139693564,10,3.0602614941198607,0.7052730593365534,2.555739540515933,3.5647834477237885,10
{},linucb,41,2.793347729181215,0.40065450840545785,2.5067367596780077,3.0799586986844227,10,0.0356879756454891,0.06155506313365759,-0.008345863865721122,0.07972181515669932,10,0.021875,0.030547663122114956,2.2518223789725483e-05,0.043727481776210275,10,0.14101859303831246,0.10365384955381451,0.06686909592771484,0.21516809014891009,10,0.189952433550998,0.02433179489042751,0.17254651604103888,0.20735835106095712,10,2.9705561223700894,0.4624899913839702,2.6397107130830784,3.3014015316571004,10
{},sliding_window_linucb,41,2.9063036763850434,0.5760539886834867,2.494219477358182,3.3183878754119047,10,0.060569787782709716,0.07565445872550097,0.006449848264612763,0.11468972730080668,10,0.0203125,0.028574722342385842,-0.00012862496432502687,0.040753624964325025,10,0.16865511599968505,0.09653589069680497,0.09959749991399007,0.23771273208538002,10,0.2806634939183866,0.08537759091025192,0.21958804464409054,0.3417389431926826,10,3.06545899580557,0.5744144603705547,2.654547644679928,3.476370346931212,10
{},uncertainty_aware,41,2.0726532136814098,0.5395458181016756,1.6866853866052474,2.458621040757572,10,0.03211635873444686,0.045588234171874895,-0.0004954994122174788,0.0647282168811112,10,0.0203125,0.030414169418034237,-0.0014444861330901622,0.04206948613309017,10,0.14776457508776572,0.09421141042954198,0.08036979201409095,0.2151593581614405,10,0.7586473552045809,0.210195675157625,0.6082824273716921,0.9090122830374697,10,2.2618531233665036,0.5907834973479825,1.8392320685946801,2.684474178138327,10
{},always_ofdm,42,1.451135024441878,0.3922110841518871,1.1705641167886516,1.7317059320951043,10,0.05059512877217508,0.04418465989839073,0.018987327175115205,0.08220293036923496,10,0.034375,0.0440712412527212,0.002848333214387669,0.06590166678561234,10,0.1620912334746034,0.0791711570310091,0.10545559953738373,0.2187268674118231,10,1.0,0.0,1.0,1.0,10,1.9738687283599685,0.6406136858251102,1.5156013041343313,2.432136152585606,10
{},always_otfs,42,0.7708758366486965,0.2669946898844607,0.5798793413776324,0.9618723319197606,10,0.02927990722541094,0.04996025730378645,-0.006459507861807101,0.06501932231262898,10,0.025,0.04114253678777396,-0.004431597821013433,0.054431597821013436,10,0.11392599300930246,0.09464784011888307,0.0462190069433792,0.18163297907522574,10,1.0,0.0,1.0,1.0,10,0.7333261097189945,0.414683654574279,0.4366792936188007,1.0299729258191883,10
{},always_afdm,42,1.0367642461443505,0.3880032607365665,0.7592034340304531,1.3143250582582477,10,0.02848326183200035,0.04591790353011853,-0.004364427566776314,0.06133095123077702,10,0.0296875,0.047990206249122674,-0.004642625460114694,0.06401762546011469,10,0.11730736230015441,0.10221078169742319,0.04419017374643611,0.19042455085387272,10,1.0,0.0,1.0,1.0,10,1.2067205309732683,0.5394285338186848,0.8208366040189072,1.5926044579276293,10
{},random,42,2.986230404568685,0.30284223482599887,2.7695901204609643,3.202870688676406,10,0.1187462393366117,0.10401237489495997,0.04434026864725385,0.19315221002596955,10,0.0296875,0.041307041789371564,0.00013822239002409323,0.05923677760997591,10,0.20184164495060344,0.09746099672336973,0.13212224788003393,0.2715610420211729,10,1.0,0.0,1.0,1.0,10,3.107137301752694,0.3993441145701299,2.821463731529153,3.3928108719762355,10
{},rule,42,1.0367642461443505,0.3880032607365665,0.7592034340304531,1.3143250582582477,10,0.02848326183200035,0.04591790353011853,-0.004364427566776314,0.06133095123077702,10,0.0296875,0.047990206249122674,-0.004642625460114694,0.06401762546011469,10,0.11730736230015441,0.10221078169742319,0.04419017374643611,0.19042455085387272,10,1.0,0.0,1.0,1.0,10,1.2067205309732683,0.5394285338186848,0.8208366040189072,1.5926044579276293,10
{},ucb,42,3.703935363766982,0.3344884309104895,3.4646567547419593,3.9432139727920044,10,0.10689692834139533,0.10752508593675339,0.02997811554954906,0.18381574113324162,10,0.034375,0.04762137271109358,0.0003087221584745295,0.06844127784152548,10,0.2055895310992434,0.09842653493994633,0.13517942959745016,0.27599963260103666,10,0.365998466131111,0.014962257243734857,0.3552951120826312,0.37670182017959075,10,3.9835381278684734,0.33111635715866217,3.7466717550893227,4.220404500647624,10
{},sliding_window_ucb,42,3.7018615263225683,0.289838756523872,3.4945233702201435,3.909199682424993,10,0.08752692696803174,0.08799469718958206,0.024579312643111445,0.15047454129295204,10,0.028125,0.040208873053372465,-0.0006386950207384647,0.05688869502073847,10,0.17273703355939668,0.08592458454343571,0.11127028861207097,0.2342037785067224,10,0.47297559117757093,0.03503118008586304,0.4479157945782276,0.49803538777691425,10,3.9550658930025135,0.39569034252519414,3.672006073844224,4.238125712160803,10
{},discounted_ucb,42,3.964561103016152,0.4859134057446564,3.6169595925043976,4.3121626135279065,10,0.08335093768891749,0.08756219760557989,0.020712714928250234,0.14598916044958477,10,0.021875,0.034704856768661835,-0.0029513589607984315,0.046701358960798425,10,0.17585292513345657,0.10134768078271231,0.10335316177964154,0.2483526884872716,10,0.48338825397782614,0.022008454730484944,0.467644353896242,0.4991321540594103,10,4.1333121813754135,0.40990271634509506,3.84008544245457,4.426538920296257,10
{},thompson,42,2.950377818786074,0.6334558413219139,2.4972308080577887,3.4035248295143594,10,0.053370000257114095,0.0783822147953907,-0.002701258403430086,0.10944125891765827,10,0.01875,0.04345136169711294,-0.012333231664626979,0.04983323166462698,10,0.138580106848479,0.12136407712619345,0.051761476137354975,0.225398737559603,10,0.14961739235477864,0.02817372485409116,0.12946312371298918,0.1697716609965681,10,3.1211506945732443,0.6795553515040141,2.635026080873514,3.6072753082729747,10
{},linucb,42,2.857416247094975,0.40079559071711385,2.5707043533858114,3.1441281408041384,10,0.06406851791375945,0.09448277333756805,-0.0035203864902008525,0.13165742231771976,10,0.01875,0.03517071461694611,-0.0064096135897774575,0.043909613589777456,10,0.14410872640227834,0.09798052642685598,0.07401768017045386,0.21419977263410284,10,0.20488709904857655,0.022064357026392416,0.1891032088735544,0.2206709892235987,10,3.036973942377273,0.4601606307300934,2.7077948573205504,3.3661530274339952,10
{},sliding_window_linucb,42,2.9896623750616356,0.5491681604760782,2.59681113891616,3.382513611207111,10,0.0833586986765921,0.09102436564784486,0.018243790097198453,0.14847360725598574,10,0.0234375,0.042472672995573155,-0.0069456199431677315,0.05382061994316773,10,0.16871543636364122,0.11957813920348978,0.08317438867918976,0.2542564840480927,10,0.28207882666599093,0.08682838139157126,0.21996554440174096,0.3441921089302409,10,3.1564835257741164,0.5466897037636161,2.7654052707540937,3.547561780794139,10
{},uncertainty_aware,42,2.141666301097525,0.5486736864308288,1.7491687903751507,2.5341638118198992,10,0.0690130874161156,0.09658687874102526,-8.100331913520054e-05,0.13810717815136642,10,0.0328125,0.05073782865815647,-0.0034831561254653406,0.06910815612546534,10,0.1473759916706246,0.10772689492781533,0.07031281342333162,0.22443916991791757,10,0.6737686430443506,0.17522425743895878,0.5484207603887127,0.7991165256999885,10,2.3315382086420327,0.5950284366869896,1.905880507198549,2.7571959100855166,10
{},always_ofdm,43,1.4913149171186766,0.4118722307011479,1.1966792725017876,1.7859505617355655,10,0.040179892676798626,0.05316132132836046,0.002150574333090738,0.07820921102050651,10,0.0359375,0.027609079751455354,0.016187154131813566,0.055687845868186425,10,0.16424488749436641,0.07641749466116111,0.10957910495017771,0.21891067003855513,10,1.0,0.0,1.0,1.0,10,2.0266966956547776,0.665478367438614,1.5506421497217189,2.5027512415878364,10
{},always_otfs,43,0.8003533445821727,0.28296499551336707,0.5979323808887259,1.0027743082756195,10,0.02947750793347619,0.04769260520631424,-0.0046397265654361634,0.06359474243238854,10,0.021875,0.018340434230894802,0.008755043714104453,0.034994956285895544,10,0.13988484923746708,0.0802562000729859,0.0824730222668747,0.19729667620805946,10,1.0,0.0,1.0,1.0,10,0.7617940387569047,0.4144380948464399,0.4653228855038532,1.0582651920099562,10
{},always_afdm,43,1.0546503851291529,0.41371139509705224,0.7586990815604059,1.3506016886978998,10,0.01788613898480244,0.037717697115453044,-0.009095476124713384,0.044867754094318264,10,0.0171875,0.023810686355546794,0.00015436107923726475,0.03422063892076274,10,0.1226220594791404,0.08471523675654921,0.062020429822905655,0.18322368913537515,10,1.0,0.0,1.0,1.0,10,1.2179256702528516,0.5886813383501034,0.7968084094376465,1.6390429310680568,10
{},random,43,3.0519693472582103,0.34184490102179005,2.8074282365353724,3.2965104579810482,10,0.06573894268952472,0.08228914394154646,0.006872835283070894,0.12460505009597855,10,0.028125,0.03107590393786729,0.005894637508216383,0.050355362491783615,10,0.18081257401476378,0.09563350178074338,0.11240048807206078,0.2492246599574668,10,1.0,0.0,1.0,1.0,10,3.1765329555679007,0.4348245443233246,2.8654782148929776,3.487587696242824,10
{},rule,43,1.0546503851291529,0.41371139509705224,0.7586990815604059,1.3506016886978998,10,0.01788613898480244,0.037717697115453044,-0.009095476124713384,0.044867754094318264,10,0.0171875,0.023810686355546794,0.00015436107923726475,0.03422063892076274,10,0.1226220594791404,0.08471523675654921,0.062020429822905655,0.18322368913537515,10,1.0,0.0,1.0,1.0,10,1.2179256702528516,0.5886813383501034,0.7968084094376465,1.6390429310680568,10
{},ucb,43,3.7663292825801746,0.3616432464058342,3.5076252887597184,4.025033276400631,10,0.06239391881319323,0.03844658454707207,0.034890889045780624,0.08989694858060583,10,0.0234375,0.024705294220065465,0.005764397165202349,0.04111060283479765,10,0.19126124752132528,0.07311816312953505,0.13895566457343037,0.2435668304692202,10,0.35563653734343414,0.011195561434824738,0.34762771515461555,0.36364535953225274,10,4.063382455190242,0.3386113030710018,3.82115452109269,4.305610389287794,10
{},sliding_window_ucb,43,3.774145426809987,0.3214760382530949,3.544175322735864,4.0041155308841105,10,0.0722839004874189,0.08253079874682093,0.013244923647146703,0.1313228773276911,10,0.03125,0.027559909490256152,0.01153482841773167,0.050965171582268334,10,0.20484695510485113,0.08262866495553313,0.14573796899631375,0.2639559412133885,10,0.47585912175107037,0.032026632485584475,0.452948649026957,0.49876959447518376,10,4.04849592790781,0.42268514681608277,3.7461251890742298,4.35086666674139,10
{},discounted_ucb,43,4.110550202455071,0.49572681698049736,3.7559286004444545,4.465171804465688,10,0.14598909943891866,0.09549066246343572,0.07767919458829836,0.21429900428953896,10,0.025,0.018340434230894802,0.011880043714104456,0.03811995628589555,10,0.24266088273547148,0.05251638988791879,0.20509292055157255,0.2802288449193704,10,0.49556286011316225,0.025294053929383855,0.477468583954336,0.5136571362719885,10,4.264556143911329,0.42809775519097665,3.958313458297358,4.5707988295253,10
{},thompson,43,2.9952298574628764,0.6472881563250378,2.5321878046713002,3.4582719102544526,10,0.044852038676801875,0.040023788669799075,0.01622074504804323,0.07348333230556052,10,0.015625,0.01647019614671031,0.0038429314434682317,0.02740706855653177,10,0.14969762302489847,0.08650072166004608,0.08781873441240934,0.2115765116373876,10,0.15624203267316594,0.038828194554953975,0.12846601555122075,0.18401804979511113,10,3.1594313973985866,0.6974668315637735,2.660493682741635,3.658369112055538,10
{},linucb,43,2.9142340666030506,0.42670966545982886,2.6089843605643877,3.2194837726417136,10,0.056817819508076,0.05593278228432766,0.01680591742983993,0.09682972158631208,10,0.0234375,0.021156350012072812,0.008303158913357214,0.038571841086642786,10,0.1754882772080689,0.08443681458105948,0.11508581877785104,0.23589073563828675,10,0.1700168801610937,0.021212343986723833,0.15484248339799056,0.18519127692419685,10,3.101045299385785,0.502448683245838,2.741615163921127,3.4604754348504434,10
{},sliding_window_linucb,43,3.089003996395671,0.5858362692720696,2.669921975393451,3.5080860173978907,10,0.09934162133403573,0.09392120930724666,0.03215443563732047,0.166528807030751,10,0.028125,0.029278061088656663,0.007180736806280959,0.04906926319371904,10,0.2163348667248274,0.07228158417921021,0.16462773630645183,0.268041997143203,10,0.262391539031072,0.0437029908852422,0.2311283026889685,0.29365477537317547,10,3.2614014722993874,0.5945885590270871,2.836058440377705,3.68674450422107,10
{},uncertainty_aware,43,2.1909813714561395,0.5234757496525669,1.8165093788247524,2.5654533640875266,10,0.049315070358614335,0.07095085991271172,-0.0014401172657552627,0.10007025798298394,10,0.025,0.02676090120555235,0.005856404512136433,0.04414359548786357,10,0.16261829955723514,0.11039996355310723,0.08364292320865885,0.24159367590581143,10,0.7857911052407751,0.2270276211018678,0.6233853286354498,0.9481968818461004,10,2.382739587999711,0.5515166367930526,1.9882083531023378,2.7772708228970844,10
{},always_ofdm,44,1.5394974708376679,0.42836499076338325,1.2330636164114501,1.8459313252638856,10,0.04818255371899145,0.051306849220613564,0.011479844804523062,0.08488526263345984,10,0.0359375,0.040377182173571474,0.007053403887786351,0.06482159611221364,10,0.16501067928737348,0.07832574849775767,0.10897981418279667,0.22104154439195028,10,1.0,0.0,1.0,1.0,10,2.1030966914475044,0.6831253884689135,1.6144182271502996,2.5917751557447093,10
{},always_otfs,44,0.827982372090845,0.28197844216618495,0.626267146147431,1.029697598034259,10,0.02762902750867226,0.044829640796954104,-0.004440165628405487,0.059698220645750005,10,0.0296875,0.047421581833708495,-0.004235856057634581,0.06361085605763458,10,0.1311164009161499,0.09678912810967576,0.06187762969830318,0.20035517213399662,10,1.0,0.0,1.0,1.0,10,0.8042997561784077,0.41176597849297114,0.5097401198124145,1.0988593925444008,10
{},always_afdm,44,1.0839654706073714,0.4107386694191767,0.7901407268819015,1.3777902143328413,10,0.02931508547821849,0.0477941581585057,-0.0048747956263675216,0.0635049665828045,10,0.0296875,0.04855217161008924,-0.00504463126200836,0.06441963126200836,10,0.1341499894956221,0.09468018799081203,0.06641986315612042,0.20188011583512377,10,1.0,0.0,1.0,1.0,10,1.2634649762538268,0.5805542606626837,0.8481614765878212,1.6787684759198325,10
{},random,44,3.1074010351309207,0.333678182060011,2.8687020432166572,3.346100027045184,10,0.05543168787271076,0.08014011655835747,-0.0018970979540207725,0.11276047369944228,10,0.0296875,0.044469529596117836,-0.0021240851026357727,0.06149908510263577,10,0.16751230118127736,0.10032358823357722,0.09574512950485732,0.2392794728576974,10,1.0,0.0,1.0,1.0,10,3.2554345732545316,0.4671584018577864,2.921249584295088,3.5896195622139753,10
{},rule,44,1.0839654706073714,0.4107386694191767,0.7901407268819015,1.3777902143328413,10,0.02931508547821849,0.0477941581585057,-0.0048747956263675216,0.0635049665828045,10,0.0296875,0.04855217161008924,-0.00504463126200836,0.06441963126200836,10,0.1341499894956221,0.09468018799081203,0.06641986315612042,0.20188011583512377,10,1.0,0.0,1.0,1.0,10,1.2634649762538268,0.5805542606626837,0.8481614765878212,1.6787684759198325,10
{},ucb,44,3.9219789062051698,0.3616291781527906,3.6632849762066835,4.180672836203656,10,0.15564962362499463,0.07732619922987165,0.10033379299207569,0.21096545425791358,10,0.040625,0.04307515235028195,0.009810892289725932,0.07143910771027406,10,0.2533569961010156,0.0614786282072153,0.20937783484229455,0.2973361573597366,10,0.3769927198281202,0.02013526379848981,0.3625888198159735,0.3913966198402669,10,4.22812876779661,0.33159197483669006,3.990922158626872,4.465335376966348,10
{},sliding_window_ucb,44,3.8782384558681664,0.30389718254114845,3.6608435076269568,4.0956334041093765,10,0.1040930290581791,0.08597185554465049,0.04259246847368142,0.1655935896426768,10,0.034375,0.046468141714990537,0.0011336939157366582,0.06761630608426335,10,0.2147213940682434,0.08882098205009342,0.1511826911620427,0.2782600969744441,10,0.4588846569304376,0.02366270345321652,0.44195737860082507,0.47581193526005017,10,4.174606638481405,0.4197426663839496,3.8743408233456873,4.474872453617124,10
{},discounted_ucb,44,4.185729641067006,0.48387724523368786,3.839584712038474,4.531874570095538,10,0.0751794386119349,0.0742211901420525,0.022084797673143947,0.12827407955072587,10,0.025,0.04841229182759271,-0.009632067293591319,0.05963206729359132,10,0.18610619537231196,0.09874219294505018,0.11547028573663717,0.2567421050079868,10,0.49474664639831223,0.022328628756327185,0.47877370761622373,0.5107195851804007,10,4.362051655788993,0.4252012550205224,4.0578810015751525,4.6662223100028335,10
{},thompson,44,3.069566176555666,0.6396702409077536,2.6119736521670793,3.527158700944253,10,0.0743363190927897,0.07976322889669482,0.01727714245761034,0.13139549572796907,10,0.0328125,0.04260021884724694,0.0023381392510072596,0.06328686074899274,10,0.18430139715146948,0.10381600779182745,0.11003589902544639,0.25856689527749255,10,0.16135101177170943,0.04424348923557425,0.12970112620202062,0.19300089734139825,10,3.255122111055409,0.701227800803738,2.753493961079439,3.756750261031379,10
{},linucb,44,2.978652639416429,0.44686114752748196,2.6589874315147703,3.2983178473180876,10,0.06441857281337857,0.07707997381099567,0.00927888123428243,0.1195582643924747,10,0.0265625,0.04832816962359186,-0.008009389894012352,0.06113438989401235,10,0.16694763441375343,0.11329063415315248,0.08590439688849731,0.24799087193900954,10,0.18132496846943866,0.018579649532805116,0.1680338878653035,0.19461604907357383,10,3.179382250304892,0.5220807624259267,2.8059081714198473,3.5528563291899364,10
{},sliding_window_linucb,44,3.1854079062830243,0.594854613761308,2.759874550269846,3.6109412622962025,10,0.09640390988735285,0.07742988201301983,0.04101390905947677,0.15179391071522894,10,0.0359375,0.04719221370864289,0.0021782240146446946,0.0696967759853553,10,0.20824498747066386,0.10096487898952236,0.136019064023232,0.28047091091809573,10,0.2698006119645883,0.04829911364353371,0.23524950746657083,0.30435171646260584,10,3.3810357762754037,0.598569456743877,2.9528449816799824,3.809226570870825,10
{},uncertainty_aware,44,2.292633449880131,0.5246056905353504,1.9173531462348858,2.667913753525376,10,0.10165207842399127,0.10738692914269386,0.024832097048884685,0.17847205979909786,10,0.0328125,0.04626337081500512,-0.0002823218068133265,0.06590732180681333,10,0.20557256114062278,0.0926792717490949,0.13927380405293768,0.2718713182283079,10,0.8450944883177456,0.2000581345632596,0.7019815201587732,0.9882074564767179,10,2.4997014656456873,0.5624125279083328,2.0973757797921015,2.902027151499273,10
{},always_ofdm,45,1.579067407156442,0.45691863508860103,1.252207506071045,1.9059273082418389,10,0.03956993631877412,0.05199503101233263,0.0023749318070240624,0.07676494083052418,10,0.0375,0.046116549210788865,0.004510208041711053,0.07048979195828894,10,0.16481660060035258,0.0796274467692533,0.10785455664774829,0.22177864455295687,10,1.0,0.0,1.0,1.0,10,2.145531888869029,0.7546567630703446,1.6056829617558517,2.6853808159822066,10
{},always_otfs,45,0.854486321417791,0.2905621299271108,0.646630695155751,1.062341947679831,10,0.02650394932694597,0.042946559177878325,-0.004218168369386217,0.057226067023278156,10,0.034375,0.060649694283373495,-0.009011177651692771,0.07776117765169277,10,0.14877988842859555,0.09549372704920496,0.08046779130538123,0.21709198555180986,10,1.0,0.0,1.0,1.0,10,0.8306982414281752,0.42624941387807375,0.5257777795370129,1.1356187033193375,10
{},always_afdm,45,1.1022992939343048,0.4389324083775391,0.788305964339338,1.4162926235292717,10,0.01833382332693332,0.038839518291263496,-0.00945029430798247,0.04611794096184911,10,0.03125,0.04830009633070679,-0.0033018074700731856,0.06580180747007319,10,0.13417078735501758,0.09936679260340328,0.06308806604026194,0.2052535086697732,10,1.0,0.0,1.0,1.0,10,1.2752543604300168,0.6281293593430011,0.8259176853699693,1.7245910354900644,10
{},random,45,3.1968941035362937,0.3796163743504502,2.925332908518444,3.4684552985541433,10,0.08949306840537294,0.06990594943347402,0.03948536470846562,0.13950077210228026,10,0.034375,0.060649694283373495,-0.009011177651692771,0.07776117765169277,10,0.20649380190386246,0.09370433538853909,0.13946175846262343,0.2735258453451015,10,1.0,0.0,1.0,1.0,10,3.3395469719795656,0.517769452443227,2.969157018464502,3.7099369254946293,10
{},rule,45,1.1022992939343048,0.4389324083775391,0.788305964339338,1.4162926235292717,10,0.01833382332693332,0.038839518291263496,-0.00945029430798247,0.04611794096184911,10,0.03125,0.04830009633070679,-0.0033018074700731856,0.06580180747007319,10,0.13417078735501758,0.09936679260340328,0.06308806604026194,0.2052535086697732,10,1.0,0.0,1.0,1.0,10,1.2752543604300168,0.6281293593430011,0.8259176853699693,1.7245910354900644,10
{},ucb,45,3.985575278080365,0.371654291767423,3.719709813824333,4.2514407423363965,10,0.06359637187519526,0.050264987250189734,0.027638966116356176,0.09955377763403435,10,0.03125,0.047163464261132375,-0.0024887098695353035,0.06498870986953531,10,0.19769247733344728,0.09588448483522062,0.12910084892943796,0.2662841057374566,10,0.36309282833506995,0.016840172616498734,0.35104609455582186,0.37513956211431804,10,4.30343984195123,0.34365826307661423,4.057601530159416,4.549278153743043,10
{},sliding_window_ucb,45,3.9594487470501085,0.2929869323487565,3.749858521630087,4.16903897247013,10,0.08121029118194206,0.07291992180350555,0.029046521535674635,0.1333740608282095,10,0.03125,0.04658474953124562,-0.0020747222909136415,0.06457472229091364,10,0.1891153840464391,0.11816875991808755,0.10458254556695702,0.2736482225259212,10,0.460374729831421,0.03415918934208184,0.43593871783259946,0.4848107418302426,10,4.241340619349016,0.4135182705426853,3.945527468763951,4.53715376993408,10
{},discounted_ucb,45,4.262657572310674,0.5113950687942014,3.89682757816036,4.628487566460988,10,0.07692793124366898,0.08347139651941883,0.017216091291011634,0.1366397711963263,10,0.0328125,0.04799020624912268,-0.001517625460114705,0.06714262546011471,10,0.20675152997479546,0.09898901925405573,0.13593905143439394,0.27756400851519697,10,0.4873808280989572,0.025404759043782345,0.46920735827201776,0.5055542979258967,10,4.446421782584961,0.4560386755477508,4.120191366634102,4.772652198535821,10
{},thompson,45,3.1409121576693506,0.6408992450137543,2.6824404567060482,3.599383858632653,10,0.07134598111368398,0.04661154435785562,0.03800209095851012,0.10468987126885784,10,0.034375,0.06153773119892471,-0.009646440992004922,0.07839644099200493,10,0.18410930560260264,0.11833657493558415,0.09945641949142581,0.26876219171377946,10,0.17007638119948137,0.04173727991736719,0.1402193297734243,0.19993343262553845,10,3.3168500134791836,0.7066868389087193,2.8113167028947617,3.8223833240636056,10
{},linucb,45,3.0288865819067463,0.43824088454057797,2.7153879386642052,3.3423852251492874,10,0.050233942490317485,0.0718418843991439,-0.0011586456538260834,0.10162653063446106,10,0.0265625,0.04832816962359186,-0.008009389894012352,0.06113438989401235,10,0.15118677424057395,0.12698315560282683,0.060348496935899804,0.2420250515452481,10,0.1844700145530606,0.0287291280875583,0.1639184343726022,0.20502159473351902,10,3.208187621366638,0.5034366425338034,2.8480507424024983,3.5683245003307773,10
{},sliding_window_linucb,45,3.2417131149328617,0.5859604646269561,2.8225422499258324,3.660883979939891,10,0.05630520864983788,0.0564973726143324,0.015889422979978682,0.09672099431969708,10,0.03125,0.0459987545121242,-0.0016555267071103608,0.06415552670711036,10,0.18340845448486898,0.10862804346739949,0.10570063340646317,0.26111627556327477,10,0.25417118035241476,0.04693576018793776,0.2205953601641609,0.2877470005406686,10,3.442062827581445,0.5970586939002739,3.014952767619506,3.8691728875433844,10
{},uncertainty_aware,45,2.37607758381057,0.5312886734188298,1.9960165622070263,2.756138605414114,10,0.08344413393043934,0.04133942192012903,0.053871692970309276,0.1130165748905694,10,0.0390625,0.06085063252889543,-0.0044674202133040755,0.08259242021330407,10,0.20255198254810738,0.10749649383724076,0.12565362331210417,0.2794503417841106,10,0.7842421696410352,0.22869681557190133,0.6206423232441338,0.9478420160379366,10,2.579872045014967,0.5775596061945893,2.1667107921037614,2.9930332979261722,10
{},always_ofdm,46,1.6236669477582943,0.46329042863590947,1.2922489401552983,1.9550849553612903,10,0.04459954060185214,0.04730101431086363,0.010762433354322538,0.07843664784938173,10,0.0609375,0.060939725742828146,0.017343846340832456,0.10453115365916754,10,0.2116331406829836,0.042580303104355566,0.1811730267982061,0.24209325456776112,10,1.0,0.0,1.0,1.0,10,2.2043474045325504,0.7514764414371455,1.666773542462946,2.741921266602155,10
{},always_otfs,46,0.879456682523176,0.28211478538879264,0.6776439225138847,1.0812694425324674,10,0.024970361105384992,0.04029205631280868,-0.0038528396344537884,0.05379356184522377,10,0.034375,0.045285552331842,0.001979667397920451,0.06677033260207955,10,0.16400583167285956,0.08055457216348617,0.10638056216677363,0.2216311011789455,10,1.0,0.0,1.0,1.0,10,0.8418864480815728,0.4102131773218191,0.5484376187569899,1.1353352774061556,10
{},always_afdm,46,1.110842213858886,0.43023590002343565,0.8030699915730124,1.4186144361447597,10,0.00854291992458127,0.027015084830110687,-0.010782507574499252,0.027868347423661795,10,0.0453125,0.06226082709278586,0.0007737873666296899,0.08985121263337031,10,0.14292455146067318,0.10599679239424421,0.06709901400883822,0.21875008891250813,10,1.0,0.0,1.0,1.0,10,1.2653612868712276,0.5968224970239638,0.8384201919759295,1.6923023817665257,10
{},random,46,3.281843490577459,0.36149868499602933,3.023242909759846,3.540444071395072,10,0.08494938704116473,0.08952206161018304,0.02090916203000663,0.1489896120523228,10,0.0453125,0.051796082876882574,0.008259814410877642,0.08236518558912236,10,0.21533379111166684,0.09189861576997593,0.1495934816698456,0.2810741005534881,10,1.0,0.0,1.0,1.0,10,3.40206313807177,0.4906631678440418,3.0510638524404188,3.7530624237031214,10
{},rule,46,1.110842213858886,0.43023590002343565,0.8030699915730124,1.4186144361447597,10,0.00854291992458127,0.027015084830110687,-0.010782507574499252,0.027868347423661795,10,0.0453125,0.06226082709278586,0.0007737873666296899,0.08985121263337031,10,0.14292455146067318,0.10599679239424421,0.06709901400883822,0.21875008891250813,10,1.0,0.0,1.0,1.0,10,1.2653612868712276,0.5968224970239638,0.8384201919759295,1.6923023817665257,10
{},ucb,46,4.094901398720692,0.37589292122732176,3.8260038016085964,4.363798995832788,10,0.10932612064032625,0.09585093681643515,0.040758491043237324,0.17789375023741516,10,0.0578125,0.06872237450019059,0.008651474805371671,0.10697352519462833,10,0.24440393459516954,0.08436804863512934,0.18405066835926964,0.30475720083106944,10,0.34946634158647855,0.01043164367556777,0.34200399324235153,0.35692868993060556,10,4.395026151526937,0.3258477866722231,4.161928687029947,4.628123616023927,10
{},sliding_window_ucb,46,4.042675118522919,0.3151104137094734,3.817258707927004,4.268091529118833,10,0.08322637147280995,0.06156728813595417,0.03918378672178114,0.12726895622383877,10,0.0421875,0.053648361590908716,0.003809774040983843,0.08056522595901616,10,0.23983851774356743,0.08345796357062207,0.18013628714359964,0.2995407483435352,10,0.46582345014878895,0.02969407237323416,0.4445815904096783,0.4870653098878996,10,4.328361512073121,0.4276990571893684,4.022404037828005,4.634318986318237,10
{},discounted_ucb,46,4.383297572891615,0.5546473732426346,3.9865267440542036,4.780068401729026,10,0.12064000058094101,0.08022573608125169,0.06324996623721968,0.17803003492466235,10,0.05625,0.05113724045263991,0.01966862188901773,0.09283137811098227,10,0.2651634945400308,0.06993612243801867,0.21513420637594804,0.31519278270411355,10,0.479789461825019,0.02106960906874633,0.4647171714712168,0.4948617521788213,10,4.55876765210553,0.486564175728412,4.2107006087916865,4.906834695419374,10
{},thompson,46,3.2422009166531667,0.6611353588320064,2.769253171919612,3.7151486613867215,10,0.10128875898381676,0.08680120078831197,0.039194920551817246,0.16338259741581626,10,0.0546875,0.05425173608333245,0.015878145930931314,0.09349685406906869,10,0.23623094404245287,0.09716933420889269,0.16672018976583242,0.30574169831907333,10,0.18754715058373586,0.0695809577604189,0.13777193192453724,0.23732236924293448,10,3.400263332502175,0.7160831705412155,2.8880082911934903,3.9125183738108595,10
{},linucb,46,3.1144685419405094,0.4519444147206124,2.791166983747261,3.4377701001337577,10,0.08558196003376256,0.07178536906732709,0.03422980052252836,0.13693411954499676,10,0.046875,0.06206445462402597,0.00247676376830306,0.09127323623169695,10,0.23003397463263991,0.09405287696495594,0.162752599567687,0.2973153496975928,10,0.17585312728905822,0.03570058602650695,0.15031446652716565,0.2013917880509508,10,3.2854039709798157,0.47971994306043036,2.9422329967712035,3.628574945188428,10
{},sliding_window_linucb,46,3.322181432921281,0.6116482672361462,2.884634620918102,3.7597282449244602,10,0.08046831798841907,0.07209676005971442,0.028893402780318024,0.13204323319652012,10,0.0546875,0.05425173608333245,0.015878145930931314,0.09349685406906869,10,0.23565291540526534,0.06502941531957009,0.18913367406402692,0.28217215674650376,10,0.25786675350894506,0.040090966706522076,0.22918740360768589,0.28654610341020426,10,3.5248981179672483,0.5946475310090207,3.09951290003103,3.9502833359034666,10
{},uncertainty_aware,46,2.4024250059434036,0.5327704835526934,2.021303961227237,2.78354605065957,10,0.02634742213283347,0.05093316761322,-0.010087971063145115,0.06278281532881205,10,0.0421875,0.05660094994540483,0.0016976195710542985,0.08267738042894571,10,0.1703889031702936,0.1133224185344289,0.08932292846838882,0.25145487787219833,10,0.6293584971599567,0.13406761958141192,0.5334522996229761,0.7252646946969373,10,2.5974433231657983,0.5923913544998125,2.1736720766765707,3.021214569655026,10
{},always_ofdm,47,1.6598390090159914,0.48504060511961544,1.312861862458911,2.0068161555730715,10,0.036172061257696966,0.047511425596288306,0.0021844348440409403,0.070159687671353,10,0.0375,0.03310468454598064,0.013818335289467274,0.06118166471053273,10,0.18012080726592192,0.057515818663776884,0.13897646918121606,0.22126514535062777,10,1.0,0.0,1.0,1.0,10,2.2610400111741313,0.7947509792559264,1.6925094096224085,2.8295706127258544,10
{},always_otfs,47,0.8964237268440158,0.27829048246320126,0.6973467083431377,1.095500745344894,10,0.01696704432083981,0.03600024038994656,-0.008785976259348832,0.04272006490102845,10,0.025,0.022341261030757516,0.009018024633159434,0.04098197536684057,10,0.14183520360572563,0.08301608696933428,0.0824490724840837,0.20122133472736756,10,1.0,0.0,1.0,1.0,10,0.8602934510629574,0.40616287273911006,0.5697420350929717,1.150844867032943,10
{},always_afdm,47,1.1384116680229532,0.41930637309933694,0.8384579583014191,1.4383653777444874,10,0.027569454164067354,0.04442090776318745,-0.004207348974599855,0.05934625730273456,10,0.0421875,0.03536301082659991,0.016890325988651325,0.06748467401134868,10,0.16918450853544564,0.0780698830022846,0.11333667858005964,0.22503233849083165,10,1.0,0.0,1.0,1.0,10,1.3111175947823324,0.5617431074276367,0.9092707834926225,1.7129644060720421,10
{},random,47,3.3743385764739067,0.360995556591121,3.1160979120353436,3.6325792409124698,10,0.09249508589644799,0.07206342643057317,0.0409440161301548,0.14404615566274118,10,0.0328125,0.025989531145572186,0.014220709411615885,0.05140429058838412,10,0.22670377198997013,0.08042160759927808,0.1691736196031422,0.28423392437679806,10,1.0,0.0,1.0,1.0,10,3.5053387094373996,0.5134588537474503,3.138032372468304,3.872645046406495,10
{},rule,47,1.1384116680229532,0.41930637309933694,0.8384579583014191,1.4383653777444874,10,0.027569454164067354,0.04442090776318745,-0.004207348974599855,0.05934625730273456,10,0.0421875,0.03536301082659991,0.016890325988651325,0.06748467401134868,10,0.16918450853544564,0.0780698830022846,0.11333667858005964,0.22503233849083165,10,1.0,0.0,1.0,1.0,10,1.3111175947823324,0.5617431074276367,0.9092707834926225,1.7129644060720421,10
{},ucb,47,4.139529406035395,0.3836308577901461,3.8650964225649833,4.413962389505807,10,0.04462800731470462,0.05267641405321717,0.006945570739034471,0.08231044389037477,10,0.0234375,0.025779934730759544,0.004995645654422502,0.0418793543455775,10,0.1984392740599236,0.08855398057357662,0.13509157250385825,0.26178697561598896,10,0.35214864709337046,0.01676097537951536,0.3401585676045336,0.3641387265822073,10,4.470037224962519,0.33270266802250203,4.2320360737518765,4.708038376173162,10
{},sliding_window_ucb,47,4.133217568883312,0.33217674297839395,3.8955926417850044,4.37084249598162,10,0.09054245036039306,0.07657114905827596,0.03576675008209278,0.14531815063869336,10,0.0359375,0.02857472234238584,0.01549637503567497,0.056378624964325025,10,0.22843737587013102,0.0747045563598343,0.17499695556932837,0.28187779617093367,10,0.45631946718656896,0.026167685331302797,0.4376002327710917,0.4750387016020462,10,4.433370687318911,0.4628066489673043,4.1022987548428285,4.764442619794994,10
{},discounted_ucb,47,4.439227831377821,0.5388178341674794,4.053780772636434,4.824674890119208,10,0.05593025848620573,0.054843152899563416,0.01669783031332859,0.09516268665908287,10,0.034375,0.037413093741808276,0.007611285017408306,0.0611387149825917,10,0.20638085761670383,0.09586678357415687,0.13780189193204115,0.2749598233013665,10,0.4843492554611676,0.02312571307784326,0.46780611690502755,0.5008923940173077,10,4.641720309097893,0.4861562811743073,4.2939450559702435,4.989495562225543,10
{},thompson,47,3.2847324466744845,0.6916739038240226,2.7899387428820552,3.7795261504669138,10,0.04253153002131771,0.05764621830839742,0.0012939096502941339,0.08376915039234129,10,0.025,0.023524145397158785,0.008171840132668643,0.04182815986733136,10,0.18588183746411574,0.08153471401052609,0.12755541671890164,0.24420825820932984,10,0.1725302162612245,0.04514330978401097,0.14023663784806126,0.20482379467438774,10,3.4627169693419497,0.7301212433759883,2.940419695684143,3.9850142429997564,10
{},linucb,47,3.151654391125755,0.4735091137917483,2.812926376526409,3.490382405725101,10,0.03718584918524586,0.04818406154026207,0.002717048003852217,0.07165465036663951,10,0.03125,0.027559909490256152,0.01153482841773167,0.050965171582268334,10,0.1694630917304723,0.09131826494850237,0.10413794025668817,0.23478824320425645,10,0.17112362158065458,0.025329039406270286,0.15300431831932834,0.18924292484198083,10,3.3314388620859474,0.4999519747408575,2.973794764292567,3.689082959879328,10
{},sliding_window_linucb,47,3.3852324157509592,0.6250572003513172,2.938093430841907,3.8323714006600116,10,0.06305098282967832,0.048642961267180006,0.028253904559477766,0.09784806109987887,10,0.0359375,0.03379401707814237,0.01176271650206295,0.06011228349793704,10,0.21450672022608033,0.05835872224260658,0.17275940524517636,0.2562540352069843,10,0.26869894687339496,0.08540071061101576,0.20760695876149313,0.32979093498529677,10,3.6159766375689877,0.5969660239376439,3.1889328697047934,4.0430204054331815,10
{},uncertainty_aware,47,2.480258079750093,0.5225880047388638,2.1064211415734793,2.8540950179267064,10,0.07783307380668862,0.08916295151563483,0.014049740681675721,0.14161640693170152,10,0.0359375,0.031293372678749584,0.013551569742589642,0.05832343025741035,10,0.20778361316060634,0.05438706191487686,0.16887745282338373,0.24668977349782895,10,0.5448462057089701,0.08420666377739817,0.48460838724557015,0.6050840241723701,10,2.681798735702064,0.5832318900308479,2.2645797753758647,3.099017696028263,10
{},always_ofdm,48,1.677692095472859,0.48742437221087154,1.3290097046647809,2.026374486280937,10,0.01785308645686752,0.03806648232349117,-0.009378034559924961,0.04508420747366,10,0.0390625,0.02876396098225849,0.018486001867762232,0.05963899813223777,10,0.1795914275663016,0.057602470998506954,0.13838510213552657,0.2207977529970766,10,1.0,0.0,1.0,1.0,10,2.2584091694800787,0.7808043392791214,1.6998553931510965,2.816962945809061,10
{},always_otfs,48,0.9065535180518249,0.2844540731245837,0.7030673324056418,1.110039703698008,10,0.01012979120780917,0.032033212438625,-0.01278538853115282,0.03304497094677116,10,0.0484375,0.05126968625968631,0.011761375866277894,0.08511362413372212,10,0.1737718468480852,0.08237704059876842,0.11484286196087434,0.23270083173529604,10,1.0,0.0,1.0,1.0,10,0.8518430286506884,0.4172748312297939,0.5533425964353362,1.1503434608660406,10
{},always_afdm,48,1.1468726038514803,0.4097806225620064,0.8537332055615476,1.440012002141413,10,0.00846093582852714,0.026755828354669612,-0.010679030760424412,0.027600902417478694,10,0.0484375,0.050200336500089544,0.01252634260172241,0.0843486573982776,10,0.17441567472291725,0.08286870504863128,0.11513497427606804,0.23369637516976643,10,1.0,0.0,1.0,1.0,10,1.3033110002448953,0.5605298894707256,0.9023320727991309,1.7042899276906598,10
{},random,48,3.43552219086098,0.3533045391387841,3.1827833488710233,3.688261032850937,10,0.061183614387072996,0.04289822969530904,0.03049606951985959,0.0918711592542864,10,0.0546875,0.05524271728019903,0.015169240688048216,0.09420575931195178,10,0.22074584579323192,0.1140507088182969,0.13915888360719797,0.30233280797926587,10,1.0,0.0,1.0,1.0,10,3.5438622859702775,0.4988181757180666,3.1870292591378533,3.9006953128027018,10
{},rule,48,1.1468726038514803,0.4097806225620064,0.8537332055615476,1.440012002141413,10,0.00846093582852714,0.026755828354669612,-0.010679030760424412,0.027600902417478694,10,0.0484375,0.050200336500089544,0.01252634260172241,0.0843486573982776,10,0.17441567472291725,0.08286870504863128,0.11513497427606804,0.23369637516976643,10,1.0,0.0,1.0,1.0,10,1.3033110002448953,0.5605298894707256,0.9023320727991309,1.7042899276906598,10
{},ucb,48,4.200227792011114,0.41275210891281766,3.904962720439079,4.49549286358315,10,0.06069838597571817,0.042858731716447176,0.030039096260456182,0.09135767569098016,10,0.0421875,0.04998372130837533,0.006431299775057166,0.07794370022494285,10,0.2326889430740279,0.07190493743155602,0.18125124950770483,0.284126636640351,10,0.36891881910354735,0.018705947882922326,0.3555373901024409,0.3823002481046538,10,4.520503898776194,0.36069558491200177,4.262477821149889,4.778529976402498,10
{},sliding_window_ucb,48,4.217175622066614,0.3504681041417129,3.9664658434401994,4.46788540069303,10,0.08395805318330198,0.06859249554401847,0.03488993779691393,0.13302616856969002,10,0.05,0.05551213581030928,0.010289010281932617,0.08971098971806739,10,0.24518360716525853,0.05840194289623588,0.20340537399129952,0.28696184033921757,10,0.47425231626812386,0.04071281780346237,0.445128120890172,0.5033765116460757,10,4.496332025223816,0.47336241688579767,4.157708951269229,4.834955099178402,10
{},discounted_ucb,48,4.513350784518737,0.5357830837882253,4.130074655419101,4.896626913618373,10,0.07412295314091598,0.05813184292470976,0.032537937846895425,0.11570796843493653,10,0.0328125,0.03411358936211003,0.00840910826176422,0.05721589173823578,10,0.23323047747680808,0.07395185877615185,0.18032850459061342,0.2861324503630027,10,0.4968126185005873,0.02298660509073862,0.4803689918037007,0.5132562451974739,10,4.692728517314348,0.4858340869434978,4.345183748054777,5.040273286573918,10
{},thompson,48,3.346259198163017,0.714344138570499,2.8352481853843186,3.8572702109417154,10,0.061526751488532413,0.07520342223498568,0.007729464038778326,0.1153240389382865,10,0.046875,0.04885849749816073,0.011923736398476686,0.08182626360152331,10,0.22259171952285217,0.08922043980314841,0.158767261754353,0.2864161772913514,10,0.14356973884809224,0.026323554227361646,0.12473900254139052,0.16240047515479394,10,3.5030864196044478,0.7657038156482389,2.9553349071388575,4.0508379320700385,10
{},linucb,48,3.2294416801261057,0.4787460974158597,2.886967353124704,3.5719160071275073,10,0.07778728900035001,0.06896010485218979,0.02845620175665601,0.127118376244044,10,0.0453125,0.03928754617842939,0.01720788252192472,0.07341711747807528,10,0.23629427425382787,0.08563819070539633,0.17503240311637613,0.2975561453912796,10,0.1659820047880499,0.019885577545649936,0.15175671956120254,0.18020729001489724,10,3.3855108670794207,0.5118456061724218,3.0193585779041907,3.7516631562546507,10
{},sliding_window_linucb,48,3.4449835846735213,0.630493022820115,2.993956046621688,3.8960111227253544,10,0.059751168922561604,0.061192684590075846,0.01597655940508458,0.10352577844003863,10,0.0546875,0.0516912323991646,0.017709819924209377,0.09166518007579062,10,0.22065436442255565,0.11258492037209052,0.14011596412423336,0.30119276472087797,10,0.2835168700779351,0.08180591730045048,0.22499644218634682,0.34203729796952337,10,3.654408732731189,0.6128933962139419,3.215971209114898,4.092846256347481,10
{},uncertainty_aware,48,2.504447482915391,0.5361024951841709,2.120942860667814,2.8879521051629684,10,0.024189403165299002,0.03941095506800672,-0.004003495714195775,0.05238230204479378,10,0.046875,0.05657698172500112,0.006402265403044338,0.08734773459695566,10,0.18621572161247618,0.07804278521913516,0.1303872762434031,0.24204416698154926,10,0.5145626795498826,0.10318507559772007,0.44074852312612456,0.5883768359736405,10,2.6857921880541857,0.6052168432447245,2.2528461396186095,3.118738236489762,10
{},always_ofdm,49,1.7111840034611443,0.5025225809604752,1.3517010047559836,2.0706670021663047,10,0.03349190798828542,0.04353388389079463,0.002349643502510941,0.06463417247405989,10,0.025,0.026760901205552357,0.00585640451213643,0.04414359548786358,10,0.1580063425967603,0.07132236786422208,0.10698539419364819,0.2090272909998724,10,1.0,0.0,1.0,1.0,10,2.3080727895035564,0.7952135173940491,1.7392113081004443,2.8769342709066685,10
{},always_otfs,49,0.9331450011766895,0.2991271563878371,0.7191623240859961,1.147127678267383,10,0.026591483124864458,0.042997297331608106,-0.004166930460135422,0.05734989670986434,10,0.0234375,0.01983274246318726,0.009250010714270793,0.03762498928572921,10,0.14182353473102566,0.07986328840746,0.08469277983381061,0.1989542896282407,10,1.0,0.0,1.0,1.0,10,0.8853238408084316,0.4413873325339849,0.5695743642644737,1.2010733173523895,10
{},always_afdm,49,1.189537520866757,0.42414253935725327,0.8861242262141145,1.4929508155193993,10,0.04266491701527679,0.04529867203967145,0.010260199139596894,0.0750696348909567,10,0.01875,0.012325166214790868,0.009933107230795183,0.027566892769204814,10,0.1680638747250794,0.04689142464223797,0.13451977027562262,0.20160797917453616,10,1.0,0.0,1.0,1.0,10,1.3630321523966922,0.5881175530711162,0.942318199274305,1.7837461055190793,10
{},random,49,3.4933108494805025,0.35508070526700003,3.239301414784544,3.7473202841764612,10,0.057788658619522836,0.07691649613307552,0.002765911926301809,0.11281140531274386,10,0.0109375,0.01054607121422739,0.003393295125857597,0.018481704874142402,10,0.17730164404442578,0.08598912077948612,0.1157887326549549,0.23881455543389665,10,1.0,0.0,1.0,1.0,10,3.6128212074414208,0.5069315807621523,3.2501842002796293,3.9754582146032122,10
{},rule,49,1.189537520866757,0.42414253935725327,0.8861242262141145,1.4929508155193993,10,0.04266491701527679,0.04529867203967145,0.010260199139596894,0.0750696348909567,10,0.01875,0.012325166214790868,0.009933107230795183,0.027566892769204814,10,0.1680638747250794,0.04689142464223797,0.13451977027562262,0.20160797917453616,10,1.0,0.0,1.0,1.0,10,1.3630321523966922,0.5881175530711162,0.942318199274305,1.7837461055190793,10
{},ucb,49,4.276186438755299,0.42819204547297884,3.96987630193693,4.582496575573668,10,0.07595864674418482,0.08027380177148255,0.01853422827701573,0.1333830652113539,10,0.0140625,0.011529137302697216,0.005815052010427764,0.022309947989572237,10,0.20793642701745046,0.0734845846107263,0.1553687219324829,0.260504132102418,10,0.3405273951077331,0.009153201924498288,0.3339795888991375,0.34707520131632874,10,4.620097603220362,0.3703625084659092,4.355156225070109,4.885038981370615,10
{},sliding_window_ucb,49,4.341976357729185,0.3778013348535897,4.071713563750056,4.612239151708313,10,0.12480073566257113,0.07544705803495994,0.07082916166075948,0.1787723096643828,10,0.025,0.016796370308955314,0.01298460050395131,0.03701539949604869,10,0.24365926065369364,0.05134072073958711,0.2069323215142112,0.2803861997931761,10,0.46198153531436736,0.02417797087783255,0.44468565687412487,0.47927741375460986,10,4.631648563304227,0.507376883222801,4.268693005951956,4.994604120656497,10
{},discounted_ucb,49,4.601975102638658,0.525271777506535,4.226218309078587,4.977731896198729,10,0.08862431811992111,0.09195873084213965,0.02284100494607355,0.15440763129376867,10,0.01875,0.014358384116760648,0.008478630763241977,0.02902136923675802,10,0.21103589485797375,0.07642034532868003,0.1563680730690887,0.26570371664685877,10,0.47039016580181503,0.021344262578303873,0.45512140016319685,0.4856589314404332,10,4.7954216895990385,0.4841878146561633,4.449054592589349,5.1417887866087275,10
{},thompson,49,3.3983239732958586,0.7440835431014194,2.8660386721059856,3.9306092744857315,10,0.05206477513284149,0.08548641388119183,-0.009088521405246582,0.11321807167092957,10,0.021875,0.027756067905154638,0.002019505140966313,0.041730494859033684,10,0.16962954847969006,0.08836317447718164,0.10641834138238554,0.23284075557699457,10,0.17262116242524805,0.05239680565249917,0.1351387456500039,0.21010357920049222,10,3.564373245510855,0.7884222639744999,3.0003699341417347,4.128376556879975,10
{},linucb,49,3.3086887766783684,0.45932390433631776,2.980108249625856,3.6372693037308808,10,0.07924709655226317,0.08077729361068209,0.02146250172081393,0.1370316913837124,10,0.028125,0.027362344867841035,0.008551157634755304,0.0476988423652447,10,0.1950479288211976,0.09317918104602914,0.12839155816558281,0.2617042994768124,10,0.17722869796167734,0.029477150051571456,0.15614201510343115,0.19831538081992353,10,3.4722160733273357,0.5165170564816508,3.1027220299124174,3.841710116742254,10
{},sliding_window_linucb,49,3.520374320831439,0.6564495254289036,3.0507786193831046,3.9899700222797736,10,0.07539073615791833,0.07794183577722591,0.019634505669270698,0.13114696664656597,10,0.021875,0.016796370308955314,0.009859600503951307,0.03389039949604869,10,0.20516203015977216,0.04760137147758569,0.17111006033876486,0.23921399998077947,10,0.2386556319052952,0.04364514918136656,0.2074337730255133,0.2698774907850771,10,3.7512280403176788,0.6646497144670764,3.275766277010477,4.22668980362488,10
{},uncertainty_aware,49,2.5500760145404326,0.5245092450897114,2.1748647038107767,2.9252873252700886,10,0.045628531625041734,0.07379206470139088,-0.007159131466236653,0.09841619471632013,10,0.015625,0.01275775907699572,0.006498648939335681,0.02475135106066432,10,0.15837948065776863,0.08158115074480028,0.10001984107399994,0.21673912024153733,10,0.6872753614699099,0.21812757409131536,0.5312362949572041,0.8433144279826156,10,2.735828946138672,0.6058802440397064,2.3024083293629674,3.1692495629143767,10
{},always_ofdm,50,1.7353930916513385,0.5095062919633464,1.370914247050847,2.0998719362518297,10,0.02420908819019419,0.039021612091108375,-0.003705291501978295,0.05212346788236667,10,0.0203125,0.020898336091394666,0.005362730953355453,0.03526226904664455,10,0.13826076673759727,0.08192429050448242,0.07965565975702077,0.19686587371817377,10,1.0,0.0,1.0,1.0,10,2.3198992638981335,0.8069656429660568,1.7426308183070436,2.8971677094892234,10
{},always_otfs,50,0.9496347457219242,0.3208674963160156,0.7200999663250742,1.1791695251187742,10,0.01648974454523485,0.035208846719548506,-0.008697147107479083,0.041676636197948785,10,0.01875,0.02185018433687816,0.0031193197374959486,0.03438068026250405,10,0.12327085586945093,0.08672257766124128,0.06123326103437183,0.18530845070453003,10,1.0,0.0,1.0,1.0,10,0.8821604043348618,0.4610473737928293,0.5523469815043737,1.21197382716535,10
{},always_afdm,50,1.2285136743072411,0.4142213266556292,0.9321975876764848,1.5248297609379975,10,0.03897615344048373,0.050692640466758476,0.0027128229998040695,0.07523948388116339,10,0.0265625,0.02335053309527072,0.009858534891788801,0.043266465108211194,10,0.15982727812175387,0.06938861300389891,0.11018965461246245,0.2094649016310453,10,1.0,0.0,1.0,1.0,10,1.3964251381754256,0.5328851455105731,1.0152220692358358,1.7776282071150153,10
{},random,50,3.559241551364212,0.3526038963315099,3.3070039190450697,3.8114791836833546,10,0.06593070188370972,0.0816169407304325,0.007545459686553804,0.12431594408086565,10,0.0203125,0.025568620226319956,0.002021810944508866,0.038603189055491136,10,0.17670532048807244,0.10420907317517202,0.10215864032556887,0.251252000650576,10,1.0,0.0,1.0,1.0,10,3.663092235586473,0.49194009691101365,3.311179489928606,4.015004981244339,10
{},rule,50,1.2285136743072411,0.4142213266556292,0.9321975876764848,1.5248297609379975,10,0.03897615344048373,0.050692640466758476,0.0027128229998040695,0.07523948388116339,10,0.0265625,0.02335053309527072,0.009858534891788801,0.043266465108211194,10,0.15982727812175387,0.06938861300389891,0.11018965461246245,0.2094649016310453,10,1.0,0.0,1.0,1.0,10,1.3964251381754256,0.5328851455105731,1.0152220692358358,1.7776282071150153,10
{},ucb,50,4.359544329945608,0.4266825509635523,4.054314020449109,4.664774639442108,10,0.08335789119031001,0.05399311702898548,0.0447335420477886,0.12198224033283142,10,0.025,0.02775606790515464,0.005144505140966309,0.044855494859033694,10,0.1995746769844149,0.09424247290878866,0.13215767315169386,0.2669916808171359,10,0.3443745472865985,0.018410728500794758,0.3312043055092786,0.3575447890639184,10,4.693237987861756,0.3706379654966506,4.428099559622258,4.958376416101253,10
{},sliding_window_ucb,50,4.440341556760374,0.42987132189681365,4.1328301379551515,4.747852975565596,10,0.09836519903118883,0.09474462548255551,0.03058897688696388,0.16614142117541378,10,0.021875,0.02109214242845478,0.006786590251715194,0.036963409748284805,10,0.19612860167224697,0.09513238133961435,0.12807499569783753,0.2641822076466564,10,0.49870900250993194,0.020248669088601484,0.48422397724032823,0.5131940277795356,10,4.701342872633454,0.5536342736668003,4.30529677157407,5.097388973692838,10
{},discounted_ucb,50,4.701983880570241,0.5320014467268896,4.321412971658373,5.082554789482109,10,0.10000877793158218,0.06809888926082067,0.051293767208718914,0.14872378865444544,10,0.025,0.025727268823392643,0.006595820574967562,0.04340417942503244,10,0.2145030229513165,0.08244721704636364,0.1555238368576807,0.27348220904495235,10,0.4875485701945711,0.016249777866649506,0.4759241793768869,0.4991729610122553,10,4.883490420207333,0.48690460625118503,4.535179847568014,5.231800992846652,10
{},thompson,50,3.521809601272525,0.7535579189023488,2.9827467399235283,4.060872462621521,10,0.12348562797666637,0.0878224538500931,0.06066122911416,0.18631002683917275,10,0.025,0.018340434230894802,0.011880043714104456,0.03811995628589555,10,0.2283779165687255,0.07838929095715001,0.1723015959269989,0.2844542372104521,10,0.16217930451542836,0.025350941981740052,0.14404433309548087,0.18031427593537586,10,3.6663168697365593,0.7757808317493602,3.111356694211276,4.221277045261843,10
{},linucb,50,3.4117469293064757,0.4452848240106258,3.093209355318672,3.7302845032942793,10,0.1030581526281072,0.08040562530873294,0.04553943328319424,0.16057687197302017,10,0.01875,0.014358384116760648,0.008478630763241977,0.02902136923675802,10,0.2089110528298846,0.08535183230475805,0.14785403015191723,0.26996807550785196,10,0.1753510759026413,0.027417049428564433,0.15573810025209406,0.19496405155318852,10,3.5546928338141996,0.5069345114891074,3.1920537301366414,3.917331937491758,10
{},sliding_window_linucb,50,3.61538493096487,0.6138662892888286,3.1762514415686702,4.054518420361069,10,0.09501061013343096,0.10062614585923345,0.023027001770038302,0.1669942184968236,10,0.025,0.025727268823392643,0.006595820574967562,0.04340417942503244,10,0.19951255082343675,0.09265069484589784,0.13323423642080542,0.2657908652260681,10,0.26162480186730563,0.046191013510157114,0.22858174135821402,0.29466786237639725,10,3.8243062987980956,0.621313475962925,3.3798454129843964,4.268767184611795,10
{},uncertainty_aware,50,2.634755751493463,0.5240181727740802,2.2598957327361338,3.0096157702507926,10,0.08467973695303017,0.1072598164186966,0.007950686542874022,0.1614087873631863,10,0.0265625,0.02556862022631995,0.008271810944508871,0.04485318905549113,10,0.1926133847503584,0.0623279203937771,0.14802667646077847,0.23720009303993836,10,0.670600889878144,0.23945531991898739,0.49930487309844906,0.841896906657839,10,2.8020080385460093,0.5985706121469204,2.373816417425042,3.230199659666977,10
{},always_ofdm,51,1.7624881227716944,0.49837137899527695,1.4059747150604909,2.119001530482898,10,0.0270950311203559,0.04395924807163508,-0.004351520569742872,0.05854158281045467,10,0.025,0.028716768233521296,0.004457261526483958,0.045542738473516045,10,0.1277985576655406,0.08785786304851824,0.06494882858840528,0.19064828674267592,10,1.0,0.0,1.0,1.0,10,2.372360602705977,0.7860685199196318,1.8100410584014357,2.9346801470105186,10
{},always_otfs,51,0.9596196275598363,0.33107209903773344,0.722784915133138,1.1964543399865346,10,0.00998488183791192,0.03157496877544986,-0.012602490131972335,0.03257225380779617,10,0.015625,0.02329237476562281,-0.0010373611454568207,0.03228736114545682,10,0.0921193629324854,0.08782453140083937,0.02929347787970514,0.15494524798526566,10,1.0,0.0,1.0,1.0,10,0.89894254840965,0.4646325208119308,0.5665644659000643,1.2313206309192357,10
{},always_afdm,51,1.2483704101857274,0.4246940246447116,0.9445626067241506,1.5521782136473041,10,0.019856735878486388,0.04210964983388422,-0.010266692938933439,0.049980164695906215,10,0.0203125,0.02448470681988158,0.0027971958852979067,0.037827804114702095,10,0.11444853136440351,0.0915244918742221,0.04897585403510503,0.17992120869370198,10,1.0,0.0,1.0,1.0,10,1.435536450682132,0.5379193506457608,1.0507321283329236,1.8203407730313403,10
{},random,51,3.599600980571187,0.37520557913656344,3.3311950783704916,3.8680068827718825,10,0.040359429206974676,0.03575297127478209,0.014783294295956567,0.06593556411799278,10,0.0109375,0.020898336091394666,-0.004012269046644548,0.025887269046644547,10,0.12771428049557781,0.10066446939370756,0.05570325712713722,0.1997253038640184,10,1.0,0.0,1.0,1.0,10,3.7154692972243533,0.5074057953697544,3.352493057368093,4.078445537080613,10
{},rule,51,1.2483704101857274,0.4246940246447116,0.9445626067241506,1.5521782136473041,10,0.019856735878486388,0.04210964983388422,-0.010266692938933439,0.049980164695906215,10,0.0203125,0.02448470681988158,0.0027971958852979067,0.037827804114702095,10,0.11444853136440351,0.0915244918742221,0.04897585403510503,0.17992120869370198,10,1.0,0.0,1.0,1.0,10,1.435536450682132,0.5379193506457608,1.0507321283329236,1.8203407730313403,10
{},ucb,51,4.436336124901023,0.45411927811302155,4.1114787631604335,4.761193486641612,10,0.07679179495541377,0.07387773091964507,0.023942849943297352,0.1296407399675302,10,0.021875,0.025727268823392643,0.003470820574967559,0.04027917942503244,10,0.18169619079278532,0.08187661736647821,0.12312518712071027,0.24026719446486036,10,0.34453219998833134,0.020643460621508732,0.3297647578692367,0.359299642107426,10,4.799596959796844,0.37754044834533973,4.529520792783071,5.069673126810617,10
{},sliding_window_ucb,51,4.484614060451733,0.4291595545474696,4.177611809335321,4.791616311568145,10,0.044272503691359544,0.07650096853364614,-0.010452992463980917,0.0989979998467,10,0.01875,0.027362344867841035,-0.0008238423652446973,0.03832384236524469,10,0.1367859144439246,0.10478346002743186,0.06182834267994805,0.21174348620790115,10,0.4563194671865691,0.026167685331302797,0.4376002327710919,0.47503870160204636,10,4.76279156821968,0.5265367256763274,4.386129885250631,5.139453251188729,10
{},discounted_ucb,51,4.780103162849842,0.5531981656227759,4.384369034691507,5.175837291008176,10,0.07811928227960149,0.07539233343954843,0.024186855895044858,0.13205170866415814,10,0.01875,0.023058274605394433,0.0022551040208555265,0.03524489597914447,10,0.1736441368785699,0.10045136665560847,0.1017855580255135,0.24550271573162627,10,0.47240355766311637,0.026484820050513808,0.45345745873612286,0.4913496565901099,10,4.981797338228207,0.5128681599375801,4.614913558155326,5.348681118301087,10
{},thompson,51,3.5872062287383257,0.7278064576240212,3.066564853054072,4.107847604422579,10,0.0653966274658011,0.07220234574061324,0.013746180811695617,0.11704707411990659,10,0.0265625,0.02660841619676,0.007527985716235731,0.04559701428376427,10,0.15825351690922865,0.08799354777514887,0.09530672482586097,0.22120030899259632,10,0.14814399577535325,0.020642417716395724,0.1333772997056335,0.162910691845073,10,3.7492331677880912,0.7552535388074062,3.2089573330300807,4.289509002546102,10
{},linucb,51,3.4558871932151063,0.4366475941749772,3.1435283212388425,3.76824606519137,10,0.044140263908630864,0.04079355308083368,0.014958313992454567,0.07332221382480716,10,0.0171875,0.027013130166437374,-0.0021365292169229326,0.03651152921692294,10,0.1455809518832877,0.09677934650593029,0.07634917800323196,0.21481272576334345,10,0.16836887512212365,0.023592053608949268,0.15149213664651465,0.18524561359773264,10,3.62493656683979,0.48695012782736513,3.2765934300265798,3.9732797036530005,10
{},sliding_window_linucb,51,3.664258879130121,0.631692529100843,3.2123732659765927,4.11614449228365,10,0.04887394816525029,0.07519130483593234,-0.004914671019408373,0.10266256734990896,10,0.0203125,0.025568620226319953,0.0020218109445088693,0.038603189055491136,10,0.14671147537892146,0.0956002546350242,0.07832317301151309,0.21509977774632982,10,0.2782053127532743,0.08914468893521847,0.21443504389128343,0.3419755816152652,10,3.89568055531932,0.6200820525343241,3.4521005767594666,4.339260533879173,10
{},uncertainty_aware,51,2.704669316099261,0.5378623089844718,2.3199057988963845,3.0894328333021375,10,0.06991356460579749,0.07246069734379386,0.01807830434818359,0.1217488248634114,10,0.021875,0.025727268823392647,0.003470820574967552,0.040279179425032445,10,0.16253885725606915,0.08182800659873017,0.10400262763240806,0.22107508687973024,10,0.673428054384063,0.23870182275359794,0.5026710570052719,0.844185051762854,10,2.8892096769443816,0.6246872121196246,2.442335365672005,3.336083988216758,10
{},always_ofdm,52,1.7797454729322655,0.5139196204790588,1.412109523299664,2.147381422564867,10,0.01725735016057106,0.03640810678058668,-0.00878744045888253,0.04330214078002465,10,0.0359375,0.03458741190809165,0.011195156031283286,0.06067984396871671,10,0.16445513291880048,0.07677145071650887,0.10953614546600238,0.2193741203715986,10,1.0,0.0,1.0,1.0,10,2.3915966792081313,0.8175640794913749,1.806746568855976,2.9764467895602866,10
{},always_otfs,52,0.9692491620185553,0.3371544763035264,0.7280633790099456,1.210434945027165,10,0.00962953445871917,0.030451261696629237,-0.012153985892022769,0.03141305480946111,10,0.0234375,0.01983274246318726,0.009250010714270793,0.03762498928572921,10,0.14040571614001907,0.08168444217012355,0.08197218632181599,0.19883924595822214,10,1.0,0.0,1.0,1.0,10,0.8941292081330235,0.4627951123521909,0.5630655284542341,1.225192887811813,10
{},always_afdm,52,1.2483704101857274,0.4246940246447116,0.9445626067241506,1.5521782136473041,10,0.0,0.0,0.0,0.0,10,0.0203125,0.024484706819881585,0.0027971958852979033,0.0378278041147021,10,0.12668972641048948,0.0879826722710835,0.06375071419406107,0.18962873862691787,10,1.0,0.0,1.0,1.0,10,1.4170071206759758,0.5428711848341061,1.0286604695428254,1.8053537718091262,10
{},random,52,3.659433773297059,0.40438807200276605,3.3701519732905703,3.948715573303548,10,0.05983279272587201,0.07853422801731795,0.003652790357220638,0.11601279509452339,10,0.0390625,0.03314563036811941,0.015351544412828936,0.06277345558717107,10,0.18819062178808707,0.1165467514078339,0.10481809829798681,0.2715631452781873,10,1.0,0.0,1.0,1.0,10,3.758440862595794,0.5031628632556345,3.398499833529009,4.118381891662579,10
{},rule,52,1.2483704101857274,0.4246940246447116,0.9445626067241506,1.5521782136473041,10,0.0,0.0,0.0,0.0,10,0.0203125,0.024484706819881585,0.0027971958852979033,0.0378278041147021,10,0.12668972641048948,0.0879826722710835,0.06375071419406107,0.18962873862691787,10,1.0,0.0,1.0,1.0,10,1.4170071206759758,0.5428711848341061,1.0286604695428254,1.8053537718091262,10
{},ucb,52,4.51123661379062,0.4551924171482738,4.1856115746300775,4.836861652951163,10,0.07490048888959798,0.0715256291235984,0.023734136140871123,0.12606684163832482,10,0.0328125,0.03411358936211003,0.00840910826176422,0.05721589173823578,10,0.20537011424873092,0.09883713574697096,0.13466628662402821,0.2760739418734336,10,0.34066839092636036,0.015476329755301206,0.3295972915565528,0.3517394902961679,10,4.859748017628929,0.3791884670765108,4.588492929034615,5.131003106223243,10
{},sliding_window_ucb,52,4.5278763277077285,0.43006713043252875,4.220224835914231,4.835527819501226,10,0.04326226725599528,0.03826126400229121,0.015891807820113187,0.07063272669187737,10,0.0140625,0.011529137302697216,0.005815052010427764,0.022309947989572237,10,0.17864747072420387,0.08265999014426559,0.11951607592557535,0.2377788655228324,10,0.45578777854650776,0.022670690888964156,0.4395701432555603,0.4720054138374552,10,4.796219982527238,0.5386024599596838,4.41092699321277,5.181512971841706,10
{},discounted_ucb,52,4.855682045835507,0.5623520811538639,4.453399600985175,5.257964490685839,10,0.07557888298566537,0.04573094160847783,0.04286493808869123,0.1082928278826395,10,0.0296875,0.033308910323582255,0.005859740969079121,0.05351525903092087,10,0.21632026333721854,0.0860494968876551,0.1547641614818123,0.2778763651926248,10,0.48853362015015456,0.024014326503627823,0.47135480584312556,0.5057124344571835,10,5.052898545148779,0.5080008833856935,4.689496604970646,5.4163004853269126,10
{},thompson,52,3.6029181050254167,0.7159687657493053,3.090744903974703,4.11509130607613,10,0.01571187628709106,0.027858210390658115,-0.004216686904342355,0.03564043947852447,10,0.021875,0.029646353064078552,0.0006672765982428212,0.04308272340175717,10,0.15475228377018177,0.0866472142657679,0.09276860066051329,0.21673596687985025,10,0.1561251030271676,0.045324169670317056,0.12370214524531901,0.18854806080901615,10,3.7587663951416266,0.7395817517802126,3.229701481462697,4.2878313088205555,10
{},linucb,52,3.5069836965317465,0.4313531644710055,3.1984122314074885,3.8155551616560044,10,0.05109650331664005,0.045213459970792055,0.018752742482906586,0.0834402641503735,10,0.0328125,0.033308910323582255,0.008984740969079124,0.056640259030920875,10,0.18407983992833468,0.09681464771122379,0.11482281308728251,0.2533368667693868,10,0.16011113786142359,0.0209582738446069,0.14511849192908924,0.17510378379375793,10,3.6637973503514787,0.47742008161017785,3.322271597914121,4.005323102788836,10
{},sliding_window_linucb,52,3.7071818868313384,0.6552815373795999,3.238421713700185,4.175942059962492,10,0.04292300770121773,0.046364071680714936,0.00975614883467988,0.07608986656775557,10,0.01875,0.021850184336878156,0.0031193197374959555,0.03438068026250404,10,0.16798544269011748,0.10211706268077089,0.09493529668218383,0.24103558869805114,10,0.2664635421864819,0.057189041206287,0.22555296661271274,0.30737411776025103,10,3.9184469415927907,0.6289196901487639,3.4685448979328255,4.368348985252756,10
{},uncertainty_aware,52,2.7375827013331753,0.5473024113363143,2.3460661417196715,3.129099260946679,10,0.032913385233914905,0.04403069108082825,0.0014157262938052084,0.0644110441740246,10,0.0265625,0.028574722342385835,0.006121375035674975,0.04700362496432502,10,0.17322371595819142,0.08814525427327267,0.11016839958370757,0.23627903233267528,10,0.5994602067203687,0.16590821530740213,0.4807766191400182,0.7181437943007193,10,2.9172143364859267,0.645291364233215,2.455600702707059,3.378827970264794,10
{},always_ofdm,53,1.8285475931684165,0.5464824009431625,1.4376176336526363,2.2194775526841966,10,0.04880212023615056,0.051657954108601835,0.011848246015333498,0.08575599445696763,10,0.03125,0.027559909490256152,0.01153482841773167,0.050965171582268334,10,0.14743100883063784,0.08490368555792241,0.08669457102291556,0.20816744663836012,10,1.0,0.0,1.0,1.0,10,2.460680769826488,0.8705497226484683,1.837927013723672,3.0834345259293037,10
{},always_otfs,53,0.977493406510811,0.3268659049540453,0.7436676240698062,1.2113191889518156,10,0.00824424449225563,0.026070590182826182,-0.0104055322382209,0.02689402122273216,10,0.0078125,0.01327869664998121,-0.0016865073510882941,0.017311507351088294,10,0.07290821169684258,0.07801110496975754,0.017102429012945217,0.12871399438073994,10,1.0,0.0,1.0,1.0,10,0.8886905016175847,0.43092006823436213,0.580428854877167,1.1969521483580023,10
{},always_afdm,53,1.270326604538588,0.41747368442532345,0.9716839213165359,1.5689692877606398,10,0.02195619435286049,0.04664855068836392,-0.011414168536407775,0.05532655724212875,10,0.015625,0.02329237476562281,-0.0010373611454568207,0.03228736114545682,10,0.09406061416386614,0.08843399192681894,0.030798747314899108,0.1573224810128332,10,1.0,0.0,1.0,1.0,10,1.4327208166275605,0.529538443154265,1.053911834330843,1.811529798924278,10
{},random,53,3.7251025888552447,0.43342574354720553,3.41504848997562,4.03515668773487,10,0.06566881555818563,0.09465008916644915,-0.0020397793794459385,0.1333774104958172,10,0.0125,0.017738944131173336,-0.00018967618917617966,0.025189676189176183,10,0.13298852630474278,0.10079978061963923,0.06088070711637422,0.20509634549311134,10,1.0,0.0,1.0,1.0,10,3.8130824706882556,0.4972697350954929,3.457357131548702,4.1688078098278085,10
{},rule,53,1.270326604538588,0.41747368442532345,0.9716839213165359,1.5689692877606398,10,0.02195619435286049,0.04664855068836392,-0.011414168536407775,0.05532655724212875,10,0.015625,0.02329237476562281,-0.0010373611454568207,0.03228736114545682,10,0.09406061416386614,0.08843399192681894,0.030798747314899108,0.1573224810128332,10,1.0,0.0,1.0,1.0,10,1.4327208166275605,0.529538443154265,1.053911834330843,1.811529798924278,10
{},ucb,53,4.552528190370909,0.47064383112489155,4.215849875514908,4.88920650522691,10,0.04129157658028797,0.03624048008797686,0.015366698873020796,0.06721645428755514,10,0.00625,0.013176156917368249,-0.003175654845225414,0.015675654845225415,10,0.12111234243298363,0.07619752003923408,0.0666039202537326,0.17562076461223466,10,0.33888691072347615,0.01866628263155092,0.325533856533866,0.3522399649130863,10,4.902513441849631,0.3801976126509168,4.630536453999517,5.174490429699744,10
{},sliding_window_ucb,53,4.611488011489235,0.4701689897570884,4.275149377684941,4.947826645293529,10,0.08361168378150621,0.05966571765064037,0.04092940060937023,0.1262939669536422,10,0.025,0.029646353064078555,0.0037922765982428205,0.04620772340175718,10,0.1638633259164533,0.10678426732587049,0.0874744628339868,0.2402521889989198,10,0.4660367979592195,0.03186929410836562,0.4432388783298266,0.48883471758861236,10,4.881736390231411,0.5868351183510879,4.461939835642475,5.301532944820346,10
{},discounted_ucb,53,4.945267401854426,0.5603841796354249,4.5443927089456135,5.346142094763238,10,0.08958535601891846,0.08457203776114405,0.029086164752977386,0.15008454728485954,10,0.0140625,0.021411254990723407,-0.0012541891234912998,0.0293791891234913,10,0.1633418627586457,0.08723163542843375,0.10094010993425848,0.22574361558303294,10,0.4740555704847341,0.02270926860765215,0.45781033835630597,0.4903008026131623,10,5.137893489695144,0.5133508161891406,4.770664438139491,5.505122541250797,10
{},thompson,53,3.6650651610614347,0.7094404642294228,3.1575620255873433,4.172568296535526,10,0.062147056036018,0.05264159819470942,0.024489525225169284,0.09980458684686672,10,0.0140625,0.021411254990723404,-0.001254189123491298,0.0293791891234913,10,0.14163383278018873,0.08362208872407915,0.08181419411824901,0.20145347144212844,10,0.16794020967556342,0.06194962728582543,0.12362411597324449,0.21225630337788234,10,3.822053309709534,0.7264798027932108,3.3023609657203634,4.3417456536987045,10
{},linucb,53,3.5792074765545885,0.4563712059132067,3.252739182710349,3.905675770398828,10,0.07222378002284169,0.0778838453716578,0.01650903337129827,0.1279385266743851,10,0.0140625,0.015537951968933645,0.0029473187541081917,0.025177681245891807,10,0.1431851031648087,0.0997744689314402,0.07181074777338388,0.21455945855623354,10,0.17350376404816434,0.03660260474254124,0.1473198379684259,0.19968769012790277,10,3.7286355353040066,0.49760301091923115,3.372671785002343,4.08459928560567,10
{},sliding_window_linucb,53,3.7854252539483406,0.6794520561937283,3.2993745332621796,4.271475974634502,10,0.07824336711700215,0.09661479942552892,0.00912930312727174,0.14735743110673255,10,0.0265625,0.03214854033752284,0.003564819652108319,0.04956018034789168,10,0.1517186287894586,0.12150042553856608,0.06480246029992327,0.23863479727899395,10,0.26498858545442155,0.08495520547709878,0.2042152925167205,0.3257618783921226,10,3.991818652169968,0.6517841185705696,3.5255603817369883,4.458076922602948,10
{},uncertainty_aware,53,2.792149019895736,0.5547382449837629,2.3953131853307497,3.188984854460722,10,0.054566318562559904,0.046328209919187964,0.02142511365479128,0.08770752347032854,10,0.0265625,0.028574722342385835,0.006121375035674975,0.04700362496432502,10,0.15135453210506364,0.08624986501064359,0.08965509552913765,0.21305396868098964,10,0.7410401289725095,0.22453199261408982,0.5804196174406974,0.9016606405043216,10,2.9902219503787095,0.6565910687417458,2.520524994944037,3.459918905813382,10
{},always_ofdm,54,1.8446584982193293,0.5604052804895701,1.4437687106687824,2.245548285769876,10,0.016110905050912772,0.03396551399894729,-0.008186559953677813,0.04040837005550336,10,0.015625,0.020833333333333332,0.0007217311252429165,0.030528268874757084,10,0.10581000144051163,0.08763658733803112,0.04311856347100075,0.1685014394100225,10,1.0,0.0,1.0,1.0,10,2.475361256512582,0.889048429341268,1.8393743228252193,3.111348190199945,10
{},always_otfs,54,0.9879178986793773,0.34553159142255185,0.7407394885181133,1.2350963088406413,10,0.01042449216856632,0.03296513870325749,-0.013157347459672437,0.034006331796805074,10,0.015625,0.02209708691207961,-0.00018230372478071286,0.031432303724780716,10,0.09407238617463336,0.0882022619364118,0.030976288974628674,0.15716848337463804,10,1.0,0.0,1.0,1.0,10,0.8916333730378003,0.4662654983133259,0.5580871287952679,1.2251796172803329,10
{},always_afdm,54,1.2787381265881843,0.42506807724244405,0.9746627420176168,1.5828135111587518,10,0.00841152204959633,0.026599568265452213,-0.0106166628054032,0.027439706904595858,10,0.0171875,0.027013130166437374,-0.0021365292169229326,0.03651152921692294,10,0.09590293635406241,0.09108386278931989,0.030745466083628048,0.16106040662449678,10,1.0,0.0,1.0,1.0,10,1.4374942382272053,0.5358306598111011,1.0541840752910452,1.8208044011633655,10
{},random,54,3.778033183970951,0.41876492583900665,3.4784668022863228,4.0775995656555795,10,0.05293059511570643,0.03815116506171189,0.025638895717309748,0.0802222945141031,10,0.0140625,0.018706546870904138,0.0006806425087041521,0.027444357491295847,10,0.14224379943287926,0.08041908122123732,0.08471545430802993,0.1997721445577286,10,1.0,0.0,1.0,1.0,10,3.8641967553667174,0.495550506377095,3.5097012783638437,4.218692232369591,10
{},rule,54,1.2787381265881843,0.42506807724244405,0.9746627420176168,1.5828135111587518,10,0.00841152204959633,0.026599568265452213,-0.0106166628054032,0.027439706904595858,10,0.0171875,0.027013130166437374,-0.0021365292169229326,0.03651152921692294,10,0.09590293635406241,0.09108386278931989,0.030745466083628048,0.16106040662449678,10,1.0,0.0,1.0,1.0,10,1.4374942382272053,0.5358306598111011,1.0541840752910452,1.8208044011633655,10
{},ucb,54,4.622415759160466,0.46126554744562615,4.292446264300745,4.952385254020188,10,0.0698875687895571,0.027116863892533274,0.05048933293528756,0.08928580464382663,10,0.0203125,0.024484706819881585,0.0027971958852979033,0.0378278041147021,10,0.16048444732735406,0.07378068318420836,0.10770492608299281,0.2132639685717153,10,0.34165777371039757,0.01822553329978092,0.3286200125990788,0.35469553482171634,10,4.971868374422568,0.3782313729223981,4.70129794974108,5.242438799104057,10
{},sliding_window_ucb,54,4.665550052321373,0.4603867874250287,4.336209184511093,4.9948909201316525,10,0.05406204083213767,0.039830456924099124,0.025569048402812267,0.08255503326146307,10,0.01875,0.02927806108865666,-0.002194263193719039,0.039694263193719034,10,0.1386834369780357,0.10820454892535557,0.06127856564492938,0.216088308311142,10,0.464546725058236,0.020675441449444498,0.4497564052330183,0.47933704488345374,10,4.929290312455028,0.5733674936147973,4.519127916228458,5.339452708681598,10
{},discounted_ucb,54,4.989633734441279,0.5582643036180381,4.590275509481344,5.3889919594012134,10,0.04436633258685322,0.032826227713108086,0.020883863894735517,0.06784880127897092,10,0.0125,0.02057126839388698,-0.0022157989105067166,0.027215798910506718,10,0.14131832704928587,0.09025809825509741,0.07675157314112781,0.20588508095744396,10,0.4745442840163534,0.02326512744967176,0.4579014144265318,0.491187153606175,10,5.188082301990012,0.4972753558369958,4.832352942014208,5.543811661965816,10
{},thompson,54,3.7285541494301464,0.7102705966433603,3.22045717300086,4.236651125859433,10,0.06348898836871117,0.04297413105592998,0.03274714693900366,0.09423082979841868,10,0.0125,0.017738944131173336,-0.00018967618917617966,0.025189676189176183,10,0.14818137767527126,0.10003567232964637,0.07662016862907203,0.21974258672147048,10,0.14335820797722731,0.02019596598419235,0.12891088423732971,0.15780553171712491,10,3.879105172630388,0.7369562727023579,3.3519184135413296,4.406291931719446,10
{},linucb,54,3.6625836141369055,0.4711996804212764,3.3255076686480467,3.9996595596257642,10,0.08337613758231784,0.09252793285069498,0.01718564182074779,0.14956663334388787,10,0.0171875,0.018706546870904138,0.003805642508704153,0.03056935749129585,10,0.1663230655675954,0.11132156759864127,0.08668841340045955,0.24595771773473127,10,0.18894658404457237,0.02368418046703593,0.17200394198480407,0.20588922610434068,10,3.8038290861171844,0.49408343778698566,3.450383086761804,4.157275085472565,10
{},sliding_window_linucb,54,3.820994348563308,0.6923183878865568,3.3257396086459456,4.316249088480671,10,0.03556909461496784,0.0377177379419969,0.008587450299901923,0.06255073893003377,10,0.0125,0.02057126839388698,-0.0022157989105067166,0.027215798910506718,10,0.1200062549607545,0.07801791851122417,0.06419559816291473,0.17581691175859426,10,0.2701242084201594,0.051680785376969754,0.23315400169384287,0.3070944151464759,10,4.020695392376306,0.6646182692810917,3.5452561236000584,4.496134661152553,10
{},uncertainty_aware,54,2.8477719034018656,0.5689888002528383,2.440741835710978,3.2548019710927534,10,0.05562288350612978,0.04062351429868941,0.026562572007046235,0.08468319500521333,10,0.01875,0.02833639689319884,-0.0015206372083763318,0.03902063720837633,10,0.13920273835106817,0.10913213039797397,0.061134315205657444,0.2172711614964789,10,0.8831026532014319,0.19005203800056564,0.7471476153205688,1.019057691082295,10,3.03829517397536,0.6794249893296015,2.5522638157573754,3.524326532193345,10
{},always_ofdm,55,1.8862786338254964,0.5731285970697733,1.4762871338922254,2.2962701337587674,10,0.041620135606167556,0.05395966363737773,0.003019717578361482,0.08022055363397362,10,0.040625,0.03547788826234667,0.01524564762164764,0.06600435237835237,10,0.15457934560610015,0.09030315176964604,0.08998036235517066,0.21917832885702965,10,1.0,0.0,1.0,1.0,10,2.555828068569752,0.8997478992020308,1.9121871952270784,3.199468941912426,10
{},always_otfs,55,0.9991325583001105,0.34826900924592985,0.7499959173943176,1.2482691992059034,10,0.01121465962073317,0.03546386758503688,-0.014154662969279001,0.03658398221074534,10,0.015625,0.02209708691207961,-0.00018230372478071286,0.031432303724780716,10,0.09242434882663325,0.08851972276579348,0.0291011538299496,0.1557475438233169,10,1.0,0.0,1.0,1.0,10,0.9099451883155038,0.47712953618256787,0.5686272795562902,1.2512630970747174,10
{},always_afdm,55,1.3050179368593595,0.42231234098462905,1.0029138872519026,1.6071219864668165,10,0.02627981027117516,0.04237858746089905,-0.00403600493500985,0.05659562547736017,10,0.028125,0.040208873053372465,-0.0006386950207384647,0.05688869502073847,10,0.13194323382428857,0.09300799619640458,0.0654093214330533,0.19847714621552387,10,1.0,0.0,1.0,1.0,10,1.495324938502564,0.5355461283890147,1.1122183170841642,1.8784315599209638,10
{},random,55,3.9281495136423956,0.43997068487553187,3.613413445784264,4.242885581500527,10,0.150116329671444,0.07543591544133228,0.09615272660093449,0.20407993274195352,10,0.04375,0.04468252206151503,0.011786049266318863,0.07571395073368113,10,0.2423147833310487,0.08159232561760513,0.18394714972484552,0.3006824169372519,10,1.0,0.0,1.0,1.0,10,4.032399005148837,0.5303667437381946,3.6529974923091713,4.411800517988502,10
{},rule,55,1.3050179368593595,0.42231234098462905,1.0029138872519026,1.6071219864668165,10,0.02627981027117516,0.04237858746089905,-0.00403600493500985,0.05659562547736017,10,0.028125,0.040208873053372465,-0.0006386950207384647,0.05688869502073847,10,0.13194323382428857,0.09300799619640458,0.0654093214330533,0.19847714621552387,10,1.0,0.0,1.0,1.0,10,1.495324938502564,0.5355461283890147,1.1122183170841642,1.8784315599209638,10
{},ucb,55,4.686599711205998,0.46285956284893204,4.355489926419271,5.017709495992726,10,0.06418395204553315,0.06458001557988413,0.017986191911628438,0.11038171217943786,10,0.01875,0.023058274605394433,0.0022551040208555265,0.03524489597914447,10,0.18121256075442277,0.08951420689197713,0.11717795467017787,0.24524716683866765,10,0.3271482318066309,0.014871517777203006,0.31650978886218034,0.33778667475108143,10,5.07896840162806,0.3932310025466688,4.797667888307582,5.360268914948539,10
{},sliding_window_ucb,55,4.734128528331349,0.4828406359507912,4.388725144912148,5.079531911750549,10,0.0685784760099766,0.08124982592597639,0.010455851923478914,0.12670110009647428,10,0.028125,0.04087795181322622,-0.0011173251322499599,0.05736732513224996,10,0.17456876331380886,0.11585429473396842,0.09169159348745598,0.25744593314016173,10,0.4691336763431493,0.03148145417572173,0.44661320068799126,0.4916541519983073,10,5.029746542219907,0.5901253628844563,4.607596288481636,5.451896795958177,10
{},discounted_ucb,55,5.062257894775518,0.5751222499322912,4.6508402214989015,5.473675568052135,10,0.07262416033423955,0.07374875006634736,0.019867482666269913,0.12538083800220917,10,0.0234375,0.03983608994994363,-0.005059522053264879,0.051934522053264875,10,0.17022966820178012,0.09824897716839613,0.09994658387807721,0.24051275252548304,10,0.4779166356574729,0.02596516559873811,0.4593422751312847,0.49649099618366105,10,5.284199436642862,0.5153808208061533,4.915518207265242,5.652880666020483,10
{},thompson,55,3.7836544953281646,0.6893381774099049,3.2905316695565734,4.276777321099756,10,0.055100345898017745,0.0632713521617627,0.00983874717788051,0.10036194461815498,10,0.0265625,0.03612196017583271,0.0007224063303822754,0.05240259366961772,10,0.1653194644897294,0.0983059867863058,0.09499559794214704,0.23564333103731175,10,0.15212584848034716,0.04055218498880845,0.12311656289568634,0.18113513406500797,10,3.9703121035711875,0.7319405429889736,3.4467133813711697,4.493910825771205,10
{},linucb,55,3.738560697092958,0.5061811980854896,3.3764604813610513,4.100660912824865,10,0.07597708295605235,0.08518199740557458,0.015041552846093716,0.136912613066011,10,0.0375,0.03911454865733039,0.009519137493361751,0.06548086250663825,10,0.18125304838174855,0.11198415179547598,0.10114441203360824,0.26136168472988885,10,0.1845883691077892,0.04433541803231039,0.15287272163849597,0.21630401657708243,10,3.910969600950003,0.5424272057404461,3.5229405533276164,4.298998648572389,10
{},sliding_window_linucb,55,3.8832926336472107,0.6849593869906898,3.3933022058418807,4.373283061452541,10,0.06229828508390158,0.08230377105447419,0.0034217140712002256,0.12117485609660295,10,0.0203125,0.025568620226319956,0.002021810944508866,0.038603189055491136,10,0.15465567618122517,0.08105768778282192,0.09667049944233681,0.21264085292011353,10,0.2679078861181182,0.05329167111810218,0.22978532115212447,0.306030451084112,10,4.1012385350086,0.6643643274610347,3.6259809252670494,4.576496144750149,10
{},uncertainty_aware,55,2.9534187496917697,0.5807428131029866,2.5379803677354524,3.368857131648087,10,0.1056468462899044,0.0964164998915017,0.03667463724129462,0.17461905533851418,10,0.021875,0.02109214242845478,0.006786590251715194,0.036963409748284805,10,0.1908960593158326,0.10381954186329907,0.11662803306737603,0.26516408556428916,10,0.8495257059479014,0.19749894595963569,0.7082434710302581,0.9908079408655448,10,3.155078699742263,0.6903539586034722,2.6612292278788803,3.6489281716056454,10
{},always_ofdm,56,1.9139748415096816,0.5688142921325285,1.5070696094078082,2.320880073611555,10,0.02769620768418518,0.04219095171198299,-0.002485380993202429,0.057877796361572795,10,0.0375,0.046116549210788865,0.004510208041711053,0.07048979195828894,10,0.15167439938015823,0.09307542896035252,0.08509224849554291,0.21825655026477353,10,1.0,0.0,1.0,1.0,10,2.59745762491237,0.8985861879044215,1.954647789769206,3.2402674600555343,10
{},always_otfs,56,1.0076383961588724,0.34566260930709547,0.7603662614490923,1.2549105308686526,10,0.00850583785876201,0.026897821041777546,-0.010735704179512045,0.027747379897036066,10,0.015625,0.020833333333333332,0.0007217311252429165,0.030528268874757084,10,0.10630102858694837,0.08788699864490822,0.04343045715972539,0.16917160001417136,10,1.0,0.0,1.0,1.0,10,0.9062013738649115,0.47842190548305735,0.5639589598015056,1.2484437879283174,10
{},always_afdm,56,1.3231300939126738,0.39735247836522014,1.038881254402531,1.6073789334228166,10,0.018112157053314308,0.038356863732915615,-0.009326690310080574,0.04555100441670919,10,0.0171875,0.020104436526686233,0.0028056524896307687,0.03156934751036923,10,0.12286339831699966,0.08506426802504209,0.06201208673244267,0.18371470990155664,10,1.0,0.0,1.0,1.0,10,1.5081434937820233,0.4971452887746408,1.1525071781775165,1.86377980938653,10
{},random,56,3.9791201853327918,0.48105633796296865,3.6349932118015214,4.323247158864063,10,0.05097067169039693,0.07083982894932883,0.00029491083246181715,0.10164643254833204,10,0.021875,0.03227486121839514,-0.0012130448623942115,0.044963044862394205,10,0.1468834559786629,0.09030175057807352,0.08228547507980143,0.21148143687752435,10,1.0,0.0,1.0,1.0,10,4.069237618089959,0.5632330613887934,3.666324957944531,4.472150278235387,10
{},rule,56,1.3231300939126738,0.39735247836522014,1.038881254402531,1.6073789334228166,10,0.018112157053314308,0.038356863732915615,-0.009326690310080574,0.04555100441670919,10,0.0171875,0.020104436526686233,0.0028056524896307687,0.03156934751036923,10,0.12286339831699966,0.08506426802504209,0.06201208673244267,0.18371470990155664,10,1.0,0.0,1.0,1.0,10,1.5081434937820233,0.4971452887746408,1.1525071781775165,1.86377980938653,10
{},ucb,56,4.771036004691505,0.48775748665867497,4.422115318162706,5.119956691220303,10,0.08443629348550527,0.07712227652579479,0.02926634036723553,0.13960624660377502,10,0.0296875,0.043855280072960176,-0.001684677464244895,0.06105967746424489,10,0.18864458007092844,0.10322017699384956,0.11480531362103938,0.26248384652081747,10,0.32510884795250883,0.012698258003233896,0.3160250613958738,0.3341926345091439,10,5.157568138661449,0.3733072608790338,4.8905202115360416,5.424616065786856,10
{},sliding_window_ucb,56,4.838213332738867,0.4435859816448909,4.520891037369577,5.155535628108157,10,0.10408480440751662,0.07613326464556829,0.04962234776787142,0.15854726104716182,10,0.0203125,0.019557274328665195,0.006322068746680877,0.034302931253319124,10,0.20887612382545834,0.07908776010129352,0.15230014845784892,0.2654520991930678,10,0.47095382963652604,0.022563541580265804,0.45481284434352787,0.4870948149295242,10,5.128577823007825,0.5657100275018384,4.723893248047531,5.5332623979681195,10
{},discounted_ucb,56,5.130203977267233,0.572444774530611,4.720701654509822,5.539706300024644,10,0.06794608249171405,0.07138160627024871,0.016882757485751042,0.11900940749767705,10,0.01875,0.02927806108865666,-0.002194263193719039,0.039694263193719034,10,0.1813506414073944,0.09159897147065635,0.11582468458443144,0.24687659823035735,10,0.47717172986159584,0.025184047033148374,0.459156147895698,0.4951873118274937,10,5.355505235012716,0.5146397274544992,4.987354151882183,5.723656318143249,10
{},thompson,56,3.8177881726966447,0.7024082323085308,3.315315592891675,4.320260752501614,10,0.03413367736848067,0.040777915056837484,0.004962914220766064,0.06330444051619527,10,0.015625,0.020833333333333332,0.0007217311252429165,0.030528268874757084,10,0.15641341093526,0.07173274651541796,0.10509889532994474,0.2077279265405753,10,0.1599216090417578,0.03583312425032775,0.1342881361461476,0.18555508193736803,10,4.016680671468907,0.7110511486973902,3.508025321737287,4.525336021200527,10
{},linucb,56,3.8047300410755716,0.5082277557576044,3.441165806179414,4.168294275971729,10,0.06616934398261365,0.06681650087558083,0.018371698647290935,0.11396698931793636,10,0.0203125,0.019557274328665195,0.006322068746680877,0.034302931253319124,10,0.173360843298741,0.0962645846828505,0.10449730784376451,0.24222437875371747,10,0.15076853572117188,0.020740147257241957,0.1359319281494887,0.16560514329285506,10,3.9742856012112036,0.5395940339884205,3.5882832825674797,4.360287919854927,10
{},sliding_window_linucb,56,3.9628915083594856,0.6693274866059488,3.484083468448102,4.441699548270869,10,0.07959887471227484,0.061016314801793814,0.03595043254085306,0.12324731688369661,10,0.028125,0.03359274061791063,0.004094201007902618,0.05215579899209738,10,0.18901022179020346,0.11409442188771156,0.10739198915808178,0.27062845442232514,10,0.27580468108637346,0.057195821290839194,0.2348892553322967,0.3167201068404502,10,4.1802039137612645,0.635649181560137,3.725487881946384,4.6349199455761445,10
{},uncertainty_aware,56,3.0341539049959607,0.5924374824941357,2.6103496605274343,3.457958149464487,10,0.0807351553041912,0.06207637125333228,0.03632839442942389,0.1251419161789585,10,0.021875,0.024650332429581735,0.004241214461590367,0.03950878553840963,10,0.17592629294355952,0.10453172133760293,0.10114880418985654,0.2507037816972625,10,0.7142735861948046,0.19905789276678293,0.5718761479126,0.8566710244770093,10,3.220960149648282,0.6858256488184533,2.7303500354620676,3.7115702638344965,10
{},always_ofdm,57,1.9699477113923938,0.5665136392186544,1.5646882672407425,2.3752071555440453,10,0.05597286988271212,0.04903549481507448,0.02089499002819315,0.0910507497372311,10,0.0265625,0.01811721576138134,0.013602224587815057,0.03952277541218494,10,0.1724931225105894,0.051279662804292095,0.13580986158678565,0.20917638343439315,10,1.0,0.0,1.0,1.0,10,2.6874727643330205,0.8979287780141424,2.0451332118949326,3.3298123167711084,10
{},always_otfs,57,1.0247299248978132,0.34928189177258606,0.7748687114816218,1.2745911383140047,10,0.01709152873894058,0.03604001643212314,-0.008689945907711959,0.04287300338559312,10,0.021875,0.028716768233521296,0.001332261526483955,0.04241773847351604,10,0.11081709379245239,0.09188834420115902,0.04508413218831965,0.17655005539658514,10,1.0,0.0,1.0,1.0,10,0.9345404845674249,0.48275447131414434,0.5891987396161018,1.279882229518748,10
{},always_afdm,57,1.374061135852935,0.3984326889433094,1.0890395602458347,1.6590827114600355,10,0.05093104194026136,0.05559195768480414,0.011162951093025147,0.09069913278749757,10,0.0375,0.04047783172442801,0.008543903536496505,0.06645609646350349,10,0.16646959559600324,0.07778546529313685,0.11082522581304147,0.22211396537896502,10,1.0,0.0,1.0,1.0,10,1.592135106288087,0.5139649932181796,1.224466698953212,1.9598035136229621,10
{},random,57,4.053513911880478,0.4439761785178447,3.735912486483426,4.371115337277531,10,0.07439372654768651,0.09093327344113741,0.009343981407442761,0.13944347168793025,10,0.03125,0.040343576522993925,0.002389943922007233,0.06011005607799277,10,0.18267626194400374,0.08424504146972363,0.12241098973336285,0.24294153415464464,10,1.0,0.0,1.0,1.0,10,4.169435896944023,0.5380466928999625,3.784540479433847,4.554331314454199,10
{},rule,57,1.374061135852935,0.3984326889433094,1.0890395602458347,1.6590827114600355,10,0.05093104194026136,0.05559195768480414,0.011162951093025147,0.09069913278749757,10,0.0375,0.04047783172442801,0.008543903536496505,0.06645609646350349,10,0.16646959559600324,0.07778546529313685,0.11082522581304147,0.22211396537896502,10,1.0,0.0,1.0,1.0,10,1.592135106288087,0.5139649932181796,1.224466698953212,1.9598035136229621,10
{},ucb,57,4.900317940355234,0.4866418374912213,4.552195341163033,5.248440539547435,10,0.12928193566372864,0.10234612094928777,0.05606793124153771,0.2024959400859196,10,0.0359375,0.041043517301761555,0.006576736452132952,0.06529826354786704,10,0.23616420265760926,0.07828856267948506,0.1801599386849386,0.2921684666302799,10,0.33471574158041906,0.020125365013180605,0.3203189227327042,0.34911256042813393,10,5.31125435822912,0.39642841945086316,5.027666550644903,5.594842165813337,10
{},sliding_window_ucb,57,4.927140024914383,0.4104351880754974,4.633532378663952,5.220747671164814,10,0.08892669217551653,0.08344821113451753,0.029231438048066327,0.14862194630296674,10,0.0265625,0.027609079751455354,0.006812154131813568,0.04631284586818643,10,0.20095130893647636,0.09501680456131452,0.1329803816085956,0.26892223626435713,10,0.4605564975024949,0.0335079234095645,0.43658637308613457,0.4845266219188552,10,5.2470511488543625,0.5325465310527177,4.866090310105667,5.628011987603058,10
{},discounted_ucb,57,5.253090674398686,0.5811205958363876,4.837382042955067,5.668799305842304,10,0.12288669713145298,0.09307194408678657,0.05630703917520956,0.18946635508769638,10,0.021875,0.015095184110613998,0.011076555799306817,0.03267344420069318,10,0.22668009053339602,0.06753854749736149,0.17836592416073696,0.27499425690605506,10,0.47199030342461024,0.025962981764083674,0.45341750511962364,0.49056310172959683,10,5.499707342456173,0.5122535525991472,5.133263225987311,5.866151458925034,10
{},thompson,57,3.925506172916935,0.7333386147350636,3.400907330438285,4.450105015395585,10,0.1077180002202901,0.09829710242049787,0.03740048916514378,0.17803551127543643,10,0.0375,0.030547663122114956,0.015647518223789725,0.059352481776210275,10,0.21572927955951626,0.05131264827383528,0.17902242225227752,0.25243613686675503,10,0.14527299692147103,0.027582662761846757,0.12554154862923653,0.16500444521370553,10,4.149931967938484,0.7429331978770302,3.618469574149148,4.681394361727819,10
{},linucb,57,3.8714280482192023,0.5275286522689608,3.4940567837118794,4.248799312726525,10,0.06669800714363092,0.10052622124405469,-0.005214119456215388,0.13861013374347722,10,0.03125,0.028527216536727403,0.01084285864182728,0.05165714135817272,10,0.16756642933999985,0.0902351120766119,0.10301611875336367,0.23211673992663603,10,0.15175347933224176,0.01871817518297,0.1383633034476046,0.1651436552168789,10,4.059374047461263,0.5951160640368613,3.6336536611878953,4.4850944337346315,10
{},sliding_window_linucb,57,4.040503397636923,0.6333959173650081,3.587399253925044,4.493607541348801,10,0.07761188927743694,0.08201224515225347,0.018943863332163663,0.1362799152227102,10,0.021875,0.02109214242845478,0.006786590251715194,0.036963409748284805,10,0.19011231061103726,0.09942268343625285,0.11898960740302124,0.2612350138190533,10,0.2472277629752219,0.04779656070571028,0.2130361631919011,0.2814193627585427,10,4.287838241282361,0.6104184758019706,3.851171169074545,4.724505313490177,10
{},uncertainty_aware,57,3.092844159408103,0.6156254603312287,2.6524522348579076,3.5332360839582986,10,0.05869025441214239,0.05690717486760625,0.01798131387031416,0.09939919495397062,10,0.0359375,0.03830869905923603,0.008533107568546482,0.06334189243145351,10,0.17833353288859985,0.08575683477329026,0.11698678889782566,0.23968027687937404,10,0.5653502408044955,0.08633976652505802,0.5035864925593743,0.6271139890496167,10,3.316815699446942,0.7139167799949788,2.806110400576576,3.8275209983173086,10
{},always_ofdm,58,2.001164558094696,0.5848995131021592,1.5827526520878488,2.419576464101543,10,0.031216846702302202,0.05073777440071615,-0.005078770609728507,0.06751246401433292,10,0.0375,0.024650332429581735,0.019866214461590367,0.05513378553840963,10,0.1670884199757971,0.07536616151988201,0.1131747158547168,0.2210021240968774,10,1.0,0.0,1.0,1.0,10,2.720870864582704,0.919722158622906,2.062941266821305,3.3788004623441035,10
{},always_otfs,58,1.0342672874722258,0.35553070057079145,0.7799359455280375,1.2885986294164142,10,0.00953736257441258,0.030159788605990886,-0.012037650488031449,0.03111237563685661,10,0.03125,0.03966548492637452,0.002875021428541586,0.05962497857145842,10,0.13373579244176356,0.09653590740404616,0.06467816440442821,0.20279342047909893,10,1.0,0.0,1.0,1.0,10,0.9345859572830756,0.4820813313710554,0.5897257476387376,1.2794461669274135,10
{},always_afdm,58,1.3945006608632728,0.4004511643921267,1.108035154904293,1.6809661668222526,10,0.020439525010337932,0.04316712340789143,-0.010440374831148132,0.051319424851823996,10,0.034375,0.0428225099814468,0.003741621753017413,0.06500837824698259,10,0.15085533916705116,0.08939955103986619,0.0869027529384258,0.2148079253956765,10,1.0,0.0,1.0,1.0,10,1.6093001257290254,0.48619290175765867,1.2614986758141737,1.957101575643877,10
{},random,58,4.093776791374883,0.4715012209053436,3.756485136818312,4.431068445931454,10,0.0402628794944042,0.05853597669150227,-0.001611235680634454,0.08213699466944285,10,0.0390625,0.04555431167847891,0.0064749085432548245,0.07165009145674517,10,0.18229224579982525,0.0979098041563837,0.1122517912325903,0.25233270036706024,10,1.0,0.0,1.0,1.0,10,4.218037823017735,0.5860681581054946,3.7987899187371026,4.637285727298367,10
{},rule,58,1.3945006608632728,0.4004511643921267,1.108035154904293,1.6809661668222526,10,0.020439525010337932,0.04316712340789143,-0.010440374831148132,0.051319424851823996,10,0.034375,0.0428225099814468,0.003741621753017413,0.06500837824698259,10,0.15085533916705116,0.08939955103986619,0.0869027529384258,0.2148079253956765,10,1.0,0.0,1.0,1.0,10,1.6093001257290254,0.48619290175765867,1.2614986758141737,1.957101575643877,10
{},ucb,58,4.980348209364532,0.47977668000820967,4.637136647988502,5.323559770740562,10,0.08003026900929881,0.05504771159445292,0.040651508361352506,0.11940902965724512,10,0.0328125,0.039287546178429396,0.004707882521924715,0.06091711747807529,10,0.22173760711286036,0.08916562392286415,0.15795236226288034,0.2855228519628404,10,0.32467977607617804,0.01851307798528399,0.31143631788830445,0.33792323426405163,10,5.399301645615867,0.4070956231561208,5.108082980193509,5.690520311038225,10
{},sliding_window_ucb,58,5.025042534446156,0.43498502983300535,4.713872989353571,5.336212079538741,10,0.09790250953177368,0.06942672561740672,0.04823762190120418,0.14756739716234318,10,0.0375,0.04244072664054867,0.007139733102520186,0.06786026689747982,10,0.22452925806757834,0.09167068645731814,0.15895199943364402,0.29010651670151266,10,0.4722305547270792,0.030744095998958526,0.45023755333585574,0.49422355611830265,10,5.337890087195827,0.5612858512934097,4.936370377239542,5.7394097971521125,10
{},discounted_ucb,58,5.327573473716048,0.6263534069702308,4.879507238450568,5.775639708981528,10,0.07448279931736193,0.07395033084808976,0.021581919445058342,0.12738367918966553,10,0.03125,0.03897559777889522,0.0033685369638434964,0.059131463036156504,10,0.20492727358306415,0.09501214499986022,0.1369596795046486,0.2728948676614797,10,0.4764269250689959,0.02521537041175233,0.45838893570789485,0.494464914430097,10,5.570944296313124,0.5289217053531161,5.192576501661643,5.949312090964606,10
{},thompson,58,3.9751262717593505,0.7091072398615279,3.4678615106380763,4.482391032880625,10,0.0496200988424154,0.07937127317382298,-0.007158689559565931,0.10639888724439674,10,0.034375,0.03593372564720904,0.008669561200378682,0.06008043879962133,10,0.17841218463227246,0.08238243334247049,0.1194793420086121,0.23734502725593282,10,0.1411308464379986,0.031962410759589464,0.11826631516909027,0.16399537770690698,10,4.1946538328446445,0.7404973545330684,3.664933936413318,4.724373729275971,10
{},linucb,58,3.945335870358202,0.5531431683881298,3.549641084851482,4.341030655864922,10,0.07390782213899996,0.06645659836043916,0.026367635553366423,0.1214480087246335,10,0.0265625,0.02335053309527072,0.009858534891788801,0.043266465108211194,10,0.19536413443154596,0.09246803630776675,0.12921648607560443,0.2615117827874875,10,0.14961330740555204,0.020032179301597938,0.13528314960015728,0.1639434652109468,10,4.121047862166696,0.6214525709231605,3.6764874738126045,4.565608250520787,10
{},sliding_window_linucb,58,4.129185785361452,0.6271521506329859,3.6805481633007058,4.577823407422198,10,0.08868238772452922,0.06927391568505313,0.039126813734372476,0.13823796171468594,10,0.0390625,0.03701216250924973,0.012585593943445477,0.06553940605655452,10,0.21207605038816557,0.09506667708660388,0.1440694464049,0.28008265437143115,10,0.2597124000023582,0.08739827653187733,0.19719143931380106,0.3222333606909153,10,4.366223971944414,0.6032900757189672,3.934656249964622,4.797791693924205,10
{},uncertainty_aware,58,3.1131932453429663,0.6173646684313262,2.6715571662674154,3.554829324418517,10,0.02034908593486301,0.032492476634419024,-0.002894631618233414,0.043592803487959436,10,0.021875,0.022341261030757516,0.005893024633159431,0.037856975366840566,10,0.14916895595803936,0.11078669494781894,0.06991692863549355,0.2284209832805852,10,0.5473340724949846,0.106542983705914,0.4711178133163558,0.6235503316736133,10,3.3322943356788683,0.7166832630355326,2.8196100140601423,3.8449786572975944,10
{},always_ofdm,59,2.032573771555927,0.6072419467137172,1.5981790513684657,2.4669684917433883,10,0.03140921346123092,0.05140621565611573,-0.005364577919097391,0.06818300484155923,10,0.03125,0.035324635328777436,0.005980278166039365,0.05651972183396063,10,0.13362792497418532,0.09411511554254408,0.06630202711293587,0.20095382283543478,10,1.0,0.0,1.0,1.0,10,2.7616894077454477,0.9438480686406332,2.086501173639614,3.4368776418512814,10
{},always_otfs,59,1.063997176433673,0.36877883940954503,0.80018868687969,1.3278056659876563,10,0.029729888961447105,0.04879869107838704,-0.00517859170466866,0.06463836962756286,10,0.03125,0.03755782578608322,0.004382749950018413,0.058117250049981584,10,0.13146200292165217,0.09344700175834764,0.06461404486991364,0.1983099609733907,10,1.0,0.0,1.0,1.0,10,0.9732385783932862,0.49245653963195085,0.6209563918684495,1.3255207649181229,10
{},always_afdm,59,1.3945006608632728,0.4004511643921267,1.108035154904293,1.6809661668222526,10,0.0,0.0,0.0,0.0,10,0.021875,0.039802027446964164,-0.006597655206523272,0.05034765520652327,10,0.08447514615113957,0.09694387174043533,0.015125678008371293,0.15382461429390787,10,1.0,0.0,1.0,1.0,10,1.6009658900687238,0.49987659343654844,1.243375716811963,1.9585560633254846,10
{},random,59,4.158051413234707,0.4727148559363884,3.8198915764773287,4.496211249992086,10,0.06427462185982388,0.081073527857001,0.006278113814480152,0.12227112990516761,10,0.034375,0.03439077920670662,0.009773318592162215,0.058976681407837794,10,0.16428384074843877,0.1109012036993385,0.08494989879969733,0.2436177826971802,10,1.0,0.0,1.0,1.0,10,4.2895122819547336,0.5854593611688503,3.870699884767075,4.708324679142392,10
{},rule,59,1.3945006608632728,0.4004511643921267,1.108035154904293,1.6809661668222526,10,0.0,0.0,0.0,0.0,10,0.021875,0.039802027446964164,-0.006597655206523272,0.05034765520652327,10,0.08447514615113957,0.09694387174043533,0.015125678008371293,0.15382461429390787,10,1.0,0.0,1.0,1.0,10,1.6009658900687238,0.49987659343654844,1.243375716811963,1.9585560633254846,10
{},ucb,59,5.065809415157756,0.49702864692970866,4.710256540102549,5.421362290212963,10,0.08546120579322393,0.08217105627882787,0.026679573211807868,0.14424283837464,10,0.0203125,0.03379401707814237,-0.003862283497937047,0.04448728349793705,10,0.18344255915501564,0.0921233423251023,0.11754149002002577,0.2493436282900055,10,0.3257691311028855,0.015404699535021864,0.31474927290583227,0.3367889892999388,10,5.489934822959441,0.41636673627821474,5.192084002738994,5.7877856431798875,10
{},sliding_window_ucb,59,5.089334219670119,0.48076532301117597,4.745415425694359,5.433253013645878,10,0.06429168522396293,0.07234269694401413,0.012540837367240841,0.11604253308068502,10,0.0234375,0.02681153682548698,0.004257681971727191,0.04261731802827281,10,0.1631829795518835,0.10487834615900811,0.08815753033840135,0.23820842876536563,10,0.46529176150872775,0.026873400377309762,0.44606768896142956,0.48451583405602594,10,5.408263684936271,0.6026111234478893,4.977181656152432,5.83934571372011,10
{},discounted_ucb,59,5.395549280531242,0.6357772528598942,4.940741632027621,5.850356929034862,10,0.06797580681519325,0.05806621196747247,0.02643774107967902,0.10951387255070746,10,0.03125,0.04357604304864977,7.757666950318834e-05,0.062422423330496815,10,0.17624789036373223,0.10366866012398077,0.10208779840948455,0.2504079823179799,10,0.4701215029945498,0.023627231076992012,0.4532196000742412,0.4870234059148584,10,5.654382804865415,0.5292436867150684,5.2757846786230616,6.032980931107769,10
{},thompson,59,4.012940537079919,0.7158516766825517,3.500851096501723,4.525029977658114,10,0.03781426532056797,0.04026292970356806,0.009011900501797485,0.06661663013933845,10,0.01875,0.03593372564720904,-0.006955438799621322,0.04445543879962132,10,0.13049103336912485,0.07679624304091472,0.0755543105558475,0.1854277561824022,10,0.16007099497957658,0.04529599423482709,0.127668192690085,0.19247379726906816,10,4.232335484402327,0.7571652606268306,3.6906920862384625,4.773978882566192,10
{},linucb,59,4.000505467607269,0.548997732029918,3.607776148627731,4.393234786586807,10,0.05516959724906515,0.04959947621925199,0.0196882694022188,0.0906509250959115,10,0.028125,0.04087795181322622,-0.0011173251322499599,0.05736732513224996,10,0.14640528676319642,0.10533226603615449,0.07105512283083223,0.2217554506955606,10,0.16967529215176197,0.02878915362053712,0.1490807722917515,0.19026981201177243,10,4.174643767118452,0.6064636654883534,3.7408057957803558,4.608481738456548,10
{},sliding_window_linucb,59,4.2093733675903255,0.6771226179520672,3.72498902663741,4.693757708543242,10,0.08018758222887405,0.09568631917818982,0.011737712996151423,0.14863745146159668,10,0.034375,0.04218428485690956,0.004198180503430394,0.06455181949656962,10,0.1784744810773071,0.10780085019900705,0.10135839841603288,0.2555905637385813,10,0.2662568967752398,0.05518339536048373,0.2267810738082328,0.30573271974224675,10,4.45188907121028,0.6339784536484566,3.998368206145048,4.905409936275512,10
{},uncertainty_aware,59,3.1637310715705564,0.634828374652496,2.7096022096455403,3.6178599334955726,10,0.050537826227590274,0.06965678881761046,0.0007083612979412596,0.10036729115723929,10,0.0375,0.04179667218278933,0.007600461906710904,0.0673995380932891,10,0.1522403661201953,0.11724683620514112,0.06836703213556385,0.23611370010482674,10,0.6398173891185348,0.2060208196995334,0.49243897296909495,0.7871958052679746,10,3.3917253199876223,0.7477758385450121,2.856798709753226,3.9266519302220186,10
{},always_ofdm,60,2.048882783305475,0.6097622161436732,1.6126851709763437,2.4850803956346064,10,0.016309011749547842,0.03440935216926358,-0.008305955955319726,0.04092397945441541,10,0.0203125,0.025568620226319956,0.002021810944508866,0.038603189055491136,10,0.12528693673591657,0.08770418471391896,0.06254714251673764,0.18802673095509548,10,1.0,0.0,1.0,1.0,10,2.761540225971821,0.9152666408150191,2.106797913644048,3.416282538299594,10
{},always_otfs,60,1.075594922463789,0.35687459407777294,0.8203022170184686,1.3308876279091095,10,0.011597746030116301,0.03667529317934328,-0.014638178224873979,0.03783367028510658,10,0.025,0.02964635306407856,0.0037922765982428205,0.04620772340175718,10,0.11414007518962503,0.09362270431552026,0.04716642710021324,0.18111372327903683,10,1.0,0.0,1.0,1.0,10,0.9619425350733681,0.4675804393461055,0.6274556386820694,1.296429431464667,10
{},always_afdm,60,1.4143223522343265,0.40021096208067786,1.128028676657676,1.700616027810977,10,0.01982169137105326,0.04200257552443791,-0.010225141099650219,0.04986852384175674,10,0.0265625,0.030414169418034234,0.00480551386690984,0.04831948613309016,10,0.13039909939325095,0.0909111164205234,0.06536520443071957,0.19543299435578232,10,1.0,0.0,1.0,1.0,10,1.6059288709524313,0.5313157185037108,1.225848502460645,1.9860092394442177,10
{},random,60,4.228624683448809,0.5104594962798866,3.8634639575576624,4.593785409339954,10,0.07057327021410147,0.06791809119157703,0.02198759463866099,0.11915894578954195,10,0.0234375,0.030592031574142527,0.0015532789452237933,0.04532172105477621,10,0.1785179407154873,0.10365479957722043,0.1043677639990854,0.2526681174318892,10,1.0,0.0,1.0,1.0,10,4.342594104160677,0.5856833147473356,3.9236215002340273,4.761566708087326,10
{},rule,60,1.4143223522343265,0.40021096208067786,1.128028676657676,1.700616027810977,10,0.01982169137105326,0.04200257552443791,-0.010225141099650219,0.04986852384175674,10,0.0265625,0.030414169418034234,0.00480551386690984,0.04831948613309016,10,0.13039909939325095,0.0909111164205234,0.06536520443071957,0.19543299435578232,10,1.0,0.0,1.0,1.0,10,1.6059288709524313,0.5313157185037108,1.225848502460645,1.9860092394442177,10
{},ucb,60,5.1577054161030915,0.49203656978976673,4.805723657905168,5.509687174301015,10,0.09189600094533532,0.08444874670021064,0.031485006791279586,0.15230699509939105,10,0.0265625,0.029508782237948526,0.005453188838777458,0.047671811161222544,10,0.1867114024923823,0.09951833653079033,0.11552027318260974,0.25790253180215483,10,0.3246493024972439,0.019860134033158325,0.31044221846277004,0.33885638653171773,10,5.55121010694228,0.39201335536961307,5.270780645938967,5.831639567945594,10
{},sliding_window_ucb,60,5.187700439526586,0.5052529869646416,4.826264226030193,5.5491366530229795,10,0.09836621985646729,0.05866789304582747,0.056397737406349305,0.1403347023065853,10,0.0296875,0.03248430443648474,0.0064496284851329674,0.05292537151486703,10,0.20339643656230527,0.093416531323638,0.13657027574646474,0.2702225973781458,10,0.46838863989265767,0.026509187142492313,0.4494251097981385,0.48735216998717684,10,5.486224002989033,0.6039272672421302,5.05420046165271,5.918247544325356,10
{},discounted_ucb,60,5.455027079682563,0.6228902580645831,5.0094382319032045,5.900615927461922,10,0.059477799151322244,0.048073056165268524,0.02508840643153206,0.09386719187111242,10,0.0203125,0.02760907975145536,0.0005621541318135657,0.04006284586818644,10,0.17471608690960636,0.08911433255427965,0.11096753369436085,0.23846464012485186,10,0.4801642694485234,0.03217950026304352,0.4571444417041016,0.5031840971929452,10,5.703662773265478,0.5291480841965701,5.325133036944962,6.082192509585994,10
{},thompson,60,4.068504985733522,0.7169394986781833,3.5556373641782653,4.581372607288779,10,0.05556444865360368,0.049107349215515614,0.020435167257503495,0.09069373004970387,10,0.0203125,0.02448470681988158,0.0027971958852979067,0.037827804114702095,10,0.17447123452258442,0.10010917648965005,0.10285744376790769,0.24608502527726117,10,0.13928704561195274,0.027187590264056236,0.11983821515937876,0.15873587606452672,10,4.281370600415367,0.759807808324179,3.7378368375068005,4.824904363323934,10
{},linucb,60,4.071241683706232,0.5632759960493363,3.668298309954878,4.474185057457586,10,0.07073621609896301,0.06718165713676975,0.02267735371043391,0.1187950784874921,10,0.025,0.03054766312211496,0.0031475182237897283,0.04685248177621028,10,0.1784272944526437,0.09126360983521148,0.11314124089159977,0.2437133480136876,10,0.16218944970529414,0.025208764615039823,0.1441561858464909,0.1802227135640974,10,4.2276349430615525,0.5902779747502447,3.805375517371154,4.649894368751951,10
{},sliding_window_linucb,60,4.276785666672696,0.6808685241567759,3.7897216658470576,4.763849667498334,10,0.06741229908237098,0.05090418736155568,0.030997637109557746,0.10382696105518421,10,0.021875,0.026760901205552353,0.0027314045121364303,0.04101859548786357,10,0.1694660357348729,0.10972615341622595,0.09097267412103958,0.2479593973487062,10,0.29034183312584066,0.03695060032663776,0.26390896600176533,0.316774700249916,10,4.495918988435609,0.6203333421632677,4.052159248104288,4.939678728766931,10
{},uncertainty_aware,60,3.175932077639017,0.6421757231258154,2.716547239242909,3.635316916035125,10,0.01220100606846045,0.025900946760960775,-0.006327415068629168,0.030729427205550067,10,0.0125,0.02057126839388698,-0.0022157989105067166,0.027215798910506718,10,0.10517601234561866,0.09435095331393965,0.037681406305908466,0.17267061838532885,10,0.6313006064159467,0.21785199019411358,0.47545868074728337,0.7871425320846099,10,3.371465213823698,0.7379024999431578,2.8436015645432993,3.8993288631040968,10
{},always_ofdm,61,2.079508973246165,0.6321052361917842,1.6273281272249815,2.5316898192673487,10,0.03062618994069054,0.05028199146804958,-0.0053433799028255215,0.0665957597842066,10,0.0171875,0.022642776165921,0.0009898336989602255,0.03338516630103978,10,0.1098025682475452,0.09197114887961258,0.04401037174483256,0.17559476475025781,10,1.0,0.0,1.0,1.0,10,2.806083233222504,0.9492991988347846,2.1269954954868426,3.4851709709581655,10
{},always_otfs,61,1.0919709812296194,0.36386607687809674,0.8316768702799887,1.35226509217925,10,0.01637605876583025,0.034523764210134894,-0.008320754382602838,0.041072871914263336,10,0.00625,0.008068715304598786,0.0004779887844014461,0.012022011215598555,10,0.08658463866384748,0.07857344571878114,0.030376581641617426,0.14279269568607755,10,1.0,0.0,1.0,1.0,10,0.9832676127403535,0.4703778012666383,0.6467796041806528,1.319755621300054,10
{},always_afdm,61,1.4549247085401018,0.4138703396845738,1.1588597028630017,1.750989714217202,10,0.04060235630577565,0.054796797735572604,0.0014030886195875517,0.07980162399196375,10,0.021875,0.029646353064078555,0.0006672765982428178,0.04308272340175718,10,0.1267206845167484,0.08899571308847339,0.06305698655555206,0.19038438247794473,10,1.0,0.0,1.0,1.0,10,1.6673899944723178,0.5160951073556462,1.2981977952786625,2.036582193665973,10
{},random,61,4.2872125854409,0.5450778845170615,3.897287356450105,4.677137814431695,10,0.05858790199209215,0.05281348891310498,0.020807407968763875,0.09636839601542042,10,0.009375,0.01092509216843908,0.0015596598687479743,0.017190340131252025,10,0.14708507087215525,0.09072688516828818,0.0821829670082092,0.2119871747361013,10,1.0,0.0,1.0,1.0,10,4.424419614035969,0.6322269257151617,3.972151716573851,4.876687511498087,10
{},rule,61,1.4549247085401018,0.4138703396845738,1.1588597028630017,1.750989714217202,10,0.04060235630577565,0.054796797735572604,0.0014030886195875517,0.07980162399196375,10,0.021875,0.029646353064078555,0.0006672765982428178,0.04308272340175718,10,0.1267206845167484,0.08899571308847339,0.06305698655555206,0.19038438247794473,10,1.0,0.0,1.0,1.0,10,1.6673899944723178,0.5160951073556462,1.2981977952786625,2.036582193665973,10
{},ucb,61,5.2762855543671945,0.5088497037127215,4.912276404706178,5.640294704028211,10,0.11858013826410294,0.0781006046418445,0.06271033137169446,0.1744499451565114,10,0.015625,0.01647019614671031,0.0038429314434682317,0.02740706855653177,10,0.19501754659599188,0.08394403562988129,0.13496760099162503,0.25506749220035874,10,0.3227025991364646,0.019407331394024754,0.30881943059694467,0.3365857676759845,10,5.68096809254141,0.43074362840120606,5.372832663254132,5.989103521828688,10
{},sliding_window_ucb,61,5.3000418496065045,0.5007757788196333,4.94180843787619,5.658275261336819,10,0.11234141007991807,0.09572120325800741,0.04386658627978887,0.18081623388004728,10,0.0234375,0.02876396098225849,0.002861001867762232,0.04401399813223777,10,0.19158909335831406,0.0918576105416043,0.1258781172897901,0.25730006942683803,10,0.45012571041870936,0.023156026072356343,0.43356088725260317,0.46669053358481555,10,5.612553535350484,0.6085078705676883,5.177253227791629,6.047853842909339,10
{},discounted_ucb,61,5.553868933440782,0.6490055411196525,5.089598337576139,6.018139529305425,10,0.09884185375821927,0.09686354736537116,0.029549846211872344,0.1681338613045662,10,0.0140625,0.018706546870904138,0.0006806425087041521,0.027444357491295847,10,0.17080420968061563,0.08024507102489145,0.1134003439514347,0.22820807540979657,10,0.46638533949617456,0.0198815368406431,0.4521629448155589,0.4806077341767902,10,5.809207421949231,0.540673328108895,5.422433022802833,6.195981821095629,10
{},thompson,61,4.116632721848753,0.7013034401447745,3.6149504627478084,4.618314980949698,10,0.048127736115231,0.05027103923493279,0.012166001027311031,0.08408947120315097,10,0.00625,0.008068715304598784,0.0004779887844014478,0.012022011215598552,10,0.1362643402107205,0.09021110514771945,0.07173120314645912,0.2007974772749819,10,0.1462289225801763,0.037994729504316274,0.11904913043810472,0.1734087147222479,10,4.352375379629227,0.7589714739174587,3.809439894314224,4.89531086494423,10
{},linucb,61,4.130832774603984,0.5452573439335799,3.7407791680802385,4.52088638112773,10,0.059591090897753184,0.08255769121840488,0.000532876342214321,0.11864930545329205,10,0.0125,0.01920738428602685,-0.0012401349949812263,0.026240134994981228,10,0.14079388023910852,0.09518757314528699,0.07270079242535722,0.20888696805285983,10,0.17373269364710292,0.03600911534422334,0.14797332430708204,0.1994920629871238,10,4.303169262303799,0.556384568842418,3.90515571859703,4.701182806010568,10
{},sliding_window_linucb,61,4.3277106315036376,0.7144626079967205,3.816614870802743,4.838806392204532,10,0.0509249648309413,0.05788096059346869,0.009519419945164496,0.0923305097167181,10,0.0125,0.017738944131173336,-0.00018967618917617966,0.025189676189176183,10,0.12830407765596213,0.10705470783974586,0.05172175308423585,0.20488640222768842,10,0.2744207711455216,0.04244701710884565,0.24405600431810365,0.30478553797293956,10,4.5589635050947095,0.663783348881991,4.08412150239191,5.033805507797509,10
{},uncertainty_aware,61,3.241393048583332,0.6967811067198844,2.7429458719290642,3.7398402252375997,10,0.06546097094431473,0.07914252078218433,0.008845822145453458,0.122076119743176,10,0.0171875,0.018706546870904138,0.003805642508704153,0.03056935749129585,10,0.1450369852821139,0.09345589050154911,0.07818266860654063,0.21189130195768716,10,0.6324766531363369,0.2213529357688046,0.4741303018733291,0.7908230043993447,10,3.45124263810895,0.8146238561899957,2.868495836800584,4.033989439417316,10
{},always_ofdm,62,2.079508973246165,0.6321052361917842,1.6273281272249815,2.5316898192673487,10,0.0,0.0,0.0,0.0,10,0.009375,0.01679637030895531,-0.00264039949604869,0.02139039949604869,10,0.07430997255819119,0.08008476656566453,0.01702078173097895,0.13159916338540342,10,1.0,0.0,1.0,1.0,10,2.7922494416371615,0.9376612509805685,2.1214869902705455,3.4630118930037774,10
{},always_otfs,62,1.1015749152812369,0.3718428973757631,0.8355745307007711,1.3675752998617026,10,0.0096039340516174,0.030370306101160094,-0.012121674154827292,0.03132954225806209,10,0.015625,0.02329237476562281,-0.0010373611454568207,0.03228736114545682,10,0.09174234360354004,0.08985938505515643,0.02746081193646846,0.15602387527061162,10,1.0,0.0,1.0,1.0,10,0.9868661922003593,0.4713272780914393,0.6496989688369614,1.3240334155637572,10
{},always_afdm,62,1.4851213890608295,0.40152451904309916,1.1978880514397017,1.7723547266819573,10,0.030196680520727603,0.048782950648641195,-0.004700540120266251,0.06509390116172145,10,0.0296875,0.03566852847554986,0.004171771828573648,0.05520322817142635,10,0.1326503286593437,0.0938178940310674,0.06553705025893737,0.19976360705975005,10,1.0,0.0,1.0,1.0,10,1.711896558988127,0.48271328559729837,1.3665842765237777,2.0572088414524763,10
{},random,62,4.332258059952801,0.5350592298932247,3.9494997447358804,4.715016375169722,10,0.04504547451190114,0.03896541179482927,0.017171298089790503,0.07291965093401179,10,0.0125,0.023058274605394436,-0.003994895979144476,0.028994895979144477,10,0.12003872582996995,0.09745783611586613,0.050321589721805254,0.18975586193813465,10,1.0,0.0,1.0,1.0,10,4.4563145757224065,0.6241339010673451,4.0098360793324375,4.902793072112376,10
{},rule,62,1.4851213890608295,0.40152451904309916,1.1978880514397017,1.7723547266819573,10,0.030196680520727603,0.048782950648641195,-0.004700540120266251,0.06509390116172145,10,0.0296875,0.03566852847554986,0.004171771828573648,0.05520322817142635,10,0.1326503286593437,0.0938178940310674,0.06553705025893737,0.19976360705975005,10,1.0,0.0,1.0,1.0,10,1.711896558988127,0.48271328559729837,1.3665842765237777,2.0572088414524763,10
{},ucb,62,5.340978358180871,0.5406747159383879,4.954202966241062,5.727753750120681,10,0.06469280381367772,0.06936984009872053,0.015068609631751106,0.11431699799560432,10,0.0125,0.017738944131173332,-0.00018967618917617793,0.02518967618917618,10,0.15338214630512342,0.0955695601696007,0.08501580143553138,0.22174849117471546,10,0.3141714050282386,0.014498289402459933,0.30379995357917133,0.32454285647730585,10,5.7462064747029995,0.4342471403157879,5.435564783972413,6.056848165433586,10
{},sliding_window_ucb,62,5.330601261646917,0.5081528177760234,4.967090634153404,5.69411188914043,10,0.030559412040411894,0.0390450176026776,0.002628289053900175,0.05849053502692361,10,0.0125,0.023058274605394436,-0.003994895979144476,0.028994895979144477,10,0.11857764085840053,0.08074941279243147,0.06081299076283146,0.17634229095396958,10,0.47699927368306644,0.03714530287705921,0.45042712474493357,0.5035714226211992,10,5.6429874120653505,0.6241907495957715,5.196468248687976,6.089506575442725,10
{},discounted_ucb,62,5.639311255287045,0.6468369287741275,5.176591991240185,6.102030519333905,10,0.08544232184626296,0.06791817679364934,0.0368565850347889,0.13402805865773704,10,0.025,0.03770200223094554,-0.001970387665494691,0.051970387665494694,10,0.17134053779091274,0.09846958810002317,0.1008996379137339,0.24178143766809157,10,0.4798730087294631,0.019057215483234993,0.466240298024623,0.49350571943430316,10,5.892404195596609,0.5456893042970672,5.502041583243729,6.282766807949489,10
{},thompson,62,4.173767669897618,0.7080903267396096,3.667230364600898,4.680304975194338,10,0.05713494804886473,0.07553661720914454,0.003099307273305492,0.11117058882442396,10,0.01875,0.023058274605394433,0.0022551040208555265,0.03524489597914447,10,0.14472920863856134,0.11873104904493036,0.059794132749030116,0.22966428452809257,10,0.13373693738156436,0.029810447868920405,0.11241182762792676,0.15506204713520197,10,4.408960824124254,0.7581862586644313,3.8665870479631907,4.951334600285317,10
{},linucb,62,4.1730157575359055,0.544755739657684,3.783320977094995,4.562710537976816,10,0.04218298293192232,0.04509328072198428,0.009925193153779988,0.07444077271006465,10,0.015625,0.020833333333333332,0.0007217311252429165,0.030528268874757084,10,0.1296774853956989,0.08817802372143278,0.06659872717016829,0.1927562436212295,10,0.16526208969584655,0.02436691521222348,0.14783104862115015,0.18269313077054294,10,4.3447029835559645,0.5733536608648339,3.934550482682609,4.75485548442932,10
{},sliding_window_linucb,62,4.380861912647356,0.7341685363296395,3.8556693800245974,4.906054445270115,10,0.053151281143718324,0.07468334662733767,-0.0002739666284686734,0.10657652891590533,10,0.015625,0.02329237476562281,-0.0010373611454568207,0.03228736114545682,10,0.13553703987370036,0.09269225954195488,0.06922899187869933,0.2018450878687014,10,0.2430302916079512,0.04894943312560627,0.20801397657733434,0.27804660663856806,10,4.606356780824876,0.6892305715167316,4.113310931672092,5.09940262997766,10
{},uncertainty_aware,62,3.2590156967437016,0.6944060601392569,2.7622675260629297,3.7557638674244735,10,0.01762264816036974,0.03591549055646533,-0.008069746041156744,0.04331504236189622,10,0.0109375,0.016552342272990316,-0.0009033323552663612,0.02277833235526636,10,0.10449777675210484,0.09124848665211682,0.039222541664528196,0.16977301183968146,10,0.6662069699116799,0.178583101017486,0.538456315306008,0.7939576245173519,10,3.4675966507175198,0.780078020549775,2.909562451507524,4.0256308499275155,10
{},always_ofdm,63,2.1158916238533814,0.64909424768384,1.6515575711354402,2.5802256765713225,10,0.03638265060721619,0.0473453925093328,0.002513797108936351,0.07025150410549602,10,0.0171875,0.015537951968933645,0.006072318754108193,0.02830268124589181,10,0.13719791090379066,0.07637381206794569,0.08256337700433009,0.19183244480325123,10,1.0,0.0,1.0,1.0,10,2.850938831542261,0.9441736667185154,2.1755176786028376,3.5263599844816844,10
{},always_otfs,63,1.1015749152812369,0.3718428973757631,0.8355745307007711,1.3675752998617026,10,0.0,0.0,0.0,0.0,10,0.00625,0.01092509216843908,-0.001565340131252025,0.014065340131252026,10,0.0717881875803744,0.07580575952426084,0.01756001399100303,0.1260163611697458,10,1.0,0.0,1.0,1.0,10,0.9801458587820431,0.4693119734031323,0.6444202975450962,1.3158714200189898,10
{},always_afdm,63,1.5114344794586425,0.41994823486496524,1.2110216094903763,1.8118473494269087,10,0.026313090397812898,0.04262150151625661,-0.004176495055433778,0.056802675851059574,10,0.0140625,0.01368117243392052,0.00427557881737765,0.02384942118262235,10,0.12118805164478144,0.08330013944133208,0.06159872162563283,0.18077738166393004,10,1.0,0.0,1.0,1.0,10,1.754576089634218,0.5152366458340876,1.385997996818535,2.123154182449901,10
{},random,63,4.362640847674785,0.5406406283459532,3.975889840529632,4.7493918548199385,10,0.03038278772198324,0.03864723681433588,0.0027362199694812538,0.05802935547448522,10,0.009375,0.013176156917368247,-5.06548452254129e-05,0.01880065484522541,10,0.13195181546392326,0.06861105289952797,0.0828704249451146,0.18103320598273193,10,1.0,0.0,1.0,1.0,10,4.509757870187639,0.6166011216346778,4.068667999586116,4.950847740789162,10
{},rule,63,1.5114344794586425,0.41994823486496524,1.2110216094903763,1.8118473494269087,10,0.026313090397812898,0.04262150151625661,-0.004176495055433778,0.056802675851059574,10,0.0140625,0.01368117243392052,0.00427557881737765,0.02384942118262235,10,0.12118805164478144,0.08330013944133208,0.06159872162563283,0.18077738166393004,10,1.0,0.0,1.0,1.0,10,1.754576089634218,0.5152366458340876,1.385997996818535,2.123154182449901,10
{},ucb,63,5.383927496230152,0.5410774318310395,4.9968640186953825,5.770990973764921,10,0.04294913804927995,0.03715853689930245,0.01636752206194139,0.06953075403661851,10,0.0078125,0.01327869664998121,-0.0016865073510882941,0.017311507351088294,10,0.12251625109067958,0.09719905131293805,0.05298423847845432,0.19204826370290484,10,0.3173332197002997,0.016463021976422933,0.30555628323602774,0.3291101561645717,10,5.790214204794988,0.42075000236776394,5.489227784906597,6.0912006246833785,10
{},sliding_window_ucb,63,5.436062456747587,0.5191074626836077,5.064715348366784,5.80740956512839,10,0.10546119510067006,0.09167472151301327,0.03988104996177817,0.17104134023956197,10,0.0140625,0.015537951968933646,0.0029473187541081917,0.025177681245891807,10,0.1846456356138099,0.0942816721219466,0.11720059035324704,0.25209068087437275,10,0.48098950123880757,0.023209169384002085,0.46438666163770853,0.4975923408399066,10,5.749124526680471,0.6250951246186299,5.3019584123848915,6.19629064097605,10
{},discounted_ucb,63,5.704516499052604,0.637051761649343,5.248797121884708,6.160235876220499,10,0.0652052437655594,0.06475845953721227,0.01887983251444813,0.11153065501667067,10,0.009375,0.01092509216843908,0.0015596598687479743,0.017190340131252025,10,0.1601046675601669,0.08628089200538418,0.09838303560928116,0.22182629951105262,10,0.4740073337751404,0.025221907193236998,0.45596466828226134,0.4920499992680195,10,5.974000342158086,0.5398051489280569,5.587847000984336,6.360153683331836,10
{},thompson,63,4.2413295378177,0.7470090426185932,3.7069514603447513,4.775707615290649,10,0.06756186792008308,0.09309740481266365,0.0009639964577520116,0.13415973938241416,10,0.0125,0.012325166214790868,0.0036831072307951847,0.021316892769204815,10,0.14811493110537935,0.0984635186817312,0.077678373028491,0.2185514891822677,10,0.1338771614753981,0.03467042875433502,0.10907543083240782,0.15867889211838837,10,4.478567234230942,0.8055563151879117,3.9023069609987497,5.054827507463135,10
{},linucb,63,4.241626089403366,0.5515576318583141,3.8470655284029465,4.636186650403785,10,0.0686103318674591,0.08553775694122931,0.007420306716798643,0.12980035701811957,10,0.0125,0.012325166214790868,0.0036831072307951847,0.021316892769204815,10,0.15513204758733168,0.10171745809658755,0.08236776147835818,0.2278963336963052,10,0.17116995684774167,0.032713212648673086,0.14776833426244826,0.19457157943303507,10,4.421326510144605,0.556044273752266,4.02355639888065,4.81909662140856,10
{},sliding_window_linucb,63,4.4331013893014575,0.7221456307708018,3.9165095252002584,4.949693253402657,10,0.0522394766541011,0.07520538538434461,-0.0015592151481043856,0.10603816845630659,10,0.0109375,0.014823176532039278,0.0003336382991214089,0.02154136170087859,10,0.13259291333726844,0.09989677605309821,0.061131064701714005,0.20405476197282288,10,0.2518060443221765,0.037788307866199224,0.22477391732447738,0.27883817131987565,10,4.660441173163454,0.6760955101190136,4.1767915808921074,5.1440907654348,10
{},uncertainty_aware,63,3.3013245344241122,0.7032364707301515,2.798259468544431,3.8043896003037934,10,0.04230883768041059,0.045662954802193796,0.009643527614827826,0.07497414774599336,10,0.015625,0.01647019614671031,0.0038429314434682317,0.02740706855653177,10,0.1502704210676184,0.06881811225863241,0.10104090920632486,0.19949993292891194,10,0.6862587462195845,0.2339298433272654,0.5189154172786548,0.8536020751605142,10,3.539358550786448,0.7983138136263417,2.968279251062956,4.11043785050994,10
{},always_ofdm,64,2.1446314820003396,0.6654436375102618,1.6686017803613722,2.620661183639307,10,0.028739858146958418,0.04716912995605952,-0.005002904716570243,0.06248262101048708,10,0.025,0.02352414539715878,0.008171840132668647,0.041828159867331356,10,0.14234593370790477,0.08095002629198308,0.08443777335999697,0.20025409405581257,10,1.0,0.0,1.0,1.0,10,2.8906629728337023,0.9665978098508422,2.1992005542436983,3.5821253914237063,10
{},always_otfs,64,1.1383684182170808,0.3913047660359244,0.8584458514871307,1.4182909849470309,10,0.036793502935843894,0.04797717857232307,0.0024726969142967806,0.07111430895739101,10,0.028125,0.02057126839388698,0.013409201089493283,0.04284079891050672,10,0.15942598650328305,0.07321962624264954,0.1070478212167186,0.2118041517898475,10,1.0,0.0,1.0,1.0,10,1.0369500528688633,0.4941853701606713,0.683431135486023,1.3904689702517037,10
{},always_afdm,64,1.5223169632881033,0.41154027516258085,1.2279187853582094,1.8167151412179972,10,0.01088248382946093,0.03441343550104794,-0.013735404914998023,0.035500372573919886,10,0.0171875,0.022642776165920996,0.000989833698960229,0.03338516630103977,10,0.10988475078067453,0.08927379889821044,0.04602212221502544,0.17374737934632362,10,1.0,0.0,1.0,1.0,10,1.7618390479984298,0.5232301815957225,1.3875427241723965,2.136135371824463,10
{},random,64,4.431285260664033,0.5632433613751769,4.028365232352214,4.834205288975853,10,0.06864441298924784,0.07774812680030974,0.013026753554989133,0.12426207242350654,10,0.01875,0.017738944131173332,0.006060323810823821,0.031439676189176174,10,0.1735326540092529,0.07832058490992208,0.11750548271289399,0.22955982530561184,10,1.0,0.0,1.0,1.0,10,4.580668731780428,0.6583277764994461,4.109729410457601,5.051608053103256,10
{},rule,64,1.5223169632881033,0.41154027516258085,1.2279187853582094,1.8167151412179972,10,0.01088248382946093,0.03441343550104794,-0.013735404914998023,0.035500372573919886,10,0.0171875,0.022642776165920996,0.000989833698960229,0.03338516630103977,10,0.10988475078067453,0.08927379889821044,0.04602212221502544,0.17374737934632362,10,1.0,0.0,1.0,1.0,10,1.7618390479984298,0.5232301815957225,1.3875427241723965,2.136135371824463,10
{},ucb,64,5.474604541542222,0.5213396823999008,5.1016605993716855,5.8475484837127585,10,0.09067704531206996,0.09089155333340758,0.02565714493900932,0.1556969456851306,10,0.0265625,0.023350533095270725,0.009858534891788798,0.0432664651082112,10,0.18674427943406174,0.09183402955673402,0.12105017218591473,0.25243838668220875,10,0.306905672230423,0.015140911426299022,0.2960745166786622,0.31773682778218376,10,5.874336691812586,0.41068415768434313,5.580550943433087,6.168122440192086,10
{},sliding_window_ucb,64,5.528195628288781,0.5049462852169322,5.166978816005691,5.8894124405718715,10,0.09213317154119452,0.04695945942682757,0.05854039793873416,0.12572594514365487,10,0.025,0.01976423537605237,0.01086151773216188,0.03913848226783812,10,0.20766257178619987,0.07744516907058532,0.15226163525612207,0.26306350831627767,10,0.47479574447094774,0.02701250284536041,0.45547216401248947,0.494119324929406,10,5.8541653060502075,0.6304364900346874,5.403178209116844,6.305152402983571,10
{},discounted_ucb,64,5.792219484456398,0.6144525360664632,5.352666619379204,6.231772349533592,10,0.08770298540379284,0.08426529894040695,0.027423221871600782,0.1479827489359849,10,0.01875,0.02185018433687816,0.0031193197374959486,0.03438068026250405,10,0.1962323025300857,0.08755711068351284,0.13359771873424933,0.25886688632592203,10,0.46147296261694815,0.01740347919749727,0.44902326358479405,0.47392266164910224,10,6.067610852271708,0.5404434682797865,5.681000884941472,6.454220819601943,10
{},thompson,64,4.2859932765750255,0.7512852222978186,3.7485562044372958,4.823430348712755,10,0.044663738757325294,0.07189168804502437,-0.006764476768842273,0.09609195428349286,10,0.0171875,0.018706546870904138,0.003805642508704153,0.03056935749129585,10,0.1444370023379112,0.09289597564255452,0.07798322462348521,0.2108907800523372,10,0.139378516535559,0.03720323137242927,0.11276492804820964,0.16599210502290834,10,4.520382444152391,0.8221330944002376,3.932263857431617,5.108501030873165,10
{},linucb,64,4.285745435504884,0.5687067997870482,3.878917098794691,4.692573772215077,10,0.04411934610151815,0.058382909666381405,0.002354728479978807,0.0858839637230575,10,0.0203125,0.020898336091394666,0.005362730953355453,0.03526226904664455,10,0.16779358451679535,0.0859466675461697,0.10631104234095892,0.22927612669263178,10,0.16445122185115274,0.038462677098208393,0.1369366801661498,0.1919657635361557,10,4.486498302244938,0.5905157096192623,4.064068811274193,4.908927793215682,10
{},sliding_window_linucb,64,4.490512272202444,0.705328335197093,3.985950776629945,4.995073767774944,10,0.0574108829009873,0.0793581797107601,0.0006414609982312997,0.1141803048037433,10,0.0203125,0.020898336091394666,0.005362730953355453,0.03526226904664455,10,0.15441278907366315,0.10454596373605443,0.07962511192187006,0.22920046622545626,10,0.2253937331989953,0.03229225034137797,0.20229324890738626,0.24849421749060435,10,4.712232169820654,0.6747735580240473,4.229528245109828,5.19493609453148,10
{},uncertainty_aware,64,3.3537136258449416,0.710117749203138,2.8457259898875806,3.8617012618023026,10,0.0523890914208295,0.04164168210424047,0.02260042655059001,0.08217775629106899,10,0.021875,0.023524145397158785,0.00504684013266864,0.03870315986733136,10,0.1770009821581567,0.0746684206536886,0.12358641178429816,0.23041555253201526,10,0.795713270388981,0.27231513235139965,0.6009107598562784,0.9905157809216836,10,3.613737740528142,0.821171009823806,3.0263073876532633,4.20116809340302,10
{},always_ofdm,65,2.1738871286682886,0.6581090646531654,1.7031042643751197,2.6446699929614574,10,0.029255646667948897,0.048122421046943024,-0.005169059560860435,0.06368035289675823,10,0.01875,0.02185018433687816,0.0031193197374959486,0.03438068026250405,10,0.12561753382713714,0.087051719065751,0.06334448541529532,0.18789058223897898,10,1.0,0.0,1.0,1.0,10,2.922485470401824,0.9634701612515559,2.233260436836824,3.6117105039668242,10
{},always_otfs,65,1.1548747511767123,0.38520710115361356,0.8793141911307258,1.4304353112226988,10,0.01650633295963163,0.03479923593934093,-0.008387540792693542,0.0414002067119568,10,0.0109375,0.012863634411696322,0.0017354102874837796,0.02013958971251622,10,0.10318518910673233,0.08394226409912604,0.043136510779125406,0.16323386743433926,10,1.0,0.0,1.0,1.0,10,1.0463402057165803,0.48182658461169514,0.7016622309258289,1.3910181805073316,10
{},always_afdm,65,1.5506868877845341,0.41057649827688875,1.256978154305652,1.8443956212634163,10,0.02836992449643057,0.04583506964835907,-0.004418509112979637,0.06115835810584078,10,0.0140625,0.013681172433920518,0.004275578817377652,0.02384942118262235,10,0.12276672480342925,0.08467294853561054,0.062195346318084946,0.18333810328877354,10,1.0,0.0,1.0,1.0,10,1.7908107365428436,0.5437648207393002,1.4018248167934735,2.179796656292214,10
{},random,65,4.491317457734615,0.5425666482409326,4.103188658956517,4.879446256512713,10,0.06003219707058231,0.09486510339786637,-0.007830209782379333,0.12789460392354396,10,0.009375,0.01092509216843908,0.0015596598687479743,0.017190340131252025,10,0.14715174831429448,0.09160410682460084,0.08162211788042263,0.21268137874816634,10,1.0,0.0,1.0,1.0,10,4.634025443835707,0.6428791750379586,4.174137386256216,5.093913501415198,10
{},rule,65,1.5506868877845341,0.41057649827688875,1.256978154305652,1.8443956212634163,10,0.02836992449643057,0.04583506964835907,-0.004418509112979637,0.06115835810584078,10,0.0140625,0.013681172433920518,0.004275578817377652,0.02384942118262235,10,0.12276672480342925,0.08467294853561054,0.062195346318084946,0.18333810328877354,10,1.0,0.0,1.0,1.0,10,1.7908107365428436,0.5437648207393002,1.4018248167934735,2.179796656292214,10
{},ucb,65,5.548388483972207,0.5222119266315965,5.174820575866819,5.921956392077596,10,0.07378394242998554,0.06372954358794704,0.028194573308862693,0.11937331155110839,10,0.0078125,0.011048543456039806,-9.115186239035643e-05,0.015716151862390358,10,0.15333271221205197,0.09134272372135034,0.08799006398619905,0.2186753604379049,10,0.31385662839026296,0.020308982431611673,0.29932845755421367,0.32838479922631225,10,5.933874367765624,0.3962106412296459,5.650442349335928,6.217306386195319,10
{},sliding_window_ucb,65,5.607707709474052,0.5201550306544445,5.235611216110819,5.979804202837286,10,0.07951208118527084,0.07343872501232315,0.02697718208072683,0.13204698028981485,10,0.01875,0.017738944131173332,0.006060323810823821,0.031439676189176174,10,0.18233163189310697,0.07779892222343604,0.12667763560212225,0.2379856281840917,10,0.46401503641817465,0.016321982216266295,0.4523389937203497,0.4756910791159996,10,5.942701901684299,0.6315933216973942,5.490887257231953,6.3945165461366456,10
{},discounted_ucb,65,5.902079222486529,0.6136426451606289,5.463105718461921,6.341052726511138,10,0.1098597380301303,0.08138534710212754,0.051640167934365225,0.1680793081258954,10,0.0171875,0.020104436526686233,0.0028056524896307687,0.03156934751036923,10,0.19604083005779233,0.08604308284072329,0.13448931653515409,0.2575923435804306,10,0.47654851102421175,0.023991145353000023,0.45938627951337313,0.4937107425350504,10,6.169856646070485,0.5340038933901784,5.78785327310916,6.55186001903181,10
{},thompson,65,4.3423271898524485,0.742478265818729,3.8111902348527744,4.8734641448521225,10,0.05633391327742121,0.07082987026689129,0.005665276431742333,0.10700255012310009,10,0.009375,0.010925092168439078,0.0015596598687479778,0.01719034013125202,10,0.13854340382294797,0.11074000017993123,0.05932477992508414,0.2177620277208118,10,0.1230742311778797,0.020218853888413883,0.10861053441763363,0.13753792793812578,10,4.5651308117163225,0.8028401652990269,3.990813555064843,5.139448068367802,10
{},linucb,65,4.363713821404797,0.5472853429425985,3.9722094717846126,4.755218171024982,10,0.07796838589991326,0.05316002496369293,0.03993999491962297,0.11599677688020354,10,0.015625,0.01647019614671031,0.0038429314434682317,0.02740706855653177,10,0.1779664418875342,0.07889659006565272,0.12152722132513846,0.2344056624499299,10,0.15608733872214264,0.02395482846218626,0.13895108674995166,0.17322359069433363,10,4.570669707873456,0.5766351702154104,4.1581697566241,4.9831696591228125,10
{},sliding_window_linucb,65,4.56620793852207,0.7092515733802085,4.058839927421442,5.073575949622699,10,0.07569566631962606,0.06384578921863772,0.03002314008379766,0.12136819255545445,10,0.0140625,0.01719538960335331,0.0017616592960811063,0.026363340703918894,10,0.1569451889635458,0.08681896256866493,0.09483864451930815,0.21905173340778347,10,0.23988295802596532,0.054386601146171776,0.20097712730281797,0.27878878874911267,10,4.775382322525184,0.6585444584983259,4.304287996238055,5.246476648812313,10
{},uncertainty_aware,65,3.416427913251991,0.7105927215203484,2.9081005025673603,3.9247553239366217,10,0.06271428740704905,0.07389620669875704,0.009852125618751366,0.11557644919534674,10,0.0140625,0.020104436526686233,-0.0003193475103692323,0.028444347510369235,10,0.14273383988271546,0.10126001340665422,0.07029678999179347,0.21517088977363746,10,0.7499028522801383,0.2929999682692846,0.540303301524341,0.9595024030359356,10,3.6626765441518416,0.8490074001653461,3.0553332372083553,4.270019851095328,10
{},always_ofdm,66,2.208000481827976,0.6553727104576322,1.7391750874058118,2.67682587625014,10,0.03411335315968709,0.044477209427206024,0.002296274236845558,0.06593043208252862,10,0.0265625,0.03458741190809165,0.0018201560312832883,0.05130484396871671,10,0.1289826254859923,0.09122023076800036,0.06372760344025317,0.1942376475317314,10,1.0,0.0,1.0,1.0,10,2.9799663622075903,0.9653356999396813,2.289406802658651,3.6705259217565294,10
{},always_otfs,66,1.1635041766680625,0.3899316744336387,0.884563860498362,1.442444492837763,10,0.00862942549135011,0.02728863945138399,-0.010891691195223291,0.02815054217792351,10,0.0078125,0.01327869664998121,-0.0016865073510882941,0.017311507351088294,10,0.07308433335431139,0.07768368964268615,0.017512769485760964,0.1286558972228618,10,1.0,0.0,1.0,1.0,10,1.0479228053906655,0.4996321944972307,0.6905074646029621,1.405338146178369,10
{},always_afdm,66,1.5923172069084166,0.42684863217572355,1.286968090069836,1.8976663237469973,10,0.04163031912388274,0.043887813839729374,0.01023486840490169,0.0730257698428638,10,0.015625,0.01473139127471974,0.005086797516812859,0.02616320248318714,10,0.13572640318862744,0.07782208443965936,0.08005583764630939,0.1913969687309455,10,1.0,0.0,1.0,1.0,10,1.855035406051245,0.587410932582032,1.4348269387756374,2.2752438733268527,10
{},random,66,4.576067835214099,0.5363522238924628,4.1923845678104215,4.959751102617776,10,0.08475037747948273,0.07609845639647908,0.030312821161208856,0.13918793379775662,10,0.01875,0.023058274605394433,0.0022551040208555265,0.03524489597914447,10,0.17409023941826623,0.07915986434998129,0.11746268377840692,0.23071779505812556,10,1.0,0.0,1.0,1.0,10,4.736613949573748,0.6572390136330607,4.266453482286373,5.206774416861123,10
{},rule,66,1.5923172069084166,0.42684863217572355,1.286968090069836,1.8976663237469973,10,0.04163031912388274,0.043887813839729374,0.01023486840490169,0.0730257698428638,10,0.015625,0.01473139127471974,0.005086797516812859,0.02616320248318714,10,0.13572640318862744,0.07782208443965936,0.08005583764630939,0.1913969687309455,10,1.0,0.0,1.0,1.0,10,1.855035406051245,0.587410932582032,1.4348269387756374,2.2752438733268527,10
{},ucb,66,5.643231218038872,0.5446195441832534,5.25363386597116,6.0328285701065845,10,0.0948427340666656,0.08426124355575933,0.034565871581887654,0.15511959655144356,10,0.015625,0.01473139127471974,0.005086797516812859,0.02616320248318714,10,0.19395569512274108,0.0870250316997678,0.13170173770245797,0.2562096525430242,10,0.31615310867278223,0.017652920214195067,0.3035249702866966,0.32878124705886785,10,6.056328329208139,0.4450663163911572,5.737947066154933,6.374709592261344,10
{},sliding_window_ucb,66,5.696751734668114,0.5275072507942822,5.319395779853501,6.074107689482727,10,0.08904402519406138,0.08557662116614902,0.027826198251708727,0.15026185213641402,10,0.0125,0.012325166214790868,0.0036831072307951847,0.021316892769204815,10,0.16913893167787655,0.09958785969980184,0.09789806848902541,0.2403797948667277,10,0.4596296933809293,0.029393938667746894,0.43860253636075885,0.48065685040109973,10,6.040339099681949,0.6394937838344814,5.582872805079338,6.49780539428456,10
{},discounted_ucb,66,6.018829834427318,0.6653351979249522,5.542877705794584,6.494781963060051,10,0.11675061194078984,0.09058521258008154,0.05194985454120665,0.18155136934037303,10,0.021875,0.028716768233521293,0.001332261526483955,0.04241773847351604,10,0.19738102449410708,0.08992397156600897,0.13305329042046343,0.2617087585677507,10,0.4725747037287073,0.020459250434917968,0.4579390376387438,0.48721036981867083,10,6.295735936884366,0.5975480410815882,5.868275819036848,6.7231960547318845,10
{},thompson,66,4.413309632647446,0.7267228892868701,3.893443395056284,4.933175870238609,10,0.07098244279499857,0.07173424975067368,0.019666851839961808,0.12229803375003534,10,0.009375,0.013176156917368247,-5.06548452254129e-05,0.01880065484522541,10,0.15284045324928197,0.09172903484705858,0.08722145469179353,0.2184594518067704,10,0.15931965329841113,0.037191166091783676,0.1327146957928943,0.18592461080392797,10,4.646469531285378,0.7944876010288885,4.078127339167254,5.2148117234035025,10
{},linucb,66,4.453677917757551,0.6157104377264483,4.0132252040408325,4.894130631474269,10,0.08996409635275368,0.0980992748246047,0.0197881026345246,0.16014009007098276,10,0.0125,0.012325166214790868,0.0036831072307951847,0.021316892769204815,10,0.16127571373593602,0.09559767172738177,0.09288925906934718,0.22966216840252485,10,0.1519063432287187,0.02401857770443611,0.13472448779583276,0.16908819866160466,10,4.660443687929166,0.627532159787197,4.211534223695616,5.109353152162716,10
{},sliding_window_linucb,66,4.635263990741459,0.6972955202144479,4.136448824841321,5.134079156641596,10,0.06905605221938782,0.08952834092653783,0.005011335255910437,0.1331007691828652,10,0.015625,0.01647019614671031,0.0038429314434682317,0.02740706855653177,10,0.15619824121994638,0.10380824198182988,0.08193829841973566,0.2304581840201571,10,0.2821569305933231,0.04582034997797436,0.24937902680177645,0.31493483438486974,10,4.860078830064905,0.6449243982971968,4.398727707902631,5.32142995222718,10
{},uncertainty_aware,66,3.4998239654941123,0.7248859101755271,2.9812718235964057,4.018376107391819,10,0.08339605224212165,0.06652976706031073,0.03580352392173279,0.1309885805625105,10,0.0140625,0.015537951968933645,0.0029473187541081917,0.025177681245891807,10,0.170664592874103,0.07027566761532099,0.12039240872254198,0.220936777025664,10,0.6851640398107152,0.2922109011409033,0.47612895367449387,0.8941991259469364,10,3.7618394033457188,0.8742552354453295,3.13643488307344,4.387243923617998,10
{},always_ofdm,67,2.23619493632879,0.6405684706883311,1.7779598570635027,2.694430015594077,10,0.02819445450081397,0.045425910511774616,-0.004301284294592329,0.060690193296220274,10,0.0265625,0.020898336091394666,0.011612730953355452,0.04151226904664455,10,0.14217562998776764,0.08337971054277707,0.08252937823168327,0.20182188174385202,10,1.0,0.0,1.0,1.0,10,3.0176857658005827,0.944128896842418,2.342296639301206,3.6930748922999594,10
{},always_otfs,67,1.1718688070526964,0.3937061947427014,0.8902283617131146,1.4535092523922781,10,0.00836463038463381,0.026451283800893136,-0.0105574781545926,0.027286738923860222,10,0.0140625,0.020104436526686233,-0.0003193475103692323,0.028444347510369235,10,0.1059312004379852,0.0870086216062405,0.04368898209143478,0.16817341878453562,10,1.0,0.0,1.0,1.0,10,1.0493977794338751,0.49516447108882,0.695178455440424,1.4036171034273264,10
{},always_afdm,67,1.6219066964854736,0.43389831460445666,1.311514540636474,1.932298852334473,10,0.029589489577056823,0.04771195415135456,-0.004541586323313716,0.06372056547742735,10,0.028125,0.02927806108865666,0.007180736806280962,0.04906926319371904,10,0.14440185837703354,0.0837725969221599,0.08447455263618889,0.2043291641178782,10,1.0,0.0,1.0,1.0,10,1.8949810380335026,0.5958694272321374,1.4687217281956766,2.3212403478713286,10
{},random,67,4.630040757720021,0.5398861561227127,4.24382946749014,5.016252047949902,10,0.05397292250592358,0.0397281759984035,0.02555309744314542,0.08239274756870174,10,0.021875,0.023524145397158785,0.00504684013266864,0.03870315986733136,10,0.1685864424346328,0.10015883024897664,0.09693713152031351,0.24023575334895209,10,1.0,0.0,1.0,1.0,10,4.8007441656136045,0.642596336834846,4.341058438295988,5.260429892931221,10
{},rule,67,1.6219066964854736,0.43389831460445666,1.311514540636474,1.932298852334473,10,0.029589489577056823,0.04771195415135456,-0.004541586323313716,0.06372056547742735,10,0.028125,0.02927806108865666,0.007180736806280962,0.04906926319371904,10,0.14440185837703354,0.0837725969221599,0.08447455263618889,0.2043291641178782,10,1.0,0.0,1.0,1.0,10,1.8949810380335026,0.5958694272321374,1.4687217281956766,2.3212403478713286,10
{},ucb,67,5.7318849992693135,0.5279741476483595,5.354195046565752,6.109574951972875,10,0.08865378123044125,0.07296712360244056,0.03645624545133059,0.14085131700955192,10,0.021875,0.02109214242845478,0.006786590251715194,0.036963409748284805,10,0.2043934726611442,0.09416661879209878,0.13703073159464493,0.27175621372764347,10,0.30746385679902477,0.01718670393168295,0.2951692294503184,0.3197584841477311,10,6.1562655754745075,0.3964979072483459,5.872628059314479,6.439903091634536,10
{},sliding_window_ucb,67,5.773724632329317,0.5500068138294654,5.380273459715766,6.167175804942869,10,0.07697289766120327,0.0938349177524892,0.009847441224112241,0.1440983540982943,10,0.0234375,0.023581732130566187,0.006568145065232348,0.040306854934767655,10,0.16968801187451077,0.10377131051701413,0.09545448825270425,0.2439215354963173,10,0.475327433111009,0.029631138221317768,0.4541305937520943,0.4965242724699237,10,6.105570885161685,0.6537035223848149,5.637939555954803,6.573202214368566,10
{},discounted_ucb,67,6.098916882386621,0.7199808650298252,5.5838735984080765,6.613960166365165,10,0.08008704795930248,0.06910347149759073,0.030653402395732526,0.12952069352287243,10,0.0203125,0.022158382693940257,0.00446134791435732,0.03616365208564268,10,0.19507362016712188,0.08740093840291661,0.13255075529073396,0.2575964850435098,10,0.46813254415048444,0.025852687208234026,0.44963864581771784,0.48662644248325104,10,6.3863533306567115,0.6279232630496216,5.937164088003431,6.835542573309992,10
{},thompson,67,4.463073858258282,0.7424367492326522,3.9319666024351707,4.9941811140813925,10,0.04976422561083535,0.051350353003456556,0.013030395964873605,0.0864980552567971,10,0.0171875,0.020104436526686233,0.0028056524896307687,0.03156934751036923,10,0.1582330747017872,0.11761068474089986,0.07409945915436701,0.24236669024920743,10,0.13526722722986503,0.02789167169567039,0.11531472726280771,0.15521972719692237,10,4.70024637959239,0.7990026527833198,4.128674314020839,5.271818445163942,10
{},linucb,67,4.543382413638084,0.6007713329613912,4.113616491684333,4.973148335591835,10,0.08970449588053345,0.08451033855712546,0.029249441566281065,0.15015955019478583,10,0.0203125,0.022158382693940257,0.00446134791435732,0.03616365208564268,10,0.18118289193030238,0.10799319165441826,0.1039292164805919,0.25843656738001286,10,0.14503422415284742,0.027736235605295534,0.12519291646647956,0.16487553183921527,10,4.737170353464694,0.5909688073080772,4.314416735933168,5.1599239709962195,10
{},sliding_window_linucb,67,4.714823261476491,0.6734434265361393,4.2330708555114125,5.19657566744157,10,0.07955927073503216,0.0756552597231741,0.025438758217718058,0.13367978325234625,10,0.025,0.03054766312211496,0.0031475182237897283,0.04685248177621028,10,0.19156642367436968,0.08903083384133306,0.1278776018400717,0.2552552455086677,10,0.24857471275035298,0.0512733731189574,0.21189595119638988,0.2852534743043161,10,4.947189027344498,0.6064989592954515,4.513325808337756,5.38105224635124,10
{},uncertainty_aware,67,3.5665916407929714,0.7432300209252164,3.0349169125862594,4.098266368999683,10,0.06676767529885899,0.05416534206559432,0.028020123787015357,0.10551522681070263,10,0.0296875,0.0289519627285152,0.008976513520239628,0.05039848647976037,10,0.18136782437966437,0.09757761942523989,0.11156500045391701,0.2511706483054117,10,0.66847965089756,0.1779941661535505,0.5411502949139816,0.7958090068811384,10,3.838751001330607,0.8945708196129312,3.198813587624847,4.478688415036367,10
{},always_ofdm,68,2.23619493632879,0.6405684706883311,1.7779598570635027,2.694430015594077,10,0.0,0.0,0.0,0.0,10,0.028125,0.0428225099814468,-0.0025083782469825892,0.05875837824698259,10,0.1030701703268537,0.10106312595963823,0.030773965230857,0.17536637542285038,10,1.0,0.0,1.0,1.0,10,3.0229192675639327,0.926340529992907,2.3602551721366076,3.6855833629912578,10
{},always_otfs,68,1.180829423825749,0.3935770934233351,0.8992813320065483,1.4623775156449499,10,0.00896061677305264,0.028335958242754436,-0.011309706643698972,0.029230940189804253,10,0.015625,0.024429248749080364,-0.0018506318007616568,0.03310063180076166,10,0.10687212819458317,0.08828251048181715,0.043718624643427254,0.1700256317457391,10,1.0,0.0,1.0,1.0,10,1.058433239064955,0.4997287555056379,0.7009488226930382,1.4159176554368718,10
{},always_afdm,68,1.6298896803348981,0.4329589521804702,1.3201695038831234,1.9396098567866729,10,0.00798298384942445,0.025244411488519917,-0.010075780246499664,0.026041747945348564,10,0.01875,0.026352313834736494,-0.0001013096904508258,0.03760130969045082,10,0.1114567022639916,0.08993067764496178,0.047124170950456956,0.17578923357752624,10,1.0,0.0,1.0,1.0,10,1.908601071733991,0.6070667634637773,1.4743316700941878,2.342870473373794,10
{},random,68,4.659135255796022,0.5563436679186206,4.261150970847553,5.05711954074449,10,0.029094498076001167,0.034473088287593226,0.004433936298725592,0.05375505985327674,10,0.0171875,0.027013130166437374,-0.0021365292169229326,0.03651152921692294,10,0.13919122967746195,0.10354191128822621,0.06512180837819727,0.21326065097672664,10,1.0,0.0,1.0,1.0,10,4.842098726727563,0.656517975860203,4.37245405879048,5.311743394664645,10
{},rule,68,1.6298896803348981,0.4329589521804702,1.3201695038831234,1.9396098567866729,10,0.00798298384942445,0.025244411488519917,-0.010075780246499664,0.026041747945348564,10,0.01875,0.026352313834736494,-0.0001013096904508258,0.03760130969045082,10,0.1114567022639916,0.08993067764496178,0.047124170950456956,0.17578923357752624,10,1.0,0.0,1.0,1.0,10,1.908601071733991,0.6070667634637773,1.4743316700941878,2.342870473373794,10
{},ucb,68,5.773047333097159,0.5339978304370507,5.391048297311224,6.155046368883093,10,0.04116233382784472,0.04241713885233425,0.010818940617561081,0.07150572703812835,10,0.01875,0.03193689524324144,-0.004096278568078933,0.04159627856807893,10,0.15276849083281513,0.10860886037194535,0.07507439251422067,0.2304625891514096,10,0.3159127463304288,0.02186778093575275,0.3002694782193979,0.3315560144414597,10,6.211197397743819,0.3907495818268307,5.931671985871939,6.490722809615698,10
{},sliding_window_ucb,68,5.825697644807193,0.5601268766754909,5.425007015347702,6.226388274266685,10,0.05197301247787685,0.03981661095728167,0.02348992485653439,0.0804561000992193,10,0.021875,0.03310468454598064,-0.001806664710532726,0.04555666471053273,10,0.15586635235649976,0.09554249872876604,0.08751936607549478,0.22421333863750476,10,0.47148551827658736,0.02572900677823997,0.45308009559355256,0.48989094095962216,10,6.1636005689546804,0.6669558461244696,5.686489098440244,6.640712039469117,10
{},discounted_ucb,68,6.188766618247376,0.7250010092044757,5.670132139464439,6.7074010970303135,10,0.08984973586075556,0.05031183617413383,0.053858816400634946,0.12584065532087618,10,0.0234375,0.038450060052691144,-0.004068015994359006,0.050943015994359006,10,0.18443803458543584,0.09553223493890503,0.11609839057738953,0.25277767859348216,10,0.46583324191232,0.01868912911672196,0.4524638443317652,0.47920263949287484,10,6.472954696678644,0.6334241431128541,6.019830361483117,6.926079031874171,10
{},thompson,68,4.502477226105228,0.7401138202791927,3.973031693551094,5.031922758659361,10,0.03940336784694594,0.04623518532861636,0.006328708722469448,0.07247802697142243,10,0.0171875,0.027013130166437374,-0.0021365292169229326,0.03651152921692294,10,0.14487702973803548,0.11309795280873343,0.06397162814316465,0.22578243133290632,10,0.16049898590258166,0.03846017709431299,0.1329862326126303,0.18801173919253303,10,4.747286740766922,0.789333129529344,4.182631835432717,5.311941646101127,10
{},linucb,68,4.607804173094314,0.6472520784321913,4.144787928872539,5.070820417316089,10,0.06442175945622877,0.0679583685700503,0.015807271179942337,0.11303624773251521,10,0.0203125,0.031293372678749584,-0.0020734302574103546,0.04269843025741035,10,0.1619065671637568,0.11738719670930488,0.0779328253231438,0.24588030900436977,10,0.14363990964390078,0.03411953116670257,0.1192322673947157,0.16804755189308587,10,4.801240252064947,0.6215522360764496,4.356608567555163,5.24587193657473,10
{},sliding_window_linucb,68,4.737807962391706,0.6688529655384423,4.259339374403,5.216276550380412,10,0.022984700915215782,0.03317409747957765,-0.0007466188167304724,0.046716020647162036,10,0.0203125,0.03214854033752284,-0.0026851803478916796,0.04331018034789168,10,0.14045989358559557,0.09540458936914661,0.07221156171739478,0.20870822545379636,10,0.26627992090536884,0.046797090403950255,0.23280329910474235,0.29975654270599533,10,4.98981225236659,0.6055883812936081,4.556600421621908,5.423024083111273,10
{},uncertainty_aware,68,3.596360197754308,0.7564231476236728,3.055247675252276,4.13747272025634,10,0.029768556961336817,0.038881393373010505,0.0019544836975044777,0.05758263022516916,10,0.0234375,0.03146626555623586,0.0009278896286836411,0.04594711037131636,10,0.13491556418935974,0.07688910077598964,0.07991241495402213,0.18991871342469735,10,0.5942758778049528,0.1657943487948935,0.4756737454206862,0.7128780101892195,10,3.8758298969564633,0.9009799283811144,3.231307683032153,4.520352110880774,10
{},always_ofdm,69,2.271678928824385,0.6349080830811761,1.817493046924447,2.725864810724323,10,0.035483992495595015,0.058300061957280214,-0.006221359445093486,0.07718934443628352,10,0.025,0.03623443152276268,-0.000920550824369884,0.05092055082436989,10,0.1014656866389045,0.09774958804358011,0.0315398437744142,0.1713915295033948,10,1.0,0.0,1.0,1.0,10,3.0662692227699924,0.9206770491402447,2.407656537482552,3.7248819080574327,10
{},always_otfs,69,1.2047640853790238,0.3764237550255765,0.9354867526434145,1.474041418114633,10,0.02393466155327495,0.038758823473472155,-0.003791730486456337,0.05166105359300624,10,0.0109375,0.016552342272990316,-0.0009033323552663612,0.02277833235526636,10,0.08851111150426025,0.0842564011787704,0.02823771304730273,0.14878450996121778,10,1.0,0.0,1.0,1.0,10,1.0888286191363703,0.49488583045971035,0.7348086226412417,1.4428486156314988,10
{},always_afdm,69,1.6520370318746003,0.4425939661985336,1.3354243816057094,1.9686496821434911,10,0.02214735153970219,0.048645039391490466,-0.012651213331075349,0.056945916410479726,10,0.0140625,0.027013130166437374,-0.005261529216922934,0.033386529216922936,10,0.07949000886212587,0.08582537542644599,0.01809423384177577,0.14088578388247597,10,1.0,0.0,1.0,1.0,10,1.929975349163272,0.6104733276579016,1.4932690383015095,2.366681660025035,10
{},random,69,4.754556465170447,0.5605888632691591,4.3535353504107,5.155577579930194,10,0.09542120937442473,0.08455213091951176,0.03493625860512174,0.1559061601437277,10,0.01875,0.026352313834736494,-0.0001013096904508258,0.03760130969045082,10,0.16719617604834136,0.10754445737504853,0.09026350576433173,0.244128846332351,10,1.0,0.0,1.0,1.0,10,4.9511791713430595,0.6560402182601907,4.481876270604534,5.420482072081585,10
{},rule,69,1.6520370318746003,0.4425939661985336,1.3354243816057094,1.9686496821434911,10,0.02214735153970219,0.048645039391490466,-0.012651213331075349,0.056945916410479726,10,0.0140625,0.027013130166437374,-0.005261529216922934,0.033386529216922936,10,0.07949000886212587,0.08582537542644599,0.01809423384177577,0.14088578388247597,10,1.0,0.0,1.0,1.0,10,1.929975349163272,0.6104733276579016,1.4932690383015095,2.366681660025035,10
{},ucb,69,5.844753837133266,0.5610931084263744,5.443372007117994,6.246135667148537,10,0.07170650403610733,0.08166801370175925,0.01328472643620348,0.13012828163601117,10,0.0140625,0.027013130166437374,-0.005261529216922934,0.033386529216922936,10,0.13670707896484116,0.08717525776728831,0.0743456562896978,0.19906850163998452,10,0.30011919673893245,0.012900278037318306,0.2908908937557671,0.3093474997220978,10,6.289788745275815,0.40394072640471557,6.000826957032255,6.578750533519375,10
{},sliding_window_ucb,69,5.881736100159916,0.5531049554113123,5.48606865057006,6.2774035497497715,10,0.05603845535272252,0.04540858714133065,0.023555108949998307,0.08852180175544673,10,0.00625,0.015095184110614,-0.004548444200693183,0.017048444200693184,10,0.12173910350239714,0.07614814920229158,0.06726599909230735,0.17621220791248693,10,0.4698787127936409,0.0357518307432918,0.44430339376970085,0.49545403181758096,10,6.227223941024233,0.6722657963334507,5.746313960957348,6.708133921091118,10
{},discounted_ucb,69,6.297991056310233,0.6949099379746696,5.800882433140123,6.795099679480342,10,0.1092244380628569,0.0999172515806921,0.03774794211723441,0.18070093400847936,10,0.01875,0.027362344867841035,-0.0008238423652446973,0.03832384236524469,10,0.16711148124818961,0.09168273865798403,0.10152560098927658,0.23269736150710263,10,0.47388534707941404,0.018272722821328476,0.460813828617966,0.4869568655408621,10,6.581950446493989,0.6208113483432068,6.137848761140743,7.026052131847235,10
{},thompson,69,4.562153791662847,0.7501446370877684,4.025532645031994,5.098774938293699,10,0.05967656555761871,0.06702802057343206,0.011727608145685554,0.10762552296955186,10,0.009375,0.015095184110613998,-0.001423444200693182,0.020173444200693183,10,0.12439961192867854,0.07370360443737749,0.0716752294981677,0.1771239943591894,10,0.15703484368843895,0.05687125434653616,0.11635159913942492,0.197718088237453,10,4.813570621262757,0.8152552097742566,4.23037217680777,5.396769065717744,10
{},linucb,69,4.672928880420866,0.6560393377547541,4.203626609557985,5.142231151283746,10,0.06512470732655255,0.07094658359399703,0.014372578796307718,0.1158768358567974,10,0.0171875,0.025989531145572186,-0.0014042905883841147,0.03577929058838412,10,0.13678166309437154,0.11208056440567847,0.05660405731969852,0.21695926886904454,10,0.14707526703533896,0.028498713727891263,0.12668851535830725,0.16746201871237068,10,4.879906183726473,0.6194954157921084,4.43674585981147,5.323066507641476,10
{},sliding_window_linucb,69,4.8185841904642395,0.6561066469657024,4.3492337694924705,5.287934611436008,10,0.0807762280725322,0.06366038859244466,0.03523632945502556,0.12631612669003883,10,0.009375,0.015095184110613998,-0.001423444200693182,0.020173444200693183,10,0.14559063911125178,0.08423061775927339,0.08533568500149144,0.20584559322101212,10,0.2677329010752969,0.09167307644828042,0.20215393274482246,0.33331186940577134,10,5.077287160044998,0.6109929877293159,4.6402091067623825,5.514365213327613,10
{},uncertainty_aware,69,3.646921212913855,0.752099041189578,3.108901969811681,4.184940456016029,10,0.05056101515954649,0.047563326404168854,0.01653626114454674,0.08458576917454624,10,0.015625,0.027559909490256152,-0.004090171582268331,0.035340171582268334,10,0.10814120438774913,0.09055252082513848,0.04336383326083333,0.17291857551466494,10,0.704499217977876,0.20686067201082595,0.5565200076775427,0.8524784282782092,10,3.9258553699113676,0.9164680383537618,3.270253629557417,4.581457110265318,10
{},always_ofdm,70,2.2917164141332766,0.6607725608727922,1.819028199425324,2.764404628841229,10,0.020037485308891777,0.04299917718291131,-0.010722273040720084,0.05079724365850364,10,0.0140625,0.0214112549907234,-0.0012541891234912946,0.029379189123491294,10,0.09242852415628885,0.08721985434953146,0.030035199008054368,0.15482184930452333,10,1.0,0.0,1.0,1.0,10,3.0832969145790843,0.9710061080202659,2.3886809894499272,3.7779128397082413,10
{},always_otfs,70,1.2247743758608638,0.3728607775238662,0.9580458436869841,1.4915029080347435,10,0.02001029048184002,0.04225867879953024,-0.010219747235346993,0.05024032819902703,10,0.01875,0.025301995419773165,0.0006500428411799174,0.036849957158820085,10,0.09506662861397643,0.09187675017107044,0.029341960879335785,0.16079129634861705,10,1.0,0.0,1.0,1.0,10,1.1084944154031497,0.5051914566138521,0.7471022180681217,1.4698866127381778,10
{},always_afdm,70,1.705176494833714,0.4345529601826081,1.3943160337494092,2.0160369559180187,10,0.05313946295911359,0.05818350356456089,0.011517491869607759,0.09476143404861942,10,0.0296875,0.03163821364268216,0.0070548853775728,0.052320114622427194,10,0.14652785826875275,0.08673489689040224,0.08448145078801692,0.2085742657494886,10,1.0,0.0,1.0,1.0,10,2.0011023750848276,0.5917598800452363,1.577782858207636,2.424421891962019,10
{},random,70,4.8500111371710535,0.609017711335475,4.414346111498008,5.285676162844099,10,0.09545467200060571,0.08679833423030284,0.03336288418067446,0.15754645982053697,10,0.021875,0.026760901205552357,0.002731404512136427,0.041018595487863574,10,0.1691950976385069,0.08153449564049024,0.110868833105806,0.2275213621712078,10,1.0,0.0,1.0,1.0,10,5.04497343663437,0.7010575729926445,4.543467060298657,5.546479812970083,10
{},rule,70,1.705176494833714,0.4345529601826081,1.3943160337494092,2.0160369559180187,10,0.05313946295911359,0.05818350356456089,0.011517491869607759,0.09476143404861942,10,0.0296875,0.03163821364268216,0.0070548853775728,0.052320114622427194,10,0.14652785826875275,0.08673489689040224,0.08448145078801692,0.2085742657494886,10,1.0,0.0,1.0,1.0,10,2.0011023750848276,0.5917598800452363,1.577782858207636,2.424421891962019,10
{},ucb,70,5.939532483491349,0.6011389341748793,5.509503595470879,6.369561371511819,10,0.0947786463580828,0.07713483156105216,0.03959971190863676,0.14995758080752883,10,0.01875,0.023058274605394433,0.0022551040208555265,0.03524489597914447,10,0.18099108462607252,0.09070315073800031,0.11610595935074261,0.24587620990140244,10,0.31312165312681384,0.01618869579885182,0.30154095778816076,0.3247023484654669,10,6.3953789975546895,0.4427990014410071,6.078619673909124,6.712138321200255,10
{},sliding_window_ucb,70,5.970170942792356,0.5665409904940276,5.564891932716979,6.375449952867733,10,0.08843484263243998,0.0743528514922447,0.035246016837537274,0.14162366842734267,10,0.021875,0.022341261030757516,0.005893024633159431,0.037856975366840566,10,0.1836068814194774,0.08221963475757238,0.12479049788780905,0.24242326495114574,10,0.4660367979592195,0.03186929410836562,0.4432388783298266,0.48883471758861236,10,6.335429990096513,0.6985636004273755,5.83570769425871,6.835152285934315,10
{},discounted_ucb,70,6.3813275815206385,0.7258206017907255,5.86210680152103,6.900548361520247,10,0.08333652521040573,0.07268338231268252,0.031341965722437526,0.13533108469837393,10,0.0140625,0.020104436526686233,-0.0003193475103692323,0.028444347510369235,10,0.1571667846460263,0.09646781031092369,0.08815787033453383,0.22617569895751877,10,0.4569175823815305,0.023379398471698638,0.44019296822694765,0.4736421965361134,10,6.663716398792819,0.6369844490289984,6.208045174172748,7.119387623412891,10
{},thompson,70,4.647729721552224,0.7187024291204435,4.133600975530319,5.161858467574129,10,0.0855759298893782,0.08714710955194478,0.023234643234472073,0.14791721654428433,10,0.01875,0.024206145913796356,0.001433966353204339,0.036066033646795656,10,0.1599373593719277,0.10463892262716001,0.08508318343540923,0.2347915353084462,10,0.15740276191022778,0.06131116398931445,0.11354339733628807,0.2012621264841675,10,4.898107148287488,0.79405612211005,4.330073617593743,5.466140678981232,10
{},linucb,70,4.747355948950384,0.6800702216162151,4.260863019360204,5.233848878540564,10,0.07442706852951812,0.0782663957667538,0.01843866181095421,0.13041547524808203,10,0.0296875,0.02987422999937497,0.008316763258863071,0.05105823674113692,10,0.1610673763912926,0.08320803108966077,0.10154393671761126,0.22059081606497394,10,0.14766324063727782,0.029829390369175167,0.12632458023526627,0.16900190103928936,10,4.965572727770569,0.6668911337427428,4.488507549705305,5.442637905835833,10
{},sliding_window_linucb,70,4.894411942161674,0.6819884817466957,4.406546771939672,5.382277112383676,10,0.07582775169743486,0.0793930497356239,0.019033385281580543,0.13262211811328917,10,0.0171875,0.023810686355546794,0.00015436107923726475,0.03422063892076274,10,0.15851003337604794,0.09834789881149161,0.08815618477180495,0.22886388198029092,10,0.2758238488324916,0.07929629723038491,0.21909869498943169,0.33254900267555154,10,5.160396361073849,0.6541421166158797,4.692451280454849,5.628341441692848,10
{},uncertainty_aware,70,3.727206806272225,0.7649378111712447,3.1800032603992703,4.274410352145179,10,0.08028559335836975,0.03727518426869146,0.05362053286977339,0.10695065384696611,10,0.0296875,0.030768865599462354,0.007676779503997536,0.051698220496002464,10,0.17553433266461932,0.07988383363943956,0.11838888059382256,0.23267978473541606,10,0.6694291093196213,0.17497357057880789,0.5442605572406328,0.7945976613986098,10,4.025988870228789,0.9465719634840893,3.3488520791355034,4.703125661322075,10
{},always_ofdm,71,2.3209248195967094,0.6633252547991149,1.8464105176596872,2.7954391215337315,10,0.02920840546343274,0.047117629420059995,-0.004497516136006564,0.06291432706287205,10,0.03125,0.04830009633070679,-0.0033018074700731856,0.06580180747007319,10,0.11888202066037676,0.10248700157795691,0.045567236307547374,0.19219680501320613,10,1.0,0.0,1.0,1.0,10,3.118451675110507,0.9689544833940908,2.4253033938261797,3.811599956394834,10
{},always_otfs,71,1.233193456308307,0.37583547961586156,0.9643369504496604,1.5020499621669534,10,0.00841908044744287,0.02662347001810899,-0.010626202691384912,0.027464363586270652,10,0.0140625,0.02987422999937497,-0.007308236741136927,0.03543323674113693,10,0.07843885432127187,0.08609646432680812,0.01684915398391093,0.14002855465863281,10,1.0,0.0,1.0,1.0,10,1.1032060095954677,0.5373136703762704,0.7188349648098601,1.4875770543810751,10
{},always_afdm,71,1.7341794755146094,0.4553414071362108,1.4084478553372726,2.0599110956919464,10,0.029002980680895206,0.04755614485461708,-0.005016635963036982,0.0630225973248274,10,0.025,0.034704856768661835,0.00017364103920157123,0.04982635896079843,10,0.11573877883965497,0.09402890511458523,0.04847455220341408,0.18300300547589587,10,1.0,0.0,1.0,1.0,10,2.0331138937955284,0.6298767865589767,1.582527184608821,2.483700602982236,10
{},random,71,4.910240017203963,0.6066303116379379,4.476282834391905,5.34419720001602,10,0.06022888003290845,0.07038333881339706,0.009879672546227687,0.11057808751958922,10,0.015625,0.02329237476562281,-0.0010373611454568207,0.03228736114545682,10,0.1444443724072193,0.09818151143007418,0.07420955016534259,0.21467919464909602,10,1.0,0.0,1.0,1.0,10,5.1056905489126345,0.6986560011296382,4.60590215359435,5.605478944230919,10
{},rule,71,1.7341794755146094,0.4553414071362108,1.4084478553372726,2.0599110956919464,10,0.029002980680895206,0.04755614485461708,-0.005016635963036982,0.0630225973248274,10,0.025,0.034704856768661835,0.00017364103920157123,0.04982635896079843,10,0.11573877883965497,0.09402890511458523,0.04847455220341408,0.18300300547589587,10,1.0,0.0,1.0,1.0,10,2.0331138937955284,0.6298767865589767,1.582527184608821,2.483700602982236,10
{},ucb,71,6.007168240641756,0.6156847870051497,5.566733876345662,6.447602604937851,10,0.06763575715040727,0.06395225125476116,0.021887072561812396,0.11338444173900215,10,0.0140625,0.02987422999937497,-0.007308236741136927,0.03543323674113693,10,0.15016651520449414,0.08653057189546963,0.08826627301994938,0.2120667573890389,10,0.2939839930126589,0.014744933712285782,0.28343610285323495,0.3045318831720828,10,6.461818252630229,0.4412437199114545,6.146171510367585,6.777464994892872,10
{},sliding_window_ucb,71,6.0251300690526906,0.5534152537992044,5.62924064536814,6.4210194927372415,10,0.054959126260335,0.033740853120929844,0.030822373966339602,0.0790958785543304,10,0.01875,0.03952847075210474,-0.009526964535676242,0.047026964535676244,10,0.13866367288925754,0.08818499610966436,0.07557992691765425,0.20174741886086084,10,0.45269090016257785,0.021134908274549252,0.43757189757094894,0.46780990275420675,10,6.390366402856817,0.6850653924801801,5.900300143292507,6.880432662421126,10
{},discounted_ucb,71,6.512192271304599,0.7719992462424751,5.959937279087251,7.064447263521947,10,0.1308646897839601,0.09678754876358349,0.06162704836224743,0.20010233120567278,10,0.0265625,0.032148540337522846,0.0035648196521083086,0.04956018034789169,10,0.19585355480499286,0.1022582483980763,0.12270241061915788,0.26900469899082785,10,0.47294978154017675,0.0243935509801957,0.4554996863849151,0.4903998766954384,10,6.775842693468857,0.687498993845541,6.2840355403614145,7.2676498465763,10
{},thompson,71,4.710796924513913,0.7659554114693131,4.162865431240199,5.258728417787626,10,0.06306720296168888,0.08554720680330323,0.0018704177869332192,0.12426398813644454,10,0.0265625,0.04998372130837533,-0.009193700224942838,0.06231870022494283,10,0.13068298643368942,0.11672657545651448,0.047181824568502714,0.2141841482988761,10,0.140341362152194,0.05572297927622192,0.1004795441047035,0.1802031801996845,10,4.945062874592223,0.8530034281935263,4.3348609814022545,5.555264767782191,10
{},linucb,71,4.826426589902997,0.6762457116569157,4.3426695499242225,5.310183629881772,10,0.07907064095261308,0.08009080051487778,0.021777133698160762,0.1363641482070654,10,0.0265625,0.04943803114618453,-0.008803336998889754,0.06192833699888975,10,0.15166471363827272,0.12254995989702794,0.06399775349733966,0.23933167377920578,10,0.1545864644380965,0.022650621810929084,0.13838318570071828,0.17078974317547474,10,5.033510181279889,0.6700334870045995,4.5541970991077,5.512823263452077,10
{},sliding_window_linucb,71,4.934295750000644,0.661173411383812,4.461320784111365,5.407270715889924,10,0.03988380783897082,0.07450796949095533,-0.013415982687552619,0.09318359836549425,10,0.0203125,0.03298154208122409,-0.003281073897948704,0.043906073897948705,10,0.13291688323864786,0.09867160357543488,0.062331470196016744,0.20350229628127897,10,0.3193261471642469,0.1102543914774138,0.24045490680533696,0.3981973875231568,10,5.209585984183543,0.6266038591850503,4.761340586196572,5.657831382170515,10
{},uncertainty_aware,71,3.7579614007282727,0.7446372488515446,3.225280002306162,4.290642799150383,10,0.0307545944560484,0.0418375081236805,0.000825844090430277,0.06068334482166653,10,0.0171875,0.033308910323582255,-0.006640259030920876,0.041015259030920875,10,0.10276558763099616,0.11250940479658178,0.02228120792112373,0.1832499673408686,10,0.670584753806492,0.17724092804322925,0.5437942319069855,0.7973752757059984,10,4.045027197730833,0.9255740219488046,3.3829114291263522,4.707142966335313,10
{},always_ofdm,72,2.3701816933396525,0.668701368021391,1.8918215516816999,2.8485418349976053,10,0.04925687374294291,0.05311829340555152,0.011258335720966732,0.08725541176491908,10,0.0328125,0.03163821364268216,0.010179885377572803,0.0554451146224272,10,0.16304397181920596,0.07494232950847732,0.10943345885446296,0.21665448478394897,10,1.0,0.0,1.0,1.0,10,3.193516552298884,0.9844242989622024,2.4893018316135427,3.8977312729842257,10
{},always_otfs,72,1.2416137670780092,0.3806543190310346,0.9693100711648698,1.5139174629911487,10,0.00842031076970243,0.026627360638705206,-0.010627755551437433,0.027468377090842294,10,0.015625,0.02329237476562281,-0.0010373611454568207,0.03228736114545682,10,0.09188903098911852,0.08872762873363356,0.028417109022544282,0.15536095295569274,10,1.0,0.0,1.0,1.0,10,1.1071159459537576,0.5426730195886347,0.7189110536974821,1.4953208382100331,10
{},always_afdm,72,1.766573490512793,0.48749046631425547,1.4178438188314142,2.115303162194172,10,0.03239401499818385,0.055590135656542666,-0.007372772448552611,0.0721608024449203,10,0.021875,0.03310468454598063,-0.0018066647105327224,0.04555666471053272,10,0.12742424371065314,0.08806187530871984,0.06442857305427632,0.19041991436702996,10,1.0,0.0,1.0,1.0,10,2.0725590428753535,0.6856245144060954,1.582092811580051,2.563025274170656,10
{},random,72,5.013939945980688,0.6316241591626905,4.562103241734579,5.465776650226798,10,0.10369992877672587,0.12000405309380338,0.017854200649482205,0.18954565690396954,10,0.025,0.024650332429581735,0.0073662144615903695,0.04263378553840963,10,0.18469990658695992,0.1018280320864086,0.11185652061074526,0.2575432925631746,10,1.0,0.0,1.0,1.0,10,5.2024113608687665,0.7363295235618477,4.675672951105694,5.729149770631839,10
{},rule,72,1.766573490512793,0.48749046631425547,1.4178438188314142,2.115303162194172,10,0.03239401499818385,0.055590135656542666,-0.007372772448552611,0.0721608024449203,10,0.021875,0.03310468454598063,-0.0018066647105327224,0.04555666471053272,10,0.12742424371065314,0.08806187530871984,0.06442857305427632,0.19041991436702996,10,1.0,0.0,1.0,1.0,10,2.0725590428753535,0.6856245144060954,1.582092811580051,2.563025274170656,10
{},ucb,72,6.057591457359777,0.6270392344553786,5.60903461066648,6.506148304053074,10,0.05042321671802023,0.05363815583282812,0.01205279151852788,0.08879364191751259,10,0.009375,0.013176156917368247,-5.06548452254129e-05,0.01880065484522541,10,0.1462435016285046,0.09887218622418466,0.07551460040286889,0.21697240285414032,10,0.3024720861144628,0.014777693607293047,0.29190076093790596,0.31304341129101965,10,6.520082659627907,0.4626023057674255,6.18915690547105,6.851008413784765,10
{},sliding_window_ucb,72,6.095951939856988,0.5446819233362601,5.706309964431383,6.485593915282593,10,0.0708218708042965,0.07809550067619903,0.01495571506896045,0.12668802653963254,10,0.015625,0.018042195912175804,0.002718390555030441,0.02853160944496956,10,0.17219565725371166,0.081394959425981,0.11396921091569542,0.2304221035917279,10,0.46785695125259624,0.023371126761978885,0.45113825432268573,0.48457564818250676,10,6.4745829654797,0.6972376522444497,5.975809195831536,6.973356735127863,10
{},discounted_ucb,72,6.599141697602616,0.7605170989310992,6.055100538760037,7.143182856445195,10,0.08694942629801626,0.08625796989279057,0.02524419183867422,0.1486546607573583,10,0.0234375,0.025779934730759544,0.004995645654422502,0.0418793543455775,10,0.1987937942692751,0.08741029157551025,0.13626423853627942,0.2613233500022708,10,0.47068410813794886,0.01575439562751659,0.45941409242613235,0.4819541238497654,10,6.8866573931073045,0.6991600487746856,6.386508423825188,7.386806362389421,10
{},thompson,72,4.802004777798644,0.7777056993469137,4.245667634944338,5.358341920652951,10,0.09120785328473026,0.09963591098646374,0.019932616276123902,0.16248309029333663,10,0.025,0.032274861218395144,0.0019119551376057843,0.04808804486239422,10,0.17881808536215502,0.10444969782070006,0.10409927269772196,0.2535368980265881,10,0.11816907898604853,0.01836411600395336,0.10503218178024949,0.13130597619184756,10,5.03590186532355,0.861856527199202,4.4193668466204725,5.652436884026627,10
{},linucb,72,4.860745557329045,0.6757989627291467,4.377308102280993,5.344183012377097,10,0.034318967426047765,0.06512544575933095,-0.012268969953458678,0.08090690480555421,10,0.028125,0.03813126087025652,0.0008475392024190377,0.05540246079758096,10,0.12959748857542738,0.09888216484890945,0.05886144907168252,0.20033352807917226,10,0.13989647185035206,0.022658633884954333,0.12368746162048858,0.15610548208021555,10,5.075128575224485,0.6897267351636515,4.581727791980376,5.568529358468594,10
{},sliding_window_linucb,72,5.006169151183952,0.6584408547528734,4.535148938551619,5.477189363816286,10,0.07187340118330825,0.10237833504722528,-0.0013636478163124577,0.14511045018292895,10,0.0296875,0.03788145113743371,0.0025887423199769423,0.05678625768002306,10,0.16810179038819245,0.11687498516557575,0.08449446261271304,0.25170911816367186,10,0.27210714988277773,0.09302321163811889,0.20556235302023446,0.338651946745321,10,5.289708679940906,0.6131018614881453,4.851122029251055,5.728295330630758,10
{},uncertainty_aware,72,3.8170783186257573,0.7087973667903792,3.3100352273459093,4.324121409905605,10,0.059116917897484744,0.08245803256708667,0.00012999484640784098,0.11810384094856165,10,0.03125,0.03755782578608322,0.004382749950018413,0.058117250049981584,10,0.15414714660995404,0.10010567130461413,0.08253586331359952,0.22575842990630857,10,0.6735409536597367,0.17399329183338513,0.54907365075108,0.7980082565683934,10,4.111195249709958,0.9011703758417143,3.4665367978794794,4.7558537015404365,10
{},always_ofdm,73,2.4057781248312415,0.6835819558324215,1.9167730519175024,2.8947831977449807,10,0.03559643149158946,0.046127825143658145,0.002598573216851016,0.0685942897663279,10,0.0296875,0.022642776165920996,0.013489833698960226,0.04588516630103977,10,0.15969271583499045,0.07131726953949075,0.10867541455368386,0.21071001711629705,10,1.0,0.0,1.0,1.0,10,3.2506144157038164,1.0014781936828792,2.5342000736560406,3.967028757751592,10
{},always_otfs,73,1.2586253127563078,0.37405371610325355,0.9910434037312434,1.5262072217813722,10,0.017011545678298913,0.03594653458991618,-0.008703056086946367,0.042726147443544193,10,0.0140625,0.015537951968933646,0.0029473187541081917,0.025177681245891807,10,0.11917940501551656,0.0837373578974421,0.05927730775436409,0.17908150227666902,10,1.0,0.0,1.0,1.0,10,1.1237004985392165,0.5114452306189883,0.757834620781124,1.489566376297309,10
{},always_afdm,73,1.784437263549016,0.5026164463313774,1.4248871176025473,2.1439874094954847,10,0.01786377303622288,0.03773514132025445,-0.009130320905667105,0.044857866978112865,10,0.0171875,0.020104436526686233,0.0028056524896307687,0.03156934751036923,10,0.12400909649184066,0.08223546343675323,0.06518138980520762,0.18283680317847373,10,1.0,0.0,1.0,1.0,10,2.0939732869371364,0.7176067767085448,1.580628323434646,2.6073182504396266,10
{},random,73,5.073241132737048,0.6271265121362168,4.624621851352025,5.521860414122072,10,0.05930118675636099,0.04383201029604962,0.027945655487729877,0.09065671802499212,10,0.021875,0.026760901205552357,0.002731404512136427,0.041018595487863574,10,0.16311397045343803,0.09243200444906632,0.09699209773645348,0.2292358431704226,10,1.0,0.0,1.0,1.0,10,5.262930478892147,0.735333180479109,4.736904810034046,5.788956147750248,10
{},rule,73,1.784437263549016,0.5026164463313774,1.4248871176025473,2.1439874094954847,10,0.01786377303622288,0.03773514132025445,-0.009130320905667105,0.044857866978112865,10,0.0171875,0.020104436526686233,0.0028056524896307687,0.03156934751036923,10,0.12400909649184066,0.08223546343675323,0.06518138980520762,0.18283680317847373,10,1.0,0.0,1.0,1.0,10,2.0939732869371364,0.7176067767085448,1.580628323434646,2.6073182504396266,10
{},ucb,73,6.114608132580973,0.6311868712057077,5.663084245294797,6.566132019867149,10,0.057016675221196224,0.06926800698433801,0.007465328060901458,0.10656802238149099,10,0.0171875,0.022642776165921,0.0009898336989602255,0.03338516630103978,10,0.17882606458715794,0.08847015535906728,0.11553832797718781,0.24211380119712805,10,0.3003128768910398,0.013941518732088676,0.2903397151860744,0.31028603859600523,10,6.596313871785007,0.4705329676828153,6.2597148638579165,6.932912879712098,10
{},sliding_window_ucb,73,6.222115271954689,0.6103408802852668,5.785503708235621,6.658726835673757,10,0.12616333209770098,0.09709725795030964,0.056704138070415716,0.19562252612498623,10,0.0265625,0.022158382693940257,0.010711347914357319,0.042413652085642684,10,0.21464846737658155,0.08759665236724509,0.1519855971642129,0.2773113375889502,10,0.47479574447094774,0.02701250284536041,0.45547216401248947,0.494119324929406,10,6.586636580426225,0.7515689725870563,6.048996525559513,7.1242766352929365,10
{},discounted_ucb,73,6.708279476171962,0.772041457168145,6.155994288077428,7.2605646642664965,10,0.109137778569348,0.06810657575453868,0.06041726926012071,0.1578582878785753,10,0.0265625,0.02335053309527072,0.009858534891788801,0.043266465108211194,10,0.20662545146878833,0.08220913687407086,0.14781657767058104,0.2654343252669956,10,0.4725105524427383,0.02263271921868393,0.45632008044835776,0.4887010244371189,10,6.990687992146034,0.7183751847387081,6.47679334265255,7.5045826416395185,10
{},thompson,73,4.872366044585663,0.7798965351280048,4.314461672225466,5.430270416945859,10,0.07036126678701837,0.07069448383313709,0.019789479561702697,0.12093305401233405,10,0.0171875,0.020104436526686233,0.0028056524896307687,0.03156934751036923,10,0.17283159263970932,0.11180522598779684,0.09285095210375184,0.2528122331756668,10,0.1523203913829292,0.047498901778363564,0.11834172396891497,0.18629905879694342,10,5.106138605533202,0.855409086066757,4.494215808370173,5.718061402696231,10
{},linucb,73,4.926907566803626,0.681906976239789,4.439100702108866,5.414714431498386,10,0.0661620094745815,0.0626644883568312,0.02133453496829639,0.11098948398086662,10,0.0140625,0.011529137302697216,0.005815052010427764,0.022309947989572237,10,0.17662912460771305,0.09626762888423637,0.10776341146225196,0.24549483775317413,10,0.1436695559515209,0.028976489365223825,0.12294102417281035,0.16439808773023146,10,5.149162847402141,0.7155701783941127,4.637274778568604,5.661050916235678,10
{},sliding_window_linucb,73,5.064997015911571,0.6852302515707622,4.5748128232582985,5.555181208564843,10,0.05882786472761793,0.06863390410491214,0.009730127441227553,0.1079256020140083,10,0.0234375,0.024705294220065465,0.005764397165202349,0.04111060283479765,10,0.16959705353572446,0.11447711187956089,0.08770506097508074,0.2514890460963682,10,0.2927324186299491,0.08524396530278663,0.23175255935677022,0.3537122779031279,10,5.356710881046574,0.6504164634248394,4.891430972167103,5.821990789926045,10
{},uncertainty_aware,73,3.8497267989247788,0.6867104541813351,3.358483733111771,4.340969864737787,10,0.03264848029902175,0.05709128558417622,-0.00819216511537127,0.07348912571341477,10,0.01875,0.025301995419773165,0.0006500428411799174,0.036849957158820085,10,0.13150915581000372,0.11440077987028392,0.049671767879344256,0.2133465437406632,10,0.7042173950582941,0.20473369520858253,0.5577597323023227,0.8506750578142654,10,4.1401095530899035,0.877905161203471,3.5120940332201935,4.768125072959613,10
{},always_ofdm,74,2.4530604946409222,0.7054600752263166,1.948404757928723,2.9577162313531216,10,0.047282369809680355,0.050147879648122735,0.011408737782723631,0.08315600183663707,10,0.028125,0.03277527650531724,0.004678979606243926,0.05157102039375608,10,0.14527938681306607,0.08399250495267412,0.08519476834391079,0.20536400528222135,10,1.0,0.0,1.0,1.0,10,3.314919782784108,1.0198087364529973,2.5853925603752135,4.044447005193002,10
{},always_otfs,74,1.2661848742877022,0.3818763566639878,0.9930069853144521,1.5393627632609523,10,0.00755956153139445,0.023905432551396932,-0.009541354734885809,0.02466047779767471,10,0.0109375,0.020898336091394666,-0.004012269046644548,0.025887269046644547,10,0.0744544783571494,0.08147878203621647,0.016168068936023246,0.13274088777827556,10,1.0,0.0,1.0,1.0,10,1.117180957163591,0.5311942926388253,0.7371874515028158,1.497174462824366,10
{},always_afdm,74,1.8098128432092868,0.5150547178799778,1.4413648938119685,2.178260792606605,10,0.02537557966027109,0.041021671085965175,-0.003969556046256303,0.054720715366798484,10,0.0140625,0.023810686355546794,-0.0029706389207627363,0.03109563892076274,10,0.1084179543255513,0.08495626038820396,0.04764390674990595,0.16919200190119665,10,1.0,0.0,1.0,1.0,10,2.1214172215299123,0.7354357118412291,1.5953182061538382,2.6475162369059864,10
{},random,74,5.180282681913142,0.6567978523606118,4.710437802388668,5.650127561437616,10,0.10704154917609265,0.08489224152427786,0.04631329793687036,0.16776980041531495,10,0.03125,0.03454817489953542,0.006535724496324311,0.05596427550367569,10,0.19079436265337418,0.08816413860274805,0.12772553724338515,0.2538631880633632,10,1.0,0.0,1.0,1.0,10,5.372750821812746,0.7787612816476966,4.8156585608697355,5.929843082755756,10
{},rule,74,1.8098128432092868,0.5150547178799778,1.4413648938119685,2.178260792606605,10,0.02537557966027109,0.041021671085965175,-0.003969556046256303,0.054720715366798484,10,0.0140625,0.023810686355546794,-0.0029706389207627363,0.03109563892076274,10,0.1084179543255513,0.08495626038820396,0.04764390674990595,0.16919200190119665,10,1.0,0.0,1.0,1.0,10,2.1214172215299123,0.7354357118412291,1.5953182061538382,2.6475162369059864,10
{},ucb,74,6.208908699121073,0.5865979222460159,5.789281824403974,6.628535573838172,10,0.09430056654009915,0.08650458758219942,0.03241891241349959,0.1561822206666987,10,0.015625,0.020833333333333332,0.0007217311252429165,0.030528268874757084,10,0.178638908575252,0.08693450919891388,0.11644970705110208,0.24082811009940192,10,0.2896399234486192,0.014520302280639987,0.27925272493512515,0.3000271219621133,10,6.693978760627483,0.45500707747679403,6.368486305480887,7.01947121577408,10
{},sliding_window_ucb,74,6.292324140118483,0.593666185423931,5.8676409345237195,6.717007345713246,10,0.07020886816379449,0.057941451686745485,0.028760050556691355,0.11165768577089762,10,0.015625,0.03375385780420761,-0.00852105528398834,0.03977105528398834,10,0.16309498979335635,0.08890053466957347,0.09949937837142112,0.22669060121529158,10,0.4742523162681239,0.04071281780346238,0.44512812089017206,0.5033765116460758,10,6.668757550486805,0.7517003941311092,6.131023482310959,7.206491618662651,10
{},discounted_ucb,74,6.776691139477232,0.7641690375548358,6.230037541119917,7.323344737834547,10,0.06841166330526964,0.0689814348879572,0.019065317473184448,0.11775800913735483,10,0.015625,0.03375385780420761,-0.00852105528398834,0.03977105528398834,10,0.1574423463655233,0.08518850316556445,0.0965021623152272,0.2183825304158194,10,0.4554147118679854,0.014828635464958927,0.4448069450817434,0.46602247865422736,10,7.067156318778784,0.7123497042786466,6.557572038344302,7.576740599213265,10
{},thompson,74,4.971253656863465,0.8067985592448313,4.3941047357662315,5.548402577960698,10,0.09888761227780271,0.0698665941582384,0.04890806164882226,0.14886716290678315,10,0.0234375,0.035516098169234,-0.0019691860991213825,0.04884418609912138,10,0.178016739092203,0.10693497528140687,0.10152006603295617,0.25451341215144985,10,0.12903958507112073,0.021000132822955535,0.11401699502954707,0.1440621751126944,10,5.20318132489263,0.8973054614262338,4.56128766628032,5.84507498350494,10
{},linucb,74,4.997435057618665,0.6955789740100928,4.499847834900261,5.495022280337069,10,0.07052749081503773,0.06967739991657389,0.02068328159340521,0.12037170003667025,10,0.0171875,0.033308910323582255,-0.006640259030920876,0.041015259030920875,10,0.1454596585502816,0.10441638659732962,0.0707646752995335,0.22015464180102967,10,0.1325426145339163,0.02921532723946383,0.11164322843245658,0.15344200063537602,10,5.213648486219649,0.7264165364717196,4.694001400230473,5.733295572208824,10
{},sliding_window_linucb,74,5.133051037931375,0.6972649812517845,4.634257718289081,5.631844357573669,10,0.06805402201980496,0.05674413158471168,0.02746171561637037,0.10864632842323954,10,0.0203125,0.022158382693940257,0.00446134791435732,0.03616365208564268,10,0.16116524500738258,0.08128668038683681,0.10301625682779192,0.21931423318697324,10,0.2730341030710687,0.09785581588911461,0.203032269383667,0.34303593675847033,10,5.436902106321181,0.6768460365178715,4.952715619807286,5.921088592835076,10
{},uncertainty_aware,74,3.9281400088602316,0.6877788652409539,3.4361326478172916,4.420147369903172,10,0.07841320993545309,0.08966581044988106,0.014270153199089211,0.14255626667181698,10,0.015625,0.024429248749080364,-0.0018506318007616568,0.03310063180076166,10,0.1508484722828773,0.09656329531253227,0.08177125211606583,0.21992569244968874,10,0.8140266211739842,0.24861161036083565,0.636180588793478,0.9918726535544903,10,4.209984005640006,0.8817002439858,3.57925364709316,4.840714364186852,10
{},always_ofdm,75,2.479197382083427,0.6874313069805811,1.987438649242278,2.9709561149245767,10,0.026136887442505297,0.04223592340711337,-0.00407687204756783,0.05635064693257842,10,0.0203125,0.01811721576138134,0.007352224587815058,0.03327277541218494,10,0.1388892501311467,0.07939873063359833,0.08209081984569416,0.19568768041659923,10,1.0,0.0,1.0,1.0,10,3.336700469205586,0.9929331170929316,2.626398906708628,4.047002031702544,10
{},always_otfs,75,1.2878467605763624,0.34459353032344453,1.041339398900584,1.5343541222521409,10,0.02166188628866,0.045690717981550825,-0.011023284359008009,0.054347056936328006,10,0.0203125,0.019557274328665195,0.006322068746680877,0.034302931253319124,10,0.12563205401937166,0.08552429279350438,0.06445166053976949,0.18681244749897385,10,1.0,0.0,1.0,1.0,10,1.1257044474732938,0.47207722059290996,0.7880007475623746,1.463408147384213,10
{},always_afdm,75,1.8330490785335047,0.5198247321146007,1.4611888665117863,2.2049092905552232,10,0.02323623532421813,0.05111461227064254,-0.013328955560502353,0.05980142620893861,10,0.0265625,0.03458741190809165,0.0018201560312832883,0.05130484396871671,10,0.1318807320429451,0.09013699742434583,0.06740060845038608,0.1963608556355041,10,1.0,0.0,1.0,1.0,10,2.1361893898631887,0.736790505755687,1.609121213304216,2.6632575664221614,10
{},random,75,5.265377109060144,0.6301627694163457,4.814585820061423,5.716168398058865,10,0.08509442714700206,0.05491807933465968,0.04580839983133772,0.1243804544626664,10,0.021875,0.018340434230894802,0.008755043714104453,0.034994956285895544,10,0.19087429910499287,0.08984843619015792,0.1266005997841107,0.25514799842587504,10,1.0,0.0,1.0,1.0,10,5.446516557208072,0.7510407077251972,4.909254400258481,5.983778714157662,10
{},rule,75,1.8330490785335047,0.5198247321146007,1.4611888665117863,2.2049092905552232,10,0.02323623532421813,0.05111461227064254,-0.013328955560502353,0.05980142620893861,10,0.0265625,0.03458741190809165,0.0018201560312832883,0.05130484396871671,10,0.1318807320429451,0.09013699742434583,0.06740060845038608,0.1963608556355041,10,1.0,0.0,1.0,1.0,10,2.1361893898631887,0.736790505755687,1.609121213304216,2.6632575664221614,10
{},ucb,75,6.289831535953111,0.585819902867639,5.870761222771327,6.708901849134895,10,0.08092283683203853,0.08793893502955688,0.01801511235338507,0.143830561310692,10,0.025,0.03391420957520772,0.0007392359692392665,0.04926076403076074,10,0.18654740859900873,0.08484236879564551,0.1258548341606341,0.24723998303738337,10,0.29009207496914097,0.009141908270567677,0.28355234775387844,0.2966318021844035,10,6.763417605516824,0.44129455265877887,6.447734499697331,7.0791007113363165,10
{},sliding_window_ucb,75,6.370511659354996,0.5971943590695388,5.943304550377321,6.797718768332671,10,0.07818751923651307,0.06398470083209193,0.032415621618678225,0.12395941685434791,10,0.021875,0.018340434230894802,0.008755043714104453,0.034994956285895544,10,0.19094023647028116,0.08934645906360746,0.12702562995352507,0.25485484298703726,10,0.4822662263293605,0.03076164330261014,0.4602606723532884,0.5042717803054326,10,6.7425892232474185,0.7375279643535684,6.214993500587571,7.270184945907266,10
{},discounted_ucb,75,6.8650814601409476,0.7787183055132884,6.3080199424724785,7.422142977809417,10,0.08839032066371444,0.07202860106333356,0.036864163464379686,0.1399164778630492,10,0.0265625,0.020898336091394666,0.011612730953355452,0.04151226904664455,10,0.2018148576216141,0.07695410974110987,0.14676520377412655,0.25686451146910166,10,0.4637016106701862,0.02485971783797241,0.4459180398338711,0.4814851815065013,10,7.151862612690728,0.7186122981519775,6.637798342479559,7.665926882901897,10
{},thompson,75,5.023032970725873,0.8147725007386653,4.440179835513079,5.605886105938667,10,0.05177931386240818,0.07053631733317886,0.0013206721351336353,0.10223795558968272,10,0.0203125,0.019557274328665195,0.006322068746680877,0.034302931253319124,10,0.15367250829550472,0.08655505221916641,0.09175475394234263,0.21559026264866682,10,0.13161925725750326,0.014925023750084039,0.12094253844584064,0.14229597606916586,10,5.239745269478465,0.8796658169708818,4.61047025234647,5.869020286610461,10
{},linucb,75,5.060363232633409,0.7177743374684402,4.546898403384155,5.573828061882663,10,0.0629281750147456,0.06530850464582291,0.016209285196584586,0.10964706483290661,10,0.03125,0.03294039229342062,0.007685862886936463,0.05481413711306354,10,0.17667868320783475,0.0805284590236806,0.11907209391664578,0.23428527249902373,10,0.14764936970643797,0.04424743851605576,0.11599665899168302,0.17930208042119292,10,5.273218605717814,0.7641739643834244,4.726561482919643,5.819875728515984,10
{},sliding_window_linucb,75,5.198502217867206,0.6919672177787685,4.703498689911626,5.693505745822785,10,0.06545117993582937,0.07482125793367782,0.011927276358238072,0.11897508351342068,10,0.015625,0.01473139127471974,0.005086797516812859,0.02616320248318714,10,0.1788829344207162,0.07496734896554279,0.12525452361457734,0.23251134522685507,10,0.29265142582873377,0.09385093004804547,0.22551451488543584,0.3597883367720317,10,5.4986764770322285,0.6383929673523215,5.041997659102356,5.955355294962101,10
{},uncertainty_aware,75,3.989374677057968,0.6656091980906277,3.5132265405144767,4.46552281360146,10,0.061234668197735764,0.08420747908169214,0.0009962665007786156,0.12147306989469292,10,0.0265625,0.03379401707814236,0.0023877165020629552,0.05073728349793705,10,0.16049432701701333,0.11509450134311475,0.07816068063993191,0.24282797339409473,10,0.75822737467664,0.2084908195039714,0.6090820271093056,0.9073727222439745,10,4.2533697689473495,0.8362832387643325,3.6551287787349884,4.85161075915971,10
{},always_ofdm,76,2.514371439772385,0.6589944854391074,2.0429551836052866,2.985787695939483,10,0.03517405768895722,0.04582281689950135,0.0023943891680597157,0.06795372620985472,10,0.009375,0.013176156917368247,-5.06548452254129e-05,0.01880065484522541,10,0.09173038413508393,0.08320686770265612,0.032207776698330706,0.15125299157183714,10,1.0,0.0,1.0,1.0,10,3.378590459686946,0.969372793380799,2.685142937464783,4.072037981909109,10
{},always_otfs,76,1.335079295498696,0.35955533990959876,1.0778689000093795,1.5922896909880127,10,0.047232534922333716,0.05220579025570528,0.009886762330336155,0.08457830751433128,10,0.01875,0.030190368221227993,-0.002846888401386364,0.040346888401386366,10,0.11086075272183309,0.08946868168330913,0.0468587134100054,0.17486279203366079,10,1.0,0.0,1.0,1.0,10,1.1867248065414027,0.4890514485681917,0.8368784754245453,1.53657113765826,10
{},always_afdm,76,1.8764718762480652,0.515664555165617,1.5075876755369357,2.2453560769591947,10,0.04342279771455987,0.04681488210254823,0.009933448499472051,0.07691214692964768,10,0.0125,0.01920738428602685,-0.0012401349949812263,0.026240134994981228,10,0.10631715721901877,0.0847700334065975,0.04567632840074696,0.1669579860372906,10,1.0,0.0,1.0,1.0,10,2.192666153428483,0.7440767525399304,1.6603857099136665,2.7249465969432993,10
{},random,76,5.3497488581339345,0.6074178281085647,4.915228319976034,5.784269396291835,10,0.08437174907379097,0.06834857896964004,0.03547812109336955,0.13326537705421238,10,0.009375,0.01092509216843908,0.0015596598687479743,0.017190340131252025,10,0.1477397733391434,0.10267094021976476,0.07429340720861866,0.22118613946966814,10,1.0,0.0,1.0,1.0,10,5.544415936893488,0.7317510552303016,5.020952766070237,6.067879107716739,10
{},rule,76,1.8764718762480652,0.515664555165617,1.5075876755369357,2.2453560769591947,10,0.04342279771455987,0.04681488210254823,0.009933448499472051,0.07691214692964768,10,0.0125,0.01920738428602685,-0.0012401349949812263,0.026240134994981228,10,0.10631715721901877,0.0847700334065975,0.04567632840074696,0.1669579860372906,10,1.0,0.0,1.0,1.0,10,2.192666153428483,0.7440767525399304,1.6603857099136665,2.7249465969432993,10
{},ucb,76,6.4051961071027055,0.6053794153039408,5.972133761621848,6.838258452583563,10,0.11536457114959489,0.08618247000377569,0.053713346057261,0.17701579624192879,10,0.0234375,0.03146626555623586,0.0009278896286836411,0.04594711037131636,10,0.19245847672182265,0.08809540216138367,0.1294388223998567,0.2554781310437886,10,0.2920552472259278,0.020703317573063772,0.2772449860231669,0.3068655084286887,10,6.906035688584922,0.44645888564970304,6.586658241495548,7.225413135674295,10
{},sliding_window_ucb,76,6.476189534860322,0.5982528032165246,6.048225260552497,6.904153809168147,10,0.1056778755053261,0.07732347149854561,0.050363996173848916,0.16099175483680328,10,0.021875,0.029646353064078555,0.0006672765982428178,0.04308272340175718,10,0.17663895116648506,0.09220586382368197,0.11067884970759372,0.2425990526253764,10,0.45578777854650776,0.022670690888964156,0.4395701432555603,0.4720054138374552,10,6.869387780760178,0.7407077225209783,6.339517396135901,7.399258165384455,10
{},discounted_ucb,76,7.033560738624532,0.7737264008517094,6.480070214429759,7.587051262819305,10,0.16847927848358454,0.060320170255234715,0.12532882812110993,0.21162972884605916,10,0.0296875,0.02987422999937497,0.008316763258863071,0.05105823674113692,10,0.2242065554661406,0.06848458545632613,0.17521563430620907,0.27319747662607213,10,0.4591932076619292,0.023225682373338715,0.44257855537986973,0.4758078599439887,10,7.326228774503145,0.7284014956097283,6.80516173428649,7.847295814719799,10
{},thompson,76,5.124624141045933,0.8398716855097103,4.523816130672494,5.725432151419372,10,0.10159117032005982,0.08857539686012546,0.03822814847551115,0.1649541921646085,10,0.0171875,0.021411254990723404,0.001870810876508703,0.0325041891234913,10,0.1728601354023557,0.08735958443926993,0.11036685336945243,0.23535341743525898,10,0.12238807164975593,0.025118291272171023,0.10441952852158173,0.14035661477793013,10,5.362765011227097,0.9231831733819439,4.702359552656093,6.023170469798101,10
{},linucb,76,5.1686399469856665,0.7236064451109999,4.6510030792578405,5.6862768147134926,10,0.10827671435225665,0.10063363628372413,0.0362877476619758,0.18026568104253748,10,0.025,0.03310468454598064,0.0013183352894672769,0.04868166471053273,10,0.17190493215175603,0.09894892656254567,0.10112113419510589,0.2426887301084062,10,0.1461853468461167,0.0330346917607428,0.12255375195787321,0.16981694173436018,10,5.395283144215846,0.7661826468021407,4.84718909657751,5.943377191854183,10
{},sliding_window_linucb,76,5.276701904247799,0.7304384818748285,4.7541776918390015,5.799226116656597,10,0.07819968638059407,0.08171478370102184,0.01974445153872466,0.13665492122246348,10,0.0203125,0.03298154208122409,-0.003281073897948704,0.043906073897948705,10,0.1558534249316608,0.09704952035049955,0.086428380326075,0.2252784695372466,10,0.32057071310066165,0.10577385935894126,0.24490465233520362,0.39623677386611966,10,5.604689508310164,0.6769286934172095,5.120443892612499,6.088935124007829,10
{},uncertainty_aware,76,4.061482431435849,0.700072793203416,3.5606805241232378,4.5622843387484595,10,0.07210775437788043,0.07777723249394664,0.01646927398467498,0.12774623477108588,10,0.0109375,0.019557274328665195,-0.0030529312533191244,0.024927931253319123,10,0.12792119957838188,0.09065483803039502,0.0630706351320844,0.19277176402467938,10,0.7211840116693267,0.19364690898636505,0.5826573580026349,0.8597106653360185,10,4.331450574872007,0.8972050663656091,3.689628734559642,4.973272415184373,10
{},always_ofdm,77,2.5326960090943786,0.6397303190972593,2.07506050735803,2.9903315108307273,10,0.01832456932199327,0.03872575294333883,-0.009378165485622446,0.04602730412960899,10,0.0265625,0.03214854033752284,0.003564819652108319,0.04956018034789168,10,0.13076331243293016,0.0902431553836326,0.06620724801106974,0.19531937685479056,10,1.0,0.0,1.0,1.0,10,3.3883589114564407,0.9516132296902741,2.707615815767635,4.069102007145247,10
{},always_otfs,77,1.3613932368541843,0.3688908101492124,1.0975046482583117,1.625281825450057,10,0.02631394135548789,0.0428088389261004,-0.004309657207640507,0.05693753991861629,10,0.01875,0.020571268393886975,0.004034201089493284,0.03346579891050672,10,0.13770920849433163,0.07943400319324677,0.0808855457397427,0.19453287124892055,10,1.0,0.0,1.0,1.0,10,1.2034391543722995,0.48896561172531167,0.8536542272337846,1.5532240815108145,10
{},always_afdm,77,1.904132725107593,0.5178817811746744,1.5336624164587473,2.2746030337564385,10,0.02766084885952801,0.04487838606124451,-0.004443214538994104,0.059764912258050126,10,0.0296875,0.030768865599462354,0.007676779503997536,0.051698220496002464,10,0.14713919618606758,0.08674365365047365,0.08508652449654058,0.20919186787559457,10,1.0,0.0,1.0,1.0,10,2.2188104889511155,0.7275040121567028,1.698385469720593,2.739235508181638,10
{},random,77,5.4606992665985326,0.5697365571795778,5.053134285826101,5.8682642473709645,10,0.11095040846459772,0.10134078752584051,0.03845557624969069,0.18344524067950474,10,0.0328125,0.024923929404177914,0.014982994976355479,0.05064200502364452,10,0.21388939854244363,0.08622400019807216,0.1522084645388127,0.27557033254607455,10,1.0,0.0,1.0,1.0,10,5.637310474772497,0.7032320799228907,5.134248549887113,6.140372399657881,10
{},rule,77,1.904132725107593,0.5178817811746744,1.5336624164587473,2.2746030337564385,10,0.02766084885952801,0.04487838606124451,-0.004443214538994104,0.059764912258050126,10,0.0296875,0.030768865599462354,0.007676779503997536,0.051698220496002464,10,0.14713919618606758,0.08674365365047365,0.08508652449654058,0.20919186787559457,10,1.0,0.0,1.0,1.0,10,2.2188104889511155,0.7275040121567028,1.698385469720593,2.739235508181638,10
{},ucb,77,6.482124769344248,0.6546386443086629,6.013824494211201,6.950425044477294,10,0.07692866224154227,0.07300826412925189,0.024701696302461128,0.1291556281806234,10,0.025,0.03054766312211496,0.0031475182237897283,0.04685248177621028,10,0.19960950192368912,0.0822111430278367,0.14079919300953098,0.25841981083784726,10,0.2916556452778424,0.015532105169467118,0.2805446465803269,0.30276664397535785,10,6.984650329845176,0.47134869412742214,6.647467786372539,7.321832873317813,10
{},sliding_window_ucb,77,6.555754028987141,0.5938845525136719,6.1309146129866905,6.9805934449875915,10,0.0795644941268194,0.07367297160174913,0.02686202510682531,0.1322669631468135,10,0.0265625,0.02950878223794853,0.005453188838777455,0.047671811161222544,10,0.18677186655689426,0.10577141691614732,0.11110755300975635,0.2624361801040322,10,0.45706450363706075,0.03151309050539424,0.4345213967149914,0.4796076105591301,10,6.935164786653639,0.7274157441207405,6.414802910572219,7.455526662735058,10
{},discounted_ucb,77,7.118086940787819,0.7651686548824832,6.570718259271826,7.665455622303813,10,0.08452620216328775,0.058150459469125844,0.042927869395653524,0.126124534930922,10,0.03125,0.03375385780420761,0.007103944716011661,0.05539605528398834,10,0.20556275347460087,0.09480111374212359,0.13774612206378664,0.27337938488541513,10,0.46966786939335925,0.02095304194385054,0.4546789661373624,0.4846567726493561,10,7.41079666731431,0.7073011096213363,6.904823933933471,7.916769400695149,10
{},thompson,77,5.1907157708254825,0.8403541974771298,4.5895625921839285,5.791868949467037,10,0.06609162977954965,0.0709381192996178,0.01534555624074331,0.11683770331835598,10,0.0234375,0.03146626555623586,0.0009278896286836411,0.04594711037131636,10,0.1851279801136049,0.09935101355677585,0.11405654644882411,0.2561994137783857,10,0.12312801429887281,0.024355642130454533,0.10570503750107159,0.14055099109667402,10,5.426898130677267,0.8934065686133574,4.787793571964356,6.066002689390178,10
{},linucb,77,5.2472221775959,0.7510759221692621,4.709934829750557,5.784509525441242,10,0.07858223061023237,0.07397959749142494,0.025660414642503862,0.1315040465779609,10,0.025,0.03054766312211496,0.0031475182237897283,0.04685248177621028,10,0.19293317587522554,0.0890570571096252,0.12922559504485714,0.25664075670559394,10,0.1503408667833947,0.03191303728690973,0.12751165516914043,0.17317007839764897,10,5.467221459427637,0.8018546377693352,4.893609206700564,6.0408337121547095,10
{},sliding_window_linucb,77,5.343952283173288,0.7395127322339666,4.814936743103414,5.872967823243163,10,0.06725037892548855,0.09072585288226312,0.002349013514479484,0.13215174433649762,10,0.0328125,0.03248430443648474,0.00957462848513297,0.05605037151486703,10,0.184112564632711,0.1009587926039643,0.1118909951232206,0.2563341341422014,10,0.29604972636157423,0.052096171007188406,0.2587823706560325,0.33331708206711597,10,5.66780721227944,0.6532800065099696,5.200478848078426,6.1351355764804545,10
{},uncertainty_aware,77,4.127003070030904,0.6526488682682173,3.6601261949297603,4.593879945132048,10,0.06552063859505512,0.07163734798973567,0.014274366983907778,0.11676691020620247,10,0.03125,0.02946278254943948,0.010173595033625717,0.05232640496637428,10,0.1846875908513821,0.05149330786693164,0.14785149745658882,0.22152368424617536,10,0.6478690935975504,0.13035767837000073,0.5546168281269636,0.7411213590681373,10,4.395143305059955,0.8443553255990871,3.7911278917846145,4.999158718335296,10
{},always_ofdm,78,2.5602647478822456,0.6301111603686952,2.109510377772173,3.0110191179923183,10,0.02756873878786733,0.04442297492741304,-0.004209543111004466,0.059347020686739124,10,0.015625,0.018042195912175804,0.002718390555030441,0.02853160944496956,10,0.10728517534313158,0.08585536712013084,0.04586794555758172,0.16870240512868143,10,1.0,0.0,1.0,1.0,10,3.414504231339115,0.9358406391158308,2.7450441672430634,4.083964295435166,10
{},always_otfs,78,1.3930083955936259,0.381414607140567,1.1201608223307917,1.66585596885646,10,0.0316151587394417,0.05271952984121205,-0.006098121012927719,0.06932843849181111,10,0.0203125,0.030414169418034237,-0.0014444861330901622,0.04206948613309017,10,0.11083985607654823,0.09200200819178621,0.04502558415175813,0.17665412800133834,10,1.0,0.0,1.0,1.0,10,1.2331391549883908,0.5125632350522887,0.8664735050380112,1.5998048049387703,10
{},always_afdm,78,1.9291263318618372,0.5215905986734991,1.556002895002157,2.3022497687215173,10,0.024993606754244245,0.040259036648239495,-0.003805973140511551,0.05379318664900004,10,0.0125,0.019207384286026852,-0.0012401349949812297,0.02624013499498123,10,0.10613221291170886,0.08637792659367009,0.044341166597973075,0.16792325922544465,10,1.0,0.0,1.0,1.0,10,2.2438028464023674,0.7355724387277468,1.7176060225037886,2.769999670300946,10
{},random,78,5.543364487608264,0.6175770383082554,5.101576488274628,5.9851524869419,10,0.08266522100973141,0.11907754065815811,-0.0025177200481893286,0.16784816206765213,10,0.0203125,0.030414169418034237,-0.0014444861330901622,0.04206948613309017,10,0.15289895973035955,0.10017805872014147,0.0812358935964009,0.2245620258643182,10,1.0,0.0,1.0,1.0,10,5.7090695790424,0.7272405590777273,5.188833022791327,6.2293061352934735,10
{},rule,78,1.9291263318618372,0.5215905986734991,1.556002895002157,2.3022497687215173,10,0.024993606754244245,0.040259036648239495,-0.003805973140511551,0.05379318664900004,10,0.0125,0.019207384286026852,-0.0012401349949812297,0.02624013499498123,10,0.10613221291170886,0.08637792659367009,0.044341166597973075,0.16792325922544465,10,1.0,0.0,1.0,1.0,10,2.2438028464023674,0.7355724387277468,1.7176060225037886,2.769999670300946,10
{},ucb,78,6.575701227064918,0.6720286953722616,6.094960858808037,7.0564415953218,10,0.09357645772066957,0.08962090716031955,0.029465522862595114,0.15768739257874403,10,0.025,0.03142313151874658,0.002521245860284762,0.04747875413971524,10,0.17097609836867406,0.11207457666517581,0.09080277596552087,0.2511494207718272,10,0.2902153665014079,0.017806397380879718,0.2774774371642229,0.3029532958385929,10,7.074486572753392,0.5123464137396081,6.707976027426404,7.44099711808038,10
{},sliding_window_ucb,78,6.598108440936632,0.6210034881797031,6.153869307024433,7.042347574848831,10,0.04235441194949021,0.07493639858197448,-0.011251858286020093,0.0959606821850005,10,0.009375,0.01679637030895531,-0.00264039949604869,0.02139039949604869,10,0.13098543187066997,0.09404585027325628,0.06370908339815068,0.19826178034318925,10,0.47372062762806255,0.038832128554068306,0.44594179629268277,0.5014994589634423,10,6.98501036306385,0.7460571195439888,6.451313250336289,7.518707475791411,10
{},discounted_ucb,78,7.238642820691394,0.7595374676195348,6.695302447872865,7.781983193509924,10,0.1205558799035746,0.10025867317922062,0.04883514565959117,0.19227661414755803,10,0.025,0.03142313151874657,0.0025212458602847654,0.04747875413971524,10,0.20018131818749546,0.08999260551470623,0.135804486344666,0.2645581500303249,10,0.4773089771564165,0.02056727537960953,0.4625960346762489,0.49202191963658415,10,7.529838130041348,0.6896981107190636,7.0364578234913555,8.02321843659134,10
{},thompson,78,5.302838711479063,0.8500355079159295,4.6947599405560965,5.910917482402029,10,0.11212294065357983,0.0895717727794963,0.04804715441414875,0.17619872689301092,10,0.0171875,0.018706546870904138,0.003805642508704153,0.03056935749129585,10,0.18690723366187162,0.0860640195893131,0.1253407428915407,0.24847372443220253,10,0.15598551203002375,0.05108992972636629,0.11943797797380865,0.19253304608623886,10,5.532665508878681,0.9123053767702206,4.88004155723581,6.1852894605215525,10
{},linucb,78,5.2956620480659975,0.715907482433388,4.783532686458547,5.807791409673448,10,0.04843987047009771,0.07740067607130224,-0.006929237685674806,0.10380897862587021,10,0.01875,0.025301995419773165,0.0006500428411799174,0.036849957158820085,10,0.14608843269911626,0.06511584467902001,0.0995073635187152,0.1926695018795173,10,0.15371490058799045,0.03173277697679744,0.1310146394314506,0.17641516174453029,10,5.532170036666296,0.769542446236457,4.981672533299886,6.0826675400327055,10
{},sliding_window_linucb,78,5.4384475795400355,0.7597474017485127,4.894957028892539,5.981938130187532,10,0.09449529636674733,0.08744045306699662,0.031944164402521985,0.15704642833097268,10,0.025,0.03054766312211496,0.0031475182237897283,0.04685248177621028,10,0.1641392856819937,0.11012571370029117,0.08536009585959567,0.24291847550439175,10,0.2783619108124756,0.09152781716002714,0.21288685471701208,0.3438369669079391,10,5.750806642500978,0.6941833303498076,5.254217803113257,6.247395481888698,10
{},uncertainty_aware,78,4.209972752222547,0.6417018360939551,3.7509269121873383,4.669018592257755,10,0.08296968219164316,0.059794627858248364,0.040195182212242414,0.1257441821710439,10,0.0140625,0.011529137302697216,0.005815052010427764,0.022309947989572237,10,0.17140535212472469,0.07722980362778861,0.11615847875146275,0.22665222549798664,10,0.6134198742771988,0.13908801086827688,0.5139223051623957,0.7129174433920019,10,4.485408801724223,0.8008200963149863,3.9125366153710495,5.058280988077396,10
{},always_ofdm,79,2.6003284272133373,0.641688928562644,2.1412918206697915,3.059365033756883,10,0.04006367933109199,0.05232007155320698,0.0026361548237012825,0.07749120383848271,10,0.028125,0.031075903937867293,0.005894637508216383,0.050355362491783615,10,0.12993512633342857,0.0933466370082946,0.06315896489875827,0.19671128776809887,10,1.0,0.0,1.0,1.0,10,3.4632698878809025,0.9447330140814513,2.7874486019425566,4.139091173819248,10
{},always_otfs,79,1.4145835261273285,0.39796011551924027,1.1299000091827225,1.6992670430719345,10,0.02157513053370271,0.04607473002316349,-0.011384745779915603,0.054535006847321016,10,0.0234375,0.03146626555623586,0.0009278896286836411,0.04594711037131636,10,0.09909655203882065,0.09458470549847767,0.03143472975961133,0.16675837431802998,10,1.0,0.0,1.0,1.0,10,1.2510662372355699,0.5310067008436435,0.871206926660985,1.6309255478101548,10
{},always_afdm,79,1.9467537385156137,0.5206508948719989,1.57430252525992,2.319204951771307,10,0.01762740665377649,0.03719795550949668,-0.00898240770858898,0.044237221016141956,10,0.0203125,0.03458741190809165,-0.00442984396871671,0.045054843968716715,10,0.09758323152979724,0.09408120891727058,0.030281589007095933,0.16488487405249855,10,1.0,0.0,1.0,1.0,10,2.2602166081405235,0.7222928284929091,1.7435194451322693,2.7769137711487777,10
{},random,79,5.641393481023058,0.6305914710714515,5.190295517334748,6.092491444711367,10,0.0980289934147944,0.08482507293258816,0.03734879169150285,0.15870919513808596,10,0.021875,0.021092142428454776,0.006786590251715196,0.0369634097482848,10,0.18248757418030487,0.09474685310265167,0.11470975849266021,0.25026538986794955,10,1.0,0.0,1.0,1.0,10,5.810387683431064,0.7486476341297915,5.274837428204486,6.345937938657642,10
{},rule,79,1.9467537385156137,0.5206508948719989,1.57430252525992,2.319204951771307,10,0.01762740665377649,0.03719795550949668,-0.00898240770858898,0.044237221016141956,10,0.0203125,0.03458741190809165,-0.00442984396871671,0.045054843968716715,10,0.09758323152979724,0.09408120891727058,0.030281589007095933,0.16488487405249855,10,1.0,0.0,1.0,1.0,10,2.2602166081405235,0.7222928284929091,1.7435194451322693,2.7769137711487777,10
{},ucb,79,6.6312303567634725,0.6504443005903323,6.1659305343754225,7.0965301791515225,10,0.05552912969855499,0.05364137767753609,0.017156399730200764,0.09390185966690921,10,0.0171875,0.03489971993281449,-0.007778255670997769,0.04215325567099777,10,0.14529599173183477,0.09897820174203742,0.07449125157336116,0.21610073189030837,10,0.2974010307290714,0.017563370878521476,0.2848369520786866,0.30996510937945626,10,7.138613094693587,0.496031211230805,6.783773742153869,7.493452447233304,10
{},sliding_window_ucb,79,6.655127662021849,0.6149665946057503,6.215207061618494,7.0950482624252045,10,0.05701922108521631,0.07525674592583027,0.003183788164963751,0.11085465400546887,10,0.0234375,0.034743916833662326,-0.0014168008480448836,0.04829180084804488,10,0.14935725999021518,0.07863902963839584,0.09310228705816696,0.20561223292226338,10,0.4722305547270792,0.030744095998958523,0.45023755333585574,0.49422355611830265,10,7.053198153262424,0.7527365449150298,6.514722867467655,7.591673439057193,10
{},discounted_ucb,79,7.314176276220502,0.74705493171772,6.779765371663584,7.848587180777421,10,0.07553345552910838,0.06462734887248239,0.029301835197460345,0.12176507586075641,10,0.015625,0.02551551815399144,-0.0026277021213286372,0.03387770212132864,10,0.15804331231170327,0.08303187264482804,0.09864588879808119,0.21744073582532536,10,0.4642577771936264,0.01735657451837777,0.4518416317476036,0.47667392263964914,10,7.606711972561409,0.6829496915437626,7.118159194272971,8.095264750849847,10
{},thompson,79,5.401215135612582,0.8696627810030704,4.779095859341011,6.023334411884154,10,0.09837642413351903,0.06645866132659389,0.050834761790799876,0.1459180864762382,10,0.0296875,0.03411358936211003,0.005284108261764217,0.05409089173823578,10,0.18105106339348906,0.09407458894000631,0.11375415651724123,0.24834797026973687,10,0.12583213131959936,0.04301111073540399,0.09506383622079888,0.15660042641839983,10,5.632547102480529,0.9382548567804917,4.961360011105503,6.303734193855554,10
{},linucb,79,5.37674913977807,0.7076233180470266,4.870545912374746,5.882952367181394,10,0.0810870917120741,0.08277277571548398,0.021875014976178664,0.14029916844796952,10,0.028125,0.036680868461789605,0.0018850874282089099,0.05436491257179109,10,0.17382297855411727,0.09817506617715181,0.10359276696842942,0.24405319013980512,10,0.15128241221435168,0.029936995209062563,0.12986677594700893,0.17269804848169443,10,5.624823545428772,0.724903313556359,5.106258953902399,6.143388136955144,10
{},sliding_window_linucb,79,5.510288635384757,0.7813907183396348,4.95131538874531,6.069261882024205,10,0.0718410558447226,0.08224234469551034,0.013008426602115757,0.13067368508732943,10,0.025,0.03911454865733039,-0.002980862506638246,0.05298086250663825,10,0.15744970686408713,0.09777222448017282,0.08750767086835327,0.227391742859821,10,0.27897190096784236,0.0582352840153423,0.23731288837527487,0.32063091356040985,10,5.827086879573423,0.725261933749879,5.30826574661499,6.345908012531857,10
{},uncertainty_aware,79,4.291113281571041,0.6944893584368307,3.794305522877843,4.78792104026424,10,0.08114052934849389,0.0910237559985492,0.01602605688593413,0.14625500181105366,10,0.03125,0.035324635328777436,0.005980278166039365,0.05651972183396063,10,0.16068544613390362,0.11060712341545802,0.08156187654715111,0.23980901572065613,10,0.6401723113365388,0.20279555892483941,0.49510110775588967,0.785243514917188,10,4.5649247780664854,0.863513953005241,3.947204108366895,5.182645447766076,10
{},always_ofdm,80,2.6418015413061675,0.6363160250039299,2.186608478428557,3.096994604183778,10,0.04147311409282951,0.05451762815583414,0.0024735522934491924,0.08047267589220983,10,0.0234375,0.024705294220065465,0.005764397165202349,0.04111060283479765,10,0.14282473659205192,0.08285622895219204,0.08355296100695031,0.20209651217715352,10,1.0,0.0,1.0,1.0,10,3.5153362023615125,0.9342264160502944,2.8470308838831984,4.183641520839827,10
{},always_otfs,80,1.4222924442918965,0.4050874753798968,1.1325103212495056,1.7120745673342874,10,0.00770891816456788,0.02437773969587923,-0.009729866279265427,0.025147702608401185,10,0.0203125,0.030414169418034237,-0.0014444861330901622,0.04206948613309017,10,0.09740397938964632,0.09199652521557249,0.03159362974975609,0.16321432902953653,10,1.0,0.0,1.0,1.0,10,1.2577117945137744,0.52610324670998,0.8813602037169028,1.6340633853106459,10
{},always_afdm,80,1.9467537385156137,0.5206508948719989,1.57430252525992,2.319204951771307,10,0.0,0.0,0.0,0.0,10,0.015625,0.02655739329996242,-0.0033730147021765883,0.03462301470217659,10,0.07996649496566557,0.08767214531342667,0.017249620352892528,0.14268336957843863,10,1.0,0.0,1.0,1.0,10,2.249424680994747,0.7322966681933397,1.7255712021703897,2.7732781598191045,10
{},random,80,5.750805714687802,0.5788813429604392,5.336698948253247,6.164912481122357,10,0.10941223366474284,0.10050591836503968,0.037514630869611376,0.1813098364598743,10,0.028125,0.02927806108865666,0.007180736806280962,0.04906926319371904,10,0.19590510196023378,0.0872100572603593,0.13351878522739719,0.2582914186930704,10,1.0,0.0,1.0,1.0,10,5.915534363279856,0.6969016426192657,5.417000960437546,6.414067766122166,10
{},rule,80,1.9467537385156137,0.5206508948719989,1.57430252525992,2.319204951771307,10,0.0,0.0,0.0,0.0,10,0.015625,0.02655739329996242,-0.0033730147021765883,0.03462301470217659,10,0.07996649496566557,0.08767214531342667,0.017249620352892528,0.14268336957843863,10,1.0,0.0,1.0,1.0,10,2.249424680994747,0.7322966681933397,1.7255712021703897,2.7732781598191045,10
{},ucb,80,6.69348360617266,0.665250707952566,6.2175919180251595,7.169375294320161,10,0.062253249409186126,0.08077614283348186,0.004469477794154311,0.12003702102421794,10,0.0234375,0.02969206836195672,0.002197073844196363,0.04467792615580364,10,0.14965203481366204,0.11048509424954388,0.0706157596334782,0.22868830999384587,10,0.28582980564152305,0.019166311191332618,0.2721190525684817,0.2995405587145644,10,7.1975067073958074,0.4859740851304771,6.849861789466355,7.54515162532526,10
{},sliding_window_ucb,80,6.719510103871931,0.6238665392481318,6.273222866605734,7.165797341138128,10,0.0643824418500834,0.06670067996534972,0.01666764980275237,0.11209723389741444,10,0.0125,0.02057126839388698,-0.0022157989105067166,0.027215798910506718,10,0.15608732702773048,0.09389548130519398,0.0889185460349609,0.22325610802050005,10,0.47148551827658747,0.02572900677823997,0.45308009559355267,0.48989094095962227,10,7.118527058178714,0.7741506296345997,6.564733058994381,7.672321057363046,10
{},discounted_ucb,80,7.405880088117233,0.7301896768662087,6.883533860089597,7.92822631614487,10,0.09170381189673024,0.05998573452062576,0.04879260244661744,0.13461502134684306,10,0.01875,0.02530199541977316,0.0006500428411799208,0.03684995715882008,10,0.17290954955514024,0.09920980206091178,0.10193913250913075,0.24387996660114972,10,0.46034584659153577,0.015042679266442635,0.4495849620937184,0.47110673108935314,10,7.688863100005108,0.6633308883569424,7.214344768063588,8.163381431946627,10
{},thompson,80,5.44345397737581,0.8510752696486981,4.834631405716726,6.052276549034895,10,0.04223884176322874,0.045778362404919525,0.009490974072032567,0.07498670945442493,10,0.0234375,0.03146626555623586,0.0009278896286836411,0.04594711037131636,10,0.12899406761016846,0.10763861068799865,0.05199404410351828,0.20599409111681866,10,0.12413363031419959,0.047306423335646074,0.09029265368343721,0.15797460694496196,10,5.6707827479792545,0.9005706534973168,5.026553311669517,6.315012184288992,10
{},linucb,80,5.435671095502069,0.7604689578791152,4.891664374693487,5.97967781631065,10,0.05892195572399744,0.08418271609218478,-0.0012987315974027011,0.1191426430453976,10,0.028125,0.036680868461789605,0.0018850874282089099,0.05436491257179109,10,0.1455452820358097,0.11519632519256115,0.06313879526483247,0.22795176880678691,10,0.13251368206480305,0.021675557594844012,0.11700792224818336,0.14801944188142271,10,5.679610405353139,0.7354863777639976,5.153475145759314,6.205745664946964,10
{},sliding_window_linucb,80,5.575936586454175,0.7702943356042461,5.024901213835977,6.126971959072372,10,0.06564795106941738,0.07116763345802939,0.014737692992369218,0.11655820914646556,10,0.015625,0.020833333333333332,0.0007217311252429165,0.030528268874757084,10,0.15910633056512896,0.08696480703908638,0.09689545527177512,0.2213172058584828,10,0.3063241264378861,0.0753305010433536,0.25243593228496125,0.36021232059081093,10,5.895434788027109,0.71968945260095,5.380599967942052,6.410269608112166,10
{},uncertainty_aware,80,4.313798435203635,0.6715955890411003,3.833367892551777,4.794228977855493,10,0.02268515363259443,0.03835091180498219,-0.004749435978049332,0.050119743243238195,10,0.015625,0.02329237476562281,-0.0010373611454568207,0.03228736114545682,10,0.11626958927092804,0.09185546823096549,0.0505601457191143,0.18197903282274178,10,0.5908488385746369,0.16355934079628898,0.4738455345971111,0.7078521425521627,10,4.590435945225971,0.8286643361406965,3.99764518962148,5.1832267008304616,10
{},always_ofdm,81,2.7065787511356105,0.6239370588689374,2.2602410671716626,3.1529164350995584,10,0.06477720982944415,0.04596627857235388,0.03189491501012695,0.09765950464876136,10,0.025,0.0183404342308948,0.011880043714104458,0.03811995628589555,10,0.17116421540802945,0.05206229304849879,0.1339210945341971,0.2084073362818618,10,1.0,0.0,1.0,1.0,10,3.616333865144624,0.9262233373024318,2.953753604317762,4.278914125971486,10
{},always_otfs,81,1.438361884035166,0.4007575773266921,1.1516771834673607,1.7250465846029712,10,0.01606943974326939,0.03387735565178036,-0.00816496057885481,0.04030384006539359,10,0.00625,0.008068715304598786,0.0004779887844014461,0.012022011215598555,10,0.08597538091906194,0.07831526064914743,0.029952018369417438,0.14199874346870645,10,1.0,0.0,1.0,1.0,10,1.2735206228079188,0.5241698744827811,0.89855208318562,1.6484891624302176,10
{},always_afdm,81,1.9842593361920025,0.5177064805772712,1.6139144300361332,2.3546042423478717,10,0.03750559767638876,0.049101252771374025,0.002380677413707233,0.07263051793907029,10,0.01875,0.02057126839388698,0.004034201089493282,0.03346579891050672,10,0.12558796370521486,0.08536166218398474,0.06452390915525764,0.18665201825517208,10,1.0,0.0,1.0,1.0,10,2.3048460920750444,0.7296987349701474,1.7828510627231942,2.8268411214268947,10
{},random,81,5.857399513894565,0.5754006172472294,5.4457827086368065,6.269016319152324,10,0.10659379920676382,0.08536484690401167,0.045527466445341704,0.16766013196818594,10,0.015625,0.01473139127471974,0.005086797516812859,0.02616320248318714,10,0.19206348802510562,0.08873954526172052,0.12858304148786898,0.25554393456234226,10,1.0,0.0,1.0,1.0,10,6.037431298680045,0.6739991193705436,5.555281374008267,6.519581223351823,10
{},rule,81,1.9842593361920025,0.5177064805772712,1.6139144300361332,2.3546042423478717,10,0.03750559767638876,0.049101252771374025,0.002380677413707233,0.07263051793907029,10,0.01875,0.02057126839388698,0.004034201089493282,0.03346579891050672,10,0.12558796370521486,0.08536166218398474,0.06452390915525764,0.18665201825517208,10,1.0,0.0,1.0,1.0,10,2.3048460920750444,0.7296987349701474,1.7828510627231942,2.8268411214268947,10
{},ucb,81,6.762490782670729,0.7022100578276471,6.2601599683492495,7.264821596992208,10,0.06900717649806928,0.09319111550143251,0.002342268447362489,0.13567208454877608,10,0.0109375,0.016552342272990316,-0.0009033323552663612,0.02277833235526636,10,0.1477412381006124,0.09826671127528888,0.07744546756107222,0.21803700864015257,10,0.2920385172011003,0.020674391817882276,0.27724894823706936,0.30682808616513124,10,7.275081392871501,0.5122032983264581,6.908673226143663,7.641489559599338,10
{},sliding_window_ucb,81,6.81391186091988,0.5872435549522618,6.393823128387637,7.234000593452124,10,0.09440175704794787,0.10357472351850484,0.0203088632931525,0.16849465080274323,10,0.0171875,0.020104436526686233,0.0028056524896307687,0.03156934751036923,10,0.17996453018587513,0.0922963612843269,0.11393969074353703,0.24598936962821322,10,0.4539676252531309,0.03057098880207516,0.4320984572906742,0.4758367932155876,10,7.228325035739672,0.7424876145529394,6.697181393058418,7.759468678420927,10
{},discounted_ucb,81,7.542045398235136,0.6856562341081763,7.0515564760318945,8.032534320438378,10,0.13616531011790314,0.10621750586519463,0.060181883760379154,0.21214873647542715,10,0.01875,0.019207384286026846,0.005009865005018774,0.032490134994981226,10,0.20883457272322087,0.07887869025174435,0.1524081569163204,0.26526098853012137,10,0.46284369141911325,0.023385541862793215,0.4461146825472847,0.4795727002909418,10,7.827531120103413,0.6289554605444859,7.377603487843838,8.277458752362987,10
{},thompson,81,5.483249517497463,0.8796467964966335,4.853988106793077,6.11251092820185,10,0.03979554012165305,0.05649750300790625,-0.0006203388261496953,0.08021141906945581,10,0.0078125,0.011048543456039806,-9.115186239035643e-05,0.015716151862390358,10,0.1318483846851221,0.08317836694376331,0.07234616546306877,0.19135060390717545,10,0.11298484267810846,0.01900133261849111,0.09939210816648934,0.1265775771897276,10,5.732464580039459,0.9137250074093857,5.078825085814908,6.3861040742640105,10
{},linucb,81,5.521626366157802,0.7801765512860502,4.96352168230516,6.0797310500104444,10,0.08595527065573401,0.06519981500366774,0.03931413272369811,0.13259640858776992,10,0.01875,0.02057126839388698,0.004034201089493282,0.03346579891050672,10,0.18726129147238108,0.0895550080950103,0.12319749796577377,0.25132508497898837,10,0.14478123926529446,0.0348168815162735,0.11987474262765042,0.1696877359029385,10,5.796705144200603,0.7525394330794213,5.258370863718689,6.335039424682517,10
{},sliding_window_linucb,81,5.661481257183318,0.7208674430864914,5.14580375346924,6.177158760897397,10,0.08554467072914342,0.091556122030442,0.02004936654915554,0.1510399749091313,10,0.0140625,0.015537951968933646,0.0029473187541081917,0.025177681245891807,10,0.17163049401695146,0.09961568631451385,0.1003697248670958,0.24289126316680712,10,0.2619350388110028,0.04225466371742344,0.23170787331052897,0.29216220431147655,10,5.9968987294191445,0.6793162622108346,5.510945149896438,6.482852308941851,10
{},uncertainty_aware,81,4.355135599991897,0.6432308207079769,3.8949959902538978,4.815275209729895,10,0.041337164788261146,0.0533117870625087,0.003200209742515711,0.07947411983400658,10,0.0234375,0.02681153682548698,0.004257681971727191,0.04261731802827281,10,0.135239717012926,0.07566356222141567,0.08111326524615783,0.18936616877969417,10,0.5974812277820135,0.1448151028375103,0.49388674387578885,0.7010757116882381,10,4.65550910961398,0.788369711279184,4.091543392178382,5.219474827049577,10
{},always_ofdm,82,2.7653703753259657,0.6165775114495371,2.3242973944334344,3.206443356218497,10,0.05879162419035455,0.051186413385935096,0.02217506988195187,0.09540817849875724,10,0.0390625,0.023581732130566187,0.022193145065232348,0.055931854934767655,10,0.1831804201410748,0.05544495675848768,0.14351748742166576,0.22284335286048385,10,1.0,0.0,1.0,1.0,10,3.718419989460891,0.91587898107826,3.0632396352969935,4.373600343624789,10
{},always_otfs,82,1.4457857312345577,0.40496046423858945,1.1560944664892385,1.7354769959798768,10,0.00742384719939162,0.023476266151139707,-0.009370061918646476,0.024217756317429714,10,0.009375,0.013176156917368247,-5.06548452254129e-05,0.01880065484522541,10,0.08805236174654682,0.08142930815851676,0.029801343805499175,0.14630337968759446,10,1.0,0.0,1.0,1.0,10,1.2804786887296573,0.5367347636961811,0.8965217688355744,1.6644356086237402,10
{},always_afdm,82,2.001311456227657,0.5203676746386962,1.629062846521772,2.3735600659335416,10,0.01705212003565406,0.03594952106056931,-0.00866461812199747,0.04276885819330559,10,0.0109375,0.012863634411696322,0.0017354102874837796,0.02013958971251622,10,0.105916101065003,0.08223050822596803,0.04709193912262576,0.16474026300738023,10,1.0,0.0,1.0,1.0,10,2.3296678973152387,0.7052129302001786,1.8251889575042677,2.8341468371262097,10
{},random,82,5.940852394767763,0.5300956511968035,5.561644809849743,6.320059979685783,10,0.083452880873198,0.08746290229608575,0.020885689697909604,0.14602007204848638,10,0.021875,0.02109214242845478,0.006786590251715194,0.036963409748284805,10,0.18454733228283227,0.11320934227714984,0.10356224746247537,0.26553241710318914,10,1.0,0.0,1.0,1.0,10,6.140884335138068,0.6262436043940448,5.692896647903758,6.588872022372378,10
{},rule,82,2.001311456227657,0.5203676746386962,1.629062846521772,2.3735600659335416,10,0.01705212003565406,0.03594952106056931,-0.00866461812199747,0.04276885819330559,10,0.0109375,0.012863634411696322,0.0017354102874837796,0.02013958971251622,10,0.105916101065003,0.08223050822596803,0.04709193912262576,0.16474026300738023,10,1.0,0.0,1.0,1.0,10,2.3296678973152387,0.7052129302001786,1.8251889575042677,2.8341468371262097,10
{},ucb,82,6.843335498658071,0.6816585754033362,6.355706329217121,7.330964668099021,10,0.08084471598734302,0.09545993295919297,0.012556793699800381,0.14913263827488565,10,0.0171875,0.020104436526686233,0.0028056524896307687,0.03156934751036923,10,0.17971059575699153,0.10465068046956467,0.10484800876670934,0.2545731827472737,10,0.2769263870705982,0.013912861156949055,0.26697372575991773,0.28687904838127865,10,7.3736976928036855,0.49122210210524897,7.022298569688586,7.725096815918785,10
{},sliding_window_ucb,82,6.899646320742424,0.5845642622834265,6.481474238723996,7.317818402760853,10,0.08573445982254438,0.10422929795202299,0.011173311726248386,0.16029560791884037,10,0.0234375,0.024705294220065465,0.005764397165202349,0.04111060283479765,10,0.1853096168841804,0.0847468349239537,0.1246853832606763,0.24593385050768451,10,0.46219488312479784,0.026838586483741204,0.44299571493668827,0.4813940513129074,10,7.3325403567990435,0.7169821483770711,6.819642225487149,7.845438488110938,10
{},discounted_ucb,82,7.6463342718297636,0.7046370155805884,7.142267316519176,8.150401227140351,10,0.10428887359462842,0.0833649361861135,0.04465319077661486,0.16392455641264198,10,0.021875,0.025727268823392643,0.003470820574967559,0.04027917942503244,10,0.19215205872813207,0.0987767984995174,0.1214913937700836,0.2628127236861805,10,0.4623899800810107,0.019503060560748,0.44843833102097075,0.4763416291410506,10,7.9385888830067355,0.645918523502041,7.476526606513758,8.400651159499713,10
{},thompson,82,5.5112321444817365,0.8890527200909608,4.875242141376949,6.147222147586524,10,0.02798262698427364,0.05189830328769917,-0.009143182681659333,0.0651084366502066,10,0.009375,0.013176156917368247,-5.06548452254129e-05,0.01880065484522541,10,0.12532921240592396,0.08973182972166201,0.06113892832756325,0.18951949648428468,10,0.11566846174061347,0.0217312952067023,0.10012282963842767,0.13121409384279928,10,5.776699496620576,0.9272610123891364,5.113376927754267,6.440022065486884,10
{},linucb,82,5.58483103780326,0.8368373929204332,4.98619362958835,6.18346844601817,10,0.06320467164545836,0.09434975253453759,-0.004289075408414,0.13069841869933072,10,0.021875,0.024650332429581735,0.004241214461590367,0.03950878553840963,10,0.16266508569118018,0.09342687719194336,0.09583152388699896,0.22949864749536142,10,0.13550723509078333,0.026801333487299718,0.11633471609094692,0.15467975409061974,10,5.878275934066974,0.8285525215104685,5.285565165830408,6.470986702303541,10
{},sliding_window_linucb,82,5.777151136048927,0.713035449582892,5.267076302975304,6.28722596912255,10,0.1156698788656088,0.07750358391012295,0.06022715487665555,0.17111260285456203,10,0.03125,0.02551551815399144,0.012997297878671363,0.04950270212132864,10,0.21178295651485404,0.08802494211801358,0.14881370627150914,0.27475220675819895,10,0.30250268260443963,0.08808719809901161,0.2394888971151487,0.36551646809373056,10,6.12758739010919,0.6483517765019708,5.6637844692786965,6.591390310939684,10
{},uncertainty_aware,82,4.43898382139833,0.6483892361425019,3.975154103555287,4.902813539241373,10,0.08384822140643422,0.09261300862753513,0.017596866100369243,0.15009957671249918,10,0.028125,0.02057126839388698,0.013409201089493283,0.04284079891050672,10,0.18813047003993993,0.05758242866169233,0.1469384820332174,0.22932245804666246,10,0.633302806577797,0.20957872742837083,0.483379216563664,0.78322639659193,10,4.762545283829111,0.7833084511150485,4.202200173804931,5.3228903938532905,10
{},always_ofdm,83,2.7927410503248717,0.6202905600711148,2.3490119144586243,3.236470186191119,10,0.02737067499890631,0.04410852550732893,-0.004182663335724292,0.05892401333353691,10,0.01875,0.01920738428602685,0.005009865005018772,0.032490134994981226,10,0.12527556221753128,0.0854320778832659,0.06416113531080328,0.18638998912425928,10,1.0,0.0,1.0,1.0,10,3.7438644644985315,0.9058985294234186,3.0958236953508074,4.391905233646256,10
{},always_otfs,83,1.4637867139176834,0.4227739679861405,1.1613524362467045,1.7662209915886624,10,0.018000982683125822,0.03799578747854553,-0.00917956628811702,0.04518153165436867,10,0.015625,0.024429248749080364,-0.0018506318007616568,0.03310063180076166,10,0.10815211634136464,0.08808761163161508,0.04513803502866996,0.17116619765405933,10,1.0,0.0,1.0,1.0,10,1.288799717891132,0.5466115972102992,0.8977773369334275,1.6798220988488364,10
{},always_afdm,83,2.0307241155928546,0.5534178479312806,1.634832836178008,2.426615395007701,10,0.02941265936519812,0.047926130590141225,-0.004871629129758446,0.06369694786015469,10,0.0203125,0.024484706819881585,0.0027971958852979033,0.0378278041147021,10,0.12796418895196673,0.08618096522683873,0.06631404031220667,0.1896143375917268,10,1.0,0.0,1.0,1.0,10,2.3578009990873157,0.765165293784458,1.8104347219560066,2.9051672762186245,10
{},random,83,5.9878339402847764,0.5322540572790345,5.607082324669905,6.368585555899648,10,0.046981545517013765,0.056847599855841605,0.006315222371275714,0.08764786866275182,10,0.01875,0.023058274605394433,0.0022551040208555265,0.03524489597914447,10,0.15297360134268678,0.061969068670468,0.10864360011160182,0.19730360257377175,10,1.0,0.0,1.0,1.0,10,6.194026849300864,0.6244382388729481,5.747330642759904,6.640723055841825,10
{},rule,83,2.0307241155928546,0.5534178479312806,1.634832836178008,2.426615395007701,10,0.02941265936519812,0.047926130590141225,-0.004871629129758446,0.06369694786015469,10,0.0203125,0.024484706819881585,0.0027971958852979033,0.0378278041147021,10,0.12796418895196673,0.08618096522683873,0.06631404031220667,0.1896143375917268,10,1.0,0.0,1.0,1.0,10,2.3578009990873157,0.765165293784458,1.8104347219560066,2.9051672762186245,10
{},ucb,83,6.949609483688699,0.6771656475227666,6.465194361235222,7.4340246061421755,10,0.10627398503062609,0.07860467767977136,0.050043586009414116,0.16250438405183806,10,0.0203125,0.019557274328665195,0.006322068746680877,0.034302931253319124,10,0.19707738298820593,0.07695929908460562,0.14202401690801117,0.2521307490684007,10,0.28767604422548265,0.012391353001471647,0.27881180428134056,0.29654028416962475,10,7.470943988612001,0.479249494630371,7.128109552936744,7.813778424287259,10
{},sliding_window_ucb,83,7.009591459082046,0.6151165700756834,6.569563572690544,7.449619345473547,10,0.10994513833962201,0.07247606789312062,0.05809888265339837,0.16179139402584564,10,0.021875,0.021092142428454776,0.006786590251715196,0.0369634097482848,10,0.20786291342475058,0.0924263993280501,0.14174505036979387,0.2739807764797073,10,0.475327433111009,0.029631138221317768,0.4541305937520943,0.4965242724699237,10,7.440572183043903,0.7508872791392078,6.903419782292876,7.97772458379493,10
{},discounted_ucb,83,7.770614808851924,0.7066981608828189,7.265073399015141,8.276156218688708,10,0.12428053702215935,0.0684058409511658,0.07534594628780292,0.1732151277565158,10,0.01875,0.023058274605394433,0.0022551040208555265,0.03524489597914447,10,0.21274714138503006,0.07751217076824965,0.15729827472781516,0.26819600804224497,10,0.4643782903301482,0.02103863012832811,0.44932816097531436,0.47942841968498207,10,8.051504937211874,0.6454654064210726,7.589766801151989,8.51324307327176,10
{},thompson,83,5.587137901365471,0.8963915286447337,4.9458980308800164,6.228377771850926,10,0.07590575688373369,0.0688257492783542,0.026670781827641002,0.1251407319398264,10,0.0203125,0.025568620226319956,0.002021810944508866,0.038603189055491136,10,0.16993410531309702,0.08968405564700262,0.10577799674897112,0.23409021387722292,10,0.12515382195858044,0.03960979988937019,0.09681867806290329,0.1534889658542576,10,5.846802514753782,0.9505413375700617,5.166826204495645,6.526778825011919,10
{},linucb,83,5.670843848989459,0.8810176437555782,5.040601793231331,6.301085904747587,10,0.08601281118619757,0.0936633838600397,0.019010062703681344,0.15301555966871377,10,0.021875,0.02775606790515464,0.002019505140966306,0.04173049485903369,10,0.17731215092903058,0.1037780067600356,0.10307383710353447,0.2515504647545267,10,0.1314337709264641,0.024830551824120285,0.11367106419957829,0.14919647765334992,10,5.955756997816114,0.8732375397797383,5.331080493166411,6.580433502465818,10
{},sliding_window_linucb,83,5.8361531449111315,0.721273877722758,5.320184895373167,6.352121394449096,10,0.05900200886220337,0.08234517874291217,9.581657361690255e-05,0.11790820115078984,10,0.0109375,0.012863634411696322,0.0017354102874837796,0.02013958971251622,10,0.14960071823900822,0.10460136841661907,0.07477340696634914,0.2244280295116673,10,0.28923057815967784,0.10053137538611658,0.21731476450871312,0.36114639181064256,10,6.177357021168309,0.6813003588154772,5.689984104437323,6.664729937899295,10
{},uncertainty_aware,83,4.472989486253052,0.6358552181705456,4.0181260647260295,4.927852907780075,10,0.03400566485472138,0.04437110675132918,0.0022644872138121927,0.06574684249563056,10,0.01875,0.02833639689319884,-0.0015206372083763318,0.03902063720837633,10,0.133799075495423,0.09103548205483421,0.06867621471751975,0.19892193627332624,10,0.7775335004418642,0.23548720672606863,0.6090761008384671,0.9459909000452613,10,4.796513272144643,0.7627275181115376,4.250890874676208,5.342135669613078,10
{},always_ofdm,84,2.7927410503248717,0.6202905600711148,2.3490119144586243,3.236470186191119,10,0.0,0.0,0.0,0.0,10,0.025,0.03142313151874658,0.002521245860284762,0.04747875413971524,10,0.12811723115432772,0.0892712804069962,0.0642564042087614,0.19197805809989404,10,1.0,0.0,1.0,1.0,10,3.735911150219292,0.9101492310649267,3.0848296122970194,4.386992688141564,10
{},always_otfs,84,1.4817647229362718,0.4339599951004637,1.171328443518489,1.7922010023540547,10,0.017978009018588297,0.03799114687270468,-0.009199220263218327,0.04515523830039492,10,0.025,0.02352414539715878,0.008171840132668647,0.041828159867331356,10,0.15589145177373437,0.0703903617158719,0.10553722040526814,0.2062456831422006,10,1.0,0.0,1.0,1.0,10,1.3086206242312985,0.5731981685946782,0.8985793558272266,1.7186618926353705,10
{},always_afdm,84,2.049773413181499,0.5727106614616752,1.6400808863717393,2.4594659399912584,10,0.01904929758864439,0.04085981889014347,-0.010180056031852576,0.048278651209141356,10,0.03125,0.024429248749080364,0.013774368199238343,0.04872563180076166,10,0.16285586103839528,0.07392541037398585,0.10997280819934242,0.21573891387744815,10,1.0,0.0,1.0,1.0,10,2.384586314692143,0.793719434451255,1.8167936358402783,2.952378993544008,10
{},random,84,6.07631030745652,0.5322605121969174,5.6955540742715645,6.457066540641476,10,0.08847636717174323,0.08797659537317881,0.025541702106197925,0.15141103223728852,10,0.0375,0.02775606790515464,0.017644505140966306,0.05735549485903369,10,0.2170014480554101,0.08993585413280825,0.15266521370554575,0.28133768240527446,10,1.0,0.0,1.0,1.0,10,6.274957751922707,0.6351321591062435,5.82061157569077,6.729303928154644,10
{},rule,84,2.049773413181499,0.5727106614616752,1.6400808863717393,2.4594659399912584,10,0.01904929758864439,0.04085981889014347,-0.010180056031852576,0.048278651209141356,10,0.03125,0.024429248749080364,0.013774368199238343,0.04872563180076166,10,0.16285586103839528,0.07392541037398585,0.10997280819934242,0.21573891387744815,10,1.0,0.0,1.0,1.0,10,2.384586314692143,0.793719434451255,1.8167936358402783,2.952378993544008,10
{},ucb,84,7.058969786363318,0.672415545071971,6.577952682502169,7.539986890224466,10,0.10936030267461909,0.07575689572317579,0.05516708414280675,0.16355352120643143,10,0.03125,0.027559909490256152,0.01153482841773167,0.050965171582268334,10,0.24595868767140489,0.055658270695216186,0.20614315935421354,0.2857742159885962,10,0.28355663847581625,0.016912585536900383,0.27145810361387607,0.2956551733377564,10,7.580832130849838,0.4801414035701431,7.237359661955002,7.924304599744674,10
{},sliding_window_ucb,84,7.087829920937582,0.6466381790725025,6.625252833862342,7.550407008012822,10,0.07823846185553754,0.07671045842201601,0.023363105661816964,0.13311381804925812,10,0.0328125,0.0289519627285152,0.01210151352023963,0.05352348647976037,10,0.22094078496767566,0.07137974572496263,0.16987879091563196,0.27200277901971937,10,0.467100175239342,0.03650177676439875,0.4409883771500846,0.4932119733285994,10,7.525442422578012,0.7820631416876385,6.965988153252821,8.084896691903202,10
{},discounted_ucb,84,7.863084756707207,0.7047058092964843,7.358968589336865,8.36720092407755,10,0.09246994785528274,0.06335555414768748,0.047148114663016286,0.1377917810475492,10,0.028125,0.027362344867841035,0.008551157634755304,0.0476988423652447,10,0.2320649660824247,0.07324453611437964,0.17966898134709083,0.2844609508177586,10,0.4581219151855649,0.022566475811796098,0.44197883086977774,0.47426499950135204,10,8.147499357860731,0.663443153431465,7.672900716322851,8.622097999398612,10
{},thompson,84,5.639291852091743,0.8551597400897526,5.027547426295344,6.251036277888142,10,0.05215395072627262,0.055163140976596886,0.01269261687265566,0.09161528457988959,10,0.025,0.02352414539715878,0.008171840132668647,0.041828159867331356,10,0.19244281354885293,0.10534324320462296,0.11708479702321661,0.26780083007448924,10,0.1273909758742128,0.030657337788344733,0.1054600375681031,0.1493219141803225,10,5.903174782869067,0.9185362201810471,5.246093554362129,6.560256011376006,10
{},linucb,84,5.727944955582122,0.9026790646401965,5.082207252800662,6.373682658363582,10,0.05710110659266286,0.04867563115191254,0.022280657694801045,0.09192155549052468,10,0.025,0.024650332429581735,0.0073662144615903695,0.04263378553840963,10,0.19837989132955847,0.08148176176008083,0.140091350342388,0.2566684323167289,10,0.12096213694820586,0.017284539118624008,0.10859752252287255,0.13332675137353917,10,6.018066343712106,0.8789466316851574,5.389305800740939,6.646826886683273,10
{},sliding_window_linucb,84,5.88448279397691,0.7245320024334704,5.366183822426566,6.402781765527254,10,0.0483296490657794,0.055005146168733546,0.008981337889077776,0.08767796024248102,10,0.01875,0.019207384286026846,0.005009865005018774,0.032490134994981226,10,0.18852902970286306,0.08689960426128353,0.12636479766690012,0.250693261738826,10,0.273179806002214,0.03744436537888682,0.24639372063807657,0.2999658913663514,10,6.229815505437604,0.6829479363020955,5.7412639827734155,6.718367028101793,10
{},uncertainty_aware,84,4.532298575128531,0.6172303087601384,4.090758611171651,4.973838539085412,10,0.05930908887547955,0.07392039627349689,0.0064296229078388,0.1121885548431203,10,0.025,0.024650332429581735,0.0073662144615903695,0.04263378553840963,10,0.20087150216715158,0.07548641316613108,0.14687177520047057,0.2548712291338326,10,0.9143405352461238,0.18063572338978018,0.7851215230510451,1.0435595474412025,10,4.861314228878227,0.7633386609887827,4.315254646132009,5.407373811624445,10
{},always_ofdm,85,2.8105955039229142,0.6232082706994185,2.3647791636090343,3.256411844236794,10,0.01785445359804282,0.037717310650459475,-0.009126885051070933,0.04483579224715657,10,0.0234375,0.02969206836195672,0.002197073844196363,0.04467792615580364,10,0.11322885728094365,0.0955065626040175,0.044907578154951985,0.1815501364069353,10,1.0,0.0,1.0,1.0,10,3.7555313053419956,0.8862473686478481,3.1215481297657632,4.389514480918228,10
{},always_otfs,85,1.4980352051427361,0.4452262094077531,1.179539561515889,1.8165308487695833,10,0.016270482206464508,0.034313472684782326,-0.008275897447036797,0.04081686185996582,10,0.0203125,0.031293372678749584,-0.0020734302574103546,0.04269843025741035,10,0.11058641835762821,0.09115474771639971,0.045378240065076805,0.1757945966501796,10,1.0,0.0,1.0,1.0,10,1.325598340430687,0.5812137843114075,0.9098230459679042,1.7413736348934699,10
{},always_afdm,85,2.079459434873729,0.5555834533591958,1.6820189746603775,2.4768998950870804,10,0.02968602169222998,0.04789726726033997,-0.0045776192204234345,0.0639496626048834,10,0.025,0.023524145397158785,0.008171840132668643,0.04182815986733136,10,0.13111851411999614,0.08899566197185976,0.06745485272542237,0.19478217551456992,10,1.0,0.0,1.0,1.0,10,2.422096126653899,0.7709615643235531,1.8705834473634717,2.973608805944327,10
{},random,85,6.158137450076601,0.5149270860530438,5.789780802988104,6.526494097165098,10,0.08182714262008116,0.057134468796253036,0.04095560579670623,0.12269867944345608,10,0.0296875,0.0289519627285152,0.008976513520239628,0.05039848647976037,10,0.1827375981719419,0.11019352236359799,0.10390990095396149,0.26156529538992235,10,1.0,0.0,1.0,1.0,10,6.364086647936409,0.5777420915460688,5.950794852868781,6.777378443004037,10
{},rule,85,2.079459434873729,0.5555834533591958,1.6820189746603775,2.4768998950870804,10,0.02968602169222998,0.04789726726033997,-0.0045776192204234345,0.0639496626048834,10,0.025,0.023524145397158785,0.008171840132668643,0.04182815986733136,10,0.13111851411999614,0.08899566197185976,0.06745485272542237,0.19478217551456992,10,1.0,0.0,1.0,1.0,10,2.422096126653899,0.7709615643235531,1.8705834473634717,2.973608805944327,10
{},ucb,85,7.165862680334769,0.6562243022885048,6.696428093815307,7.635297266854231,10,0.1068928939714509,0.09401575843098528,0.03963807190611407,0.17414771603678772,10,0.028125,0.03107590393786729,0.005894637508216383,0.050355362491783615,10,0.1949175506691226,0.08985176713866344,0.13064146853122355,0.2591936328070217,10,0.2798592107524146,0.019915568969845403,0.2656124709531486,0.2941059505516806,10,7.682140979360719,0.4327287022283899,7.372585513802268,7.99169644491917,10
{},sliding_window_ucb,85,7.175762176559476,0.5874982694503171,6.755491232251993,7.596033120866959,10,0.08793225562189289,0.08740616766906782,0.025405649953850445,0.15045886128993533,10,0.0234375,0.02969206836195672,0.002197073844196363,0.04467792615580364,10,0.17892758946079335,0.10334676160464412,0.10499776983538055,0.25285740908620613,10,0.4570645036370607,0.03151309050539424,0.43452139671499135,0.47960761055913004,10,7.610761309880564,0.72532455493489,7.091895380424972,8.129627239336157,10
{},discounted_ucb,85,7.942826066973697,0.6868040380794239,7.4515160552729025,8.434136078674491,10,0.07974131026649152,0.056269166627302844,0.039488773325441796,0.11999384720754125,10,0.0234375,0.02876396098225849,0.002861001867762232,0.04401399813223777,10,0.17861188439661146,0.10462963894188322,0.10376434960846874,0.2534594191847542,10,0.4608856053013155,0.021336143858418196,0.4456226474450353,0.4761485631575957,10,8.232502540099103,0.6431429976387723,7.772425755200165,8.692579324998041,10
{},thompson,85,5.710730753779271,0.8444516360436338,5.106646444162305,6.314815063396237,10,0.07143890168752653,0.07826082270469974,0.015454481697390499,0.12742332167766257,10,0.0265625,0.030414169418034234,0.00480551386690984,0.04831948613309016,10,0.17301886347579037,0.11733358596423236,0.08908347245190018,0.25695425449968057,10,0.12509683048741366,0.026773375884211973,0.10594431115202094,0.14424934982280638,10,5.982584944186618,0.9130301447230595,5.329442524783444,6.635727363589792,10
{},linucb,85,5.770461242215546,0.9419369871512548,5.096640113451046,6.444282370980047,10,0.04251628663342522,0.07075123271205573,-0.008096096294332,0.09312866956118244,10,0.0171875,0.0289519627285152,-0.0035234864797603696,0.03789848647976037,10,0.12968936564173178,0.09884745585385865,0.05897815545729643,0.20040057582616713,10,0.12978667271418715,0.03212298754404398,0.10680727173357786,0.15276607369479644,10,6.054147007195597,0.9046557188928577,5.406995291143745,6.70129872324745,10
{},sliding_window_linucb,85,5.966832035762885,0.7598762081562745,5.423249342562061,6.51041472896371,10,0.08234924178597454,0.08835059877465826,0.019147030804317774,0.14555145276763132,10,0.021875,0.025727268823392643,0.003470820574967559,0.04027917942503244,10,0.16954746994971978,0.1034756852690383,0.09552542389063728,0.24356951600880228,10,0.2731181288154686,0.09773433929939694,0.20320319424543737,0.3430330633854998,10,6.305754273229082,0.6937509212347154,5.8094747606880555,6.802033785770109,10
{},uncertainty_aware,85,4.606996532587389,0.5893450395110539,4.185404488563186,5.028588576611592,10,0.0746979574588571,0.07036108642679759,0.024364668370604997,0.1250312465471092,10,0.028125,0.02833639689319884,0.00785436279162367,0.048395637208376335,10,0.17495587617362432,0.09071373376511217,0.11006318025676366,0.239848572090485,10,0.8325723104186379,0.21671374687534106,0.6775446349687536,0.9875999858685222,10,4.942661402893611,0.7183336025431775,4.428796499510866,5.4565263062763565,10
{},always_ofdm,86,2.827990270165544,0.6352425156405519,2.3735651496246692,3.2824153907064186,10,0.01739476624262924,0.03674739192074881,-0.008892734344938553,0.043682266830197033,10,0.034375,0.03277527650531723,0.010928979606243935,0.05782102039375607,10,0.16242233101512,0.07589636311794062,0.10812934351930242,0.21671531851093756,10,1.0,0.0,1.0,1.0,10,3.7789940339263195,0.8794741144592688,3.149856152509902,4.408131915342738,10
{},always_otfs,86,1.4980352051427361,0.4452262094077531,1.179539561515889,1.8165308487695833,10,0.0,0.0,0.0,0.0,10,0.025,0.025727268823392647,0.006595820574967555,0.04340417942503245,10,0.12797972092104576,0.09073165559766967,0.06307420449749714,0.1928852373445944,10,1.0,0.0,1.0,1.0,10,1.3146184589209367,0.5734549836152724,0.9043934761183212,1.724843441723552,10
{},always_afdm,86,2.0967143273594404,0.576848906967687,1.68406147804828,2.509367176670601,10,0.017254892485711583,0.03643255175100258,-0.008807385012145702,0.04331716998356887,10,0.0296875,0.022642776165921,0.013489833698960223,0.045885166301039775,10,0.16021791333770052,0.07113985732784955,0.10932752510719812,0.21110830156820293,10,1.0,0.0,1.0,1.0,10,2.443354437560804,0.8252190324283988,1.8530283037601327,3.033680571361475,10
{},random,86,6.203696574209154,0.5022906325333941,5.8443795014131386,6.563013647005169,10,0.04555912413255313,0.05141454451671519,0.00877937464427598,0.08233887362083028,10,0.028125,0.02833639689319884,0.00785436279162367,0.048395637208376335,10,0.19455787552430198,0.10207940058610993,0.12153467135587805,0.26758107969272593,10,1.0,0.0,1.0,1.0,10,6.419684921029914,0.5814032963905426,6.003774057792554,6.835595784267274,10
{},rule,86,2.0967143273594404,0.576848906967687,1.68406147804828,2.509367176670601,10,0.017254892485711583,0.03643255175100258,-0.008807385012145702,0.04331716998356887,10,0.0296875,0.022642776165921,0.013489833698960223,0.045885166301039775,10,0.16021791333770052,0.07113985732784955,0.10932752510719812,0.21110830156820293,10,1.0,0.0,1.0,1.0,10,2.443354437560804,0.8252190324283988,1.8530283037601327,3.033680571361475,10
{},ucb,86,7.24410125327495,0.650903125295521,6.778473207465406,7.709729299084494,10,0.07823857294018079,0.06083709679614123,0.034718335606780046,0.12175881027358153,10,0.0296875,0.024923929404177914,0.011857994976355476,0.04751700502364452,10,0.22453841927692947,0.07515151649574063,0.17077826295620474,0.2782985755976542,10,0.28738702943990047,0.013607400488704638,0.27765288152775647,0.29712117735204446,10,7.767719796206852,0.42053935163848494,7.466884066772403,8.068555525641301,10
{},sliding_window_ucb,86,7.233216019830886,0.5968726494843271,6.806239048026715,7.660192991635057,10,0.05745384327140882,0.07210915960066552,0.005870057966057336,0.1090376285767603,10,0.0234375,0.021156350012072812,0.008303158913357214,0.038571841086642786,10,0.19156655498046088,0.08886946673853945,0.1279931682175456,0.2551399417433762,10,0.4634716082153509,0.034369264575122856,0.43888531744779635,0.4880578989829054,10,7.663368262430231,0.7345812303574302,7.137880506284631,8.18885601857583,10
{},discounted_ucb,86,8.062106264804077,0.7385621831569695,7.533770706580913,8.590441823027241,10,0.1192801978303792,0.07718940229448339,0.0640622258299083,0.1744981698308501,10,0.0328125,0.020104436526686233,0.01843065248963077,0.04719434751036923,10,0.2475406499390982,0.055039012621087346,0.20816811216182396,0.2869131877163724,10,0.46740917629270895,0.023470102215913186,0.4506196765883032,0.4841986759971147,10,8.341083587607406,0.69058231495923,7.847070759447906,8.835096415766905,10
{},thompson,86,5.794039513366879,0.8711076913643094,5.170886610489861,6.417192416243898,10,0.0833087595876092,0.08083715934316128,0.025481339390998912,0.14113617978421947,10,0.0296875,0.022642776165921,0.013489833698960223,0.045885166301039775,10,0.2228997488882254,0.07174143469454501,0.1715790181339711,0.27422047964247964,10,0.12244849227231994,0.02255486816906212,0.10631371156392476,0.1385832729807151,10,6.066525090644047,0.9542489798366358,5.383896492885581,6.749153688402513,10
{},linucb,86,5.816975801627084,0.9644485533572389,5.127050868512519,6.506900734741649,10,0.046514559411538245,0.04371709076957331,0.015241236619804865,0.07778788220327162,10,0.025,0.02676090120555235,0.005856404512136433,0.04414359548786357,10,0.18481344740274572,0.09087264569072252,0.11980707274245579,0.24981982206303566,10,0.12969594795418984,0.025461042809447974,0.11148221514678647,0.14790968076159322,10,6.100000852167547,0.9084147511710103,5.450160086415685,6.749841617919409,10
{},sliding_window_linucb,86,6.018674154739894,0.7814452047007013,5.459661930905775,6.577686378574012,10,0.05184211897700901,0.07097999026568935,0.0010660927534629772,0.10261814520055504,10,0.0296875,0.030768865599462354,0.007676779503997536,0.051698220496002464,10,0.18822504067276677,0.0907541925884232,0.12330340225724241,0.25314667908829114,10,0.2557731463319148,0.0492623226689591,0.22053300360564893,0.29101328905818064,10,6.355019711471054,0.6980150050998222,5.85568985708941,6.854349565852698,10
{},uncertainty_aware,86,4.649766341665025,0.6025609839950663,4.2187201804850245,5.080812502845025,10,0.04276980907763571,0.07394665666154286,-0.010128442439947663,0.09566806059521908,10,0.028125,0.024206145913796356,0.01080896635320434,0.045441033646795664,10,0.17348189744730352,0.1055136042722107,0.09800201195545678,0.24896178293915028,10,0.7124733054272483,0.19986205991522846,0.5695006006218343,0.8554460102326623,10,4.977183697910119,0.7130292106762899,4.46711332788142,5.487254067938818,10
{},always_ofdm,87,2.853197024000397,0.6079528753772075,2.418293736083843,3.288100311916951,10,0.025206753834853456,0.04074086224509055,-0.003937503328091695,0.054351010997798606,10,0.028125,0.036680868461789605,0.0018850874282089099,0.05436491257179109,10,0.1443544011847368,0.08509846998883518,0.08347862298918207,0.20523017938029153,10,1.0,0.0,1.0,1.0,10,3.830025759016774,0.8370706903481793,3.2312214598757762,4.4288300581577715,10
{},always_otfs,87,1.5250935602351734,0.4586535080318427,1.1969926058088163,1.8531945146615305,10,0.027058355092436905,0.04403215197051263,-0.004440348905197393,0.0585570590900712,10,0.0265625,0.027609079751455354,0.006812154131813568,0.04631284586818643,10,0.14419718744303014,0.08275396111598673,0.08499856986081847,0.20339580502524182,10,1.0,0.0,1.0,1.0,10,1.3654929702696836,0.5929919502260638,0.941292083479975,1.7896938570593923,10
{},always_afdm,87,2.1338428092193054,0.5680044564325898,1.727516898678099,2.5401687197605116,10,0.03712848185986512,0.046145906163230305,0.00411768920290842,0.07013927451682182,10,0.0421875,0.0442248535736537,0.010550945579763708,0.07382405442023629,10,0.17015144244025499,0.08144092141599282,0.11189211687527081,0.22841076800523916,10,1.0,0.0,1.0,1.0,10,2.5201832039067753,0.8264009066232654,1.9290116082387971,3.1113547995747535,10
{},random,87,6.316777474854964,0.4510229744125649,5.994135075349534,6.639419874360395,10,0.11308090064580927,0.09898884099783782,0.04226854962222426,0.18389325166939427,10,0.0359375,0.02950878223794853,0.014828188838777453,0.05704681116122254,10,0.22875326630316292,0.07809358054133461,0.17288848414956257,0.2846180484567633,10,1.0,0.0,1.0,1.0,10,6.555115511238794,0.5126755620422785,6.188369507400397,6.921861515077191,10
{},rule,87,2.1338428092193054,0.5680044564325898,1.727516898678099,2.5401687197605116,10,0.03712848185986512,0.046145906163230305,0.00411768920290842,0.07013927451682182,10,0.0421875,0.0442248535736537,0.010550945579763708,0.07382405442023629,10,0.17015144244025499,0.08144092141599282,0.11189211687527081,0.22841076800523916,10,1.0,0.0,1.0,1.0,10,2.5201832039067753,0.8264009066232654,1.9290116082387971,3.1113547995747535,10
{},ucb,87,7.325111332044877,0.675023791964632,6.84222840075654,7.807994263333213,10,0.08101007876992734,0.07562265864248194,0.02691288766082906,0.13510726987902563,10,0.0359375,0.05262736699612136,-0.0017098504246582588,0.07358485042465826,10,0.19987369527108223,0.11207711667564751,0.11969855585389683,0.28004883468826763,10,0.2800124795209449,0.01872349930753439,0.2666184949870323,0.2934064640548575,10,7.874270815383653,0.42653852810516873,7.569143533633519,8.179398097133788,10
{},sliding_window_ucb,87,7.307137153152871,0.5659876620360006,6.902253970411223,7.712020335894518,10,0.07392113332198584,0.09552718467485248,0.005585102055206598,0.14225716458876508,10,0.0328125,0.044469529596117836,0.0010009148973642301,0.06462408510263577,10,0.18487154140119613,0.10174650836355732,0.112086473983125,0.2576566088192673,10,0.4589109050648713,0.04337569535347389,0.4278818018417174,0.4899400082880252,10,7.7549171277371425,0.7072925202971709,7.248950538788663,8.260883716685623,10
{},discounted_ucb,87,8.144586372118033,0.7117138838307556,7.635456930231919,8.653715814004148,10,0.08248010731395404,0.08498966475398868,0.021682163694554425,0.14327805093335366,10,0.040625,0.04670106619054145,0.007217069783577598,0.0740329302164224,10,0.21198698991946766,0.1014652661148296,0.1394031110862796,0.2845708687526557,10,0.46885433478391275,0.023479496656566234,0.452058114701508,0.48565055486631753,10,8.45974790143259,0.6623628583977867,7.9859220564075555,8.933573746457622,10
{},thompson,87,5.902047852067137,0.8376482473337677,5.3028303935478975,6.501265310586377,10,0.10800833870025772,0.1003772407568825,0.036202786320767566,0.17981389107974788,10,0.0453125,0.042600218847246935,0.014838139251007264,0.07578686074899274,10,0.22230510719756724,0.08330304262571937,0.16271370036541782,0.28189651402971666,10,0.1141366358970211,0.028368519956733458,0.09384301923330376,0.13443025256073843,10,6.195507521747331,0.9158336005420789,5.540359630863388,6.850655412631274,10
{},linucb,87,5.89022535758857,0.9403797387677784,5.217518217209529,6.562932497967612,10,0.0732495559614852,0.08006641678511954,0.015973491776509204,0.1305256201464612,10,0.0375,0.040477831724428016,0.008543903536496502,0.06645609646350349,10,0.1944521058463517,0.09107933555557156,0.12929787416384422,0.2596063375288592,10,0.14406313919859587,0.0445280924573755,0.11220966074872499,0.17591661764846675,10,6.201130281919616,0.8682898950299133,5.5799931091100765,6.822267454729155,10
{},sliding_window_linucb,87,6.1082983447113595,0.7184321686666838,5.594362931371467,6.622233758051252,10,0.08962418997146605,0.10625065445956017,0.013617050538038869,0.16563132940489322,10,0.040625,0.05060399083954634,0.0044250856823598375,0.07682491431764016,10,0.19762053496740603,0.10835421741713955,0.12010859724509318,0.27513247268971885,10,0.25897753086430786,0.05307292233126592,0.221011449353654,0.2969436123749617,10,6.459317570344178,0.646301631511705,5.9969812348907485,6.921653905797607,10
{},uncertainty_aware,87,4.6936443130498935,0.5657044893656171,4.288963699833592,5.098324926266195,10,0.04387797138486908,0.07421453049332542,-0.009211905528213507,0.09696784829795167,10,0.03125,0.04540519732854868,-0.001230921476740622,0.06373092147674062,10,0.16261521767954462,0.0961367890979955,0.09384310167874899,0.23138733368034026,10,0.6273410552212183,0.13188400623754093,0.5329969205697841,0.7216851898726525,10,5.04647623949538,0.6602774981116345,4.574142171352519,5.518810307638241,10
{},always_ofdm,88,2.873015284212818,0.6077933057659787,2.4382261455196423,3.3078044229059933,10,0.019818260212420502,0.04192829798010351,-0.010175437303983507,0.04981195772882451,10,0.05625,0.05270462766947299,0.01854738061909835,0.09395261938090166,10,0.1793781016758254,0.08852624022691923,0.11605024436831594,0.24270595898333486,10,1.0,0.0,1.0,1.0,10,3.853900620496309,0.8237210352734564,3.264646089305577,4.443155151687041,10
{},always_otfs,88,1.5428310863890642,0.4599082017712871,1.213832578131295,1.8718295946468333,10,0.01773752615389104,0.037420512399300505,-0.009031495816570884,0.044506548124352965,10,0.0328125,0.037881451137433714,0.005713742319976935,0.05991125768002307,10,0.16266811338439285,0.07605002094895984,0.1082652056979965,0.2170710210707892,10,1.0,0.0,1.0,1.0,10,1.372657843457786,0.5833569898925998,0.9553493920815446,1.7899662948340276,10
{},always_afdm,88,2.154049560696122,0.5982659557719723,1.726075877616927,2.5820232437753172,10,0.02020675147681626,0.04304114967146391,-0.010583032182343223,0.05099653513597574,10,0.04375,0.0440712412527212,0.012223333214387663,0.07527666678561233,10,0.1724324880329105,0.08147302776326505,0.11415019497067909,0.23071478109514193,10,1.0,0.0,1.0,1.0,10,2.537112451743395,0.877528134144963,1.9093666407837335,3.164858262703057,10
{},random,88,6.369247821094522,0.40794534226827484,6.077421303237134,6.661074338951909,10,0.05247034623955808,0.08072342263332578,-0.005275711616206991,0.11021640409532316,10,0.0375,0.04179667218278933,0.007600461906710904,0.0673995380932891,10,0.20164890026729143,0.1027713332165239,0.12813071731322218,0.2751670832213607,10,1.0,0.0,1.0,1.0,10,6.601261171309796,0.4724598602785298,6.263283747457264,6.939238595162328,10
{},rule,88,2.154049560696122,0.5982659557719723,1.726075877616927,2.5820232437753172,10,0.02020675147681626,0.04304114967146391,-0.010583032182343223,0.05099653513597574,10,0.04375,0.0440712412527212,0.012223333214387663,0.07527666678561233,10,0.1724324880329105,0.08147302776326505,0.11415019497067909,0.23071478109514193,10,1.0,0.0,1.0,1.0,10,2.537112451743395,0.877528134144963,1.9093666407837335,3.164858262703057,10
{},ucb,88,7.445284963853844,0.6800598920733616,6.958799423573479,7.931770504134208,10,0.12017363180896783,0.07250065787618638,0.06830978550853996,0.17203747810939568,10,0.0515625,0.040377182173571474,0.02267840388778635,0.08044659611221364,10,0.2621010952991375,0.06405240237434945,0.2162807669155027,0.3079214236827723,10,0.27843419979902745,0.015736280095078336,0.2671771431584463,0.2896912564396086,10,7.980868670486499,0.423012286796959,7.678263909808375,8.283473431164625,10
{},sliding_window_ucb,88,7.369025448013557,0.577512919416076,6.955897592811779,7.782153303215334,10,0.06188829486068566,0.05112563127134462,0.02531522145771585,0.09846136826365547,10,0.0375,0.05006506183624131,0.0016856122667114892,0.07331438773328851,10,0.2161042975193806,0.0973561773196461,0.14645988373314636,0.28574871130561486,10,0.4623649112331093,0.04185702548490987,0.4324221989883491,0.4923076234778695,10,7.815518185060233,0.6884652265229214,7.323019830734234,8.308016539386232,10
{},discounted_ucb,88,8.218901180342273,0.7036435264470458,7.71554492434439,8.722257436340156,10,0.07431480822424105,0.0646097849282659,0.028095752381384675,0.12053386406709743,10,0.0390625,0.04117549036677577,0.009607328608670581,0.06851767139132942,10,0.23257940530684967,0.08114958942446161,0.1745284860939427,0.2906303245197567,10,0.45730669497928667,0.024278556640394158,0.43993886181915165,0.4746745281394217,10,8.53682406654315,0.6545175866118096,8.068610390869571,9.00503774221673,10
{},thompson,88,5.9412481239483785,0.8224751335994889,5.352884857124302,6.529611390772455,10,0.039200271881240464,0.04340483969522373,0.008150320051945333,0.0702502237105356,10,0.0328125,0.04684605587868512,-0.0006991495911330761,0.06632414959113309,10,0.17877280213210986,0.10856289326330551,0.10111158670212922,0.2564340175620905,10,0.11635516911247812,0.027180153074365464,0.09691165890491057,0.13579867932004566,10,6.21877708368315,0.9072938241225084,5.569738180836544,6.867815986529757,10
{},linucb,88,5.947795198623787,0.9526104084370213,5.266338764231991,6.629251633015583,10,0.057569841035216895,0.08027934077321747,0.0001414602049044575,0.11499822186552933,10,0.0328125,0.037881451137433714,0.005713742319976935,0.05991125768002307,10,0.1995726513584296,0.09423715059046492,0.13215945488287734,0.2669858478339819,10,0.14306889202064194,0.026173557375873024,0.12434545699752911,0.16179232704375476,10,6.245199693081755,0.8725322540289917,5.621027719464543,6.869371666698967,10
{},sliding_window_linucb,88,6.153557081751373,0.7444285575069175,5.621024972123862,6.686089191378884,10,0.04525873704001334,0.05640328797496669,0.0049102554666718284,0.08560721861335485,10,0.0390625,0.042472672995573155,0.008679380056832268,0.06944561994316772,10,0.19611946306235242,0.1042298751131687,0.12155790208984499,0.27068102403485983,10,0.27163163975358423,0.050376642469182054,0.23559436066274936,0.3076689188444191,10,6.499933793210239,0.6634731413406504,6.025313699614427,6.974553886806051,10
{},uncertainty_aware,88,4.735670648761908,0.569713785474775,4.328121957885768,5.143219339638048,10,0.04202633571201412,0.04488960398555935,0.009914247493862528,0.0741384239301657,10,0.04375,0.04984785880835583,0.008090989952710952,0.07940901004728904,10,0.20787125980905832,0.055378520995167595,0.1682558523717449,0.24748666724637175,10,0.6049422727096448,0.14141980513777977,0.5037766384608088,0.7061079069584809,10,5.098844259108148,0.6620577991964737,4.625236640289509,5.572451877926787,10
{},always_ofdm,89,2.881463229554926,0.6210498967908775,2.437190896922226,3.3257355621876257,10,0.00844794534210776,0.026714748829670888,-0.010662634724941233,0.027558525409156754,10,0.0296875,0.027013130166437378,0.010363470783077065,0.049011529216922936,10,0.14667008668300924,0.08461496486102103,0.08614018721971711,0.20719998614630136,10,1.0,0.0,1.0,1.0,10,3.867044534235493,0.8599301391323282,3.251887570539668,4.482201497931318,10
{},always_otfs,89,1.5691841579771777,0.4471578660418155,1.249306690437156,1.8890616255171995,10,0.026353071588113508,0.042459384840486815,-0.004020542581545369,0.056726685757772385,10,0.0359375,0.03298154208122409,0.012343926102051293,0.059531073897948705,10,0.17861224204321963,0.059014627183841525,0.13639572093293137,0.22082876315350788,10,1.0,0.0,1.0,1.0,10,1.4177439125571811,0.5834735857173281,1.0003520535525108,1.8351357715618515,10
{},always_afdm,89,2.173964004391574,0.5750405673710222,1.76260476329926,2.585323245483888,10,0.019914443695451922,0.042066263670146445,-0.01017794853011375,0.050006835921017595,10,0.04375,0.030190368221227996,0.022153111598613634,0.06534688840138636,10,0.17176020472973721,0.07727976158678936,0.11647759358549502,0.2270428158739794,10,1.0,0.0,1.0,1.0,10,2.575346483529308,0.8708254072053305,1.9523955145748664,3.1982974524837493,10
{},random,89,6.439932704194412,0.40117001780400224,6.152952961482853,6.7269124469059705,10,0.07068488309988971,0.06239185152682248,0.026052441232778098,0.11531732496700133,10,0.0375,0.03227486121839514,0.014411955137605788,0.060588044862394205,10,0.22296618420799366,0.09425722599961045,0.15553862664986862,0.2903937417661187,10,1.0,0.0,1.0,1.0,10,6.6907011825739655,0.46123327823117644,6.360754771719652,7.020647593428279,10
{},rule,89,2.173964004391574,0.5750405673710222,1.76260476329926,2.585323245483888,10,0.019914443695451922,0.042066263670146445,-0.01017794853011375,0.050006835921017595,10,0.04375,0.030190368221227996,0.022153111598613634,0.06534688840138636,10,0.17176020472973721,0.07727976158678936,0.11647759358549502,0.2270428158739794,10,1.0,0.0,1.0,1.0,10,2.575346483529308,0.8708254072053305,1.9523955145748664,3.1982974524837493,10
{},ucb,89,7.528239013137744,0.6777507255527836,7.043405351074952,8.013072675200537,10,0.08295404928390007,0.06450325310423341,0.03681120171707287,0.12909689685072728,10,0.0265625,0.014823176532039278,0.01595863829912141,0.037166361700878586,10,0.23741239641160283,0.056438183029848266,0.19703895241976693,0.27778584040343873,10,0.2695487472515822,0.010818544910058127,0.2618096264374271,0.27728786806573724,10,8.084754893954278,0.4215708702262495,7.783181260574416,8.38632852733414,10
{},sliding_window_ucb,89,7.430703960973157,0.6036432826875545,6.998883569949143,7.8625243519971715,10,0.06167851295960047,0.0456364404820105,0.029032170096068413,0.09432485582313253,10,0.0359375,0.030414169418034237,0.014180513866909834,0.05769448613309016,10,0.20864362776518766,0.08360437058790168,0.14883666389432373,0.26845059163605156,10,0.4928715742688993,0.03306718601835202,0.46921673438907013,0.5165264141487286,10,7.890635639881597,0.7169448678260647,7.377764177469324,8.40350710229387,10
{},discounted_ucb,89,8.315568622078164,0.704630996539616,7.811505972530103,8.819631271626225,10,0.09666744173589017,0.0664595358584321,0.04912515379078105,0.1442097296809993,10,0.0421875,0.03686528826913831,0.015815661445420973,0.06855933855457903,10,0.2405213812655899,0.07885864860685289,0.18410930238776987,0.2969334601434099,10,0.46717549828899474,0.017443073005050717,0.4546974755531729,0.47965352102481656,10,8.643819274864914,0.6459088120641561,8.181763945516094,9.105874604213733,10
{},thompson,89,6.011357255938588,0.8455084959648378,5.406516914278327,6.616197597598849,10,0.07010913199021022,0.07538605611955339,0.016181196129863143,0.1240370678505573,10,0.040625,0.040477831724428016,0.011668903536496505,0.0695810964635035,10,0.2048672157473304,0.1031310098691879,0.1310917356158552,0.27864269587880564,10,0.11110919372319836,0.011250368682978112,0.10306116479091502,0.11915722265548169,10,6.2901181264866555,0.9488724820844526,5.611335643525245,6.968900609448066,10
{},linucb,89,6.037940994192627,0.9701151392157015,5.343962429750835,6.731919558634418,10,0.0901457955688402,0.07183953495794825,0.03875488811368115,0.14153670302399923,10,0.0453125,0.03642111195218144,0.019258406041232537,0.07136659395876746,10,0.23585946584058742,0.07722321284341768,0.18061730723044112,0.29110162445073373,10,0.1404177268999472,0.030474453443998895,0.11861761617256243,0.16221783762733194,10,6.347532985978517,0.879469360424958,5.718398505393375,6.976667466563659,10
{},sliding_window_linucb,89,6.2548261923149155,0.7444249943656455,5.72229663160512,6.787355753024711,10,0.101269110563542,0.0713835327655731,0.050204407425844325,0.15233381370123966,10,0.0453125,0.03642111195218144,0.019258406041232537,0.07136659395876746,10,0.2437230059132535,0.06882409981470203,0.19448921081237558,0.2929568010141314,10,0.2753304023500983,0.049611807426278014,0.2398402532891467,0.3108205514110499,10,6.610130626179668,0.6731653066129549,6.128577175222333,7.091684077137003,10
{},uncertainty_aware,89,4.762014680990206,0.5481675119570754,4.369879265673267,5.154150096307146,10,0.026344032228298387,0.04129885657974486,-0.003199390035444092,0.05588745449204087,10,0.0328125,0.030768865599462354,0.010801779503997539,0.05482322049600247,10,0.1859603939728705,0.06849193523811196,0.13696421509578097,0.23495657284996005,10,0.6535225081231236,0.18393247646221797,0.5219451408503382,0.7850998753959091,10,5.1512784801371945,0.649298450964259,4.68679834919238,5.615758611082009,10
{},always_ofdm,90,2.892391895842626,0.6116612843933279,2.4548357719261604,3.329948019759091,10,0.01092866628770022,0.0345594772570297,-0.01379369443546295,0.03565102701086339,10,0.0296875,0.029874229999374974,0.008316763258863071,0.05105823674113692,10,0.14666514216085108,0.08421842451756605,0.08641891057075247,0.2069113737509497,10,1.0,0.0,1.0,1.0,10,3.8618301058709745,0.8490932695212021,3.254425371690764,4.469234840051185,10
{},always_otfs,90,1.5767214711125475,0.43831714625997853,1.2631682735223704,1.8902746687027245,10,0.00753731313536956,0.023835076945672842,-0.009513273762480977,0.024587900033220096,10,0.0296875,0.02987422999937497,0.008316763258863071,0.05105823674113692,10,0.14496558812889387,0.0868678430254668,0.08282407671231515,0.2071070995454726,10,1.0,0.0,1.0,1.0,10,1.410829930160706,0.5779796909134224,0.9973681667447829,1.824291693576629,10
{},always_afdm,90,2.192133743129125,0.5844263755312408,1.774060299351117,2.6102071869071333,10,0.01816973873755099,0.03852293269023068,-0.00938790720132951,0.04572738467643149,10,0.0265625,0.02335053309527072,0.009858534891788801,0.043266465108211194,10,0.15968395514433328,0.07096145725317794,0.10892118663927605,0.21044672364939052,10,1.0,0.0,1.0,1.0,10,2.5831508681482718,0.9015942226205844,1.9381892145974478,3.228112521699096,10
{},random,90,6.509810394765172,0.3996038415357006,6.223951027063139,6.795669762467206,10,0.06987769057076092,0.05899339625041165,0.027676357155322295,0.11207902398619954,10,0.03125,0.02551551815399144,0.012997297878671363,0.04950270212132864,10,0.21355818502798024,0.06632743738101435,0.16611039464096244,0.26100597541499804,10,1.0,0.0,1.0,1.0,10,6.752379797076576,0.4550822355148894,6.426833577108387,7.077926017044764,10
{},rule,90,2.192133743129125,0.5844263755312408,1.774060299351117,2.6102071869071333,10,0.01816973873755099,0.03852293269023068,-0.00938790720132951,0.04572738467643149,10,0.0265625,0.02335053309527072,0.009858534891788801,0.043266465108211194,10,0.15968395514433328,0.07096145725317794,0.10892118663927605,0.21044672364939052,10,1.0,0.0,1.0,1.0,10,2.5831508681482718,0.9015942226205844,1.9381892145974478,3.228112521699096,10
{},ucb,90,7.625134915904399,0.6835667779789298,7.136140700572973,8.114129131235824,10,0.09689590276665516,0.06644872593417109,0.049361347775519364,0.14443045775779095,10,0.0375,0.029646353064078555,0.016292276598242818,0.05870772340175718,10,0.232288338686326,0.0931890468394154,0.1656249104672793,0.29895176690537273,10,0.2749566699043755,0.01580992401940228,0.26364693157394514,0.28626640823480587,10,8.165163662115235,0.43748241741889826,7.852207593566153,8.478119730664318,10
{},sliding_window_ucb,90,7.511236356845141,0.6249296909032881,7.064188586700316,7.958284126989967,10,0.08053239587198395,0.07543325679512776,0.026570694682397436,0.13449409706157045,10,0.0375,0.02775606790515464,0.017644505140966306,0.05735549485903369,10,0.21794160827669348,0.08478495450998082,0.15729010554407147,0.2785931110093155,10,0.4791693479454306,0.03257646737751324,0.4558655470342226,0.5024731488566385,10,7.9566976776329215,0.7403018898648686,7.427117608201868,8.486277747063975,10
{},discounted_ucb,90,8.410787938190559,0.6943506222606964,7.914079425379069,8.90749645100205,10,0.09521931611239678,0.06230647040750479,0.05064795221863009,0.1397906800061635,10,0.0359375,0.03214854033752284,0.012939819652108317,0.05893518034789168,10,0.22781561249961474,0.09334734731527704,0.16103894294193918,0.29459228205729027,10,0.4608067901434156,0.02025696889224025,0.44631582755196053,0.4752977527348706,10,8.71975531683916,0.651048401019846,8.254023347036947,9.185487286641374,10
{},thompson,90,6.031982848057352,0.841505087710709,5.4300063721391725,6.633959323975531,10,0.020625592118762658,0.03334003132770262,-0.0032244295373770153,0.044475613774902334,10,0.03125,0.03036954111898594,0.009524939028836547,0.05297506097116345,10,0.16059206460038458,0.08434765401814599,0.1002533877945887,0.22093074140618046,10,0.11103706931410265,0.013127476313679158,0.10164623847491391,0.12042790015329138,10,6.298830620561672,0.9348342834174306,5.630090459964352,6.967570781158992,10
{},linucb,90,6.0896836971500985,0.9554809704412154,5.406173786404534,6.773193607895663,10,0.05174270295747148,0.03718008758104497,0.025145670541119644,0.07833973537382331,10,0.0265625,0.02950878223794853,0.005453188838777455,0.047671811161222544,10,0.19435819763478274,0.09356542332620353,0.1274255258966605,0.26129086937290497,10,0.14507685594593217,0.01618132160841684,0.13350143578533283,0.1566522761065315,10,6.39001161308793,0.8687373695622961,5.768554336281397,7.011468889894463,10
{},sliding_window_linucb,90,6.324187580529934,0.7914632255526882,5.758008896295011,6.8903662647648565,10,0.0693613882150177,0.07334526826158538,0.016893344042525182,0.1218294323875102,10,0.0296875,0.024923929404177914,0.011857994976355476,0.04751700502364452,10,0.20451803643545424,0.07899769133974256,0.1480064923784341,0.2610295804924744,10,0.24740163607147908,0.04740527387479295,0.2134899460248773,0.28131332611808085,10,6.6627690920897535,0.7148132611993459,6.151422489198755,7.1741156949807525,10
{},uncertainty_aware,90,4.809888994519216,0.5643800399485422,4.406155835340051,5.213622153698381,10,0.04787431352900976,0.07421128994955258,-0.005213245238705762,0.10096187229672529,10,0.0359375,0.03298154208122409,0.012343926102051293,0.059531073897948705,10,0.17963556656464705,0.09770964466469641,0.10973829747208971,0.24953283565720438,10,0.6014079981786562,0.16476160159983097,0.48354464863251756,0.7192713477247948,10,5.17903447617647,0.6523005332884784,4.71240678490868,5.645662167444261,10
{},always_ofdm,91,2.9466294771856645,0.5855535518799042,2.5277497000223734,3.3655092543489555,10,0.05423758134303862,0.057280176892498785,0.013261811226755876,0.09521335145932136,10,0.03125,0.02551551815399144,0.012997297878671363,0.04950270212132864,10,0.14709000314096204,0.08672781346977294,0.0850486628340914,0.20913134344783268,10,1.0,0.0,1.0,1.0,10,3.944093845580935,0.801825080471856,3.3705027368707365,4.517684954291134,10
{},always_otfs,91,1.6100309765870418,0.46429255343286874,1.2778960920898788,1.9421658610842047,10,0.03330950547449439,0.04311809425758557,0.002464678974274371,0.06415433197471442,10,0.021875,0.03310468454598063,-0.0018066647105327224,0.04555666471053272,10,0.12486512270490899,0.08820636890744503,0.061766087554813,0.18796415785500498,10,1.0,0.0,1.0,1.0,10,1.470868789434613,0.6272298546452094,1.0221755812720998,1.9195619975971263,10
{},always_afdm,91,2.238093043060845,0.5792022896255852,1.8237566852129241,2.6524294009087663,10,0.04595929993171989,0.04917730040375281,0.010779978470032134,0.08113862139340765,10,0.034375,0.040208873053372465,0.005611304979261537,0.06313869502073846,10,0.14947131438658837,0.08921243676345236,0.08565258164780465,0.21329004712537208,10,1.0,0.0,1.0,1.0,10,2.6677959191038583,0.9049243805512661,2.0204520140792894,3.315139824128427,10
{},random,91,6.598271556649803,0.430948158999288,6.2899898149867015,6.906553298312905,10,0.08846116188463106,0.1020660179718701,0.015447531061723765,0.16147479270753834,10,0.0234375,0.0339541791937638,-0.0008518565734245385,0.04772685657342454,10,0.17789584589611224,0.10388331596821529,0.10358219840128063,0.25220949339094384,10,1.0,0.0,1.0,1.0,10,6.865449379541685,0.4566263569937468,6.538798561609911,7.192100197473459,10
{},rule,91,2.238093043060845,0.5792022896255852,1.8237566852129241,2.6524294009087663,10,0.04595929993171989,0.04917730040375281,0.010779978470032134,0.08113862139340765,10,0.034375,0.040208873053372465,0.005611304979261537,0.06313869502073846,10,0.14947131438658837,0.08921243676345236,0.08565258164780465,0.21329004712537208,10,1.0,0.0,1.0,1.0,10,2.6677959191038583,0.9049243805512661,2.0204520140792894,3.315139824128427,10
{},ucb,91,7.7157530995629795,0.7368220346038562,7.1886623686247315,8.242843830501227,10,0.0906181836585806,0.08998831069695226,0.02624442414329138,0.15499194317386983,10,0.0296875,0.03248430443648474,0.0064496284851329674,0.05292537151486703,10,0.19612986248554337,0.09302836323411033,0.12958138039323075,0.262678344577856,10,0.2825437814621416,0.01679454511012499,0.270529687634681,0.2945578752896022,10,8.296467261169775,0.4795504387777995,7.953417543020338,8.639516979319213,10
{},sliding_window_ucb,91,7.6155111444638,0.6730588879696706,7.134033820817863,8.096988468109735,10,0.10427478761865838,0.08906303542354432,0.0405629301601418,0.16798664507717498,10,0.0296875,0.04064502711484723,0.0006117991593106963,0.0587632008406893,10,0.19550075215990687,0.10504698409888752,0.12035466663152034,0.2706468376882934,10,0.46529176150872775,0.026873400377309762,0.44606768896142956,0.48451583405602594,10,8.087372166361826,0.7886922616250659,7.523175710308772,8.65156862241488,10
{},discounted_ucb,91,8.542181993115696,0.7587395678159136,7.999412403431974,9.084951582799418,10,0.13139405492513612,0.09542292575569393,0.06313260599618782,0.19965550385408443,10,0.0359375,0.039010381898070844,0.00803115390397249,0.0638438460960275,10,0.2224116356240576,0.08908731763837638,0.1586824077154682,0.286140863532647,10,0.46210636375446024,0.014265976944813867,0.4519010986263172,0.47231162888260325,10,8.877340689032215,0.6917117454203758,8.3825199149925,9.37216146307193,10
{},thompson,91,6.098540066672161,0.8630068706865598,5.481182141811144,6.715897991533178,10,0.06655721861481019,0.07553423026238436,0.01252328535810008,0.12059115187152031,10,0.028125,0.03593372564720904,0.0024195612003786796,0.05383043879962132,10,0.16508576262141444,0.11325682058687078,0.08406671386431404,0.24610481137851486,10,0.11844202690986745,0.027960259031114754,0.09844046251873666,0.13844359130099826,10,6.399090119752084,0.9792983192650072,5.6985423040430865,7.0996379354610815,10
{},linucb,91,6.126470472910793,0.9510244340397241,5.446148576256824,6.806792369564762,10,0.036786775760693995,0.04937459333741405,0.0014663194364089721,0.07210723208497902,10,0.0171875,0.034113589362110036,-0.007215891738235784,0.04159089173823578,10,0.12304161062026746,0.10675080330703712,0.04667668625477553,0.1994065349857594,10,0.12468979007610244,0.02108945574457293,0.10960330226568672,0.13977627788651814,10,6.448226960277196,0.8712317426528208,5.824985316454245,7.071468604100148,10
{},sliding_window_linucb,91,6.400122965435794,0.7470688819751928,5.865702081465852,6.9345438494057365,10,0.07593538490586098,0.08366356855684369,0.016086073359093907,0.13578469645262806,10,0.0296875,0.03715845621195202,0.003105941732914789,0.05626905826708521,10,0.1740885890746256,0.08922169876646899,0.11026323069802066,0.23791394745123054,10,0.2830537038814656,0.04203715692128445,0.2529821333697092,0.313125274393222,10,6.772031417733378,0.6838209182118951,6.282855401431211,7.261207434035545,10
{},uncertainty_aware,91,4.866565035028004,0.5790280072342198,4.452353351292339,5.280776718763669,10,0.056676040508787454,0.06983713331226644,0.006717564899429297,0.10663451611814562,10,0.021875,0.03623443152276268,-0.004045550824369887,0.047795550824369884,10,0.1480617273725346,0.12144717508430942,0.06118365196319879,0.23493980278187038,10,0.6056929025747712,0.15864871896566612,0.49220244583647854,0.7191833593130638,10,5.262269940118005,0.6606652571867845,4.7896584858428755,5.734881394393134,10
{},always_ofdm,92,2.9845398774952825,0.5960136040082058,2.5581774298050126,3.4109023251855524,10,0.03791040030961788,0.04913234953152299,0.002763234764809927,0.07305756585442583,10,0.046875,0.03125,0.024520096687864375,0.06922990331213563,10,0.18747636413679528,0.061091543833847836,0.14377410635776283,0.23117862191582772,10,1.0,0.0,1.0,1.0,10,3.9882706729706134,0.8073709586802617,3.4107122819842615,4.565829063956965,10
{},always_otfs,92,1.6100309765870418,0.46429255343286874,1.2778960920898788,1.9421658610842047,10,0.0,0.0,0.0,0.0,10,0.025,0.03227486121839514,0.0019119551376057912,0.04808804486239421,10,0.11416825216644248,0.09528773642258925,0.04600351186054659,0.18233299247233836,10,1.0,0.0,1.0,1.0,10,1.4417375048539387,0.620467273381702,0.9978819559005828,1.8855930538072947,10
{},always_afdm,92,2.2556609795302007,0.5812135056665202,1.8398858843979622,2.6714360746624393,10,0.017567936469355623,0.03728034022606398,-0.009100812368954162,0.044236685307665405,10,0.03125,0.03755782578608322,0.004382749950018413,0.058117250049981584,10,0.14919678702453942,0.08810309410285841,0.08617163021911907,0.2122219438299598,10,1.0,0.0,1.0,1.0,10,2.6736931693812807,0.9032920546681479,2.027516959950024,3.3198693788125375,10
{},random,92,6.644474010812786,0.4668516341049352,6.310508470283879,6.978439551341693,10,0.046202454162983485,0.07665765553818321,-0.008635129123131198,0.10104003744909817,10,0.040625,0.046116549210788865,0.007635208041711056,0.07361479195828895,10,0.17699841397041366,0.09475114051769383,0.10921753125080975,0.24477929669001758,10,1.0,0.0,1.0,1.0,10,6.899148256764983,0.4472360681541416,6.579214846803846,7.21908166672612,10
{},rule,92,2.2556609795302007,0.5812135056665202,1.8398858843979622,2.6714360746624393,10,0.017567936469355623,0.03728034022606398,-0.009100812368954162,0.044236685307665405,10,0.03125,0.03755782578608322,0.004382749950018413,0.058117250049981584,10,0.14919678702453942,0.08810309410285841,0.08617163021911907,0.2122219438299598,10,1.0,0.0,1.0,1.0,10,2.6736931693812807,0.9032920546681479,2.027516959950024,3.3198693788125375,10
{},ucb,92,7.77496988463015,0.7463870416763587,7.24103675982676,8.308903009433541,10,0.05921678506716965,0.04961407041315889,0.023725017162924668,0.09470855297141464,10,0.028125,0.03813126087025651,0.0008475392024190412,0.05540246079758096,10,0.20425678269646091,0.09450420440946519,0.13665254742721628,0.27186101796570555,10,0.26485544122184546,0.01263440232468369,0.25581733426584785,0.27389354817784306,10,8.35742450711912,0.49904830629652286,8.000426854788119,8.714422159450121,10
{},sliding_window_ucb,92,7.654934666994528,0.6837198217029483,7.165830970778208,8.144038363210848,10,0.03942352253072714,0.07776246156968566,-0.01620439137980039,0.09505143644125466,10,0.03125,0.03608439182435161,0.005436781110060882,0.05706321888993912,10,0.16979470362712984,0.10326440467866617,0.09592379859747135,0.24366560865678832,10,0.46130153395298673,0.03773715763728975,0.4343059976247809,0.48829707028119257,10,8.113867333241839,0.7989388166266344,7.542340933305824,8.685393733177854,10
{},discounted_ucb,92,8.59575923965033,0.7745442892224975,8.041683633361187,9.149834845939475,10,0.053577246534634484,0.07200399006582851,0.0020686949823282286,0.10508579808694074,10,0.0328125,0.039287546178429396,0.004707882521924715,0.06091711747807529,10,0.19899735233599367,0.08861734153837815,0.13560432507618747,0.26239037959579986,10,0.4528816935694886,0.026527702526849425,0.43390491836690254,0.47185846877207466,10,8.933038504621091,0.7123075861997362,8.423484353645225,9.442592655596957,10
{},thompson,92,6.198269423552099,0.844363775622339,5.59424796549427,6.802290881609928,10,0.09972935687993828,0.07918437998359583,0.043084263812268125,0.15637444994760843,10,0.0421875,0.03759392173462206,0.015294428463952958,0.06908057153604705,10,0.22670112168582754,0.09623676173109405,0.157857489571535,0.2955447538001201,10,0.11973345530218557,0.020784567472479063,0.10486507142276705,0.1346018391816041,10,6.482491704690796,0.9523159625896822,5.801245904169333,7.163737505212259,10
{},linucb,92,6.170608305885906,0.9897169073211051,5.462607481260331,6.87860913051148,10,0.04413783297511292,0.07944320971765507,-0.012692415730291638,0.10096808168051749,10,0.04375,0.04468252206151503,0.011786049266318863,0.07571395073368113,10,0.17800616869636443,0.09850083455950295,0.10754291644860904,0.24846942094411983,10,0.12602664910365027,0.022205374963477624,0.11014188077346597,0.14191141743383456,10,6.482933592226445,0.9199761923033778,5.824822269717366,7.141044914735524,10
{},sliding_window_linucb,92,6.424675473171257,0.7518241072018547,5.886852905995893,6.962498040346622,10,0.024552507735462508,0.03975404434408463,-0.003885822427045143,0.052990837897970156,10,0.0328125,0.03928754617842939,0.004707882521924722,0.06091711747807528,10,0.15647307160503995,0.08865858311906474,0.09305054189567573,0.21989560131440417,10,0.2801147860757435,0.09912201215650505,0.20920717014412743,0.3510224020073596,10,6.785204952591302,0.6924622795766905,6.289847278759688,7.280562626422916,10
{},uncertainty_aware,92,4.903127213653553,0.5760863730166944,4.491019848270286,5.3152345790368205,10,0.036562178625549786,0.05370936775387156,-0.0018591885134496972,0.07498354576454927,10,0.0328125,0.035668528475549854,0.007296771828573658,0.05832822817142634,10,0.17825371835623344,0.08409397281221197,0.1180965141530219,0.23841092255944496,10,0.5845718830066118,0.16807928956158386,0.46433520246511883,0.7048085635481047,10,5.297224121727121,0.6423195880035694,4.837736368597182,5.75671187485706,10
{},always_ofdm,93,3.0229196601528505,0.5710689865884251,2.614401516801058,3.431437803504643,10,0.038379782657568175,0.05000000740386,0.002611932061748791,0.07414763325338755,10,0.0265625,0.016552342272990316,0.014721667644733639,0.038403332355266356,10,0.15908131699252276,0.07127466884960373,0.10809449040892671,0.2100681435761188,10,1.0,0.0,1.0,1.0,10,4.04322984311703,0.7854312480843331,3.481366175620861,4.605093510613198,10
{},always_otfs,93,1.648285449014438,0.4256361760568399,1.3438036710337087,1.9527672269951675,10,0.03825447242739636,0.049401584868939016,0.0029147075246317503,0.07359423733016096,10,0.0234375,0.01518477055949297,0.012574969514418274,0.03430003048558172,10,0.15678897115067367,0.0688127943970788,0.1075632634583676,0.20601467884297975,10,1.0,0.0,1.0,1.0,10,1.4944043291585047,0.5592054605515965,1.0943728410865299,1.8944358172304796,10
{},always_afdm,93,2.2631323853932086,0.5743304905563522,1.8522811026540509,2.673983668132366,10,0.00747140586300807,0.02362665985064147,-0.009430088426585747,0.024372900152601885,10,0.0140625,0.023810686355546794,-0.0029706389207627363,0.03109563892076274,10,0.10628095430381075,0.08662756629080748,0.0443113265087189,0.1682505820989026,10,1.0,0.0,1.0,1.0,10,2.6758519768389846,0.8810661436368646,2.0455752263558384,3.3061287273221307,10
{},random,93,6.734848998494198,0.4613030178145129,6.404852698947324,7.064845298041072,10,0.09037498768141063,0.08269985291009162,0.031215076777956673,0.14953489858486457,10,0.025,0.024650332429581735,0.0073662144615903695,0.04263378553840963,10,0.2010000805494942,0.10669989473775263,0.12467157398061392,0.2773285871183745,10,1.0,0.0,1.0,1.0,10,6.9960261904683705,0.44163392204175694,6.680100314417084,7.311952066519657,10
{},rule,93,2.2631323853932086,0.5743304905563522,1.8522811026540509,2.673983668132366,10,0.00747140586300807,0.02362665985064147,-0.009430088426585747,0.024372900152601885,10,0.0140625,0.023810686355546794,-0.0029706389207627363,0.03109563892076274,10,0.10628095430381075,0.08662756629080748,0.0443113265087189,0.1682505820989026,10,1.0,0.0,1.0,1.0,10,2.6758519768389846,0.8810661436368646,2.0455752263558384,3.3061287273221307,10
{},ucb,93,7.878774076235577,0.7082203466044023,7.372143760330662,8.385404392140492,10,0.10380419160542856,0.08085812567898183,0.045961772995695774,0.16164661021516136,10,0.01875,0.012325166214790868,0.009933107230795183,0.027566892769204814,10,0.21767908023628801,0.06689042364008727,0.16982855374086586,0.26552960673171017,10,0.2760638387989497,0.016545045905798802,0.2642282259503424,0.287899451647557,10,8.470981440509302,0.44640417094837853,8.15164313395938,8.790319747059224,10
{},sliding_window_ucb,93,7.746810535022801,0.688736514000255,7.254118113326384,8.23950295671922,10,0.09187586802827458,0.06552810965821657,0.044999882247908116,0.13875185380864102,10,0.0203125,0.012863634411696322,0.011110410287483781,0.02951458971251622,10,0.2117328540192081,0.06774717117823875,0.1632694472556808,0.2601962607827354,10,0.4640032968554122,0.03664635316084961,0.43778807504251077,0.4902185186683136,10,8.22147804041494,0.7776157897133631,7.6652052150379095,8.77775086579197,10
{},discounted_ucb,93,8.702709460345563,0.7469194249982698,8.168395491456211,9.237023429234915,10,0.10695022069523293,0.07756908652579557,0.051460638957797976,0.16243980243266787,10,0.0203125,0.014823176532039278,0.00970863829912141,0.03091636170087859,10,0.21903327251038865,0.06780195748090218,0.17053067398689747,0.2675358710338798,10,0.461388327765354,0.022896727424412358,0.44500899567776797,0.47776765985294,10,9.047949630285377,0.690053810803667,8.554314871223403,9.541584389347351,10
{},thompson,93,6.251171902589738,0.8414245832109669,5.6492530161214125,6.853090789058064,10,0.052902479037637964,0.07059250254678645,0.002403644829794792,0.10340131324548113,10,0.015625,0.01275775907699572,0.006498648939335681,0.02475135106066432,10,0.16452642538805734,0.08707386808628215,0.10223753252141768,0.226815318254697,10,0.12700468872101006,0.044118952811157866,0.0954438911425746,0.15856548629944553,10,6.542895983232745,0.9510838467736515,5.862531585269257,7.223260381196233,10
{},linucb,93,6.267292292919781,0.9744295977338452,5.570227350781435,6.964357235058127,10,0.09668398703387532,0.05861173448443245,0.054755677998481626,0.138612296069269,10,0.025,0.013176156917368247,0.015574345154774589,0.03442565484522542,10,0.2144670425733357,0.05341455363598446,0.17625657274954962,0.2526775123971218,10,0.13084119215469725,0.03463433632197792,0.10606528048244754,0.15561710382694696,10,6.593278487953673,0.9113865980134525,5.9413117910395306,7.245245184867815,10
{},sliding_window_linucb,93,6.531036320583533,0.742155675550009,6.000130132760392,7.061942508406674,10,0.10636084741227533,0.0702545146660714,0.05610379516904204,0.15661789965550862,10,0.028125,0.023058274605394436,0.011630104020855524,0.04461989597914448,10,0.215800197243648,0.07144874875917606,0.16468884139454554,0.26691155309275044,10,0.2446156890942907,0.05814227478899026,0.20302321129411477,0.28620816689446665,10,6.896883002988842,0.6831500501204538,6.408186896808894,7.3855791091687895,10
{},uncertainty_aware,93,4.968777876986662,0.5398553531495042,4.58258862187639,5.3549671320969345,10,0.06565066333310857,0.05588594136119201,0.02567226923272046,0.10562905743349668,10,0.021875,0.015095184110613998,0.011076555799306817,0.03267344420069318,10,0.18344628089090836,0.07628556915338566,0.12887487216978286,0.23801768961203387,10,0.7867971460416069,0.22541304156024866,0.6255463700616464,0.9480479220215674,10,5.3765482557719215,0.6128903253526115,4.938112928917491,5.814983582626352,10
{},always_ofdm,94,3.0394755945870484,0.5699015305068266,2.6317925990056654,3.4471585901684314,10,0.01655593443419727,0.03493318731589247,-0.008433762360410692,0.04154563122880523,10,0.021875,0.023524145397158785,0.00504684013266864,0.03870315986733136,10,0.141296133726386,0.08141365947945804,0.0830563101759726,0.1995359572767994,10,1.0,0.0,1.0,1.0,10,4.054565682945971,0.7741062825175843,3.500803407778056,4.608327958113886,10
{},always_otfs,94,1.648285449014438,0.4256361760568399,1.3438036710337087,1.9527672269951675,10,0.0,0.0,0.0,0.0,10,0.021875,0.025727268823392643,0.003470820574967559,0.04027917942503244,10,0.1133967038712927,0.09291078737957283,0.04693233047850098,0.17986107726408443,10,1.0,0.0,1.0,1.0,10,1.4778407391323531,0.5606288168320657,1.0767910433154628,1.8788904349492435,10
{},always_afdm,94,2.2631323853932086,0.5743304905563522,1.8522811026540509,2.673983668132366,10,0.0,0.0,0.0,0.0,10,0.0109375,0.012863634411696322,0.0017354102874837796,0.02013958971251622,10,0.10560713981900116,0.08332967691788383,0.045996679962015785,0.16521759967598654,10,1.0,0.0,1.0,1.0,10,2.6514988227605416,0.8706555302409469,2.02866937646574,3.274328269055343,10
{},random,94,6.795544315344275,0.46796875274508376,6.4607796362813295,7.13030899440722,10,0.060695316850076175,0.06534529116011366,0.013950111544870046,0.1074405221552823,10,0.0109375,0.01054607121422739,0.003393295125857597,0.018481704874142402,10,0.16926242258178895,0.09886065915908236,0.09854176732177994,0.23998307784179795,10,1.0,0.0,1.0,1.0,10,7.035328319152716,0.4130225072237901,6.7398698162815585,7.330786822023873,10
{},rule,94,2.2631323853932086,0.5743304905563522,1.8522811026540509,2.673983668132366,10,0.0,0.0,0.0,0.0,10,0.0109375,0.012863634411696322,0.0017354102874837796,0.02013958971251622,10,0.10560713981900116,0.08332967691788383,0.045996679962015785,0.16521759967598654,10,1.0,0.0,1.0,1.0,10,2.6514988227605416,0.8706555302409469,2.02866937646574,3.274328269055343,10
{},ucb,94,7.947248184746355,0.7385983016696964,7.418886788895678,8.475609580597032,10,0.06847410851077788,0.06337218174619698,0.02314038065108765,0.11380783637046812,10,0.015625,0.01948779888944761,0.0016842684819217482,0.029565731518078252,10,0.1875003114992984,0.0964678894702054,0.11849134056066711,0.2565092824379297,10,0.2760647763652601,0.01725760290082506,0.2637194309493505,0.2884101217811697,10,8.528521458111157,0.472608002784117,8.190438059494182,8.866604856728133,10
{},sliding_window_ucb,94,7.7849405384823545,0.6992412863925208,7.284733455309294,8.285147621655415,10,0.038130003459553655,0.035571600581853456,0.01268361332626593,0.06357639359284138,10,0.009375,0.01092509216843908,0.0015596598687479743,0.017190340131252025,10,0.15459955113406204,0.08198638840230693,0.09595002199342943,0.21324908027469464,10,0.46838863989265755,0.026509187142492317,0.4494251097981384,0.48735216998717673,10,8.246117297651558,0.7694560155052687,7.695681623105593,8.796552972197524,10
{},discounted_ucb,94,8.782067827684996,0.717326759596055,8.26892317635772,9.295212479012271,10,0.07935836733943191,0.05770376017202542,0.038079583998878605,0.12063715067998522,10,0.0203125,0.024484706819881585,0.0027971958852979033,0.0378278041147021,10,0.1984139936976585,0.08675732318570366,0.13635154341170305,0.2604764439836139,10,0.4710383243500022,0.01800410759752764,0.45815896164395364,0.48391768705605076,10,9.11640333008559,0.6395032094879829,8.658930292776652,9.573876367394526,10
{},thompson,94,6.275953164245482,0.8488288673213619,5.668737572004886,6.883168756486079,10,0.02478126165574519,0.03376878284055437,0.0006245296439340645,0.048937993667556315,10,0.0125,0.016137430609197572,0.0009559775688028922,0.02404402243119711,10,0.13431128371114187,0.09262010313439906,0.06805485330059721,0.20056771412168653,10,0.11268408280615708,0.02185254971839067,0.09705171045165276,0.1283164551606614,10,6.547246973046443,0.9506852455216894,5.867167717241282,7.227326228851604,10
{},linucb,94,6.309887592273963,0.9805088493792972,5.608473815487802,7.011301369060124,10,0.04259529935418175,0.0382163645559066,0.015256959047345944,0.06993363966101755,10,0.0203125,0.026608416196760003,0.0012779857162357328,0.03934701428376427,10,0.15408759147452317,0.11301195525618841,0.0732437088227635,0.23493147412628285,10,0.13283745431284777,0.03623106712627099,0.10691931023274269,0.15875559839295283,10,6.617405785530751,0.9007991872763594,5.9730128660039234,7.261798705057579,10
{},sliding_window_linucb,94,6.607772806756084,0.7422767363576556,6.076780017248149,7.138765596264019,10,0.07673648617255138,0.06441126546362312,0.030659442599700326,0.12281352974540244,10,0.021875,0.023524145397158785,0.00504684013266864,0.03870315986733136,10,0.1843097185967252,0.09595020548713272,0.11567107647050451,0.2529483607229459,10,0.24307595074552207,0.034693661970684665,0.21825760006076775,0.26789430143027637,10,6.951232427688123,0.6870206934831277,6.459767430048069,7.442697425328177,10
{},uncertainty_aware,94,5.03851129617244,0.5242695849400814,4.663471427985912,5.413551164358968,10,0.06973341918577773,0.06601586079307539,0.022508517262686357,0.11695832110886911,10,0.025,0.024650332429581735,0.0073662144615903695,0.04263378553840963,10,0.17930093114412513,0.11942345031454038,0.09387054122466326,0.264731321063587,10,0.8474523433653267,0.2562700444641971,0.6641277972599243,1.030776889470729,10,5.4258888930186036,0.5792163175745927,5.011542500180483,5.840235285856724,10
{},always_ofdm,95,3.0474912177773192,0.5676285268115022,2.6414342310867234,3.453548204467915,10,0.00801562319027116,0.02534762614692208,-0.010116976224340168,0.026148222604882487,10,0.0171875,0.022642776165921,0.0009898336989602255,0.03338516630103978,10,0.10984129438829737,0.08716287399608175,0.0474887305294088,0.17219385824718594,10,1.0,0.0,1.0,1.0,10,4.057490456421722,0.7575726229033042,3.515555648840143,4.599425264003301,10
{},always_otfs,95,1.6875890786046643,0.4465906329581327,1.3681173851683601,2.0070607720409686,10,0.03930362959022615,0.05352421079536184,0.0010147157601883977,0.07759254342026391,10,0.04375,0.03883614975480677,0.015968292070901596,0.0715317079290984,10,0.17113954987528007,0.08064156156122164,0.11345205190277631,0.22882704784778385,10,1.0,0.0,1.0,1.0,10,1.542063768095087,0.5953878314143807,1.1161489711513883,1.9679785650387858,10
{},always_afdm,95,2.2821805954646037,0.6007552501181198,1.8524261784838543,2.711935012445353,10,0.019048210071395198,0.04025068082133861,-0.009745392424881809,0.047841812567672205,10,0.021875,0.02775606790515464,0.002019505140966306,0.04173049485903369,10,0.12926663542264866,0.08883980191912061,0.06571446959316954,0.19281880125212777,10,1.0,0.0,1.0,1.0,10,2.6738489372706438,0.9272318130222766,2.010547256373069,3.3371506181682187,10
{},random,95,6.8326527050892025,0.4675717670725059,6.498172012468714,7.167133397709691,10,0.03710838974492777,0.04095442023892708,0.007811362396262643,0.0664054170935929,10,0.0234375,0.03146626555623586,0.0009278896286836411,0.04594711037131636,10,0.15085821184606418,0.10350148517989916,0.07681770964257349,0.22489871404955486,10,1.0,0.0,1.0,1.0,10,7.079270010086233,0.42663869692705714,6.7740710718775965,7.38446894829487,10
{},rule,95,2.2821805954646037,0.6007552501181198,1.8524261784838543,2.711935012445353,10,0.019048210071395198,0.04025068082133861,-0.009745392424881809,0.047841812567672205,10,0.021875,0.02775606790515464,0.002019505140966306,0.04173049485903369,10,0.12926663542264866,0.08883980191912061,0.06571446959316954,0.19281880125212777,10,1.0,0.0,1.0,1.0,10,2.6738489372706438,0.9272318130222766,2.010547256373069,3.3371506181682187,10
{},ucb,95,8.022322560670634,0.7647705954691059,7.475238633704994,8.569406487636275,10,0.07507437592427976,0.08047005425814134,0.01750956688546193,0.1326391849630976,10,0.0265625,0.03969966458366563,-0.001836929225345927,0.05496192922534593,10,0.19557782669030227,0.10413078816313898,0.12108714825179191,0.27006850512881264,10,0.26793237653882296,0.013197265253537394,0.25849162169954504,0.2773731313781009,10,8.617182763888913,0.49314190464969826,8.264410296765508,8.969955231012317,10
{},sliding_window_ucb,95,7.826060628585582,0.7217052896276406,7.309783765562134,8.34233749160903,10,0.0411200901032263,0.06345434601008595,-0.004272414530062357,0.08651259473651496,10,0.021875,0.03142313151874658,-0.0006037541397152409,0.044353754139715235,10,0.16425696421722674,0.10609215148921612,0.08836321097825484,0.24015071745619865,10,0.4696653649832106,0.03385411207601882,0.44544759211352725,0.49388313785289395,10,8.303457740956237,0.7898742573706102,7.738415736083759,8.868499745828714,10
{},discounted_ucb,95,8.868437195850873,0.7448535512167789,8.335601064038011,9.401273327663736,10,0.08636936816587694,0.07537625142196908,0.03244844616365793,0.14029029016809594,10,0.025,0.028716768233521296,0.004457261526483958,0.045542738473516045,10,0.19547905037883323,0.1007275113895913,0.12342292948326992,0.2675351712743965,10,0.45801941929865614,0.0191099652685358,0.4443489736706117,0.47168986492670056,10,9.204965859551876,0.6785114691275957,8.719587994319156,9.690343724784597,10
{},thompson,95,6.398172214529074,0.916633809465818,5.742451888665301,7.053892540392847,10,0.12221905028359101,0.10717191745781235,0.045552879002132604,0.1988852215650494,10,0.0375,0.03142313151874658,0.01502124586028476,0.059978754139715235,10,0.223209593306373,0.07941039995212407,0.1664028152933249,0.2800163713194211,10,0.12245029980835213,0.0346163512227167,0.09768725390106382,0.14721334571564043,10,6.66354004544027,1.0163636007146484,5.93647732467387,7.390602766206669,10
{},linucb,95,6.348478852743418,0.9675300964263691,5.6563495165132505,7.040608188973586,10,0.03859126046945545,0.0577802250884321,-0.0027422225771151984,0.0799247435160261,10,0.025,0.0391145486573304,-0.0029808625066382495,0.05298086250663825,10,0.15184329956784562,0.09533726378833063,0.08364312951883121,0.22004346961686003,10,0.12160065045193831,0.013636208574583319,0.11184589447661272,0.1313554064272639,10,6.662332564186052,0.888331531531572,6.026858468297743,7.297806660074361,10
{},sliding_window_linucb,95,6.683175412245562,0.7496732162693206,6.1468914997528135,7.219459324738311,10,0.07540260548947882,0.08322429591475541,0.01586753066084133,0.13493768031811632,10,0.03125,0.03125,0.008895096687864375,0.053604903312135625,10,0.18592753836716017,0.10832749729989462,0.1084347150652473,0.263420361669073,10,0.23614440426179267,0.03608614422821897,0.21032993177764495,0.26195887674594037,10,7.030243445142736,0.7277568139413512,6.509637582409718,7.550849307875753,10
{},uncertainty_aware,95,5.105934331509532,0.5611793500085535,4.704490807982865,5.507377855036199,10,0.06742303533709193,0.09937327277941638,-0.003664321616326696,0.13851039229051054,10,0.0265625,0.032981542081224086,0.002968926102051298,0.0501560738979487,10,0.1736093224798708,0.11612417570450144,0.09053909143745228,0.2566795535222893,10,0.7977688809948832,0.27740608650521126,0.5993245212501814,0.996213240739585,10,5.492581694585928,0.6111467102199094,5.055393674858061,5.929769714313795,10
{},always_ofdm,96,3.0765624366667277,0.5690308891101312,2.66950226042111,3.4836226129123453,10,0.02907121888940852,0.047048931567945665,-0.004585559227094232,0.06272799700591127,10,0.0296875,0.018706546870904138,0.01630564250870415,0.04306935749129585,10,0.1745800542641804,0.054624358788639686,0.13550414196954214,0.2136559665588187,10,1.0,0.0,1.0,1.0,10,4.097580812229663,0.7511103125394383,3.5602688629955153,4.63489276146381,10
{},always_otfs,96,1.704278627352877,0.4590342926444954,1.3759052760241646,2.0326519786815895,10,0.0166895487482125,0.0351847848432788,-0.008480130075140861,0.04185922757156586,10,0.0265625,0.027609079751455354,0.006812154131813568,0.04631284586818643,10,0.1580358707784778,0.07313721085681041,0.10571666190733309,0.21035507964962252,10,1.0,0.0,1.0,1.0,10,1.5656099404173252,0.6260971091624223,1.1177270495586509,2.0134928312759994,10
{},always_afdm,96,2.3038240909619936,0.588573706208632,1.8827838255424965,2.7248643563814907,10,0.0216434954973895,0.0459326655950861,-0.01121475404650837,0.05450174504128737,10,0.034375,0.026352313834736494,0.015523690309549178,0.05322630969045083,10,0.16499065602875418,0.07614310283121596,0.1105211615750635,0.21946015048244485,10,1.0,0.0,1.0,1.0,10,2.704349894843159,0.8858073112020168,2.0706815173998336,3.338018272286484,10
{},random,96,6.877624595160706,0.46160659499137596,6.547411129583862,7.207838060737549,10,0.044971890071503554,0.04820427572953947,0.010488628530211368,0.07945515161279573,10,0.0359375,0.026608416196760003,0.01690298571623573,0.05497201428376426,10,0.19445624057265876,0.08100283491013802,0.13651030321505814,0.2524021779302594,10,1.0,0.0,1.0,1.0,10,7.139236552202651,0.44269042686033167,6.822554898133187,7.455918206272115,10
{},rule,96,2.3038240909619936,0.588573706208632,1.8827838255424965,2.7248643563814907,10,0.0216434954973895,0.0459326655950861,-0.01121475404650837,0.05450174504128737,10,0.034375,0.026352313834736494,0.015523690309549178,0.05322630969045083,10,0.16499065602875418,0.07614310283121596,0.1105211615750635,0.21946015048244485,10,1.0,0.0,1.0,1.0,10,2.704349894843159,0.8858073112020168,2.0706815173998336,3.338018272286484,10
{},ucb,96,8.082661653620727,0.7815981613949805,7.523540011159039,8.641783296082416,10,0.06033909295009203,0.07334897468295315,0.007868397363477588,0.11280978853670648,10,0.028125,0.030190368221227996,0.0065281115986136375,0.04972188840138636,10,0.20159214529616984,0.08076462019718482,0.14381661647858832,0.2593676741137514,10,0.2691154521076665,0.013454102907945124,0.2594909666785902,0.27873993753674287,10,8.684285210728842,0.5356150726272999,8.301129269573456,9.067441151884227,10
{},sliding_window_ucb,96,7.890164321357062,0.7296567925208326,7.368199295825983,8.412129346888142,10,0.06410369277148129,0.051916964262528224,0.026964533848331876,0.1012428516946307,10,0.028125,0.02927806108865666,0.007180736806280962,0.04906926319371904,10,0.20181257040041647,0.0951711369863677,0.133731240306456,0.26989390049437695,10,0.4565328149969995,0.028690897966694794,0.43600858299751755,0.47705704699648144,10,8.370780612900417,0.7996683545179871,7.798732332995642,8.94282889280519,10
{},discounted_ucb,96,8.931376578280487,0.7477216159347397,8.396488756564809,9.466264399996165,10,0.06293938242961275,0.052030041209160466,0.025719333131781888,0.10015943172744361,10,0.0296875,0.033308910323582255,0.005859740969079121,0.05351525903092087,10,0.21725800383267932,0.0871526321640683,0.15491276653905153,0.2796032411263071,10,0.46023436109737964,0.021585980470819166,0.4447926808950497,0.4756760412997096,10,9.287734164928315,0.6656296990823022,8.81157136285885,9.76389696699778,10
{},thompson,96,6.459679936378565,0.9173209554169887,5.8034680559132,7.115891816843931,10,0.06150772184949177,0.059347511387685147,0.01905306972508955,0.10396237397389399,10,0.0234375,0.016876928902103804,0.01136447235800583,0.035510527641994166,10,0.21329067961352172,0.07696103169332082,0.15823607409971716,0.26834528512732625,10,0.10929672159107454,0.017490282418486207,0.09678492727532398,0.1218085159068251,10,6.742341026597552,1.01435455941459,6.016715487399566,7.467966565795539,10
{},linucb,96,6.458011720419177,1.00883216562012,5.736336663759651,7.179686777078702,10,0.10953286767575843,0.09749891922801802,0.03978634247959638,0.17927939287192046,10,0.03125,0.020833333333333332,0.016346731125242916,0.046153268874757084,10,0.2332661507395338,0.07631198246586214,0.1786758470729182,0.2878564544061494,10,0.12339333083990847,0.019678123139605076,0.10931644955510303,0.13747021212471391,10,6.761109016469346,0.9269289497787002,6.098023990884633,7.424194042054059,10
{},sliding_window_linucb,96,6.768233723086068,0.8089949373996117,6.189513607707651,7.346953838464485,10,0.08505831084050583,0.08704545584922606,0.022789742863858826,0.14732687881715284,10,0.0390625,0.025779934730759544,0.020620645654422502,0.0575043543455775,10,0.22462876948008473,0.05910529856144882,0.18234738597364963,0.2669101529865198,10,0.25399248188366796,0.053388159869269085,0.2158008930231768,0.29218407074415914,10,7.120382516166582,0.7805144905356197,6.562036085137955,7.678728947195208,10
{},uncertainty_aware,96,5.169191000393507,0.5788465168230471,4.755109147076844,5.58327285371017,10,0.06325666888397526,0.07758510669690319,0.0077556270065033545,0.11875771076144716,10,0.0328125,0.018706546870904138,0.019430642508704153,0.04619435749129585,10,0.2074824014982617,0.07624406010052445,0.15294068656476148,0.26202411643176193,10,0.7125840035430219,0.19876973594754016,0.5703927002314702,0.8547753068545736,10,5.56557439762795,0.5946558663899507,5.140183216919419,5.990965578336481,10
{},always_ofdm,97,3.114578411294919,0.5810171438959632,2.6989437849113207,3.530213037678517,10,0.0380159746281908,0.04935902250431658,0.002706657006894049,0.07332529224948756,10,0.0359375,0.030414169418034237,0.014180513866909834,0.05769448613309016,10,0.16702210462464856,0.07680846249079792,0.11207664054350988,0.22196756870578724,10,1.0,0.0,1.0,1.0,10,4.15274375946427,0.7628855287595138,3.6070083279875855,4.6984791909409545,10
{},always_otfs,97,1.7301701348270402,0.48441473963843446,1.3836407054641424,2.076699564189938,10,0.0258915074741634,0.04179555107597161,-0.004007228627621286,0.055790243575948084,10,0.0296875,0.03248430443648474,0.0064496284851329674,0.05292537151486703,10,0.14672982349908803,0.0857943235605729,0.08535626164543406,0.208103385352742,10,1.0,0.0,1.0,1.0,10,1.6004806065263715,0.6436769303416854,1.140021869181071,2.060939343871672,10
{},always_afdm,97,2.3336606239553186,0.5800946435662575,1.9186859145533517,2.7486353333572855,10,0.02983653299332545,0.04842211854413901,-0.004802563909810459,0.06447562989646136,10,0.0359375,0.03379401707814237,0.01176271650206295,0.06011228349793704,10,0.15154996510480911,0.0866084227298707,0.0895940317882386,0.21350589842137963,10,1.0,0.0,1.0,1.0,10,2.744040702557926,0.8786751423668764,2.1154743713454933,3.372607033770359,10
{},random,97,6.968768058839625,0.4858651278475943,6.62120108425494,7.316335033424309,10,0.09114346367891869,0.09028510569062813,0.02655738981524068,0.15572953754259672,10,0.040625,0.030547663122114953,0.018772518223789735,0.062477481776210264,10,0.21274687356734603,0.10293744286210194,0.13910986293116126,0.2863838842035308,10,1.0,0.0,1.0,1.0,10,7.240124268379955,0.4813545223941864,6.895783986556555,7.584464550203355,10
{},rule,97,2.3336606239553186,0.5800946435662575,1.9186859145533517,2.7486353333572855,10,0.02983653299332545,0.04842211854413901,-0.004802563909810459,0.06447562989646136,10,0.0359375,0.03379401707814237,0.01176271650206295,0.06011228349793704,10,0.15154996510480911,0.0866084227298707,0.0895940317882386,0.21350589842137963,10,1.0,0.0,1.0,1.0,10,2.744040702557926,0.8786751423668764,2.1154743713454933,3.372607033770359,10
{},ucb,97,8.194566731091296,0.7554883161700764,7.654122946725529,8.735010515457063,10,0.11190507747056648,0.10304185867135011,0.038193372264141656,0.1856167826769913,10,0.0390625,0.03314563036811941,0.015351544412828936,0.06277345558717107,10,0.22563112843725674,0.09442715018696791,0.15808201443821107,0.2931802424363024,10,0.2689538427059964,0.016074184456840408,0.2574550638466652,0.28045262156532763,10,8.798057181776059,0.5237574986681275,8.423383638040635,9.172730725511483,10
{},sliding_window_ucb,97,7.950758286742125,0.7202972541915365,7.43548867159177,8.46602790189248,10,0.06059396538506353,0.09253076640041116,-0.005598557375864448,0.1267864881459915,10,0.0328125,0.038590903235088965,0.005206230862451339,0.060418769137548664,10,0.1924369383467653,0.08739919015535698,0.12991532409134254,0.2549585526021881,10,0.4588846569304376,0.02366270345321652,0.44195737860082507,0.47581193526005017,10,8.45135839385714,0.793369727442393,7.883815880329137,9.018900907385143,10
{},discounted_ucb,97,9.076171330570848,0.8213124195526357,8.488639819269876,9.66370284187182,10,0.14479475229036315,0.10007482844497691,0.07320553264665056,0.21638397193407574,10,0.0359375,0.027609079751455358,0.016187154131813566,0.055687845868186425,10,0.25252832832953137,0.05812487634460313,0.21094829662670123,0.2941083600323615,10,0.4687281693753419,0.015705911151648225,0.45749283736817103,0.47996350138251276,10,9.428403335867804,0.7225129411350182,8.911548713760922,9.945257957974686,10
{},thompson,97,6.517214127388011,0.9179620040118219,5.860543668383258,7.173884586392765,10,0.05753419100944559,0.08521986228228876,-0.003428426001564934,0.11849680802045612,10,0.0328125,0.03715845621195202,0.006230941732914792,0.059394058267085215,10,0.1850012118647315,0.06819840305948129,0.13621501325875524,0.23378741047070778,10,0.10603369280761779,0.018389278968629658,0.09287879510126243,0.11918859051397315,10,6.815483081072243,1.0223660234643512,6.084126485739182,7.546839676405304,10
{},linucb,97,6.520560314708146,0.9831807482470378,5.817235176614844,7.223885452801449,10,0.0625485942889692,0.08048302698253275,0.004974505122168488,0.1201226834557699,10,0.025,0.023524145397158785,0.008171840132668643,0.04182815986733136,10,0.19317038011204937,0.09168679477112905,0.1275815982845866,0.25875916193951215,10,0.12882316552097012,0.03274347793770168,0.10539989245215838,0.15224643858978187,10,6.842420239191354,0.9433019227188564,6.16762269434234,7.517217784040367,10
{},sliding_window_linucb,97,6.8314533194744715,0.8175205530077253,6.246634346092988,7.416272292855955,10,0.06321959638840266,0.06336151617817176,0.017893498216455563,0.10854569456034976,10,0.0375,0.03770200223094554,0.010529612334505306,0.06447038766549469,10,0.2032854952976056,0.08020202057167417,0.14591242600743956,0.2606585645877716,10,0.2688710962815094,0.08528004947044862,0.2078654239497967,0.3298767686132221,10,7.211808854074147,0.8138044154274524,6.629648245374315,7.793969462773979,10
{},uncertainty_aware,97,5.242263886880911,0.5689850115057321,4.835236529496431,5.649291244265392,10,0.07307288648740448,0.07004117790682028,0.02296844616820265,0.12317732680660631,10,0.0375,0.03142313151874657,0.015021245860284763,0.059978754139715235,10,0.1950108828560717,0.07759916834887597,0.13949978187875148,0.25052198383339197,10,0.6637827563442675,0.17950451988856794,0.5353729583858591,0.792192554302676,10,5.648726123093979,0.5804654221477019,5.2334861746731836,6.063966071514775,10
{},always_ofdm,98,3.1499785848266626,0.5793424587945365,2.7355419559957257,3.5644152136575995,10,0.03540017353174401,0.05809931906226382,-0.006161575592666418,0.07696192265615444,10,0.0453125,0.0289519627285152,0.024601513520239628,0.06602348647976036,10,0.18789630035286672,0.05841025268970209,0.14611212271076432,0.22968047799496913,10,1.0,0.0,1.0,1.0,10,4.187771056562479,0.7490896232411082,3.6519046213727484,4.723637491752209,10
{},always_otfs,98,1.7401438014421415,0.4942198387415404,1.3866002267219368,2.0936873761623462,10,0.00997366661510146,0.03153950312690253,-0.012588334758169105,0.03253566798837203,10,0.034375,0.03359274061791063,0.01034420100790262,0.058405798992097385,10,0.14932784764718537,0.08677745769426287,0.08725099400148342,0.21140470129288733,10,1.0,0.0,1.0,1.0,10,1.5969394509189,0.6610953258344909,1.1240203440665852,2.069858557771215,10
{},always_afdm,98,2.345464940427828,0.589593535955565,1.9236951327559297,2.767234748099726,10,0.01180431647250882,0.037328526274572255,-0.014898902588373645,0.038507535533391285,10,0.01875,0.02057126839388698,0.004034201089493282,0.03346579891050672,10,0.14008206737647302,0.07984465193624496,0.0829646442076449,0.19719949054530114,10,1.0,0.0,1.0,1.0,10,2.731253766679742,0.90738585822816,2.082149026600071,3.3803585067594133,10
{},random,98,7.030907563946515,0.45683052301467425,6.704110694441702,7.357704433451328,10,0.062139505106890494,0.08381732424645938,0.0021802033657218403,0.12209880684805915,10,0.025,0.028716768233521296,0.004457261526483958,0.045542738473516045,10,0.19426704347289037,0.0909256292271979,0.1292227666738791,0.2593113202719016,10,1.0,0.0,1.0,1.0,10,7.2815223085981895,0.4495558620049067,6.959929418085438,7.603115199110941,10
{},rule,98,2.345464940427828,0.589593535955565,1.9236951327559297,2.767234748099726,10,0.01180431647250882,0.037328526274572255,-0.014898902588373645,0.038507535533391285,10,0.01875,0.02057126839388698,0.004034201089493282,0.03346579891050672,10,0.14008206737647302,0.07984465193624496,0.0829646442076449,0.19719949054530114,10,1.0,0.0,1.0,1.0,10,2.731253766679742,0.90738585822816,2.082149026600071,3.3803585067594133,10
{},ucb,98,8.27844777293136,0.7540897184186581,7.73900448512577,8.81789106073695,10,0.08388104184006547,0.07833608059901481,0.027842785595500998,0.13991929808462994,10,0.0390625,0.0339541791937638,0.014773143426575461,0.06335185657342454,10,0.22437476354175717,0.08843857458121648,0.1611096184593191,0.28763990862419525,10,0.2668849641093487,0.014156600103766664,0.256757942459804,0.2770119857588934,10,8.869562942063158,0.5390825007217166,8.483926552274415,9.255199331851902,10
{},sliding_window_ucb,98,8.011308164810405,0.7545740592851337,7.47151840042113,8.551097929199681,10,0.0605498780682787,0.06915485092979055,0.011079477873058845,0.11002027826349856,10,0.028125,0.02185018433687816,0.01249431973749595,0.04375568026250405,10,0.20470766045340222,0.0678452043404459,0.15617412499027414,0.25324119591653027,10,0.4855764525237207,0.030572351935613962,0.46370630943427327,0.5074465956131682,10,8.503197051055885,0.8410185108548615,7.90156865125183,9.10482545085994,10
{},discounted_ucb,98,9.145526690272526,0.8048127762802176,8.569798312732823,9.721255067812228,10,0.06935535970167597,0.054789679204158184,0.030161184306095677,0.10854953509725626,10,0.03125,0.03454817489953542,0.006535724496324311,0.05596427550367569,10,0.21971640594581246,0.08651187195254385,0.15782954089458123,0.2816032709970437,10,0.4558704082776325,0.016596203180251012,0.44399819971945426,0.4677426168358107,10,9.49525073855896,0.7245021859367481,8.976973096445459,10.013528380672462,10
{},thompson,98,6.578640389860778,0.93001988572428,5.913344241901428,7.243936537820129,10,0.06142626247276713,0.04576805393018327,0.028685769020163746,0.09416675592537052,10,0.028125,0.030190368221228,0.006528111598613634,0.04972188840138637,10,0.19603349340492754,0.09007729458371978,0.1315960786517175,0.26047090815813756,10,0.1402587517611748,0.049862137619779125,0.1045895272675248,0.1759279762548248,10,6.858647571222512,1.0332032944105374,6.119538459276031,7.597756683168994,10
{},linucb,98,6.604311440671625,0.9508295686247115,5.924128942338023,7.284493939005226,10,0.08375112596347926,0.09281345456297277,0.017356380273221686,0.15014587165373683,10,0.034375,0.03277527650531724,0.010928979606243928,0.05782102039375608,10,0.2144530989250743,0.08689969860281,0.15228879940124887,0.27661739844889977,10,0.12391455977155101,0.020038791803734742,0.10957967166708682,0.1382494478760152,10,6.90400433486177,0.9193384754077306,6.246349207538058,7.561659462185482,10
{},sliding_window_linucb,98,6.908133502436028,0.8168987039563002,6.323759373067965,7.4925076318040915,10,0.07668018296155645,0.05356728782397773,0.038360453681608855,0.11499991224150403,10,0.0421875,0.03536301082659991,0.016890325988651325,0.06748467401134868,10,0.22717503019140298,0.0736728012281726,0.17447268304932345,0.2798773773334825,10,0.2898955525567186,0.0979482363414893,0.21982760526045614,0.3599634998529811,10,7.286114881010893,0.8335323798289302,6.689841736735372,7.8823880252864145,10
{},uncertainty_aware,98,5.321283787743357,0.5545728162655229,4.924566293754412,5.718001281732302,10,0.07901990086244545,0.10951449230339204,0.0006779524874070547,0.15736184923748386,10,0.03125,0.03125,0.008895096687864375,0.053604903312135625,10,0.19906662009896064,0.08950618513915336,0.13503775243099636,0.26309548776692493,10,0.6474199693751401,0.1997358952856403,0.5045375173087934,0.7903024214414869,10,5.694923739938284,0.5427317187049409,5.306676856863784,6.083170623012784,10
{},always_ofdm,99,3.176975097416141,0.5879260318369904,2.756398150331229,3.597552044501053,10,0.026996512589478588,0.043945437122209226,-0.004440159342570148,0.05843318452152732,10,0.028125,0.023058274605394433,0.011630104020855528,0.044619895979144474,10,0.15871884944875436,0.0725415581373047,0.10682574486407878,0.21061195403342994,10,1.0,0.0,1.0,1.0,10,4.230085427547196,0.7601807393179165,3.6862848858768023,4.77388596921759,10
{},always_otfs,99,1.7481707918706242,0.49284375602777597,1.3956116074229221,2.100729976318326,10,0.008026990428482591,0.0253835725103759,-0.010131323465470594,0.026185304322435776,10,0.01875,0.024206145913796356,0.001433966353204339,0.036066033646795656,10,0.12294914933226316,0.08745808877385522,0.060385401543344513,0.1855128971211818,10,1.0,0.0,1.0,1.0,10,1.6034841217871254,0.655451522681539,1.1346023484963135,2.0723658950779376,10
{},always_afdm,99,2.371055544845917,0.5884498134072167,1.9501039069975143,2.7920071826943196,10,0.025590604418089292,0.04121326685563967,-0.0038915906454329054,0.05507279948161149,10,0.01875,0.017738944131173332,0.006060323810823821,0.031439676189176174,10,0.15342987510288414,0.06651211753163117,0.10584997249472364,0.20100977771104464,10,1.0,0.0,1.0,1.0,10,2.7682791633185877,0.8869042173011071,2.1338261065220574,3.402732220115118,10
{},random,99,7.106029849237602,0.4787388793159514,6.763560685753818,7.448499012721387,10,0.07512228529108712,0.052936392411355934,0.037253871401514906,0.11299069918065935,10,0.0171875,0.011529137302697216,0.008940052010427765,0.025434947989572236,10,0.20199359143381196,0.08126652712298704,0.14385902003069445,0.26012816283692947,10,1.0,0.0,1.0,1.0,10,7.367111421567964,0.451210299239979,7.044335017953579,7.689887825182349,10
{},rule,99,2.371055544845917,0.5884498134072167,1.9501039069975143,2.7920071826943196,10,0.025590604418089292,0.04121326685563967,-0.0038915906454329054,0.05507279948161149,10,0.01875,0.017738944131173332,0.006060323810823821,0.031439676189176174,10,0.15342987510288414,0.06651211753163117,0.10584997249472364,0.20100977771104464,10,1.0,0.0,1.0,1.0,10,2.7682791633185877,0.8869042173011071,2.1338261065220574,3.402732220115118,10
{},ucb,99,8.34723637655624,0.757238572381807,7.805540534322162,8.888932218790316,10,0.06878860362488128,0.04162465297407472,0.039012120660508826,0.09856508658925373,10,0.015625,0.01275775907699572,0.006498648939335681,0.02475135106066432,10,0.1931910097782314,0.08918676959176094,0.1293906382279743,0.2569913813284885,10,0.265885305336433,0.01349250453034599,0.256233349041571,0.275537261631295,10,8.946349473377351,0.538522088284736,8.561113978495603,9.331584968259099,10
{},sliding_window_ucb,99,8.07630554196694,0.7728769644594645,7.523422667961557,8.629188415972322,10,0.06499737715653611,0.06721914832926146,0.016911695184544343,0.11308305912852788,10,0.0171875,0.018706546870904138,0.003805642508704153,0.03056935749129585,10,0.1949129260514597,0.07256449585233701,0.14300341281392817,0.24682243928899125,10,0.4665684865992808,0.03426849734207708,0.4420542803677829,0.4910826928307787,10,8.581705498643306,0.8434711453514603,7.978322589814244,9.185088407472367,10
{},discounted_ucb,99,9.210545162587895,0.792463763051669,8.643650736943377,9.777439588232413,10,0.06501847231537258,0.06770929037919851,0.016582163843043063,0.1134547807877021,10,0.01875,0.01920738428602685,0.005009865005018772,0.032490134994981226,10,0.1946397054851775,0.07647791410108462,0.13993070147738357,0.24934870949297144,10,0.4557163156894604,0.019858233920334378,0.44151059091381734,0.4699220404651035,10,9.573485965580101,0.7077050135233284,9.067224296753617,10.079747634406585,10
{},thompson,99,6.652153713720153,0.944283190924799,5.9766542118833925,7.327653215556914,10,0.07351332385937435,0.062087517315762876,0.029098589571872745,0.11792805814687596,10,0.0234375,0.023581732130566187,0.006568145065232348,0.040306854934767655,10,0.19898495913094888,0.06806146352018405,0.15029672117011175,0.247673197091786,10,0.1264348867218521,0.036394347803165486,0.1003999386819161,0.1524698347617881,10,6.941228051889422,1.0196634111588585,6.211804788933304,7.67065131484554,10
{},linucb,99,6.646640008441906,0.9295203365831977,5.98170121641051,7.311578800473303,10,0.042328567770281225,0.07285859636596269,-0.009791332300727158,0.0944484678412896,10,0.021875,0.024650332429581735,0.004241214461590367,0.03950878553840963,10,0.1685124154725162,0.08825489903922054,0.10537866395750606,0.23164616698752633,10,0.13259078943570018,0.022821263607742788,0.116265440910521,0.14891613796087938,10,6.956112271870248,0.9294005147282083,6.291259195230307,7.62096534851019,10
{},sliding_window_linucb,99,6.99902190517013,0.8295249808102764,6.405615481457653,7.592428328882606,10,0.09088840273410306,0.08934448995872474,0.026975204830123417,0.1548016006380827,10,0.0203125,0.014823176532039278,0.00970863829912141,0.03091636170087859,10,0.21005707396440165,0.06816355984146545,0.16129580069505986,0.2588183472337434,10,0.25672118062209215,0.04995173004928294,0.2209878655652723,0.29245449567891196,10,7.379767476511257,0.8230091554681789,6.791022193455464,7.968512759567051,10
{},uncertainty_aware,99,5.38557658635445,0.5879937590243804,4.964951190158315,5.806201982550585,10,0.06429279861109205,0.08222474979504939,0.00547275600204012,0.12311284122014399,10,0.0296875,0.022642776165921,0.013489833698960223,0.045885166301039775,10,0.18983878339442467,0.07519137441347656,0.13605011443698925,0.2436274523518601,10,0.6362742996282333,0.2085573475511403,0.4870813607629147,0.7854672384935519,10,5.7683580448686715,0.5655939984726016,5.363756472075737,6.172959617661606,10
{},always_ofdm,100,3.2031108792796688,0.5837711129348122,2.7855061821252516,3.620715576434086,10,0.02613578186352768,0.042105142161077795,-0.003984422359020138,0.0562559860860755,10,0.025,0.03310468454598064,0.0013183352894672769,0.04868166471053273,10,0.14448107317377112,0.08434843793686823,0.08414183558630353,0.20482031076123872,10,1.0,0.0,1.0,1.0,10,4.264963031959972,0.7381791232899888,3.7369014982580606,4.793024565661884,10
{},always_otfs,100,1.758712570189498,0.4858041024922611,1.4111892505141916,2.1062358898648044,10,0.01054177831887374,0.0333360300762218,-0.013305381014386537,0.034388937652134015,10,0.0265625,0.03536301082659991,0.0012653259886513217,0.05185967401134868,10,0.11431291059669442,0.09822333840683647,0.044048167138134184,0.18457765405525467,10,1.0,0.0,1.0,1.0,10,1.6081935636228244,0.6454214224526443,1.1464868917985074,2.0699002354471414,10
{},always_afdm,100,2.382029609607994,0.5909157417085609,1.959313952919553,2.804745266296435,10,0.01097406476207661,0.03470303983835588,-0.013850994445079754,0.035799123969232974,10,0.028125,0.03813126087025651,0.0008475392024190412,0.05540246079758096,10,0.11969371306100043,0.09846519050158116,0.04925595903623685,0.190131467085764,10,1.0,0.0,1.0,1.0,10,2.7783694076185936,0.8846224686432906,2.145548615482162,3.4111901997550254,10
{},random,100,7.173195387711618,0.49019366931277814,6.822531961096957,7.523858814326279,10,0.06716553847401671,0.06754242788833054,0.01884859623688001,0.11548248071115341,10,0.0296875,0.03715845621195202,0.003105941732914789,0.05626905826708521,10,0.17703837836483077,0.10620030739639984,0.10106725505073157,0.25300950167893,10,1.0,0.0,1.0,1.0,10,7.434546331171798,0.4562709005643186,7.108149791451593,7.760942870892002,10
{},rule,100,2.382029609607994,0.5909157417085609,1.959313952919553,2.804745266296435,10,0.01097406476207661,0.03470303983835588,-0.013850994445079754,0.035799123969232974,10,0.028125,0.03813126087025651,0.0008475392024190412,0.05540246079758096,10,0.11969371306100043,0.09846519050158116,0.04925595903623685,0.190131467085764,10,1.0,0.0,1.0,1.0,10,2.7783694076185936,0.8846224686432906,2.145548615482162,3.4111901997550254,10
{},ucb,100,8.434651468931186,0.7260780678281346,7.915246508823659,8.954056429038712,10,0.08741509237494557,0.06599364920269446,0.04020607966642619,0.13462410508346495,10,0.03125,0.03036954111898594,0.009524939028836547,0.05297506097116345,10,0.2055519711829425,0.08440729252661097,0.14517063155825333,0.26593331080763166,10,0.2624356475746544,0.015022884336895304,0.25168892351639227,0.2731823716329165,10,9.042297975799297,0.5413106077508008,8.655067694260016,9.429528257338578,10
{},sliding_window_ucb,100,8.149005626899074,0.7984057436398503,7.577860564405551,8.720150689392597,10,0.0727000849321322,0.046341211962069,0.039549578923196674,0.10585059094106773,10,0.03125,0.040343576522993925,0.002389943922007233,0.06011005607799277,10,0.18437478114226344,0.08208377632954707,0.1256555848753197,0.24309397740920718,10,0.4680269793609078,0.03969598300759664,0.43963018377642776,0.49642377494538786,10,8.656476811024573,0.8651951046221855,8.037553517905788,9.275400104143358,10
{},discounted_ucb,100,9.28961547667895,0.7802650941968198,8.731447453043613,9.847783500314288,10,0.07907031409105265,0.07053796887334725,0.028610490923113137,0.12953013725899218,10,0.025,0.034704856768661835,0.00017364103920157123,0.04982635896079843,10,0.19381183953675876,0.08829724646019227,0.13064779450170572,0.2569758845718118,10,0.4714623432782573,0.015791683310155836,0.46016565356515654,0.4827590329913581,10,9.657694336355863,0.7064893460091847,9.152302303681008,10.163086369030719,10
{},thompson,100,6.724156091187183,0.9669644779388856,6.032431374048191,7.4158808083261745,10,0.07200237746703039,0.0800377916439848,0.014746790474450017,0.12925796445961077,10,0.028125,0.03439077920670662,0.0035233185921622126,0.05272668140783779,10,0.18876094023002896,0.08204424728062483,0.1300700213412189,0.24745185911883902,10,0.10309561534259282,0.018516331609624757,0.08984982965207755,0.11634140103310808,10,7.020385523358456,1.0375821371826597,6.278143975994699,7.762627070722213,10
{},linucb,100,6.730308560453972,0.9108068068557607,6.078756621148516,7.381860499759428,10,0.08366855201206652,0.09201603941635983,0.01784424275387822,0.14949286127025482,10,0.0234375,0.01983274246318726,0.009250010714270793,0.03762498928572921,10,0.19281679001438232,0.10506402372774104,0.11765851506981995,0.2679750649589447,10,0.13614165947833062,0.017495775181491233,0.12362593587663147,0.1486573830800298,10,7.039325593123635,0.9040243977120654,6.39262549703836,7.686025689208911,10
{},sliding_window_linucb,100,7.066829388285456,0.7994359234746756,6.494947379532681,7.6387113970382305,10,0.06780748311532513,0.07802389700549066,0.011992549560324424,0.12362241667032584,10,0.0328125,0.04323230410301486,0.001885972698120273,0.06373902730187973,10,0.1781658856176985,0.09659414167562083,0.10906659929202701,0.24726517194337,10,0.27098084572483827,0.0970470944218761,0.20155753652404668,0.34040415492562986,10,7.448329893367962,0.8163695443595804,6.864334301971781,8.032325484764142,10
{},uncertainty_aware,100,5.412922889864341,0.5531749010839606,5.017205404154513,5.80864037557417,10,0.02734630350989158,0.04588388886929068,-0.005477053266357033,0.060169660286140195,10,0.025,0.03770200223094554,-0.001970387665494691,0.051970387665494694,10,0.1316060438194855,0.1041894038923039,0.05707343421431749,0.20613865342465354,10,0.5766011732101575,0.17574600976662905,0.45088005142370513,0.7023222949966098,10,5.790360619927162,0.537268209044369,5.406022096219285,6.1746991436350385,10
{},always_ofdm,101,3.232022817877941,0.5879124150444951,2.811455611659578,3.652590024096304,10,0.02891193859827168,0.047182776714667925,-0.004840586568271861,0.06266446376481521,10,0.0171875,0.022642776165921,0.0009898336989602255,0.03338516630103978,10,0.10980743020253655,0.08800964517644051,0.04684912273198644,0.17276573767308667,10,1.0,0.0,1.0,1.0,10,4.310685056328685,0.7634979510221553,3.764511524357039,4.856858588300331,10
{},always_otfs,101,1.7853500301522374,0.4630061999064568,1.4541353475337355,2.116564712770739,10,0.02663745996273943,0.04332697960641392,-0.004356794114324738,0.05763171403980359,10,0.0125,0.01613743060919757,0.0009559775688028956,0.024044022431197104,10,0.10461717994252435,0.08400119643650258,0.04452634396038909,0.1647080159246596,10,1.0,0.0,1.0,1.0,10,1.6487253377315263,0.6173395908385003,1.2071071980851888,2.0903434773778637,10
{},always_afdm,101,2.411738070729517,0.5837744058070606,1.9941310179961964,2.8293451234628377,10,0.02970846112152308,0.0497536391598774,-0.005883148249547127,0.06530007049259329,10,0.025,0.03391420957520772,0.0007392359692392665,0.04926076403076074,10,0.11493864867659156,0.09518301012323559,0.04684882505217691,0.18302847230100622,10,1.0,0.0,1.0,1.0,10,2.8292226504613622,0.8591665491248031,2.2146119261507637,3.4438333747719607,10
{},random,101,7.27768541108321,0.5154324616210492,6.908967240092022,7.646403582074398,10,0.10449002337159115,0.06697355301250589,0.05658002970551887,0.15240001703766343,10,0.0234375,0.02681153682548698,0.004257681971727191,0.04261731802827281,10,0.19160233437417765,0.08730110823781699,0.1291508836958197,0.2540537850525356,10,1.0,0.0,1.0,1.0,10,7.562063259712152,0.509057373313294,7.197905552168203,7.926220967256102,10
{},rule,101,2.411738070729517,0.5837744058070606,1.9941310179961964,2.8293451234628377,10,0.02970846112152308,0.0497536391598774,-0.005883148249547127,0.06530007049259329,10,0.025,0.03391420957520772,0.0007392359692392665,0.04926076403076074,10,0.11493864867659156,0.09518301012323559,0.04684882505217691,0.18302847230100622,10,1.0,0.0,1.0,1.0,10,2.8292226504613622,0.8591665491248031,2.2146119261507637,3.4438333747719607,10
{},ucb,101,8.493825086724243,0.6977898795808413,7.994656277437316,8.99299389601117,10,0.0591736177930556,0.05584705358972166,0.01922304232854729,0.09912419325756391,10,0.0125,0.023058274605394433,-0.003994895979144472,0.028994895979144474,10,0.14808196167531637,0.08290774054410592,0.08877333691720071,0.20739058643343203,10,0.27010573248682357,0.01573711408044843,0.25884807924904846,0.2813633857245987,10,9.126294531640792,0.5168099725200137,8.756590948714955,9.495998114566628,10
{},sliding_window_ucb,101,8.186891883661099,0.7595445650535354,7.6435464336441425,8.730237333678055,10,0.03788625676202454,0.054184571921337105,-0.0008750509599258563,0.07664756448397494,10,0.0078125,0.01518477055949297,-0.0030500304855817263,0.018675030485581726,10,0.11728792067634744,0.09035363330452834,0.05265282511081501,0.18192301624187987,10,0.4634716082153508,0.034369264575122856,0.4388853174477963,0.48805789898290536,10,8.709679325867102,0.8271756898286878,8.11795348368248,9.301405168051723,10
{},discounted_ucb,101,9.372797501884548,0.7462058358664978,8.838994003908647,9.90660099986045,10,0.08318202520560032,0.0812866929146878,0.025033028064124933,0.1413310223470757,10,0.0125,0.024206145913796356,-0.0048160336467956595,0.02981603364679566,10,0.16173655182869348,0.0860134421468036,0.10020624198114897,0.223266861676238,10,0.4588476498759618,0.01578344314807204,0.44755685481971413,0.4701384449322095,10,9.755345482350737,0.6821955460245849,9.267332187267565,10.24335877743391,10
{},thompson,101,6.805587942870282,0.9983321891146039,6.091424116916693,7.5197517688238715,10,0.0814318516830994,0.10873507527388823,0.00364746466276146,0.15921623870343732,10,0.0140625,0.01719538960335331,0.0017616592960811063,0.026363340703918894,10,0.14930060463503564,0.10713061872646447,0.0726639766862555,0.22593723258381576,10,0.12979187731764713,0.031120135599345393,0.10752987340136182,0.15205388123393243,10,7.105600722159669,1.0707398272391657,6.339639592227369,7.871561852091968,10
{},linucb,101,6.811496111005075,0.9165137776614202,6.1558616507215165,7.467130571288634,10,0.08118755055110331,0.07402818322846848,0.02823097844084818,0.13414412266135844,10,0.01875,0.021850184336878156,0.0031193197374959555,0.03438068026250404,10,0.17328925805884096,0.08862469958351116,0.10989096717063429,0.23668754894704763,10,0.12784131301679494,0.022410406835171003,0.11180987372124707,0.1438727523123428,10,7.148529445348653,0.9038578370142917,6.501948499608796,7.79511039108851,10
{},sliding_window_linucb,101,7.120801426069606,0.7976181781854195,6.550219753962828,7.691383098176384,10,0.053972037784150884,0.07527003280311752,0.00012710000447187925,0.10781697556382988,10,0.0203125,0.02857472234238584,-0.00012862496432502687,0.040753624964325025,10,0.13215209242942422,0.08961705430272848,0.06804391373963531,0.19626027111921313,10,0.2618123156873457,0.05425811660713835,0.22299839726650864,0.30062623410818273,10,7.516396579963564,0.7977683409379795,6.94570748789472,8.087085672032408,10
{},uncertainty_aware,101,5.453386992396377,0.5699407441245333,5.045675945082758,5.861098039709995,10,0.040464102532036715,0.05408735871282346,0.00177233695014984,0.07915586811392358,10,0.021875,0.029646353064078555,0.0006672765982428178,0.04308272340175718,10,0.12039122821240425,0.10409517223102993,0.045926027876891304,0.19485642854791718,10,0.5870328774832992,0.18169159720694109,0.4570585386612621,0.7170072163053364,10,5.846666442305743,0.5905655282386072,5.424201313241603,6.269131571369883,10
{},always_ofdm,102,3.260051115613179,0.5778360932473267,2.8466920757793814,3.6734101554469762,10,0.028028297735238412,0.04551201548985069,-0.004529036850874586,0.06058563232135141,10,0.0265625,0.032148540337522846,0.0035648196521083086,0.04956018034789169,10,0.12905278347758314,0.09135499128309951,0.0637013595667133,0.194404207388453,10,1.0,0.0,1.0,1.0,10,4.342400643109255,0.7310520352921916,3.8194375210261544,4.865363765192356,10
{},always_otfs,102,1.8013005239896063,0.44841726136341975,1.4805221393089054,2.122078908670307,10,0.01595049383736923,0.033664718042643364,-0.008131794702585973,0.04003278237732443,10,0.01875,0.030190368221227993,-0.002846888401386364,0.040346888401386366,10,0.10992856973276918,0.09094306523348306,0.04487181996624896,0.17498531949928942,10,1.0,0.0,1.0,1.0,10,1.6613167107672822,0.6009826015041042,1.2313996564024827,2.0912337651320816,10
{},always_afdm,102,2.4200738574500855,0.586567070788341,2.0004690525362943,2.839678662363877,10,0.00833578672056846,0.026360072126381875,-0.01052107291738956,0.02719264635852648,10,0.0125,0.02057126839388698,-0.0022157989105067166,0.027215798910506718,10,0.09198200505853463,0.08626355387120828,0.03027277606166858,0.15369123405540067,10,1.0,0.0,1.0,1.0,10,2.823867458822884,0.8709623619294247,2.2008185183607543,3.446916399285014,10
{},random,102,7.373050678206286,0.44012128463516886,7.058206877770058,7.687894478642514,10,0.09536526712307519,0.09779482977395328,0.025407060274323587,0.16532347397182678,10,0.025,0.032274861218395144,0.0019119551376057843,0.04808804486239422,10,0.17788344768278708,0.10493898374023598,0.10281462095681115,0.252952274408763,10,1.0,0.0,1.0,1.0,10,7.642609510697926,0.44367931692639634,7.325220447290439,7.959998574105413,10
{},rule,102,2.4200738574500855,0.586567070788341,2.0004690525362943,2.839678662363877,10,0.00833578672056846,0.026360072126381875,-0.01052107291738956,0.02719264635852648,10,0.0125,0.02057126839388698,-0.0022157989105067166,0.027215798910506718,10,0.09198200505853463,0.08626355387120828,0.03027277606166858,0.15369123405540067,10,1.0,0.0,1.0,1.0,10,2.823867458822884,0.8709623619294247,2.2008185183607543,3.446916399285014,10
{},ucb,102,8.614120227150016,0.6962834120175542,8.116029079838134,9.112211374461898,10,0.12029514042577501,0.0832101068410633,0.06077021584899277,0.17982006500255726,10,0.0171875,0.018706546870904138,0.003805642508704153,0.03056935749129585,10,0.2098932557647914,0.07904898214421897,0.1533450204765754,0.2664414910530074,10,0.2616919503028413,0.010950083698682434,0.2538587323078385,0.2695251682978441,10,9.23885059070857,0.4750685392102709,8.89900703036671,9.57869415105043,10
{},sliding_window_ucb,102,8.249307110696089,0.7936427874182168,7.681569261828631,8.817044959563546,10,0.06241522703498953,0.06912661300791352,0.012965027032195174,0.11186542703778388,10,0.0171875,0.022642776165921,0.0009898336989602255,0.03338516630103978,10,0.15174898498506534,0.11014938020571599,0.07295286516457104,0.23054510480555962,10,0.4665684865992808,0.03426849734207708,0.4420542803677829,0.4910826928307787,10,8.764091114155153,0.8751462954290005,8.138049167969905,9.390133060340402,10
{},discounted_ucb,102,9.454558727333831,0.7829916875815978,8.894440216290871,10.014677238376791,10,0.08176122544928213,0.08481457389944355,0.021088534281856773,0.14243391661670748,10,0.0171875,0.028951962728515204,-0.0035234864797603765,0.03789848647976038,10,0.17289808331738307,0.10023923743288621,0.101191252568763,0.24460491406600315,10,0.4599978937938712,0.017699783298790378,0.4473362315765844,0.47265955601115794,10,9.830906368971107,0.7145221201140409,9.319768035866097,10.342044702076116,10
{},thompson,102,6.888543675494846,0.9839594063473667,6.18466151895207,7.592425832037622,10,0.08295573262456307,0.10462541854081063,0.008111216929473683,0.15780024831965245,10,0.0203125,0.029508782237948533,-0.0007968111612225437,0.041421811161222545,10,0.16825377039375505,0.10969782186633226,0.08978067594979554,0.24672686483771455,10,0.10620849173157516,0.014882533531482754,0.09556216859122593,0.1168548148719244,10,7.176517295856411,1.0715119043606567,6.410003855223297,7.943030736489525,10
{},linucb,102,6.884953859797845,0.9101535040698765,6.233869265151972,7.536038454443718,10,0.07345774879276881,0.08338759623328032,0.013805855953524446,0.13310964163201316,10,0.028125,0.03359274061791063,0.004094201007902618,0.05215579899209738,10,0.16703701574853053,0.10948964809414542,0.08871283985015051,0.24536119164691056,10,0.12089345705392904,0.02088887743107573,0.10595045432526504,0.13583645978259304,10,7.21822926440017,0.8947906212491331,6.5781346140760055,7.858323914724335,10
{},sliding_window_linucb,102,7.173446018316241,0.8001840384636636,6.60102884033962,7.745863196292863,10,0.05264459224663365,0.03725544380483668,0.025993653235183208,0.07929553125808408,10,0.0140625,0.022642776165921,-0.0021351663010397755,0.030260166301039775,10,0.1363648876792765,0.10344939205786258,0.062361650650389164,0.2103681247081638,10,0.2478672694252145,0.03943501880516238,0.21965715638516153,0.2760773824652675,10,7.555424270945826,0.7965559751893325,6.985602453087861,8.125246088803792,10
{},uncertainty_aware,102,5.500948595045449,0.5138181148747029,5.13338525814792,5.868511931942978,10,0.047561602649069966,0.07846432806566668,-0.008568396306439421,0.10369160160457935,10,0.0234375,0.03314563036811941,-0.0002734555871710641,0.04714845558717107,10,0.13474706809914458,0.108043102038049,0.05745768891182333,0.2120364472864658,10,0.543196149385695,0.11777018575252521,0.4589484336880965,0.6274438650832935,10,5.884076313707874,0.5595524498108927,5.483796604472958,6.284356022942791,10
{},always_ofdm,103,3.2855273867319923,0.5808634731381731,2.8700026897862276,3.701052083677757,10,0.02547627111881315,0.041033537751374936,-0.0038773534887661734,0.05482989572639247,10,0.01875,0.03359274061791062,-0.00528079899209738,0.04278079899209738,10,0.10993979658210118,0.09226491939616299,0.043937449311598445,0.17594214385260393,10,1.0,0.0,1.0,1.0,10,4.3821930192484055,0.7636298115787855,3.8359251599169464,4.928460878579864,10
{},always_otfs,103,1.829056280570163,0.4359380221404922,1.517205005849064,2.1409075552912618,10,0.027755756580556255,0.042427038668961393,-0.0025947185319196257,0.05810623169303214,10,0.0234375,0.038450060052691144,-0.004068015994359006,0.050943015994359006,10,0.11189631962803544,0.09595914808648108,0.043251280351613394,0.1805413589044575,10,1.0,0.0,1.0,1.0,10,1.7030656099523676,0.5862926422290466,1.2836571194036681,2.122474100501067,10
{},always_afdm,103,2.43958013820516,0.5734740127352354,2.0293415427901644,2.8498187336201557,10,0.01950628075507509,0.04116026377210427,-0.009937998186601384,0.048950559696751564,10,0.009375,0.013176156917368247,-5.06548452254129e-05,0.01880065484522541,10,0.08937253103391882,0.08376958394114131,0.02944738064985343,0.14929768141798422,10,1.0,0.0,1.0,1.0,10,2.8430925694138525,0.8572048456010839,2.2298851632664483,3.4562999755612567,10
{},random,103,7.433268355989936,0.3906616181015453,7.153805869576416,7.712730842403456,10,0.060217677783651356,0.07119606233691408,0.009287082911763514,0.1111482726555392,10,0.01875,0.039528470752104736,-0.009526964535676235,0.04702696453567623,10,0.1375827098258524,0.10711922156653361,0.06095423491413747,0.21421118473756734,10,1.0,0.0,1.0,1.0,10,7.710044800080828,0.4256033331143022,7.405586516525856,8.0145030836358,10
{},rule,103,2.43958013820516,0.5734740127352354,2.0293415427901644,2.8498187336201557,10,0.01950628075507509,0.04116026377210427,-0.009937998186601384,0.048950559696751564,10,0.009375,0.013176156917368247,-5.06548452254129e-05,0.01880065484522541,10,0.08937253103391882,0.08376958394114131,0.02944738064985343,0.14929768141798422,10,1.0,0.0,1.0,1.0,10,2.8430925694138525,0.8572048456010839,2.2298851632664483,3.4562999755612567,10
{},ucb,103,8.70995356406154,0.7424610936538966,8.178828893288568,9.24107823483451,10,0.09583333691152232,0.08010229007626467,0.03853161051998511,0.15313506330305954,10,0.01875,0.03439077920670662,-0.005851681407837789,0.04335168140783779,10,0.16589942010373016,0.09206116904303105,0.10004282705543792,0.23175601315202238,10,0.26116199008916013,0.0136642747437225,0.25138715678591617,0.2709368233924041,10,9.33460259036935,0.5215289312618373,8.961523267718476,9.707681913020224,10
{},sliding_window_ucb,103,8.342846173252807,0.7959651798435705,7.773446984925458,8.912245361580156,10,0.09353906255671991,0.07028056106656985,0.04326337784101391,0.1438147472724259,10,0.025,0.032274861218395144,0.0019119551376057843,0.04808804486239422,10,0.18502312214763245,0.09156882290731427,0.11951873230766187,0.25052751198760304,10,0.4512658623507054,0.030910675792025784,0.4291536969541132,0.47337802774729765,10,8.878966815859835,0.8765625343256888,8.251911753399312,9.506021878320357,10
{},discounted_ucb,103,9.53365089563342,0.7926149126067475,8.966648344110839,10.100653447156,10,0.07909216829958757,0.07633568973902591,0.024484905471392114,0.133699431127783,10,0.0234375,0.0339541791937638,-0.0008518565734245385,0.04772685657342454,10,0.1771967756032904,0.09044569677993183,0.11249582179483879,0.24189772941174198,10,0.4515166637382813,0.012814964376497916,0.44234939047155897,0.46068393700500365,10,9.937955724131445,0.7339483876019538,9.41292067642138,10.46299077184151,10
{},thompson,103,6.9724084205418055,0.9816163316461304,6.270202398667806,7.674614442415805,10,0.08386474504696052,0.07602020878628049,0.02948316369701929,0.13824632639690176,10,0.021875,0.03841476857205369,-0.005605269989962452,0.04935526998996245,10,0.16838869793594521,0.09478297988389038,0.10058503870585032,0.2361923571660401,10,0.10981652189423192,0.022677449842682804,0.09359405153906458,0.12603899224939927,10,7.274758573349405,1.0912617872336132,6.494116917610661,8.055400229088148,10
{},linucb,103,6.913049078814822,0.9171216909063159,6.256979743593286,7.5691184140363585,10,0.02809521901697725,0.036285741668804584,0.0021379631252890184,0.05405247490866548,10,0.0140625,0.03489971993281449,-0.01090325567099777,0.03902825567099777,10,0.10571838400713522,0.08376275856728585,0.0457981162013933,0.16563865181287715,10,0.13063887385446965,0.025958828960493268,0.11206904628621067,0.14920870142272863,10,7.253800227964355,0.9107019231895885,6.60232331791382,7.90527713801489,10
{},sliding_window_linucb,103,7.225838943853347,0.791155093660561,6.6598806838954125,7.7917972038112815,10,0.052392925537106026,0.0526196666635451,0.014751083598534602,0.09003476747567746,10,0.0171875,0.034113589362110036,-0.007215891738235784,0.04159089173823578,10,0.14418123964937288,0.08373622970011826,0.08427994945196733,0.20408252984677844,10,0.30466487337859716,0.08451304783668241,0.24420788096250345,0.36512186579469086,10,7.62945809015225,0.7963307603352168,7.059797381295507,8.199118799008993,10
{},uncertainty_aware,103,5.561769494550958,0.5197996321117241,5.189927237989638,5.933611751112279,10,0.060820899505511325,0.07725362227165854,0.005556987300865755,0.11608481171015689,10,0.0171875,0.033308910323582255,-0.006640259030920876,0.041015259030920875,10,0.13784789238493117,0.10164084520622237,0.06513841183616814,0.2105573729336942,10,0.709689174632766,0.20210914880655712,0.5651089992705703,0.8542693499949617,10,5.951776785649854,0.5912213838207384,5.528842485765706,6.374711085534003,10
{},always_ofdm,104,3.303284649634873,0.6033441781116483,2.8716782251348465,3.7348910741348997,10,0.017757262902881422,0.037519517847574096,-0.009082583298733488,0.04459710910449633,10,0.0203125,0.030414169418034237,-0.0014444861330901622,0.04206948613309017,10,0.11032861678141052,0.09248928074648269,0.044165771069519716,0.17649146249330133,10,1.0,0.0,1.0,1.0,10,4.40467997727062,0.798953345688124,3.833143183870131,4.976216770671109,10
{},always_otfs,104,1.8456949249240495,0.42873916773885795,1.5389934004143642,2.152396449433735,10,0.016638644353886782,0.035080946902738545,-0.008456753281597507,0.04173404198937107,10,0.0265625,0.041043517301761555,-0.0027982635478670456,0.055923263547867044,10,0.11519683236218219,0.09735435366668739,0.045553723138686095,0.1848399415856783,10,1.0,0.0,1.0,1.0,10,1.7304207835553533,0.5446288059667862,1.340816806006829,2.1200247611038776,10
{},always_afdm,104,2.4479269256236775,0.5729818260158136,2.038040419377456,2.857813431869899,10,0.00834678741851724,0.026394859387751563,-0.010534957527102009,0.027228532364136488,10,0.0109375,0.01482317653203928,0.0003336382991214089,0.02154136170087859,10,0.09031743886618562,0.08439083804261677,0.02994787007025619,0.15068700766211507,10,1.0,0.0,1.0,1.0,10,2.8455683495208417,0.8580175389138281,2.2317795775997156,3.459357121441968,10
{},random,104,7.516641949836755,0.37210953039793043,7.250450827482517,7.782833072190993,10,0.08337359384681835,0.08236422459060681,0.024453776979553102,0.14229341071408358,10,0.0234375,0.03314563036811941,-0.0002734555871710641,0.04714845558717107,10,0.16942501208733005,0.08549642119208073,0.10826455675028723,0.23058546742437286,10,1.0,0.0,1.0,1.0,10,7.791628153408962,0.4273251982092692,7.485938121767125,8.0973181850508,10
{},rule,104,2.4479269256236775,0.5729818260158136,2.038040419377456,2.857813431869899,10,0.00834678741851724,0.026394859387751563,-0.010534957527102009,0.027228532364136488,10,0.0109375,0.01482317653203928,0.0003336382991214089,0.02154136170087859,10,0.09031743886618562,0.08439083804261677,0.02994787007025619,0.15068700766211507,10,1.0,0.0,1.0,1.0,10,2.8455683495208417,0.8580175389138281,2.2317795775997156,3.459357121441968,10
{},ucb,104,8.773038648831452,0.7581489775342873,8.230691541984301,9.315385755678603,10,0.06308508476991384,0.06711566005157561,0.01507343385205348,0.1110967356877742,10,0.0234375,0.034743916833662326,-0.0014168008480448836,0.04829180084804488,10,0.16118753895987245,0.09512198079968998,0.09314137308352395,0.22923370483622096,10,0.2594127930733986,0.012681218358933077,0.2503411959439897,0.2684843902028075,10,9.407948470570023,0.5516969101860568,9.013288275855999,9.802608665284048,10
{},sliding_window_ucb,104,8.408472420559614,0.8226803498223535,7.81996235089329,8.996982490225937,10,0.06562624730680587,0.06645979229954674,0.018083775914774405,0.11316871869883734,10,0.021875,0.034704856768661835,-0.0029513589607984315,0.046701358960798425,10,0.16046602627459602,0.09228168413659871,0.09445168623124549,0.22648036631794655,10,0.47607246956150073,0.033983248618133906,0.4517623179745999,0.5003826211484015,10,8.951591183375234,0.9197158286160908,8.293666113827925,9.609516252922543,10
{},discounted_ucb,104,9.587360516295238,0.7862496309549757,9.024911412960812,10.149809619629664,10,0.053709620661818044,0.02664806749929773,0.03464674154495198,0.07277249977868411,10,0.0078125,0.01327869664998121,-0.0016865073510882941,0.017311507351088294,10,0.14478857614657425,0.07902058999430367,0.08826065137887601,0.2013165009142725,10,0.4665679058439526,0.017487964088564036,0.4540577699615222,0.47907804172638296,10,9.994902641518824,0.729124752764961,9.473318214301369,10.516487068736279,10
{},thompson,104,7.005158692854451,1.0108888661528976,6.282012361265253,7.728305024443649,10,0.03275027231264407,0.07482101356789515,-0.02077345645619702,0.08627400108148515,10,0.0171875,0.029874229999374977,-0.004183236741136933,0.03855823674113694,10,0.12989219351374756,0.09815209575988024,0.05967841397468836,0.20010597305280675,10,0.11841702809931968,0.026805221693534807,0.09924172764430109,0.13759232855433828,10,7.316809108103956,1.1016933358481098,6.528705172023679,8.104913044184233,10
{},linucb,104,6.979657356313657,0.991001587835754,6.27073752660994,7.688577186017374,10,0.06660827749883443,0.09007177081093078,0.0021748142146361116,0.13104174078303274,10,0.0203125,0.03458741190809165,-0.00442984396871671,0.045054843968716715,10,0.15222600541409623,0.12320090032195227,0.06409339054480657,0.2403586202833859,10,0.12600796680622534,0.029954119958623678,0.10458008023102072,0.14743585338142995,10,7.318184574619254,0.955981055612482,6.6343169244928415,8.002052224745666,10
{},sliding_window_linucb,104,7.288993943327052,0.7579817252258001,6.746766481573819,7.831221405080284,10,0.0631549994737052,0.07007045790065486,0.01302961350870651,0.11328038543870389,10,0.0140625,0.01719538960335331,0.0017616592960811063,0.026363340703918894,10,0.15533487079282268,0.08816341918563146,0.0922665600228363,0.21840318156280908,10,0.31099783433675243,0.11931866122992786,0.22564240601264035,0.3963532626608645,10,7.696951302185875,0.7734520864304173,7.143657010706786,8.250245593664964,10
{},uncertainty_aware,104,5.599101070548894,0.4674641739324289,5.264697345424197,5.933504795673591,10,0.037331575997935386,0.073288219304967,-0.015095657809460733,0.0897588098053315,10,0.01875,0.03517071461694611,-0.0064096135897774575,0.043909613589777456,10,0.12255966766089274,0.10661539990575745,0.046291605053600526,0.19882773026818495,10,0.7803568856881796,0.23304310442565507,0.6136478915443254,0.9470658798320338,10,5.986494794551551,0.5441265700827169,5.597250094911131,6.375739494191971,10
{},always_ofdm,105,3.33784081052623,0.6222827280724077,2.892686563522369,3.782995057530091,10,0.034556160891356894,0.04476451320746123,0.0025335572251932448,0.06657876455752054,10,0.0203125,0.028574722342385842,-0.00012862496432502687,0.040753624964325025,10,0.12397680234466826,0.08760229513604172,0.061309895538672055,0.18664370915066447,10,1.0,0.0,1.0,1.0,10,4.451594002238508,0.8300117093392835,3.857839393911465,5.045348610565552,10
{},always_otfs,105,1.8789521564796083,0.43198496408070586,1.5699287291413504,2.1879755838178663,10,0.033257231555558465,0.04294812770262791,0.0025339918042144513,0.06398047130690249,10,0.0109375,0.010546071214227388,0.003393295125857598,0.0184817048741424,10,0.11783109574292445,0.08157717115889566,0.059474302983415606,0.1761878885024333,10,1.0,0.0,1.0,1.0,10,1.7711891019214996,0.5557627258912159,1.3736203978643133,2.168757805978686,10
{},always_afdm,105,2.4755349059650724,0.5556845274100265,2.078022141731443,2.873047670198702,10,0.02760798034139495,0.044627725489418124,-0.004316771286012176,0.05953273196880208,10,0.0125,0.014358384116760648,0.002228630763241979,0.022771369236758023,10,0.10649336377136683,0.08486908885148788,0.04578167495651694,0.1672050525862167,10,1.0,0.0,1.0,1.0,10,2.8749989359154293,0.815558987549348,2.2915831819311445,3.458414689899714,10
{},random,105,7.565869068469874,0.3629900355419031,7.306201639740021,7.825536497199728,10,0.049227118633120424,0.057127181437183865,0.00836079487238204,0.0900934423938588,10,0.0140625,0.0289519627285152,-0.006648486479760371,0.03477348647976037,10,0.13462326551639375,0.10389330697069216,0.06030247088894257,0.20894406014384492,10,1.0,0.0,1.0,1.0,10,7.849188641548577,0.39443581037758874,7.567026260625862,8.131351022471293,10
{},rule,105,2.4755349059650724,0.5556845274100265,2.078022141731443,2.873047670198702,10,0.02760798034139495,0.044627725489418124,-0.004316771286012176,0.05953273196880208,10,0.0125,0.014358384116760648,0.002228630763241979,0.022771369236758023,10,0.10649336377136683,0.08486908885148788,0.04578167495651694,0.1672050525862167,10,1.0,0.0,1.0,1.0,10,2.8749989359154293,0.815558987549348,2.2915831819311445,3.458414689899714,10
{},ucb,105,8.88872051235808,0.7199629922662313,8.373690013784403,9.403751010931758,10,0.11568186352662543,0.10426921741579606,0.04109215876623602,0.19027156828701486,10,0.0125,0.009882117688026186,0.00543075886608094,0.01956924113391906,10,0.19051981665974524,0.10091808304975075,0.1183273690110012,0.26271226430848926,10,0.26151968001362014,0.008850624800314748,0.2551883244404033,0.267851035586837,10,9.521405509852991,0.5404424792444027,9.134796250036048,9.908014769669935,10
{},sliding_window_ucb,105,8.49358141106175,0.8039029796434989,7.91850386282917,9.068658959294332,10,0.08510899050213692,0.07295512734538187,0.03292003632835921,0.13729794467591463,10,0.009375,0.01092509216843908,0.0015596598687479743,0.017190340131252025,10,0.16708980077811392,0.09333448697105404,0.10032233095649166,0.23385727059973616,10,0.475327433111009,0.029631138221317768,0.4541305937520943,0.4965242724699237,10,9.04161820677657,0.866423703945273,8.421816026647322,9.661420386905819,10
{},discounted_ucb,105,9.66661550224853,0.7597618370798694,9.123114625187057,10.210116379310001,10,0.07925498595329178,0.0799405941307773,0.022068929873029275,0.13644104203355428,10,0.015625,0.028527216536727403,-0.004782141358172721,0.03603214135817272,10,0.17807308373814668,0.0885584074840657,0.11472221536109078,0.24142395211520257,10,0.46125141976435013,0.021632091977508764,0.4457767533772643,0.47672608615143597,10,10.095912947880192,0.712525544385471,9.586202879010944,10.60562301674944,10
{},thompson,105,7.104000841648906,1.032749399175967,6.3652164267930695,7.842785256504743,10,0.09884214879445677,0.06277530193302616,0.053935403031163315,0.14374889455775022,10,0.0203125,0.02857472234238584,-0.00012862496432502687,0.040753624964325025,10,0.1761899121007797,0.09081125977845879,0.11122745027675802,0.24115237392480138,10,0.12103130754142191,0.03754932705235986,0.09417013711930149,0.14789247796354232,10,7.415936242827956,1.1251717388171982,6.611036869042165,8.220835616613748,10
{},linucb,105,7.066229358849613,1.0403779379923925,6.321987816068846,7.81047090163038,10,0.08657200253595466,0.09924255295662338,0.015578156910520585,0.15756584816138874,10,0.0125,0.009882117688026186,0.00543075886608094,0.01956924113391906,10,0.17569566995478875,0.08162765380460339,0.11730276408604032,0.23408857582353718,10,0.130683851555998,0.02728350121702744,0.11116641054085613,0.15020129257113984,10,7.416817467197265,0.991185949438986,6.707765753147477,8.125869181247053,10
{},sliding_window_linucb,105,7.392904327474492,0.6848248188686127,6.903010163904615,7.882798491044368,10,0.10391038414743925,0.09422281710948453,0.03650744122649316,0.17131332706838534,10,0.015625,0.01275775907699572,0.006498648939335681,0.02475135106066432,10,0.19250709419389514,0.07520673953740194,0.13870743368894833,0.24630675469884195,10,0.25885636627429665,0.044904388589564144,0.2267337017875679,0.2909790307610254,10,7.8123956190029915,0.7125761251896674,7.3026493668061505,8.322141871199833,10
{},uncertainty_aware,105,5.655791060634031,0.4368835458894056,5.343263398969371,5.968318722298691,10,0.05668999008513677,0.06590705570888658,0.009542922630426505,0.10383705753984704,10,0.01875,0.02927806108865666,-0.002194263193719039,0.039694263193719034,10,0.16642511593362735,0.0775807509674913,0.11092718995727086,0.22192304190998385,10,0.8269069476460595,0.22506780974577673,0.6659031356287484,0.9879107596633707,10,6.0758571331084,0.5165555258692862,5.706335570351367,6.445378695865433,10
{},always_ofdm,106,3.3676569315868234,0.6042469027507333,2.9354047367820213,3.7999091263916256,10,0.029816121060592737,0.0484466078276439,-0.004840494420621098,0.06447273654180657,10,0.021875,0.025727268823392643,0.003470820574967559,0.04027917942503244,10,0.11147388431649166,0.0929791932546499,0.04496057630855338,0.17798719232442994,10,1.0,0.0,1.0,1.0,10,4.469914635296729,0.8122700559232168,3.888851641264521,5.050977629328937,10
{},always_otfs,106,1.9033772478516675,0.42510421472532256,1.5992760120831577,2.2074784836201773,10,0.02442509137205941,0.03937306361917568,-0.003740701597836179,0.052590884341954997,10,0.0109375,0.012863634411696323,0.001735410287483776,0.020139589712516223,10,0.10345493834694028,0.08417487931432487,0.043239857118702915,0.16367001957517763,10,1.0,0.0,1.0,1.0,10,1.7814907890101686,0.5289878818108834,1.4030756545726093,2.159905923447728,10
{},always_afdm,106,2.4836407872382353,0.5729041700511338,2.073809832722638,2.8934717417538325,10,0.00810588127316292,0.02563304726610032,-0.010230896110167484,0.026442658656493326,10,0.015625,0.03125,-0.006729903312135625,0.037979903312135625,10,0.07900655617016804,0.08757140007360534,0.01636175036044664,0.14165136197988942,10,1.0,0.0,1.0,1.0,10,2.8608522408273265,0.8450500776316776,2.256339831887523,3.46536464976713,10
{},random,106,7.631729429074065,0.37604493443838366,7.362723088261635,7.900735769886495,10,0.06586036060419055,0.04415822552829886,0.03427146901633135,0.09744925219204975,10,0.0140625,0.018706546870904138,0.0006806425087041521,0.027444357491295847,10,0.14909995167979703,0.09510490211781518,0.08106600315647285,0.21713390020312123,10,1.0,0.0,1.0,1.0,10,7.905135341970103,0.42032391335974534,7.604453727796165,8.205816956144043,10
{},rule,106,2.4836407872382353,0.5729041700511338,2.073809832722638,2.8934717417538325,10,0.00810588127316292,0.02563304726610032,-0.010230896110167484,0.026442658656493326,10,0.015625,0.03125,-0.006729903312135625,0.037979903312135625,10,0.07900655617016804,0.08757140007360534,0.01636175036044664,0.14165136197988942,10,1.0,0.0,1.0,1.0,10,2.8608522408273265,0.8450500776316776,2.256339831887523,3.46536464976713,10
{},ucb,106,8.999259087378093,0.6918411223636702,8.504345762648517,9.494172412107668,10,0.11053857502001425,0.08322730854693104,0.05100134508414474,0.17007580495588376,10,0.01875,0.02057126839388698,0.004034201089493282,0.03346579891050672,10,0.18013889391956184,0.09340359589934677,0.11332198654881993,0.24695580129030376,10,0.2499736852823482,0.011883913666434754,0.2414724455708949,0.25847492499380154,10,9.608391152514281,0.520857686067223,9.235792009748987,9.980990295279575,10
{},sliding_window_ucb,106,8.577363634773615,0.7402699439211076,8.04780641809405,9.10692085145318,10,0.08378222371186328,0.08485461249951994,0.023080890655367177,0.1444835567683594,10,0.0140625,0.020104436526686233,-0.0003193475103692323,0.028444347510369235,10,0.16240284756778464,0.08710586181255604,0.10009106776810665,0.22471462736746262,10,0.4722305547270791,0.030744095998958523,0.45023755333585563,0.49422355611830254,10,9.110867803086084,0.8129078352726832,8.529348569191738,9.69238703698043,10
{},discounted_ucb,106,9.766811272080698,0.7572658293743851,9.225095931368744,10.308526612792653,10,0.1001957698321669,0.0683031722914504,0.05133462383256642,0.14905691583176736,10,0.0171875,0.021411254990723404,0.001870810876508703,0.0325041891234913,10,0.17933451442084425,0.08881268358694104,0.11580174787756868,0.2428672809641198,10,0.4555870745312392,0.01183220825750556,0.44712282264114034,0.46405132642133806,10,10.182094211042765,0.7156164157848928,9.670173065972419,10.69401535611311,10
{},thompson,106,7.179817567347724,1.0725480439875803,6.412562917076922,7.947072217618526,10,0.07581672569881731,0.062220561928676144,0.03130681702866365,0.12032663436897098,10,0.0140625,0.020104436526686233,-0.0003193475103692323,0.028444347510369235,10,0.148691079416421,0.08929145187771695,0.08481582266997066,0.21256633616287135,10,0.10660931172874899,0.01693670561890014,0.09449352239957726,0.11872510105792072,10,7.471474070986107,1.133390028359492,6.660695687020825,8.28225245495139,10
{},linucb,106,7.11336179692493,1.0516597915648112,6.361049702278784,7.865673891571076,10,0.04713243807531882,0.08767572581363588,-0.015586997873005784,0.10985187402364342,10,0.0140625,0.020104436526686233,-0.0003193475103692323,0.028444347510369235,10,0.12089466922356369,0.1137429024502229,0.039527898448638674,0.20226143999848872,10,0.11812389138227605,0.02151868238019639,0.10273035333383296,0.13351742943071915,10,7.444558885162557,1.0009153406977118,6.728547183884777,8.160570586440338,10
{},sliding_window_linucb,106,7.537611762749615,0.6515504235474918,7.071520667665289,8.003702857833941,10,0.14470743527512275,0.08053895996057371,0.08709333406620795,0.20232153648403756,10,0.0296875,0.03163821364268216,0.0070548853775728,0.052320114622427194,10,0.21015779337213694,0.08618682437066848,0.1485034533533751,0.2718121333908988,10,0.2582504660933888,0.05428161618818863,0.2194197370849596,0.297081195101818,10,7.929400161116857,0.7009841342484354,7.427946319693981,8.430854002539732,10
{},uncertainty_aware,106,5.697716732123505,0.46101921041057575,5.367923456163008,6.027510008084001,10,0.04192567148947476,0.057705475960675455,0.0006456607476614321,0.08320568223128808,10,0.021875,0.03142313151874657,-0.0006037541397152374,0.044353754139715235,10,0.13428637233839114,0.08941206052610338,0.07032483736239563,0.19824790731438663,10,0.6830978484999038,0.2328536716058841,0.5165243664318936,0.8496713305679141,10,6.11699025418852,0.550615180651164,5.723103882167693,6.510876626209348,10
{},always_ofdm,107,3.399794334293335,0.6149279269535476,2.9599013950620217,3.839687273524649,10,0.032137402706511733,0.0518862832755297,-0.004979808360705745,0.06925461377372921,10,0.03125,0.02946278254943948,0.010173595033625717,0.05232640496637428,10,0.1332907755862009,0.09497938069839729,0.06534661967710675,0.20123493149529503,10,1.0,0.0,1.0,1.0,10,4.508947163140906,0.8209294786668,3.921689591247203,5.096204735034609,10
{},always_otfs,107,1.9033772478516675,0.42510421472532256,1.5992760120831577,2.2074784836201773,10,0.0,0.0,0.0,0.0,10,0.0203125,0.03458741190809165,-0.00442984396871671,0.045054843968716715,10,0.08140893474349845,0.09340304712603047,0.014592419941538176,0.14822544954545872,10,1.0,0.0,1.0,1.0,10,1.7686414760116427,0.5378303616324834,1.3839008125676393,2.153382139455646,10
{},always_afdm,107,2.4930173630628403,0.5782228993928297,2.0793816187815786,2.906653107344102,10,0.00937657582460475,0.0296513362590225,-0.011834712340069466,0.030587863989278968,10,0.028125,0.04468252206151504,-0.003838950733681141,0.060088950733681146,10,0.10232343640360231,0.10198014255755045,0.029371237151383178,0.17527563565582144,10,1.0,0.0,1.0,1.0,10,2.868917429488904,0.8365845560679768,2.270460889862487,3.467373969115321,10
{},random,107,7.68690356710362,0.38074397605888594,7.414535734416437,7.959271399790803,10,0.05517413802955464,0.07585943422802144,0.0009075678701712456,0.10944070818893803,10,0.0234375,0.032316858453101185,0.00031941212572640307,0.04655558787427359,10,0.14114758448488415,0.12473223688812832,0.05191951742758799,0.23037565154218032,10,1.0,0.0,1.0,1.0,10,7.952024678712962,0.37178144671837965,7.686068253284633,8.217981104141291,10
{},rule,107,2.4930173630628403,0.5782228993928297,2.0793816187815786,2.906653107344102,10,0.00937657582460475,0.0296513362590225,-0.011834712340069466,0.030587863989278968,10,0.028125,0.04468252206151504,-0.003838950733681141,0.060088950733681146,10,0.10232343640360231,0.10198014255755045,0.029371237151383178,0.17527563565582144,10,1.0,0.0,1.0,1.0,10,2.868917429488904,0.8365845560679768,2.270460889862487,3.467373969115321,10
{},ucb,107,9.048488631094838,0.6837527896648211,8.559361351019314,9.537615911170361,10,0.04922954371674559,0.04272705656099949,0.01866444873328019,0.07979463870021099,10,0.0234375,0.0339541791937638,-0.0008518565734245385,0.04772685657342454,10,0.13401675679179625,0.10364817678102012,0.0598713177383932,0.2081621958451993,10,0.25007599093890376,0.010150502799590929,0.24281475866196242,0.2573372232158451,10,9.648149661564053,0.517513117841737,9.27794307877641,10.018356244351697,10
{},sliding_window_ucb,107,8.635115242194354,0.7520049855349509,8.097163282454265,9.173067201934444,10,0.05775160742074166,0.044718735358416556,0.02576175125503341,0.08974146358644991,10,0.0265625,0.02448470681988158,0.009047195885297905,0.04407780411470209,10,0.1583903794930644,0.09335960295606857,0.0916049427781113,0.22517581620801747,10,0.479701036585492,0.03470428970666221,0.45487508327641113,0.5045269898945729,10,9.174999934837125,0.8293817269542543,8.581695988759863,9.768303880914386,10
{},discounted_ucb,107,9.859656661631666,0.7710110296170256,9.308108597001945,10.411204726261387,10,0.09284538955096926,0.06023041317734971,0.049759147534021025,0.1359316315679175,10,0.0328125,0.047421581833708495,-0.001110856057634578,0.06673585605763457,10,0.17799706304606852,0.10637590568383763,0.10190032428437096,0.2540938018077661,10,0.4693203513954815,0.01695489533802799,0.4571915499251137,0.48144915286584933,10,10.265833026346808,0.7078363238932782,9.759477423740352,10.772188628953264,10
{},thompson,107,7.293307275613236,1.1083897283213635,6.500413028932009,8.086201522294463,10,0.11348970826551244,0.09668060372250135,0.044328570717499086,0.1826508458135258,10,0.0359375,0.03969966458366564,0.007538070774654064,0.06433692922534592,10,0.19282943861834867,0.11871373031515897,0.10790675180176235,0.277752125434935,10,0.11424965278070862,0.02575911805653925,0.09582268978679431,0.13267661577462292,10,7.5700452618624325,1.1712725864382956,6.7321673283589725,8.407923195365893,10
{},linucb,107,7.156191432283599,1.0855553987080673,6.379631880984857,7.93275098358234,10,0.04282963535866856,0.04697067362867937,0.009228839599468373,0.07643043111786874,10,0.025,0.034704856768661835,0.00017364103920157123,0.04982635896079843,10,0.1279103083533665,0.11172229983615597,0.04798898961267234,0.20783162709406067,10,0.11703834749056892,0.02373222273172911,0.10006133806497303,0.1340153569161648,10,7.4782109457739,1.0386268215081886,6.735222076263298,8.221199815284502,10
{},sliding_window_linucb,107,7.65443840692352,0.6920653414545771,7.159364685518809,8.14951212832823,10,0.1168266441739056,0.11512803552808283,0.034469008886020586,0.19918427946179063,10,0.0359375,0.03379401707814237,0.01176271650206295,0.06011228349793704,10,0.20054988076866093,0.09315975295638143,0.1339074081311458,0.2671923534061761,10,0.27493703227940386,0.04913539391522479,0.23978768891369034,0.3100863756451174,10,8.035691794143496,0.7486797791014864,7.500118543789423,8.571265044497569,10
{},uncertainty_aware,107,5.7393318585687165,0.47343740712774735,5.400655139826669,6.078008577310764,10,0.041615126445210295,0.0786203039555997,-0.014626450940330354,0.09785670383075094,10,0.028125,0.04087795181322622,-0.0011173251322499599,0.05736732513224996,10,0.12369109148877673,0.11578367696101759,0.040864438573989734,0.20651774440356374,10,0.6452556641214102,0.20461115963915277,0.4988856580312596,0.7916256702115608,10,6.146423097935274,0.5619296560374261,5.744442837809248,6.548403358061299,10
{},always_ofdm,108,3.4369278202185014,0.6363461337682711,2.981713218828389,3.892142421608614,10,0.03713348592516632,0.04822661275768805,0.0026342454365287857,0.07163272641380386,10,0.028125,0.027362344867841035,0.008551157634755304,0.0476988423652447,10,0.1589219079261322,0.07310920295914206,0.10662273469800675,0.21122108115425764,10,1.0,0.0,1.0,1.0,10,4.576190626447418,0.8571285741204201,3.9630377816304367,5.189343471264399,10
{},always_otfs,108,1.9286378131795303,0.4356401690386165,1.6169996097318282,2.2402760166272326,10,0.02526056532786241,0.05360320643881428,-0.013084858581262036,0.06360598923698685,10,0.03125,0.038273277230987154,0.0038709468180070476,0.05862905318199295,10,0.13221463330585828,0.09581031490391634,0.06367606287442415,0.2007532037372924,10,1.0,0.0,1.0,1.0,10,1.8091776646978803,0.5501116723499935,1.4156514808175176,2.2027038485782433,10
{},always_afdm,108,2.5062605219213028,0.5849201449304271,2.087833856793621,2.9246871870489843,10,0.01324315885846209,0.04187854540817564,-0.016714947812022637,0.04320126552894682,10,0.025,0.03547788826234667,-0.0003793523783523593,0.050379352378352366,10,0.11479189012281402,0.09555838097730437,0.0464335423656345,0.18315023787999352,10,1.0,0.0,1.0,1.0,10,2.8920308749920975,0.8329264212977511,2.296191207336598,3.487870542647597,10
{},random,108,7.726152723214224,0.4288433083771214,7.419376700979763,8.032928745448686,10,0.03924915611060502,0.07542863762119416,-0.01470924072100814,0.09320755294221818,10,0.0203125,0.030414169418034237,-0.0014444861330901622,0.04206948613309017,10,0.15331878647655234,0.08416864061021911,0.09310816814838145,0.2135294048047232,10,1.0,0.0,1.0,1.0,10,8.013665020569894,0.40024412456304986,7.727347621982458,8.29998241915733,10
{},rule,108,2.5062605219213028,0.5849201449304271,2.087833856793621,2.9246871870489843,10,0.01324315885846209,0.04187854540817564,-0.016714947812022637,0.04320126552894682,10,0.025,0.03547788826234667,-0.0003793523783523593,0.050379352378352366,10,0.11479189012281402,0.09555838097730437,0.0464335423656345,0.18315023787999352,10,1.0,0.0,1.0,1.0,10,2.8920308749920975,0.8329264212977511,2.296191207336598,3.487870542647597,10
{},ucb,108,9.146154864378344,0.6742678039396369,8.663812734344532,9.628496994412156,10,0.09766623328350621,0.09684323067406404,0.028388759422592655,0.16694370714441975,10,0.0234375,0.02780489128133154,0.003547079001644495,0.0433279209983555,10,0.19103349314558565,0.10177156597157584,0.11823050059457094,0.26383648569660034,10,0.25669425666639867,0.011674155934103895,0.2483430685973527,0.26504544473544467,10,9.74750471009002,0.5303228585044335,9.368134590855396,10.126874829324644,10
{},sliding_window_ucb,108,8.714279619143241,0.7434631555581905,8.182438116466805,9.246121121819677,10,0.07916437694888537,0.050044418605818264,0.043364756493041896,0.11496399740472885,10,0.0265625,0.03379401707814236,0.0023877165020629552,0.05073728349793705,10,0.1942889383103875,0.08958789459579716,0.1302016192183285,0.25837625740244646,10,0.46838863989265767,0.026509187142492313,0.4494251097981385,0.48735216998717684,10,9.27761042852789,0.8299439444739352,8.683904296265258,9.871316560790522,10
{},discounted_ucb,108,9.949588531968455,0.7843449056935995,9.388501987003766,10.510675076933145,10,0.08993187033679009,0.08502031769205662,0.029111998926454746,0.15075174174712544,10,0.021875,0.03142313151874657,-0.0006037541397152374,0.044353754139715235,10,0.197445556070808,0.08901334871927614,0.13376924233932544,0.2611218698022906,10,0.4522960837313196,0.01716932587874997,0.44001388789279144,0.4645782795698477,10,10.371600137797994,0.7309303782021321,9.84872404395443,10.894476231641558,10
{},thompson,108,7.392524938681575,1.132015285578606,6.582729986458556,8.202319890904594,10,0.09921766306833865,0.09246051582598896,0.033075394540973246,0.16535993159570406,10,0.0375,0.039802027446964164,0.009027344793476728,0.06597265520652326,10,0.20902760828692787,0.10318639284586958,0.1352125095606092,0.28284270701324654,10,0.11694492837298291,0.040208425505012184,0.08818155350905474,0.14570830323691109,10,7.687394425529741,1.2012109045805943,6.828099909389511,8.54668894166997,10
{},linucb,108,7.237877046009261,1.1461858616863554,6.417945074305731,8.057809017712792,10,0.08168561372566319,0.09348177575485203,0.01481277985537642,0.14855844759594994,10,0.0390625,0.03914920931867945,0.01105684274989958,0.06706815725010042,10,0.19586319030362323,0.10614425765751621,0.11993216255731326,0.2717942180499332,10,0.11681986627763663,0.02852637140427689,0.09641332949079885,0.1372264030644744,10,7.5823956914579025,1.0867257962880437,6.804998888167573,8.359792494748232,10
{},sliding_window_linucb,108,7.73344323745062,0.7065287812290308,7.228022994518908,8.238863480382333,10,0.0790048305271019,0.050264255113213016,0.04304794850750524,0.11496171254669857,10,0.028125,0.03359274061791063,0.004094201007902618,0.05215579899209738,10,0.19477680937211428,0.09128669108518482,0.1294742444795031,0.2600793742647255,10,0.27253430977009996,0.09518431601760262,0.20444355196513136,0.34062506757506855,10,8.13879015889599,0.7697910661813541,7.588114803535031,8.689465514256948,10
{},uncertainty_aware,108,5.765279862682446,0.48272223814046344,5.419961175954517,6.1105985494103745,10,0.0259480041137302,0.04585039054688541,-0.006851389406246782,0.05874739763370718,10,0.021875,0.034704856768661835,-0.0029513589607984315,0.046701358960798425,10,0.12621691719545786,0.09681823414327556,0.056957324775469595,0.1954765096154461,10,0.6168685686923607,0.22741490190135227,0.4541857480925675,0.779551389292154,10,6.18096157051111,0.5605752015716736,5.779950228741008,6.581972912281213,10
{},always_ofdm,109,3.4754738147927946,0.6386174929952043,3.018634380893715,3.9323132486918744,10,0.038545994574293564,0.05035343007780288,0.002525320627936277,0.07456666852065086,10,0.021875,0.021092142428454776,0.006786590251715196,0.0369634097482848,10,0.13963491675371847,0.08012227915362333,0.08231889103764842,0.19695094246978853,10,1.0,0.0,1.0,1.0,10,4.617946846800021,0.8450021537510768,4.0134687205391675,5.222424973060875,10
{},always_otfs,109,1.9443002421749198,0.42454019832302525,1.6406024794348841,2.2479980049149555,10,0.015662428995389898,0.033020267612294756,-0.007958847478648268,0.03928370546942807,10,0.01875,0.030190368221227993,-0.002846888401386364,0.040346888401386366,10,0.11099207796604889,0.08983144569375104,0.04673053291410756,0.17525362301799022,10,1.0,0.0,1.0,1.0,10,1.822291046262815,0.5231882811505593,1.4480246962095933,2.1965573963160367,10
{},always_afdm,109,2.5477393091710017,0.6041158680763005,2.115580850925479,2.9798977674165243,10,0.04147878724969937,0.05429459731538109,0.002638772102285518,0.08031880239711323,10,0.034375,0.03107590393786729,0.012144637508216385,0.05660536249178362,10,0.14988830198472397,0.08714099753696349,0.08755138760194422,0.21222521636750372,10,1.0,0.0,1.0,1.0,10,2.944040480575707,0.8730003451886904,2.319533654714773,3.568547306436641,10
{},random,109,7.803835478964838,0.4346167296609368,7.49292939994382,8.114741557985857,10,0.07768275575061298,0.07812097798557385,0.021798374646069645,0.1335671368551563,10,0.0234375,0.03146626555623586,0.0009278896286836411,0.04594711037131636,10,0.17195854441652425,0.11150796024006673,0.09219055498611928,0.2517265338469292,10,1.0,0.0,1.0,1.0,10,8.087744868585306,0.4078749531453065,7.7959687040731405,8.379521033097472,10
{},rule,109,2.5477393091710017,0.6041158680763005,2.115580850925479,2.9798977674165243,10,0.04147878724969937,0.05429459731538109,0.002638772102285518,0.08031880239711323,10,0.034375,0.03107590393786729,0.012144637508216385,0.05660536249178362,10,0.14988830198472397,0.08714099753696349,0.08755138760194422,0.21222521636750372,10,1.0,0.0,1.0,1.0,10,2.944040480575707,0.8730003451886904,2.319533654714773,3.568547306436641,10
{},ucb,109,9.237441079436667,0.7168294785692678,8.724652161526121,9.750229997347214,10,0.09128621505832311,0.07856525234039682,0.03508401922590365,0.14748841089074258,10,0.025,0.03054766312211496,0.0031475182237897283,0.04685248177621028,10,0.19273132358134498,0.08807268527765462,0.12972791993903715,0.2557347272236528,10,0.2633178991922869,0.016974991880342,0.2511747215215882,0.27546107686298554,10,9.842357337270249,0.5801200285418011,9.427364468550719,10.257350205989779,10
{},sliding_window_ucb,109,8.75129257657889,0.7199537113761374,8.236268717154035,9.266316436003747,10,0.03701295743565021,0.07202658140233384,-0.014511754985240634,0.08853766985654105,10,0.0125,0.024206145913796356,-0.0048160336467956595,0.02981603364679566,10,0.14187532384462964,0.059697782545560345,0.09917010282847286,0.18458054486078643,10,0.4729755911775708,0.03503118008586304,0.4479157945782275,0.49803538777691414,10,9.321607055971405,0.8082992881441355,8.743384578092039,9.899829533850772,10
{},discounted_ucb,109,10.057847892068818,0.7964240652991186,9.488120436861784,10.627575347275851,10,0.10825936010036068,0.09691435782653297,0.03893100493972518,0.17758771526099618,10,0.028125,0.031075903937867293,0.005894637508216383,0.050355362491783615,10,0.20165017987938366,0.09208890738595935,0.135773744015917,0.2675266157428503,10,0.4545931395325832,0.01169359142659268,0.4462280481497641,0.4629582309154023,10,10.475371621276267,0.7304911558514318,9.95280972817454,10.997933514377994,10
{},thompson,109,7.449915233101237,1.1400616730773832,6.63436424201271,8.265466224189764,10,0.057390294419661717,0.07032786308313452,0.00708077187973901,0.10769981695958442,10,0.0265625,0.03214854033752284,0.003564819652108319,0.04956018034789168,10,0.16649962991188944,0.09593271382152535,0.09787350056945819,0.23512575925432067,10,0.10920724613145912,0.018126929381448584,0.09624002201407693,0.1221744702488413,10,7.756015359040515,1.209891209299493,6.890511326973539,8.621519391107492,10
{},linucb,109,7.3064032854252785,1.2118670855956388,6.439485796604475,8.173320774246081,10,0.06852623941601618,0.09485376354910957,0.0006719446021755809,0.1363805342298568,10,0.025,0.026760901205552357,0.00585640451213643,0.04414359548786358,10,0.15798355277880427,0.1176060827265732,0.0738532293141141,0.24211387624349445,10,0.11162007748421945,0.016866235525995747,0.09955469942267252,0.12368545554576639,10,7.642500547835593,1.1379095012410094,6.828489127733089,8.456511967938097,10
{},sliding_window_linucb,109,7.848930519779667,0.729939170968604,7.326763492875872,8.371097546683462,10,0.11548728232904489,0.10159719849930111,0.04280902475350162,0.18816553990458815,10,0.034375,0.03439077920670662,0.009773318592162215,0.058976681407837794,10,0.20683675494193993,0.09636035872481236,0.13790470686463163,0.2757688030192482,10,0.23970323910871433,0.03944701376651062,0.21148454539022382,0.26792193282720483,10,8.247748217436811,0.7890450896393197,7.683299363427135,8.812197071446487,10
{},uncertainty_aware,109,5.864097143933055,0.47609473238898503,5.523519489213924,6.204674798652186,10,0.09881728125060864,0.09560980772115306,0.030422145017064486,0.16721241748415278,10,0.0296875,0.027999333449407526,0.009657983453895992,0.049717016546104005,10,0.19559606222068462,0.0803303281049363,0.1381312072505092,0.25306091719086005,10,0.7521304126766228,0.2137843388801005,0.5991983094665914,0.9050625158866543,10,6.27867893633068,0.5429113672792754,5.890303540407878,6.667054332253482,10
{},always_ofdm,110,3.493988773022996,0.6423033898764282,3.034512607335172,3.9534649387108205,10,0.018514958230201762,0.03908820825845243,-0.00944706149019265,0.046476977950596174,10,0.0265625,0.03536301082659991,0.0012653259886513217,0.05185967401134868,10,0.11668325769738494,0.09641536668766383,0.04771185929396647,0.1856546561008034,10,1.0,0.0,1.0,1.0,10,4.629517782943339,0.8530509374759029,4.019281903660125,5.239753662226554,10
{},always_otfs,110,1.9745105362684179,0.4313164649694204,1.665965324386065,2.2830557481507707,10,0.03021029409349798,0.049157011957238234,-0.004954513887863797,0.06537510207485975,10,0.0359375,0.041043517301761555,0.006576736452132952,0.06529826354786704,10,0.13627681753601986,0.09736598561850775,0.06662538731545896,0.20592824775658075,10,1.0,0.0,1.0,1.0,10,1.8534555422447667,0.5345377928133335,1.4710702406439842,2.2358408438455495,10
{},always_afdm,110,2.5654896029708913,0.6278198940962171,2.116374306012294,3.0146048999294885,10,0.01775029379988971,0.03750728627998944,-0.009080802465382454,0.044581390065161874,10,0.015625,0.018042195912175804,0.002718390555030441,0.02853160944496956,10,0.11052389010773575,0.08590402446814661,0.04907185295225573,0.17197592726321576,10,1.0,0.0,1.0,1.0,10,2.949452049129375,0.9058315161978251,2.3014592183553724,3.597444879903378,10
{},random,110,7.884930196738425,0.4340164985680258,7.574453497174909,8.195406896301941,10,0.08109471777358614,0.08713086594574533,0.018765051094552933,0.14342438445261935,10,0.025,0.034704856768661835,0.00017364103920157123,0.04982635896079843,10,0.1738715670666196,0.08146266628262602,0.11559668616111958,0.23214644797211964,10,1.0,0.0,1.0,1.0,10,8.156504114097855,0.43033110985009776,7.848663782804961,8.464344445390749,10
{},rule,110,2.5654896029708913,0.6278198940962171,2.116374306012294,3.0146048999294885,10,0.01775029379988971,0.03750728627998944,-0.009080802465382454,0.044581390065161874,10,0.015625,0.018042195912175804,0.002718390555030441,0.02853160944496956,10,0.11052389010773575,0.08590402446814661,0.04907185295225573,0.17197592726321576,10,1.0,0.0,1.0,1.0,10,2.949452049129375,0.9058315161978251,2.3014592183553724,3.597444879903378,10
{},ucb,110,9.326256344575116,0.7092606434339154,8.818881845148931,9.8336308440013,10,0.08881526513844647,0.0419088831480058,0.05883545615626215,0.11879507412063078,10,0.03125,0.03608439182435161,0.005436781110060882,0.05706321888993912,10,0.19090459593402123,0.08835660928978842,0.12769808528885757,0.2541111065791849,10,0.25553467515891193,0.012855291140621757,0.24633855386297743,0.26473079645484643,10,9.928149611650204,0.5592843492907325,9.528061689973883,10.328237533326524,10
{},sliding_window_ucb,110,8.844033449134427,0.7360414512218467,8.317501113909199,9.370565784359655,10,0.09274087255553623,0.04523701687086741,0.06038026013065018,0.12510148498042228,10,0.0328125,0.03566852847554986,0.007296771828573651,0.058328228171426355,10,0.1984563607472112,0.0925706131956404,0.1322353333061345,0.2646773881882879,10,0.4760724695615008,0.03398324861813391,0.4517623179746,0.5003826211484016,10,9.41495109516455,0.8306665641957799,8.820728031893493,10.009174158435608,10
{},discounted_ucb,110,10.13192903392561,0.8300896231789762,9.53811868939527,10.72573937845595,10,0.07408114185679351,0.061699225217432804,0.029944175003373014,0.11821810871021401,10,0.0234375,0.02969206836195672,0.002197073844196363,0.04467792615580364,10,0.18530594843859996,0.09458330614637855,0.11764512719557865,0.25296676968162124,10,0.4670437596420395,0.020819058582676478,0.45215070230874604,0.4819368169753329,10,10.5555652481608,0.7843022698590824,9.994509203034776,11.116621293286824,10
{},thompson,110,7.50448430727342,1.1846338373799403,6.6570483106362115,8.351920303910628,10,0.05456907417218245,0.07881463823371519,-0.001811521581278376,0.11094966992564329,10,0.028125,0.037413093741808276,0.0013612850174083042,0.054888714982591694,10,0.1540868868054101,0.09547962562699201,0.08578487723196009,0.2223888963788601,10,0.12395554612544939,0.040245627924664566,0.0951655582537034,0.15274553399719537,10,7.8049899242918555,1.255356899813204,6.9069616965303675,8.703018152053344,10
{},linucb,110,7.341304295594442,1.2254645895724288,6.4646597383996385,8.217948852789245,10,0.03490101016916461,0.056372068631422405,-0.005425138431172073,0.07522715876950128,10,0.0296875,0.04323230410301486,-0.0012390273018797297,0.06061402730187973,10,0.1419194309373485,0.11047460024736834,0.06289066271409237,0.2209481991606046,10,0.12132743245564362,0.022970892716527885,0.10489504571415814,0.1377598191971291,10,7.679307657218873,1.1635245187673542,6.846972357431886,8.51164295700586,10
{},sliding_window_linucb,110,7.8890833425994344,0.728771371113142,7.367751709387057,8.410414975811811,10,0.040152822819767765,0.07884468713766511,-0.016249268624651016,0.09655491426418655,10,0.0265625,0.04234474296703718,-0.003729104313771235,0.056854104313771234,10,0.1318937637714055,0.0956418115071853,0.0634757334085054,0.20031179413430558,10,0.3054519528726729,0.08225911366722768,0.24660732783034173,0.3642965779150041,10,8.274529659654151,0.7883767433048074,7.710558911810461,8.838500407497841,10
{},uncertainty_aware,110,5.903088053279335,0.5140624577565359,5.5353499240138575,6.270826182544813,10,0.03899090934628069,0.07838963214080964,-0.017085655363533035,0.09506747405609442,10,0.015625,0.01948779888944761,0.0016842684819217482,0.029565731518078252,10,0.1311495511168233,0.08662155244876897,0.06918422536516522,0.1931148768684814,10,0.721899157364153,0.1933263165288994,0.583601841725917,0.860196473002389,10,6.304716165893435,0.6066060880438305,5.8707763115967095,6.73865602019016,10
{},always_ofdm,111,3.5431280961684806,0.6520342279737066,3.076690908246714,4.009565284090248,10,0.04913932314548396,0.05227649564546279,0.011742970964632768,0.08653567532633515,10,0.0328125,0.033308910323582255,0.008984740969079124,0.056640259030920875,10,0.1490924957542436,0.0874036855158886,0.08656766571161964,0.21161732579686757,10,1.0,0.0,1.0,1.0,10,4.706047823882652,0.858976087819851,4.091573347381875,5.320522300383429,10
{},always_otfs,111,2.0062118199814414,0.42239524494979064,1.704048464449972,2.3083751755129107,10,0.03170128371302345,0.05336150302353108,-0.006471235988777191,0.06987380341482409,10,0.0359375,0.05755149415233862,-0.0052323587918230025,0.077107358791823,10,0.12306515914038711,0.10835957676715238,0.04554938757003098,0.20058093071074323,10,1.0,0.0,1.0,1.0,10,1.9039582465702225,0.510022981782164,1.5391097843395862,2.268806708800859,10
{},always_afdm,111,2.5756852139534243,0.6188628347563995,2.1329774112509132,3.0183930166559354,10,0.010195610982532929,0.032241352841831265,-0.012868463431277859,0.03325968539634372,10,0.0234375,0.04373139485350694,-0.007846055316959137,0.05472105531695914,10,0.08579626644669959,0.0970963765808976,0.016337702913109958,0.15525482998028922,10,1.0,0.0,1.0,1.0,10,2.9626858607611433,0.8889671081865842,2.3267571007233867,3.5986146207989,10
{},random,111,7.966120458887028,0.41036897423371677,7.672560179165588,8.259680738608468,10,0.08119026214860223,0.10724830903396332,0.004469443625584893,0.15791108067161957,10,0.034375,0.056959262977051325,-0.006371202130639644,0.07512120213063965,10,0.16466397970430582,0.11025968674522318,0.08578895133899939,0.24353900806961226,10,1.0,0.0,1.0,1.0,10,8.248605638987229,0.43664642557065597,7.936247602980137,8.560963674994321,10
{},rule,111,2.5756852139534243,0.6188628347563995,2.1329774112509132,3.0183930166559354,10,0.010195610982532929,0.032241352841831265,-0.012868463431277859,0.03325968539634372,10,0.0234375,0.04373139485350694,-0.007846055316959137,0.05472105531695914,10,0.08579626644669959,0.0970963765808976,0.016337702913109958,0.15525482998028922,10,1.0,0.0,1.0,1.0,10,2.9626858607611433,0.8889671081865842,2.3267571007233867,3.5986146207989,10
{},ucb,111,9.402966881220182,0.7553121499019374,8.862649118610932,9.943284643829433,10,0.07671053664506584,0.10467661830560365,0.0018293948446467811,0.1515916784454849,10,0.028125,0.04218428485690956,-0.002051819496569608,0.05830181949656961,10,0.1607903657719729,0.11734195195439913,0.0768489900792415,0.24473174146470428,10,0.2510199902967591,0.01289820579124997,0.24179316970912962,0.26024681088438856,10,10.016377522607247,0.5974157377975279,9.589012048827666,10.443742996386828,10
{},sliding_window_ucb,111,8.924837201293585,0.7564561161474932,8.383701094530357,9.465973308056812,10,0.08080375215915674,0.09052009450010477,0.016049577427789632,0.14555792689052383,10,0.0359375,0.047192213708642884,0.0021782240146447016,0.06969677598535529,10,0.17266195729384717,0.1210638094977095,0.0860581251044039,0.25926578948329043,10,0.4578095400875524,0.03605784909310022,0.4320153087237178,0.48360377145138705,10,9.515050597643464,0.8504891370510524,8.90664731998593,10.123453875300997,10
{},discounted_ucb,111,10.216858070104086,0.795391319439239,9.647869396780049,10.785846743428124,10,0.08492903617847629,0.08963090492342204,0.02081094935152203,0.14904712300543055,10,0.034375,0.05743353646704259,-0.006710476947032085,0.07546047694703209,10,0.17228021750775374,0.11749982443751138,0.08822590664396246,0.256334528371545,10,0.45914931488671007,0.022876788523429156,0.44278424622964024,0.4755143835437799,10,10.65528301085362,0.7426428817470857,10.124028296712758,11.18653772499448,10
{},thompson,111,7.597318980018725,1.1687265552175683,6.761262367531875,8.433375592505575,10,0.09283467274530625,0.08969868188998548,0.028668101197253895,0.1570012442933586,10,0.0328125,0.05283314438714899,-0.004982054702426131,0.07060705470242613,10,0.177516623654805,0.09276501534533478,0.11115652929340543,0.24387671801620459,10,0.10765535308970683,0.015897171919990138,0.09628320137105797,0.1190275048083557,10,7.90994409313173,1.2381358782135807,7.024235042099707,8.795653144163753,10
{},linucb,111,7.398168937178386,1.2115086383676037,6.53150786605759,8.264830008299182,10,0.056864641583941444,0.07684696400157283,0.0018916351811789633,0.11183764798670393,10,0.03125,0.04830009633070679,-0.0033018074700731856,0.06580180747007319,10,0.1487337508496734,0.13253885291418696,0.05392116710573695,0.24354633459360986,10,0.12856734348287524,0.030317169506217552,0.1068797469065834,0.15025494005916706,10,7.755478953253615,1.1494509516632785,6.933211276886419,8.57774662962081,10
{},sliding_window_linucb,111,7.954585536910311,0.7606415432321565,7.410455355977559,8.498715717843062,10,0.06550219431087576,0.07725727290357079,0.010235670601480541,0.12076871802027098,10,0.03125,0.04480377743251368,-0.0008006916007131937,0.0633006916007132,10,0.15619716729707706,0.12628826353645672,0.06585598583099726,0.24653834876315683,10,0.2775700979464084,0.040615167695637784,0.2485157572474594,0.30662443864535743,10,8.358164372136297,0.8251313158136591,7.767900987021751,8.948427757250844,10
{},uncertainty_aware,111,5.909784873892257,0.5142144230628324,5.54193803519545,6.277631712589065,10,0.00669682061292196,0.021177206218398227,-0.00845244010494843,0.021846081330792348,10,0.0203125,0.04422485357365371,-0.0113240544202363,0.0519490544202363,10,0.0827435126070238,0.08901266911223528,0.019067685037131285,0.14641934017691632,10,0.6742136208185985,0.17414917089490792,0.5496348087467825,0.7987924328904145,10,6.314897223685527,0.6117375053386771,5.877286574589426,6.752507872781629,10
{},always_ofdm,112,3.552934237166338,0.6535870698285715,3.085386213099786,4.02048226123289,10,0.00980614099785712,0.028257126935340316,-0.010407789898727716,0.030020071894441953,10,0.0359375,0.041043517301761555,0.006576736452132952,0.06529826354786704,10,0.15027980243180958,0.08917174601224216,0.08649017810291393,0.21406942676070523,10,1.0,0.0,1.0,1.0,10,4.703232284032394,0.8555601038518683,4.0912014552538585,5.315263112810929,10
{},always_otfs,112,2.021882636706846,0.41503771907999704,1.7249825381173216,2.3187827352963706,10,0.01567081672540439,0.03314092485181489,-0.008036772738181996,0.03937840618899077,10,0.03125,0.035324635328777436,0.005980278166039365,0.05651972183396063,10,0.16207175616830044,0.07547689531777323,0.10807883786017236,0.21606467447642852,10,1.0,0.0,1.0,1.0,10,1.912934660456456,0.4985903548572882,1.5562646068501178,2.2696047140627944,10
{},always_afdm,112,2.5831477885256997,0.6211881489670913,2.138776556243977,3.0275190208074223,10,0.00746257457227526,0.023598732857246656,-0.009418941949730088,0.02434409109428061,10,0.021875,0.02109214242845478,0.006786590251715194,0.036963409748284805,10,0.14002073150339617,0.08029994614846762,0.08257761047559804,0.1974638525311943,10,1.0,0.0,1.0,1.0,10,2.949611249982472,0.8831904758078054,2.3178148438102304,3.5814076561547137,10
{},random,112,8.019114396021076,0.42164625347563095,7.717486836713173,8.320741955328979,10,0.052993937134049464,0.05551588563777939,0.013280264951005073,0.09270760931709385,10,0.03125,0.02946278254943948,0.010173595033625717,0.05232640496637428,10,0.20400380481897837,0.09563591074267884,0.1355899956087186,0.27241761402923814,10,1.0,0.0,1.0,1.0,10,8.299514101524142,0.4419127144201241,7.983388789419654,8.615639413628632,10
{},rule,112,2.5831477885256997,0.6211881489670913,2.138776556243977,3.0275190208074223,10,0.00746257457227526,0.023598732857246656,-0.009418941949730088,0.02434409109428061,10,0.021875,0.02109214242845478,0.006786590251715194,0.036963409748284805,10,0.14002073150339617,0.08029994614846762,0.08257761047559804,0.1974638525311943,10,1.0,0.0,1.0,1.0,10,2.949611249982472,0.8831904758078054,2.3178148438102304,3.5814076561547137,10
{},ucb,112,9.472767036949495,0.7930517720061466,8.905451975038607,10.040082098860383,10,0.06980015572931479,0.06436925049706886,0.0237531678529432,0.11584714360568638,10,0.028125,0.023058274605394433,0.011630104020855528,0.044619895979144474,10,0.21621788972221476,0.08920654984961571,0.15240336822789904,0.28003241121653044,10,0.2562150701600875,0.016211997521730234,0.24461770577305192,0.26781243454712306,10,10.079500070047391,0.6043312414931129,9.647187542940786,10.511812597153996,10
{},sliding_window_ucb,112,8.986645539441188,0.7525816020782062,8.448281093074774,9.525009985807602,10,0.061808338147603836,0.04787555784651647,0.027560227214054024,0.09605644908115366,10,0.0296875,0.033308910323582255,0.005859740969079121,0.05351525903092087,10,0.20283159383056693,0.06759300005199778,0.15447847444690008,0.25118471321423375,10,0.4691336763431493,0.03148145417572173,0.44661320068799126,0.4916541519983073,10,9.564786849191965,0.8319661225554201,8.969634137873603,10.159939560510326,10
{},discounted_ucb,112,10.30334873732711,0.7517739148473227,9.765562075599187,10.841135399055032,10,0.08649066722302418,0.06035515805197317,0.043315188098527406,0.12966614634752094,10,0.021875,0.022341261030757516,0.005893024633159431,0.037856975366840566,10,0.22688277596384107,0.06976538914703971,0.17697562303854222,0.2767899288891399,10,0.4508641473332126,0.012902580369564081,0.44163419736077536,0.4600940973056499,10,10.729070444535393,0.7174020931138508,10.21587190285591,11.242268986214876,10
{},thompson,112,7.657738544180107,1.1608041974412353,6.827349245040267,8.488127843319948,10,0.060419564161380744,0.09112835271837458,-0.004769732287049834,0.12560886060981133,10,0.0265625,0.02335053309527072,0.009858534891788801,0.043266465108211194,10,0.1867623730502673,0.08979958486763417,0.12252361986031916,0.2510011262402154,10,0.10018118405071892,0.01613900675687211,0.08863603411139798,0.11172633399003987,10,7.94361112389993,1.2244627590071069,7.06768323311866,8.819539014681201,10
{},linucb,112,7.4245270507725225,1.2036760619726077,6.563469067267569,8.285585034277476,10,0.02635811359413845,0.035832333420782216,0.0007252064239050941,0.0519910207643718,10,0.025,0.02676090120555235,0.005856404512136433,0.04414359548786357,10,0.17115551143922642,0.07993506875334208,0.11397340797587038,0.22833761490258245,10,0.1205739572945403,0.02060489108982574,0.10583410615629585,0.13531380843278476,10,7.773539122410774,1.1321123198640086,6.963674756041575,8.583403488779974,10
{},sliding_window_linucb,112,8.031130076434664,0.7638259692959087,7.484721894325598,8.57753825854373,10,0.07654453952435479,0.06827979616554651,0.02770011579785492,0.12538896325085466,10,0.0359375,0.04422485357365371,0.004300945579763696,0.0675740544202363,10,0.21569546980293927,0.07559884903594032,0.1616153110603094,0.26977562854556913,10,0.28087300270930654,0.048908677689907386,0.24588584236107344,0.3158601630575396,10,8.420764499657167,0.8135504792931333,7.838785545924701,9.002743453389634,10
{},uncertainty_aware,112,5.918176646464153,0.509484898125931,5.553713106093003,6.2826401868353035,10,0.00839177257189533,0.026537114933318343,-0.010591735860660255,0.027375281004450913,10,0.021875,0.02109214242845478,0.006786590251715194,0.036963409748284805,10,0.1480927866458734,0.07128214978341042,0.09710060852461548,0.19908496476713128,10,0.5985892845808601,0.023831411919633047,0.5815413194846978,0.6156372496770225,10,6.309894668049334,0.5930042498333324,5.885684982650624,6.734104353448044,10
{},always_ofdm,113,3.601393037028166,0.684381656618953,3.1118158926340573,4.090970181422275,10,0.04845879986182846,0.05186418511066031,0.011357396869459968,0.08556020285419695,10,0.040625,0.034704856768661835,0.01579864103920157,0.06545135896079843,10,0.16680096920790366,0.07801432841324175,0.1109928806114488,0.22260905780435852,10,1.0,0.0,1.0,1.0,10,4.7779316164638335,0.9203786089287184,4.119532422442733,5.436330810484934,10
{},always_otfs,113,2.0581530693780286,0.44300354200088937,1.7412474262303967,2.3750587125256604,10,0.03627043267118279,0.047736594159543726,0.0021217303707905255,0.07041913497157505,10,0.0234375,0.021156350012072812,0.008303158913357214,0.038571841086642786,10,0.14050447868499835,0.08204040239359917,0.08181631026267486,0.19919264710732185,10,1.0,0.0,1.0,1.0,10,1.9613375023649904,0.5582435152246198,1.5619941485258515,2.3606808562041293,10
{},always_afdm,113,2.5938350185516814,0.6090852600470911,2.158121671441291,3.029548365662072,10,0.01068723002598179,0.033795988760242944,-0.013488963928362319,0.0348634239803259,10,0.01875,0.024206145913796356,0.001433966353204339,0.036066033646795656,10,0.09557719270733152,0.09196398071173806,0.029790124003011204,0.16136426141165183,10,1.0,0.0,1.0,1.0,10,2.953086805913339,0.8699350552366744,2.330772756388436,3.575400855438242,10
{},random,113,8.104107560427067,0.46214300690435334,7.773510368883821,8.434704751970314,10,0.0849931644059928,0.0932202132235404,0.018307441098827593,0.15167888771315802,10,0.0375,0.0369754986443726,0.011049321692385556,0.06395067830761444,10,0.18709799618796039,0.0872922435413631,0.12465288693143023,0.24954310544449054,10,1.0,0.0,1.0,1.0,10,8.394510460935638,0.47948993815642277,8.051504022323519,8.737516899547758,10
{},rule,113,2.5938350185516814,0.6090852600470911,2.158121671441291,3.029548365662072,10,0.01068723002598179,0.033795988760242944,-0.013488963928362319,0.0348634239803259,10,0.01875,0.024206145913796356,0.001433966353204339,0.036066033646795656,10,0.09557719270733152,0.09196398071173806,0.029790124003011204,0.16136426141165183,10,1.0,0.0,1.0,1.0,10,2.953086805913339,0.8699350552366744,2.330772756388436,3.575400855438242,10
{},ucb,113,9.588188437197328,0.7783973981310822,9.031356482840902,10.145020391553754,10,0.11542140024783407,0.08380725758054756,0.055469299765645706,0.17537350073002242,10,0.0296875,0.025989531145572186,0.011095709411615882,0.048279290588384115,10,0.21620636636298363,0.0843248588482208,0.1558839962394169,0.27652873648655035,10,0.2517443298828406,0.009182729887031475,0.24517540064232712,0.2583132591233541,10,10.20360479963391,0.6190555305120787,9.760759150691818,10.646450448576001,10
{},sliding_window_ucb,113,9.105609117921775,0.7809720867096994,8.546935342309867,9.664282893533683,10,0.11896357848058751,0.06805496911715773,0.07027998633580554,0.1676471706253695,10,0.0390625,0.02969206836195672,0.017822073844196363,0.06030292615580364,10,0.22236967378161504,0.09223155901076331,0.15639119109319438,0.2883481564700357,10,0.46219488312479784,0.0268385864837412,0.44299571493668827,0.4813940513129074,10,9.695054886197113,0.8753630926997779,9.068857852587016,10.32125191980721,10
{},discounted_ucb,113,10.410092302253265,0.7352596715681229,9.88411921850229,10.93606538600424,10,0.10674356492615444,0.07524932525643709,0.05291344043299936,0.16057368941930952,10,0.028125,0.023058274605394433,0.011630104020855528,0.044619895979144474,10,0.21575072512076804,0.08494478801450964,0.154984884386873,0.2765165658546631,10,0.4750852014053494,0.012695425174017741,0.4660034413326576,0.48416696147804117,10,10.852719532879698,0.6888979436609899,10.359911631360642,11.345527434398754,10
{},thompson,113,7.681497414288818,1.1651672033010574,6.847987008776286,8.51500781980135,10,0.0237588701087104,0.03244859225456772,0.0005465455498056236,0.04697119466761518,10,0.0125,0.017738944131173336,-0.00018967618917617966,0.025189676189176183,10,0.13960540027611482,0.08289458180307416,0.08030618871427034,0.1989046118379593,10,0.10633377873135226,0.034449707232762465,0.08168994275311917,0.13097761470958535,10,7.991114887399583,1.236527151106272,7.106556650413624,8.875673124385543,10
{},linucb,113,7.4733755664082775,1.2238553910906298,6.597882160460535,8.348868972356021,10,0.048848515635755194,0.08684026095160816,-0.01327326475380728,0.11097029602531766,10,0.01875,0.02185018433687816,0.0031193197374959486,0.03438068026250405,10,0.13232965069238584,0.10370364642503424,0.058144531046064554,0.20651477033870713,10,0.1095455562213655,0.022314947870078254,0.09358240415573522,0.12550870828699578,10,7.813767136326696,1.129223057107032,7.005969624023915,8.621564648629477,10
{},sliding_window_linucb,113,8.110780700126337,0.7627130120161673,7.565168679693405,8.656392720559271,10,0.07965062369167346,0.0629528550494113,0.03461686408039415,0.12468438330295277,10,0.0234375,0.02969206836195672,0.002197073844196363,0.04467792615580364,10,0.18454106850974955,0.08365188615252911,0.12470011405158746,0.24438202296791164,10,0.2621655079149947,0.09515604400218314,0.19409497469150264,0.3302360411384868,10,8.513203931390454,0.8120012216164965,7.932333249836124,9.094074612944782,10
{},uncertainty_aware,113,5.9852045887504834,0.5140506027220269,5.617474940065813,6.352934237435154,10,0.06702794228633027,0.07843884412966189,0.010916173440433684,0.12313971113222685,10,0.034375,0.037413093741808276,0.007611285017408306,0.0611387149825917,10,0.16167947177016803,0.09968588464375501,0.09036848576070088,0.23299045777963517,10,0.706000307424618,0.2045915533400214,0.5596443268359518,0.8523562880132841,10,6.379472503043036,0.6165838350651541,5.938394998508403,6.82055000757767,10
{},always_ofdm,114,3.6352148944565434,0.7036657532917889,3.1318427383317746,4.138587050581312,10,0.033821857428377275,0.04377420157833532,0.0025076800251894044,0.06513603483156515,10,0.0203125,0.02448470681988158,0.0027971958852979067,0.037827804114702095,10,0.12391136494355186,0.0868225440780774,0.06180225844182214,0.18602047144528158,10,1.0,0.0,1.0,1.0,10,4.835708909615637,0.9588910098657399,4.149759603618047,5.521658215613228,10
{},always_otfs,114,2.0677585069517446,0.4539164952631824,1.7430462073232034,2.3924708065802855,10,0.009605437573715821,0.0303750606555035,-0.012123571836013319,0.03133444698344496,10,0.0078125,0.01327869664998121,-0.0016865073510882941,0.017311507351088294,10,0.07283697569833938,0.07774041470007598,0.017224833168242568,0.1284491182284362,10,1.0,0.0,1.0,1.0,10,1.9680404062715815,0.5696208643742166,1.5605581871464382,2.3755226253967248,10
{},always_afdm,114,2.6029165540916734,0.6275166220201854,2.154018204907059,3.051814903276288,10,0.00908153553999231,0.028718336958142857,-0.01146232513151536,0.02962539621149998,10,0.009375,0.015095184110613996,-0.001423444200693182,0.020173444200693183,10,0.07471953979924621,0.07959445774111835,0.01778109477574011,0.13165798482275232,10,1.0,0.0,1.0,1.0,10,2.9616722739208377,0.9113685134364896,2.3097185139337175,3.613626033907958,10
{},random,114,8.1536813893626,0.44923004795366667,7.832321572181471,8.475041206543729,10,0.04957382893552951,0.049592481833544345,0.01409750457080227,0.08505015330025675,10,0.0125,0.02057126839388698,-0.0022157989105067166,0.027215798910506718,10,0.14030298151073975,0.07977815651045943,0.08323312630396396,0.19737283671751554,10,1.0,0.0,1.0,1.0,10,8.468679370654629,0.49879764998672843,8.111861027045867,8.82549771426339,10
{},rule,114,2.6029165540916734,0.6275166220201854,2.154018204907059,3.051814903276288,10,0.00908153553999231,0.028718336958142857,-0.01146232513151536,0.02962539621149998,10,0.009375,0.015095184110613996,-0.001423444200693182,0.020173444200693183,10,0.07471953979924621,0.07959445774111835,0.01778109477574011,0.13165798482275232,10,1.0,0.0,1.0,1.0,10,2.9616722739208377,0.9113685134364896,2.3097185139337175,3.613626033907958,10
{},ucb,114,9.655372246101694,0.7666766378156955,9.106924818580314,10.203819673623073,10,0.06718380890436396,0.04426140817381069,0.035521104898459714,0.09884651291026819,10,0.0109375,0.020898336091394666,-0.004012269046644548,0.025887269046644547,10,0.1390806221812583,0.08933692983469979,0.07517283246421004,0.20298841189830658,10,0.24633386531034782,0.013525628116763845,0.23665821382919072,0.2560095167915049,10,10.27655135002342,0.6063311878191623,9.842808147500868,10.710294552545971,10
{},sliding_window_ucb,114,9.15918923000856,0.7999664123940303,8.586927732343774,9.731450727673344,10,0.053580112086784204,0.040161476759544144,0.024850322332154083,0.08230990184141432,10,0.0140625,0.0214112549907234,-0.0012541891234912946,0.029379189123491294,10,0.1271241275298041,0.09609451005103724,0.05838225613722865,0.19586599892237955,10,0.48610814116378204,0.03271482862333552,0.46270536257985395,0.5095109197477101,10,9.75604494193517,0.9097516581435234,9.105247810547857,10.406842073322482,10
{},discounted_ucb,114,10.501680781257118,0.7759692542451175,9.946585816398251,11.056775746115985,10,0.09158847900385358,0.06075573667629564,0.04812644319405642,0.13505051481365074,10,0.0140625,0.0214112549907234,-0.0012541891234912946,0.029379189123491294,10,0.16315530483921975,0.0866349831855754,0.10118037131723467,0.22513023836120483,10,0.4554208371470085,0.01538241556916939,0.4444169199388206,0.46642475435519637,10,10.94974076592717,0.7348517686962395,10.42405947831257,11.475422053541772,10
{},thompson,114,7.75330338907214,1.2024530257381498,6.893120312983779,8.6134864651605,10,0.071805974783323,0.09456728730029382,0.004156612732474377,0.1394553368341716,10,0.015625,0.02209708691207961,-0.00018230372478071286,0.031432303724780716,10,0.12947089089475317,0.10930284752054265,0.05128034407674248,0.20766143771276385,10,0.10413821175349058,0.03231398059652002,0.08102218257379676,0.1272542409331844,10,8.054451706502586,1.2711155447084834,7.145150423286243,8.96375298971893,10
{},linucb,114,7.532556247193968,1.244991159407202,6.641943223417596,8.423169270970341,10,0.05918068078568892,0.07914631528868751,0.0025628175603957734,0.11579854401098208,10,0.009375,0.013176156917368247,-5.06548452254129e-05,0.01880065484522541,10,0.12378090683050111,0.10345512077797916,0.04977357172211591,0.1977882419388863,10,0.12524247515544437,0.028679761005977206,0.10472621005772348,0.14575874025316526,10,7.871413971365447,1.1596111879236672,7.04187809982291,8.700949842907985,10
{},sliding_window_linucb,114,8.190365823668667,0.7833797900877171,7.629969680817723,8.750761966519612,10,0.07958512354232897,0.08689614844140305,0.01742336365098337,0.14174688343367456,10,0.0109375,0.014823176532039278,0.0003336382991214089,0.02154136170087859,10,0.15336087583617725,0.07658313767350794,0.09857659941917753,0.20814515225317698,10,0.25053402968895366,0.05158658835435409,0.21363120745328879,0.28743685192461854,10,8.600430735434882,0.8311954194848481,8.005829351880521,9.195032118989243,10
{},uncertainty_aware,114,6.024988677757406,0.5081253241439121,5.661497718023495,6.388479637491318,10,0.03978408900692297,0.03613859143735891,0.013932098049517182,0.06563607996432876,10,0.009375,0.015095184110613996,-0.001423444200693182,0.020173444200693183,10,0.10971417143575317,0.09514075841157606,0.041654572865063993,0.17777377000644234,10,0.7098488177456843,0.20162289995894905,0.5656164838546539,0.8540811516367147,10,6.423052602687042,0.622021306082738,5.978085365708868,6.868019839665216,10
{},always_ofdm,115,3.6632621626424333,0.7331147744624207,3.138823445848656,4.1877008794362105,10,0.028047268185889505,0.046260579382018364,-0.005045556750059146,0.06114009312183816,10,0.0171875,0.022642776165921,0.0009898336989602255,0.03338516630103978,10,0.10733234634709399,0.09079307388559399,0.042382893927124715,0.17228179876706326,10,1.0,0.0,1.0,1.0,10,4.8600875535280155,0.9939359615695705,4.149068599309062,5.571106507746969,10
{},always_otfs,115,2.0917633800270883,0.4720405249928679,1.7540859305670786,2.429440829487098,10,0.02400487307534424,0.03867962534778308,-0.0036648640382340343,0.05167461018892251,10,0.0125,0.01920738428602685,-0.0012401349949812263,0.026240134994981228,10,0.10465833000118666,0.08383309089337179,0.044687749480264924,0.16462891052210837,10,1.0,0.0,1.0,1.0,10,1.9897450338380516,0.579834825818562,1.574956186856197,2.404533880819906,10
{},always_afdm,115,2.6308323371029054,0.62740401603276,2.1820145413890515,3.0796501328167594,10,0.027915783011231477,0.0451455317992991,-0.004379384935913343,0.060210950958376294,10,0.028125,0.04087795181322622,-0.0011173251322499599,0.05736732513224996,10,0.11731788484824199,0.09994702103128678,0.04582009312054913,0.18881567657593484,10,1.0,0.0,1.0,1.0,10,2.9960364563343633,0.8888489166152543,2.360192245453387,3.6318806672153396,10
{},random,115,8.220911838410746,0.48346778784949257,7.875059817549706,8.566763859271786,10,0.06723044904814683,0.06707258889858686,0.019249609377025856,0.11521128871926781,10,0.0171875,0.01719538960335331,0.004886659296081107,0.029488340703918897,10,0.15798538247231264,0.07825329253487023,0.10200634924116742,0.21396441570345787,10,1.0,0.0,1.0,1.0,10,8.543711050692224,0.5160694744102665,8.174537188203066,8.912884913181381,10
{},rule,115,2.6308323371029054,0.62740401603276,2.1820145413890515,3.0796501328167594,10,0.027915783011231477,0.0451455317992991,-0.004379384935913343,0.060210950958376294,10,0.028125,0.04087795181322622,-0.0011173251322499599,0.05736732513224996,10,0.11731788484824199,0.09994702103128678,0.04582009312054913,0.18881567657593484,10,1.0,0.0,1.0,1.0,10,2.9960364563343633,0.8888489166152543,2.360192245453387,3.6318806672153396,10
{},ucb,115,9.734815818745002,0.7825051313737449,9.17504536904548,10.294586268444524,10,0.07944357264330718,0.05972128769142971,0.03672153705872649,0.12216560822788786,10,0.0296875,0.039972049696562276,0.001093218203055045,0.05828178179694495,10,0.1683015145642723,0.11784722548940653,0.08399868795886022,0.2526043411696844,10,0.24271895012290265,0.009237559403033191,0.23611079820946532,0.24932710203633998,10,10.361899162152977,0.6452489551558998,9.900315866000444,10.82348245830551,10
{},sliding_window_ucb,115,9.182464353492936,0.783936643590136,8.621669861643412,9.74325884534246,10,0.02327512348437801,0.040360881989091935,-0.005597312178299313,0.052147559147055336,10,0.0125,0.030190368221228,-0.009096888401386366,0.03409688840138637,10,0.11303430705261566,0.09872667159464278,0.04240950072214507,0.18365911338308627,10,0.4716988660870179,0.028164007896463943,0.45155154853797225,0.4918461836360635,10,9.78612554655307,0.8946356503936899,9.146141755700574,10.426109337405565,10
{},discounted_ucb,115,10.540664362403827,0.7692367389673695,9.99038554884357,11.090943175964085,10,0.03898358114670735,0.03444714764052129,0.01434157619046049,0.06362558610295421,10,0.00625,0.01092509216843908,-0.001565340131252025,0.014065340131252026,10,0.13545047899441318,0.0675430035476892,0.08713312495537875,0.1837678330334476,10,0.4562707779820386,0.016456551392188528,0.4444984702948845,0.46804308566919267,10,11.002237542486865,0.7144384746569091,10.49115904573727,11.51331603923646,10
{},thompson,115,7.832790044639569,1.229874653674527,6.952990717633478,8.71258937164566,10,0.07948665556742902,0.08708978263401705,0.017186378119161523,0.14178693301569653,10,0.025,0.0369754986443726,-0.0014506783076144412,0.05145067830761445,10,0.1639315855724254,0.12161480057176545,0.07693359811301825,0.25092957303183255,10,0.10749086338332721,0.020747114058081606,0.09264927206255076,0.12233245470410366,10,8.135429589640296,1.2859573510747349,7.215511117742512,9.05534806153808,10
{},linucb,115,7.595604282764839,1.2550753510879373,6.697777462828342,8.493431102701335,10,0.06304803557087248,0.05481162442294274,0.02383816151148123,0.10225790963026372,10,0.0203125,0.022158382693940257,0.00446134791435732,0.03616365208564268,10,0.1610398206442007,0.09673943654140249,0.09183659663288765,0.23024304465551373,10,0.12154584821185235,0.02773981723710013,0.10170197838043837,0.14138971804326633,10,7.949500089574931,1.1708528353444443,7.111922427915254,8.787077751234609,10
{},sliding_window_linucb,115,8.282355583916573,0.8248420185902615,7.692299149568666,8.872412018264479,10,0.09198976024790426,0.09728271685755716,0.022397896910542447,0.16158162358526607,10,0.009375,0.01092509216843908,0.0015596598687479743,0.017190340131252025,10,0.1530196125512483,0.09570241691344578,0.08455822769243955,0.22148099741005706,10,0.30348787557127327,0.08151543865802423,0.24517524358258674,0.3618005075599598,10,8.670496645551413,0.8638415775386802,8.052541607379256,9.28845168372357,10
{},uncertainty_aware,115,6.086667283542942,0.5158888381151291,5.717622640474984,6.455711926610901,10,0.061678605785536376,0.06919263322981752,0.012181177761068113,0.11117603381000464,10,0.015625,0.03375385780420761,-0.00852105528398834,0.03977105528398834,10,0.13485227435712183,0.10654699736493164,0.058633143979796506,0.21107140473444713,10,0.7325650779868055,0.24620333917721593,0.5564418190289944,0.9086883369446166,10,6.474951174609449,0.6031752956084508,6.043465561374385,6.9064367878445125,10
{},always_ofdm,116,3.69175675320707,0.7436911793820251,3.1597521321135247,4.223761374300615,10,0.028494590564637053,0.04598681773561898,-0.0044023970869650625,0.06139157821623917,10,0.025,0.023524145397158785,0.008171840132668643,0.04182815986733136,10,0.12755577395951725,0.08678965427649304,0.06547019540448748,0.18964135251454703,10,1.0,0.0,1.0,1.0,10,4.904442828143556,1.0005584054502505,4.188686462960038,5.620199193327074,10
{},always_otfs,116,2.101006789091103,0.47737560744883545,1.7595128515521998,2.4425007266300063,10,0.00924340906401435,0.029230225986930494,-0.01166663495933622,0.03015345308736492,10,0.0140625,0.021411254990723404,-0.001254189123491298,0.0293791891234913,10,0.09063199607648863,0.08680031114722564,0.02853879405538408,0.15272519809759316,10,1.0,0.0,1.0,1.0,10,1.9971765305705638,0.5810048266578401,1.5815507154083195,2.4128023457328083,10
{},always_afdm,116,2.648262172389256,0.6300745854200158,2.1975339664213074,3.098990378357205,10,0.01742983528635075,0.03675742115476806,-0.008864839783034484,0.043724510355735983,10,0.015625,0.01948779888944761,0.0016842684819217482,0.029565731518078252,10,0.10725648873594014,0.08645303739670394,0.045411711390539754,0.16910126608134052,10,1.0,0.0,1.0,1.0,10,3.0200924457263274,0.8953257857523816,2.379614961778924,3.6605699296737306,10
{},random,116,8.29782511242139,0.5151993439527025,7.929273703764163,8.666376521078618,10,0.07691327401064556,0.09096341132246077,0.011841969528865279,0.14198457849242585,10,0.0203125,0.02448470681988158,0.0027971958852979067,0.037827804114702095,10,0.15968287212959412,0.10310217517738861,0.08592801909402957,0.23343772516515865,10,1.0,0.0,1.0,1.0,10,8.62019342347784,0.5428090455082999,8.231891224140538,9.008495622815142,10
{},rule,116,2.648262172389256,0.6300745854200158,2.1975339664213074,3.098990378357205,10,0.01742983528635075,0.03675742115476806,-0.008864839783034484,0.043724510355735983,10,0.015625,0.01948779888944761,0.0016842684819217482,0.029565731518078252,10,0.10725648873594014,0.08645303739670394,0.045411711390539754,0.16910126608134052,10,1.0,0.0,1.0,1.0,10,3.0200924457263274,0.8953257857523816,2.379614961778924,3.6605699296737306,10
{},ucb,116,9.786892260310388,0.796375725960152,9.217199384983315,10.356585135637461,10,0.05207644156538851,0.05461735627662007,0.013005538566082733,0.09114734456469428,10,0.0140625,0.0214112549907234,-0.0012541891234912946,0.029379189123491294,10,0.1490160816937931,0.10248603833802172,0.07570198640130348,0.2223301769862827,10,0.24870457122995568,0.013507819016146954,0.23904165961191434,0.25836748284799704,10,10.427714744502792,0.6554536412046856,9.958831455711817,10.896598033293767,10
{},sliding_window_ucb,116,9.260300497316246,0.834465023803835,8.663360179732448,9.857240814900043,10,0.07783614382330893,0.07642838398919169,0.023162571523111977,0.13250971612350587,10,0.021875,0.024650332429581735,0.004241214461590367,0.03950878553840963,10,0.16828710954291884,0.10912254833579281,0.09022554099186302,0.24634867809397465,10,0.47842431149493897,0.028097983869150665,0.45832422468979306,0.4985243983000849,10,9.871212156752012,0.9435235484822941,9.196256070382578,10.546168243121446,10
{},discounted_ucb,116,10.650011773448409,0.8093202611300832,10.071058935492717,11.2289646114041,10,0.10934741104458083,0.058332453608825906,0.06761888751226275,0.1510759345768989,10,0.021875,0.01976423537605237,0.007736517732161878,0.03601348226783812,10,0.19745998675910284,0.086542088748795,0.1355515059139965,0.2593684676042092,10,0.4605917888200935,0.013835201995644966,0.45069468152676523,0.47048889611342176,10,11.116497029901993,0.750780933120302,10.579420704510015,11.65357335529397,10
{},thompson,116,7.8915539469538745,1.2389366021698218,7.005272092509964,8.777835801397785,10,0.058763902314305574,0.03213942674106752,0.0357727414405766,0.08175506318803455,10,0.01875,0.023058274605394433,0.0022551040208555265,0.03524489597914447,10,0.15818133505678209,0.07252783345843103,0.10629804851592126,0.21006462159764291,10,0.11360242992226968,0.02327174136171973,0.09695482902478898,0.1302500308197504,10,8.210410425353102,1.3097039948205413,7.27350462785771,9.147316222848493,10
{},linucb,116,7.656126302690159,1.314577262811022,6.715734379283045,8.596518226097272,10,0.060522019925317826,0.09389110076090831,-0.0066436274148450256,0.12768766726548067,10,0.0171875,0.020104436526686233,0.0028056524896307687,0.03156934751036923,10,0.13572063872091264,0.10665206686725523,0.05942634614949138,0.2120149312923339,10,0.1108319950775108,0.023827295438895193,0.09378697473427265,0.12787701542074895,10,8.002020228951867,1.220872394880392,7.128660729943655,8.875379727960079,10
{},sliding_window_linucb,116,8.34552126166649,0.8555705797558881,7.7334829388776685,8.957559584455314,10,0.06316567774992068,0.05201887416314798,0.02595361687557434,0.10037773862426702,10,0.01875,0.01920738428602685,0.005009865005018772,0.032490134994981226,10,0.15883997904810931,0.09241446912523414,0.09273065034612685,0.22494930775009178,10,0.29912809270965235,0.04232093364568746,0.26885352055833556,0.32940266486096914,10,8.746136125255546,0.9071444657679493,8.09720406693934,9.395068183571752,10
{},uncertainty_aware,116,6.146293918635101,0.54223821703526,5.758400065388123,6.534187771882079,10,0.05962663509215912,0.05810011621739313,0.018064315717321797,0.10118895446699644,10,0.0234375,0.023581732130566187,0.006568145065232348,0.040306854934767655,10,0.15426163684833727,0.11694992176769653,0.07060070265701947,0.23792257103965508,10,0.6477054846298405,0.20600541651232068,0.5003380872567474,0.7950728820029335,10,6.54601231211381,0.6356828741271215,6.091272178088457,7.000752446139162,10
{},always_ofdm,117,3.7223202809314557,0.7712734985191871,3.1705844573599675,4.274056104502944,10,0.03056352772438531,0.04947661502702629,-0.004829910520124429,0.06595696596889505,10,0.01875,0.01920738428602685,0.005009865005018772,0.032490134994981226,10,0.12364803658650861,0.08643742890151725,0.06181442488593211,0.1854816482870851,10,1.0,0.0,1.0,1.0,10,4.936370861857381,1.031059173627248,4.198795561520498,5.673946162194264,10
{},always_otfs,117,2.1095364288469356,0.4888382937261816,1.759842579518355,2.459230278175516,10,0.00852963975583254,0.026973089249153308,-0.010765745914389129,0.02782502542605421,10,0.0078125,0.011048543456039806,-9.115186239035643e-05,0.015716151862390358,10,0.08661251359069443,0.08122591628777934,0.02850699342900069,0.14471803375238818,10,1.0,0.0,1.0,1.0,10,1.9920690412885746,0.5805732481216782,1.5767519588126502,2.4073861237644993,10
{},always_afdm,117,2.6858946537811894,0.6598024288115469,2.2139004297429694,3.1578888778194094,10,0.03763248139193309,0.05329151892783675,-0.0004899747037032595,0.07575493748756945,10,0.040625,0.059475426765084154,-0.0019211572730067003,0.0831711572730067,10,0.14102198463985388,0.10250154584420616,0.06769679594572056,0.2143471733339872,10,1.0,0.0,1.0,1.0,10,3.069394427493497,0.9177885206245577,2.4128480710278977,3.7259407839590963,10
{},random,117,8.403234268496885,0.5229023975696447,8.02917242723758,8.77729610975619,10,0.10540915607549359,0.06552646566564718,0.05853434633656502,0.15228396581442216,10,0.0421875,0.05848659182762415,0.00034871262838785666,0.08402628737161215,10,0.20462111118633602,0.09444901672340146,0.13705635480944256,0.2721858675632295,10,1.0,0.0,1.0,1.0,10,8.733094531791496,0.5792581011127554,8.318718248810795,9.147470814772197,10
{},rule,117,2.6858946537811894,0.6598024288115469,2.2139004297429694,3.1578888778194094,10,0.03763248139193309,0.05329151892783675,-0.0004899747037032595,0.07575493748756945,10,0.040625,0.059475426765084154,-0.0019211572730067003,0.0831711572730067,10,0.14102198463985388,0.10250154584420616,0.06769679594572056,0.2143471733339872,10,1.0,0.0,1.0,1.0,10,3.069394427493497,0.9177885206245577,2.4128480710278977,3.7259407839590963,10
{},ucb,117,9.884777190516498,0.8346788909477186,9.28768388159436,10.481870499438637,10,0.09788493020610753,0.08323120481931201,0.038344913044882675,0.15742494736733237,10,0.021875,0.028716768233521296,0.001332261526483955,0.04241773847351604,10,0.1763056673304674,0.1031748779856321,0.10249880583894112,0.2501125288219937,10,0.2530677895150504,0.016731134858431102,0.24109905664904943,0.2650365223810513,10,10.512300408960577,0.6652117282985713,10.036436605177755,10.9881642127434,10
{},sliding_window_ucb,117,9.326744958940436,0.8508492881428111,8.718084044712214,9.935405873168659,10,0.06644446162419128,0.06339583225903932,0.02109381520680912,0.11179510804157344,10,0.01875,0.02927806108865666,-0.002194263193719039,0.039694263193719034,10,0.15961674535354414,0.09155305164735114,0.09412363759330433,0.22510985311378395,10,0.4747957444709477,0.02701250284536041,0.4554721640124894,0.49411932492940597,10,9.93910889923287,0.9633337480555955,9.249981449789669,10.628236348676072,10
{},discounted_ucb,117,10.756978224066295,0.8798264142812959,10.12758832253921,11.386368125593378,10,0.10696645061788738,0.10439226540728322,0.032288722627019636,0.18164417860875515,10,0.0203125,0.028574722342385842,-0.00012862496432502687,0.040753624964325025,10,0.19603966002703477,0.08887086733908732,0.13246527133484504,0.2596140487192245,10,0.45816867844076603,0.018535651287842226,0.4449090722850164,0.47142828459651565,10,11.220816687056345,0.7829911812212877,10.660698538241729,11.780934835870962,10
{},thompson,117,7.953408648126802,1.2656721411876184,7.048001341211189,8.858815955042413,10,0.061854701172926886,0.07919868317984997,0.0051993762150386175,0.11851002613081515,10,0.0109375,0.012863634411696322,0.0017354102874837796,0.02013958971251622,10,0.14699932228984317,0.11588494906939062,0.06410022367294753,0.2298984209067388,10,0.10489717252587678,0.025667011598316306,0.08653609852293839,0.12325824652881517,10,8.26568974477026,1.3231621312914192,7.319156576408693,9.212222913131827,10
{},linucb,117,7.707806902625755,1.3195289593604462,6.763872748895652,8.651741056355858,10,0.051680599935596726,0.05063474213319059,0.015458687467680067,0.08790251240351338,10,0.0375,0.05992979109851052,-0.005371189936758045,0.08037118993675804,10,0.15854995602075472,0.10770770294539961,0.08150050689062245,0.235599405150887,10,0.11291365329102807,0.022325520508193454,0.09694293801570757,0.12888436856634858,10,8.06885018209994,1.2108391474677909,7.202668035917822,8.935032328282059,10
{},sliding_window_linucb,117,8.438923059686655,0.8983202204896462,7.796303486170418,9.081542633202892,10,0.09340179802016363,0.09586413467432371,0.02482472724428987,0.1619788687960374,10,0.0390625,0.0599524189230278,-0.003824876907293974,0.08194987690729397,10,0.1804500980497361,0.12362795357579351,0.09201198768608633,0.2688882084133859,10,0.27180650699881165,0.04070278748222853,0.24268948688042372,0.3009235271171996,10,8.834866220432598,0.9495248636989295,8.155617051777933,9.514115389087264,10
{},uncertainty_aware,117,6.187456072159133,0.5836628213708392,5.769928842122864,6.604983302195402,10,0.04116215352403087,0.0868471937107848,-0.020964586262686165,0.10328889331074789,10,0.0328125,0.061823596773849666,-0.011413436905211821,0.07703843690521182,10,0.134737667486886,0.12552089129897828,0.04494543105035015,0.22452990392342187,10,0.6593165379609667,0.25852996218904684,0.47437534410412757,0.8442577318178057,10,6.589029976728012,0.6766368829239877,6.104993109681914,7.073066843774111,10
{},always_ofdm,118,3.752241914419347,0.7760702152005408,3.197074726443783,4.307409102394911,10,0.02992163348789174,0.04901733293569856,-0.005143254140789932,0.06498652111657341,10,0.0265625,0.029508782237948526,0.005453188838777458,0.047671811161222544,10,0.13031881746904783,0.09107212083561271,0.06516974688628768,0.19546788805180798,10,1.0,0.0,1.0,1.0,10,4.981250466713193,1.0290345752069228,4.245123476838143,5.717377456588243,10
{},always_otfs,118,2.117389415132604,0.4981723462035777,1.7610183869034606,2.4737604433617477,10,0.0078529862856685,0.02483332309677816,-0.009911702890251504,0.025617675461588503,10,0.0140625,0.022642776165921,-0.0021351663010397755,0.030260166301039775,10,0.09215090778894387,0.08761390613904019,0.02947569497176726,0.1548261206061205,10,1.0,0.0,1.0,1.0,10,1.998780736464282,0.5952246673753105,1.572982660042741,2.424578812885823,10
{},always_afdm,118,2.6957412667682417,0.6594468128223252,2.224001435083791,3.167481098452692,10,0.0098466129870525,0.031137724277279955,-0.01242797311146051,0.03212119908556551,10,0.015625,0.02551551815399144,-0.0026277021213286372,0.03387770212132864,10,0.09457185296995257,0.08875659405955691,0.03107921045744487,0.15806449548246027,10,1.0,0.0,1.0,1.0,10,3.078527067850213,0.9087956511770748,2.4284138226485217,3.728640313051904,10
{},random,118,8.466092436381022,0.4787745031968255,8.123597789108036,8.808587083654007,10,0.06285816788413613,0.07376942046060621,0.010086703506883933,0.11562963226138834,10,0.0125,0.019207384286026852,-0.0012401349949812297,0.02624013499498123,10,0.15495179377657853,0.09777368473135543,0.0850087131800767,0.22489487437308037,10,1.0,0.0,1.0,1.0,10,8.802607112954835,0.5737019966652184,8.392205427661072,9.213008798248598,10
{},rule,118,2.6957412667682417,0.6594468128223252,2.224001435083791,3.167481098452692,10,0.0098466129870525,0.031137724277279955,-0.01242797311146051,0.03212119908556551,10,0.015625,0.02551551815399144,-0.0026277021213286372,0.03387770212132864,10,0.09457185296995257,0.08875659405955691,0.03107921045744487,0.15806449548246027,10,1.0,0.0,1.0,1.0,10,3.078527067850213,0.9087956511770748,2.4284138226485217,3.728640313051904,10
{},ucb,118,9.953977615393125,0.8485251678790199,9.346979276645953,10.560975954140297,10,0.06920042487662881,0.04292972415337093,0.03849035023134047,0.09991049952191715,10,0.01875,0.023058274605394433,0.0022551040208555265,0.03524489597914447,10,0.16715628122037113,0.09627776068961941,0.09828332021795916,0.2360292422227831,10,0.24408651825618088,0.01023073346873555,0.23676789241599486,0.2514051440963669,10,10.594017477567713,0.6828456671552882,10.105539113843962,11.082495841291463,10
{},sliding_window_ucb,118,9.391942285750538,0.8741046979366512,8.766645453524703,10.017239117976374,10,0.06519732681010078,0.07260972660099849,0.013255457444151228,0.11713919617605033,10,0.01875,0.025301995419773165,0.0006500428411799174,0.036849957158820085,10,0.14521935272651781,0.11117090552586747,0.06569247771361121,0.22474622773942443,10,0.48098950123880757,0.023209169384002085,0.46438666163770853,0.4975923408399066,10,9.998889039346151,0.9764948862975579,9.300346678770895,10.697431399921408,10
{},discounted_ucb,118,10.845090727726982,0.8850575125806784,10.211958723905532,11.478222731548431,10,0.08811250366068749,0.05082091202165895,0.05175741327736791,0.12446759404400706,10,0.021875,0.026760901205552353,0.0027314045121364303,0.04101859548786357,10,0.18545957154691003,0.09271694136748375,0.11913386723756453,0.25178527585625554,10,0.46171455577907733,0.01712265402015898,0.4494657469769076,0.47396336458124705,10,11.320837045990015,0.7990976431550509,10.749197028400042,11.892477063579987,10
{},thompson,118,7.987850580353239,1.294961430338591,7.06149097817199,8.91421018253449,10,0.03444193222643776,0.07060018885887627,-0.016062400437840442,0.08494626489071597,10,0.0109375,0.019557274328665195,-0.0030529312533191244,0.024927931253319123,10,0.11235659432719325,0.10092873694177505,0.04015652534321397,0.18455666331117254,10,0.11102249685825756,0.032759111774499736,0.08758804001632522,0.1344569537001899,10,8.292607126484217,1.337204711292179,7.336028501541213,9.249185751427222,10
{},linucb,118,7.771462889586521,1.3155698897390973,6.830360883651339,8.712564895521703,10,0.06365598696076763,0.0771159111458021,0.008490587361034897,0.11882138656050037,10,0.0140625,0.020104436526686233,-0.0003193475103692323,0.028444347510369235,10,0.15033458101494748,0.10943614222329737,0.07204868091078954,0.22862048111910543,10,0.1167388364862983,0.012340324550979139,0.10791110009661792,0.1255665728759787,10,8.133745550501649,1.229411337324087,7.254277660046503,9.013213440956795,10
{},sliding_window_linucb,118,8.493711127001106,0.8936034766420263,7.854465708770042,9.132956545232169,10,0.054788067314450316,0.055641336148693564,0.01498465324206371,0.09459148138683693,10,0.0171875,0.027013130166437374,-0.0021365292169229326,0.03651152921692294,10,0.1458935425474921,0.11213118319983491,0.06567972626884647,0.22610735882613772,10,0.2644481559660305,0.04319454821095802,0.23354863760227537,0.2953476743297856,10,8.895320550366852,0.9534667594741695,8.213251519346683,9.577389581387022,10
{},uncertainty_aware,118,6.247543694001305,0.6071969096337693,5.81318119140001,6.6819061966026,10,0.060087621842172464,0.07868968352412882,0.0037964133031500175,0.11637883038119491,10,0.0234375,0.02969206836195672,0.002197073844196363,0.04467792615580364,10,0.14217799338578702,0.11624481756521364,0.05902146035515675,0.22533452641641727,10,0.6778261182680666,0.23602818359381,0.5089817271263508,0.8466705094097824,10,6.645768757500562,0.70042836931827,6.1447124863585865,7.146825028642538,10
{},always_ofdm,119,3.769350718890427,0.7650983847768543,3.22203230557978,4.316669132201074,10,0.0171088044710799,0.03621806882170984,-0.008800041182091212,0.04301765012425101,10,0.015625,0.02946278254943948,-0.005451404966374283,0.03670140496637428,10,0.09249608640503224,0.08912916655888352,0.028736921582149896,0.15625525122791456,10,1.0,0.0,1.0,1.0,10,5.018919680967704,1.019607145387887,4.289536668119421,5.748302693815987,10
{},always_otfs,119,2.13557723018252,0.5099726820478909,1.7707647502141655,2.500389710150875,10,0.018187815049915727,0.03855264825339548,-0.009391088122290045,0.0457667182221215,10,0.0125,0.02057126839388698,-0.0022157989105067166,0.027215798910506718,10,0.09148091383568471,0.08592460174099517,0.030014156585966068,0.15294767108540336,10,1.0,0.0,1.0,1.0,10,2.035434778149447,0.6139024167074983,1.5962754447548064,2.4745941115440875,10
{},always_afdm,119,2.7238039508930108,0.6606049313131244,2.2512356511482143,3.196372250637807,10,0.028062684124769262,0.046081554571994796,-0.0049020741769857795,0.0610274424265243,10,0.0265625,0.03686528826913831,0.00019066144542096916,0.05293433855457903,10,0.1152695321269496,0.09535347526231923,0.0470577650880612,0.183481299165838,10,1.0,0.0,1.0,1.0,10,3.1389697278266424,0.9000971733275636,2.495078998826186,3.7828604568270987,10
{},random,119,8.533687592104233,0.4574852110001214,8.206422387027763,8.860952797180703,10,0.0675951557232124,0.0727552416312113,0.015549191175475013,0.11964112027094978,10,0.015625,0.02946278254943948,-0.005451404966374283,0.03670140496637428,10,0.1498173781793058,0.0923774322589868,0.08373454405536952,0.21590021230324208,10,1.0,0.0,1.0,1.0,10,8.897597618983621,0.5569011805681905,8.499214513511106,9.295980724456136,10
{},rule,119,2.7238039508930108,0.6606049313131244,2.2512356511482143,3.196372250637807,10,0.028062684124769262,0.046081554571994796,-0.0049020741769857795,0.0610274424265243,10,0.0265625,0.03686528826913831,0.00019066144542096916,0.05293433855457903,10,0.1152695321269496,0.09535347526231923,0.0470577650880612,0.183481299165838,10,1.0,0.0,1.0,1.0,10,3.1389697278266424,0.9000971733275636,2.495078998826186,3.7828604568270987,10
{},ucb,119,10.032074341194297,0.8584614819957774,9.417967991523634,10.646180690864961,10,0.07809672580117208,0.05175147046254092,0.041075954010741836,0.11511749759160232,10,0.0140625,0.024923929404177914,-0.0037670050236445225,0.031892005023644525,10,0.15668162011282738,0.09554121565714627,0.08833555168596648,0.2250276885396883,10,0.23660468606413282,0.008407259937904874,0.23059049460711348,0.24261887752115216,10,10.69587222553002,0.7046826213338518,10.191772645828882,11.199971805231156,10
{},sliding_window_ucb,119,9.450284410486182,0.8854801059730649,8.816850101563062,10.083718719409301,10,0.058342124735643305,0.05544599467282271,0.018678449537046865,0.09800579993423975,10,0.0234375,0.034743916833662326,-0.0014168008480448836,0.04829180084804488,10,0.14749383106361344,0.11004901285780602,0.06876950971858228,0.2262181524086446,10,0.4640150364181747,0.016321982216266295,0.45233899372034975,0.47569107911599967,10,10.091555998259246,0.998177290746289,9.377502979923156,10.805609016595335,10
{},discounted_ucb,119,10.91851705878081,0.859210525073264,10.303874875971783,11.533159241589836,10,0.07342633105382636,0.0609556434491325,0.02982129055352651,0.11703137155412621,10,0.0171875,0.028951962728515204,-0.0035234864797603765,0.03789848647976038,10,0.16638053716080015,0.08916044930970728,0.10259899400607772,0.23016208031552257,10,0.4602218207497913,0.012259908815816144,0.45145161031160985,0.4689920311879727,10,11.432390711000298,0.7710977663872466,10.880780598622998,11.984000823377599,10
{},thompson,119,8.038165966195297,1.2933218533235749,7.112979246754639,8.963352685635956,10,0.050315385842059024,0.05339352704294208,0.012119957536815218,0.08851081414730283,10,0.0109375,0.012863634411696323,0.001735410287483776,0.020139589712516223,10,0.1321244638313535,0.08992897218371353,0.06779315253130072,0.1964557751314063,10,0.10025646151485015,0.01738773170195326,0.08781802756238549,0.11269489546731482,10,8.369904718165051,1.3369990895272477,7.413473186171611,9.32633625015849,10
{},linucb,119,7.832693053978471,1.3511184063137376,6.866161171213979,8.799224936742963,10,0.06123016439194985,0.06758346468603217,0.012883866198177642,0.10957646258572207,10,0.0125,0.02057126839388698,-0.0022157989105067166,0.027215798910506718,10,0.13375811592626624,0.10150022158189015,0.06114923145831437,0.20636700039421813,10,0.10782345093443606,0.016734242252711636,0.09585249517247692,0.1197944066963952,10,8.212676794277396,1.265217456661,7.307594749077946,9.117758839476846,10
{},sliding_window_linucb,119,8.555279449227893,0.901256429882684,7.910559438044919,9.199999460410867,10,0.06156832222678711,0.07022014513006157,0.011335856468494061,0.11180078798508017,10,0.0125,0.02057126839388698,-0.0022157989105067166,0.027215798910506718,10,0.14020776120550654,0.07933747889121695,0.08345314777697035,0.19696237463404273,10,0.2844766172082406,0.09854040540052467,0.21398505768608456,0.3549681767303966,10,8.98070143942184,0.9644845941637713,8.290750724267424,9.670652154576254,10
{},uncertainty_aware,119,6.307166168092476,0.6051225143140799,5.874287598508872,6.740044737676081,10,0.05962247409117092,0.08258393394566649,0.0005454866194534932,0.11869946156288835,10,0.025,0.034704856768661835,0.00017364103920157123,0.04982635896079843,10,0.13560933815814308,0.11585419491560162,0.05273223973754823,0.21848643657873792,10,0.6580643593020197,0.25657579120606844,0.47452109515333624,0.8416076234507031,10,6.726551223508186,0.6982450256275952,6.227056822353481,7.226045624662891,10
