variant,selector,time,cumulative_regret_mean,cumulative_regret_std,cumulative_regret_ci_low,cumulative_regret_ci_high,cumulative_regret_n_seeds,instantaneous_regret_mean,instantaneous_regret_std,instantaneous_regret_ci_low,instantaneous_regret_ci_high,instantaneous_regret_n_seeds,ber_mean,ber_std,ber_ci_low,ber_ci_high,ber_n_seeds,objective_mean,objective_std,objective_ci_low,objective_ci_high,objective_n_seeds,uncertainty_mean,uncertainty_std,uncertainty_ci_low,uncertainty_ci_high,uncertainty_n_seeds,hindsight_dynamic_regret_mean,hindsight_dynamic_regret_std,hindsight_dynamic_regret_ci_low,hindsight_dynamic_regret_ci_high,hindsight_dynamic_regret_n_seeds
"{""dynamic.change_interval"": 60}",ucb,0,0.086044436288162,0.08822757066982144,0.022930234310930914,0.14915863826539308,10,0.086044436288162,0.08822757066982144,0.022930234310930914,0.14915863826539308,10,0.0171875,0.025989531145572186,-0.0014042905883841147,0.03577929058838412,10,0.10794745449825072,0.08854529707883704,0.04460596474011545,0.17128894425638597,10,1.0,0.0,1.0,1.0,10,0.08315963733495849,0.08867486807742475,0.019725458068167695,0.14659381660174928,10
"{""dynamic.change_interval"": 60}",sliding_window_ucb,0,0.086044436288162,0.08822757066982144,0.022930234310930914,0.14915863826539308,10,0.086044436288162,0.08822757066982144,0.022930234310930914,0.14915863826539308,10,0.0171875,0.025989531145572186,-0.0014042905883841147,0.03577929058838412,10,0.10794745449825072,0.08854529707883704,0.04460596474011545,0.17128894425638597,10,1.0,0.0,1.0,1.0,10,0.08315963733495849,0.08867486807742475,0.019725458068167695,0.14659381660174928,10
"{""dynamic.change_interval"": 60}",discounted_ucb,0,0.086044436288162,0.08822757066982144,0.022930234310930914,0.14915863826539308,10,0.086044436288162,0.08822757066982144,0.022930234310930914,0.14915863826539308,10,0.0171875,0.025989531145572186,-0.0014042905883841147,0.03577929058838412,10,0.10794745449825072,0.08854529707883704,0.04460596474011545,0.17128894425638597,10,1.0,0.0,1.0,1.0,10,0.08315963733495849,0.08867486807742475,0.019725458068167695,0.14659381660174928,10
"{""dynamic.change_interval"": 60}",uncertainty_aware,0,0.086044436288162,0.08822757066982144,0.022930234310930914,0.14915863826539308,10,0.086044436288162,0.08822757066982144,0.022930234310930914,0.14915863826539308,10,0.0171875,0.025989531145572186,-0.0014042905883841147,0.03577929058838412,10,0.10794745449825072,0.08854529707883704,0.04460596474011545,0.17128894425638597,10,1.0,0.0,1.0,1.0,10,0.08315963733495849,0.08867486807742475,0.019725458068167695,0.14659381660174928,10
"{""dynamic.change_interval"": 60}",ucb,1,0.15019550421319855,0.08913185936063761,0.08643441307598497,0.21395659535041212,10,0.06415106792503651,0.02320737173768594,0.047549514282644256,0.08075262156742877,10,0.0109375,0.03458741190809165,-0.013804843968716712,0.03567984396871671,10,0.11688137301304971,0.07022731318334716,0.06664377953833633,0.1671189664877631,10,1.0,0.0,1.0,1.0,10,0.15857259094374304,0.0949937907714058,0.09061812668940647,0.2265270551980796,10
"{""dynamic.change_interval"": 60}",sliding_window_ucb,1,0.15019550421319855,0.08913185936063761,0.08643441307598497,0.21395659535041212,10,0.06415106792503651,0.02320737173768594,0.047549514282644256,0.08075262156742877,10,0.0109375,0.03458741190809165,-0.013804843968716712,0.03567984396871671,10,0.11688137301304971,0.07022731318334716,0.06664377953833633,0.1671189664877631,10,1.0,0.0,1.0,1.0,10,0.15857259094374304,0.0949937907714058,0.09061812668940647,0.2265270551980796,10
"{""dynamic.change_interval"": 60}",discounted_ucb,1,0.15019550421319855,0.08913185936063761,0.08643441307598497,0.21395659535041212,10,0.06415106792503651,0.02320737173768594,0.047549514282644256,0.08075262156742877,10,0.0109375,0.03458741190809165,-0.013804843968716712,0.03567984396871671,10,0.11688137301304971,0.07022731318334716,0.06664377953833633,0.1671189664877631,10,1.0,0.0,1.0,1.0,10,0.15857259094374304,0.0949937907714058,0.09061812668940647,0.2265270551980796,10
"{""dynamic.change_interval"": 60}",uncertainty_aware,1,0.15019550421319855,0.08913185936063761,0.08643441307598497,0.21395659535041212,10,0.06415106792503651,0.02320737173768594,0.047549514282644256,0.08075262156742877,10,0.0109375,0.03458741190809165,-0.013804843968716712,0.03567984396871671,10,0.11688137301304971,0.07022731318334716,0.06664377953833633,0.1671189664877631,10,1.0,0.0,1.0,1.0,10,0.15857259094374304,0.0949937907714058,0.09061812668940647,0.2265270551980796,10
"{""dynamic.change_interval"": 60}",ucb,2,0.2384776790923063,0.11458670600646235,0.15650728761612787,0.32044807056848473,10,0.08828217487910764,0.04829195111012187,0.05373619414883068,0.12282815560938459,10,0.0046875,0.010546071214227388,-0.0028567048741424015,0.0122317048741424,10,0.1297679297736167,0.06843499861670159,0.08081248090185672,0.17872337864537668,10,1.0,0.0,1.0,1.0,10,0.2455102467179499,0.11678856079675284,0.16196474321155363,0.3290557502243462,10
"{""dynamic.change_interval"": 60}",sliding_window_ucb,2,0.2384776790923063,0.11458670600646235,0.15650728761612787,0.32044807056848473,10,0.08828217487910764,0.04829195111012187,0.05373619414883068,0.12282815560938459,10,0.0046875,0.010546071214227388,-0.0028567048741424015,0.0122317048741424,10,0.1297679297736167,0.06843499861670159,0.08081248090185672,0.17872337864537668,10,1.0,0.0,1.0,1.0,10,0.2455102467179499,0.11678856079675284,0.16196474321155363,0.3290557502243462,10
"{""dynamic.change_interval"": 60}",discounted_ucb,2,0.2384776790923063,0.11458670600646235,0.15650728761612787,0.32044807056848473,10,0.08828217487910764,0.04829195111012187,0.05373619414883068,0.12282815560938459,10,0.0046875,0.010546071214227388,-0.0028567048741424015,0.0122317048741424,10,0.1297679297736167,0.06843499861670159,0.08081248090185672,0.17872337864537668,10,1.0,0.0,1.0,1.0,10,0.2455102467179499,0.11678856079675284,0.16196474321155363,0.3290557502243462,10
"{""dynamic.change_interval"": 60}",uncertainty_aware,2,0.2384776790923063,0.11458670600646235,0.15650728761612787,0.32044807056848473,10,0.08828217487910764,0.04829195111012187,0.05373619414883068,0.12282815560938459,10,0.0046875,0.010546071214227388,-0.0028567048741424015,0.0122317048741424,10,0.1297679297736167,0.06843499861670159,0.08081248090185672,0.17872337864537668,10,1.0,0.0,1.0,1.0,10,0.2455102467179499,0.11678856079675284,0.16196474321155363,0.3290557502243462,10
"{""dynamic.change_interval"": 60}",ucb,3,0.29731115586986384,0.12086039567858771,0.2108528371607028,0.3837694745790249,10,0.0588334767775575,0.04739741026251144,0.02492741202030732,0.09273954153480768,10,0.0015625,0.004941058844013093,-0.00197212056695953,0.00509712056695953,10,0.08959534230917258,0.06494957969879188,0.04313321193060173,0.13605747268774343,10,0.8325546111576976,1.1702778228589004e-16,0.8325546111576975,0.8325546111576977,10,0.30420914263469157,0.12353095811697393,0.21584041864235787,0.39257786662702526,10
"{""dynamic.change_interval"": 60}",sliding_window_ucb,3,0.29731115586986384,0.12086039567858771,0.2108528371607028,0.3837694745790249,10,0.0588334767775575,0.04739741026251144,0.02492741202030732,0.09273954153480768,10,0.0015625,0.004941058844013093,-0.00197212056695953,0.00509712056695953,10,0.08959534230917258,0.06494957969879188,0.04313321193060173,0.13605747268774343,10,0.8325546111576976,1.1702778228589004e-16,0.8325546111576975,0.8325546111576977,10,0.30420914263469157,0.12353095811697393,0.21584041864235787,0.39257786662702526,10
"{""dynamic.change_interval"": 60}",discounted_ucb,3,0.38053585905854603,0.13448791608741642,0.2843289995134323,0.47674271860365974,10,0.14205817996623968,0.07980349362806227,0.08497019967740885,0.1991461602550705,10,0.0109375,0.012863634411696322,0.0017354102874837796,0.02013958971251622,10,0.17282004549785476,0.08372668858430388,0.11292558060353787,0.23271451039217167,10,0.858702350715838,0.009032140006159442,0.8522411469865783,0.8651635544450977,10,0.38743384582337376,0.133576884598281,0.29187869894558593,0.4829889927011616,10
"{""dynamic.change_interval"": 60}",uncertainty_aware,3,0.2571759004602425,0.1472397297470685,0.15184694294982026,0.3625048579706648,10,0.01869822136793617,0.041240156534507785,-0.010803209413064143,0.048199652148936484,10,0.00625,0.01976423537605237,-0.00788848226783812,0.02038848226783812,10,0.04946008689955119,0.06228927661893373,0.0049010227011789115,0.09401915109792347,10,0.5293947536602556,0.004639936528670535,0.5260755430211236,0.5327139642993876,10,0.2640738872250702,0.14863256141027056,0.15774855796549708,0.3703992164846433,10
"{""dynamic.change_interval"": 60}",ucb,4,0.40267878932271933,0.12948571679295176,0.3100502875880309,0.4953072910574078,10,0.10536763345285545,0.06331475193357448,0.06007498840623434,0.15066027849947655,10,0.0125,0.02057126839388698,-0.0022157989105067166,0.027215798910506718,10,0.16292674491299816,0.0861671417357617,0.10128648500304491,0.22456700482295142,10,0.8970612889970507,0.0,0.8970612889970507,0.8970612889970507,10,0.40501370333691655,0.11867770164062645,0.3201167898814707,0.4899106167923624,10
"{""dynamic.change_interval"": 60}",sliding_window_ucb,4,0.40267878932271933,0.12948571679295176,0.3100502875880309,0.4953072910574078,10,0.10536763345285545,0.06331475193357448,0.06007498840623434,0.15066027849947655,10,0.0125,0.02057126839388698,-0.0022157989105067166,0.027215798910506718,10,0.16292674491299816,0.0861671417357617,0.10128648500304491,0.22456700482295142,10,0.8970612889970507,0.0,0.8970612889970507,0.8970612889970507,10,0.40501370333691655,0.11867770164062645,0.3201167898814707,0.4899106167923624,10
"{""dynamic.change_interval"": 60}",discounted_ucb,4,0.43652206602801574,0.13609944510928712,0.3391623880679062,0.5338817439881253,10,0.05598620696946972,0.029427522149688967,0.03493502577356488,0.07703738816537456,10,0.0078125,0.01983274246318726,-0.006374989285729207,0.02199998928572921,10,0.1299401767157745,0.07421525310698901,0.07684978287601732,0.1830305705555317,10,0.9241128608333702,0.012761407119294327,0.9149839001204543,0.9332418215462861,10,0.45525183832837507,0.12657755627904632,0.3647037093010315,0.5457999673557186,10
"{""dynamic.change_interval"": 60}",uncertainty_aware,4,0.2754514067332021,0.17880024743548023,0.14754541493780735,0.40335739852859687,10,0.01827550627295966,0.03861213467284591,-0.009345950920212499,0.04589696346613181,10,0.0109375,0.023350533095270718,-0.005766465108211199,0.027641465108211197,10,0.07481187338601167,0.10651127362459105,-0.0013817017669532777,0.15100544853897663,10,0.5260738593615206,0.01059847536555178,0.5184921668158259,0.5336555519072154,10,0.2767635764003087,0.16310313839196963,0.16008661996324125,0.3934405328373761,10
"{""dynamic.change_interval"": 60}",ucb,5,0.5103632592306913,0.13479760258665627,0.41393486330965495,0.6067916551517275,10,0.10768446990797187,0.07728235338394587,0.05240000470373483,0.16296893511220892,10,0.0109375,0.014823176532039278,0.0003336382991214089,0.02154136170087859,10,0.16238287443521232,0.08454131082247199,0.10190566389705019,0.22286008497337445,10,0.9465092364124228,0.0,0.9465092364124228,0.9465092364124228,10,0.523606519449841,0.1497323014379802,0.4164944835666541,0.630718555333028,10
"{""dynamic.change_interval"": 60}",sliding_window_ucb,5,0.5103632592306913,0.13479760258665627,0.41393486330965495,0.6067916551517275,10,0.10768446990797187,0.07728235338394587,0.05240000470373483,0.16296893511220892,10,0.0109375,0.014823176532039278,0.0003336382991214089,0.02154136170087859,10,0.16238287443521232,0.08454131082247199,0.10190566389705019,0.22286008497337445,10,0.9465092364124228,0.0,0.9465092364124228,0.9465092364124228,10,0.523606519449841,0.1497323014379802,0.4164944835666541,0.630718555333028,10
"{""dynamic.change_interval"": 60}",discounted_ucb,5,0.5417326550964157,0.12779488828946522,0.45031369920853825,0.6331516109842931,10,0.10521058906839986,0.08192996918958582,0.04660141980121772,0.163819758335582,10,0.0109375,0.014823176532039278,0.0003336382991214089,0.02154136170087859,10,0.16250481326882135,0.08443322079694193,0.10210492567689061,0.2229047008607521,10,0.9865481010217578,0.011175642639618788,0.9785535278806488,0.9945426741628669,10,0.5739665932749085,0.14263844815035906,0.4719291943310894,0.6760039922187276,10
"{""dynamic.change_interval"": 60}",uncertainty_aware,5,0.3165254539087751,0.20524893695575985,0.1696992094107069,0.4633516984068433,10,0.04107404717557298,0.04455634285212323,0.009200359610722415,0.07294773474042354,10,0.009375,0.013176156917368247,-5.06548452254129e-05,0.01880065484522541,10,0.10344670513386685,0.09049795567133287,0.038708367566552215,0.16818504270118148,10,0.5212031523546589,0.016880359477847932,0.5091276706266146,0.5332786340827032,10,0.3364202232118876,0.20731429898918763,0.18811650771984068,0.4847239387039345,10
"{""dynamic.change_interval"": 60}",ucb,6,0.5880359871374241,0.13537167208685139,0.491196926634906,0.6848750476399422,10,0.07767272790673282,0.059808619583352804,0.03488821885015192,0.12045723696331373,10,0.0078125,0.01327869664998121,-0.0016865073510882941,0.017311507351088294,10,0.14527712889068586,0.07816383558491749,0.08936208930647799,0.20119216847489374,10,0.6974794170897292,0.0,0.6974794170897292,0.6974794170897292,10,0.6045999250944584,0.1530445340950298,0.49511846070581084,0.714081389483106,10
"{""dynamic.change_interval"": 60}",sliding_window_ucb,6,0.5880359871374241,0.13537167208685139,0.491196926634906,0.6848750476399422,10,0.07767272790673282,0.059808619583352804,0.03488821885015192,0.12045723696331373,10,0.0078125,0.01327869664998121,-0.0016865073510882941,0.017311507351088294,10,0.14527712889068586,0.07816383558491749,0.08936208930647799,0.20119216847489374,10,0.6974794170897292,0.0,0.6974794170897292,0.6974794170897292,10,0.6045999250944584,0.1530445340950298,0.49511846070581084,0.714081389483106,10
"{""dynamic.change_interval"": 60}",discounted_ucb,6,0.638906109828624,0.16102809173526741,0.5237135523476765,0.7540986673095714,10,0.09717345473220812,0.05496148640586219,0.05785637586839033,0.13649053359602592,10,0.015625,0.02946278254943948,-0.005451404966374283,0.03670140496637428,10,0.1648293453469634,0.08839731086972892,0.10159371854550465,0.22806497214842214,10,0.7327691209824773,0.006107200534217107,0.7284002929040694,0.7371379490608851,10,0.6745122153758035,0.1741114027128217,0.5499604210338696,0.7990640097177375,10
"{""dynamic.change_interval"": 60}",uncertainty_aware,6,0.3165254539087751,0.20524893695575985,0.1696992094107069,0.4633516984068433,10,0.0,0.0,0.0,0.0,10,0.0109375,0.029508782237948526,-0.010171811161222542,0.032046811161222544,10,0.0612307782322206,0.07707520522345375,0.006094497895154392,0.11636705856928681,10,0.5216183624627099,0.014060329262281592,0.5115602088244668,0.5316765161009529,10,0.3333672781980397,0.21178444236587374,0.18186581477072233,0.48486874162535704,10
"{""dynamic.change_interval"": 60}",ucb,7,0.6558629315390495,0.1268295726594136,0.5651345208535881,0.746591342224511,10,0.06782694440162543,0.026303451232536808,0.04901058891110271,0.08664329989214814,10,0.0109375,0.03458741190809165,-0.013804843968716712,0.03567984396871671,10,0.11910499660726229,0.07132522633639826,0.06808200337633837,0.17012798983818622,10,0.7210134433004416,1.1702778228589004e-16,0.7210134433004415,0.7210134433004417,10,0.6734139108589241,0.14809864623816943,0.5674705215049255,0.7793573002129227,10
"{""dynamic.change_interval"": 60}",sliding_window_ucb,7,0.6558629315390495,0.1268295726594136,0.5651345208535881,0.746591342224511,10,0.06782694440162543,0.026303451232536808,0.04901058891110271,0.08664329989214814,10,0.0109375,0.03458741190809165,-0.013804843968716712,0.03567984396871671,10,0.11910499660726229,0.07132522633639826,0.06808200337633837,0.17012798983818622,10,0.7210134433004416,1.1702778228589004e-16,0.7210134433004415,0.7210134433004417,10,0.6734139108589241,0.14809864623816943,0.5674705215049255,0.7793573002129227,10
"{""dynamic.change_interval"": 60}",discounted_ucb,7,0.7005175037660079,0.15504212494755482,0.5896070489656674,0.8114279585663483,10,0.06161139393738409,0.024183905380378005,0.04431127020976211,0.07891151766500606,10,0.00625,0.01976423537605237,-0.00788848226783812,0.02038848226783812,10,0.11551813355284804,0.06078412163565554,0.07203579236634658,0.1590004747393495,10,0.7568916875395983,0.009530087973885257,0.7500742732928031,0.7637091017863936,10,0.7397393380858549,0.16722916762293064,0.6201107981441097,0.8593678780276001,10
"{""dynamic.change_interval"": 60}",uncertainty_aware,7,0.3287787772699076,0.22974869964959843,0.1644264583337265,0.49313109620608875,10,0.012253323361132471,0.02778732935033699,-0.007624534588603588,0.032131181310868534,10,0.0078125,0.01983274246318726,-0.006374989285729207,0.02199998928572921,10,0.0673432772822099,0.09103265955271243,0.00222243560069163,0.13246411896372817,10,0.522837448578571,0.01371649320619112,0.51302526043758,0.5326496367195619,10,0.35041954463745306,0.2586229498268962,0.1654118314317069,0.5354272578431992,10
"{""dynamic.change_interval"": 60}",ucb,8,0.7795397994622342,0.17743769387472746,0.652608519766303,0.9064710791581654,10,0.12367686792318462,0.07753267526979278,0.06821333322918698,0.17914040261718228,10,0.009375,0.01092509216843908,0.0015596598687479743,0.017190340131252025,10,0.1747314628355532,0.08253318297385781,0.11569078042200472,0.23377214524910167,10,0.7139511220081769,0.05734428282120013,0.6729294932730828,0.754972750743271,10,0.8024378661810673,0.17721015877649438,0.6756693552890118,0.9292063770731227,10
"{""dynamic.change_interval"": 60}",sliding_window_ucb,8,0.7795397994622342,0.17743769387472746,0.652608519766303,0.9064710791581654,10,0.12367686792318462,0.07753267526979278,0.06821333322918698,0.17914040261718228,10,0.009375,0.01092509216843908,0.0015596598687479743,0.017190340131252025,10,0.1747314628355532,0.08253318297385781,0.11569078042200472,0.23377214524910167,10,0.7139511220081769,0.05734428282120013,0.6729294932730828,0.754972750743271,10,0.8024378661810673,0.17721015877649438,0.6756693552890118,0.9292063770731227,10
"{""dynamic.change_interval"": 60}",discounted_ucb,8,0.8355151921271663,0.20472109344189401,0.6890665441320232,0.9819638401223094,10,0.13499768836115833,0.07932673359968379,0.07825076165112724,0.19174461507118942,10,0.0109375,0.012863634411696322,0.0017354102874837796,0.02013958971251622,10,0.1760837012847142,0.08320679545550341,0.11656114553046062,0.2356062570389678,10,0.7804196501005146,0.050857668772999604,0.7440382655212818,0.8168010346797474,10,0.8701155318571592,0.20476991059579658,0.7236319621738412,1.0165991015404772,10
"{""dynamic.change_interval"": 60}",uncertainty_aware,8,0.36273405546349496,0.2645132950691371,0.1735126431100562,0.5519554678169337,10,0.03395527819358733,0.08085521445162977,-0.023885057849554255,0.09179561423672891,10,0.0078125,0.01518477055949297,-0.0030500304855817263,0.018675030485581726,10,0.08144573416177654,0.09339999988669398,0.014631399223519831,0.14826006910003325,10,0.5188155834783827,0.021217718469592948,0.5036373420418431,0.5339938249149224,10,0.38615777128581963,0.27506954008170686,0.18938487616133412,0.5829306664103051,10
"{""dynamic.change_interval"": 60}",ucb,9,0.8816731636917833,0.23655138212549498,0.7124544988672237,1.0508918285163429,10,0.10213336422954913,0.06429893267813257,0.056136678690567654,0.14813004976853061,10,0.01875,0.026352313834736494,-0.0001013096904508258,0.03760130969045082,10,0.17954067350351374,0.09126702813555118,0.11425217463771507,0.2448291723693124,10,0.6334096847967331,0.04402729556967078,0.6019144548589792,0.664904914734487,10,0.9239946298181143,0.23120373358159588,0.7586014423102314,1.0893878173259972,10
"{""dynamic.change_interval"": 60}",sliding_window_ucb,9,0.8816731636917833,0.23655138212549498,0.7124544988672237,1.0508918285163429,10,0.10213336422954913,0.06429893267813257,0.056136678690567654,0.14813004976853061,10,0.01875,0.026352313834736494,-0.0001013096904508258,0.03760130969045082,10,0.17954067350351374,0.09126702813555118,0.11425217463771507,0.2448291723693124,10,0.6334096847967331,0.04402729556967078,0.6019144548589792,0.664904914734487,10,0.9239946298181143,0.23120373358159588,0.7586014423102314,1.0893878173259972,10
"{""dynamic.change_interval"": 60}",discounted_ucb,9,0.9327472497428377,0.2545302150773153,0.7506673026045827,1.1148271968810928,10,0.09723205761567144,0.06713072881046393,0.04920962715707564,0.14525448807426725,10,0.0140625,0.01719538960335331,0.0017616592960811063,0.026363340703918894,10,0.17717530451600455,0.08909387143508608,0.11344138830367842,0.24090922072833068,10,0.6804206659481739,0.053172010141917456,0.6423837012878711,0.7184576306084766,10,0.9893069265066969,0.2487259569704173,0.8113790954893503,1.1672347575240436,10
"{""dynamic.change_interval"": 60}",uncertainty_aware,9,0.3711742696259023,0.2580433943897164,0.18658114540454576,0.5557673938472588,10,0.00844021416240732,0.026690300692817432,-0.010652876761105006,0.027533305085919647,10,0.009375,0.01679637030895531,-0.00264039949604869,0.02139039949604869,10,0.07408053217043907,0.08270136757732575,0.014919537739318901,0.13324152660155925,10,0.5029471944957468,0.06755470830804629,0.454621467375558,0.5512729216159356,10,0.402254393589792,0.265998399199533,0.21197060174056273,0.5925381854390213,10
"{""dynamic.change_interval"": 60}",ucb,10,0.9470455347250638,0.23183484052950942,0.7812008805035737,1.112890188946554,10,0.06537237103328034,0.023639554924511884,0.048461652163540085,0.08228308990302058,10,0.00625,0.013176156917368249,-0.003175654845225414,0.015675654845225415,10,0.12899305869388927,0.07056922110706089,0.07851087902473514,0.1794752383630434,10,0.6463860287278758,0.044929260511765795,0.6142455719398349,0.6785264855159167,10,0.9978026286518474,0.23078715347339102,0.8327074446012662,1.1628978127024285,10
"{""dynamic.change_interval"": 60}",sliding_window_ucb,10,0.9470455347250638,0.23183484052950942,0.7812008805035737,1.112890188946554,10,0.06537237103328034,0.023639554924511884,0.048461652163540085,0.08228308990302058,10,0.00625,0.013176156917368249,-0.003175654845225414,0.015675654845225415,10,0.12899305869388927,0.07056922110706089,0.07851087902473514,0.1794752383630434,10,0.6463860287278758,0.044929260511765795,0.6142455719398349,0.6785264855159167,10,0.9978026286518474,0.23078715347339102,0.8327074446012662,1.1628978127024285,10
"{""dynamic.change_interval"": 60}",discounted_ucb,10,0.9987194385842111,0.24663459076052627,0.8222876808280606,1.1751511963403616,10,0.06597218884137315,0.021728589044379076,0.05042849261109399,0.0815158850716523,10,0.0046875,0.010546071214227388,-0.0028567048741424015,0.0122317048741424,10,0.12849356491458297,0.06817150889629216,0.07972660523397482,0.17726052459519112,10,0.6825425665564293,0.006851569097793735,0.6776412492854662,0.6874438838273924,10,1.0626154315611238,0.24843828471578858,0.884893388877787,1.2403374742444606,10
"{""dynamic.change_interval"": 60}",uncertainty_aware,10,0.3711742696259023,0.2580433943897164,0.18658114540454576,0.5557673938472588,10,0.0,0.0,0.0,0.0,10,0.0140625,0.03489971993281449,-0.01090325567099777,0.03902825567099777,10,0.06472027243769399,0.08263375114979096,0.0056076478849690845,0.12383289699041888,10,0.5034422341256806,0.06825776221078561,0.45461357254088514,0.552270895710476,10,0.41178960616732996,0.27908712019267207,0.2121427073651041,0.6114365049695558,10
"{""dynamic.change_interval"": 60}",ucb,11,0.9966656687154121,0.23009590425604073,0.8320649745662214,1.1612663628646027,10,0.049620133990348377,0.03550242544325622,0.024223228770178885,0.07501703921051786,10,0.0109375,0.020898336091394666,-0.004012269046644548,0.025887269046644547,10,0.13276686700468465,0.08101520801000345,0.0748120784646468,0.1907216555447225,10,0.6090582195184491,0.044523186284312746,0.5772082507333606,0.6409081883035376,10,1.0666803735104744,0.22846725439187218,0.9032447452890537,1.230116001731895,10
"{""dynamic.change_interval"": 60}",sliding_window_ucb,11,0.9966656687154121,0.23009590425604073,0.8320649745662214,1.1612663628646027,10,0.049620133990348377,0.03550242544325622,0.024223228770178885,0.07501703921051786,10,0.0109375,0.020898336091394666,-0.004012269046644548,0.025887269046644547,10,0.13276686700468465,0.08101520801000345,0.0748120784646468,0.1907216555447225,10,0.6090582195184491,0.044523186284312746,0.5772082507333606,0.6409081883035376,10,1.0666803735104744,0.22846725439187218,0.9032447452890537,1.230116001731895,10
"{""dynamic.change_interval"": 60}",discounted_ucb,11,1.088195145493874,0.26154554198299124,0.901096735805878,1.2752935551818703,10,0.0894757069096628,0.037844017481373206,0.06240372765401902,0.11654768616530659,10,0.0203125,0.03298154208122409,-0.003281073897948704,0.043906073897948705,10,0.16044186431093965,0.08842536036463867,0.09718617210958773,0.22369755651229156,10,0.6814383026817545,0.04201779296256403,0.6513805843115961,0.711496021051913,10,1.159168173726006,0.27241201465334053,0.964296357769542,1.35403998968247,10
"{""dynamic.change_interval"": 60}",uncertainty_aware,11,0.3799957522669791,0.27677067611288964,0.18200593773456145,0.5779855667993968,10,0.008821482641076881,0.02789597748544058,-0.011134097502428282,0.028777062784582044,10,0.0109375,0.020898336091394666,-0.004012269046644548,0.025887269046644547,10,0.07570423760353868,0.08172039679385595,0.01724498739694643,0.13416348781013093,10,0.5037357785650625,0.06824693030653188,0.45491486565777994,0.552556691472345,10,0.4236047216248111,0.30140672748285086,0.20799133760860816,0.639218105641014,10
"{""dynamic.change_interval"": 60}",ucb,12,1.0904951589225733,0.20150447130974028,0.9463475437836213,1.2346427740615253,10,0.09382949020716103,0.0781762165812752,0.03790559379170564,0.14975338662261642,10,0.0125,0.01920738428602685,-0.0012401349949812263,0.026240134994981228,10,0.16083438394755584,0.08576871513396019,0.09947914125873077,0.22218962663638092,10,0.57499163222452,0.02770041202857269,0.555175951181158,0.5948073132678819,10,1.1571313156418683,0.19771187390561834,1.0156967612475885,1.2985658700361482,10
"{""dynamic.change_interval"": 60}",sliding_window_ucb,12,1.0904951589225733,0.20150447130974028,0.9463475437836213,1.2346427740615253,10,0.09382949020716103,0.0781762165812752,0.03790559379170564,0.14975338662261642,10,0.0125,0.01920738428602685,-0.0012401349949812263,0.026240134994981228,10,0.16083438394755584,0.08576871513396019,0.09947914125873077,0.22218962663638092,10,0.57499163222452,0.02770041202857269,0.555175951181158,0.5948073132678819,10,1.1571313156418683,0.19771187390561834,1.0156967612475885,1.2985658700361482,10
"{""dynamic.change_interval"": 60}",discounted_ucb,12,1.200646412973916,0.24353900708949738,1.0264291023749008,1.3748637235729313,10,0.11245126748004239,0.0721298551093297,0.060852677499645035,0.16404985746043974,10,0.0171875,0.020104436526686233,0.0028056524896307687,0.03156934751036923,10,0.17917484795346714,0.08799888095512738,0.11622424074297096,0.24212545516396333,10,0.6286854421258568,0.032660136348126236,0.6053217880387038,0.6520490962130097,10,1.267959579863311,0.2569484421691663,1.0841497372746522,1.4517694224519697,10
"{""dynamic.change_interval"": 60}",uncertainty_aware,12,0.38999898592165316,0.2756818025261484,0.19278810462925913,0.5872098672140472,10,0.010003233654674,0.03163300231562008,-0.012625653008949977,0.03263212031829797,10,0.0140625,0.025989531145572186,-0.004529290588384116,0.032654290588384115,10,0.07830290997030293,0.08487855607025216,0.017584448715129507,0.13902137122547634,10,0.5028003133691584,0.06774856338370665,0.4543359106818351,0.5512647160564818,10,0.43152418977895185,0.3081079869894512,0.21111701349588233,0.6519313660620214,10
"{""dynamic.change_interval"": 60}",ucb,13,1.2000643355515943,0.22781378676698064,1.0370961699084795,1.363032501194709,10,0.10956917662902096,0.08869910466278633,0.0461176595535142,0.17302069370452772,10,0.01875,0.03359274061791063,-0.005280798992097383,0.042780798992097385,10,0.17993675753233976,0.09127704413867876,0.11464109364953337,0.24523242141514615,10,0.601009542060263,0.04291999242273699,0.5703064290756908,0.6317126550448352,10,1.2744480600892445,0.23111668495468163,1.1091171434177816,1.4397789767607074,10
"{""dynamic.change_interval"": 60}",sliding_window_ucb,13,1.2000643355515943,0.22781378676698064,1.0370961699084795,1.363032501194709,10,0.10956917662902096,0.08869910466278633,0.0461176595535142,0.17302069370452772,10,0.01875,0.03359274061791063,-0.005280798992097383,0.042780798992097385,10,0.17993675753233976,0.09127704413867876,0.11464109364953337,0.24523242141514615,10,0.601009542060263,0.04291999242273699,0.5703064290756908,0.6317126550448352,10,1.2744480600892445,0.23111668495468163,1.1091171434177816,1.4397789767607074,10
"{""dynamic.change_interval"": 60}",discounted_ucb,13,1.3134048511638103,0.2861087507683155,1.1087349804379991,1.5180747218896216,10,0.11275843818989406,0.0876035379059769,0.05009064235984216,0.17542623401994595,10,0.0140625,0.01719538960335331,0.0017616592960811063,0.026363340703918894,10,0.17680833421127243,0.08623225334435794,0.11512149626244986,0.238495172160095,10,0.6469069375679102,0.036549660146066754,0.6207608857708945,0.6730529893649259,10,1.3821479009896198,0.2940156581445064,1.1718217694672401,1.5924740325119995,10
"{""dynamic.change_interval"": 60}",uncertainty_aware,13,0.4006030526336318,0.2946382525746787,0.18983154388599857,0.611374561381265,10,0.01060406671197863,0.03353300327022518,-0.013383998755906545,0.0345921321798638,10,0.0109375,0.019557274328665195,-0.0030529312533191244,0.024927931253319123,10,0.07493924523379311,0.08153962480761921,0.016609311515964537,0.1332691789516217,10,0.50316798037541,0.06761924485272718,0.4547960865922951,0.5515398741585249,10,0.4438434219277815,0.3486286377606933,0.19444951828036217,0.6932373255752008,10
"{""dynamic.change_interval"": 60}",ucb,14,1.3017015530131912,0.24506126834351513,1.1263952823133958,1.4770078237129867,10,0.10163721746159697,0.07252286061114457,0.04975748828138493,0.153516946641809,10,0.0125,0.020571268393886982,-0.0022157989105067184,0.027215798910506718,10,0.16172237177610654,0.08538087813371222,0.10064457096380666,0.22280017258840643,10,0.5572434713253726,0.03171902324408493,0.5345530489965117,0.5799338936542334,10,1.3785927504790625,0.2480173655029101,1.2011718152615214,1.5560136856966036,10
"{""dynamic.change_interval"": 60}",sliding_window_ucb,14,1.3017015530131912,0.24506126834351513,1.1263952823133958,1.4770078237129867,10,0.10163721746159697,0.07252286061114457,0.04975748828138493,0.153516946641809,10,0.0125,0.020571268393886982,-0.0022157989105067184,0.027215798910506718,10,0.16172237177610654,0.08538087813371222,0.10064457096380666,0.22280017258840643,10,0.5572434713253726,0.03171902324408493,0.5345530489965117,0.5799338936542334,10,1.3785927504790625,0.2480173655029101,1.2011718152615214,1.5560136856966036,10
"{""dynamic.change_interval"": 60}",discounted_ucb,14,1.410636596850032,0.2858111190893458,1.2061796390012127,1.6150935546988514,10,0.0972317456862217,0.07168770177186991,0.045949453149282,0.1485140382231614,10,0.0140625,0.02492392940417791,-0.003767005023644519,0.03189200502364452,10,0.16286235825295367,0.08665854793203041,0.10087056752685414,0.2248541489790532,10,0.6241378349712094,0.03341704429042418,0.6002327215603362,0.6480429483820827,10,1.487432577856285,0.30639105498754615,1.2682536207378905,1.7066115349746793,10
"{""dynamic.change_interval"": 60}",uncertainty_aware,14,0.41215171153540614,0.3180319691353966,0.18464534608932956,0.6396580769814827,10,0.011548658901774329,0.03652006604998565,-0.014576222554233225,0.03767354035778188,10,0.015625,0.02946278254943948,-0.005451404966374283,0.03670140496637428,10,0.0783220151079763,0.08622385210582167,0.0166411870431595,0.1400028431727931,10,0.5031663846160003,0.06712026708559629,0.4551514380245371,0.5511813312074635,10,0.4645877556494691,0.39515391958869067,0.181911670343338,0.7472638409556002,10
"{""dynamic.change_interval"": 60}",ucb,15,1.4080323836926036,0.29538728334519004,1.1967250506104874,1.6193397167747199,10,0.10633083067941232,0.07923864681221382,0.0496469174611242,0.16301474389770043,10,0.0140625,0.015537951968933646,0.0029473187541081917,0.025177681245891807,10,0.17717583477721205,0.08733410298521503,0.11470078107844157,0.23965088847598254,10,0.5327688937179224,0.019653948321412155,0.5187093060562622,0.5468284813795825,10,1.4855909867406716,0.267742017384471,1.29405988558144,1.6771220878999031,10
"{""dynamic.change_interval"": 60}",sliding_window_ucb,15,1.4080323836926036,0.29538728334519004,1.1967250506104874,1.6193397167747199,10,0.10633083067941232,0.07923864681221382,0.0496469174611242,0.16301474389770043,10,0.0140625,0.015537951968933646,0.0029473187541081917,0.025177681245891807,10,0.17717583477721205,0.08733410298521503,0.11470078107844157,0.23965088847598254,10,0.5327688937179224,0.019653948321412155,0.5187093060562622,0.5468284813795825,10,1.4855909867406716,0.267742017384471,1.29405988558144,1.6771220878999031,10
"{""dynamic.change_interval"": 60}",discounted_ucb,15,1.5086008876735644,0.3249866368616151,1.2761194526406832,1.7410823227064456,10,0.09796429082353245,0.08450402642476573,0.03751375193675511,0.1584148297103098,10,0.0171875,0.020104436526686233,0.0028056524896307687,0.03156934751036923,10,0.17156936649826535,0.08378620464199986,0.11163232638105844,0.23150640661547225,10,0.6013172956530438,0.03311245033199668,0.577630075633854,0.6250045156722336,10,1.5888243458389473,0.3210816615156547,1.3591363618875132,1.8185123297903814,10
"{""dynamic.change_interval"": 60}",uncertainty_aware,15,0.4204037282219481,0.3189800726788963,0.19221913035843702,0.6485883260854592,10,0.008252016686541951,0.026095168019188302,-0.010415341968910473,0.026919375341994373,10,0.00625,0.01092509216843908,-0.001565340131252025,0.014065340131252026,10,0.07184582965352376,0.07666225044933557,0.01700495936598384,0.12668669994106369,10,0.5021535779037509,0.06758886307341028,0.4538034179362866,0.5505037378712153,10,0.46625598678739,0.39484298341871044,0.1838023318177759,0.748709641757004,10
"{""dynamic.change_interval"": 60}",ucb,16,1.5051916610215355,0.32808012175817347,1.2704972802043306,1.7398860418387403,10,0.09715927732893176,0.08197429287426052,0.03851840080781873,0.15580015385004478,10,0.015625,0.01647019614671031,0.0038429314434682317,0.02740706855653177,10,0.1857938266757143,0.09439966107259319,0.1182643772044761,0.2533232761469525,10,0.5355693863604408,0.0366483141830893,0.5093527617167375,0.5617860110041442,10,1.5749631668831057,0.27057175505680575,1.3814077933378341,1.7685185404283772,10
"{""dynamic.change_interval"": 60}",sliding_window_ucb,16,1.5051916610215355,0.32808012175817347,1.2704972802043306,1.7398860418387403,10,0.09715927732893176,0.08197429287426052,0.03851840080781873,0.15580015385004478,10,0.015625,0.01647019614671031,0.0038429314434682317,0.02740706855653177,10,0.1857938266757143,0.09439966107259319,0.1182643772044761,0.2533232761469525,10,0.5355693863604408,0.0366483141830893,0.5093527617167375,0.5617860110041442,10,1.5749631668831057,0.27057175505680575,1.3814077933378341,1.7685185404283772,10
"{""dynamic.change_interval"": 60}",discounted_ucb,16,1.6001297006027997,0.389198449971088,1.3217139016160244,1.878545499589575,10,0.09152881292923505,0.08491033791566176,0.030787616311462818,0.15227000954700728,10,0.0203125,0.022158382693940257,0.00446134791435732,0.03616365208564268,10,0.1812926238405475,0.08867512066199282,0.1178582638856416,0.2447269837954534,10,0.6063038644792981,0.025006066981126483,0.5884156017727422,0.6241921271858539,10,1.6736953231462148,0.33722476129009155,1.4324592612870783,1.9149313850053513,10
"{""dynamic.change_interval"": 60}",uncertainty_aware,16,0.4287419691590103,0.3122898935421676,0.20534323714325722,0.6521407011747634,10,0.00833824093706224,0.026367833040373375,-0.010524170524316381,0.027200652398440862,10,0.0171875,0.029874229999374974,-0.004183236741136926,0.038558236741136925,10,0.09407301797639464,0.09011761901729333,0.029606756861147693,0.1585392790916416,10,0.5048854101833664,0.06789553210683472,0.4563158724049891,0.5534549479617437,10,0.4639073582305045,0.39575897303853685,0.1807984437605339,0.7470162727004751,10
"{""dynamic.change_interval"": 60}",ucb,17,1.5458084666585838,0.30606822016310387,1.3268604516613478,1.7647564816558199,10,0.04061680563704839,0.03491697862341159,0.01563870384254367,0.0655949074315531,10,0.009375,0.021092142428454776,-0.005713409748284803,0.0244634097482848,10,0.13020125795417176,0.07336587789012664,0.07771847054157241,0.1826840453667711,10,0.5188847832607845,0.024189355725746556,0.501580760590963,0.5361888059306059,10,1.6472035769683324,0.26998674007716184,1.4540666979288557,1.8403404560078092,10
"{""dynamic.change_interval"": 60}",sliding_window_ucb,17,1.5458084666585838,0.30606822016310387,1.3268604516613478,1.7647564816558199,10,0.04061680563704839,0.03491697862341159,0.01563870384254367,0.0655949074315531,10,0.009375,0.021092142428454776,-0.005713409748284803,0.0244634097482848,10,0.13020125795417176,0.07336587789012664,0.07771847054157241,0.1826840453667711,10,0.5188847832607845,0.024189355725746556,0.501580760590963,0.5361888059306059,10,1.6472035769683324,0.26998674007716184,1.4540666979288557,1.8403404560078092,10
"{""dynamic.change_interval"": 60}",discounted_ucb,17,1.7032366707262454,0.3997154629652383,1.4172974538637355,1.9891758875887553,10,0.10310697012344568,0.07345812000798356,0.05055819667481438,0.15565574357207698,10,0.0140625,0.018706546870904138,0.0006806425087041521,0.027444357491295847,10,0.17661810166778438,0.08586986762101421,0.11519049884878732,0.23804570448678145,10,0.5900562996758872,0.032104158422991545,0.5670903682370565,0.613022231114718,10,1.792352576945054,0.38248832460569465,1.5187369124784604,2.0659682414116474,10
"{""dynamic.change_interval"": 60}",uncertainty_aware,17,0.470714184264704,0.3070812247028399,0.25104150947417025,0.6903868590552378,10,0.04197221510569379,0.03643696617833113,0.015906779716761042,0.06803765049462654,10,0.0078125,0.01518477055949297,-0.0030500304855817263,0.018675030485581726,10,0.11444975517194422,0.0716831987937681,0.06317068387148717,0.16572882647240128,10,0.5024528612511869,0.06698054239026655,0.454537867685465,0.5503678548169089,10,0.5203962655335033,0.4088845758476186,0.22789786044879606,0.8128946706182105,10
"{""dynamic.change_interval"": 60}",ucb,18,1.6350273668294057,0.34682428692397,1.3869242180138623,1.8831305156449492,10,0.0892189001708219,0.06675048646913637,0.04146847869704395,0.13696932164459985,10,0.0140625,0.018706546870904138,0.0006806425087041521,0.027444357491295847,10,0.17635958464573004,0.08651953682904039,0.11446723647216347,0.2382519328192966,10,0.5011295024681599,0.024690276645879056,0.4834671425587677,0.5187918623775521,10,1.7444313271325516,0.31214473411222105,1.5211364359174802,1.967726218347623,10
"{""dynamic.change_interval"": 60}",sliding_window_ucb,18,1.6350273668294057,0.34682428692397,1.3869242180138623,1.8831305156449492,10,0.0892189001708219,0.06675048646913637,0.04146847869704395,0.13696932164459985,10,0.0140625,0.018706546870904138,0.0006806425087041521,0.027444357491295847,10,0.17635958464573004,0.08651953682904039,0.11446723647216347,0.2382519328192966,10,0.5011295024681599,0.024690276645879056,0.4834671425587677,0.5187918623775521,10,1.7444313271325516,0.31214473411222105,1.5211364359174802,1.967726218347623,10
"{""dynamic.change_interval"": 60}",discounted_ucb,18,1.7611729320225185,0.412458877939724,1.466117625252135,2.056228238792902,10,0.05793626129627277,0.05010669568922865,0.022092090498726867,0.09378043209381867,10,0.0109375,0.016552342272990316,-0.0009033323552663612,0.02277833235526636,10,0.1577699069049118,0.0833828961237173,0.09812137632150225,0.21741843748832135,10,0.5822211181981766,0.02862314586898597,0.5617453531296859,0.6026968832666673,10,1.870990649368455,0.39608232116063635,1.5876504255863022,2.1543308731506077,10
"{""dynamic.change_interval"": 60}",uncertainty_aware,18,0.48677854905335405,0.328189053773148,0.25200624296695395,0.7215508551397541,10,0.01606436478864999,0.0339361169737967,-0.008212070850983605,0.040340800428283585,10,0.009375,0.015095184110613998,-0.001423444200693182,0.020173444200693183,10,0.09527520802786918,0.0943468265132522,0.02778355412353041,0.16276686193220796,10,0.4842749795925313,0.06165883039102785,0.44016690945714576,0.5283830497279168,10,0.536539639079862,0.43134105565581293,0.22797683608017533,0.8451024420795488,10
"{""dynamic.change_interval"": 60}",ucb,19,1.7381699506822001,0.3556405637737339,1.4837600173370729,1.9925798840273274,10,0.10314258385279466,0.08823639625889544,0.04002206842947008,0.16626309927611926,10,0.025,0.03310468454598064,0.0013183352894672769,0.04868166471053273,10,0.1860304722834402,0.0962318506942371,0.11719035331327884,0.25487059125360156,10,0.5167048416493085,0.041661424371686885,0.4869020540117114,0.5465076292869057,10,1.844884396589557,0.31175830063559795,1.6218659432306928,2.067902849948421,10
"{""dynamic.change_interval"": 60}",sliding_window_ucb,19,1.7381699506822001,0.3556405637737339,1.4837600173370729,1.9925798840273274,10,0.10314258385279466,0.08823639625889544,0.04002206842947008,0.16626309927611926,10,0.025,0.03310468454598064,0.0013183352894672769,0.04868166471053273,10,0.1860304722834402,0.0962318506942371,0.11719035331327884,0.25487059125360156,10,0.5167048416493085,0.041661424371686885,0.4869020540117114,0.5465076292869057,10,1.844884396589557,0.31175830063559795,1.6218659432306928,2.067902849948421,10
"{""dynamic.change_interval"": 60}",discounted_ucb,19,1.8425380206383104,0.4484207447626485,1.521757144083915,2.1633188971927058,10,0.08136508861579193,0.07362309904235484,0.028698296275579856,0.13403188095600402,10,0.0203125,0.03298154208122409,-0.003281073897948704,0.043906073897948705,10,0.1671952140240983,0.09192287744146918,0.10143754882802351,0.23295287922017305,10,0.5775200790020925,0.01865010207192283,0.564178599687555,0.5908615583166299,10,1.952608460566119,0.42534256819868044,1.6483367169943763,2.2568802041378615,10
"{""dynamic.change_interval"": 60}",uncertainty_aware,19,0.5037788050794658,0.34993402155894765,0.25345108611699996,0.7541065240419317,10,0.01700025602611169,0.03632714897811259,-0.00898662087024842,0.042987132922471805,10,0.015625,0.02551551815399144,-0.0026277021213286372,0.03387770212132864,10,0.09884248616774809,0.08540394000788841,0.037748187884491226,0.15993678445100495,10,0.4815378675829347,0.05993259641094766,0.4386646708465513,0.5244110643193182,10,0.5498047224211755,0.44895511605713506,0.2286415796709072,0.8709678651714439,10
"{""dynamic.change_interval"": 60}",ucb,20,1.804524053918091,0.39423752318426414,1.5225035191084892,2.0865445887276923,10,0.06635410323589055,0.06458528995185328,0.020152570043572966,0.11255563642820815,10,0.009375,0.013176156917368247,-5.06548452254129e-05,0.01880065484522541,10,0.15177547497463778,0.0909434539901907,0.08671844710832201,0.21683250284095357,10,0.48200262110996916,0.024567263996051556,0.464428259149155,0.49957698307078335,10,1.9259577268976549,0.3314418078550969,1.6888585407152508,2.1630569130800588,10
"{""dynamic.change_interval"": 60}",sliding_window_ucb,20,1.804524053918091,0.39423752318426414,1.5225035191084892,2.0865445887276923,10,0.06635410323589055,0.06458528995185328,0.020152570043572966,0.11255563642820815,10,0.009375,0.013176156917368247,-5.06548452254129e-05,0.01880065484522541,10,0.15177547497463778,0.0909434539901907,0.08671844710832201,0.21683250284095357,10,0.48200262110996916,0.024567263996051556,0.464428259149155,0.49957698307078335,10,1.9259577268976549,0.3314418078550969,1.6888585407152508,2.1630569130800588,10
"{""dynamic.change_interval"": 60}",discounted_ucb,20,1.9219053627689273,0.42806242417791374,1.6156879514391465,2.228122774098708,10,0.07936734213061723,0.06404782907340664,0.03355028528939501,0.12518439897183947,10,0.0171875,0.034113589362110036,-0.007215891738235784,0.04159089173823578,10,0.1647409748885527,0.0921492741513435,0.09882135524257629,0.23066059453452908,10,0.568510456553059,0.02577569886471891,0.5500716323635065,0.5869492807426114,10,2.046647290788132,0.4342072738589335,1.7360341188027735,2.3572604627734903,10
"{""dynamic.change_interval"": 60}",uncertainty_aware,20,0.5722033108014891,0.3803327470901545,0.30012965359703037,0.8442769680059479,10,0.06842450572202323,0.07361930786775261,0.015760425424744665,0.1210885860193018,10,0.01875,0.03359274061791062,-0.00528079899209738,0.04278079899209738,10,0.1449217824308265,0.10879489888444883,0.0670946001775329,0.22274896468412014,10,0.47968378786720756,0.06025686440044109,0.43657862378514906,0.522788951949266,10,0.624024360185462,0.4895915981021862,0.27379162936919527,0.9742570910017287,10
"{""dynamic.change_interval"": 60}",ucb,21,1.888324572837785,0.43260927779640285,1.5788545383715,2.19779460730407,10,0.08380051891969406,0.06502773859493013,0.03728247703500627,0.13031856080438187,10,0.0109375,0.016552342272990316,-0.0009033323552663612,0.02277833235526636,10,0.153225352094312,0.09271916403987653,0.08689805778092058,0.21955264640770344,10,0.4706117229982678,0.016100585088446674,0.4590940582647946,0.482129387731741,10,2.0014007999288927,0.3434869530536595,1.7556850359450646,2.2471165639127206,10
"{""dynamic.change_interval"": 60}",sliding_window_ucb,21,1.888324572837785,0.43260927779640285,1.5788545383715,2.19779460730407,10,0.08380051891969406,0.06502773859493013,0.03728247703500627,0.13031856080438187,10,0.0109375,0.016552342272990316,-0.0009033323552663612,0.02277833235526636,10,0.153225352094312,0.09271916403987653,0.08689805778092058,0.21955264640770344,10,0.4706117229982678,0.016100585088446674,0.4590940582647946,0.482129387731741,10,2.0014007999288927,0.3434869530536595,1.7556850359450646,2.2471165639127206,10
"{""dynamic.change_interval"": 60}",discounted_ucb,21,2.0016549422494854,0.42333171044113227,1.6988216796615652,2.304488204837406,10,0.07974957948055827,0.06534043262730545,0.03300784976034947,0.12649130920076707,10,0.00625,0.008068715304598784,0.0004779887844014478,0.012022011215598552,10,0.15639220933925294,0.0796512846271967,0.09941311281034487,0.213371305868161,10,0.5608645995815543,0.021626249595853318,0.5453941125825331,0.5763350865805755,10,2.1252572210643104,0.4363856059323254,1.813085764186715,2.437428677941906,10
"{""dynamic.change_interval"": 60}",uncertainty_aware,21,0.616689623542658,0.41707908387175563,0.31832922055170754,0.9150500265336085,10,0.04448631274116895,0.04856463946327043,0.009745262514284585,0.07922736296805333,10,0.01875,0.023058274605394433,0.0022551040208555265,0.03524489597914447,10,0.1223396156314251,0.09540394586702358,0.05409174409691203,0.19058748716593818,10,0.4730851561716875,0.05594021055204536,0.43306794023084005,0.513102372112535,10,0.6685816967538132,0.5249841105948465,0.2930306877056433,1.0441327058019831,10
"{""dynamic.change_interval"": 60}",ucb,22,1.9959195748813419,0.4609969464661588,1.666142225587238,2.3256969241754457,10,0.10759500204355685,0.08627090226087915,0.045880516325391855,0.16930948776172183,10,0.01875,0.025301995419773165,0.0006500428411799174,0.036849957158820085,10,0.18047078422254498,0.09034944473961141,0.11583868497585205,0.24510288346923792,10,0.4759789419041005,0.030360605058020695,0.4542602734058609,0.4976976104023401,10,2.111443251983863,0.3884113957759524,1.833590477650965,2.389296026316761,10
"{""dynamic.change_interval"": 60}",sliding_window_ucb,22,1.9959195748813419,0.4609969464661588,1.666142225587238,2.3256969241754457,10,0.10759500204355685,0.08627090226087915,0.045880516325391855,0.16930948776172183,10,0.01875,0.025301995419773165,0.0006500428411799174,0.036849957158820085,10,0.18047078422254498,0.09034944473961141,0.11583868497585205,0.24510288346923792,10,0.4759789419041005,0.030360605058020695,0.4542602734058609,0.4976976104023401,10,2.111443251983863,0.3884113957759524,1.833590477650965,2.389296026316761,10
"{""dynamic.change_interval"": 60}",discounted_ucb,22,2.0964831512519995,0.41212695415645584,1.8016652884522388,2.39130101405176,10,0.0948282090025141,0.06531366295758977,0.04810562915040743,0.14155078885462077,10,0.0109375,0.012863634411696322,0.0017354102874837796,0.02013958971251622,10,0.17455483121792584,0.08297712699380039,0.11519657038383922,0.23391309205201244,10,0.549363727913933,0.01226875437117585,0.5405871897466377,0.5581402660812282,10,2.229383720114661,0.40844883974181306,1.9371970218624304,2.521570418366892,10
"{""dynamic.change_interval"": 60}",uncertainty_aware,22,0.6492020152105412,0.41381125430372745,0.3531792766686726,0.9452247537524099,10,0.03251239166788315,0.04229893437768892,0.002253556844855776,0.06277122649091053,10,0.015625,0.02209708691207961,-0.00018230372478071286,0.031432303724780716,10,0.12052454902444854,0.076940851006727,0.06548437990416645,0.17556471814473062,10,0.4661577602763874,0.05593199011637771,0.426146424880965,0.5061690956718098,10,0.7186779136106867,0.5199851573954317,0.3467029402564306,1.0906528869649428,10
"{""dynamic.change_interval"": 60}",ucb,23,2.1137446731008467,0.4562733742932773,1.787346363781548,2.4401429824201455,10,0.11782509821950479,0.0707588868376505,0.06720723986014406,0.16844295657886554,10,0.025,0.024650332429581735,0.0073662144615903695,0.04263378553840963,10,0.21394151545446652,0.08226158742474389,0.1550951207926124,0.27278791011632064,10,0.4654090953156421,0.026340555160278525,0.4465661972741701,0.48425199335711416,10,2.2323575113218945,0.39585969210744076,1.9491765467704187,2.5155384758733703,10
"{""dynamic.change_interval"": 60}",sliding_window_ucb,23,2.1137446731008467,0.4562733742932773,1.787346363781548,2.4401429824201455,10,0.11782509821950479,0.0707588868376505,0.06720723986014406,0.16844295657886554,10,0.025,0.024650332429581735,0.0073662144615903695,0.04263378553840963,10,0.21394151545446652,0.08226158742474389,0.1550951207926124,0.27278791011632064,10,0.4654090953156421,0.026340555160278525,0.4465661972741701,0.48425199335711416,10,2.2323575113218945,0.39585969210744076,1.9491765467704187,2.5155384758733703,10
"{""dynamic.change_interval"": 60}",discounted_ucb,23,2.2035213857708498,0.4533394272254853,1.8792218957483005,2.5278208757933993,10,0.10703823451885039,0.06954203003973838,0.05729086307347494,0.15678560596422583,10,0.0203125,0.025568620226319953,0.0020218109445088693,0.038603189055491136,10,0.1966420040984305,0.08780399381977422,0.13383081074609748,0.2594531974507635,10,0.5489573093427074,0.03057768488931533,0.5270833512880003,0.5708312673974144,10,2.3329984680966565,0.45502703831137253,2.007491733829195,2.658505202364118,10
"{""dynamic.change_interval"": 60}",uncertainty_aware,23,0.6748413820633734,0.4466328082935739,0.355339518209599,0.9943432459171477,10,0.02563936685283206,0.058095072145456735,-0.015919344210311263,0.06719807791597537,10,0.015625,0.01647019614671031,0.0038429314434682317,0.02740706855653177,10,0.12144689697997053,0.10602089303292404,0.04560411896981724,0.19728967499012384,10,0.43589093159679243,0.08395782218909545,0.37583112368208194,0.4959507395115029,10,0.7470975544742221,0.5434591966448274,0.3583302650314695,1.1358648439169747,10
"{""dynamic.change_interval"": 60}",ucb,24,2.176179811197863,0.4308635189118696,1.8679586174058194,2.484401004989907,10,0.06243513809701604,0.06571668723848981,0.015424252042286542,0.10944602415174554,10,0.0046875,0.007547592055306999,-0.000711722100346591,0.010086722100346592,10,0.14146342258866873,0.07433072772926379,0.08829042318040087,0.1946364219969366,10,0.4490623331385867,0.01339261192096575,0.4394818357117021,0.4586428305654713,10,2.3116051657703585,0.3755432404702126,2.042957715202752,2.580252616337965,10
"{""dynamic.change_interval"": 60}",sliding_window_ucb,24,2.176179811197863,0.4308635189118696,1.8679586174058194,2.484401004989907,10,0.06243513809701604,0.06571668723848981,0.015424252042286542,0.10944602415174554,10,0.0046875,0.007547592055306999,-0.000711722100346591,0.010086722100346592,10,0.14146342258866873,0.07433072772926379,0.08829042318040087,0.1946364219969366,10,0.4490623331385867,0.01339261192096575,0.4394818357117021,0.4586428305654713,10,2.3116051657703585,0.3755432404702126,2.042957715202752,2.580252616337965,10
"{""dynamic.change_interval"": 60}",discounted_ucb,24,2.2834934405854583,0.4412434898150555,1.9678468629238626,2.599140018247054,10,0.07997205481460765,0.06993149907887217,0.029946074002419207,0.12999803562679607,10,0.009375,0.013176156917368247,-5.06548452254129e-05,0.01880065484522541,10,0.1586983268450458,0.08346444051726257,0.09899146291656902,0.2184051907735226,10,0.5497584266928651,0.021085363421328326,0.534674866354144,0.5648419870315863,10,2.4294810268014984,0.46715367848931927,2.095299416736307,2.7636626368666897,10
"{""dynamic.change_interval"": 60}",uncertainty_aware,24,0.6833634608976796,0.43962961498707104,0.36887137973968337,0.9978555420556758,10,0.00852207883430622,0.02619227268960584,-0.010214744317733112,0.027258901986345552,10,0.00625,0.01092509216843908,-0.001565340131252025,0.014065340131252026,10,0.07846175710296244,0.0736811633440205,0.025753428063562442,0.13117008614236242,10,0.4193800041105922,0.09177900815142884,0.3537252568047074,0.48503475141647695,10,0.7633435434369806,0.5443606821709304,0.37393137009748173,1.1527557167764795,10
"{""dynamic.change_interval"": 60}",ucb,25,2.250404449569454,0.4331889419549383,1.940519748344207,2.560289150794701,10,0.07422463837159118,0.013736841690266212,0.06439789380199071,0.08405138294119166,10,0.0140625,0.01719538960335331,0.0017616592960811063,0.026363340703918894,10,0.16200202024515234,0.07718270761246421,0.10678883733169725,0.21721520315860743,10,0.4642790332142518,0.04198902519519795,0.4342418940651485,0.49431617236335507,10,2.3854680234714634,0.377056404403735,2.115738120634119,2.6551979263088077,10
"{""dynamic.change_interval"": 60}",sliding_window_ucb,25,2.287808801575182,0.4616082382402244,1.9575941604889264,2.6180234426614373,10,0.11162899037731897,0.06163552742707719,0.06753759017812555,0.15572039057651238,10,0.0265625,0.028574722342385835,0.006121375035674975,0.04700362496432502,10,0.19940637225088012,0.09190638043080132,0.13366050830531478,0.26515223619644546,10,0.507252078516774,0.050695080806187044,0.4709870023624312,0.5435171546711168,10,2.422872375477191,0.4053654970044269,2.1328913677456787,2.7128533832087034,10
"{""dynamic.change_interval"": 60}",discounted_ucb,25,2.3329490900563306,0.44331228066364115,2.0158225885741534,2.6500755915385077,10,0.0494556494708723,0.04395830862487102,0.018009769820504,0.0809015291212406,10,0.0140625,0.02598953114557219,-0.004529290588384119,0.03265429058838412,10,0.1489755102959945,0.0872447824029102,0.08656435269262269,0.21138666789936633,10,0.5385212380609633,0.019166959202102755,0.5248100214289423,0.5522324546929843,10,2.490317374553445,0.46451435855487866,2.1580238202304685,2.822610928876421,10
"{""dynamic.change_interval"": 60}",uncertainty_aware,25,0.7594483682092441,0.4012605896942729,0.47240383427049226,1.046492902147996,10,0.07608490731156434,0.08348795827448671,0.01636121979304389,0.13580859483008478,10,0.0265625,0.030414169418034234,0.00480551386690984,0.04831948613309016,10,0.16433858387734018,0.11297932374075367,0.08351804440549962,0.24515912334918075,10,0.6190939889150634,0.337988859073952,0.377311324429392,0.8608766534007348,10,0.8395429647702726,0.48118032704031977,0.49532729479625187,1.1837586347442932,10
"{""dynamic.change_interval"": 60}",ucb,26,2.3198468639341763,0.43130181182875965,2.0113121342771896,2.628381593591163,10,0.06944241436472195,0.04543105008700379,0.03694299893868162,0.10194182979076229,10,0.0203125,0.02448470681988158,0.0027971958852979067,0.037827804114702095,10,0.18936648774876194,0.08638717082390053,0.12756882851109025,0.25116414698643363,10,0.43962457858939985,0.02487360367226688,0.4218310744256268,0.4574180827531729,10,2.4578542826698895,0.3864918197149358,2.1813746903288096,2.7343338750109694,10
"{""dynamic.change_interval"": 60}",sliding_window_ucb,26,2.351980825256269,0.4616822897836194,2.0217132108870466,2.682248439625491,10,0.06417202368108706,0.04397341578039298,0.03271533702268629,0.09562871033948783,10,0.015625,0.01948779888944761,0.0016842684819217482,0.029565731518078252,10,0.1869595308188488,0.09582710085470539,0.11840895244159415,0.25551010919610345,10,0.45012571041870925,0.023156026072356343,0.43356088725260306,0.46669053358481544,10,2.492851677745704,0.41339611974326324,2.197125908578578,2.78857744691283,10
"{""dynamic.change_interval"": 60}",discounted_ucb,26,2.4087001322690496,0.4454986708072281,2.0900095814984727,2.7273906830396264,10,0.07575104221271907,0.056609855245474745,0.03525479131586846,0.11624729310956969,10,0.015625,0.01948779888944761,0.0016842684819217482,0.029565731518078252,10,0.1919371169630819,0.08513649094034256,0.13103414021729412,0.25284009370886973,10,0.5304258008168243,0.019248832994652493,0.5166560152018834,0.5441955864317652,10,2.565274262966191,0.466269828323174,2.231724921221211,2.898823604711171,10
"{""dynamic.change_interval"": 60}",uncertainty_aware,26,0.7712593846387394,0.4185073647831359,0.4718772510341418,1.070641518243337,10,0.011811016429495499,0.0272978811918363,-0.007716711399933816,0.031338744258924814,10,0.01875,0.02057126839388698,0.004034201089493282,0.03346579891050672,10,0.13155396084944432,0.09482931868691892,0.06371715283658773,0.1993907688623009,10,0.4602722832598797,0.07753407560568701,0.4048077468259294,0.51573681969383,10,0.8541166970693814,0.4850660511069998,0.507121347549496,1.2011120465892668,10
"{""dynamic.change_interval"": 60}",ucb,27,2.3816490994392012,0.42844998694796976,2.0751544424053567,2.6881437564730457,10,0.06180223550502482,0.053482367601629124,0.02354325449259237,0.10006121651745727,10,0.0140625,0.027013130166437374,-0.005261529216922934,0.033386529216922936,10,0.1407950832119066,0.07982826158178725,0.08368938499633138,0.1979007814274818,10,0.43461556755505154,0.025720341508635426,0.4162163436324706,0.45301479147763246,10,2.5264725340683114,0.38198911490496734,2.2532139827086697,2.799731085427953,10
"{""dynamic.change_interval"": 60}",sliding_window_ucb,27,2.4850880016878065,0.49364550761105486,2.131955278708119,2.838220724667494,10,0.13310717643153736,0.08816682786938952,0.07003642723608432,0.19617792562699038,10,0.0140625,0.015537951968933645,0.0029473187541081917,0.025177681245891807,10,0.186568740263186,0.07882245256800854,0.13018255447172272,0.2429549260546493,10,0.4676698515765997,0.04164342744969252,0.4378799381614377,0.49745976499176164,10,2.6072435861954055,0.4412668609234512,2.2915802898500184,2.9229068825407927,10
"{""dynamic.change_interval"": 60}",discounted_ucb,27,2.529147325337609,0.5027311471794073,2.1695151273473794,2.8887795233278384,10,0.12044719306855955,0.09660904551496251,0.051337245178489255,0.18955714095862986,10,0.0171875,0.023810686355546794,0.00015436107923726475,0.03422063892076274,10,0.1941135284514484,0.08738662282000459,0.13160090432615984,0.256626152576737,10,0.5318483435778746,0.024817185320946948,0.5140951986713427,0.5496014884844065,10,2.6872109596041556,0.5116740897538582,2.3211813658834353,3.053240553324876,10
"{""dynamic.change_interval"": 60}",uncertainty_aware,27,0.7932958621766888,0.4116955076146206,0.49878663764019476,1.0878050867131828,10,0.022036477537949288,0.03701288378506579,-0.00444094448824137,0.04851389956413994,10,0.009375,0.01679637030895531,-0.00264039949604869,0.02139039949604869,10,0.09442942358576509,0.09033587762854577,0.029807029665667284,0.1590518175058629,10,0.5012006991583066,0.013951458370719351,0.49122042706420366,0.5111809712524095,10,0.8763692888416615,0.4681801168206687,0.5414534090275684,1.2112851686557546,10
"{""dynamic.change_interval"": 60}",ucb,28,2.457335270034277,0.4481757212425135,2.13672967274714,2.7779408673214143,10,0.07568617059507649,0.039051782716863936,0.047750208137411765,0.1036221330527412,10,0.0078125,0.01327869664998121,-0.0016865073510882941,0.017311507351088294,10,0.1452654980212535,0.07878216954777492,0.0889081289665084,0.20162286707599858,10,0.44264294351387834,0.0326682757477983,0.41927346685095945,0.4660124201767972,10,2.6030496770836447,0.40438511991440595,2.3137699888739514,2.892329365293338,10
"{""dynamic.change_interval"": 60}",sliding_window_ucb,28,2.558592750613336,0.5452940635534714,2.168512876455915,2.9486726247707566,10,0.07350474892552894,0.06485528032182022,0.027110076257505153,0.11989942159355273,10,0.0078125,0.01327869664998121,-0.0016865073510882941,0.017311507351088294,10,0.12970232335446236,0.09217559471390067,0.06376387511229119,0.1956407715966335,10,0.45525608990644634,0.01850795744871558,0.44201629472976933,0.46849588508312334,10,2.6682575545439478,0.47639484177580566,2.3274652145024026,3.009049894585493,10
"{""dynamic.change_interval"": 60}",discounted_ucb,28,2.622319463391659,0.5219886608249811,2.2489112700229033,2.9957276567604145,10,0.09317213805404999,0.07229183620762564,0.041457673776347057,0.14488660233175293,10,0.00625,0.008068715304598784,0.0004779887844014478,0.012022011215598552,10,0.15645670960422017,0.07996404692626562,0.09925387640474037,0.21365954280369998,10,0.5345643625451736,0.02666324349806328,0.5154906271727853,0.5536380979175619,10,2.774979314202455,0.5332179086735614,2.3935382008361628,3.156420427568747,10
"{""dynamic.change_interval"": 60}",uncertainty_aware,28,0.8538342315063489,0.4038704882998761,0.5649226885761494,1.1427457744365483,10,0.06053836932966007,0.09467009170904639,-0.007184534564955755,0.12826127322427588,10,0.0078125,0.011048543456039806,-9.115186239035643e-05,0.015716151862390358,10,0.11500455414427202,0.09658437734886596,0.04591225279717695,0.1840968554913671,10,0.5009107907363612,0.018706987826429156,0.48752861780448536,0.5142929636682372,10,0.9226854879800133,0.4394186378950151,0.6083443307418246,1.237026645218202,10
"{""dynamic.change_interval"": 60}",ucb,29,2.502068572676078,0.44348125753446244,2.184821192422407,2.8193159529297493,10,0.04473330264180071,0.03920539857771483,0.016687450017206965,0.07277915526639446,10,0.0140625,0.023810686355546794,-0.0029706389207627363,0.03109563892076274,10,0.13409336179204,0.0827690023940838,0.07488398432766671,0.1933027392564133,10,0.4152369666138557,0.015448672129518332,0.40418565231765513,0.4262882809100562,10,2.663849948308898,0.4022396538537162,2.3761050340622827,2.9515948625555133,10
"{""dynamic.change_interval"": 60}",sliding_window_ucb,29,2.6325501686061754,0.5786416644732346,2.218614857832659,3.0464854793796916,10,0.07395741799284027,0.06134934375579115,0.03007074125928242,0.11784409472639812,10,0.0171875,0.0289519627285152,-0.0035234864797603696,0.03789848647976037,10,0.1577873194494197,0.09783152172997864,0.08780286475653114,0.22777177414230826,10,0.4791693479454306,0.03257646737751324,0.4558655470342226,0.5024731488566385,10,2.7527517834265796,0.5134547986520478,2.3854483472979844,3.1200552195551747,10
"{""dynamic.change_interval"": 60}",discounted_ucb,29,2.6648302681547067,0.4955345355302123,2.310346216007445,3.0193143203019686,10,0.042510804763047534,0.036696885780434604,0.016259434091748327,0.06876217543434673,10,0.0125,0.02057126839388698,-0.0022157989105067166,0.027215798910506718,10,0.1339716226696948,0.0642727989381874,0.08799363208206241,0.17994961325732722,10,0.5093778055996057,0.015172196902574773,0.4985242697663339,0.5202313414328774,10,2.8356578463053617,0.5274845101884428,2.458318159140182,3.212997533470541,10
"{""dynamic.change_interval"": 60}",uncertainty_aware,29,0.8825882936363507,0.3884932961038698,0.6046769313382744,1.160499655934427,10,0.028754062130001888,0.050923770521781646,-0.007674608791720064,0.06518273305172384,10,0.01875,0.02833639689319884,-0.0015206372083763318,0.03902063720837633,10,0.1153858813535968,0.09376949843022578,0.04830722308047199,0.1824645396267216,10,0.5183242785619449,0.18596707224314774,0.3852914491463766,0.6513571079775131,10,0.9647782787668227,0.4218636217820304,0.6629952235397941,1.266561333993851,10
"{""dynamic.change_interval"": 60}",ucb,30,2.551968443430602,0.4478888601669158,2.2315680541949527,2.8723688326662513,10,0.04989987075452411,0.03632264487653378,0.023916215898333676,0.07588352561071454,10,0.01875,0.02530199541977316,0.0006500428411799208,0.03684995715882008,10,0.16627568053182545,0.09022241748330462,0.10173445111018035,0.23081690995347054,10,0.42212467665988107,0.021189804744468212,0.40696640349938124,0.4372829498203809,10,2.724537303083557,0.4079027348104179,2.432741264765394,3.01633334140172,10
"{""dynamic.change_interval"": 60}",sliding_window_ucb,30,2.7158928933949156,0.5762493238227119,2.3036689600272275,3.1281168267626036,10,0.08334272478873966,0.0393820018841104,0.055170537769295466,0.11151491180818386,10,0.0203125,0.025568620226319953,0.0020218109445088693,0.038603189055491136,10,0.19421958930599795,0.08545873433071945,0.13308609352549494,0.25535308508650095,10,0.47333191970439803,0.03861588782914839,0.4457077776649456,0.5009560617438504,10,2.8413830469754124,0.5260271339875427,2.46508590394017,3.217680190010655,10
"{""dynamic.change_interval"": 60}",discounted_ucb,30,2.7200592905360415,0.5015324747561771,2.361284571141787,3.0788340099302958,10,0.05522902238133444,0.03338444690543862,0.03134722773492786,0.07911081702774102,10,0.0171875,0.022642776165921,0.0009898336989602255,0.03338516630103978,10,0.17177050531938692,0.08431422045275963,0.11145574544548198,0.23208526519329187,10,0.5207505656324506,0.02169382975224269,0.5052317347018485,0.5362693965630527,10,2.901840025867583,0.5399329868962223,2.5155952349204584,3.288084816814708,10
"{""dynamic.change_interval"": 60}",uncertainty_aware,30,0.9189965456993573,0.4493704065641229,0.5975363220169239,1.2404567693817907,10,0.03640825206300646,0.07318135162085464,-0.0159425332085329,0.08875903733454582,10,0.0171875,0.018706546870904138,0.003805642508704153,0.03056935749129585,10,0.136652678281333,0.10044429312869925,0.06479915952460084,0.20850619703806517,10,0.4794921561811904,0.05868275064819789,0.4375130452426103,0.5214712671197705,10,0.9958426312909904,0.48497080630806,0.648915415795786,1.3427698467861946,10
"{""dynamic.change_interval"": 60}",ucb,31,2.6625823633264742,0.467920281595078,2.3278523584354263,2.9973123682175222,10,0.11061391989587162,0.0790362895288963,0.05407476435768172,0.16715307543406152,10,0.021875,0.030547663122114953,2.2518223789732422e-05,0.04372748177621026,10,0.1829797808033057,0.092042444273868,0.1171365826479473,0.24882297895866412,10,0.4208545509016967,0.028268719703886426,0.4006323270380729,0.44107677476532053,10,2.848175692585482,0.4413961651863659,2.532419897542645,3.1639314876283193,10
"{""dynamic.change_interval"": 60}",sliding_window_ucb,31,2.791781275226439,0.6309769351906486,2.340407567118451,3.2431549833344264,10,0.07588838183152342,0.08888045391542514,0.012307135315745663,0.1394696283473012,10,0.03125,0.041666666666666664,0.001443462250485833,0.06105653774951417,10,0.1663624394780073,0.0960161528746612,0.0976766214326862,0.23504825752332842,10,0.44998913726015227,0.021445361203884232,0.4346480500215393,0.46533022449876527,10,2.9484040951520387,0.5779530591416904,2.534961382957943,3.3618468073461343,10
"{""dynamic.change_interval"": 60}",discounted_ucb,31,2.8410977390943897,0.49567773437332935,2.4865112486657743,3.195684229523005,10,0.1210384485583484,0.08749889738784489,0.05844550804558844,0.18363138907110838,10,0.0265625,0.03379401707814236,0.0023877165020629552,0.05073728349793705,10,0.18545659025699324,0.09566653978920533,0.11702087034677688,0.2538923101672096,10,0.5297862175012219,0.028081503395176493,0.5096979201169474,0.5498745148854964,10,3.027955224823196,0.5425161826537229,2.6398625269514238,3.4160479226949683,10
"{""dynamic.change_interval"": 60}",uncertainty_aware,31,0.9667092743866235,0.47150398716981307,0.62941564096366,1.304002907809587,10,0.04771272868726624,0.06604346638574933,0.00046807891281165637,0.09495737846172082,10,0.0296875,0.032484304436484736,0.006449628485132971,0.05292537151486702,10,0.13762471203864357,0.10077121621445238,0.06553732659479088,0.20971209748249625,10,0.4932347928680125,0.017541134671793173,0.4806866210416737,0.5057829646943512,10,1.0741259520282531,0.5224873597808128,0.7003610109174342,1.4478908931390722,10
"{""dynamic.change_interval"": 60}",ucb,32,2.7343521912255193,0.4836940992240201,2.388338276959807,3.0803661054912315,10,0.0717698278990449,0.03698315091705387,0.045313675485321406,0.0982259803127684,10,0.0140625,0.020104436526686233,-0.0003193475103692323,0.028444347510369235,10,0.16247046994204578,0.08738489395625429,0.09995908257138053,0.22498185731271103,10,0.4011060047530344,0.013549511171855965,0.39141326836348106,0.4107987411425877,10,2.906553554877184,0.4478185008038632,2.5862034976977952,3.2269036120565726,10
"{""dynamic.change_interval"": 60}",sliding_window_ucb,32,2.8853954277185094,0.6670118288341614,2.4082439095860795,3.3625469458509394,10,0.09361415249207043,0.06469825806113151,0.04733180678262422,0.13989649820151664,10,0.0203125,0.02335053309527072,0.0036085348917888026,0.0370164651082112,10,0.1757823232767165,0.1008177739237225,0.10366163245401043,0.24790301409942256,10,0.4731573588486448,0.03432236079014927,0.4486046210275881,0.4977100966697015,10,3.0200938107784117,0.5911102540275803,2.59723900835926,3.4429486131975633,10
"{""dynamic.change_interval"": 60}",discounted_ucb,32,2.914111615096966,0.4977115142450218,2.5580702461918756,3.2701529840020562,10,0.0730138760025758,0.041019603006173855,0.04367021971120927,0.10235753229394234,10,0.0171875,0.02381068635554679,0.00015436107923726475,0.03422063892076274,10,0.1653042382105115,0.0897494886889825,0.10110132166792545,0.22950715475309752,10,0.5076598903775306,0.022138474339628917,0.49182297987063134,0.5234968008844297,10,3.0891668553833638,0.5468434988374448,2.697978581995171,3.4803551287715564,10
"{""dynamic.change_interval"": 60}",uncertainty_aware,32,0.9667092743866235,0.47150398716981307,0.62941564096366,1.304002907809587,10,0.0,0.0,0.0,0.0,10,0.015625,0.02655739329996242,-0.0033730147021765883,0.03462301470217659,10,0.08554944507625072,0.08528294008104922,0.024541704926282347,0.14655718522621908,10,0.49234699128601483,0.015346322485308733,0.4813688935146251,0.5033250890574046,10,1.05558278945416,0.5266323448997544,0.6788527046132874,1.4323128742950328,10
"{""dynamic.change_interval"": 60}",ucb,33,2.814779749068115,0.4814016497430298,2.4704057543702582,3.1591537437659714,10,0.08042755784259606,0.062370716990049285,0.03581023471232001,0.1250448809728721,10,0.01875,0.024206145913796356,0.001433966353204339,0.036066033646795656,10,0.16536231907924526,0.09207268077597962,0.09949749103328837,0.23122714712520215,10,0.4035822410028832,0.020453826633565743,0.38895045486667373,0.41821402713909267,10,2.986953591330405,0.4483180896585476,2.666246149813663,3.3076610328471467,10
"{""dynamic.change_interval"": 60}",sliding_window_ucb,33,2.9629657310981927,0.652033965330332,2.496528731060178,3.4294027311362076,10,0.07757030337968289,0.06160459155270704,0.03350103337186295,0.12163957338750284,10,0.0265625,0.030414169418034234,0.00480551386690984,0.04831948613309016,10,0.1710989451985313,0.08421027770098136,0.11085854148993837,0.23133934890712424,10,0.46785695125259624,0.02337112676197889,0.45113825432268573,0.48457564818250676,10,3.1062304733509185,0.5919600181933514,2.682767786267321,3.529693160434516,10
"{""dynamic.change_interval"": 60}",discounted_ucb,33,2.9932182748992924,0.503684862279949,2.632903830225545,3.3535327195730398,10,0.07910665980232656,0.06273494108238198,0.03422878645227299,0.12398453315238014,10,0.01875,0.024206145913796356,0.001433966353204339,0.036066033646795656,10,0.16591685145354793,0.09206026404804228,0.1000609057996708,0.23177279710742504,10,0.5158924549263304,0.022907340116559892,0.49950553097612554,0.5322793788765353,10,3.1701214242108873,0.5519650256673589,2.775269431235711,3.5649734171860636,10
"{""dynamic.change_interval"": 60}",uncertainty_aware,33,0.9883708337594053,0.4924725611253028,0.6360771861486549,1.3406644813701556,10,0.02166155937278183,0.04627897158549833,-0.011444422552942562,0.05476754129850622,10,0.025,0.029646353064078555,0.0037922765982428205,0.04620772340175718,10,0.11320297937841799,0.09492632948521298,0.04529677402104629,0.18110918473578969,10,0.4772529830027457,0.06053081926198054,0.4339518434185559,0.5205541225869356,10,1.0838234862065534,0.5502698754870374,0.6901841306195573,1.4774628417935496,10
"{""dynamic.change_interval"": 60}",ucb,34,2.893913649087369,0.47916306236117284,2.5511410433327826,3.2366862548419557,10,0.07913390001925437,0.07705978986230307,0.0240086471672456,0.13425915287126314,10,0.0171875,0.020104436526686233,0.0028056524896307687,0.03156934751036923,10,0.17865702944228873,0.08873821509301122,0.1151775344504244,0.24213652443415307,10,0.4018147284602123,0.022326458950016673,0.3858433418640527,0.4177861150563719,10,3.080261190246269,0.437950813523178,2.766970051309252,3.393552329183286,10
"{""dynamic.change_interval"": 60}",sliding_window_ucb,34,3.056712847875504,0.6803797228961053,2.569998514407342,3.543427181343666,10,0.09374711677731178,0.07422038234434107,0.040653053702192334,0.14684117985243123,10,0.01875,0.01920738428602685,0.005009865005018772,0.032490134994981226,10,0.19393599757207394,0.08456102251206574,0.13344468614063223,0.2544273090035156,10,0.4766421458987583,0.03931027952874194,0.4485212659615407,0.5047630258359759,10,3.214817040396568,0.6094081284762025,2.778872727125687,3.650761353667449,10
"{""dynamic.change_interval"": 60}",discounted_ucb,34,3.075252750548758,0.47968518135748883,2.7321066433644092,3.418398857733107,10,0.08203447564946628,0.07520331264686672,0.0282372665943299,0.13583168470460266,10,0.0203125,0.022158382693940257,0.00446134791435732,0.03616365208564268,10,0.180430946537501,0.08905653991888945,0.11672373568309714,0.24413815739190486,10,0.5055970820389442,0.018923792610136263,0.49205981630779205,0.5191343477700963,10,3.265202940221964,0.5374130251298251,2.880760821327258,3.6496450591166694,10
"{""dynamic.change_interval"": 60}",uncertainty_aware,34,0.9991031018932587,0.4924529561409563,0.6468234788434524,1.351382724943065,10,0.01073226813385328,0.03393841176262121,-0.013545809098813715,0.03501034536652028,10,0.0140625,0.020104436526686233,-0.0003193475103692323,0.028444347510369235,10,0.08950710573114165,0.08646272568748918,0.02765539780002082,0.15135881366226248,10,0.47591901633668743,0.05986083695332631,0.4330971532238834,0.5187408794494914,10,1.0879811614112707,0.5365427883040939,0.7041615724396971,1.4718007503828443,10
"{""dynamic.change_interval"": 60}",ucb,35,2.9813732140841718,0.45325461604567996,2.6571343943248014,3.305612033843542,10,0.08745956499680253,0.08372985906637306,0.02756283207624214,0.14735629791736293,10,0.0125,0.02185018433687816,-0.00313068026250405,0.02813068026250405,10,0.14706751832325227,0.08258194954800431,0.0879919504041067,0.20614308624239783,10,0.4004855195418015,0.038943345784229956,0.37262712819276067,0.42834391089084234,10,3.184733908955841,0.4292800236328995,2.8776454794472084,3.4918223384644733,10
"{""dynamic.change_interval"": 60}",sliding_window_ucb,35,3.139375774609605,0.6435331285916001,2.6790199068393217,3.5997316423798886,10,0.08266292673410097,0.08274810687111925,0.023468497026384608,0.14185735644181735,10,0.0125,0.02927806108865666,-0.008444263193719038,0.03344426319371904,10,0.14746978921100856,0.08589832314541065,0.08602183053612097,0.20891774788589615,10,0.46785695125259624,0.023371126761978885,0.45113825432268573,0.48457564818250676,10,3.319692029993896,0.5954390341387427,2.8937406048277197,3.7456434551600726,10
"{""dynamic.change_interval"": 60}",discounted_ucb,35,3.1500992080281516,0.5199584116031448,2.778143367461114,3.522055048595189,10,0.07484645747939327,0.0796383201864304,0.017876635152719658,0.13181627980606686,10,0.015625,0.02946278254943948,-0.005451404966374283,0.03670140496637428,10,0.14222951402434894,0.09599745481891149,0.07355707176233696,0.21090195628636094,10,0.503581394970884,0.018441687273039745,0.49038900662203777,0.5167737833197303,10,3.364837654632633,0.5920049371109937,2.941342834491091,3.788332474774175,10
"{""dynamic.change_interval"": 60}",uncertainty_aware,35,1.0195776216460404,0.49691775337414756,0.6641040750616332,1.3750511682304476,10,0.020474519752781972,0.034384791285233536,-0.0041228781540775285,0.04507191765964147,10,0.009375,0.01976423537605237,-0.004763482267838121,0.023513482267838122,10,0.08008037739962287,0.0949341549954822,0.012168574009437216,0.14799218078980853,10,0.47665166158330996,0.0609202095543145,0.4330719689643742,0.5202313542022456,10,1.1254667391972133,0.544683695283125,0.7358234961971812,1.5151099821972454,10
"{""dynamic.change_interval"": 60}",ucb,36,3.064096745693849,0.45346776325812077,2.7397054496040667,3.3884880417836314,10,0.08272353160967666,0.02559876976910496,0.06441127487054188,0.10103578834881144,10,0.0109375,0.012863634411696322,0.0017354102874837796,0.02013958971251622,10,0.16051767183265234,0.07398486835935421,0.10759208531315008,0.2134432583521546,10,0.37793453208207295,0.015825989614863655,0.3666133011169805,0.3892557630471654,10,3.2819794223647762,0.43264123371592206,2.972486528010776,3.5914723167187765,10
"{""dynamic.change_interval"": 60}",sliding_window_ucb,36,3.207910158900904,0.6410231510591897,2.7493498208923057,3.6664704969095023,10,0.06853438429129968,0.07638383942453467,0.013892677253054375,0.12317609132954499,10,0.0125,0.02057126839388698,-0.0022157989105067166,0.027215798910506718,10,0.14141135206089772,0.08165518200207977,0.08299875370597515,0.1998239504158203,10,0.46219488312479784,0.026838586483741204,0.44299571493668827,0.4813940513129074,10,3.3978312236310773,0.6009988745374774,2.967902528239473,3.8277599190226814,10
"{""dynamic.change_interval"": 60}",discounted_ucb,36,3.2543567876108397,0.5559546394100316,2.856650796892616,3.6520627783290633,10,0.10425757958268818,0.04959028228629292,0.06878282867927729,0.13973233048609907,10,0.0203125,0.026608416196760003,0.0012779857162357328,0.03934701428376427,10,0.18199997060567594,0.0924918864439313,0.11583526089012035,0.2481646803212315,10,0.511576018120089,0.026460197138224537,0.4926475333634472,0.5305045028767309,10,3.4835654668145914,0.6416877181451569,3.0245297261515542,3.9426012074776287,10
"{""dynamic.change_interval"": 60}",uncertainty_aware,36,1.062885540667917,0.5178026905939295,0.6924718100122058,1.433299271323628,10,0.04330791902187658,0.08402510412450545,-0.016800019489977752,0.1034158575337309,10,0.015625,0.02551551815399144,-0.0026277021213286372,0.03387770212132864,10,0.10626298177296271,0.11300090558385,0.02542700358061925,0.18709895996530618,10,0.47430652710363513,0.06018682892392213,0.43125146338336867,0.5173615908239015,10,1.1684575625464588,0.5777705288715367,0.7551454246416696,1.581769700451248,10
"{""dynamic.change_interval"": 60}",ucb,37,3.1770913661201066,0.469524179417102,2.8412140018455743,3.512968730394639,10,0.11299462042625756,0.11974062325370004,0.027337338654375223,0.19865190219813988,10,0.0203125,0.025568620226319953,0.0020218109445088693,0.038603189055491136,10,0.166882951004242,0.09805322342379731,0.09673990047361092,0.23702600153487308,10,0.39657310885053454,0.026627374354445944,0.3775250327177448,0.4156211849833243,10,3.4033361574679417,0.4409169580826844,3.0879231665361218,3.7187491483997617,10
"{""dynamic.change_interval"": 60}",sliding_window_ucb,37,3.299048043571106,0.6678983777152112,2.8212623265741206,3.776833760568091,10,0.09113788467020113,0.08225605470662316,0.03229544787646355,0.14998032146393872,10,0.0078125,0.011048543456039806,-9.115186239035643e-05,0.015716151862390358,10,0.15166845311027308,0.07620402143969712,0.09715538010930222,0.20618152611124393,10,0.45578777854650765,0.02267069088896415,0.4395701432555602,0.4720054138374551,10,3.5039734608402733,0.6309587784879775,3.052612741254931,3.9553341804256155,10
"{""dynamic.change_interval"": 60}",discounted_ucb,37,3.3324137833834877,0.517618419876356,2.962131872058164,3.702695694708811,10,0.07805699577264745,0.0926394688015749,0.011786711998349464,0.14432727954694544,10,0.0109375,0.01811721576138134,-0.0020227754121849434,0.023897775412184942,10,0.14634630488820358,0.08353777143759707,0.08658698317944302,0.20610562659696413,10,0.49880670388837833,0.02134787316635071,0.48353535539066617,0.5140780523860905,10,3.584385555801718,0.6142134399945468,3.1450037297507643,4.0237673818526725,10
"{""dynamic.change_interval"": 60}",uncertainty_aware,37,1.097662920785122,0.546348663820769,0.7068286310434331,1.488497210526811,10,0.03477738011720461,0.045547754255672916,0.0021944795581491858,0.06736028067626004,10,0.0125,0.017738944131173336,-0.00018967618917617966,0.025189676189176183,10,0.09668348427353858,0.08205215616202617,0.037986907711799425,0.15538006083527772,10,0.47349692689158945,0.05830310337932417,0.4317893992486378,0.5152044545345411,10,1.2196148309189208,0.6165086637042908,0.7785911007364132,1.6606385611014283,10
"{""dynamic.change_interval"": 60}",ucb,38,3.230232542462866,0.45109751136469733,2.9075368224339764,3.552928262491756,10,0.05314117634275985,0.03726109825751353,0.02648619237953744,0.07979616030598226,10,0.0015625,0.004941058844013093,-0.00197212056695953,0.00509712056695953,10,0.10479079389592612,0.02725748520833981,0.08529196361226521,0.12428962417958703,10,0.3859129791535636,0.021354502058281422,0.37063688863222977,0.4011890696748974,10,3.4568829431091004,0.4285080223628278,3.1503467700404455,3.7634191161777553,10
"{""dynamic.change_interval"": 60}",sliding_window_ucb,38,3.389032901789617,0.6486824819987715,2.9249934084981386,3.8530723950810954,10,0.08998485821851092,0.067829973041443,0.04146221857031174,0.1385074978667101,10,0.00625,0.015095184110614,-0.004548444200693183,0.017048444200693184,10,0.12841091932079432,0.06964011666005464,0.07859338093419058,0.17822845770739806,10,0.47023504132046823,0.03930202096492391,0.4421200692039114,0.49835001343702506,10,3.5811403719062995,0.6193447710481887,3.1380878127492102,4.024192931063388,10
"{""dynamic.change_interval"": 60}",discounted_ucb,38,3.3980023907604937,0.5116989061493571,3.0319550444598717,3.7640497370611157,10,0.06558860737700671,0.04277896622078305,0.034986378459927636,0.09619083629408579,10,0.003125,0.006588078458684124,-0.001587827422612707,0.007837827422612707,10,0.11078880174860402,0.061672166558809825,0.06667119149349626,0.15490641200371177,10,0.4916111485763097,0.019062535744832725,0.47797463198559403,0.5052476651670254,10,3.6439303492955544,0.6002220506399726,3.214557360243767,4.073303338347342,10
"{""dynamic.change_interval"": 60}",uncertainty_aware,38,1.1140090651538992,0.5511127721756628,0.7197667375996601,1.5082513927081382,10,0.01634614436877725,0.03450612718679693,-0.008338052013209946,0.04103034075076444,10,0.003125,0.006588078458684124,-0.001587827422612707,0.007837827422612707,10,0.054543669908966017,0.06502603355353477,0.008026847737415403,0.10106049208051662,10,0.474274253691833,0.05869145019931236,0.43228891946928416,0.5162595879143819,10,1.222914492573119,0.5942304681047464,0.7978276234657047,1.6480013616805333,10
"{""dynamic.change_interval"": 60}",ucb,39,3.3040179972051034,0.44766309550747047,2.9837791102777165,3.6242568841324903,10,0.07378545474223738,0.0652438707970678,0.027112801194143957,0.12045810829033081,10,0.009375,0.013176156917368247,-5.06548452254129e-05,0.01880065484522541,10,0.13762567376116833,0.0795947386330488,0.08068702779967993,0.19456431972265673,10,0.37594248671078656,0.013969620566319512,0.36594922216463316,0.38593575125693996,10,3.5462821944020413,0.4277879315118225,3.240261143296592,3.8523032455074904,10
"{""dynamic.change_interval"": 60}",sliding_window_ucb,39,3.4642815347107865,0.6719687735956351,2.9835840319106337,3.9449790375109393,10,0.075248632921169,0.08669937525166507,0.013227636090015815,0.13726962975232218,10,0.0078125,0.011048543456039806,-9.115186239035643e-05,0.015716151862390358,10,0.13067362324650372,0.09768407386690889,0.060794646400735314,0.20055260009227213,10,0.46219488312479784,0.026838586483741204,0.44299571493668827,0.4813940513129074,10,3.663587572684576,0.6471876368690421,3.2006174271800325,4.126557718189119,10
"{""dynamic.change_interval"": 60}",discounted_ucb,39,3.5094779132333214,0.5135135167820544,3.1421324726849194,3.8768233537817234,10,0.11147552247282722,0.08792337843286592,0.048578926513050305,0.17437211843260414,10,0.009375,0.013176156917368247,-5.06548452254129e-05,0.01880065484522541,10,0.1537885780473919,0.091294972300435,0.08848008913026152,0.2190970669645223,10,0.4907481664579879,0.026855589934319465,0.47153683473408153,0.5099594981818943,10,3.74949250487472,0.6039355740301261,3.3174630212202367,4.1815219885292025,10
"{""dynamic.change_interval"": 60}",uncertainty_aware,39,1.1220356244343945,0.5554966757492693,0.724657241183589,1.5194140076852,10,0.008026559280495239,0.025382209100727273,-0.010130779288950112,0.026183897849940588,10,0.00625,0.015095184110614,-0.004548444200693183,0.017048444200693184,10,0.05489088253396538,0.06949777596843743,0.005175168544113172,0.1046065965238176,10,0.4763590376048429,0.05925169138237669,0.4339729309829699,0.5187451442267159,10,1.2295789526388572,0.6113071152117067,0.7922761860923531,1.6668817191853613,10
"{""dynamic.change_interval"": 60}",ucb,40,3.4085564033911995,0.45991828734808,3.0795506803464208,3.737562126435978,10,0.10453840618609642,0.07760154204994485,0.0490256071653238,0.16005120520686902,10,0.0140625,0.01719538960335331,0.0017616592960811063,0.026363340703918894,10,0.178769487981431,0.08448609597570812,0.11833177576521449,0.23920720019764752,10,0.379136888529432,0.0381863519552046,0.35182001794377504,0.40645375911508896,10,3.6604869009288263,0.4575982929429276,3.3331408019036277,3.987832999954025,10
"{""dynamic.change_interval"": 60}",sliding_window_ucb,40,3.544884025682408,0.699267572932598,3.0446581382513687,4.045109913113447,10,0.08060249097162181,0.06769450878528747,0.032176756614578056,0.12902822532866556,10,0.0125,0.014358384116760648,0.002228630763241979,0.022771369236758023,10,0.16241493755837394,0.08888534003189852,0.09883019572543347,0.2259996793913144,10,0.46219488312479784,0.0268385864837412,0.44299571493668827,0.4813940513129074,10,3.761437728788304,0.66937314230603,3.2825970287565696,4.240278428820038,10
"{""dynamic.change_interval"": 60}",discounted_ucb,40,3.6216896225826796,0.5089779898737588,3.257588702530423,3.9857905426349363,10,0.11221170934935816,0.07795456273720802,0.05644637454199509,0.16797704415672124,10,0.0171875,0.01719538960335331,0.004886659296081107,0.029488340703918897,10,0.19464306753757615,0.0831715726355246,0.13514570867084277,0.2541404264043095,10,0.4997716934509387,0.019774321069840475,0.48562599631239756,0.5139173905894798,10,3.87957079095765,0.6185046801499943,3.437119196626242,4.322022385289057,10
"{""dynamic.change_interval"": 60}",uncertainty_aware,40,1.1220356244343945,0.5554966757492693,0.724657241183589,1.5194140076852,10,0.0,0.0,0.0,0.0,10,0.00625,0.015095184110613998,-0.004548444200693181,0.01704844420069318,10,0.06473541011615509,0.06924292774861326,0.015202003560332931,0.11426881667197725,10,0.4792270323176394,0.061054007316471766,0.4355516265455387,0.5229024380897401,10,1.229749581300366,0.6101003820075478,0.7933100596851423,1.6661891029155897,10
"{""dynamic.change_interval"": 60}",ucb,41,3.5243177244884345,0.5050135356102561,3.1630528041720494,3.8855826448048196,10,0.1157613210972345,0.0756063158031872,0.06167582095108916,0.16984682124337985,10,0.0171875,0.018706546870904138,0.003805642508704153,0.03056935749129585,10,0.19419232265550532,0.08666702640044774,0.13219446679847124,0.2561901785125394,10,0.3781911333019662,0.02327655860246394,0.3615400863580513,0.3948421802458811,10,3.790463663876428,0.5041207868380723,3.429837377559537,4.1510899501933185,10
"{""dynamic.change_interval"": 60}",sliding_window_ucb,41,3.634348560136447,0.6864986733849244,3.1432569931787078,4.125440127094187,10,0.08946453445403907,0.08792934991247853,0.026563666755082316,0.15236540215299582,10,0.0125,0.016137430609197572,0.0009559775688028922,0.02404402243119711,10,0.16893554174302944,0.0961778226828429,0.10013407208393575,0.2377370114021231,10,0.47098007777095996,0.04277776100133778,0.4403787110159343,0.5015814445259856,10,3.8661577108234297,0.6618545236218335,3.392695506590928,4.339619915055931,10
"{""dynamic.change_interval"": 60}",discounted_ucb,41,3.7342997204783765,0.553763875377266,3.3381609079403827,4.13043853301637,10,0.11261009789569679,0.07673746730117158,0.05771542071374927,0.1675047750776443,10,0.015625,0.01473139127471974,0.005086797516812859,0.02616320248318714,10,0.1925448578685864,0.0837881747784192,0.1326064084006862,0.2524833073364866,10,0.507095116689376,0.029468460355190174,0.4860146500654471,0.5281755833133049,10,4.007900089118332,0.6573005218479553,3.537695621504657,4.478104556732006,10
"{""dynamic.change_interval"": 60}",uncertainty_aware,41,1.1465452026551444,0.5512554786917049,0.752200789009125,1.5408896163011638,10,0.02450957822074971,0.03973636400392147,-0.003916104188321997,0.052935260629821415,10,0.0125,0.016137430609197572,0.0009559775688028922,0.02404402243119711,10,0.09680263573588407,0.08305650672988611,0.037387590059393,0.15621768141237513,10,0.52281217005212,0.1885803237436176,0.3879099331286062,0.6577144069756338,10,1.2623366573283465,0.6147176066583532,0.8225941721726696,1.7020791424840236,10
"{""dynamic.change_interval"": 60}",ucb,42,3.614867449712245,0.5329165154375572,3.233641940078747,3.9960929593457433,10,0.09054972522381029,0.07140188017385529,0.03947189714089097,0.1416275533067296,10,0.0078125,0.008235098073355155,0.0019214657217341159,0.013703534278265884,10,0.16580269203425718,0.0921123028824932,0.099909520040776,0.23169586402773837,10,0.3606723939191201,0.011927302808827407,0.3521401154850113,0.3692046723532289,10,3.887297477187097,0.5190352123810973,3.5160020535591543,4.25859290081504,10
"{""dynamic.change_interval"": 60}",sliding_window_ucb,42,3.6925870981102094,0.6843369805101275,3.2030419130790815,4.182132283141337,10,0.05823853797376357,0.06990758815296616,0.008229662007550563,0.10824741393997658,10,0.00625,0.008068715304598784,0.0004779887844014478,0.012022011215598552,10,0.13584439356393768,0.0895903182701341,0.0717553406797039,0.19993344644817146,10,0.4388015741631125,0.01915613243149073,0.4250981025362184,0.4525050457900066,10,3.93303322566378,0.6582742715219843,3.462132179496085,4.403934271831475,10
"{""dynamic.change_interval"": 60}",discounted_ucb,42,3.8611737813170395,0.569035088954771,3.4541106006835545,4.2682369619505245,10,0.1268740608386628,0.08283627757855563,0.06761655760647592,0.18613156407084966,10,0.0125,0.009882117688026186,0.00543075886608094,0.01956924113391906,10,0.19670906991651582,0.07480355239719119,0.14319783211672446,0.2502203077163072,10,0.4753323954606091,0.017812269710721446,0.4625902653117176,0.48807452560950065,10,4.135640280311259,0.6594169528171803,3.663921809187702,4.607358751434816,10
"{""dynamic.change_interval"": 60}",uncertainty_aware,42,1.1640894520479874,0.5651596611711869,0.7597985854431486,1.5683803186528262,10,0.01754424939284322,0.036994528250282085,-0.00892004187477681,0.04400854066046325,10,0.009375,0.015095184110613996,-0.001423444200693182,0.020173444200693183,10,0.08747404243662729,0.08225581537965913,0.02863177684708622,0.14631630802616835,10,0.4792544793594834,0.0897764160095369,0.415032300172179,0.5434766585467878,10,1.2808418210413859,0.6369651219110438,0.8251844222086158,1.736499219874156,10
"{""dynamic.change_interval"": 60}",ucb,43,3.714757278305175,0.5395586436204004,3.32878027640562,4.10073428020473,10,0.09988982859293011,0.05303850618413257,0.061948366910805595,0.1378312902750546,10,0.0109375,0.01482317653203928,0.0003336382991214089,0.02154136170087859,10,0.153220440680256,0.07863818671624108,0.09696607073839242,0.2094748106221196,10,0.36261428524868006,0.0286430776128116,0.34212426186959527,0.38310430862776484,10,3.973683782534207,0.5267426690693634,3.596874776536707,4.350492788531707,10
"{""dynamic.change_interval"": 60}",sliding_window_ucb,43,3.8081368703691743,0.7053649137572311,3.303549208071069,4.312724532667279,10,0.11554977225896398,0.09218077880560101,0.04960761554099369,0.18149192897693428,10,0.0125,0.014358384116760648,0.002228630763241979,0.022771369236758023,10,0.16147464029816097,0.10479001731969789,0.08651237772987733,0.23643690286644461,10,0.4660367979592194,0.03186929410836562,0.4432388783298265,0.48883471758861224,10,4.027673730628795,0.6829892877116692,3.539092626948195,4.516254834309395,10
"{""dynamic.change_interval"": 60}",discounted_ucb,43,3.996780534364354,0.6256457944629598,3.549220494592714,4.444340574135993,10,0.1356067530473153,0.08770573186562644,0.0728658520624778,0.19834765403215276,10,0.01875,0.01920738428602685,0.005009865005018772,0.032490134994981226,10,0.18778007557209617,0.09747266424571942,0.11805233205883803,0.2575078190853543,10,0.4981967551323104,0.023800848163906665,0.48117065402987985,0.515222856234741,10,4.25658622055021,0.7033514502460002,3.753438903279819,4.7597335378206,10
"{""dynamic.change_interval"": 60}",uncertainty_aware,43,1.2042089821322484,0.5899962217738204,0.7821511103793177,1.626266853885179,10,0.04011953008426098,0.07483198696265707,-0.013412048578305177,0.09365110874682714,10,0.0078125,0.011048543456039806,-9.115186239035643e-05,0.015716151862390358,10,0.09334418232876844,0.0927623098818671,0.026986023339344384,0.1597023413181925,10,0.479831093172561,0.09084081232257123,0.414847490732019,0.544814695613103,10,1.3073518680370078,0.6468182530566202,0.8446459637936408,1.7700577722803748,10
"{""dynamic.change_interval"": 60}",ucb,44,3.763798652860065,0.5188140600258173,3.3926614320967476,4.134935873623383,10,0.04904137455488966,0.035432191514573955,0.023694711660637722,0.0743880374491416,10,0.009375,0.01679637030895531,-0.00264039949604869,0.02139039949604869,10,0.1387645735769162,0.08883264560502087,0.07521752706614977,0.20231162008768266,10,0.36135892178001805,0.020363501438526034,0.34679175039586496,0.37592609316417114,10,4.032847202057136,0.5152810504484261,3.664237344093928,4.401457060020344,10
"{""dynamic.change_interval"": 60}",sliding_window_ucb,44,3.894959527843066,0.7368447195657469,3.3678525690606675,4.422066486625465,10,0.0868226574738922,0.07778917212329707,0.031175635984375977,0.14246967896340842,10,0.01875,0.023058274605394433,0.0022551040208555265,0.03524489597914447,10,0.1823555632598815,0.09012084597912043,0.11788699371520618,0.24682413280455684,10,0.49105142097552257,0.04079289039013476,0.4618699451197143,0.5202328968313309,10,4.130428139834688,0.7005293765136894,3.629299612497914,4.631556667171462,10
"{""dynamic.change_interval"": 60}",discounted_ucb,44,4.062427327676299,0.6374057174329115,3.6064547457942133,4.518399909558385,10,0.06564679331194534,0.04411668100719127,0.03408762088416643,0.09720596573972426,10,0.0140625,0.01719538960335331,0.0017616592960811063,0.026363340703918894,10,0.16905730383470896,0.08056613089974322,0.11142376570681706,0.22669084196260086,10,0.49739293508105054,0.023630866155379814,0.48048843178231343,0.5142974383797876,10,4.346042370330931,0.729116391628671,3.824463924310062,4.8676208163518,10
"{""dynamic.change_interval"": 60}",uncertainty_aware,44,1.2713033675983763,0.6323843499265859,0.8189228556394461,1.7236838795573064,10,0.0670943854661277,0.09402010670472194,-0.0001635471668557653,0.13435231809911116,10,0.015625,0.01473139127471974,0.005086797516812859,0.02616320248318714,10,0.14914696037659061,0.09954182027911002,0.07793903180527907,0.22035488894790217,10,0.5726915883723432,0.24117086279390093,0.4001683461495598,0.7452148305951267,10,1.3768976743596106,0.694651074360475,0.8799742310636249,1.8738211176555963,10
"{""dynamic.change_interval"": 60}",ucb,45,3.8898725629807656,0.5489505170823209,3.4971770195400573,4.282568106421474,10,0.12607391012070127,0.10879955600386075,0.04824339636487432,0.2039044238765282,10,0.025,0.028716768233521296,0.004457261526483958,0.045542738473516045,10,0.19247055985193534,0.08668877287915448,0.13045714750117748,0.2544839722026932,10,0.3763995886718282,0.035600759670032164,0.35093233938343954,0.4018668379602169,10,4.159085620778003,0.5383792056394382,3.7739523379833146,4.544218903572692,10
"{""dynamic.change_interval"": 60}",sliding_window_ucb,45,3.947927713753419,0.6989963795168785,3.4478958264051736,4.447959601101664,10,0.05296818591035217,0.07984291831431957,-0.004147997100059246,0.11008436892076359,10,0.0125,0.023058274605394436,-0.003994895979144476,0.028994895979144477,10,0.12602156767469866,0.08970351126001623,0.06185154140344322,0.19019159394595408,10,0.476428798088328,0.03763525163277075,0.44950616092421647,0.5033514352524395,10,4.190217566378319,0.6810969384039274,3.7029901678435544,4.677444964913083,10
"{""dynamic.change_interval"": 60}",discounted_ucb,45,4.095836417124969,0.6239856708688902,3.6494639582311406,4.542208876018797,10,0.033409089448668904,0.036059232052967766,0.007613868774942304,0.059204310122395506,10,0.00625,0.015095184110614,-0.004548444200693183,0.017048444200693184,10,0.11462934657235122,0.06517167563769163,0.06800833833009645,0.16125035481460598,10,0.4868414184994784,0.021458764888554405,0.4714907428424709,0.5021920941564859,10,4.394439575772214,0.7276972474079462,3.8738763243702343,4.915002827174194,10
"{""dynamic.change_interval"": 60}",uncertainty_aware,45,1.3109283761446628,0.6578857503889388,0.8403052612526143,1.7815514910367114,10,0.0396250085462866,0.056486992475434455,-0.0007833516195268272,0.08003336871210004,10,0.0171875,0.027013130166437374,-0.0021365292169229326,0.03651152921692294,10,0.1219299677366735,0.08675527871115887,0.05986897997970278,0.18399095549364422,10,0.5391791858307562,0.1746470088576155,0.41424424193425413,0.6641141297272583,10,1.4325955009652156,0.7380728815334088,0.9046099680375778,1.9605810338928533,10
"{""dynamic.change_interval"": 60}",ucb,46,3.981265763734264,0.5220035905919214,3.6078468902536227,4.354684637214905,10,0.09139320075349805,0.08825166893783537,0.028261759913820836,0.15452464159317525,10,0.0171875,0.024923929404177914,-0.0006420050236445214,0.03501700502364452,10,0.17257834534258606,0.09848483532104786,0.10212653826055008,0.24303015242462206,10,0.35123680490759124,0.016679838499410522,0.33930476724626774,0.36316884256891474,10,4.2598580088718565,0.5354354248792217,3.876830579973704,4.642885437770008,10
"{""dynamic.change_interval"": 60}",sliding_window_ucb,46,4.051965748783225,0.6759954734383127,3.5683877184422705,4.535543779124179,10,0.10403803502980642,0.07818306264672524,0.0481092412341525,0.15996682882546034,10,0.0265625,0.04234474296703718,-0.003729104313771235,0.056854104313771234,10,0.17863278894931764,0.09716647262406307,0.10912408172716714,0.24814149617146813,10,0.44702883203477944,0.020735466837769934,0.4321955726334885,0.4618620914360704,10,4.297044398078905,0.6542505930612719,3.829021718085557,4.765067078072253,10
"{""dynamic.change_interval"": 60}",discounted_ucb,46,4.190943662285937,0.5857355709577802,3.7719336765182656,4.609953648053608,10,0.09510724516096698,0.09472400792528578,0.02734577192871955,0.16286871839321443,10,0.0234375,0.043106628534497,-0.007399124416026467,0.05427412441602647,10,0.1616675105110645,0.09298621372568062,0.0951491803606911,0.22818584066143793,10,0.4695807345674911,0.012005136733551365,0.46099277709781084,0.4781686920371714,10,4.484301129034546,0.6880852730125958,3.9920745770761132,4.976527680992978,10
"{""dynamic.change_interval"": 60}",uncertainty_aware,46,1.336211438976171,0.6573490137796173,0.8659722823242972,1.8064505956280448,10,0.02528306283150807,0.04091342741752489,-0.003984640019271055,0.05455076568228719,10,0.0125,0.02530199541977317,-0.005599957158820081,0.030599957158820083,10,0.09839378308257013,0.09555940250959814,0.030034704565209597,0.16675286159993066,10,0.4857799584110795,0.06423796298277758,0.43982688796472624,0.5317330288574328,10,1.4591833267990535,0.7319594971527748,0.9355710456070634,1.9827956079910436,10
"{""dynamic.change_interval"": 60}",ucb,47,4.074573949018389,0.5337666131087925,3.692740316145008,4.45640758189177,10,0.09330818528412513,0.0738161547511179,0.040503289209408926,0.14611308135884132,10,0.015625,0.028527216536727403,-0.004782141358172721,0.03603214135817272,10,0.17102242726710717,0.08715800101510077,0.10867334932881609,0.23337150520539826,10,0.34736050332581137,0.012550400360752419,0.33838248775482854,0.3563385188967942,10,4.360663150214771,0.5488789481166085,3.968018804127939,4.753307496301603,10
"{""dynamic.change_interval"": 60}",sliding_window_ucb,47,4.166721556501651,0.6858764866856646,3.676075075096041,4.65736803790726,10,0.11475580771842535,0.06606926141970568,0.06749270528828989,0.1620189101485608,10,0.015625,0.028527216536727403,-0.004782141358172721,0.03603214135817272,10,0.17873619829384077,0.09101850700572792,0.1136254807345452,0.24384691585313634,10,0.4745823966605173,0.024493142067858662,0.4570610583329211,0.49210373498811355,10,4.405563310448553,0.6724479251559555,3.92452304327071,4.8866035776263965,10
"{""dynamic.change_interval"": 60}",discounted_ucb,47,4.329685393112293,0.6289802943937256,3.8797399957871628,4.779630790437424,10,0.13874173082635816,0.0796473382411248,0.08176545737198032,0.195718004280736,10,0.0203125,0.029508782237948533,-0.0007968111612225437,0.041421811161222545,10,0.19558032395436142,0.08833685294675626,0.13238794614562288,0.25877270176309997,10,0.4951576830320499,0.02648251910380071,0.4762132301031779,0.5141021359609219,10,4.609664167064716,0.7355186595891002,4.083505814444367,5.135822519685066,10
"{""dynamic.change_interval"": 60}",uncertainty_aware,47,1.3959766929796136,0.7202585743108201,0.8807347477490525,1.9112186382101748,10,0.05976525400344288,0.07779908631007688,0.004111140331946463,0.1154193676749393,10,0.0171875,0.028951962728515204,-0.0035234864797603765,0.03789848647976038,10,0.13611339030602237,0.10956307814519159,0.057736685713519406,0.21449009489852533,10,0.44161770130661077,0.08947114032040154,0.3776139031917597,0.5056214994214618,10,1.5250794311808842,0.7997096703329701,0.9530015957225353,2.097157266639233,10
"{""dynamic.change_interval"": 60}",ucb,48,4.126510564917595,0.5316549651786306,3.7461875139740712,4.506833615861119,10,0.051936615899206284,0.03874654934691694,0.024219004240671246,0.07965422755774132,10,0.015625,0.03454817489953542,-0.009089275503675689,0.04033927550367569,10,0.14205823229109235,0.09438609761745678,0.07453848553115504,0.20957797905102965,10,0.3514635332366174,0.020740972483778274,0.33662633533343245,0.3663007311398023,10,4.422029053251376,0.5383851991855206,4.036891482932106,4.807166623570646,10
"{""dynamic.change_interval"": 60}",sliding_window_ucb,48,4.286539228519667,0.6722519780524712,3.8056391334555095,4.767439323583824,10,0.11981767201801655,0.08450218240499419,0.059368452263517564,0.18026689177251554,10,0.03125,0.03755782578608322,0.004382749950018413,0.058117250049981584,10,0.19515273027801566,0.10398968757801486,0.12076298911751285,0.2695424714385185,10,0.47717383453881973,0.0411271873545271,0.44775321704088245,0.506594452036757,10,4.52002371147208,0.6554641047831448,4.051132937487992,4.988914485456167,10
"{""dynamic.change_interval"": 60}",discounted_ucb,48,4.4088595965462485,0.6467791239649404,3.94618168356884,4.871537509523657,10,0.07917420343395454,0.06515744939220262,0.032563372034656625,0.12578503483325246,10,0.025,0.03911454865733039,-0.002980862506638246,0.05298086250663825,10,0.16914932928083487,0.09671243157894928,0.09996542345590868,0.23833323510576104,10,0.48418190652971305,0.021820878098751263,0.4685721906870416,0.4997916223723845,10,4.698121167091061,0.7318103289923588,4.174615594372779,5.221626739809344,10
"{""dynamic.change_interval"": 60}",uncertainty_aware,48,1.4360531112828399,0.7683637141367934,0.8863988220642339,1.985707400501446,10,0.04007641830322624,0.0768581361518075,-0.01490458017436136,0.09505741678081384,10,0.025,0.034704856768661835,0.00017364103920157123,0.04982635896079843,10,0.1269581559185084,0.09785245294838307,0.05695872793398346,0.19695758390303333,10,0.43105835236517975,0.10324250193967248,0.35720311561112045,0.504913589119239,10,1.5713452578449039,0.8371542262785622,0.972481200699209,2.1702093149905988,10
"{""dynamic.change_interval"": 60}",ucb,49,4.23120809781086,0.5222123965376966,3.8576398535548977,4.604776342066823,10,0.10469753289326436,0.05444867910467996,0.06574729427378853,0.1436477715127402,10,0.0171875,0.02987422999937497,-0.004183236741136926,0.038558236741136925,10,0.16746166082601244,0.08988779268257457,0.10315980756648455,0.23176351408554033,10,0.36031691548920947,0.03987585173934092,0.33179144956530476,0.38884238141311417,10,4.534690643589505,0.5291791284949744,4.156138699515734,4.913242587663276,10
"{""dynamic.change_interval"": 60}",sliding_window_ucb,49,4.338198675615985,0.6651700034357301,3.8623647200019473,4.814032631230022,10,0.05165944709631801,0.049929640856659824,0.015941933695988827,0.0873769604966472,10,0.0046875,0.007547592055306998,-0.000711722100346591,0.010086722100346592,10,0.13504008946244414,0.08270985050993876,0.07587302670689622,0.19420715221799206,10,0.4512658623507054,0.03091067579202578,0.4291536969541132,0.47337802774729765,10,4.600263730446642,0.6419261454493747,4.141057429164956,5.059470031728328,10
"{""dynamic.change_interval"": 60}",discounted_ucb,49,4.491734220002586,0.6408720218830243,4.033281993293854,4.950186446711318,10,0.08287462345633703,0.06800853484429371,0.03422424838932287,0.1315249985233512,10,0.009375,0.013176156917368247,-5.06548452254129e-05,0.01880065484522541,10,0.15314988470293264,0.09100955637660013,0.08804557003799658,0.21825419936786872,10,0.4827324763816964,0.030199686428639495,0.4611289221362868,0.5043360306271061,10,4.796470981306112,0.7203433919969415,4.281168361158034,5.31177360145419,10
"{""dynamic.change_interval"": 60}",uncertainty_aware,49,1.4840635457800841,0.7827106295611065,0.9241460915330653,2.0439810000271033,10,0.0480104344972442,0.055986711278741934,0.007959953940420872,0.08806091505406753,10,0.0140625,0.015537951968933646,0.0029473187541081917,0.025177681245891807,10,0.12723470435525902,0.08455882733681434,0.06674496325759324,0.1877244454529248,10,0.4722808585871058,0.2062720876601261,0.32472269616680227,0.6198390210074093,10,1.64377989171228,0.8698299881602405,1.0215410026460958,2.266018780778464,10
"{""dynamic.change_interval"": 60}",ucb,50,4.324697937072267,0.5044522145193385,3.963834561674747,4.685561312469788,10,0.09348983926140762,0.05976018528234685,0.050739978016538054,0.1362397005062772,10,0.028125,0.04087795181322622,-0.0011173251322499599,0.05736732513224996,10,0.1657339813522539,0.09659946321171643,0.09663088822898595,0.23483707447552182,10,0.33670313561691706,0.011741917677742028,0.32830347371659774,0.3451027975172364,10,4.639647743400056,0.5152023363327227,4.2710941941231155,5.008201292676997,10
"{""dynamic.change_interval"": 60}",sliding_window_ucb,50,4.465116931802431,0.6622697340968362,3.9913577038891974,4.938876159715664,10,0.1269182561864454,0.07673391726823817,0.07202611854507329,0.1818103938278175,10,0.028125,0.03593372564720904,0.0024195612003786796,0.05383043879962132,10,0.19289122429827252,0.09166606082480104,0.12731727464250386,0.25846517395404117,10,0.4941482993594525,0.03830588104235592,0.4667459228158353,0.5215506759030696,10,4.732378073203212,0.6469412000604428,4.26958421797159,5.195171928434834,10
"{""dynamic.change_interval"": 60}",discounted_ucb,50,4.591038153304981,0.6390364447516822,4.133899019373629,5.048177287236333,10,0.09930393330239543,0.0760969504504037,0.044867454273046614,0.15374041233174424,10,0.025,0.04179667218278933,-0.004899538093289094,0.054899538093289096,10,0.15659459075010213,0.09815732717924475,0.08637706887907241,0.22681211262113182,10,0.4784726831603889,0.02482816141239036,0.4607116864310422,0.49623367988973555,10,4.892288690514512,0.7086876662826133,4.385324074250485,5.399253306778539,10
"{""dynamic.change_interval"": 60}",uncertainty_aware,50,1.5494999882207028,0.7721827584857541,0.9971137192527921,2.1018862571886134,10,0.0654364424406187,0.08312437028015715,0.005972850104776363,0.12490003477646106,10,0.0203125,0.03686528826913831,-0.0060593385545790295,0.04668433855457903,10,0.123893144107428,0.12007912305885815,0.0379937141622501,0.20979257405260587,10,0.4465936677895729,0.09081888789776976,0.3816257491377224,0.5115615864414234,10,1.7068961542780055,0.8332642576653304,1.1108148130438638,2.302977495512147,10
"{""dynamic.change_interval"": 60}",ucb,51,4.419543104061544,0.48920926628258676,4.069583876952807,4.7695023311702816,10,0.09484516698927789,0.07881245451198407,0.03846613337623818,0.15122420060231762,10,0.0140625,0.022642776165920996,-0.002135166301039772,0.030260166301039775,10,0.15654714347481616,0.09576210997989254,0.0880430567686851,0.22505123018094722,10,0.34421890059844557,0.01838411947637238,0.3310676937705078,0.3573701074263833,10,4.716693992219186,0.501633729254209,4.357846839720502,5.07554114471787,10
"{""dynamic.change_interval"": 60}",sliding_window_ucb,51,4.504709767528203,0.6582504327084641,4.03382577462039,4.975593760436015,10,0.03959283572577137,0.04182401874910825,0.00967373507741097,0.06951193637413178,10,0.0109375,0.023350533095270718,-0.005766465108211199,0.027641465108211197,10,0.12448320784598943,0.083732938391759,0.06458427210874843,0.18438214358323043,10,0.4671381629365383,0.039708920191108416,0.4387321126484891,0.4955442132245875,10,4.7773603863935135,0.6481875023279593,4.313674980227875,5.241045792559152,10
"{""dynamic.change_interval"": 60}",discounted_ucb,51,4.662027254674442,0.6361762134197584,4.206934206979105,5.117120302369778,10,0.07098910136946016,0.0697012338080308,0.02112784240897736,0.12085036032994295,10,0.0125,0.025301995419773165,-0.005599957158820081,0.030599957158820083,10,0.14019540736917413,0.09204248298295531,0.07435218152300278,0.2060386332153455,10,0.4685564668652059,0.01502497158150552,0.4578082496820974,0.47930468404831444,10,4.9529832032279995,0.7007648141055005,4.451686253983994,5.454280152472005,10
"{""dynamic.change_interval"": 60}",uncertainty_aware,51,1.5973271589101512,0.7980721550361006,1.0264207313280793,2.168233586492223,10,0.04782717068944829,0.05767146442942794,0.006571490331396111,0.08908285104750047,10,0.0109375,0.014823176532039278,0.0003336382991214089,0.02154136170087859,10,0.1267214100896053,0.09700385217353992,0.057329034529791476,0.19611378564941911,10,0.4229177604042992,0.09344596223104527,0.35607054598559534,0.489764974823003,10,1.7541166697119244,0.8427662462138129,1.1512380153490036,2.356995324074845,10
"{""dynamic.change_interval"": 60}",ucb,52,4.552890873143618,0.5146735262340286,4.184715611822735,4.9210661344645015,10,0.13334776908207302,0.08397349056832804,0.07327675268407283,0.1934187854800732,10,0.025,0.03054766312211496,0.0031475182237897283,0.04685248177621028,10,0.19943946707494895,0.08990374088153422,0.1351262051611572,0.2637527289887407,10,0.35765096309092714,0.03539170128829702,0.33233326515966743,0.38296866102218685,10,4.845273948948021,0.5228791000914479,4.471228773700636,5.2193191241954064,10
"{""dynamic.change_interval"": 60}",sliding_window_ucb,52,4.603476474964852,0.6873074105663716,4.111806372279235,5.095146577650469,10,0.09876670743664921,0.09756295336882048,0.028974374975645104,0.1685590398976533,10,0.015625,0.01948779888944761,0.0016842684819217482,0.029565731518078252,10,0.16353713920703733,0.07445792802334884,0.11027314618995199,0.21680113222412267,10,0.4766421458987583,0.03931027952874194,0.4485212659615407,0.5047630258359759,10,4.870038015254438,0.6581030078764164,4.399259483718344,5.340816546790531,10
"{""dynamic.change_interval"": 60}",discounted_ucb,52,4.772894121023439,0.694249418048854,4.276258005343806,5.269530236703073,10,0.11086686634899727,0.08585888444618198,0.04944712041996612,0.1722866122780284,10,0.0234375,0.03146626555623586,0.0009278896286836411,0.04594711037131636,10,0.1840751810182326,0.09362758510435439,0.11709804142282164,0.2510523206136435,10,0.49979983577669723,0.03187072206189683,0.4770008946508844,0.5225987769025101,10,5.0661988739001185,0.7369631892578185,4.539007167005346,5.593390580794891,10
"{""dynamic.change_interval"": 60}",uncertainty_aware,52,1.623628048430244,0.8015911683491727,1.0502042703724013,2.197051826488087,10,0.026300889520092918,0.05991486515934203,-0.016559623043002594,0.06916140208318843,10,0.0125,0.02057126839388698,-0.0022157989105067166,0.027215798910506718,10,0.09834379309595401,0.10467875414631267,0.02346112340713366,0.17322646278477435,10,0.42297191810401974,0.09523383899697932,0.3548457336937489,0.4910981025142906,10,1.7816009524617649,0.8157777355296224,1.1980287155991198,2.36517318932441,10
"{""dynamic.change_interval"": 60}",ucb,53,4.622532983401799,0.5288027762347086,4.244250265516493,5.000815701287104,10,0.06964211025818058,0.04419253653711577,0.03802867405321277,0.10125554646314838,10,0.0171875,0.0289519627285152,-0.0035234864797603696,0.03789848647976037,10,0.16591463482465704,0.09049435486164512,0.1011788731214197,0.23065039652789437,10,0.32901736243344565,0.012867296969352165,0.31981265268501674,0.33822207218187456,10,4.922058236497453,0.5258050222728496,4.545919982611218,5.298196490383689,10
"{""dynamic.change_interval"": 60}",sliding_window_ucb,53,4.639238939509413,0.7061032016259505,4.134123137885812,5.144354741133014,10,0.03576246454456141,0.033899441015503635,0.011512265304976496,0.060012663784146325,10,0.00625,0.01092509216843908,-0.001565340131252025,0.014065340131252026,10,0.1281364244271402,0.09018597014368847,0.06362126786159443,0.19265158099268598,10,0.45525608990644645,0.018507957448715577,0.44201629472976944,0.46849588508312345,10,4.909044092406353,0.6791456902722491,4.423212532697882,5.394875652114825,10
"{""dynamic.change_interval"": 60}",discounted_ucb,53,4.832654353072147,0.69535955295374,4.335224094721725,5.33008461142257,10,0.05976023204870817,0.03289122236566962,0.03623126898302827,0.08328919511438808,10,0.009375,0.015095184110613996,-0.001423444200693182,0.020173444200693183,10,0.15244675092069732,0.07703832126612903,0.09733685577722352,0.20755664606417112,10,0.4754483392635656,0.023084469122293304,0.4589347048558585,0.4919619736712727,10,5.129515277545591,0.7313808855513035,4.606316910158598,5.652713644932583,10
"{""dynamic.change_interval"": 60}",uncertainty_aware,53,1.660837985133447,0.8082205827191065,1.0826718097234136,2.2390041605434803,10,0.03720993670320304,0.05467053666515004,-0.0018990092543007889,0.07631888266070688,10,0.0109375,0.012863634411696322,0.0017354102874837796,0.02013958971251622,10,0.1252138094098574,0.11020554004347141,0.046377515261585595,0.20405010355812922,10,0.43729840660244645,0.10350483046499473,0.36325551132616013,0.5113413018787327,10,1.8176844145963968,0.818404366098145,1.2322331994170792,2.4031356297757145,10
"{""dynamic.change_interval"": 60}",ucb,54,4.720993839122458,0.5292881931461372,4.342363874897278,5.0996238033476375,10,0.09846085572065798,0.07208699456697457,0.046892926325228776,0.1500287851160872,10,0.015625,0.02329237476562281,-0.0010373611454568207,0.03228736114545682,10,0.16317433784892924,0.0879355489750479,0.10026903560775283,0.22607964009010564,10,0.3384913048965325,0.016500372432547043,0.32668764952553037,0.35029496026753465,10,5.007755479514799,0.5086102720230363,4.643917608966512,5.371593350063086,10
"{""dynamic.change_interval"": 60}",sliding_window_ucb,54,4.719818868268126,0.7025825198042431,4.217221610699471,5.222416125836781,10,0.08057992875871375,0.07094003527707107,0.029832484612204502,0.131327372905223,10,0.0109375,0.014823176532039278,0.0003336382991214089,0.02154136170087859,10,0.1535134144831723,0.08498005299170552,0.09272234670430066,0.21430448226204393,10,0.46696360208078513,0.03551384745801764,0.4415585260434758,0.4923686781180945,10,4.9850804120579415,0.6755683465894758,4.501807929858035,5.468352894257848,10
"{""dynamic.change_interval"": 60}",discounted_ucb,54,4.883042799567791,0.6942201559966589,4.386427616699279,5.379657982436304,10,0.05038844649564357,0.03500648410649551,0.025346316335690944,0.0754305766555962,10,0.0078125,0.01983274246318726,-0.006374989285729207,0.02199998928572921,10,0.1296976468966963,0.07278816762736055,0.077628128510227,0.1817671652831656,10,0.46726732336687216,0.014599563736632038,0.4568234246234555,0.4777112221102888,10,5.1817358296107034,0.7267793754246462,4.661829184270791,5.701642474950616,10
"{""dynamic.change_interval"": 60}",uncertainty_aware,54,1.7021894538238584,0.8496966189091798,1.0943531094922339,2.310025798155483,10,0.041351468690411355,0.07536591741151884,-0.01256206080606552,0.09526499818688823,10,0.01875,0.02185018433687816,0.0031193197374959486,0.03438068026250405,10,0.1148168330552322,0.09833867765221638,0.04446958087095798,0.18516408523950642,10,0.4052526120987075,0.09841862223784426,0.334848171003008,0.475657053194407,10,1.8550241528200455,0.8318886128801608,1.2599268885831618,2.450121417056929,10
"{""dynamic.change_interval"": 60}",ucb,55,4.803791615577855,0.5684330798674957,4.39715908630242,5.21042414485329,10,0.08279777645539742,0.06140671320251903,0.03887006009193005,0.12672549281886478,10,0.0109375,0.025568620226319953,-0.007353189055491132,0.02922818905549113,10,0.1329207960307358,0.0768608412844699,0.07793786241781656,0.18790372964365507,10,0.329688984163449,0.02023627443683498,0.31521282549358376,0.34416514283331423,10,5.093372889871613,0.5355781986111083,4.710243326798362,5.476502452944865,10
"{""dynamic.change_interval"": 60}",sliding_window_ucb,55,4.809749173050579,0.6971691363926377,4.311024416690179,5.3084739294109795,10,0.08993030478245329,0.0783178861401338,0.03390506406970008,0.1459555454952065,10,0.0109375,0.020898336091394666,-0.004012269046644548,0.025887269046644547,10,0.14010765385852247,0.0886830640829529,0.0766676115225756,0.20354769619446933,10,0.468064967058104,0.04266276438071593,0.4375458639298055,0.49858407018640255,10,5.077884680242543,0.6735895249288804,4.596027761783263,5.559741598701823,10
"{""dynamic.change_interval"": 60}",discounted_ucb,55,4.942948833084017,0.6919339877081419,4.447969076488947,5.437928589679087,10,0.059906033516226656,0.03373866217389463,0.03577084853132355,0.08404121850112976,10,0.00625,0.01976423537605237,-0.00788848226783812,0.02038848226783812,10,0.10793149332949088,0.06497853205755559,0.06144865168113375,0.154414334977848,10,0.47003250501496047,0.025514815036550054,0.4517803058735492,0.4882847041563717,10,5.242363937266274,0.720355047938012,4.727052978960255,5.7576748955722925,10
"{""dynamic.change_interval"": 60}",uncertainty_aware,55,1.7258400813231234,0.8680157817789008,1.1048989973207188,2.346781165325528,10,0.02365062749926487,0.03838527557663106,-0.0038085444727437197,0.05110979947127346,10,0.009375,0.021092142428454776,-0.005713409748284803,0.0244634097482848,10,0.0805848908544761,0.06973132443837764,0.030702106353769146,0.13046767535518305,10,0.42109438378240266,0.09462165878780575,0.3534061267124735,0.4887826408523318,10,1.8883056580006006,0.8377695199393881,1.2890014462854231,2.487609869715778,10
"{""dynamic.change_interval"": 60}",ucb,56,4.883285758761401,0.5518310995528156,4.488529570757155,5.278041946765647,10,0.07949414318354574,0.028795834969658186,0.05889484377430021,0.10009344259279127,10,0.0109375,0.016552342272990316,-0.0009033323552663612,0.02277833235526636,10,0.15132890655752504,0.0794555439490545,0.09448983447450884,0.20816797864054123,10,0.3262677618547569,0.015322445644811977,0.3153067445461097,0.33722877916340416,10,5.174277281311694,0.5243309512267406,4.799193514328209,5.549361048295179,10
"{""dynamic.change_interval"": 60}",sliding_window_ucb,56,4.883414935615693,0.6778764944578686,4.39849130389809,5.3683385673332955,10,0.07366576256511272,0.06998022258100507,0.023604927059189568,0.12372659807103586,10,0.0109375,0.016552342272990316,-0.0009033323552663612,0.02277833235526636,10,0.1443876290041449,0.08526887537463551,0.08338995013904027,0.20538530786924952,10,0.45782127965031494,0.014959343799552676,0.4471200097542511,0.4685225495463788,10,5.151847794129243,0.6592864376876874,4.680222687904905,5.6234729003535815,10
"{""dynamic.change_interval"": 60}",discounted_ucb,56,5.031663125005382,0.7271633090342553,4.511481830106394,5.55184441990437,10,0.08871429192136512,0.0625538206492138,0.043965984323994,0.13346259951873624,10,0.0125,0.017738944131173336,-0.00018967618917617966,0.025189676189176183,10,0.1604493223070096,0.0866942905603293,0.09843196284491826,0.22246668176910092,10,0.4797791582469471,0.02703214533915552,0.4604415263949017,0.4991167900989925,10,5.332388744455836,0.7606620272484776,4.788243910140547,5.8765335787711255,10
"{""dynamic.change_interval"": 60}",uncertainty_aware,56,1.742569701572543,0.8840839783665803,1.1101341221743635,2.3750052809707225,10,0.01672962024941955,0.03562395798632704,-0.008754224114737977,0.042213464613577084,10,0.0125,0.02057126839388698,-0.0022157989105067166,0.027215798910506718,10,0.0816808674599009,0.08156483987799514,0.023332895967343927,0.14002883895245788,10,0.40400599810238413,0.09841900028829548,0.33360128656568355,0.4744107096390847,10,1.8995620103430557,0.8623732345288964,1.2826573614833072,2.516466659202804,10
"{""dynamic.change_interval"": 60}",ucb,57,4.95608914942469,0.5356696498371789,4.572894166085308,5.339284132764072,10,0.07280339066328993,0.06200299594534863,0.02844911932181774,0.11715766200476213,10,0.003125,0.006588078458684124,-0.001587827422612707,0.007837827422612707,10,0.1266850412837625,0.06436387784130719,0.08064189677379352,0.1727281857937315,10,0.32360188505309095,0.014756913025574388,0.313045425409177,0.3341583446970049,10,5.248504426506007,0.5335888428690168,4.8667979628013285,5.6302108902106855,10
"{""dynamic.change_interval"": 60}",sliding_window_ucb,57,4.9812243296076035,0.6531578742968491,4.513983333528689,5.448465325686518,10,0.09780939399191123,0.08222419485652245,0.03898974836196695,0.1566290396218555,10,0.009375,0.015095184110613998,-0.001423444200693182,0.020173444200693183,10,0.15174860190256595,0.09037426939553085,0.08709874416682227,0.21639845963830961,10,0.47407695615488976,0.04208737901235594,0.44396945892345224,0.5041844533863273,10,5.25113849994236,0.6458861852591113,4.7890993568347895,5.71317764304993,10
"{""dynamic.change_interval"": 60}",discounted_ucb,57,5.111036322016076,0.7624230277375704,4.565631743839465,5.656440900192687,10,0.07937319701069394,0.05689952260848855,0.03866973056527197,0.12007666345611591,10,0.0125,0.023058274605394436,-0.003994895979144476,0.028994895979144477,10,0.14647316986509112,0.08338103438084765,0.08682597109230054,0.2061203686378817,10,0.48811829062580003,0.0358902292859552,0.462443967248587,0.513792614003013,10,5.42640401823148,0.7892213040372437,4.861829108035314,5.990978928427646,10
"{""dynamic.change_interval"": 60}",uncertainty_aware,57,1.8007455388626201,0.9382048096791978,1.1295942490271296,2.4718968286981107,10,0.058175837290077324,0.07866766413721929,0.0019003804715462397,0.11445129410860841,10,0.0140625,0.01719538960335331,0.0017616592960811063,0.026363340703918894,10,0.11943063581338846,0.09096904709607238,0.05435529974203453,0.18450597188474238,10,0.4235307066113073,0.09560354951738968,0.3551400472270444,0.49192136599557024,10,1.9665347500669963,0.9139244048000387,1.3127526155420055,2.620316884591987,10
"{""dynamic.change_interval"": 60}",ucb,58,5.055773063068733,0.5117980312165237,4.6896548069667565,5.421891319170709,10,0.09968391364404283,0.06759234146199042,0.051331265387285975,0.1480365619007997,10,0.0125,0.02057126839388698,-0.0022157989105067166,0.027215798910506718,10,0.1555366778455483,0.09323397791947922,0.08884110786808444,0.22223224782301218,10,0.32272941276943273,0.015877601372532708,0.3113712609770615,0.33408756456180394,10,5.349530029484967,0.4907923556703674,4.998438328449884,5.70062173052005,10
"{""dynamic.change_interval"": 60}",sliding_window_ucb,58,5.035078524389876,0.6237057732095129,4.5889062922196535,5.481250756560098,10,0.05385419478227238,0.05918814294935197,0.011513547970828375,0.09619484159371638,10,0.009375,0.021092142428454776,-0.005713409748284803,0.0244634097482848,10,0.11744412413403713,0.0858405512118828,0.056037493010770996,0.17885075525730326,10,0.4682403271713381,0.04133570288306045,0.43867054665005867,0.4978101076926176,10,5.314071549209809,0.6176585563614279,4.8722252353738735,5.755917863045745,10
"{""dynamic.change_interval"": 60}",discounted_ucb,58,5.168649843791881,0.7256850453457835,4.649526035031313,5.687773652552449,10,0.05761352177580483,0.06893485236179965,0.00830049907550482,0.10692654447610483,10,0.003125,0.006588078458684124,-0.001587827422612707,0.007837827422612707,10,0.11957638273925342,0.054554033459871414,0.08055077815421544,0.1586019873242914,10,0.4624577812607262,0.021395736301305895,0.4471521935388816,0.47776336898257077,10,5.491469326104146,0.7637789062763111,4.945094810851166,6.037843841357126,10
"{""dynamic.change_interval"": 60}",uncertainty_aware,58,1.840390112262248,0.9590995999359901,1.1542915899173831,2.5264886346071127,10,0.039644573399627514,0.07559227459597312,-0.014430882271968815,0.09372002907122384,10,0.009375,0.015095184110613998,-0.001423444200693182,0.020173444200693183,10,0.09592838861409592,0.0930950226732908,0.02933222123161626,0.16252455599657556,10,0.42156666719925884,0.0962285691448073,0.3527288957081445,0.4904044386903732,10,2.0079520638145034,0.9368906792497262,1.337740846257105,2.678163281371902,10
"{""dynamic.change_interval"": 60}",ucb,59,5.136813540748916,0.5206943762201663,4.7643312228105295,5.509295858687302,10,0.08104047768018321,0.0840388977662278,0.02092267179146408,0.14115828356890237,10,0.00625,0.01092509216843908,-0.001565340131252025,0.014065340131252026,10,0.13480355432246924,0.08441603621569412,0.07441595983941063,0.19519114880552785,10,0.32777596224113187,0.03342465182066723,0.30386540673096185,0.3516865177513019,10,5.431198144261183,0.4952854565485997,5.076892272483554,5.785504016038812,10
"{""dynamic.change_interval"": 60}",sliding_window_ucb,59,5.123918018511382,0.607683618567815,4.689207345312911,5.5586286917098535,10,0.08883949412150675,0.08635646023915099,0.027063803912722603,0.15061518433029092,10,0.00625,0.008068715304598786,0.0004779887844014461,0.012022011215598555,10,0.14329087879643335,0.09721609382603964,0.07374667470476547,0.2128350828881012,10,0.4676698515765997,0.04164342744969252,0.4378799381614377,0.49745976499176164,10,5.404226988459988,0.6036426157661349,4.972407074522818,5.836046902397158,10
"{""dynamic.change_interval"": 60}",discounted_ucb,59,5.2597835991727715,0.6723931813352362,4.77878249336514,5.740784704980403,10,0.09113375538089005,0.08652327596635806,0.029238732389620853,0.15302877837215925,10,0.009375,0.01976423537605237,-0.004763482267838121,0.023513482267838122,10,0.138097176011661,0.0887847983775009,0.07458435734553336,0.20160999467778862,10,0.4656320764591436,0.025018668266254204,0.4477347993362473,0.4835293535820399,10,5.576431062569553,0.7293374707316488,5.054694466085599,6.098167659053506,10
"{""dynamic.change_interval"": 60}",uncertainty_aware,59,1.8854376622864026,0.9794581421217832,1.184775516193076,2.5860998083797293,10,0.04504755002415513,0.06613700437391491,-0.0022640127961059547,0.09235911284441621,10,0.0140625,0.022642776165920996,-0.002135166301039772,0.030260166301039775,10,0.105273939805358,0.11030290474569975,0.026367995144947642,0.18417988446576836,10,0.41946701284571564,0.09282788323794883,0.35306194550316966,0.4858720801882616,10,2.060090564073607,0.9487477632062604,1.3813972996230186,2.7387838285241957,10
"{""dynamic.change_interval"": 60}",ucb,60,5.221730830720124,0.5026820932930605,4.862133723766258,5.58132793767399,10,0.0849172899712076,0.032421523537296285,0.061724329206139184,0.108110250736276,10,0.1,0.034704856768661835,0.07517364103920157,0.12482635896079844,10,0.3038443599367666,0.03311101105846668,0.2801581695118362,0.32753055036169704,10,0.326728330798786,0.02837575221393896,0.3064295404899308,0.34702712110764117,10,5.518027649361938,0.4899454506223697,5.167541787701656,5.868513511022219,10
"{""dynamic.change_interval"": 60}",sliding_window_ucb,60,5.1901838775037445,0.6068850632742252,4.756044456349357,5.624323298658132,10,0.06626585899236163,0.028409731598683922,0.04594276129596793,0.08658895668875534,10,0.0828125,0.04543505934909248,0.0503102165206366,0.11531478347936339,10,0.29122320136894675,0.047210572458512685,0.2574507923250868,0.3249956104128067,10,0.4691336763431493,0.03148145417572173,0.44661320068799126,0.4916541519983073,10,5.478435334992922,0.6038748112658523,5.046449318401489,5.910421351584354,10
"{""dynamic.change_interval"": 60}",discounted_ucb,60,5.335446306407827,0.6775417520460041,4.850762134986279,5.820130477829376,10,0.075662707235056,0.017901913111129982,0.06285645006060596,0.08846896440950604,10,0.0828125,0.03458741190809165,0.058070156031283286,0.1075548439687167,10,0.2982182816196121,0.024371289067314787,0.28078411167747036,0.31565245156175387,10,0.4692472268971814,0.020512077780477925,0.45457377040074654,0.48392068339361627,10,5.6576344893531525,0.7352612028902974,5.131660310160284,6.183608668546021,10
"{""dynamic.change_interval"": 60}",uncertainty_aware,60,1.8946617900039864,0.9903615481223191,1.1861998171293817,2.603123762878591,10,0.009224127717583899,0.01976082536359122,-0.00491191517429063,0.023360170609458428,10,0.084375,0.03980202744696417,0.05590234479347672,0.11284765520652329,10,0.24217020161455932,0.03706300066444137,0.21565692813260076,0.2686834750965179,10,0.42049270294104063,0.09446192667520407,0.3529187113409692,0.48806669454111207,10,2.085245910852154,0.9757450247946061,1.3872399688815684,2.78325185282274,10
"{""dynamic.change_interval"": 60}",ucb,61,5.2732435084134694,0.49535639644666574,4.918886889289849,5.6276001275370895,10,0.051512677693344645,0.02898384957150705,0.030778880740239888,0.0722464746464494,10,0.053125,0.04370036867375631,0.02186363947499191,0.08438636052500809,10,0.23286760469464102,0.09656973768905508,0.163785775929293,0.30194943345998904,10,0.30862358175628024,0.007539383601975989,0.30323023162971147,0.314016931882849,10,5.5878646600376785,0.48586615161375973,5.240296953094798,5.935432366980559,10
"{""dynamic.change_interval"": 60}",sliding_window_ucb,61,5.250424450447811,0.6002932750471464,4.821000510524477,5.679848390371146,10,0.06024057294406597,0.0657438939732589,0.013210224363730011,0.10727092152440193,10,0.053125,0.0384147685720537,0.025644730010037545,0.08060526998996245,10,0.23293733576994105,0.0765925501078496,0.17814632610303285,0.2877283454368492,10,0.4645729731926698,0.041817114056062206,0.43465881186416366,0.494487134521176,10,5.548342076743962,0.5899633395904693,5.126307727487975,5.970376425999949,10
"{""dynamic.change_interval"": 60}",discounted_ucb,61,5.40405599771627,0.6716876102415013,4.923559627063208,5.884552368369333,10,0.06860969130844345,0.026447844624174755,0.049690043008033445,0.08752933960885345,10,0.0625,0.04885849749816073,0.027548736398476686,0.09745126360152331,10,0.24089177587891147,0.1021243811627364,0.16783639454436244,0.3139471572134605,10,0.48198657390298977,0.037075350888299316,0.45546446560310394,0.5085086822028756,10,5.735495671213163,0.7299993599683985,5.213285587692701,6.257705754733625,10
"{""dynamic.change_interval"": 60}",uncertainty_aware,61,1.9541519817573,1.0318757208545308,1.215992558722315,2.692311404792285,10,0.059490191753313146,0.05164753729318761,0.02254376927334105,0.09643661423328524,10,0.0703125,0.04117549036677577,0.040857328608670584,0.09976767139132942,10,0.2466957396761167,0.08752061277119827,0.1840872649139087,0.3093042144383247,10,1.0,0.0,1.0,1.0,10,2.1689110565093697,1.0308650770497698,1.4314746044996145,2.906347508519125,10
"{""dynamic.change_interval"": 60}",ucb,62,5.326768353127928,0.5026255804561561,4.967211673022219,5.686325033233637,10,0.05352484471445991,0.03895858419985289,0.02565555245956692,0.0813941369693529,10,0.096875,0.04818763960925158,0.062403639222244615,0.13134636077775538,10,0.2996456397179937,0.04555280661914744,0.26705912491583517,0.3322321545201522,10,0.32023142039597485,0.02359530550060461,0.3033523556572127,0.337110485134737,10,5.6565328706665134,0.4886156006140311,5.306998326393626,6.006067414939401,10
"{""dynamic.change_interval"": 60}",sliding_window_ucb,62,5.299003206606684,0.5986641235035182,4.8707446914909855,5.727261721722382,10,0.04857875615887348,0.035133031452234974,0.023446099481211628,0.07371141283653533,10,0.103125,0.05809101455666119,0.06156919156102322,0.14468080843897677,10,0.29644050865156807,0.04969349611742533,0.2608919230212631,0.33198909428187307,10,0.468064967058104,0.04266276438071593,0.4375458639298055,0.49858407018640255,10,5.613805156306375,0.5823040493095017,5.197249933247848,6.030360379364902,10
"{""dynamic.change_interval"": 60}",discounted_ucb,62,5.484742513780833,0.6795820831280599,4.998598777429233,5.970886250132432,10,0.08068651606456181,0.04054042206387183,0.05168564516948903,0.10968738695963459,10,0.109375,0.07328774624724109,0.05694810459771504,0.16180189540228496,10,0.31640169030381826,0.051337824500444405,0.279676823009008,0.35312655759862854,10,0.47582062309580797,0.037924640541702054,0.448690969577176,0.5029502766144399,10,5.820919932427823,0.7198558720628707,5.30596606303139,6.335873801824256,10
"{""dynamic.change_interval"": 60}",uncertainty_aware,62,2.0387718528026495,1.0329248104841584,1.2998619562561093,2.7776817493491897,10,0.08461987104534882,0.027043457223959656,0.06527414715838901,0.10396559493230863,10,0.1015625,0.04730703678277331,0.06772108453559869,0.1354039154644013,10,0.3091573578892544,0.03422983951785311,0.2846708057992856,0.3336439099792232,10,1.0,0.0,1.0,1.0,10,2.2470909853094674,1.0230924114887772,1.5152147632867061,2.9789672073322286,10
"{""dynamic.change_interval"": 60}",ucb,63,5.415579342135218,0.4836428350214847,5.06960210007082,5.761556584199616,10,0.0888109890072895,0.06646107419151241,0.04126760060498766,0.13635437740959133,10,0.090625,0.04818763960925157,0.05615363922224461,0.12509636077775538,10,0.3029751832595903,0.03326761733693881,0.2791769634518337,0.32677340306734687,10,0.32021268963456595,0.030787703535277895,0.29818849329108327,0.34223688597804863,10,5.741861535385956,0.4909509382914253,5.39065639117773,6.093066679594182,10
"{""dynamic.change_interval"": 60}",sliding_window_ucb,63,5.372667844385286,0.5927999050466524,4.948604338440931,5.796731350329641,10,0.07366463777860226,0.06358375347067446,0.02817956062469519,0.11914971493250932,10,0.0828125,0.03969966458366563,0.05441307077465407,0.11121192922534592,10,0.2971593184997156,0.027613967809748792,0.2774054759252721,0.3169131610741591,10,0.4671381629365383,0.039708920191108416,0.4387321126484891,0.4955442132245875,10,5.6933179562659415,0.5901696936646664,5.271135990197899,6.115499922333984,10
"{""dynamic.change_interval"": 60}",discounted_ucb,63,5.569301956090005,0.6441034817292137,5.108538082263877,6.030065829916133,10,0.08455944230917196,0.060873863153438255,0.04101290390817076,0.12810598071017318,10,0.0859375,0.06389502159575676,0.040229755043201275,0.13164524495679872,10,0.30038445125791124,0.046443857796604905,0.2671605168423695,0.33360838567345297,10,0.462670466194328,0.019919271539675435,0.4484210777361642,0.4769198546524918,10,5.903657865145587,0.7078672666518779,5.397280127423077,6.410035602868097,10
"{""dynamic.change_interval"": 60}",uncertainty_aware,63,2.109509050004274,1.023380504863267,1.3774267383965022,2.8415913616120463,10,0.07073719720162491,0.046957119966265386,0.037146097148434004,0.10432829725481582,10,0.0828125,0.05158616881005993,0.04590997788824332,0.11971502211175668,10,0.2978133659304958,0.03635460067627235,0.271806851272276,0.3238198805887156,10,1.0,0.0,1.0,1.0,10,2.3272578326998152,1.010773452875145,1.6041940627959002,3.0503216026037303,10
"{""dynamic.change_interval"": 60}",ucb,64,5.483150129680103,0.4862739069143158,5.135290732167016,5.83100952719319,10,0.06757078754488614,0.05338921098221504,0.029378446763490093,0.1057631283262822,10,0.1046875,0.054650284956561136,0.06559304124209331,0.1437819587579067,10,0.3127630460500367,0.03903664716897854,0.2848379109110777,0.3406881811889957,10,0.3056694154893208,0.009723605516669726,0.2987135671318648,0.3126252638467768,10,5.810926519861118,0.4818622804221786,5.466223009825822,6.155630029896414,10
"{""dynamic.change_interval"": 60}",sliding_window_ucb,64,5.439605835602585,0.614783166385052,4.999816451843659,5.87939521936151,10,0.06693799121729807,0.053399909814415454,0.028737996952401444,0.10513798548219469,10,0.1203125,0.04360715768528016,0.08911781859931232,0.15150718140068767,10,0.31765422439655555,0.03443641466533036,0.2930198973482333,0.3422885514448778,10,0.4715117664110212,0.04452835281561022,0.4396581017120891,0.5033654311099534,10,5.767274119087622,0.5950933028093791,5.341570015215522,6.192978222959722,10
"{""dynamic.change_interval"": 60}",discounted_ucb,64,5.639951209676924,0.6756520555082587,5.156618845723874,6.1232835736299736,10,0.07064925358691898,0.04226601334325126,0.04041396905322887,0.1008845381206091,10,0.0984375,0.04602823144851188,0.06551088676287734,0.13136411323712266,10,0.30973980492195863,0.032780169187700735,0.28629028451407074,0.3331893253298465,10,0.4742287434522849,0.025670808269373756,0.4558649534744858,0.49259253343008397,10,5.969699608492669,0.7183587857772631,5.455816690109505,6.483582526875833,10
"{""dynamic.change_interval"": 60}",uncertainty_aware,64,2.117582372220279,1.0245431536158591,1.3846683517981015,2.850496392642457,10,0.00807332221600508,0.02205545359369574,-0.007704198826950521,0.02385084325896068,10,0.1,0.06301868109272572,0.05491915127404183,0.14508084872595817,10,0.24651188916721872,0.049078202033198404,0.21140345840927927,0.2816203199251582,10,0.600195605577998,0.031063662593252772,0.5779740000166229,0.6224172111393731,10,2.330071660292158,1.015930501714344,1.6033187598866028,3.0568245606977134,10
"{""dynamic.change_interval"": 60}",ucb,65,5.579340314583995,0.46389597762017515,5.24748912333319,5.9111915058347995,10,0.09619018490388968,0.06724379177445197,0.048086874073193536,0.14429349573458583,10,0.1,0.04370036867375632,0.0687386394749919,0.13126136052500811,10,0.31140749688534936,0.03120318138259651,0.28908608559450216,0.33372890817619655,10,0.31590291797928327,0.022996331266294565,0.29945233359554385,0.3323535023630227,10,5.919395242241491,0.47148801218816755,5.58211303663197,6.256677447851011,10
"{""dynamic.change_interval"": 60}",sliding_window_ucb,65,5.4850861915642435,0.6085393328744667,5.049763377226957,5.92040900590153,10,0.04548035596165867,0.03986601225800844,0.016961928778676517,0.07399878314464083,10,0.0828125,0.041043517301761555,0.053451736452132956,0.11217326354786704,10,0.2758686488673844,0.06615004984759348,0.22854775387743545,0.32318954385733334,10,0.4490623331385867,0.01339261192096575,0.4394818357117021,0.4586428305654713,10,5.84020399345003,0.5965341730404307,5.413469153107514,6.266938833792545,10
"{""dynamic.change_interval"": 60}",discounted_ucb,65,5.711722633960754,0.6869132269897893,5.220334513218872,6.203110754702636,10,0.07177142428383058,0.04355016692739127,0.04061751161537623,0.10292533695228494,10,0.09375,0.0459987545121242,0.06084447329288964,0.12665552670711036,10,0.2849473873515319,0.07004015449037257,0.23484367914035364,0.3350510955627102,10,0.48286121978854435,0.03872230354424167,0.4551609525323943,0.5105614870446944,10,6.051708221339223,0.727392314143213,5.531363106054036,6.5720533366244105,10
"{""dynamic.change_interval"": 60}",uncertainty_aware,65,2.1229466424042376,1.0194415431966741,1.3936820942270862,2.852211190581389,10,0.00536427018395824,0.015956648657309093,-0.006050428629477392,0.016778968997393874,10,0.0828125,0.05105760805480196,0.04628808747475152,0.11933691252524847,10,0.22737419377680873,0.05512255303593681,0.1879418947868428,0.26680649276677465,10,0.5911712769123361,0.02932653088497498,0.5701923405150888,0.6121502133095833,10,2.35450707956399,1.007576334539421,1.633730390340797,3.075283768787183,10
"{""dynamic.change_interval"": 60}",ucb,66,5.639360238802664,0.46198589969573334,5.308875434986084,5.9698450426192435,10,0.06001992421866864,0.042566871798782616,0.029569418511089185,0.0904704299262481,10,0.115625,0.047278357157959236,0.0818041007032706,0.1494458992967294,10,0.3207139080169061,0.03202587778397008,0.2978039751738045,0.34362384086000763,10,0.3163205907193015,0.028257552236452703,0.2961063555806288,0.33653482585797423,10,6.000923174730145,0.47659931276325784,5.659984564955652,6.341861784504639,10
"{""dynamic.change_interval"": 60}",sliding_window_ucb,66,5.575168565658581,0.5938432151155297,5.150358720651368,5.999978410665794,10,0.09008237409433781,0.03024020245976435,0.06844983642625979,0.11171491176241582,10,0.1375,0.05402626033287475,0.09885194156615415,0.17614805843384587,10,0.3352750977544313,0.03883391676127775,0.30749498721267493,0.3630552082961877,10,0.47717383453881973,0.0411271873545271,0.44775321704088245,0.506594452036757,10,5.936293115676209,0.5945671043957512,5.510965431473219,6.3616207998792,10
"{""dynamic.change_interval"": 60}",discounted_ucb,66,5.770385760165638,0.6911324289274551,5.275979404179887,6.264792116151389,10,0.05866312620488401,0.035429766847161766,0.033318197813210104,0.08400805459655791,10,0.109375,0.04995657836784083,0.07363821666501735,0.14511178333498265,10,0.31711215523669395,0.037214002413080705,0.29049086161102994,0.34373344886235796,10,0.4660674261629782,0.016202262612946546,0.4544770257101702,0.4776578266157862,10,6.129634401047666,0.7363158972645468,5.602905738950472,6.656363063144861,10
"{""dynamic.change_interval"": 60}",uncertainty_aware,66,2.144333639191669,1.0078337497265475,1.4233728062366588,2.865294472146679,10,0.02138699678743189,0.04507400243932393,-0.010857002138073772,0.05363099571293755,10,0.1296875,0.05707820080332284,0.08885621487395379,0.17051878512604624,10,0.2737944495757447,0.0630831647575119,0.22866747201485832,0.31892142713663113,10,0.583030806701342,0.027677991716490994,0.5632311641830621,0.6028304492196219,10,2.3891155536114836,1.009734309021662,1.6667951424394731,3.111435964783494,10
"{""dynamic.change_interval"": 60}",ucb,67,5.7057020256720845,0.46231428380392875,5.37498231001589,6.036421741328279,10,0.06634178686942263,0.02629205713173934,0.04753358222759291,0.08514999151125235,10,0.146875,0.08783418326596998,0.0840422104188429,0.2097077895811571,10,0.34297091640933586,0.06269524600450459,0.2981214392073756,0.3878203936112961,10,0.3090955078055645,0.028940873602969125,0.2883924540083449,0.3297985616027841,10,6.073945645360338,0.48105153644358084,5.72982210662912,6.418069184091555,10
"{""dynamic.change_interval"": 60}",sliding_window_ucb,67,5.644239380983552,0.605370173940991,5.211183646375502,6.077295115591602,10,0.06907081532497171,0.039919037201989395,0.04051445638212313,0.09762717426782029,10,0.1484375,0.08341467384399462,0.0887662370049335,0.2081087629950665,10,0.32890871370163277,0.0524491750967825,0.29138883408275773,0.3664285933205078,10,0.44795563615634515,0.026733671188226425,0.42883151984942586,0.46707975246326444,10,5.9952533835986985,0.6011283960841383,5.565232034074216,6.425274733123181,10
"{""dynamic.change_interval"": 60}",discounted_ucb,67,5.849938290078934,0.7026731869729491,5.347276173124999,6.352600407032869,10,0.07955252991329513,0.030089449662486292,0.058027834299847036,0.10107722552674323,10,0.140625,0.08746278970701388,0.07805788936608173,0.2031921106339183,10,0.3377591558437041,0.06302482350179907,0.2926739131029959,0.38284439858441227,10,0.46779866911150847,0.02246254011602306,0.45172993591347127,0.48386740230954567,10,6.197445111112227,0.7558692553784582,5.656728819252983,6.738161402971471,10
"{""dynamic.change_interval"": 60}",uncertainty_aware,67,2.1748177554635433,1.0173496445624157,1.447049661421036,2.9025858495060506,10,0.030484116271874213,0.049849487987136384,-0.005176059219706593,0.06614429176345502,10,0.15,0.0856450199628936,0.08873324350603481,0.21126675649396517,10,0.2941529975959788,0.06295440106723126,0.2491181320301752,0.3391878631617824,10,0.5808369759874383,0.03398219552283901,0.5565275777395294,0.6051463742353472,10,2.4133201054283195,1.0238944671326722,1.680870127361711,3.145770083494928,10
"{""dynamic.change_interval"": 60}",ucb,68,5.774103528063221,0.46909992856200666,5.438529654567753,6.109677401558689,10,0.06840150239113577,0.0391006641185432,0.0404305722852054,0.09637243249706613,10,0.1015625,0.06129480362468656,0.057714838925881334,0.14541016107411867,10,0.29768850768617316,0.07829312959601982,0.2416809767382203,0.353696038634126,10,0.3114945182452483,0.021074341674090474,0.2964188423895298,0.3265701941009668,10,6.147648136570022,0.4747880168635572,5.808005249826168,6.487291023313876,10
"{""dynamic.change_interval"": 60}",sliding_window_ucb,68,5.744879722216396,0.6048474311578077,5.312197935268351,6.177561509164441,10,0.10064034123284353,0.05946087499864669,0.058104593666452195,0.14317608879923488,10,0.1203125,0.06989653191404499,0.07031153319065352,0.1703134668093465,10,0.3238295471831904,0.050502550591621904,0.28770219884744813,0.3599568955189327,10,0.4766421458987583,0.03931027952874194,0.4485212659615407,0.5047630258359759,10,6.095096914305399,0.5961449369705304,5.6686405166735465,6.521553311937252,10
"{""dynamic.change_interval"": 60}",discounted_ucb,68,5.932165487976301,0.6733534479707527,5.450477448799362,6.413853527153239,10,0.08222719789736616,0.05125491965324374,0.04556163715754075,0.11889275863719156,10,0.0984375,0.03379401707814236,0.07426271650206295,0.12261228349793704,10,0.3091737650293711,0.02494799028494155,0.29132704788850816,0.32702048217023405,10,0.4818441664914738,0.03174923735628439,0.4591321302887928,0.5045562026941548,10,6.282632859665109,0.7187739421620912,5.768452956294993,6.796812763035225,10
"{""dynamic.change_interval"": 60}",uncertainty_aware,68,2.2047509895606927,1.000079358466809,1.489337313945072,2.9201646651763133,10,0.02993323409714955,0.07635248808163068,-0.024686045541437385,0.08455251373573648,10,0.0953125,0.05231718334936535,0.057887041589173294,0.1327379584108267,10,0.2571241678036555,0.042655520576864565,0.2266102465804677,0.2876380890268433,10,0.5697689449509077,0.031887109823283875,0.546958280726813,0.5925796091750024,10,2.4464582567554864,1.0036443236935362,1.7284943586453183,3.1644221548656546,10
"{""dynamic.change_interval"": 60}",ucb,69,5.8325849298930095,0.46168579490654277,5.502314808109897,6.162855051676122,10,0.05848140182978863,0.0423259608909031,0.028203233403888705,0.08875957025568855,10,0.109375,0.03125,0.08702009668786437,0.13172990331213563,10,0.30961710131137987,0.040940291590221875,0.2803301809891383,0.33890402163362143,10,0.30901893296647037,0.025881396536881127,0.29050449721718974,0.327533368715751,10,6.213634861493992,0.47447634891833024,5.874214928567131,6.553054794420852,10
"{""dynamic.change_interval"": 60}",sliding_window_ucb,69,5.812646860357673,0.6238567512883244,5.36636662497612,6.258927095739226,10,0.06776713814127738,0.03828523550796931,0.04037953052326152,0.09515474575929325,10,0.115625,0.0384147685720537,0.08814473001003756,0.14310526998996245,10,0.31532718101643137,0.031355737342897545,0.29289663776583313,0.3377577242670296,10,0.4890296594344779,0.03204997483361689,0.4661024886004976,0.5119568302684583,10,6.166793718934421,0.609138626683436,5.731042195632171,6.60254524223667,10
"{""dynamic.change_interval"": 60}",discounted_ucb,69,5.998793326499712,0.6722016944091428,5.517929202187068,6.479657450812356,10,0.06662783852341145,0.029007981843049015,0.04587677838320196,0.08737889866362093,10,0.1140625,0.03612196017583271,0.08822240633038228,0.13990259366961771,10,0.32045727157754306,0.025727542113223475,0.3020528966527428,0.3388616465023433,10,0.46156132628810387,0.012083512286025532,0.45291730232570054,0.4702053502505072,10,6.3594597548552425,0.7278101810463536,5.83881571559511,6.880103794115375,10
"{""dynamic.change_interval"": 60}",uncertainty_aware,69,2.2130160924612667,1.0169621015545223,1.4855252299858237,2.9405069549367098,10,0.00826510290057416,0.0204680655986327,-0.006376869177630107,0.022907074978778426,10,0.1203125,0.03830869905923603,0.09290810756854649,0.14771689243145353,10,0.2677679548586399,0.03157567753901105,0.24518007586984744,0.29035583384743235,10,0.5459539676225431,0.0789566597336316,0.48947177580831824,0.602436159436768,10,2.4705958352267148,1.0146047902474729,1.7447912916743338,3.1964003787790958,10
"{""dynamic.change_interval"": 60}",ucb,70,5.90632815803062,0.4708304655196003,5.569516332971469,6.243139983089771,10,0.07374322813761,0.05838984513971091,0.031973649177328096,0.11551280709789191,10,0.1046875,0.06295407965996591,0.0596528643551033,0.1497221356448967,10,0.3127024996046441,0.04515729391608327,0.28039891754602864,0.3450060816632595,10,0.29331118644758736,0.012853144008564504,0.28411660111739806,0.30250577177777666,10,6.308454223033785,0.47588174875004446,5.968028927631632,6.648879518435937,10
"{""dynamic.change_interval"": 60}",sliding_window_ucb,70,5.858165473078712,0.619564396789317,5.414955803130974,6.3013751430264495,10,0.04551861272103887,0.03843392920862852,0.018024636037379478,0.07301258940469826,10,0.0875,0.0384147685720537,0.06001973001003754,0.11498026998996244,10,0.2866544690554137,0.03659933719804558,0.2604728804361959,0.3128360576746315,10,0.46016138202099055,0.03209753607036346,0.4372001879278462,0.4831225761141349,10,6.235565049924983,0.5919158652707378,5.812133947939497,6.658996151910468,10
"{""dynamic.change_interval"": 60}",discounted_ucb,70,6.066093394639231,0.6596252962688639,5.594225883588694,6.537960905689768,10,0.06730006813951986,0.04301391950230236,0.03652976376992133,0.09807037250911839,10,0.0953125,0.04130704178937157,0.06576322239002408,0.12486177760997591,10,0.3062641563488587,0.02980342361633792,0.28494407144281536,0.327584241254902,10,0.46741189227801366,0.019786975650886624,0.4532571425975288,0.4815666419584985,10,6.447840773139251,0.7149634847233979,5.936386706812879,6.959294839465622,10
"{""dynamic.change_interval"": 60}",uncertainty_aware,70,2.2271636678658715,1.017213979149074,1.4994926230137022,2.954834712718041,10,0.01414757540460474,0.03160759318765453,-0.008463134663853936,0.036758285473063416,10,0.0859375,0.037737960276535,0.05894138949826704,0.11293361050173295,10,0.24247430078727067,0.04871689655584925,0.20762433239772432,0.277324269176817,10,0.5414557183575285,0.0798410991043995,0.4843408367314968,0.5985705999835601,10,2.495186997949135,1.0107989634821677,1.7721049788563104,3.2182690170419592,10
"{""dynamic.change_interval"": 60}",ucb,71,5.980394834464141,0.46349380126969053,5.6488313428430805,6.311958326085201,10,0.07406667643352091,0.034037570669767876,0.04971766519183629,0.09841568767520553,10,0.0875,0.04784868365773272,0.05327111370298947,0.12172888629701052,10,0.2944751771805378,0.046665356172836514,0.2610927923718936,0.327857561989182,10,0.3062763590825172,0.017508657764141296,0.2937514198363524,0.31880129832868204,10,6.402196078856616,0.48613410577348015,6.054436689055091,6.7499554686581416,10
"{""dynamic.change_interval"": 60}",sliding_window_ucb,71,5.935475856714968,0.6733715005941595,5.4537749034692045,6.417176809960731,10,0.07731038363625485,0.06994168855260312,0.027277113713664584,0.1273436535588451,10,0.0921875,0.049657026818970953,0.056665002934200924,0.12770999706579908,10,0.2983007360469922,0.037285518691589165,0.27162828275760653,0.32497318933637787,10,0.45361770428414355,0.026828204231106136,0.4344259631121562,0.4728094454561309,10,6.33313246461427,0.6233568327440723,5.887209849415779,6.7790550798127605,10
"{""dynamic.change_interval"": 60}",discounted_ucb,71,6.1522336693834365,0.6675423568643838,5.6747026343607665,6.6297647044061065,10,0.08614027474420602,0.045831107213187366,0.05335467569016041,0.11892587379825162,10,0.0984375,0.0471922137086429,0.06467822401464468,0.1321967759853553,10,0.30904415866811946,0.034165607761402844,0.2846035552087111,0.3334847621275278,10,0.47855898277056497,0.02733324574161684,0.45900595666622296,0.498112008874907,10,6.556151610449663,0.721389654082123,6.040100539493476,7.07220268140585,10
"{""dynamic.change_interval"": 60}",uncertainty_aware,71,2.27078648000545,0.9963501886943295,1.5580404917401756,2.983532468270724,10,0.04362281213957789,0.059876846593083295,0.0007894964204113453,0.08645612785874443,10,0.096875,0.05402626033287475,0.058226941566154135,0.13552305843384588,10,0.26537990902777686,0.047775165149958575,0.23120361470302053,0.2995562033525332,10,0.7324462591217186,0.23161235854328271,0.5667607589255338,0.8981317593179033,10,2.5598335856192063,0.977258583649085,1.8607449088694494,3.258922262368963,10
"{""dynamic.change_interval"": 60}",ucb,72,6.044065242465,0.4755170632421418,5.70390082735944,6.38422965757056,10,0.06367040800085835,0.04863391108947382,0.02887980383778034,0.09846101216393637,10,0.1125,0.08129005422969447,0.05434859831862139,0.1706514016813786,10,0.3104985591488638,0.063448945949005,0.26510991748656215,0.3558872008111655,10,0.30588542725929885,0.028875890634612784,0.28522885947726456,0.32654199504133313,10,6.461406447075459,0.4933735669603863,6.108468258718245,6.814344635432672,10
"{""dynamic.change_interval"": 60}",sliding_window_ucb,72,6.013832501174757,0.6515900221658557,5.547713078945316,6.479951923404197,10,0.07835664445978925,0.04958340723320061,0.042886811673086986,0.11382647724649152,10,0.125,0.08715208609729953,0.06265515333900637,0.18734484666099363,10,0.3214247745282274,0.07172106618313533,0.2701186145292747,0.37273093452718004,10,0.47148551827658747,0.02572900677823997,0.45308009559355267,0.48989094095962227,10,6.4032690482124766,0.6067508085685374,5.969225667088964,6.837312429335989,10
"{""dynamic.change_interval"": 60}",discounted_ucb,72,6.236342008035054,0.6624380780346144,5.7624623541233495,6.7102216619467585,10,0.08410833865161614,0.052705216420550816,0.04640529810356506,0.12181137919966722,10,0.115625,0.09027110018038872,0.05104894507479364,0.18020105492520638,10,0.32262685378988254,0.06432435637694865,0.2766119812323772,0.3686417263473879,10,0.46109718352091633,0.010660203405495687,0.45347133339555457,0.4687230336462781,10,6.627490273309526,0.7169954544302469,6.114582623420601,7.140397923198451,10
"{""dynamic.change_interval"": 60}",uncertainty_aware,72,2.3259331013681614,0.9827869950536089,1.6228896373410338,3.028976565395289,10,0.055146621362711465,0.05264011606768917,0.01749015080166224,0.09280309192376068,10,0.1140625,0.05611964061271241,0.07391692752611245,0.15420807247388754,10,0.2896267752591168,0.03759874770557082,0.2627302514314235,0.3165232990868101,10,0.8262978607323717,0.22488203659315864,0.6654269428227331,0.9871687786420102,10,2.5981721699483025,0.973880659754577,1.901499914384385,3.29484442551222,10
"{""dynamic.change_interval"": 60}",ucb,73,6.122075582780553,0.4380171299834843,5.808737003905676,6.435414161655431,10,0.07801034031555364,0.06974752652947294,0.028115965537090212,0.12790471509401707,10,0.0875,0.07939932916733126,0.030701141549308142,0.14429885845069185,10,0.2722573164355958,0.10217319116379614,0.19916701852970742,0.3453476143414842,10,0.2869608536416432,0.008709446625568915,0.2807304908507056,0.2931912164325808,10,6.560606270552681,0.4695088543150796,6.224739869195715,6.896472671909646,10
"{""dynamic.change_interval"": 60}",sliding_window_ucb,73,6.115835781024835,0.6395694574991985,5.658315352743567,6.573356209306103,10,0.1020032798500777,0.03486240801697328,0.0770642155157526,0.1269423441844028,10,0.1140625,0.09142071644782342,0.0486640591386477,0.17946094086135228,10,0.2914872868719133,0.11371505007582812,0.21014044048535974,0.3728341332584668,10,0.46582345014878895,0.02969407237323416,0.4445815904096783,0.4870653098878996,10,6.521698842126016,0.5770210187659485,6.108922871451367,6.934474812800665,10
"{""dynamic.change_interval"": 60}",discounted_ucb,73,6.308757679776267,0.6457287134563311,5.8468311852103145,6.77068417434222,10,0.07241567174121365,0.05058272087398061,0.03623097304033106,0.10860037044209624,10,0.0859375,0.08691832952228457,0.023759872719263518,0.14811512728073647,10,0.27055704329348523,0.10519065261007869,0.19530818350344503,0.34580590308352543,10,0.46615965966283757,0.017223098706109316,0.4538389970609034,0.4784803222647717,10,6.724989823644637,0.6896348748582539,6.2316547533043805,7.218324893984893,10
"{""dynamic.change_interval"": 60}",uncertainty_aware,73,2.3817113206663523,0.9608074904008796,1.6943910470827572,3.0690315942499473,10,0.0557782192981916,0.04513467445825377,0.023490818224944227,0.08806562037143897,10,0.0875,0.06387379048648288,0.04180744286384213,0.13319255713615785,10,0.24361513471979457,0.0946085444917622,0.17593625905210736,0.3112940103874818,10,0.8257405549338273,0.226578738469313,0.6636558896196783,0.9878252202479763,10,2.6687298117097233,0.9443392949899376,1.9931901754425114,3.3442694479769353,10
"{""dynamic.change_interval"": 60}",ucb,74,6.1843602159763496,0.43133091064832624,5.87580467027783,6.492915761674869,10,0.06228463319579641,0.03267394262015021,0.0389111026966052,0.08565816369498763,10,0.0953125,0.05867182298599558,0.05334120624004263,0.13728379375995736,10,0.30633986959423815,0.04224481777960762,0.2761197474533768,0.3365599917350995,10,0.3145604288962423,0.02248037490971602,0.29847893745536996,0.33064192033711465,10,6.644904227964261,0.4666089296762181,6.311112307724551,6.978696148203971,10
"{""dynamic.change_interval"": 60}",sliding_window_ucb,74,6.165051856910333,0.6286405356572389,5.715349508343718,6.614754205476948,10,0.049216075885497805,0.04029696987555722,0.02038936019461385,0.07804279157638176,10,0.0921875,0.0548484734037532,0.05295126576770736,0.13142373423229264,10,0.29761004852609246,0.049641488302580146,0.2620986670453024,0.33312143000688255,10,0.4629399195752895,0.0319203585292443,0.4401054706597708,0.48577436849080824,10,6.597266978469451,0.5658377678397503,6.192491023576259,7.002042933362643,10
"{""dynamic.change_interval"": 60}",discounted_ucb,74,6.384717861531264,0.6538868091015626,5.9169554169057825,6.852480306156746,10,0.07596018175499772,0.03094387406420761,0.053824267745133325,0.09809609576486211,10,0.1125,0.06940971353732367,0.06284728207840315,0.16215271792159686,10,0.32000871312794216,0.05024468273750802,0.2840658323424727,0.35595159391341163,10,0.47577665406911684,0.023640068202619522,0.4588655680223376,0.4926877401158961,10,6.822956624589921,0.6920413254371218,6.327900083209151,7.31801316597069,10
"{""dynamic.change_interval"": 60}",uncertainty_aware,74,2.4115476736950816,0.9889302823121525,1.7041095667020847,3.1189857806880785,10,0.029836353028729046,0.05145139086433078,-0.006969754748775366,0.06664246080623346,10,0.1046875,0.07218757515628604,0.05304761958539846,0.15632738041460154,10,0.2636967271341427,0.07147247778488981,0.21256839656262358,0.3148250577056618,10,0.6999499936228288,0.20896379786849392,0.5504662977160502,0.8494336895296075,10,2.710384626661207,0.957884703687096,2.025155188738048,3.3956140645843655,10
"{""dynamic.change_interval"": 60}",ucb,75,6.247259460819459,0.4286937966486689,5.940590392832473,6.553928528806445,10,0.06289924484311007,0.024637164331946498,0.04527487919428254,0.08052361049193761,10,0.084375,0.03310468454598063,0.060693335289467285,0.10805666471053273,10,0.2989768031170457,0.023142016780587884,0.2824220015945541,0.31553160463953733,10,0.2946870557692088,0.027134027466648752,0.2752765418336643,0.3140975697047533,10,6.713661309725166,0.46177980980019423,6.383323933738614,7.043998685711717,10
"{""dynamic.change_interval"": 60}",sliding_window_ucb,75,6.209622460284018,0.6306941962677085,5.758451011417147,6.66079390915089,10,0.044570603373686346,0.04152154852151863,0.014867876891488042,0.07427332985588465,10,0.09375,0.042312700024145625,0.06348131782671443,0.12401868217328557,10,0.2770890887680208,0.025507406167746757,0.25884218961207356,0.29533598792396804,10,0.4671001752393421,0.03650177676439876,0.4409883771500847,0.4932119733285995,10,6.644136345881331,0.5612001685238825,6.242677929685952,7.0455947620767105,10
"{""dynamic.change_interval"": 60}",discounted_ucb,75,6.448829122902678,0.6643683321105158,5.973568648407466,6.924089597397891,10,0.06411126137141458,0.029649044190637335,0.042901612853688695,0.08532090988914047,10,0.08125,0.03193689524324144,0.058403721431921074,0.10409627856807893,10,0.2963947376837135,0.021217266612383174,0.28121681948634936,0.31157265588107763,10,0.454697362996299,0.010695168254438484,0.4470465005247792,0.4623482254678188,10,6.889131640917493,0.6958451992050432,6.391353972167334,7.386909309667653,10
"{""dynamic.change_interval"": 60}",uncertainty_aware,75,2.4234950524285432,1.005372594514416,1.7042948238512405,3.142695281005846,10,0.011947378733461179,0.025262272725563282,-0.0061241625217314,0.030018919988653758,10,0.0921875,0.045673252642486985,0.05951482330324674,0.12486017669675327,10,0.24832040286654394,0.03419497841164961,0.2238587889096482,0.27278201682343967,10,0.6407840202056931,0.13259131239492555,0.5459339092099258,0.7356341312014605,10,2.7284853081716105,0.9779928106702858,2.0288713970516747,3.4280992192915463,10
"{""dynamic.change_interval"": 60}",ucb,76,6.306058576853674,0.43977214381878127,5.991464536711612,6.620652616995737,10,0.05879911603421469,0.0399912950742861,0.030191066923406645,0.08740716514502274,10,0.08125,0.04087795181322621,0.05200767486775005,0.11049232513224996,10,0.29575229501175787,0.03116464203282021,0.2734584531109254,0.3180461369125903,10,0.2893290773723117,0.013711943921636442,0.27952014359344424,0.2991380111511792,10,6.784544117124395,0.46172719160306464,6.454244381928541,7.114843852320249,10
"{""dynamic.change_interval"": 60}",sliding_window_ucb,76,6.295211103664676,0.6152102499605048,5.855116202720616,6.735306004608736,10,0.08558864338065694,0.029361721397569207,0.0645845332072002,0.10659275355411368,10,0.0984375,0.050523517969907394,0.06229515250540075,0.13457984749459925,10,0.31047887793968393,0.03617557227263615,0.28460043248637334,0.3363573233929945,10,0.46838863989265767,0.026509187142492313,0.4494251097981385,0.48735216998717684,10,6.729745736208484,0.5320068041422606,6.349170994832532,7.110320477584436,10
"{""dynamic.change_interval"": 60}",discounted_ucb,76,6.517533915695689,0.6703223704938097,6.038014178724468,6.997053652666911,10,0.06870479279301003,0.031803533846164765,0.04595391522132215,0.09145567036469791,10,0.0859375,0.051163757042678386,0.049337153063210445,0.12253784693678955,10,0.3021835637211903,0.037946973992785404,0.27503793381409136,0.3293291936282893,10,0.47065208526663166,0.014004586938544844,0.4606338072846295,0.4806703632486338,10,6.966445717026154,0.6939733094182736,6.470007117562209,7.4628843164901,10
"{""dynamic.change_interval"": 60}",uncertainty_aware,76,2.432699267956624,1.0245517166953337,1.6997791218764078,3.16561941403684,10,0.00920421552808122,0.025762446530559174,-0.009225128512709634,0.027633559568872073,10,0.0921875,0.047421581833708495,0.058264143942365426,0.12611085605763458,10,0.24131290235766528,0.03293297668003035,0.21775407005485262,0.2648717346604779,10,0.6177010158919799,0.137606329826001,0.5192633775432408,0.716138654240719,10,2.7449287229167467,0.9921652442308478,2.0351764635746017,3.4546809822588918,10
"{""dynamic.change_interval"": 60}",ucb,77,6.368648523356289,0.4436061917198402,6.051311770570314,6.685985276142264,10,0.06258994650261474,0.0366625046357618,0.036363170620592994,0.08881672238463648,10,0.10625,0.04153625424453518,0.07653675367728426,0.13596324632271573,10,0.314965631197991,0.03084349287729363,0.2929015255634168,0.33702973683256515,10,0.29104241265041486,0.01477750814205227,0.2804712201476989,0.30161360515313085,10,6.866937891663713,0.4589001983263806,6.5386604656315175,7.195215317695908,10
"{""dynamic.change_interval"": 60}",sliding_window_ucb,77,6.3636687066418265,0.6179578687732149,5.9216082776050705,6.8057291356785825,10,0.06845760297715064,0.03928957672359913,0.04035153293456527,0.09656367301973602,10,0.1140625,0.04602823144851188,0.08113588676287734,0.14698911323712266,10,0.3194145899950305,0.033199906315731276,0.2956648077339062,0.34316437225615476,10,0.4640032968554122,0.03664635316084961,0.43778807504251077,0.4902185186683136,10,6.816588469544844,0.5209936832713091,6.443892040240411,7.1892848988492775,10
"{""dynamic.change_interval"": 60}",discounted_ucb,77,6.604895699617397,0.6580308499180145,6.134168786775168,7.075622612459625,10,0.08736178392170783,0.03798540158389822,0.060188664571925815,0.11453490327148985,10,0.1171875,0.06129480362468656,0.07333983892588133,0.16103516107411867,10,0.322539887218491,0.044386525265272904,0.29078767983715204,0.3542920945998299,10,0.46995879079222647,0.023980882833501166,0.4528039006455842,0.48711368093886875,10,7.056413747585973,0.6817405263777173,6.568725953949547,7.544101541222399,10
"{""dynamic.change_interval"": 60}",uncertainty_aware,77,2.442408464979117,1.025688778813261,1.7086749136603037,3.17614201629793,10,0.009709197022492759,0.023752883607366097,-0.007282592303173812,0.02670098634815933,10,0.1140625,0.0471922137086429,0.08030322401464468,0.1478217759853553,10,0.25681370368567924,0.04193586507260307,0.22681459299739742,0.28681281437396106,10,0.6294121404359133,0.14016926331291052,0.5291410899177247,0.729683190954102,10,2.769170569943754,0.9870515247996311,2.0630764451120163,3.4752646947754915,10
"{""dynamic.change_interval"": 60}",ucb,78,6.443347162945564,0.47137157806922747,6.10614824928712,6.780546076604008,10,0.07469863958927483,0.04840160510895289,0.040074217113664864,0.1093230620648848,10,0.0765625,0.05283314438714899,0.03876794529757387,0.11435705470242613,10,0.2784186580988323,0.07277374380454187,0.2263594578936271,0.33047785830403753,10,0.2830969912381872,0.01243047305206781,0.27420476649568853,0.2919892159806859,10,6.941476869162168,0.5005377168361413,6.583413756715798,7.299539981608538,10
"{""dynamic.change_interval"": 60}",sliding_window_ucb,78,6.457888767552151,0.6437058085012441,5.997409372015978,6.918368163088324,10,0.09422006091032585,0.0714514540699032,0.043106769798511906,0.1453333520221398,10,0.0875,0.04431676538788051,0.05579769582871463,0.11920230417128536,10,0.29391821569857224,0.030837468252969232,0.2718584198206145,0.31597801157653,10,0.46091815803424474,0.015992211208253494,0.44947801930439646,0.472358296764093,10,6.906627004643037,0.555858434912709,6.508989834476361,7.304264174809714,10
"{""dynamic.change_interval"": 60}",discounted_ucb,78,6.695143113942011,0.673170477163558,6.213585964195594,7.176700263688429,10,0.09024741432461288,0.05217457627973522,0.052923970865888854,0.1275708577833369,10,0.084375,0.04370036867375632,0.053113639474991904,0.11563636052500811,10,0.2997599492422881,0.030840506223736505,0.2776979801309618,0.3218219183536144,10,0.4589405306963119,0.0127339153038558,0.44983123644342804,0.4680498249491958,10,7.1522940162278825,0.7049340303046665,6.648014589383246,7.656573443072519,10
"{""dynamic.change_interval"": 60}",uncertainty_aware,78,2.4625066488432323,1.0230984986501992,1.73062607232751,3.1943872253589545,10,0.02009818386411543,0.034449469871394994,-0.004545482316024228,0.044741850044255085,10,0.0640625,0.05631265800323129,0.023778851202828924,0.10434614879717106,10,0.21994420007159127,0.0822342002793482,0.16111739699333125,0.27877100314985126,10,0.6137585776591876,0.1382954643043979,0.5148279622021726,0.7126891931162026,10,2.7852350894149667,0.9794042425829566,2.084611500728969,3.485858678100964,10
"{""dynamic.change_interval"": 60}",ucb,79,6.532834556501446,0.4937935450538837,6.179595933914686,6.886073179088206,10,0.08948739355588206,0.06382203388122733,0.04383186086472427,0.13514292624703986,10,0.0875,0.05667279378639768,0.04695872558324733,0.12804127441675267,10,0.30094707928840697,0.04185340384201552,0.2710069578109022,0.3308872007659117,10,0.3064117865631423,0.03044164452289593,0.28463514592404654,0.328188427202238,10,7.027856008144923,0.5148000925044566,6.659590206768423,7.396121809521422,10
"{""dynamic.change_interval"": 60}",sliding_window_ucb,79,6.534164626192274,0.6531866917919185,6.066903015319247,7.0014262370653,10,0.07627585864012046,0.06330593843615495,0.030989518389744314,0.1215621988904966,10,0.0875,0.05667279378639769,0.04695872558324732,0.12804127441675267,10,0.293253829446685,0.05112898671423818,0.2566783557044686,0.32982930318890136,10,0.46166319448473647,0.023589492920627647,0.4447882878152024,0.47853810115427053,10,6.985312893784071,0.5571124142778197,6.586778680818596,7.383847106749546,10
"{""dynamic.change_interval"": 60}",discounted_ucb,79,6.760471983360586,0.6510432183382703,6.294743721025429,7.226200245695742,10,0.06532886941857519,0.037243317786149796,0.038686604838334554,0.09197113399881582,10,0.0828125,0.06911597665639013,0.03336990878472242,0.13225509121527756,10,0.28204402130277983,0.07968275585900271,0.2250424116108594,0.3390456309947003,10,0.46927943682579887,0.01189889885639054,0.4607674773552231,0.4777913962963746,10,7.219770097225011,0.6826954334367219,6.731399204229349,7.708140990220673,10
"{""dynamic.change_interval"": 60}",uncertainty_aware,79,2.4672102407377414,1.0159339926688635,1.7404548430537623,3.1939656384217203,10,0.0047035918945087804,0.014874063570554182,-0.00593667220079674,0.0153438559898143,10,0.075,0.06284626303749315,0.030042491720569525,0.11995750827943047,10,0.22204661206308085,0.08746621156582186,0.15947705357883296,0.28461617054732874,10,0.614923234094997,0.13855812560365047,0.5158047220636258,0.7140417461263683,10,2.792713761172396,0.962821988673591,2.103952402337315,3.4814751200074765,10
"{""dynamic.change_interval"": 60}",ucb,80,6.613538802154925,0.4841940490999401,6.267167245292825,6.959910359017025,10,0.08070424565347828,0.040082532935840284,0.05203092890831984,0.10937756239863672,10,0.1203125,0.07293526548514709,0.06813775414510702,0.172487245854893,10,0.3248151830025469,0.052506474117693415,0.2872543141333569,0.36237605187173694,10,0.28575953531721204,0.014751740897292545,0.27520677559098317,0.2963122950434409,10,7.103180739956609,0.5021021458772691,6.743998502391739,7.462362977521479,10
"{""dynamic.change_interval"": 60}",sliding_window_ucb,80,6.620605154870907,0.6396962689743206,6.162994011125152,7.0782162986166615,10,0.0864405286786341,0.044210612402066404,0.054814161778842144,0.11806689557842605,10,0.1109375,0.06440246851937347,0.06486674938196953,0.15700825061803048,10,0.3183463507739336,0.04582591862675405,0.28556446341102537,0.3511282381368418,10,0.4665684865992807,0.03426849734207708,0.44205428036778277,0.4910826928307786,10,7.054168793367142,0.5501475429504615,6.6606169492050125,7.447720637529272,10
"{""dynamic.change_interval"": 60}",discounted_ucb,80,6.816619108851268,0.6338574609804126,6.363184796726695,7.270053420975841,10,0.056147125490683,0.04082478682509064,0.026942832299852608,0.08535141868151339,10,0.090625,0.060649694283373495,0.04723882234830722,0.13401117765169276,10,0.2982160136242979,0.057186848433639054,0.2573070066655857,0.3391250205830101,10,0.46396691469977525,0.018071976012111458,0.4510390018546557,0.4768948275448948,10,7.268495659658447,0.6720165866513642,6.787763953458682,7.749227365858212,10
"{""dynamic.change_interval"": 60}",uncertainty_aware,80,2.4672102407377414,1.0159339926688635,1.7404548430537623,3.1939656384217203,10,0.0,0.0,0.0,0.0,10,0.1015625,0.06997410855491877,0.05150603820486108,0.15161896179513892,10,0.24000217079240618,0.04958020817003643,0.2045346264776311,0.27546971510718127,10,0.5864419472445864,0.17828733831527663,0.4589028685304737,0.7139810259586992,10,2.7832254807739405,0.9577414970102801,2.0980984867360255,3.4683524748118555,10
"{""dynamic.change_interval"": 60}",ucb,81,6.676481213596231,0.47970897958141595,6.333318082188046,7.019644345004417,10,0.06294241144130755,0.02964991193047171,0.04173214217989854,0.08415268070271656,10,0.05625,0.030547663122114953,0.03439751822378974,0.07810248177621026,10,0.2787491142325812,0.021942142592066886,0.26305265099716524,0.29444557746799715,10,0.27871361497325375,0.011855934798370412,0.270232390138292,0.28719483980821553,10,7.170078833732892,0.49812414073161126,6.813742289621026,7.526415377844757,10
"{""dynamic.change_interval"": 60}",sliding_window_ucb,81,6.67638122042227,0.6312815763101313,6.224789585185612,7.1279728556589275,10,0.055776065551363586,0.037318405586455064,0.02908008639461911,0.08247204470810807,10,0.05625,0.042440726640548675,0.025889733102520185,0.08661026689747982,10,0.26448320009320525,0.05091748461069775,0.2280590258413876,0.3009073743450229,10,0.4714855182765875,0.02572900677823997,0.4530800955935527,0.4898909409596223,10,7.106800973004049,0.535484428874583,6.723738488759394,7.4898634572487035,10
"{""dynamic.change_interval"": 60}",discounted_ucb,81,6.894335150449338,0.6288255076440329,6.444500480894556,7.3441698200041206,10,0.07771604159806869,0.025018635903155943,0.05981878762633826,0.09561329556979913,10,0.0640625,0.039972049696562276,0.03546821820305504,0.09265678179694495,10,0.28455332531390826,0.02820343548253999,0.2643778029688767,0.3047288476589398,10,0.4555947280756346,0.008240130743389598,0.449700093642104,0.4614893625091652,10,7.341197964516056,0.6587856488888588,6.869931101017401,7.81246482801471,10
"{""dynamic.change_interval"": 60}",uncertainty_aware,81,2.489862444988378,1.0061510367101978,1.7701053524104102,3.209619537566346,10,0.02265220425063681,0.03983071770943066,-0.00584097473327649,0.051145383234550104,10,0.0671875,0.03536301082659991,0.04189032598865132,0.09248467401134867,10,0.23634281593534717,0.04260155851814651,0.20586749684352468,0.26681813502716967,10,0.6267209677191421,0.21705165171873844,0.4714515697059666,0.7819903657323176,10,2.8077172762529896,0.9531820928949181,2.125851883436191,3.4895826690697884,10
"{""dynamic.change_interval"": 60}",ucb,82,6.747924545823336,0.5135295258991226,6.380567653042481,7.115281438604192,10,0.07144333222710476,0.04277965816294657,0.04084060832442047,0.10204605612978906,10,0.103125,0.03391420957520772,0.07886423596923926,0.12738576403076074,10,0.3131224718162343,0.024221035797243853,0.29579578658848515,0.3304491570439835,10,0.30388550572357176,0.027130483840559137,0.2844775267454227,0.3232934847017208,10,7.23495454590819,0.5174620643027924,6.864784484622205,7.605124607194175,10
"{""dynamic.change_interval"": 60}",sliding_window_ucb,82,6.725276844785928,0.6347167797214838,6.271227813065485,7.179325876506372,10,0.04889562436365658,0.030230691794392858,0.02726989021573261,0.07052135851158056,10,0.0875,0.05218739604114729,0.05016738583641672,0.12483261416358327,10,0.28600144313204645,0.059383362287837534,0.24352114481863432,0.3284817414454586,10,0.4671119148021045,0.015992211208253494,0.45567177607225623,0.4785520535319528,10,7.144555656495159,0.5280169573516428,6.766835079574711,7.5222762334156075,10
"{""dynamic.change_interval"": 60}",discounted_ucb,82,6.973164879432853,0.6234792348742269,6.527154703025249,7.419175055840458,10,0.07882972898351541,0.029794969988025066,0.057515691438866354,0.10014376652816447,10,0.1078125,0.06482230652800863,0.061441415363095976,0.15418358463690404,10,0.3153619350652539,0.04555546561599224,0.2827735181313395,0.3479503519991683,10,0.47567246649266137,0.01990080843287684,0.4614362857454519,0.4899086472398708,10,7.408313139940373,0.6594160619019411,6.936595306139185,7.880030973741561,10
"{""dynamic.change_interval"": 60}",uncertainty_aware,82,2.5274901568237818,1.01284683878209,1.802943175992555,3.252037137655009,10,0.037627711835403546,0.04570269931717556,0.00493397025655342,0.07032145341425367,10,0.10625,0.0579039254570304,0.06482802704047926,0.14767197295952073,10,0.2786524379787935,0.04383203976678867,0.2472968856280657,0.31000799032952137,10,0.7360417023180994,0.2902988704448458,0.5283744005447646,0.9437090040914342,10,2.8381229545908453,0.9669489529903627,2.1464093433309945,3.529836565850696,10
"{""dynamic.change_interval"": 60}",ucb,83,6.820263930524346,0.4958531703293723,6.465551940773017,7.174975920275675,10,0.07233938470100967,0.04754430172371807,0.03832824012255461,0.10635052927946473,10,0.109375,0.06588078458684124,0.06224672577387293,0.1565032742261271,10,0.31744073098112136,0.047029308496111005,0.2837979903645722,0.3510834715976705,10,0.2728568155700478,0.006280787524836695,0.2683638108391105,0.27734982030098515,10,7.319466896495096,0.49767329779576286,6.963452865990906,7.6754809269992865,10
"{""dynamic.change_interval"": 60}",sliding_window_ucb,83,6.805324793009868,0.6342338104317689,6.351621256706203,7.259028329313534,10,0.08004794822393979,0.03552611585333761,0.05463409590531288,0.10546180054256671,10,0.1015625,0.05063078670631141,0.0653434170740175,0.1377815829259825,10,0.31145363472234655,0.036170794803189396,0.28557860686479786,0.33732866257989524,10,0.45835296829037625,0.019803203123137155,0.4441866101755502,0.4725193264052023,10,7.22308091082329,0.5262388818723356,6.8466322924763325,7.599529529170248,10
"{""dynamic.change_interval"": 60}",discounted_ucb,83,7.047959078903642,0.6219746264292153,6.603025234537985,7.4928929232693,10,0.0747941994707885,0.024085076074277584,0.05756477396979949,0.0920236249717775,10,0.1171875,0.059498227389561786,0.07462503214281238,0.15974996785718762,10,0.32369801294041334,0.04328243324698999,0.29273562540919973,0.35466040047162695,10,0.4561754610932893,0.013597430257891717,0.44644844545461165,0.465902476731967,10,7.499082772486572,0.6695130132313747,7.020142014822445,7.978023530150699,10
"{""dynamic.change_interval"": 60}",uncertainty_aware,83,2.5813365561490693,1.0000614045552847,1.8659357239880472,3.2967373883100914,10,0.053846399325287085,0.04981612031721933,0.018210093626818177,0.08948270502375599,10,0.1109375,0.05334411512112236,0.07277741885426808,0.1490975811457319,10,0.2968927648982572,0.04036927052667788,0.2680143284372867,0.32577120135922777,10,0.871264778366814,0.2073996876709257,0.7228999794915926,1.0196295772420356,10,2.9020873390948885,0.9516918229999092,2.2212880211392703,3.5828866570505067,10
"{""dynamic.change_interval"": 60}",ucb,84,6.924999172293326,0.49468019752919173,6.571126276735143,7.278872067851509,10,0.10473524176897857,0.04187571960206333,0.07477915655841126,0.13469132697954586,10,0.1203125,0.05848659182762415,0.07847371262838786,0.16215128737161216,10,0.32420612436070406,0.040478781375061404,0.2952493485580617,0.35316290016334645,10,0.28282738635536503,0.01551968184268732,0.2717252747704568,0.29392949794027323,10,7.414434042247478,0.4899982205142123,7.063910431280639,7.764957653214318,10
"{""dynamic.change_interval"": 60}",sliding_window_ucb,84,6.873441997109005,0.636920910250814,6.417816225392706,7.329067768825304,10,0.06811720409913638,0.04791376392083858,0.03384176218646954,0.10239264601180323,10,0.0921875,0.05231718334936535,0.054762041589173305,0.1296129584108267,10,0.30318343305402795,0.03742235402443297,0.2764130936643093,0.32995377244374663,10,0.45835296829037625,0.01980320312313716,0.4441866101755502,0.4725193264052023,10,7.297025365268996,0.5345870236917226,6.91460484601937,7.679445884518622,10
"{""dynamic.change_interval"": 60}",discounted_ucb,84,7.121888095393631,0.6212420857887985,6.6774782790340135,7.5662979117532485,10,0.07392901648998797,0.039470206686254165,0.045693731556188895,0.10216430142378705,10,0.09375,0.0429490169335173,0.06302612413119825,0.12447387586880175,10,0.3048432281229506,0.028760169458092986,0.2842694422837089,0.32541701396219236,10,0.46297046339342235,0.016686285697313962,0.45103381368455436,0.47490711310229033,10,7.5746870220012,0.6655145271334199,7.098606608980743,8.050767435021656,10
"{""dynamic.change_interval"": 60}",uncertainty_aware,84,2.6349572245680424,1.0063086939462584,1.9150873507974797,3.354827098338605,10,0.05362066841897355,0.04891303131300692,0.01863039367639012,0.08861094316155697,10,0.084375,0.04727835715795924,0.05055410070327059,0.11819589929672941,10,0.2778990804544442,0.054684432650228015,0.23878019390804936,0.3170179670008391,10,0.8728904518128753,0.20470039282218966,0.7264566121489959,1.0193242914767546,10,2.9507474409410106,0.9417934372832315,2.2770290015659542,3.624465880316067,10
"{""dynamic.change_interval"": 60}",ucb,85,7.021309619844629,0.4874308306404553,6.672622608954347,7.369996630734912,10,0.09631044755130452,0.04811905068399282,0.061888152334907305,0.13073274276770175,10,0.0890625,0.05707820080332284,0.048231214873953786,0.1298937851260462,10,0.30340115647570964,0.04157698011888051,0.2736587766175286,0.3331435363338907,10,0.28374508474617655,0.015938180400149653,0.2723435973280415,0.2951465721643116,10,7.515521720337452,0.4717819150060926,7.178029269317439,7.853014171357464,10
"{""dynamic.change_interval"": 60}",sliding_window_ucb,85,6.943901198001794,0.6359992881866728,6.488934714993789,7.398867681009799,10,0.07045920089279004,0.06476100299189357,0.02413197016380742,0.11678643162177266,10,0.096875,0.06153773119892471,0.05285355900799508,0.14089644099200493,10,0.27980334774112714,0.08347773777737841,0.22008697152579576,0.3395197239564585,10,0.4616631944847366,0.023589492920627644,0.4447882878152025,0.47853810115427065,10,7.374515234624388,0.5386832327244113,6.9891644639548565,7.75986600529392,10
"{""dynamic.change_interval"": 60}",discounted_ucb,85,7.211324429326744,0.6119580633472403,6.773556002536046,7.649092856117442,10,0.08943633393311484,0.050136353696912286,0.0535709470749546,0.12530172079127508,10,0.084375,0.05667279378639768,0.04383372558324734,0.12491627441675267,10,0.2991106832446298,0.040427131784908844,0.27019085533299453,0.3280305111562651,10,0.4720257716390903,0.01816742071373487,0.45902958176752445,0.4850219615106562,10,7.6714842268600965,0.6433940952069545,7.211227817581682,8.131740636138511,10
"{""dynamic.change_interval"": 60}",uncertainty_aware,85,2.7004030660145224,0.9961995063618725,1.9877648693963816,3.413041262632663,10,0.06544584144648025,0.08446068014990792,0.005026310616771314,0.12586537227618919,10,0.0828125,0.046028231448511876,0.049885886762877335,0.11573911323712266,10,0.26332472800350126,0.05208553657427529,0.22606497971298517,0.30058447629401736,10,0.7580757219829367,0.21040145224218273,0.6075635900915154,0.908587853874358,10,3.0117586905587768,0.9321688764930528,2.3449252472120796,3.678592133905474,10
"{""dynamic.change_interval"": 60}",ucb,86,7.124685819177524,0.48175979609060643,6.780055622016574,7.469316016338475,10,0.10337619933289557,0.025271476987811462,0.08529807374513923,0.12145432492065192,10,0.1203125,0.04543505934909248,0.08781021652063661,0.1528147834793634,10,0.32279187410614985,0.0327839547192109,0.2993396456921533,0.34624410252014637,10,0.27643863511174127,0.024054270342828945,0.25923124670348807,0.29364602351999447,10,7.614767852301976,0.47285212722286474,7.276509817581823,7.95302588702213,10
"{""dynamic.change_interval"": 60}",sliding_window_ucb,86,6.996114513663684,0.6085580855448325,6.560778284474146,7.431450742853223,10,0.052213315661890504,0.052469885090905,0.014678621005696973,0.08974801031808403,10,0.1125,0.050924610673251325,0.07607072807012213,0.14892927192987787,10,0.2961981623050839,0.04516062338566087,0.26389219848741285,0.3285041261227549,10,0.45835296829037625,0.019803203123137155,0.4441866101755502,0.4725193264052023,10,7.447167654787845,0.529296712453991,7.068531596216958,7.825803713358732,10
"{""dynamic.change_interval"": 60}",discounted_ucb,86,7.285793791039853,0.6041665870280369,6.853599050641941,7.717988531437765,10,0.07446936171310858,0.030964346973076907,0.05231880226649886,0.0966199211597183,10,0.1109375,0.04260021884724694,0.08046313925100726,0.14141186074899273,10,0.31630809238222746,0.03102267142645587,0.2941158101351051,0.3385003746293498,10,0.4635969859652018,0.014529589947255218,0.45320314345525403,0.4739908284751496,10,7.764246577100695,0.6484734417595868,7.300356622187947,8.228136532013444,10
"{""dynamic.change_interval"": 60}",uncertainty_aware,86,2.7046448172398905,1.0069545063926948,1.984312957075796,3.424976677403985,10,0.00424175122536782,0.013413595139972506,-0.005353756692143146,0.013837259142878786,10,0.1046875,0.04602823144851188,0.07176088676287734,0.13761411323712266,10,0.24787208166461108,0.023579246882781946,0.23100450456900898,0.2647396587602132,10,0.6290745895589568,0.13363956220662193,0.5334746058211914,0.7246745732967221,10,3.03608503008176,0.9485018566970058,2.357567676550794,3.714602383612726,10
"{""dynamic.change_interval"": 60}",ucb,87,7.224413432535586,0.46323799355081635,6.893032934732828,7.555793930338345,10,0.09972761335805995,0.06709156555048855,0.05173319860794856,0.14772202810817134,10,0.06875,0.05372415399261511,0.030318055423001734,0.10718194457699828,10,0.27277373281215406,0.07054039550779961,0.22231217373450074,0.3232352918898074,10,0.2864119087844693,0.022681474686996578,0.2701865592291266,0.30263725833981203,10,7.702529708673795,0.4621242404249189,7.371945941861213,8.033113475486378,10
"{""dynamic.change_interval"": 60}",sliding_window_ucb,87,7.103453654785417,0.6028482734972586,6.672201979076005,7.534705330494829,10,0.10733914112173333,0.07272896430061722,0.05531197424390736,0.1593663079995593,10,0.0625,0.03608439182435161,0.03668678111006088,0.08831321888993912,10,0.28212296717674973,0.02596301383122393,0.2635501459323129,0.30069578842118655,10,0.4733056715699643,0.013057585773013036,0.4639648374117043,0.48264650572822426,10,7.544278745524261,0.5174328148349189,7.174129608047116,7.914427883001406,10
"{""dynamic.change_interval"": 60}",discounted_ucb,87,7.4030547295772795,0.6050099793991215,6.970256662622255,7.835852796532304,10,0.11726093853742552,0.0706778770668948,0.0667010310770274,0.16782084599782363,10,0.0703125,0.044347360327933336,0.03858830952705955,0.10203669047294045,10,0.28954663428442984,0.031485956151083454,0.26702293811010624,0.31207033045875343,10,0.45627857600953325,0.006367264678711932,0.45172370924936106,0.46083344276970545,10,7.86878133494479,0.6389166877471383,7.411727870013679,8.325834799875901,10
"{""dynamic.change_interval"": 60}",uncertainty_aware,87,2.7313663777383175,1.0253559304919417,1.9978709317648065,3.4648618237118285,10,0.02672156049842665,0.04172023550453695,-0.003123298089203797,0.0565664190860571,10,0.0671875,0.039010381898070844,0.03928115390397249,0.0950938460960275,10,0.2228647586345553,0.03019113602786639,0.2012673209773877,0.2444621962917229,10,0.6349265684621195,0.13042243980714852,0.5416279754502272,0.7282251614740117,10,3.0739379122759822,0.9573501541182209,2.3890908680785112,3.7587849564734532,10
"{""dynamic.change_interval"": 60}",ucb,88,7.282519493566204,0.47126451199860103,6.9453971703607795,7.619641816771628,10,0.05810606103061888,0.031872132317336495,0.03530611106883806,0.0809060109923997,10,0.0828125,0.04298058549120366,0.05206604134544521,0.11355895865455479,10,0.29014444482649515,0.045479456258755185,0.2576104017112,0.3226784879417903,10,0.28190115281679295,0.023023744908216674,0.2654309578949863,0.29837134773859963,10,7.77053357078819,0.46598031922836436,7.437191331373529,8.103875810202853,10
"{""dynamic.change_interval"": 60}",sliding_window_ucb,88,7.187707425471048,0.6108043503456189,6.750764315243588,7.624650535698509,10,0.08425377068563027,0.03610303952848544,0.058427212031758186,0.11008032933950235,10,0.0984375,0.07066846622119059,0.04788432465306757,0.14899067534693242,10,0.3019645849589589,0.06250824633534796,0.2572488792617474,0.3466802906561704,10,0.4614498466743061,0.020505527320006742,0.4467810760950067,0.4761186172536055,10,7.6241027477711185,0.5139696103962709,7.25643103750601,7.991774458036227,10
"{""dynamic.change_interval"": 60}",discounted_ucb,88,7.486029800138584,0.5907072327462182,7.0634633017763155,7.908596298500853,10,0.08297507056130482,0.041994782175956515,0.05293381311625828,0.11301632800635136,10,0.1015625,0.05669672150280532,0.061004108726070594,0.1421208912739294,10,0.2963456645750101,0.07862271174775042,0.24010236475872626,0.35258896439129395,10,0.47021914541427046,0.015764687649721585,0.45894176723329305,0.48149652359524786,10,7.942986416807701,0.6314133366313838,7.4913005259153,8.394672307700102,10
"{""dynamic.change_interval"": 60}",uncertainty_aware,88,2.7504158308615314,1.0270119922568552,2.0157357096677466,3.485095952055316,10,0.01904945312321429,0.0413297072138661,-0.010516038354700937,0.048614944601129514,10,0.08125,0.06579838207230732,0.03418067298171558,0.1283193270182844,10,0.2269225695492819,0.09733978881052952,0.15728987939622308,0.2965552597023407,10,0.6275325921445193,0.1321470017765393,0.5330003218180185,0.7220648624710201,10,3.078719899113163,0.9480893030885486,2.4004976686550976,3.7569421295712284,10
"{""dynamic.change_interval"": 60}",ucb,89,7.362719600250789,0.46375731468464304,7.030967602488522,7.694471598013056,10,0.0802001066845849,0.04047894945240032,0.05124321064665739,0.1091570027225124,10,0.08125,0.050924610673251325,0.04482072807012214,0.11767927192987787,10,0.2823620043767585,0.07107223961680077,0.231519986942822,0.33320402181069503,10,0.2757764660098453,0.017411639475181182,0.2633209294666952,0.28823200255299536,10,7.844361144575247,0.4609781041912879,7.514597274232597,8.174125014917898,10
"{""dynamic.change_interval"": 60}",sliding_window_ucb,89,7.251197340378314,0.6022033992390033,6.82040697992304,7.681987700833589,10,0.0634899149072667,0.030386690045473494,0.04175258633311009,0.08522724348142331,10,0.084375,0.048969413639763155,0.04934439177059582,0.11940560822940419,10,0.27890129659897367,0.07717750948717947,0.22369183220033922,0.3341107609976081,10,0.48098950123880746,0.023209169384002082,0.4643866616377084,0.4975923408399065,10,7.694469613780392,0.5092634457777832,7.330164490875836,8.058774736684947,10
"{""dynamic.change_interval"": 60}",discounted_ucb,89,7.53207072341502,0.5762991844438227,7.119811121907683,7.944330324922357,10,0.046040923276436815,0.03037580529722707,0.024311381182108228,0.0677704653707654,10,0.075,0.04468252206151503,0.04303604926631886,0.10696395073368113,10,0.26937707759202967,0.06627460981752419,0.22196707776738112,0.3167870774166782,10,0.45730890027256893,0.012526100937460144,0.4483482674618498,0.46626953308328806,10,8.003829063810029,0.6165569381981388,7.562770800134964,8.444887327485093,10
"{""dynamic.change_interval"": 60}",uncertainty_aware,89,2.774438332988469,1.0350813907170524,2.0339857118790103,3.514890954097928,10,0.024022502126937482,0.047134704588419396,-0.009695634312108632,0.0577406385659836,10,0.0796875,0.043855280072960176,0.0483153225357551,0.11105967746424489,10,0.23202508437777275,0.08918284496223348,0.1682275203383516,0.2958226484171939,10,0.6259853380623006,0.1355153737290105,0.5290434795976621,0.7229271965269392,10,3.1022105529012345,0.955214458330983,2.418891293434254,3.785529812368215,10
"{""dynamic.change_interval"": 60}",ucb,90,7.430091610991892,0.4765856120036994,7.089162802150366,7.771020419833418,10,0.06737201074110233,0.04511124185129868,0.03510137234506559,0.09964264913713906,10,0.0921875,0.055340839413081225,0.05259904834266064,0.13177595165733938,10,0.29608053303200343,0.04991387784843775,0.26037429580846505,0.3317867702555418,10,0.2689932089116654,0.010528319857316977,0.2614617025932795,0.2765247152300513,10,7.905961910453959,0.4694004446812931,7.570173060677198,8.241750760230719,10
"{""dynamic.change_interval"": 60}",sliding_window_ucb,90,7.336491289686428,0.6070268100667289,6.902250468985121,7.770732110387735,10,0.08529394930811295,0.037543450793129866,0.05843698250861407,0.11215091610761183,10,0.1109375,0.039972049696562276,0.08234321820305504,0.13953178179694495,10,0.3106083704864366,0.03781500861811573,0.2835571429214589,0.33765959805141427,10,0.46091815803424474,0.015992211208253494,0.44947801930439646,0.472358296764093,10,7.770598217113535,0.5205602961993546,7.39821181424399,8.142984619983078,10
"{""dynamic.change_interval"": 60}",discounted_ucb,90,7.593842589149939,0.5638254582179926,7.190506153841658,7.99717902445822,10,0.06177186573491881,0.03175328951090855,0.039056930795443257,0.08448680067439436,10,0.0890625,0.03458741190809165,0.0643201560312833,0.1138048439687167,10,0.30110589643727853,0.024880602000331754,0.2833073859711939,0.31890440690336314,10,0.45730253193492965,0.007154334144643477,0.45218462959681077,0.4624204342730485,10,8.070455193094016,0.6193183260310471,7.627421551562568,8.513488834625464,10
"{""dynamic.change_interval"": 60}",uncertainty_aware,90,2.7776554347189983,1.036298551567954,2.0363321091891486,3.518978760248848,10,0.0032171017305293198,0.010173368932941901,-0.004060487992817899,0.01049469145387654,10,0.0875,0.0369754986443726,0.061049321692385555,0.11395067830761443,10,0.23649731525643758,0.03379985575390097,0.21231835502147478,0.2606762754914004,10,0.5924895560883099,0.0358666851734328,0.5668320751545851,0.6181470370220347,10,3.1042281010043795,0.9677540275294745,2.41193857411314,3.796517627895619,10
"{""dynamic.change_interval"": 60}",ucb,91,7.51208126067132,0.48583062167437424,7.164538970315948,7.859623551026693,10,0.08198964967942858,0.03158536377871344,0.05939484157217195,0.10458445778668521,10,0.1,0.06301868109272572,0.05491915127404183,0.14508084872595817,10,0.29453205573336927,0.07869993938398501,0.23823351059417186,0.3508306008725667,10,0.2837053854530012,0.026972541286448402,0.26441039177168474,0.3030003791343177,10,7.973815367490774,0.46204043588505506,7.643291550834537,8.304339184147011,10
"{""dynamic.change_interval"": 60}",sliding_window_ucb,91,7.395397621425273,0.6008489431580263,6.965576180481383,7.825219062369163,10,0.05890633173884594,0.030927294298404216,0.03678227817894868,0.08103038529874321,10,0.0921875,0.06565392880898717,0.045221508621224205,0.1391534913787758,10,0.28198759049604294,0.07595406179385177,0.22765332785394596,0.33632185313813995,10,0.4771475864043859,0.019260929075510178,0.4633691477744681,0.49092602503430377,10,7.825907208913023,0.508470511942537,7.462169316703502,8.189645101122544,10
"{""dynamic.change_interval"": 60}",discounted_ucb,91,7.669000634790561,0.5796455654136704,7.254347176546376,8.083654093034745,10,0.07515804564062192,0.030128471331096647,0.05360543560705022,0.09671065567419362,10,0.090625,0.06153773119892471,0.04660355900799507,0.13464644099200493,10,0.28803444773755915,0.07790520821427621,0.2323044190290171,0.3437644764461012,10,0.4742764639579546,0.016394859181089547,0.46254828822005584,0.48600463969585334,10,8.131811042135018,0.611642650161057,7.6942682483452955,8.56935383592474,10
"{""dynamic.change_interval"": 60}",uncertainty_aware,91,2.788649058650562,1.0353337038063761,2.0480159436301846,3.5292821736709397,10,0.010993623931563359,0.024340338559025197,-0.006418405350729597,0.028405653213856314,10,0.0890625,0.06911597665639015,0.039619908784722414,0.1385050912152776,10,0.22223821906948565,0.08039901457793337,0.16472422875650378,0.27975220938246753,10,0.6191009591119843,0.1353366608752013,0.522286944121507,0.7159149741024615,10,3.0997877213773095,0.948861179779248,2.4210133235979807,3.7785621191566383,10
"{""dynamic.change_interval"": 60}",ucb,92,7.590914453554684,0.507859297690849,7.227613797681147,7.954215109428222,10,0.07883319288336396,0.0693385273902947,0.02923139846365498,0.12843498730307296,10,0.0640625,0.039287546178429396,0.03595788252192471,0.09216711747807528,10,0.2703962181052476,0.06628083331261128,0.2229817662604091,0.3178106699500861,10,0.27441038664285317,0.01678919114298855,0.26240012281275804,0.2864206504729483,10,8.067455554149692,0.48707421183555183,7.719023652984302,8.415887455315081,10
"{""dynamic.change_interval"": 60}",sliding_window_ucb,92,7.434987810016058,0.6110860262562545,6.997843200980674,7.872132419051442,10,0.03959018859078389,0.04847426454611824,0.004913788685012466,0.07426658849655532,10,0.0609375,0.033308910323582255,0.037109740969079125,0.08476525903092087,10,0.2536553411734118,0.06171443676117259,0.2095074926371263,0.2978031897096973,10,0.46401503641817465,0.016321982216266295,0.4523389937203497,0.4756910791159996,10,7.902806518640105,0.5332199229647826,7.521363964336677,8.284249072943533,10
"{""dynamic.change_interval"": 60}",discounted_ucb,92,7.727012696052235,0.5674506801686721,7.321082933185794,8.132942458918675,10,0.058012061261672555,0.032813156836419326,0.03453894291146148,0.08148517961188363,10,0.059375,0.02927806108865666,0.03843073680628096,0.08031926319371904,10,0.2588231479266482,0.06762324521132342,0.21044839245938501,0.30719790339391134,10,0.4544685291624916,0.010676141296342093,0.44683127775684595,0.4621057805681372,10,8.213878158615337,0.6142653276152706,7.774459214396563,8.653297102834111,10
"{""dynamic.change_interval"": 60}",uncertainty_aware,92,2.839448162524407,1.0378281089897086,2.0970306575297992,3.5818656675190144,10,0.05079910387384466,0.0731696408160147,-0.0015433039925777728,0.10314151174026709,10,0.090625,0.03277527650531724,0.06717897960624392,0.11407102039375608,10,0.2619390041422268,0.04735121596968439,0.22806598479136772,0.29581202349308594,10,0.7521613219331779,0.21679355797299957,0.597076553063409,0.9072460908029467,10,3.1849706940732068,0.939683036782103,2.512761944271034,3.8571794438753795,10
"{""dynamic.change_interval"": 60}",ucb,93,7.656586840847891,0.5042923416684374,7.295837831598343,8.017335850097439,10,0.06567238729320589,0.04629779495410132,0.032552939940757385,0.09879183464565439,10,0.1078125,0.08347968918811595,0.0480947278295211,0.16753027217047892,10,0.2941400258140134,0.09232111631722718,0.2280974776879321,0.3601825739400947,10,0.26692375304476484,0.01336001502506615,0.2573665740324758,0.2764809320570539,10,8.143211642663319,0.47616439531642707,7.802584154087951,8.483839131238687,10
"{""dynamic.change_interval"": 60}",sliding_window_ucb,93,7.4868443303227865,0.6005094081531627,7.057265778089451,7.916422882556122,10,0.051856520306727716,0.04631927615783347,0.01872170622684048,0.08499133438661495,10,0.0875,0.04552452788210866,0.05493371458767483,0.12006628541232517,10,0.2868906396544683,0.07263343664248444,0.23493180914660053,0.33884947016233613,10,0.4671119148021045,0.015992211208253494,0.45567177607225623,0.4785520535319528,10,7.971313220994188,0.5354920465459884,7.588245287395686,8.35438115459269,10
"{""dynamic.change_interval"": 60}",discounted_ucb,93,7.801266540100288,0.571832473760767,7.392202230927127,8.210330849273449,10,0.07425384404805306,0.04860619224239381,0.03948306875365977,0.10902461934244635,10,0.1078125,0.08852634671384559,0.04448456651633237,0.17114043348366764,10,0.30095797061330826,0.0925922434942461,0.23472146978874536,0.36719447143787115,10,0.4586371884507612,0.00848044760064251,0.4525706416937693,0.46470373520775304,10,8.296452191928262,0.616828744096909,7.855199490026424,8.7377048938301,10
"{""dynamic.change_interval"": 60}",uncertainty_aware,93,2.902309560757743,1.0322269256713845,2.1638989009316054,3.640720220583881,10,0.06286139823333653,0.05402484110980345,0.024214355050515855,0.1015084414161572,10,0.121875,0.08520043769449387,0.06092627850201453,0.18282372149798548,10,0.2899460422224164,0.08634538130905066,0.22817827740279045,0.3517138070420423,10,0.8692905198392245,0.21139215455297966,0.7180696822079959,1.020511357470453,10,3.256532798995239,0.9368988206731989,2.5863157574143347,3.926749840576143,10
"{""dynamic.change_interval"": 60}",ucb,94,7.726590269651972,0.51227426904633,7.360131333529551,8.093049205774392,10,0.07000342880408127,0.03814780412341343,0.04271413367610699,0.09729272393205554,10,0.10625,0.06327642728536433,0.0609847707551456,0.1515152292448544,10,0.30832838430054654,0.05739297188070378,0.2672719255104905,0.3493848430906026,10,0.2748379814569166,0.019131715936132228,0.26115197633859727,0.288523986575236,10,8.217467458957984,0.48520085741412644,7.870375674815325,8.564559243100643,10
"{""dynamic.change_interval"": 60}",sliding_window_ucb,94,7.557714863663103,0.6074867923903298,7.123144991429975,7.99228473589623,10,0.07087053334031633,0.04357888276941894,0.03969607859595622,0.10204498808467644,10,0.1265625,0.08412707918018364,0.06638161292782774,0.18674338707217225,10,0.30855264123688697,0.0993914607829335,0.23745227336954622,0.3796530091042277,10,0.4771475864043859,0.019260929075510178,0.4633691477744681,0.49092602503430377,10,8.045793294225195,0.5402553667131494,7.6593178866496805,8.43226870180071,10
"{""dynamic.change_interval"": 60}",discounted_ucb,94,7.876855578484763,0.5789941659527333,7.462668103343517,8.29104305362601,10,0.07558903838447581,0.03970301146758172,0.04718721494260697,0.10399086182634465,10,0.1140625,0.08002888475940005,0.05681328460881816,0.17131171539118184,10,0.30543408310199543,0.0884170093983377,0.2421843648220586,0.36868380138193224,10,0.4676822792272196,0.015402553281403188,0.45666395636751445,0.4787006020869248,10,8.367813707024377,0.6145488701515484,7.928191928694135,8.807435485354619,10
"{""dynamic.change_interval"": 60}",uncertainty_aware,94,2.936723899633069,1.0079409004462285,2.2156864156707536,3.6577613835953846,10,0.03441433887532638,0.04455969566709087,0.0025382528511342095,0.06629042489951854,10,0.103125,0.06387379048648288,0.05743244286384213,0.14881755713615785,10,0.26992433110617475,0.07403997925201397,0.21695932062901316,0.3228893415833364,10,0.8261157186292903,0.22557870949206799,0.664746430950202,0.9874850063083787,10,3.292384562095532,0.9007109815235492,2.6480547411631252,3.936714383027939,10
"{""dynamic.change_interval"": 60}",ucb,95,7.78624592197143,0.4961438097545893,7.431326021300119,8.14116582264274,10,0.0596556523194587,0.03549079503214789,0.03426706699419504,0.08504423764472235,10,0.0828125,0.05465028495656114,0.043718041242093296,0.12190695875790669,10,0.2994715274056873,0.04067209450496854,0.27037646372054763,0.3285665910908269,10,0.27041159279006066,0.01582159113162497,0.25909350831032885,0.2817296772697925,10,8.284257268548465,0.4694852816463842,7.9484077300628435,8.620106807034087,10
"{""dynamic.change_interval"": 60}",sliding_window_ucb,95,7.622204433839762,0.5711222835462256,7.213648164141139,8.030760703538386,10,0.06448957017666083,0.04945690025986884,0.029110235026987133,0.09986890532633454,10,0.0890625,0.04360715768528016,0.05786781859931232,0.12025718140068768,10,0.2811570395051318,0.04772782295672925,0.24701461174524672,0.3152994672650169,10,0.4671119148021045,0.015992211208253494,0.45567177607225623,0.4785520535319528,10,8.09426861591512,0.49813994288296176,7.737920767625155,8.450616464205083,10
"{""dynamic.change_interval"": 60}",discounted_ucb,95,7.946445435738987,0.5872042269186928,7.526384836787155,8.366506034690818,10,0.06958985725422454,0.038625075978506125,0.04195914240867584,0.09722057209977322,10,0.0921875,0.05631265800323129,0.051903851202828935,0.1324711487971711,10,0.30659655117397805,0.03996911872724137,0.27800436606617807,0.33518873628177803,10,0.4609898346001352,0.016960378325086272,0.4488571108371098,0.47312255836316064,10,8.441728540383146,0.6137129561602257,8.002704738899409,8.880752341866883,10
"{""dynamic.change_interval"": 60}",uncertainty_aware,95,2.9751237238032364,0.9814392656324732,2.2730443673249217,3.677203080281551,10,0.03839982417016755,0.05080342894976083,0.0020572404230681865,0.07474240791726691,10,0.109375,0.06750771560841522,0.06108288943202332,0.15766711056797666,10,0.2753727774055253,0.052812616694528636,0.23759290732977914,0.3131526474812715,10,0.6973718600425365,0.21028022907986516,0.5469464459774448,0.8477972741076282,10,3.33507562168585,0.8891236723148255,2.699034862417726,3.9711163809539745,10
"{""dynamic.change_interval"": 60}",ucb,96,7.888210250567589,0.4947283043566782,7.5343029414581375,8.24211755967704,10,0.10196432859615948,0.06817638139314498,0.053193883341278246,0.1507347738510407,10,0.1140625,0.067928328497763,0.06546950109688068,0.1626554989031193,10,0.3112502239329168,0.05902689574051644,0.2690249264258846,0.353475521439949,10,0.27018247009004365,0.023802899298440355,0.25315490169435934,0.28721003848572796,10,8.3725655137762,0.47015283560071525,8.036238435959227,8.708892591593173,10
"{""dynamic.change_interval"": 60}",sliding_window_ucb,96,7.7059870737463285,0.578351572271216,7.2922592824329,8.119714865059757,10,0.08378263990656473,0.07636972559030974,0.029151029297102206,0.13841425051602727,10,0.1,0.06387379048648288,0.05430744286384214,0.14569255713615786,10,0.2952828335974853,0.05731827589059369,0.25427980909980413,0.3362858580951665,10,0.46401503641817465,0.016321982216266295,0.4523389937203497,0.4756910791159996,10,8.166609470807423,0.5215339759327359,7.7935265394163835,8.539692402198462,10
"{""dynamic.change_interval"": 60}",discounted_ucb,96,8.04246786207791,0.5952977692416154,7.616617491731467,8.468318232424352,10,0.09602242633892319,0.05531444911123523,0.056452853166260475,0.1355919995115859,10,0.10625,0.059292706128157104,0.06383455319648565,0.14866544680351435,10,0.3144178194533914,0.041204971133114075,0.28494155879226807,0.3438940801145148,10,0.4585630062299596,0.007900630478704552,0.45291123565535635,0.46421477680456286,10,8.533204381131355,0.6347388491215007,8.079139561913198,8.987269200349512,10
"{""dynamic.change_interval"": 60}",uncertainty_aware,96,3.004058558428863,0.9885784503805082,2.296872136837915,3.711244980019811,10,0.028934834625626082,0.04491490707066521,-0.003195354329198794,0.06106502358045096,10,0.10625,0.06822717872422006,0.057443216523528434,0.15505678347647156,10,0.25849655052032844,0.055186661661564565,0.21901839098228626,0.2979747100583706,10,0.6266786519936429,0.1330153403442016,0.5315252096760288,0.721832094311257,10,3.3706301935009977,0.9282186912876271,2.7066225424209347,4.034637844581061,10
"{""dynamic.change_interval"": 60}",ucb,97,7.965944022668585,0.5162167896815579,7.596664777182752,8.335223268154417,10,0.07773377210099593,0.047251732746153165,0.04393191876111987,0.11153562544087198,10,0.109375,0.071032196338468,0.058561627801757235,0.16018837219824278,10,0.30296221079700536,0.08341335133732222,0.24329189386622016,0.36263252772779053,10,0.26441058916933474,0.009229100791929127,0.25780848818176577,0.2710126901569037,10,8.462108711254077,0.4766193935595297,8.121155736543292,8.803061685964861,10
"{""dynamic.change_interval"": 60}",sliding_window_ucb,97,7.779265791620192,0.5935707185075452,7.3546508789433584,8.203880704297026,10,0.07327871787386436,0.05302773726271612,0.03534495981404515,0.11121247593368358,10,0.1171875,0.07112760564451907,0.06630587609577804,0.16806912390422196,10,0.3015491026015687,0.09109769889986688,0.23638173457390252,0.36671647062923485,10,0.4671119148021045,0.015992211208253494,0.45567177607225623,0.4785520535319528,10,8.254739560089863,0.5126781527428759,7.887991702975902,8.621487417203824,10
"{""dynamic.change_interval"": 60}",discounted_ucb,97,8.105145513594184,0.6151440351045722,7.665097979904595,8.545193047283774,10,0.06267765151627337,0.042518247378568456,0.03226192962349379,0.09309337340905295,10,0.0890625,0.05364836159090871,0.05068477404098385,0.12744022595901616,10,0.2887084436243569,0.07457650246436254,0.23535962756201867,0.3420572596866951,10,0.45991358150345213,0.013032645154806009,0.45059058878866615,0.4692365742182381,10,8.608493811436585,0.6335076913586628,8.155309709426435,9.061677913446735,10
"{""dynamic.change_interval"": 60}",uncertainty_aware,97,3.020806631569481,0.9835103355662663,2.3172457209112425,3.7243675422277196,10,0.016748073140618058,0.031492174975949604,-0.005780071713020678,0.03927621799425679,10,0.1015625,0.061735779120467175,0.05739938405960304,0.14572561594039696,10,0.24634171690003032,0.07096634254137295,0.19557545367032506,0.2971079801297356,10,0.6651480254375413,0.17988406517708175,0.5364667171358591,0.7938293337392234,10,3.4035528970819007,0.9042593380367779,2.756684734812847,4.050421059350954,10
"{""dynamic.change_interval"": 60}",ucb,98,8.056826493242005,0.49820148136310166,7.700434622975289,8.41321836350872,10,0.0908824705734192,0.06407691126657203,0.04504460958447482,0.13672033156236357,10,0.1171875,0.08144008214120776,0.05892877481602935,0.17544622518397066,10,0.322436015515653,0.057028142714783535,0.28164053978894393,0.36323149124236204,10,0.2729445081844456,0.020757549625454598,0.25809545170848097,0.28779356466041023,10,8.562142321441646,0.48005340647342765,8.218732801877652,8.905551841005641,10
"{""dynamic.change_interval"": 60}",sliding_window_ucb,98,7.86121529569342,0.5836512231196298,7.443696362546251,8.278734228840587,10,0.0819495040732284,0.06550868197670139,0.035087416019001165,0.12881159212745563,10,0.1015625,0.07074519639169857,0.050954435195697034,0.15217056480430297,10,0.3137288817060042,0.051133304345335716,0.2771503193165647,0.35030744409544373,10,0.4771475864043859,0.019260929075510178,0.4633691477744681,0.49092602503430377,10,8.346066036467784,0.5118201495136292,7.9799319578892245,8.712200115046343,10
"{""dynamic.change_interval"": 60}",discounted_ucb,98,8.19465902358294,0.5969976810640746,7.76759260957473,8.62172543759115,10,0.08951350998875578,0.046523290380291446,0.056232752925913385,0.12279426705159817,10,0.1234375,0.08249907932987965,0.06442121386369068,0.18245378613630933,10,0.320403377864361,0.07119280853995012,0.269475110618602,0.37133164511012,10,0.467210004588965,0.018221545089161753,0.4541750964716552,0.4802449127062748,10,8.706494783972863,0.6319766643693701,8.254405912692759,9.158583655252967,10
"{""dynamic.change_interval"": 60}",uncertainty_aware,98,3.0414019655600706,1.0157998858415598,2.3147425021211436,3.7680614289989975,10,0.0205953339905898,0.042689723375220076,-0.009943054440605746,0.05113372242178535,10,0.103125,0.07732226483289849,0.0478119838651267,0.1584380161348733,10,0.25572981475955603,0.09085238000501263,0.19073793729749328,0.3207216922216188,10,0.7100921296768375,0.20047152594762147,0.5666834391361858,0.8535008202174893,10,3.4368803065133724,0.922423911461322,2.7770179912007387,4.096742621826007,10
"{""dynamic.change_interval"": 60}",ucb,99,8.11982383303272,0.529066285989862,7.74135261162427,8.49829505444117,10,0.06299733979071453,0.044218390222543334,0.03136540897333087,0.0946292706080982,10,0.0828125,0.05514442055236011,0.04336455793114384,0.12226044206885615,10,0.27607961250579455,0.0939995961738041,0.20883635222274866,0.34332287278884044,10,0.25975546507865144,0.0073683642539644975,0.2544844548237403,0.26502647533356255,10,8.624777610442909,0.5026540779061186,8.265200544489566,8.98435467639625,10
"{""dynamic.change_interval"": 60}",sliding_window_ucb,99,7.912065573877399,0.5516828853745674,7.517415411909129,8.30671573584567,10,0.05085027818397729,0.05439547209875888,0.011938101563634063,0.08976245480432052,10,0.0921875,0.07879917446162323,0.035817966362697795,0.14855703363730222,10,0.2669673757072173,0.08650156272656817,0.20508788543198317,0.3288468659824514,10,0.4671119148021045,0.015992211208253494,0.45567177607225623,0.4785520535319528,10,8.399589088670467,0.47953276459652205,8.056552013868664,8.74262616347227,10
"{""dynamic.change_interval"": 60}",discounted_ucb,99,8.26040151344139,0.61949530635843,7.817241267810525,8.703561759072256,10,0.06574248985845232,0.036004474173494554,0.03998644061196417,0.09149853910494048,10,0.084375,0.04841229182759271,0.049742932706408685,0.11900706729359133,10,0.28390140416957,0.07089664242743186,0.23318500139772066,0.3346178069414193,10,0.457946810559127,0.006845684735070398,0.4530497027076754,0.4628439184105786,10,8.7769518646379,0.6312060120541707,8.32541428481359,9.228489444462209,10
"{""dynamic.change_interval"": 60}",uncertainty_aware,99,3.061354270177479,1.0323494628954522,2.3228559525018637,3.7998525878530947,10,0.019952304617408528,0.029711725551147167,-0.0013021834444348138,0.04120679267925187,10,0.0703125,0.05374939437643306,0.031862499540127764,0.10876250045987224,10,0.23814911767598673,0.08643800352262862,0.17631509491622988,0.2999831404357436,10,0.6797506058502898,0.17191431925566336,0.5567705103324667,0.8027307013681129,10,3.4615851006848275,0.908626749464764,2.811592680489471,4.111577520880184,10
"{""dynamic.change_interval"": 60}",ucb,100,8.197525570492527,0.5342804630875333,7.815324351488211,8.579726789496842,10,0.0777017374598094,0.02869260630536843,0.05717628338845951,0.0982271915311593,10,0.0890625,0.05802092684014009,0.047556829293061556,0.13056817070693844,10,0.3039616026304806,0.04217961440123204,0.273788124176634,0.3341350810843272,10,0.265900086977903,0.022900417580772464,0.24951811511148064,0.2822820588443254,10,8.701155610810545,0.49122219963328245,8.349756417928093,9.052554803692997,10
"{""dynamic.change_interval"": 60}",sliding_window_ucb,100,7.950919024155472,0.5732702613729217,7.5408261836846116,8.361011864626333,10,0.03885345027807395,0.035124173972364656,0.01372712985980699,0.0639797706963409,10,0.08125,0.04345136169711294,0.05016676833537302,0.11233323166462698,10,0.2755727935851907,0.04559889718145317,0.24295330758098593,0.3081922795893955,10,0.4671119148021045,0.015992211208253494,0.45567177607225623,0.4785520535319528,10,8.447578279992813,0.47765512694397444,8.105884386252704,8.789272173732922,10
"{""dynamic.change_interval"": 60}",discounted_ucb,100,8.326969846922669,0.6281012451415602,7.877653283550779,8.77628641029456,10,0.06656833348127575,0.025878708264172448,0.04805582080644246,0.08508084615610903,10,0.084375,0.04896941363976316,0.04934439177059582,0.11940560822940419,10,0.2997456585721888,0.03515892077298674,0.27459448179013585,0.3248968353542418,10,0.4563087018065627,0.01260828392814235,0.44728927882590425,0.46532812478722113,10,8.849113920947245,0.6314993118146339,8.397366527113762,9.300861314780727,10
"{""dynamic.change_interval"": 60}",uncertainty_aware,100,3.0816504726028238,1.0668052556687924,2.3185039656154967,3.844796979590151,10,0.02029620242534446,0.04440546749063626,-0.01146955540772291,0.05206196025841183,10,0.0890625,0.05802092684014009,0.047556829293061556,0.13056817070693844,10,0.2469641448673932,0.05603625701544225,0.20687822142565904,0.2870500683091274,10,0.6251239961683491,0.13456104114815606,0.5288648261060345,0.7213831662306638,10,3.4809656432893754,0.944730399745306,2.8051462275344456,4.156785059044305,10
"{""dynamic.change_interval"": 60}",ucb,101,8.278641829944968,0.5249164206442335,7.903139243370435,8.6541444165195,10,0.08111625945243882,0.023161501741871884,0.0645475192283298,0.09768499967654784,10,0.10625,0.02833639689319884,0.08597936279162366,0.12652063720837634,10,0.3136915223710859,0.019860305371243978,0.2994843157687292,0.3278987289734426,10,0.26411862794673174,0.013828345643739129,0.2542264253920892,0.2740108305013743,10,8.773948066562927,0.4853394268906127,8.426757155788303,9.12113897733755,10
"{""dynamic.change_interval"": 60}",sliding_window_ucb,101,8.010487870147227,0.556590165995689,7.612327251097014,8.40864848919744,10,0.059568845991754604,0.03617478421010459,0.033690964284418326,0.08544672769909088,10,0.0953125,0.04323230410301486,0.06438597269812027,0.12623902730187972,10,0.29912790080523544,0.03647746253981812,0.27303349606444555,0.3252223055460253,10,0.4671119148021045,0.015992211208253494,0.45567177607225623,0.4785520535319528,10,8.505807114179342,0.4801945064034488,8.162296657805973,8.849317570552712,10
"{""dynamic.change_interval"": 60}",discounted_ucb,101,8.384027340990627,0.6287978958840207,7.934212423699056,8.833842258282198,10,0.057057494067957334,0.019251886614302223,0.04328552402511176,0.0708294641108029,10,0.0828125,0.039010381898070844,0.05490615390397249,0.1107188460960275,10,0.298929874444713,0.02739870501047598,0.27933002160033166,0.3185297272890943,10,0.46281116727579547,0.015422725413539222,0.4517784141420583,0.4738439204095326,10,8.907144728773252,0.6319653858702711,8.455063925645367,9.359225531901137,10
"{""dynamic.change_interval"": 60}",uncertainty_aware,101,3.10294905767828,1.0532789989165108,2.349478651870869,3.8564194634856914,10,0.02129858507545642,0.034685727789392405,-0.003514089837917112,0.04611125998882995,10,0.090625,0.036680868461789605,0.0643850874282089,0.11686491257179109,10,0.25367229564319715,0.04048496779944921,0.2247110943391456,0.2826334969472487,10,0.586660247700876,0.029680803574872093,0.5654278798883078,0.6078926155134442,10,3.4937388723138683,0.9395715668114812,2.82160986332499,4.165867881302747,10
"{""dynamic.change_interval"": 60}",ucb,102,8.34038876363105,0.5418756122177402,7.952754302244431,8.72802322501767,10,0.061746933686083236,0.035206245638215464,0.03656190273486393,0.08693196463730254,10,0.096875,0.04646814171499054,0.06363369391573664,0.13011630608426336,10,0.30883981784050196,0.03335701962938098,0.28497764348543564,0.3327019921955683,10,0.25725723583953375,0.011648276524567442,0.24892456078482256,0.26558991089424494,10,8.858567269774131,0.48966119868355634,8.50828474970132,9.208849789846942,10
"{""dynamic.change_interval"": 60}",sliding_window_ucb,102,8.079832495232525,0.5432693072211771,7.691201044500355,8.468463945964695,10,0.06934462508529823,0.041481050514348985,0.039670869132207506,0.09901838103838896,10,0.1046875,0.04943803114618452,0.06932166300111026,0.14005333699888975,10,0.31304644376265267,0.03494864841573871,0.2880456867634955,0.33804720076180983,10,0.4707404818260958,0.019430147483042674,0.45684099163972924,0.48463997201246234,10,8.5946329433127,0.481613778510567,8.250107200836027,8.939158685789373,10
"{""dynamic.change_interval"": 60}",discounted_ucb,102,8.442376889619203,0.6193229198975457,7.99933996183363,8.885413817404775,10,0.058349548628578315,0.041867616644347495,0.028399259924771963,0.08829983733238467,10,0.0875,0.03227486121839514,0.06441195513760578,0.11058804486239421,10,0.30108827535958177,0.0227315336202253,0.28482711580064746,0.3173494349185161,10,0.46451007031917724,0.015118778737342445,0.45369474753930966,0.4753253930990448,10,8.984012389503537,0.6225801653793074,8.538645368668087,9.429379410338987,10
"{""dynamic.change_interval"": 60}",uncertainty_aware,102,3.1179464673556705,1.0481082221519717,2.3681750124160965,3.8677179222952445,10,0.014997409677390088,0.033007057981949604,-0.008614417196355126,0.0386092365511353,10,0.08125,0.0440712412527212,0.04972333321438767,0.11277666678561234,10,0.2398839122712105,0.05431737858602555,0.20102760038451395,0.27874022415790706,10,0.6025649199817797,0.16544040886240982,0.4842159809725203,0.7209138589910392,10,3.5094021699557816,0.9359738910571956,2.8398467831632384,4.178957556748324,10
"{""dynamic.change_interval"": 60}",ucb,103,8.39379630927936,0.5464595459479947,8.002882699242209,8.78470991931651,10,0.053407545648309296,0.030741183000643754,0.031416628090547426,0.07539846320607116,10,0.0671875,0.026608416196760003,0.04815298571623573,0.08622201428376426,10,0.27942051752278046,0.03196576393390378,0.2565535875374694,0.30228744750809156,10,0.26251981610095165,0.020507692702532252,0.24784949650030852,0.2771901357015948,10,8.913486180085783,0.4976354111373418,8.55749925206434,9.269473108107228,10
"{""dynamic.change_interval"": 60}",sliding_window_ucb,103,8.15429900672098,0.5534666797460077,7.758372795130236,8.550225218311724,10,0.074466511488453,0.04493978324401326,0.04231852719122903,0.10661449578567697,10,0.0859375,0.035516098169234,0.06053081390087862,0.11134418609912139,10,0.2913336429634514,0.034852063140053444,0.2664019789082725,0.31626530701863026,10,0.46401503641817465,0.016321982216266295,0.4523389937203497,0.4756910791159996,10,8.661464979065022,0.4914059302920449,8.309934353186982,9.012995604943061,10
"{""dynamic.change_interval"": 60}",discounted_ucb,103,8.507619297601853,0.6168630313469963,8.066342068078876,8.948896527124829,10,0.06524240798265034,0.031073435539319145,0.04301381127681487,0.08747100468848582,10,0.0734375,0.041699206044266864,0.04360768498200297,0.10326731501799703,10,0.2900613857045167,0.030133648892182865,0.26850507186686584,0.3116176995421676,10,0.4577513611929456,0.011137716559861706,0.44978391873490786,0.4657188036509834,10,9.049572167996928,0.6200272636598994,8.606031383036765,9.493112952957091,10
"{""dynamic.change_interval"": 60}",uncertainty_aware,103,3.164429523453939,1.0551634514434949,2.4096110615173423,3.9192479853905358,10,0.046483056098268735,0.05587162191438789,0.006514905513041881,0.0864512066834956,10,0.090625,0.04874732898665663,0.05575326156090959,0.1254967384390904,10,0.26738775719393676,0.06174493289242016,0.2232180930395574,0.31155742134831615,10,0.7920692243948938,0.2213854118243161,0.6336996411612965,0.9504388076284911,10,3.5522883199385924,0.9366257501953964,2.882266621209806,4.222310018667379,10
"{""dynamic.change_interval"": 60}",ucb,104,8.456737881111724,0.5374895945262682,8.072240987770487,8.841234774452962,10,0.06294157183236575,0.02667917679408999,0.04385643846662961,0.08202670519810189,10,0.0640625,0.03715845621195202,0.03748094173291479,0.0906440582670852,10,0.28340104935626903,0.02762683186978438,0.26363800438764,0.30316409432489805,10,0.2643186489503981,0.021004128685245517,0.2492932004411399,0.27934409745965627,10,8.990325499343445,0.49576719165246536,8.63567501503241,9.34497598365448,10
"{""dynamic.change_interval"": 60}",sliding_window_ucb,104,8.218367390255331,0.5535186239417976,7.822404020025403,8.61433076048526,10,0.0640683835343527,0.021301895152061986,0.04882992572668561,0.07930684134201978,10,0.0609375,0.039287546178429396,0.03283288252192471,0.08904211747807528,10,0.2816148028118618,0.028945434740018774,0.26090848617375456,0.30232111944996903,10,0.4702087931860344,0.014959343799552677,0.4595075232899706,0.48091006308209827,10,8.736518051778276,0.4865884444784167,8.388433647646517,9.084602455910035,10
"{""dynamic.change_interval"": 60}",discounted_ucb,104,8.583110547331277,0.6130490848440951,8.144561650778222,9.021659443884332,10,0.07549124972942207,0.02104568998469256,0.060436070057582614,0.09054642940126154,10,0.06875,0.04841229182759271,0.034117932706408685,0.10338206729359133,10,0.2868665396844391,0.036103230526858064,0.2610398443985621,0.3126932349703161,10,0.45937751835229124,0.013735867658876444,0.44955147056277206,0.4692035661418104,10,9.129876977582757,0.6149856167050393,8.68994276958931,9.569811185576205,10
"{""dynamic.change_interval"": 60}",uncertainty_aware,104,3.2051173857140896,1.046170100515198,2.456732379472027,3.9535023919561523,10,0.04068786226015033,0.04137757357995576,0.011088129246688297,0.07028759527361236,10,0.0703125,0.044347360327933336,0.03858830952705955,0.10203669047294045,10,0.25917641670232805,0.05639896434416095,0.21883102806814236,0.29952180533651374,10,0.803230232583323,0.26557632426911,0.6132483749504164,0.9932120902162297,10,3.6049030065423118,0.9193343943115267,2.9472507986589536,4.26255521442567,10
"{""dynamic.change_interval"": 60}",ucb,105,8.556114843330809,0.5625611174769568,8.15368286290315,8.958546823758468,10,0.09937696221908228,0.06943432756368202,0.04970663648374579,0.14904728795441877,10,0.0859375,0.06598364301729129,0.03873564528531137,0.13313935471468863,10,0.28545725724129245,0.08048895196298378,0.22787892959880823,0.34303558488377667,10,0.25528511382913033,0.012529258331476962,0.24632222235479634,0.2642480053034643,10,9.07951678289501,0.5286882889646307,8.701315964269002,9.457717601521017,10
"{""dynamic.change_interval"": 60}",sliding_window_ucb,105,8.278769565816457,0.5809329219692874,7.863195188169742,8.694343943463172,10,0.060402175561125794,0.05201618669556445,0.023192037185274954,0.09761231393697664,10,0.0765625,0.05020033650008954,0.04065134260172242,0.11247365739827758,10,0.26316313514277434,0.09252033279361607,0.1969780761345216,0.3293481941510271,10,0.4671119148021045,0.015992211208253494,0.45567177607225623,0.4785520535319528,10,8.803415213231322,0.505467314530544,8.441825679030517,9.165004747432127,10
"{""dynamic.change_interval"": 60}",discounted_ucb,105,8.665207321898965,0.599905195409163,8.236060997424735,9.094353646373195,10,0.08209677456768906,0.05372603821049932,0.043663482102414934,0.12053006703296318,10,0.0828125,0.05514442055236011,0.04336455793114384,0.12226044206885615,10,0.28257267615922455,0.07522276396667042,0.228761552468136,0.3363837998503131,10,0.46514617794826646,0.013019726261935536,0.45583242685271314,0.4744599290438198,10,9.216183680052252,0.6136531929072008,8.777202630624291,9.655164729480212,10
"{""dynamic.change_interval"": 60}",uncertainty_aware,105,3.271610537426337,1.0128526851079256,2.547059374385549,3.996161700467125,10,0.06649315171224732,0.08099654831944103,0.008551711510716903,0.12443459191377773,10,0.0703125,0.04117549036677577,0.040857328608670584,0.09976767139132942,10,0.25311231981064863,0.06975193043972953,0.20321479466456982,0.30300984495672745,10,0.8388059889159993,0.21040401321918203,0.6882920250119955,0.9893199528200032,10,3.66174935266323,0.8834853152570583,3.0297420310548078,4.293756674271653,10
"{""dynamic.change_interval"": 60}",ucb,106,8.636200750942404,0.5419657777495516,8.24850178901992,9.023899712864887,10,0.08008590761159781,0.04686971383994211,0.046557334134497946,0.11361448108869768,10,0.0765625,0.0548484734037532,0.03732626576770736,0.11579873423229264,10,0.2783957741152897,0.07344296436725128,0.22585784235892092,0.3309337058716585,10,0.2631772722768241,0.0194043417941115,0.24929624236824824,0.2770583021853999,10,9.165868082169107,0.4984439918454529,8.809302730354066,9.522433433984148,10
"{""dynamic.change_interval"": 60}",sliding_window_ucb,106,8.335260017220204,0.5743088163034914,7.924424239307513,8.746095795132895,10,0.05649045140374781,0.047178277881372015,0.022741144508671388,0.09023975829882423,10,0.08125,0.06064969428337349,0.037863822348307236,0.12463617765169277,10,0.25267704460926765,0.09559936534510001,0.18428937840154797,0.32106471081698734,10,0.46401503641817465,0.016321982216266295,0.4523389937203497,0.4756910791159996,10,8.864047782999396,0.5004608352940036,8.506039668295138,9.222055897703655,10
"{""dynamic.change_interval"": 60}",discounted_ucb,106,8.743155961089618,0.591369213489966,8.320115910230678,9.166196011948559,10,0.07794863919065251,0.04313102024503318,0.04709456599604512,0.1088027123852599,10,0.0921875,0.06647514808182077,0.04463404374307196,0.13974095625692806,10,0.2826665472056454,0.08398184597115409,0.22258955371253125,0.3427435406987595,10,0.454758972896132,0.010680425132478527,0.44711865701872205,0.4623992887735419,10,9.306805752416706,0.6080404917159409,8.871839787547161,9.74177171728625,10
"{""dynamic.change_interval"": 60}",uncertainty_aware,106,3.288083774360522,1.0004289020616537,2.5724200503203853,4.003747498400658,10,0.01647323693418528,0.028877411824931417,-0.004184419041848762,0.03713089291021932,10,0.0671875,0.05848659182762415,0.02534871262838785,0.10902628737161214,10,0.20830416201218402,0.10300021919412387,0.13462224389335473,0.28198608013101334,10,0.6467290045284735,0.20471860202862646,0.500282138783017,0.79317587027393,10,3.6780090398342224,0.869491656660731,3.056012178542726,4.300005901125719,10
"{""dynamic.change_interval"": 60}",ucb,107,8.710159693413306,0.5406400810441799,8.323409077784257,9.096910309042356,10,0.07395894247090103,0.05210827537762674,0.036682927820373565,0.11123495712142849,10,0.1015625,0.07300961337956346,0.04933456886539057,0.15379043113460944,10,0.3044331952571393,0.06509884024816885,0.25786429031378,0.3510021002004986,10,0.25771156402734363,0.021198305015949628,0.2425472101389368,0.27287591791575044,10,9.268200665284537,0.5146798317074947,8.900020893299665,9.636380437269409,10
"{""dynamic.change_interval"": 60}",sliding_window_ucb,107,8.376682557072098,0.570157243639337,7.968816635335421,8.784548478808773,10,0.04142253985189287,0.03424058261617776,0.016928302612345805,0.06591677709143993,10,0.0890625,0.09856005378138188,0.01855688487290627,0.15956811512709373,10,0.27351702725772886,0.08992130602469353,0.20919119999747343,0.3378428545179843,10,0.4702087931860344,0.014959343799552676,0.4595075232899706,0.48091006308209827,10,8.935464198115415,0.49014258718311426,8.584837313454983,9.286091082775847,10
"{""dynamic.change_interval"": 60}",discounted_ucb,107,8.83464658439922,0.568550669285938,8.427929936721231,9.241363232077209,10,0.09149062330960096,0.05311953890825321,0.0534911943086657,0.12949005231053623,10,0.1140625,0.09856005378138187,0.043556884872906265,0.18456811512709373,10,0.3122269933933097,0.08107909947308131,0.2542264996539254,0.37022748713269404,10,0.4567784744501462,0.016915667900915848,0.44467773459782073,0.46887921430247165,10,9.416932133668308,0.6039586432103111,8.984886147316464,9.848978120020151,10
"{""dynamic.change_interval"": 60}",uncertainty_aware,107,3.3189682389071082,0.9929081625373372,2.608684527823831,4.029251949990385,10,0.030884464546585937,0.044887344173613744,-0.0012260070994841304,0.062994936192656,10,0.103125,0.07836767864085012,0.04706413987799293,0.15918586012200706,10,0.24126818477425868,0.09031918749494405,0.17665773025649473,0.30587863929202264,10,0.6779757770054602,0.1713892255232544,0.555371310915407,0.8005802430955133,10,3.717176612466772,0.8699504382408,3.0948515586036325,4.339501666329911,10
"{""dynamic.change_interval"": 60}",ucb,108,8.77209290418328,0.5575975328598883,8.373211658289899,9.170974150076662,10,0.061933210769973046,0.0452133273215692,0.029589544827777224,0.09427687671216886,10,0.11875,0.06798820363366967,0.07011416900491285,0.16738583099508714,10,0.3232910177277724,0.04835769304935443,0.2886980080472524,0.35788402740829245,10,0.2531887966839373,0.008337281693902299,0.2472246646470341,0.25915292872084045,10,9.343611561530965,0.5097945232412797,8.978926528695283,9.708296594366647,10
"{""dynamic.change_interval"": 60}",sliding_window_ucb,108,8.442742000689481,0.558874507386331,8.042947262249838,8.842536739129125,10,0.0660594436173862,0.04125645099341855,0.03654635648267472,0.09557253075209766,10,0.128125,0.0739509972887452,0.07522364338477111,0.18102635661522887,10,0.32243489482463383,0.057169639627331,0.28153819830435795,0.3633315913449097,10,0.47095382963652616,0.022563541580265804,0.454812844343528,0.48709481492952433,10,9.010018971458708,0.47075896572028875,8.67325829427477,9.346779648642645,10
"{""dynamic.change_interval"": 60}",discounted_ucb,108,8.908004047651342,0.5878952934005435,8.487449089519222,9.328559005783463,10,0.07335746325212339,0.04559350487977786,0.04074183466816121,0.10597309183608557,10,0.125,0.05983919423477113,0.08219361915537882,0.16780638084462118,10,0.32825557971620895,0.043042120191717964,0.29746510178868335,0.35904605764373454,10,0.4655724938719484,0.012246358792064073,0.4568119765368343,0.47433301120706245,10,9.497307591903171,0.6113680151355492,9.059961260175571,9.934653923630771,10
"{""dynamic.change_interval"": 60}",uncertainty_aware,108,3.340189931147146,0.998200457152123,2.626120340562657,4.054259521731636,10,0.02122169224003797,0.034541258258153455,-0.003487635396458886,0.04593101987653482,10,0.1,0.06596308416244817,0.0528128522041026,0.14718714779589742,10,0.2662259844559897,0.0563623079652502,0.22590681821560638,0.30654515069637306,10,0.7087781330428453,0.2013958968826769,0.5647081873701068,0.8528480787155839,10,3.7355224754414182,0.8902195019370228,3.0986978068852684,4.372347143997568,10
"{""dynamic.change_interval"": 60}",ucb,109,8.855761622250212,0.5412032167910151,8.468608163575654,9.242915080924769,10,0.08366871806693119,0.0634126705120976,0.038306026288939,0.12903140984492337,10,0.1203125,0.07367536831148748,0.06760831647714294,0.17301668352285707,10,0.32427958746709445,0.0535352533194615,0.28598277429118246,0.36257640064300645,10,0.2510394338058882,0.014142110036129424,0.24092277772629603,0.26115608988548045,10,9.429263479809117,0.48496783640282976,9.08233838885613,9.776188570762105,10
"{""dynamic.change_interval"": 60}",sliding_window_ucb,109,8.527341460579597,0.5579706249149897,8.12819332070803,8.926489600451164,10,0.08459945989011435,0.06542221976438431,0.03779922317657516,0.13139969660365353,10,0.134375,0.08041774610674493,0.07684760995852306,0.1919023900414769,10,0.3275893495456782,0.06570386805120698,0.28058763378510065,0.37459106530625574,10,0.45525608990644634,0.01850795744871558,0.44201629472976933,0.46849588508312334,10,9.098980651815443,0.47409571881577933,8.75983300526107,9.438128298369817,10
"{""dynamic.change_interval"": 60}",discounted_ucb,109,8.983626543496737,0.5478117398171884,8.591745632237023,9.37550745475645,10,0.07562249584539392,0.06794075055753593,0.027020610736029432,0.1242243809547584,10,0.1171875,0.07733980419227864,0.06186193696326751,0.1725130630367325,10,0.3222622125127449,0.056056775780488316,0.28216161083073266,0.36236281419475713,10,0.4593591075655068,0.012241500771607149,0.45060206544887604,0.46811614968213755,10,9.580942135226975,0.5886022228558007,9.15988147022699,10.00200280022696,10
"{""dynamic.change_interval"": 60}",uncertainty_aware,109,3.362303460404344,1.0258131754189015,2.6284809211146043,4.096125999694084,10,0.022113529257198082,0.041792148283822016,-0.007782772633722748,0.05200983114811891,10,0.1109375,0.06440246851937347,0.06486674938196953,0.15700825061803048,10,0.26803156439966436,0.046493199103201974,0.23477233333969794,0.3012907954596308,10,0.7158806378906732,0.19788284150751678,0.574323780641675,0.8574374951396715,10,3.76492637065214,0.9163834826251478,3.1093851178225944,4.420467623481685,10
"{""dynamic.change_interval"": 60}",ucb,110,8.914953741912864,0.5376505579776852,8.530341702255043,9.299565781570685,10,0.059192119662653364,0.03953714497205139,0.03090894996383423,0.0874752893614725,10,0.1,0.04784868365773271,0.06577111370298949,0.13422888629701052,10,0.31089810686975855,0.03334455258301082,0.28704485090241044,0.33475136283710666,10,0.2588112659431499,0.018510891878083798,0.2455693716021592,0.2720531602841406,10,9.497451812415624,0.49440398729597207,9.143776505755278,9.85112711907597,10
"{""dynamic.change_interval"": 60}",sliding_window_ucb,110,8.582319967811127,0.516337285808505,8.212954524588739,8.951685411033516,10,0.054978507231526995,0.04956869782156524,0.019519196924021112,0.09043781753903288,10,0.0984375,0.05611964061271241,0.05829192752611246,0.13858307247388754,10,0.3021769013174113,0.04897855064425921,0.2671397568687408,0.3372140457660818,10,0.4733056715699643,0.013057585773013036,0.4639648374117043,0.48264650572822426,10,9.158447778869604,0.4475006719247046,8.838325082773844,9.478570474965364,10
"{""dynamic.change_interval"": 60}",discounted_ucb,110,9.065096160865679,0.531858435971245,8.684627555685491,9.445564766045866,10,0.08146961736894234,0.03162965696772137,0.05884312382304065,0.10409611091484404,10,0.1109375,0.05179608287688258,0.07388481441087763,0.14799018558912236,10,0.318326685644029,0.036162663214701234,0.29245747477446193,0.34419589651359606,10,0.45682275593283805,0.014934416722325644,0.44613931779361465,0.46750619407206145,10,9.656559046607752,0.5809210129004088,9.240993188195702,10.072124905019802,10
"{""dynamic.change_interval"": 60}",uncertainty_aware,110,3.3887883606609597,1.0205721180431846,2.65871504795962,4.118861673362299,10,0.02648490025661534,0.03672995364617909,0.00020987425918951585,0.05275992625404116,10,0.096875,0.04407124125272121,0.06534833321438767,0.12840166678561232,10,0.2734876347469125,0.03919839193508789,0.24544679437250974,0.3015284751213153,10,0.6751979173205436,0.1734497986753029,0.5511194059958784,0.7992764286452088,10,3.795704231135802,0.9287834747211948,3.131292558326148,4.460115903945455,10
"{""dynamic.change_interval"": 60}",ucb,111,9.001446764237004,0.5634549106899135,8.598375402661931,9.404518125812077,10,0.0864930223241387,0.06827506154824262,0.03765198553882438,0.13533405910945304,10,0.1,0.04670106619054145,0.0665920697835776,0.13340793021642242,10,0.3108279563870292,0.036112975013760276,0.28499429031515144,0.33666162245890696,10,0.24935892615421823,0.009651142291188512,0.24245491486554038,0.2562629374428961,10,9.589364788755127,0.5305246255483455,9.20985033407224,9.968879243438014,10
"{""dynamic.change_interval"": 60}",sliding_window_ucb,111,8.637503662223132,0.5458784153052516,8.247005768004549,9.028001556441716,10,0.05518369441200527,0.05499628012036811,0.015841725624230682,0.09452566319977986,10,0.1,0.05809101455666119,0.058444191561023234,0.14155580843897678,10,0.28943243990823914,0.040068879014535055,0.2607688905899802,0.31809598922649807,10,0.4771475864043859,0.019260929075510178,0.4633691477744681,0.49092602503430377,10,9.228965238730316,0.47748072649257056,8.887396103557526,9.570534373903106,10
"{""dynamic.change_interval"": 60}",discounted_ucb,111,9.131909739921767,0.5406718162748606,8.745136422276286,9.518683057567248,10,0.06681357905608756,0.050549316263564986,0.030652776573957638,0.10297438153821749,10,0.0984375,0.04998372130837532,0.06268129977505717,0.1341937002249428,10,0.3094611000925191,0.03668516862432914,0.2832181113697585,0.3357040888152797,10,0.46276534181373047,0.013853417843137079,0.4528552036881003,0.47267547993936065,10,9.747105166652743,0.6011495374772701,9.31706869348668,10.177141639818805,10
"{""dynamic.change_interval"": 60}",uncertainty_aware,111,3.4083262045540694,1.0170932147839,2.680741549324525,4.135910859783614,10,0.019537843893109953,0.04122689672058917,-0.009954101388431558,0.049029789174651464,10,0.109375,0.055119818980512304,0.06994465683546333,0.14880534316453667,10,0.25329947946494913,0.04737990439870237,0.21940593764827007,0.2871930212816282,10,0.5916186328615917,0.043261781962942884,0.5606710183690387,0.6225662473541447,10,3.8300887305532223,0.9249302614024211,3.1684334805014,4.491743980605045,10
"{""dynamic.change_interval"": 60}",ucb,112,9.082269603356162,0.571920148187863,8.6731425756761,9.491396631036224,10,0.08082283911915675,0.04616085010673106,0.04780135620901408,0.11384432202929942,10,0.1,0.06387379048648288,0.05430744286384214,0.14569255713615786,10,0.3085574863073014,0.04750972494012945,0.2745710764697733,0.3425438961448295,10,0.26289857852065934,0.019978064798600505,0.2486071318986979,0.27719002514262076,10,9.675418059589415,0.5636458789306548,9.272210087564503,10.078626031614327,10
"{""dynamic.change_interval"": 60}",sliding_window_ucb,112,8.696194992515412,0.5584169077858501,8.29672760111015,9.095662383920674,10,0.058691330292283184,0.052410993429370334,0.021198764192873608,0.09618389639169275,10,0.0875,0.051137240452639905,0.05091862188901773,0.12408137811098226,10,0.29367209916303155,0.04512225815106655,0.26139358018087744,0.32595061814518567,10,0.45215921152251654,0.016480581167945953,0.440369713969325,0.46394870907570807,10,9.300133122420332,0.5012462622331576,8.941563147131001,9.658703097709664,10
"{""dynamic.change_interval"": 60}",discounted_ucb,112,9.20513244253,0.5148413442920133,8.836837131402387,9.573427753657612,10,0.07322270260823226,0.04436629594642403,0.04148496640983533,0.10496043880662918,10,0.096875,0.07057243619147635,0.046390520398005924,0.14735947960199408,10,0.2928003407531473,0.08329581421108082,0.23321410481732893,0.35238657668896567,10,0.46103999055811534,0.009624399287497571,0.4541551100618147,0.467924871054416,10,9.81740129193288,0.5876350504721252,9.397032500376838,10.237770083488922,10
"{""dynamic.change_interval"": 60}",uncertainty_aware,112,3.4244085761345495,1.0167416155634121,2.697075439835521,4.151741712433578,10,0.01608237158047999,0.035261198932466375,-0.009141970589288517,0.0413067137502485,10,0.090625,0.05038911092686594,0.054578801511853924,0.12667119848814606,10,0.23867169209099956,0.04957474777233097,0.20320805390943253,0.2741353302725666,10,0.5906188216552914,0.03261985769087215,0.5672839811837692,0.6139536621268137,10,3.84625620717121,0.9090041568212491,3.195993806017021,4.496518608325399,10
"{""dynamic.change_interval"": 60}",ucb,113,9.159348996231767,0.5718133061474527,8.750298398743162,9.568399593720372,10,0.0770793928756067,0.03593993254886638,0.05136951392602001,0.10278927182519337,10,0.1234375,0.060939725742828146,0.07984384634083247,0.16703115365916754,10,0.32702591338005343,0.04350803279834062,0.2959021416517933,0.3581496851083136,10,0.2507161785949953,0.017408468515278684,0.2382629104199101,0.2631694467700805,10,9.762796929122228,0.5540994541422403,9.366418057997207,10.15917580024725,10
"{""dynamic.change_interval"": 60}",sliding_window_ucb,113,8.764221010453678,0.5534376996542513,8.368315529971708,9.160126490935648,10,0.0680260179382641,0.043905586795074586,0.03661785321293703,0.09943418266359116,10,0.1375,0.056481007132191494,0.09709592149081014,0.17790407850918988,10,0.32134330606012185,0.04390797766484553,0.2899334310095928,0.3527531811106509,10,0.4733056715699643,0.013057585773013036,0.4639648374117043,0.48264650572822426,10,9.381829384633216,0.4912495567940179,9.030410621616904,9.733248147649528,10
"{""dynamic.change_interval"": 60}",discounted_ucb,113,9.265453885265496,0.5080001191507615,8.9020524917881,9.628855278742892,10,0.060321442735494654,0.032116086360210815,0.03734697856439992,0.08329590690658939,10,0.1125,0.050924610673251325,0.07607072807012213,0.14892927192987787,10,0.3105638542460015,0.045247856680583246,0.27819548748837564,0.3429322210036274,10,0.4532141671718167,0.014352404196939793,0.44294707571199976,0.4634812586316336,10,9.88831810233164,0.5771867714938038,9.475423559298434,10.301212645364846,10
"{""dynamic.change_interval"": 60}",uncertainty_aware,113,3.437730038305683,1.0059601283173094,2.718109513364979,4.1573505632463865,10,0.01332146217113345,0.028630861302810583,-0.007159822186226423,0.03380274652849333,10,0.1078125,0.038590903235088965,0.08020623086245135,0.13541876913754866,10,0.2563834845128451,0.03558839102114259,0.23092508322285732,0.28184188580283287,10,0.659830151954737,0.180770766850084,0.5305145354877214,0.7891457684217527,10,3.8629926478368146,0.9104800665458018,3.211674444468552,4.514310851205077,10
"{""dynamic.change_interval"": 60}",ucb,114,9.246654070006356,0.5832314950583293,8.829435392226475,9.663872747786236,10,0.08730507377458786,0.06621380377732221,0.039938571970723584,0.13467157557845214,10,0.1125,0.049847858808355835,0.07684098995271095,0.14815901004728904,10,0.3118639986470809,0.04050556182977881,0.28288806526121096,0.3408399320329509,10,0.2433345577758707,0.008487006267129534,0.23726331923151328,0.24940579632022813,10,9.855939042549958,0.5817606031451502,9.439772577458132,10.272105507641783,10
"{""dynamic.change_interval"": 60}",sliding_window_ucb,114,8.849726719969075,0.588271373635805,8.428902730243454,9.270550709694696,10,0.08550570951539746,0.061169582900060804,0.04174762595141269,0.12926379307938224,10,0.1109375,0.04626337081500511,0.07784267819318666,0.14403232180681333,10,0.3100018798287538,0.038919781552357875,0.28216034531571704,0.3378434143417906,10,0.474050708020456,0.021229806473136614,0.4588638193471018,0.48923759669381023,10,9.473109379242615,0.5308974645272994,9.093328211621312,9.852890546863918,10
"{""dynamic.change_interval"": 60}",discounted_ucb,114,9.344867969950652,0.5117194090134551,8.978805956784605,9.7109299831167,10,0.07941408468515737,0.028135553405470772,0.059287122252750096,0.09954104711756465,10,0.115625,0.06301868109272572,0.07054415127404183,0.16070584872595817,10,0.3072457184233683,0.08029321595061606,0.24980741188908195,0.3646840249576546,10,0.46445058755134305,0.011629619255142139,0.45613125910316216,0.47276991599952395,10,9.976841935535656,0.5848270937799341,9.55848183519109,10.395202035880223,10
"{""dynamic.change_interval"": 60}",uncertainty_aware,114,3.466375259420084,0.997713925460552,2.752653712641142,4.180096806199026,10,0.028645221114400682,0.04738389547231903,-0.005251175744352375,0.06254161797315375,10,0.121875,0.0637036868809194,0.07630412765281548,0.1674458723471845,10,0.26101913972607516,0.10122534511333538,0.18860689003819764,0.3334313894139527,10,0.7571982347476225,0.2110749922010732,0.6062042813951498,0.9081921881000952,10,3.9052899023435357,0.9095559150879703,3.254632797102812,4.555947007584259,10
"{""dynamic.change_interval"": 60}",ucb,115,9.33788871599138,0.6133773262148191,8.899105009706945,9.776672422275814,10,0.09123464598502165,0.05327361814553151,0.05312499533762994,0.12934429663241337,10,0.125,0.07690012010538229,0.06998896801128199,0.180011031988718,10,0.3269105497339632,0.05581044872644466,0.28698615981119285,0.3668349396567336,10,0.2575298735094362,0.01868299934807339,0.24416486090121622,0.2708948861176561,10,9.950561834058888,0.610111590907,9.514114294080033,10.387009374037744,10
"{""dynamic.change_interval"": 60}",sliding_window_ucb,115,8.9479868042006,0.6061083003629992,8.514403045759073,9.381570562642127,10,0.09826008423152416,0.05673807775985791,0.05767210847350636,0.13884805998954197,10,0.13125,0.08500919067959652,0.070438088374871,0.192061911625129,10,0.3249004574335319,0.06842790892311654,0.27595008022303935,0.37385083464402447,10,0.464546725058236,0.020675441449444495,0.44975640523301835,0.4793370448834537,10,9.565722078451117,0.5496381738629406,9.172534614983443,9.958909541918791,10
"{""dynamic.change_interval"": 60}",discounted_ucb,115,9.430684913230525,0.5113895386237417,9.064858875125841,9.79651095133521,10,0.08581694327987195,0.023489485347666626,0.06901357771830671,0.10262030884143719,10,0.1328125,0.08815786916568102,0.06974815947511354,0.19587684052488646,10,0.32426023217166666,0.07669657613854165,0.26939480676530037,0.37912565757803296,10,0.4585958177477294,0.011817676948343387,0.45014196092999276,0.46704967456546603,10,10.06881440948229,0.5941932624594991,9.643754155690145,10.493874663274434,10
"{""dynamic.change_interval"": 60}",uncertainty_aware,115,3.497810692988618,0.9903146426547181,2.7893822742641903,4.206239111713046,10,0.03143543356853444,0.045464814664499836,-0.0010881355811954707,0.06395900271826435,10,0.1234375,0.08760224680813462,0.060770627765705895,0.1861043722342941,10,0.27632685590798817,0.09644115764799699,0.2073370077629833,0.34531670405299303,10,0.7895773201869792,0.2228539662106045,0.6301571964313312,0.9489974439426273,10,3.9493290000264936,0.902351036393348,3.303825954516776,4.5948320455362115,10
"{""dynamic.change_interval"": 60}",ucb,116,9.402676262618666,0.6215048781167866,8.95807845595238,9.847274069284952,10,0.0647875466272887,0.0330425256197943,0.04115034773387219,0.0884247455207052,10,0.121875,0.09134650528497397,0.05652964660649347,0.1872203533935065,10,0.3242792816006278,0.06564192750264605,0.277321875439224,0.3712366877620316,10,0.2526340998400696,0.018305453922412278,0.23953916695942065,0.26572903272071857,10,10.029257121111616,0.6197185215509948,9.585937196951228,10.472577045272004,10
"{""dynamic.change_interval"": 60}",sliding_window_ucb,116,9.00422954454509,0.6162155325512582,8.563415507757265,9.445043581332916,10,0.05624274034449117,0.04496822067407473,0.02407441313528417,0.08841106755369818,10,0.1203125,0.09318405565957445,0.05365264225592156,0.18697235774407844,10,0.3090290146106003,0.08291696214669522,0.24971379311538808,0.36834423610581246,10,0.47095382963652616,0.022563541580265804,0.454812844343528,0.48709481492952433,10,9.629167098513816,0.5475007863239457,9.237508629982935,10.020825567044698,10
"{""dynamic.change_interval"": 60}",discounted_ucb,116,9.494652278780084,0.5309316654639319,9.114846645282569,9.874457912277599,10,0.06396736554955933,0.03403636797391809,0.03961921466465666,0.08831551643446199,10,0.121875,0.08423986091314888,0.06161343373628172,0.18213656626371827,10,0.3249823825530738,0.060449653981465595,0.28173930511282685,0.3682254599933208,10,0.4575303198752071,0.01383067750121501,0.4476364492102154,0.4674241905401988,10,10.148212797487464,0.6034193403734754,9.716552605144368,10.579872989830559,10
"{""dynamic.change_interval"": 60}",uncertainty_aware,116,3.5285669209905977,0.9816877156626205,2.826309834067424,4.230824007913771,10,0.03075622800197948,0.04595364284898681,-0.002117027765364928,0.06362948376932388,10,0.1109375,0.06182359677384967,0.06671156309478818,0.1551634369052118,10,0.2739478052467252,0.0566068480315721,0.23345370558110762,0.31444190491234275,10,0.758295896483314,0.20860201798193653,0.6090710023168318,0.9075207906497962,10,3.9776928107253178,0.8823537715260152,3.346494946739325,4.6088906747113105,10
"{""dynamic.change_interval"": 60}",ucb,117,9.475117156201673,0.6358883203378388,9.020230054810675,9.930004257592671,10,0.07244089358300745,0.04459112197344455,0.040542326533535476,0.10433946063247942,10,0.103125,0.05422672952008487,0.0643335345486455,0.1419164654513545,10,0.31206781550855067,0.03773973027706532,0.2850704388247147,0.3390651921923866,10,0.24163475876297724,0.008799378533430864,0.23534006256068193,0.24792945496527255,10,10.105402033930329,0.6197808903031069,9.662037493852399,10.548766574008258,10
"{""dynamic.change_interval"": 60}",sliding_window_ucb,117,9.057169418937203,0.6293041626870927,8.606992340191782,9.507346497682624,10,0.052939874392112285,0.04317706521376315,0.022052862611137893,0.08382688617308667,10,0.103125,0.07905694150420949,0.04657107092864751,0.15967892907135248,10,0.29887435272616997,0.05198884529699725,0.26168377320860353,0.3360649322437364,10,0.46785695125259624,0.023371126761978885,0.45113825432268573,0.48457564818250676,10,9.692118548550148,0.5630995561298159,9.289301392313716,10.09493570478658,10
"{""dynamic.change_interval"": 60}",discounted_ucb,117,9.569052606637253,0.5404273871222315,9.18245414307413,9.955651070200377,10,0.07440032785716934,0.029450827720012663,0.05333247486058544,0.09546818085375323,10,0.1125,0.06862362121666918,0.06340961864872774,0.16159038135127227,10,0.3194465910193801,0.04720523627990514,0.2856779992477386,0.3532151827910216,10,0.46187488752866723,0.012785184770486614,0.4527289173087627,0.4710208577485718,10,10.231736485817004,0.599147927231592,9.803131878363285,10.660341093270723,10
"{""dynamic.change_interval"": 60}",uncertainty_aware,117,3.5552012778263893,0.9743847012508507,2.8581684526972078,4.252234102955571,10,0.02663435683579214,0.04337163853975021,-0.004391844317648216,0.05766055798923249,10,0.1109375,0.06927279132571139,0.06138273032806318,0.1604922696719368,10,0.26862151358464015,0.06272461210344188,0.2237510291410032,0.3134919980282771,10,0.7206685584792389,0.1945554314368042,0.5814919870033801,0.8598451299550978,10,4.010391421620119,0.8596019990642771,3.3954691951881055,4.625313648052132,10
"{""dynamic.change_interval"": 60}",ucb,118,9.534204449517606,0.6349365013674444,9.07999823840033,9.988410660634882,10,0.05908729331593271,0.04065519537861644,0.030004318537534193,0.08817026809433123,10,0.1078125,0.07635139547040236,0.053194001968400816,0.1624309980315992,10,0.3084493806538121,0.05663612624409083,0.26793433661667426,0.34896442469094996,10,0.2432506425588133,0.010690264744043491,0.2356032878473181,0.2508979972703085,10,10.166023473903739,0.6192460349186332,9.723041546318797,10.60900540148868,10
"{""dynamic.change_interval"": 60}",sliding_window_ucb,118,9.131510523282937,0.6402766235817408,8.673484218860843,9.589536827705032,10,0.07434110434573318,0.05114758583057918,0.037752325597197,0.11092988309426936,10,0.125,0.11339344300561063,0.04388321745214119,0.2061167825478588,10,0.32028212925339206,0.08522085914657367,0.259318799128631,0.38124545937815313,10,0.4702087931860344,0.014959343799552676,0.4595075232899706,0.48091006308209827,10,9.764572737123137,0.567550271693658,9.35857173077152,10.170573743474755,10
"{""dynamic.change_interval"": 60}",discounted_ucb,118,9.618071691717216,0.5420231632203276,9.230331678701909,10.005811704732523,10,0.04901908507996095,0.026853521391310375,0.029809233102581458,0.06822893705734044,10,0.1015625,0.0807711584337022,0.043782294009772786,0.1593427059902272,10,0.3115673349883722,0.05710384342273737,0.2707177062374402,0.3524169637393042,10,0.45870079412390297,0.01178231594818693,0.4502722330418309,0.46712935520597504,10,10.295475880124977,0.5979027718052901,9.867762003204492,10.723189757045462,10
"{""dynamic.change_interval"": 60}",uncertainty_aware,118,3.6037571613418273,0.9773805813642066,2.9045812126840436,4.3029331099996115,10,0.048555883515436694,0.048279795112900696,0.014018598661721074,0.08309316836915231,10,0.13125,0.11175486255888624,0.05130538729072297,0.21119461270927703,10,0.30346517106841053,0.10182749463194452,0.23062216956395842,0.37630817257286264,10,0.7423412931911106,0.2226973570425609,0.5830332008853636,0.9016493854968577,10,4.066028652008128,0.8528206451140272,3.455957513956377,4.676099790059879,10
"{""dynamic.change_interval"": 60}",ucb,119,9.606289327067785,0.6600692978458117,9.134104196422909,10.07847445771266,10,0.07208487755017838,0.06293684271517004,0.027062572472779545,0.11710718262757722,10,0.0984375,0.06381005477413242,0.052790536645830125,0.14408446335416986,10,0.30760334190116956,0.044943266300466696,0.27545286597545765,0.33975381782688147,10,0.2470832643241418,0.01309012705576358,0.2377191515345365,0.2564473771137471,10,10.25363250450869,0.6317848245325924,9.80168086718067,10.705584141836711,10
"{""dynamic.change_interval"": 60}",sliding_window_ucb,119,9.218983232714521,0.6421302028887717,8.759630957534345,9.678335507894698,10,0.08747270943158683,0.05699082217962018,0.04670393120744207,0.1282414876557316,10,0.09375,0.05846339666834283,0.051927805445765245,0.13557219455423475,10,0.30404854061629594,0.04062894861610219,0.27498434164072183,0.33311273959187004,10,0.4733056715699643,0.013057585773013036,0.4639648374117043,0.48264650572822426,10,9.848626966443218,0.5707990177393234,9.440301947172033,10.256951985714403,10
"{""dynamic.change_interval"": 60}",discounted_ucb,119,9.693628349105484,0.55016827510678,9.300061674052156,10.087195024158813,10,0.0755566573882705,0.06498520167444667,0.02906904458341003,0.12204427019313097,10,0.1,0.05472468973568207,0.06085231526951061,0.13914768473048938,10,0.30865949934673614,0.0393516964098514,0.28050899155759235,0.33681000713587994,10,0.45884752294517844,0.013361160665154054,0.44928952439134073,0.46840552149901615,10,10.384141068175495,0.6077413968060785,9.949389062915266,10.818893073435724,10
"{""dynamic.change_interval"": 60}",uncertainty_aware,119,3.664509429203135,1.0416159099627427,2.9193822946239583,4.409636563782312,10,0.06075226786130807,0.08320800017865876,0.001228850300025501,0.12027568542259065,10,0.1,0.07626252174051304,0.04544507840483808,0.15455492159516193,10,0.2803816620634005,0.08098547064423826,0.22244814635332866,0.3383151777734723,10,0.7398561000312655,0.22476524015179725,0.5790687332625496,0.9006434667999813,10,4.126416002775312,0.9245573464502487,3.4650275200098726,4.787804485540752,10
"{""dynamic.change_interval"": 30}",ucb,0,0.086044436288162,0.08822757066982144,0.022930234310930914,0.14915863826539308,10,0.086044436288162,0.08822757066982144,0.022930234310930914,0.14915863826539308,10,0.0171875,0.025989531145572186,-0.0014042905883841147,0.03577929058838412,10,0.10794745449825072,0.08854529707883704,0.04460596474011545,0.17128894425638597,10,1.0,0.0,1.0,1.0,10,0.08287158246651759,0.08896649317971675,0.01922878716884266,0.14651437776419252,10
"{""dynamic.change_interval"": 30}",sliding_window_ucb,0,0.086044436288162,0.08822757066982144,0.022930234310930914,0.14915863826539308,10,0.086044436288162,0.08822757066982144,0.022930234310930914,0.14915863826539308,10,0.0171875,0.025989531145572186,-0.0014042905883841147,0.03577929058838412,10,0.10794745449825072,0.08854529707883704,0.04460596474011545,0.17128894425638597,10,1.0,0.0,1.0,1.0,10,0.08287158246651759,0.08896649317971675,0.01922878716884266,0.14651437776419252,10
"{""dynamic.change_interval"": 30}",discounted_ucb,0,0.086044436288162,0.08822757066982144,0.022930234310930914,0.14915863826539308,10,0.086044436288162,0.08822757066982144,0.022930234310930914,0.14915863826539308,10,0.0171875,0.025989531145572186,-0.0014042905883841147,0.03577929058838412,10,0.10794745449825072,0.08854529707883704,0.04460596474011545,0.17128894425638597,10,1.0,0.0,1.0,1.0,10,0.08287158246651759,0.08896649317971675,0.01922878716884266,0.14651437776419252,10
"{""dynamic.change_interval"": 30}",uncertainty_aware,0,0.086044436288162,0.08822757066982144,0.022930234310930914,0.14915863826539308,10,0.086044436288162,0.08822757066982144,0.022930234310930914,0.14915863826539308,10,0.0171875,0.025989531145572186,-0.0014042905883841147,0.03577929058838412,10,0.10794745449825072,0.08854529707883704,0.04460596474011545,0.17128894425638597,10,1.0,0.0,1.0,1.0,10,0.08287158246651759,0.08896649317971675,0.01922878716884266,0.14651437776419252,10
"{""dynamic.change_interval"": 30}",ucb,1,0.15019550421319855,0.08913185936063761,0.08643441307598497,0.21395659535041212,10,0.06415106792503651,0.02320737173768594,0.047549514282644256,0.08075262156742877,10,0.0109375,0.03458741190809165,-0.013804843968716712,0.03567984396871671,10,0.11688137301304971,0.07022731318334716,0.06664377953833633,0.1671189664877631,10,1.0,0.0,1.0,1.0,10,0.15786724397546661,0.09570716116168479,0.08940246528591636,0.22633202266501687,10
"{""dynamic.change_interval"": 30}",sliding_window_ucb,1,0.15019550421319855,0.08913185936063761,0.08643441307598497,0.21395659535041212,10,0.06415106792503651,0.02320737173768594,0.047549514282644256,0.08075262156742877,10,0.0109375,0.03458741190809165,-0.013804843968716712,0.03567984396871671,10,0.11688137301304971,0.07022731318334716,0.06664377953833633,0.1671189664877631,10,1.0,0.0,1.0,1.0,10,0.15786724397546661,0.09570716116168479,0.08940246528591636,0.22633202266501687,10
"{""dynamic.change_interval"": 30}",discounted_ucb,1,0.15019550421319855,0.08913185936063761,0.08643441307598497,0.21395659535041212,10,0.06415106792503651,0.02320737173768594,0.047549514282644256,0.08075262156742877,10,0.0109375,0.03458741190809165,-0.013804843968716712,0.03567984396871671,10,0.11688137301304971,0.07022731318334716,0.06664377953833633,0.1671189664877631,10,1.0,0.0,1.0,1.0,10,0.15786724397546661,0.09570716116168479,0.08940246528591636,0.22633202266501687,10
"{""dynamic.change_interval"": 30}",uncertainty_aware,1,0.15019550421319855,0.08913185936063761,0.08643441307598497,0.21395659535041212,10,0.06415106792503651,0.02320737173768594,0.047549514282644256,0.08075262156742877,10,0.0109375,0.03458741190809165,-0.013804843968716712,0.03567984396871671,10,0.11688137301304971,0.07022731318334716,0.06664377953833633,0.1671189664877631,10,1.0,0.0,1.0,1.0,10,0.15786724397546661,0.09570716116168479,0.08940246528591636,0.22633202266501687,10
"{""dynamic.change_interval"": 30}",ucb,2,0.2384776790923063,0.11458670600646235,0.15650728761612787,0.32044807056848473,10,0.08828217487910764,0.04829195111012187,0.05373619414883068,0.12282815560938459,10,0.0046875,0.010546071214227388,-0.0028567048741424015,0.0122317048741424,10,0.1297679297736167,0.06843499861670159,0.08081248090185672,0.17872337864537668,10,1.0,0.0,1.0,1.0,10,0.24479940626258578,0.11747816393857465,0.16076059038629603,0.32883822213887554,10
"{""dynamic.change_interval"": 30}",sliding_window_ucb,2,0.2384776790923063,0.11458670600646235,0.15650728761612787,0.32044807056848473,10,0.08828217487910764,0.04829195111012187,0.05373619414883068,0.12282815560938459,10,0.0046875,0.010546071214227388,-0.0028567048741424015,0.0122317048741424,10,0.1297679297736167,0.06843499861670159,0.08081248090185672,0.17872337864537668,10,1.0,0.0,1.0,1.0,10,0.24479940626258578,0.11747816393857465,0.16076059038629603,0.32883822213887554,10
"{""dynamic.change_interval"": 30}",discounted_ucb,2,0.2384776790923063,0.11458670600646235,0.15650728761612787,0.32044807056848473,10,0.08828217487910764,0.04829195111012187,0.05373619414883068,0.12282815560938459,10,0.0046875,0.010546071214227388,-0.0028567048741424015,0.0122317048741424,10,0.1297679297736167,0.06843499861670159,0.08081248090185672,0.17872337864537668,10,1.0,0.0,1.0,1.0,10,0.24479940626258578,0.11747816393857465,0.16076059038629603,0.32883822213887554,10
"{""dynamic.change_interval"": 30}",uncertainty_aware,2,0.2384776790923063,0.11458670600646235,0.15650728761612787,0.32044807056848473,10,0.08828217487910764,0.04829195111012187,0.05373619414883068,0.12282815560938459,10,0.0046875,0.010546071214227388,-0.0028567048741424015,0.0122317048741424,10,0.1297679297736167,0.06843499861670159,0.08081248090185672,0.17872337864537668,10,1.0,0.0,1.0,1.0,10,0.24479940626258578,0.11747816393857465,0.16076059038629603,0.32883822213887554,10
"{""dynamic.change_interval"": 30}",ucb,3,0.29731115586986384,0.12086039567858771,0.2108528371607028,0.3837694745790249,10,0.0588334767775575,0.04739741026251144,0.02492741202030732,0.09273954153480768,10,0.0015625,0.004941058844013093,-0.00197212056695953,0.00509712056695953,10,0.08959534230917258,0.06494957969879188,0.04313321193060173,0.13605747268774343,10,0.8325546111576976,1.1702778228589004e-16,0.8325546111576975,0.8325546111576977,10,0.30413338621246494,0.12359000960100577,0.21572241933322023,0.39254435309170965,10
"{""dynamic.change_interval"": 30}",sliding_window_ucb,3,0.29731115586986384,0.12086039567858771,0.2108528371607028,0.3837694745790249,10,0.0588334767775575,0.04739741026251144,0.02492741202030732,0.09273954153480768,10,0.0015625,0.004941058844013093,-0.00197212056695953,0.00509712056695953,10,0.08959534230917258,0.06494957969879188,0.04313321193060173,0.13605747268774343,10,0.8325546111576976,1.1702778228589004e-16,0.8325546111576975,0.8325546111576977,10,0.30413338621246494,0.12359000960100577,0.21572241933322023,0.39254435309170965,10
"{""dynamic.change_interval"": 30}",discounted_ucb,3,0.38053585905854603,0.13448791608741642,0.2843289995134323,0.47674271860365974,10,0.14205817996623968,0.07980349362806227,0.08497019967740885,0.1991461602550705,10,0.0109375,0.012863634411696322,0.0017354102874837796,0.02013958971251622,10,0.17282004549785476,0.08372668858430388,0.11292558060353787,0.23271451039217167,10,0.858702350715838,0.009032140006159442,0.8522411469865783,0.8651635544450977,10,0.3873580894011471,0.13368724452223654,0.2917239957896133,0.4829921830126809,10
"{""dynamic.change_interval"": 30}",uncertainty_aware,3,0.2571759004602425,0.1472397297470685,0.15184694294982026,0.3625048579706648,10,0.01869822136793617,0.041240156534507785,-0.010803209413064143,0.048199652148936484,10,0.00625,0.01976423537605237,-0.00788848226783812,0.02038848226783812,10,0.04946008689955119,0.06228927661893373,0.0049010227011789115,0.09401915109792347,10,0.5293947536602556,0.004639936528670535,0.5260755430211236,0.5327139642993876,10,0.26399813080284357,0.14870295382008675,0.1576224458467793,0.3703738157589078,10
"{""dynamic.change_interval"": 30}",ucb,4,0.40267878932271933,0.12948571679295176,0.3100502875880309,0.4953072910574078,10,0.10536763345285545,0.06331475193357448,0.06007498840623434,0.15066027849947655,10,0.0125,0.02057126839388698,-0.0022157989105067166,0.027215798910506718,10,0.16292674491299816,0.0861671417357617,0.10128648500304491,0.22456700482295142,10,0.8970612889970507,0.0,0.8970612889970507,0.8970612889970507,10,0.4047104068364379,0.11900326121278648,0.3195806020927367,0.4898402115801391,10
"{""dynamic.change_interval"": 30}",sliding_window_ucb,4,0.40267878932271933,0.12948571679295176,0.3100502875880309,0.4953072910574078,10,0.10536763345285545,0.06331475193357448,0.06007498840623434,0.15066027849947655,10,0.0125,0.02057126839388698,-0.0022157989105067166,0.027215798910506718,10,0.16292674491299816,0.0861671417357617,0.10128648500304491,0.22456700482295142,10,0.8970612889970507,0.0,0.8970612889970507,0.8970612889970507,10,0.4047104068364379,0.11900326121278648,0.3195806020927367,0.4898402115801391,10
"{""dynamic.change_interval"": 30}",discounted_ucb,4,0.43652206602801574,0.13609944510928712,0.3391623880679062,0.5338817439881253,10,0.05598620696946972,0.029427522149688967,0.03493502577356488,0.07703738816537456,10,0.0078125,0.01983274246318726,-0.006374989285729207,0.02199998928572921,10,0.1299401767157745,0.07421525310698901,0.07684978287601732,0.1830305705555317,10,0.9241128608333702,0.012761407119294327,0.9149839001204543,0.9332418215462861,10,0.4549485418278964,0.12703629720306248,0.36407224931249843,0.5458248343432943,10
"{""dynamic.change_interval"": 30}",uncertainty_aware,4,0.2754514067332021,0.17880024743548023,0.14754541493780735,0.40335739852859687,10,0.01827550627295966,0.03861213467284591,-0.009345950920212499,0.04589696346613181,10,0.0109375,0.023350533095270718,-0.005766465108211199,0.027641465108211197,10,0.07481187338601167,0.10651127362459105,-0.0013817017669532777,0.15100544853897663,10,0.5260738593615206,0.01059847536555178,0.5184921668158259,0.5336555519072154,10,0.27646027989983013,0.16338340949440877,0.15958282959408387,0.3933377302055764,10
"{""dynamic.change_interval"": 30}",ucb,5,0.5103632592306913,0.13479760258665627,0.41393486330965495,0.6067916551517275,10,0.10768446990797187,0.07728235338394587,0.05240000470373483,0.16296893511220892,10,0.0109375,0.014823176532039278,0.0003336382991214089,0.02154136170087859,10,0.16238287443521232,0.08454131082247199,0.10190566389705019,0.22286008497337445,10,0.9465092364124228,0.0,0.9465092364124228,0.9465092364124228,10,0.5232840483478686,0.1501209562071533,0.4158939855915083,0.6306741111042289,10
"{""dynamic.change_interval"": 30}",sliding_window_ucb,5,0.5103632592306913,0.13479760258665627,0.41393486330965495,0.6067916551517275,10,0.10768446990797187,0.07728235338394587,0.05240000470373483,0.16296893511220892,10,0.0109375,0.014823176532039278,0.0003336382991214089,0.02154136170087859,10,0.16238287443521232,0.08454131082247199,0.10190566389705019,0.22286008497337445,10,0.9465092364124228,0.0,0.9465092364124228,0.9465092364124228,10,0.5232840483478686,0.1501209562071533,0.4158939855915083,0.6306741111042289,10
"{""dynamic.change_interval"": 30}",discounted_ucb,5,0.5417326550964157,0.12779488828946522,0.45031369920853825,0.6331516109842931,10,0.10521058906839986,0.08192996918958582,0.04660141980121772,0.163819758335582,10,0.0109375,0.014823176532039278,0.0003336382991214089,0.02154136170087859,10,0.16250481326882135,0.08443322079694193,0.10210492567689061,0.2229047008607521,10,0.9865481010217578,0.011175642639618788,0.9785535278806488,0.9945426741628669,10,0.5736441221729363,0.14318950746940046,0.47121251913963164,0.6760757252062408,10
"{""dynamic.change_interval"": 30}",uncertainty_aware,5,0.3165254539087751,0.20524893695575985,0.1696992094107069,0.4633516984068433,10,0.04107404717557298,0.04455634285212323,0.009200359610722415,0.07294773474042354,10,0.009375,0.013176156917368247,-5.06548452254129e-05,0.01880065484522541,10,0.10344670513386685,0.09049795567133287,0.038708367566552215,0.16818504270118148,10,0.5212031523546589,0.016880359477847932,0.5091276706266146,0.5332786340827032,10,0.3360977521099153,0.2076515899902523,0.1875527531709291,0.48464275104890153,10
"{""dynamic.change_interval"": 30}",ucb,6,0.5880359871374241,0.13537167208685139,0.491196926634906,0.6848750476399422,10,0.07767272790673282,0.059808619583352804,0.03488821885015192,0.12045723696331373,10,0.0078125,0.01327869664998121,-0.0016865073510882941,0.017311507351088294,10,0.14527712889068586,0.07816383558491749,0.08936208930647799,0.20119216847489374,10,0.6974794170897292,0.0,0.6974794170897292,0.6974794170897292,10,0.6038675969706273,0.1539454004164018,0.493741691637614,0.7139935023036406,10
"{""dynamic.change_interval"": 30}",sliding_window_ucb,6,0.5880359871374241,0.13537167208685139,0.491196926634906,0.6848750476399422,10,0.07767272790673282,0.059808619583352804,0.03488821885015192,0.12045723696331373,10,0.0078125,0.01327869664998121,-0.0016865073510882941,0.017311507351088294,10,0.14527712889068586,0.07816383558491749,0.08936208930647799,0.20119216847489374,10,0.6974794170897292,0.0,0.6974794170897292,0.6974794170897292,10,0.6038675969706273,0.1539454004164018,0.493741691637614,0.7139935023036406,10
"{""dynamic.change_interval"": 30}",discounted_ucb,6,0.638906109828624,0.16102809173526741,0.5237135523476765,0.7540986673095714,10,0.09717345473220812,0.05496148640586219,0.05785637586839033,0.13649053359602592,10,0.015625,0.02946278254943948,-0.005451404966374283,0.03670140496637428,10,0.1648293453469634,0.08839731086972892,0.10159371854550465,0.22806497214842214,10,0.7327691209824773,0.006107200534217107,0.7284002929040694,0.7371379490608851,10,0.6737798872519725,0.17525786721316383,0.5484079616122483,0.7991518128916967,10
"{""dynamic.change_interval"": 30}",uncertainty_aware,6,0.3165254539087751,0.20524893695575985,0.1696992094107069,0.4633516984068433,10,0.0,0.0,0.0,0.0,10,0.0109375,0.029508782237948526,-0.010171811161222542,0.032046811161222544,10,0.0612307782322206,0.07707520522345375,0.006094497895154392,0.11636705856928681,10,0.5216183624627099,0.014060329262281592,0.5115602088244668,0.5316765161009529,10,0.3326349500742086,0.21251322403085124,0.18061214764989195,0.4846577524985253,10
"{""dynamic.change_interval"": 30}",ucb,7,0.6558629315390495,0.1268295726594136,0.5651345208535881,0.746591342224511,10,0.06782694440162543,0.026303451232536808,0.04901058891110271,0.08664329989214814,10,0.0109375,0.03458741190809165,-0.013804843968716712,0.03567984396871671,10,0.11910499660726229,0.07132522633639826,0.06808200337633837,0.17012798983818622,10,0.7210134433004416,1.1702778228589004e-16,0.7210134433004415,0.7210134433004417,10,0.6719133786096113,0.1499693472225576,0.5646317703873914,0.7791949868318312,10
"{""dynamic.change_interval"": 30}",sliding_window_ucb,7,0.6558629315390495,0.1268295726594136,0.5651345208535881,0.746591342224511,10,0.06782694440162543,0.026303451232536808,0.04901058891110271,0.08664329989214814,10,0.0109375,0.03458741190809165,-0.013804843968716712,0.03567984396871671,10,0.11910499660726229,0.07132522633639826,0.06808200337633837,0.17012798983818622,10,0.7210134433004416,1.1702778228589004e-16,0.7210134433004415,0.7210134433004417,10,0.6719133786096113,0.1499693472225576,0.5646317703873914,0.7791949868318312,10
"{""dynamic.change_interval"": 30}",discounted_ucb,7,0.7005175037660079,0.15504212494755482,0.5896070489656674,0.8114279585663483,10,0.06161139393738409,0.024183905380378005,0.04431127020976211,0.07891151766500606,10,0.00625,0.01976423537605237,-0.00788848226783812,0.02038848226783812,10,0.11551813355284804,0.06078412163565554,0.07203579236634658,0.1590004747393495,10,0.7568916875395983,0.009530087973885257,0.7500742732928031,0.7637091017863936,10,0.7382388058365421,0.16963827330912698,0.6168868955049206,0.8595907161681636,10
"{""dynamic.change_interval"": 30}",uncertainty_aware,7,0.3287787772699076,0.22974869964959843,0.1644264583337265,0.49313109620608875,10,0.012253323361132471,0.02778732935033699,-0.007624534588603588,0.032131181310868534,10,0.0078125,0.01983274246318726,-0.006374989285729207,0.02199998928572921,10,0.0673432772822099,0.09103265955271243,0.00222243560069163,0.13246411896372817,10,0.522837448578571,0.01371649320619112,0.51302526043758,0.5326496367195619,10,0.3489190123881403,0.25992728137227344,0.1629782366037101,0.5348597881725705,10
"{""dynamic.change_interval"": 30}",ucb,8,0.7795397994622342,0.17743769387472746,0.652608519766303,0.9064710791581654,10,0.12367686792318462,0.07753267526979278,0.06821333322918698,0.17914040261718228,10,0.009375,0.01092509216843908,0.0015596598687479743,0.017190340131252025,10,0.1747314628355532,0.08253318297385781,0.11569078042200472,0.23377214524910167,10,0.7139511220081769,0.05734428282120013,0.6729294932730828,0.754972750743271,10,0.8005849932961443,0.17982114166893617,0.6719486977605631,0.9292212888317255,10
"{""dynamic.change_interval"": 30}",sliding_window_ucb,8,0.7795397994622342,0.17743769387472746,0.652608519766303,0.9064710791581654,10,0.12367686792318462,0.07753267526979278,0.06821333322918698,0.17914040261718228,10,0.009375,0.01092509216843908,0.0015596598687479743,0.017190340131252025,10,0.1747314628355532,0.08253318297385781,0.11569078042200472,0.23377214524910167,10,0.7139511220081769,0.05734428282120013,0.6729294932730828,0.754972750743271,10,0.8005849932961443,0.17982114166893617,0.6719486977605631,0.9292212888317255,10
"{""dynamic.change_interval"": 30}",discounted_ucb,8,0.8355151921271663,0.20472109344189401,0.6890665441320232,0.9819638401223094,10,0.13499768836115833,0.07932673359968379,0.07825076165112724,0.19174461507118942,10,0.0109375,0.012863634411696322,0.0017354102874837796,0.02013958971251622,10,0.1760837012847142,0.08320679545550341,0.11656114553046062,0.2356062570389678,10,0.7804196501005146,0.050857668772999604,0.7440382655212818,0.8168010346797474,10,0.8682626589722361,0.20776805135828333,0.7196343485893479,1.0168909693551242,10
"{""dynamic.change_interval"": 30}",uncertainty_aware,8,0.36273405546349496,0.2645132950691371,0.1735126431100562,0.5519554678169337,10,0.03395527819358733,0.08085521445162977,-0.023885057849554255,0.09179561423672891,10,0.0078125,0.01518477055949297,-0.0030500304855817263,0.018675030485581726,10,0.08144573416177654,0.09339999988669398,0.014631399223519831,0.14826006910003325,10,0.5188155834783827,0.021217718469592948,0.5036373420418431,0.5339938249149224,10,0.38430489840089666,0.2768349739883705,0.18626908793921335,0.5823407088625799,10
"{""dynamic.change_interval"": 30}",ucb,9,0.8816731636917833,0.23655138212549498,0.7124544988672237,1.0508918285163429,10,0.10213336422954913,0.06429893267813257,0.056136678690567654,0.14813004976853061,10,0.01875,0.026352313834736494,-0.0001013096904508258,0.03760130969045082,10,0.17954067350351374,0.09126702813555118,0.11425217463771507,0.2448291723693124,10,0.6334096847967331,0.04402729556967078,0.6019144548589792,0.664904914734487,10,0.9225243177247296,0.23316110168197046,0.7557309134286825,1.0893177220207768,10
"{""dynamic.change_interval"": 30}",sliding_window_ucb,9,0.8816731636917833,0.23655138212549498,0.7124544988672237,1.0508918285163429,10,0.10213336422954913,0.06429893267813257,0.056136678690567654,0.14813004976853061,10,0.01875,0.026352313834736494,-0.0001013096904508258,0.03760130969045082,10,0.17954067350351374,0.09126702813555118,0.11425217463771507,0.2448291723693124,10,0.6334096847967331,0.04402729556967078,0.6019144548589792,0.664904914734487,10,0.9225243177247296,0.23316110168197046,0.7557309134286825,1.0893177220207768,10
"{""dynamic.change_interval"": 30}",discounted_ucb,9,0.9327472497428377,0.2545302150773153,0.7506673026045827,1.1148271968810928,10,0.09723205761567144,0.06713072881046393,0.04920962715707564,0.14525448807426725,10,0.0140625,0.01719538960335331,0.0017616592960811063,0.026363340703918894,10,0.17717530451600455,0.08909387143508608,0.11344138830367842,0.24090922072833068,10,0.6804206659481739,0.053172010141917456,0.6423837012878711,0.7184576306084766,10,0.9878366144133123,0.25101304895010107,0.8082726963536682,1.1674005324729564,10
"{""dynamic.change_interval"": 30}",uncertainty_aware,9,0.3711742696259023,0.2580433943897164,0.18658114540454576,0.5557673938472588,10,0.00844021416240732,0.026690300692817432,-0.010652876761105006,0.027533305085919647,10,0.009375,0.01679637030895531,-0.00264039949604869,0.02139039949604869,10,0.07408053217043907,0.08270136757732575,0.014919537739318901,0.13324152660155925,10,0.5029471944957468,0.06755470830804629,0.454621467375558,0.5512729216159356,10,0.4007840814964074,0.26755895486722786,0.20938393537311334,0.5921842276197014,10
"{""dynamic.change_interval"": 30}",ucb,10,0.9470455347250638,0.23183484052950942,0.7812008805035737,1.112890188946554,10,0.06537237103328034,0.023639554924511884,0.048461652163540085,0.08228308990302058,10,0.00625,0.013176156917368249,-0.003175654845225414,0.015675654845225415,10,0.12899305869388927,0.07056922110706089,0.07851087902473514,0.1794752383630434,10,0.6463860287278758,0.044929260511765795,0.6142455719398349,0.6785264855159167,10,0.9962837728893417,0.23283131402845583,0.8297262844687459,1.1628412613099375,10
"{""dynamic.change_interval"": 30}",sliding_window_ucb,10,0.9470455347250638,0.23183484052950942,0.7812008805035737,1.112890188946554,10,0.06537237103328034,0.023639554924511884,0.048461652163540085,0.08228308990302058,10,0.00625,0.013176156917368249,-0.003175654845225414,0.015675654845225415,10,0.12899305869388927,0.07056922110706089,0.07851087902473514,0.1794752383630434,10,0.6463860287278758,0.044929260511765795,0.6142455719398349,0.6785264855159167,10,0.9962837728893417,0.23283131402845583,0.8297262844687459,1.1628412613099375,10
"{""dynamic.change_interval"": 30}",discounted_ucb,10,0.9987194385842111,0.24663459076052627,0.8222876808280606,1.1751511963403616,10,0.06597218884137315,0.021728589044379076,0.05042849261109399,0.0815158850716523,10,0.0046875,0.010546071214227388,-0.0028567048741424015,0.0122317048741424,10,0.12849356491458297,0.06817150889629216,0.07972660523397482,0.17726052459519112,10,0.6825425665564293,0.006851569097793735,0.6776412492854662,0.6874438838273924,10,1.061096575798618,0.2508173606374942,0.8816726447248184,1.2405205068724174,10
"{""dynamic.change_interval"": 30}",uncertainty_aware,10,0.3711742696259023,0.2580433943897164,0.18658114540454576,0.5557673938472588,10,0.0,0.0,0.0,0.0,10,0.0140625,0.03489971993281449,-0.01090325567099777,0.03902825567099777,10,0.06472027243769399,0.08263375114979096,0.0056076478849690845,0.12383289699041888,10,0.5034422341256806,0.06825776221078561,0.45461357254088514,0.552270895710476,10,0.4102707504048241,0.28067960308914464,0.20948465796493826,0.6110568428447098,10
"{""dynamic.change_interval"": 30}",ucb,11,0.9966656687154121,0.23009590425604073,0.8320649745662214,1.1612663628646027,10,0.049620133990348377,0.03550242544325622,0.024223228770178885,0.07501703921051786,10,0.0109375,0.020898336091394666,-0.004012269046644548,0.025887269046644547,10,0.13276686700468465,0.08101520801000345,0.0748120784646468,0.1907216555447225,10,0.6090582195184491,0.044523186284312746,0.5772082507333606,0.6409081883035376,10,1.0651179576326195,0.2305699209431809,0.9001781723727295,1.2300577428925097,10
"{""dynamic.change_interval"": 30}",sliding_window_ucb,11,0.9966656687154121,0.23009590425604073,0.8320649745662214,1.1612663628646027,10,0.049620133990348377,0.03550242544325622,0.024223228770178885,0.07501703921051786,10,0.0109375,0.020898336091394666,-0.004012269046644548,0.025887269046644547,10,0.13276686700468465,0.08101520801000345,0.0748120784646468,0.1907216555447225,10,0.6090582195184491,0.044523186284312746,0.5772082507333606,0.6409081883035376,10,1.0651179576326195,0.2305699209431809,0.9001781723727295,1.2300577428925097,10
"{""dynamic.change_interval"": 30}",discounted_ucb,11,1.088195145493874,0.26154554198299124,0.901096735805878,1.2752935551818703,10,0.0894757069096628,0.037844017481373206,0.06240372765401902,0.11654768616530659,10,0.0203125,0.03298154208122409,-0.003281073897948704,0.043906073897948705,10,0.16044186431093965,0.08842536036463867,0.09718617210958773,0.22369755651229156,10,0.6814383026817545,0.04201779296256403,0.6513805843115961,0.711496021051913,10,1.1576057578481511,0.2748027249221829,0.9610237307906535,1.3541877849056487,10
"{""dynamic.change_interval"": 30}",uncertainty_aware,11,0.3799957522669791,0.27677067611288964,0.18200593773456145,0.5779855667993968,10,0.008821482641076881,0.02789597748544058,-0.011134097502428282,0.028777062784582044,10,0.0109375,0.020898336091394666,-0.004012269046644548,0.025887269046644547,10,0.07570423760353868,0.08172039679385595,0.01724498739694643,0.13416348781013093,10,0.5037357785650625,0.06824693030653188,0.45491486565777994,0.552556691472345,10,0.4220423057469559,0.302990413170271,0.20529602123734206,0.6387885902565698,10
"{""dynamic.change_interval"": 30}",ucb,12,1.0904951589225733,0.20150447130974028,0.9463475437836213,1.2346427740615253,10,0.09382949020716103,0.0781762165812752,0.03790559379170564,0.14975338662261642,10,0.0125,0.01920738428602685,-0.0012401349949812263,0.026240134994981228,10,0.16083438394755584,0.08576871513396019,0.09947914125873077,0.22218962663638092,10,0.57499163222452,0.02770041202857269,0.555175951181158,0.5948073132678819,10,1.1550163518138785,0.19941959722945912,1.0123601657463717,1.2976725378813854,10
"{""dynamic.change_interval"": 30}",sliding_window_ucb,12,1.0904951589225733,0.20150447130974028,0.9463475437836213,1.2346427740615253,10,0.09382949020716103,0.0781762165812752,0.03790559379170564,0.14975338662261642,10,0.0125,0.01920738428602685,-0.0012401349949812263,0.026240134994981228,10,0.16083438394755584,0.08576871513396019,0.09947914125873077,0.22218962663638092,10,0.57499163222452,0.02770041202857269,0.555175951181158,0.5948073132678819,10,1.1550163518138785,0.19941959722945912,1.0123601657463717,1.2976725378813854,10
"{""dynamic.change_interval"": 30}",discounted_ucb,12,1.200646412973916,0.24353900708949738,1.0264291023749008,1.3748637235729313,10,0.11245126748004239,0.0721298551093297,0.060852677499645035,0.16404985746043974,10,0.0171875,0.020104436526686233,0.0028056524896307687,0.03156934751036923,10,0.17917484795346714,0.08799888095512738,0.11622424074297096,0.24212545516396333,10,0.6286854421258568,0.032660136348126236,0.6053217880387038,0.6520490962130097,10,1.2658446160353212,0.2593284278434725,1.0803322342583943,1.451356997812248,10
"{""dynamic.change_interval"": 30}",uncertainty_aware,12,0.38999898592165316,0.2756818025261484,0.19278810462925913,0.5872098672140472,10,0.010003233654674,0.03163300231562008,-0.012625653008949977,0.03263212031829797,10,0.0140625,0.025989531145572186,-0.004529290588384116,0.032654290588384115,10,0.07830290997030293,0.08487855607025216,0.017584448715129507,0.13902137122547634,10,0.5028003133691584,0.06774856338370665,0.4543359106818351,0.5512647160564818,10,0.429409225950962,0.31024046996724053,0.20747656324282826,0.6513418886590957,10
"{""dynamic.change_interval"": 30}",ucb,13,1.2000643355515943,0.22781378676698064,1.0370961699084795,1.363032501194709,10,0.10956917662902096,0.08869910466278633,0.0461176595535142,0.17302069370452772,10,0.01875,0.03359274061791063,-0.005280798992097383,0.042780798992097385,10,0.17993675753233976,0.09127704413867876,0.11464109364953337,0.24523242141514615,10,0.601009542060263,0.04291999242273699,0.5703064290756908,0.6317126550448352,10,1.2717313640235879,0.23362244080437836,1.1046079376003237,1.438854790446852,10
"{""dynamic.change_interval"": 30}",sliding_window_ucb,13,1.2000643355515943,0.22781378676698064,1.0370961699084795,1.363032501194709,10,0.10956917662902096,0.08869910466278633,0.0461176595535142,0.17302069370452772,10,0.01875,0.03359274061791063,-0.005280798992097383,0.042780798992097385,10,0.17993675753233976,0.09127704413867876,0.11464109364953337,0.24523242141514615,10,0.601009542060263,0.04291999242273699,0.5703064290756908,0.6317126550448352,10,1.2717313640235879,0.23362244080437836,1.1046079376003237,1.438854790446852,10
"{""dynamic.change_interval"": 30}",discounted_ucb,13,1.3134048511638103,0.2861087507683155,1.1087349804379991,1.5180747218896216,10,0.11275843818989406,0.0876035379059769,0.05009064235984216,0.17542623401994595,10,0.0140625,0.01719538960335331,0.0017616592960811063,0.026363340703918894,10,0.17680833421127243,0.08623225334435794,0.11512149626244986,0.238495172160095,10,0.6469069375679102,0.036549660146066754,0.6207608857708945,0.6730529893649259,10,1.3794312049239632,0.29714982698818043,1.166863024074728,1.5919993857731984,10
"{""dynamic.change_interval"": 30}",uncertainty_aware,13,0.4006030526336318,0.2946382525746787,0.18983154388599857,0.611374561381265,10,0.01060406671197863,0.03353300327022518,-0.013383998755906545,0.0345921321798638,10,0.0109375,0.019557274328665195,-0.0030529312533191244,0.024927931253319123,10,0.07493924523379311,0.08153962480761921,0.016609311515964537,0.1332691789516217,10,0.50316798037541,0.06761924485272718,0.4547960865922951,0.5515398741585249,10,0.44112672586212476,0.3511268993344007,0.18994567354498854,0.692307778179261,10
"{""dynamic.change_interval"": 30}",ucb,14,1.3017015530131912,0.24506126834351513,1.1263952823133958,1.4770078237129867,10,0.10163721746159697,0.07252286061114457,0.04975748828138493,0.153516946641809,10,0.0125,0.020571268393886982,-0.0022157989105067184,0.027215798910506718,10,0.16172237177610654,0.08538087813371222,0.10064457096380666,0.22280017258840643,10,0.5572434713253726,0.03171902324408493,0.5345530489965117,0.5799338936542334,10,1.3756103031812108,0.2509944139862522,1.1960597157716488,1.5551608905907728,10
"{""dynamic.change_interval"": 30}",sliding_window_ucb,14,1.3017015530131912,0.24506126834351513,1.1263952823133958,1.4770078237129867,10,0.10163721746159697,0.07252286061114457,0.04975748828138493,0.153516946641809,10,0.0125,0.020571268393886982,-0.0022157989105067184,0.027215798910506718,10,0.16172237177610654,0.08538087813371222,0.10064457096380666,0.22280017258840643,10,0.5572434713253726,0.03171902324408493,0.5345530489965117,0.5799338936542334,10,1.3756103031812108,0.2509944139862522,1.1960597157716488,1.5551608905907728,10
"{""dynamic.change_interval"": 30}",discounted_ucb,14,1.410636596850032,0.2858111190893458,1.2061796390012127,1.6150935546988514,10,0.0972317456862217,0.07168770177186991,0.045949453149282,0.1485140382231614,10,0.0140625,0.02492392940417791,-0.003767005023644519,0.03189200502364452,10,0.16286235825295367,0.08665854793203041,0.10087056752685414,0.2248541489790532,10,0.6241378349712094,0.03341704429042418,0.6002327215603362,0.6480429483820827,10,1.4844501305584332,0.3100390869829339,1.2626615285588718,1.7062387325579946,10
"{""dynamic.change_interval"": 30}",uncertainty_aware,14,0.41215171153540614,0.3180319691353966,0.18464534608932956,0.6396580769814827,10,0.011548658901774329,0.03652006604998565,-0.014576222554233225,0.03767354035778188,10,0.015625,0.02946278254943948,-0.005451404966374283,0.03670140496637428,10,0.0783220151079763,0.08622385210582167,0.0166411870431595,0.1400028431727931,10,0.5031663846160003,0.06712026708559629,0.4551514380245371,0.5511813312074635,10,0.4616053083516175,0.3977355912546938,0.17708240639021666,0.7461282103130183,10
"{""dynamic.change_interval"": 30}",ucb,15,1.4080323836926036,0.29538728334519004,1.1967250506104874,1.6193397167747199,10,0.10633083067941232,0.07923864681221382,0.0496469174611242,0.16301474389770043,10,0.0140625,0.015537951968933646,0.0029473187541081917,0.025177681245891807,10,0.17717583477721205,0.08733410298521503,0.11470078107844157,0.23965088847598254,10,0.5327688937179224,0.019653948321412155,0.5187093060562622,0.5468284813795825,10,1.4818328213298957,0.2718160664212318,1.2873873210568823,1.6762783216029091,10
"{""dynamic.change_interval"": 30}",sliding_window_ucb,15,1.4080323836926036,0.29538728334519004,1.1967250506104874,1.6193397167747199,10,0.10633083067941232,0.07923864681221382,0.0496469174611242,0.16301474389770043,10,0.0140625,0.015537951968933646,0.0029473187541081917,0.025177681245891807,10,0.17717583477721205,0.08733410298521503,0.11470078107844157,0.23965088847598254,10,0.5327688937179224,0.019653948321412155,0.5187093060562622,0.5468284813795825,10,1.4818328213298957,0.2718160664212318,1.2873873210568823,1.6762783216029091,10
"{""dynamic.change_interval"": 30}",discounted_ucb,15,1.5086008876735644,0.3249866368616151,1.2761194526406832,1.7410823227064456,10,0.09796429082353245,0.08450402642476573,0.03751375193675511,0.1584148297103098,10,0.0171875,0.020104436526686233,0.0028056524896307687,0.03156934751036923,10,0.17156936649826535,0.08378620464199986,0.11163232638105844,0.23150640661547225,10,0.6013172956530438,0.03311245033199668,0.577630075633854,0.6250045156722336,10,1.5850661804281714,0.3258933403537271,1.351936128790524,1.8181962320658187,10
"{""dynamic.change_interval"": 30}",uncertainty_aware,15,0.4204037282219481,0.3189800726788963,0.19221913035843702,0.6485883260854592,10,0.008252016686541951,0.026095168019188302,-0.010415341968910473,0.026919375341994373,10,0.00625,0.01092509216843908,-0.001565340131252025,0.014065340131252026,10,0.07184582965352376,0.07666225044933557,0.01700495936598384,0.12668669994106369,10,0.5021535779037509,0.06758886307341028,0.4538034179362866,0.5505037378712153,10,0.4624978213766141,0.3980686766061903,0.17773664450873672,0.7472589982444915,10
"{""dynamic.change_interval"": 30}",ucb,16,1.5051916610215355,0.32808012175817347,1.2704972802043306,1.7398860418387403,10,0.09715927732893176,0.08197429287426052,0.03851840080781873,0.15580015385004478,10,0.015625,0.01647019614671031,0.0038429314434682317,0.02740706855653177,10,0.1857938266757143,0.09439966107259319,0.1182643772044761,0.2533232761469525,10,0.5355693863604408,0.0366483141830893,0.5093527617167375,0.5617860110041442,10,1.570501774224465,0.27560503602492825,1.3733458083788672,1.7676577400700626,10
"{""dynamic.change_interval"": 30}",sliding_window_ucb,16,1.5051916610215355,0.32808012175817347,1.2704972802043306,1.7398860418387403,10,0.09715927732893176,0.08197429287426052,0.03851840080781873,0.15580015385004478,10,0.015625,0.01647019614671031,0.0038429314434682317,0.02740706855653177,10,0.1857938266757143,0.09439966107259319,0.1182643772044761,0.2533232761469525,10,0.5355693863604408,0.0366483141830893,0.5093527617167375,0.5617860110041442,10,1.570501774224465,0.27560503602492825,1.3733458083788672,1.7676577400700626,10
"{""dynamic.change_interval"": 30}",discounted_ucb,16,1.6001297006027997,0.389198449971088,1.3217139016160244,1.878545499589575,10,0.09152881292923505,0.08491033791566176,0.030787616311462818,0.15227000954700728,10,0.0203125,0.022158382693940257,0.00446134791435732,0.03616365208564268,10,0.1812926238405475,0.08867512066199282,0.1178582638856416,0.2447269837954534,10,0.6063038644792981,0.025006066981126483,0.5884156017727422,0.6241921271858539,10,1.669233930487574,0.3427987914158029,1.424010447683823,1.9144574132913252,10
"{""dynamic.change_interval"": 30}",uncertainty_aware,16,0.4287419691590103,0.3122898935421676,0.20534323714325722,0.6521407011747634,10,0.00833824093706224,0.026367833040373375,-0.010524170524316381,0.027200652398440862,10,0.0171875,0.029874229999374974,-0.004183236741136926,0.038558236741136925,10,0.09407301797639464,0.09011761901729333,0.029606756861147693,0.1585392790916416,10,0.5048854101833664,0.06789553210683472,0.4563158724049891,0.5534549479617437,10,0.4594459655718636,0.3994994599211164,0.17366126797868098,0.7452306631650463,10
"{""dynamic.change_interval"": 30}",ucb,17,1.5458084666585838,0.30606822016310387,1.3268604516613478,1.7647564816558199,10,0.04061680563704839,0.03491697862341159,0.01563870384254367,0.0655949074315531,10,0.009375,0.021092142428454776,-0.005713409748284803,0.0244634097482848,10,0.13020125795417176,0.07336587789012664,0.07771847054157241,0.1826840453667711,10,0.5188847832607845,0.024189355725746556,0.501580760590963,0.5361888059306059,10,1.6426235705991892,0.27515250954996245,1.445791322692601,1.8394558185057774,10
"{""dynamic.change_interval"": 30}",sliding_window_ucb,17,1.5458084666585838,0.30606822016310387,1.3268604516613478,1.7647564816558199,10,0.04061680563704839,0.03491697862341159,0.01563870384254367,0.0655949074315531,10,0.009375,0.021092142428454776,-0.005713409748284803,0.0244634097482848,10,0.13020125795417176,0.07336587789012664,0.07771847054157241,0.1826840453667711,10,0.5188847832607845,0.024189355725746556,0.501580760590963,0.5361888059306059,10,1.6426235705991892,0.27515250954996245,1.445791322692601,1.8394558185057774,10
"{""dynamic.change_interval"": 30}",discounted_ucb,17,1.7032366707262454,0.3997154629652383,1.4172974538637355,1.9891758875887553,10,0.10310697012344568,0.07345812000798356,0.05055819667481438,0.15565574357207698,10,0.0140625,0.018706546870904138,0.0006806425087041521,0.027444357491295847,10,0.17661810166778438,0.08586986762101421,0.11519049884878732,0.23804570448678145,10,0.5900562996758872,0.032104158422991545,0.5670903682370565,0.613022231114718,10,1.787772570575911,0.3881428877643991,1.510111875303391,2.0654332658484313,10
"{""dynamic.change_interval"": 30}",uncertainty_aware,17,0.470714184264704,0.3070812247028399,0.25104150947417025,0.6903868590552378,10,0.04197221510569379,0.03643696617833113,0.015906779716761042,0.06803765049462654,10,0.0078125,0.01518477055949297,-0.0030500304855817263,0.018675030485581726,10,0.11444975517194422,0.0716831987937681,0.06317068387148717,0.16572882647240128,10,0.5024528612511869,0.06698054239026655,0.454537867685465,0.5503678548169089,10,0.5158162591643606,0.41242419431135774,0.22078576356705376,0.8108467547616673,10
"{""dynamic.change_interval"": 30}",ucb,18,1.6350273668294057,0.34682428692397,1.3869242180138623,1.8831305156449492,10,0.0892189001708219,0.06675048646913637,0.04146847869704395,0.13696932164459985,10,0.0140625,0.018706546870904138,0.0006806425087041521,0.027444357491295847,10,0.17635958464573004,0.08651953682904039,0.11446723647216347,0.2382519328192966,10,0.5011295024681599,0.024690276645879056,0.4834671425587677,0.5187918623775521,10,1.739698123890922,0.31721161105820833,1.5127786072607452,1.9666176405210987,10
"{""dynamic.change_interval"": 30}",sliding_window_ucb,18,1.6350273668294057,0.34682428692397,1.3869242180138623,1.8831305156449492,10,0.0892189001708219,0.06675048646913637,0.04146847869704395,0.13696932164459985,10,0.0140625,0.018706546870904138,0.0006806425087041521,0.027444357491295847,10,0.17635958464573004,0.08651953682904039,0.11446723647216347,0.2382519328192966,10,0.5011295024681599,0.024690276645879056,0.4834671425587677,0.5187918623775521,10,1.739698123890922,0.31721161105820833,1.5127786072607452,1.9666176405210987,10
"{""dynamic.change_interval"": 30}",discounted_ucb,18,1.7611729320225185,0.412458877939724,1.466117625252135,2.056228238792902,10,0.05793626129627277,0.05010669568922865,0.022092090498726867,0.09378043209381867,10,0.0109375,0.016552342272990316,-0.0009033323552663612,0.02277833235526636,10,0.1577699069049118,0.0833828961237173,0.09812137632150225,0.21741843748832135,10,0.5822211181981766,0.02862314586898597,0.5617453531296859,0.6026968832666673,10,1.8662574461268253,0.40183034644018517,1.5788053327651517,2.153709559488499,10
"{""dynamic.change_interval"": 30}",uncertainty_aware,18,0.48677854905335405,0.328189053773148,0.25200624296695395,0.7215508551397541,10,0.01606436478864999,0.0339361169737967,-0.008212070850983605,0.040340800428283585,10,0.009375,0.015095184110613998,-0.001423444200693182,0.020173444200693183,10,0.09527520802786918,0.0943468265132522,0.02778355412353041,0.16276686193220796,10,0.4842749795925313,0.06165883039102785,0.44016690945714576,0.5283830497279168,10,0.5318064358382324,0.4350132379663463,0.22061671186265747,0.8429961598138074,10
"{""dynamic.change_interval"": 30}",ucb,19,1.7381699506822001,0.3556405637737339,1.4837600173370729,1.9925798840273274,10,0.10314258385279466,0.08823639625889544,0.04002206842947008,0.16626309927611926,10,0.025,0.03310468454598064,0.0013183352894672769,0.04868166471053273,10,0.1860304722834402,0.0962318506942371,0.11719035331327884,0.25487059125360156,10,0.5167048416493085,0.041661424371686885,0.4869020540117114,0.5465076292869057,10,1.8401091620265682,0.31735779627379035,1.6130850707928714,2.067133253260265,10
"{""dynamic.change_interval"": 30}",sliding_window_ucb,19,1.7381699506822001,0.3556405637737339,1.4837600173370729,1.9925798840273274,10,0.10314258385279466,0.08823639625889544,0.04002206842947008,0.16626309927611926,10,0.025,0.03310468454598064,0.0013183352894672769,0.04868166471053273,10,0.1860304722834402,0.0962318506942371,0.11719035331327884,0.25487059125360156,10,0.5167048416493085,0.041661424371686885,0.4869020540117114,0.5465076292869057,10,1.8401091620265682,0.31735779627379035,1.6130850707928714,2.067133253260265,10
"{""dynamic.change_interval"": 30}",discounted_ucb,19,1.8425380206383104,0.4484207447626485,1.521757144083915,2.1633188971927058,10,0.08136508861579193,0.07362309904235484,0.028698296275579856,0.13403188095600402,10,0.0203125,0.03298154208122409,-0.003281073897948704,0.043906073897948705,10,0.1671952140240983,0.09192287744146918,0.10143754882802351,0.23295287922017305,10,0.5775200790020925,0.01865010207192283,0.564178599687555,0.5908615583166299,10,1.9478332260031301,0.4308701912969227,1.6396072590743593,2.256059192931901,10
"{""dynamic.change_interval"": 30}",uncertainty_aware,19,0.5037788050794658,0.34993402155894765,0.25345108611699996,0.7541065240419317,10,0.01700025602611169,0.03632714897811259,-0.00898662087024842,0.042987132922471805,10,0.015625,0.02551551815399144,-0.0026277021213286372,0.03387770212132864,10,0.09884248616774809,0.08540394000788841,0.037748187884491226,0.15993678445100495,10,0.4815378675829347,0.05993259641094766,0.4386646708465513,0.5244110643193182,10,0.5450294878581865,0.4526733145179312,0.22120650616115256,0.8688524695552204,10
"{""dynamic.change_interval"": 30}",ucb,20,1.804524053918091,0.39423752318426414,1.5225035191084892,2.0865445887276923,10,0.06635410323589055,0.06458528995185328,0.020152570043572966,0.11255563642820815,10,0.009375,0.013176156917368247,-5.06548452254129e-05,0.01880065484522541,10,0.15177547497463778,0.0909434539901907,0.08671844710832201,0.21683250284095357,10,0.48200262110996916,0.024567263996051556,0.464428259149155,0.49957698307078335,10,1.9216423145570585,0.33629376876680794,1.6810722446288766,2.1622123844852403,10
"{""dynamic.change_interval"": 30}",sliding_window_ucb,20,1.804524053918091,0.39423752318426414,1.5225035191084892,2.0865445887276923,10,0.06635410323589055,0.06458528995185328,0.020152570043572966,0.11255563642820815,10,0.009375,0.013176156917368247,-5.06548452254129e-05,0.01880065484522541,10,0.15177547497463778,0.0909434539901907,0.08671844710832201,0.21683250284095357,10,0.48200262110996916,0.024567263996051556,0.464428259149155,0.49957698307078335,10,1.9216423145570585,0.33629376876680794,1.6810722446288766,2.1622123844852403,10
"{""dynamic.change_interval"": 30}",discounted_ucb,20,1.9219053627689273,0.42806242417791374,1.6156879514391465,2.228122774098708,10,0.07936734213061723,0.06404782907340664,0.03355028528939501,0.12518439897183947,10,0.0171875,0.034113589362110036,-0.007215891738235784,0.04159089173823578,10,0.1647409748885527,0.0921492741513435,0.09882135524257629,0.23066059453452908,10,0.568510456553059,0.02577569886471891,0.5500716323635065,0.5869492807426114,10,2.042331878447535,0.43931046606155705,1.7280681026774438,2.3565956542176263,10
"{""dynamic.change_interval"": 30}",uncertainty_aware,20,0.5722033108014891,0.3803327470901545,0.30012965359703037,0.8442769680059479,10,0.06842450572202323,0.07361930786775261,0.015760425424744665,0.1210885860193018,10,0.01875,0.03359274061791062,-0.00528079899209738,0.04278079899209738,10,0.1449217824308265,0.10879489888444883,0.0670946001775329,0.22274896468412014,10,0.47968378786720756,0.06025686440044109,0.43657862378514906,0.522788951949266,10,0.6197089478448655,0.4933776026040145,0.26676787256211293,0.9726500231276181,10
"{""dynamic.change_interval"": 30}",ucb,21,1.888324572837785,0.43260927779640285,1.5788545383715,2.19779460730407,10,0.08380051891969406,0.06502773859493013,0.03728247703500627,0.13031856080438187,10,0.0109375,0.016552342272990316,-0.0009033323552663612,0.02277833235526636,10,0.153225352094312,0.09271916403987653,0.08689805778092058,0.21955264640770344,10,0.4706117229982678,0.016100585088446674,0.4590940582647946,0.482129387731741,10,1.9968277425164556,0.3485242054096941,1.747508545272532,2.246146939760379,10
"{""dynamic.change_interval"": 30}",sliding_window_ucb,21,1.888324572837785,0.43260927779640285,1.5788545383715,2.19779460730407,10,0.08380051891969406,0.06502773859493013,0.03728247703500627,0.13031856080438187,10,0.0109375,0.016552342272990316,-0.0009033323552663612,0.02277833235526636,10,0.153225352094312,0.09271916403987653,0.08689805778092058,0.21955264640770344,10,0.4706117229982678,0.016100585088446674,0.4590940582647946,0.482129387731741,10,1.9968277425164556,0.3485242054096941,1.747508545272532,2.246146939760379,10
"{""dynamic.change_interval"": 30}",discounted_ucb,21,2.0016549422494854,0.42333171044113227,1.6988216796615652,2.304488204837406,10,0.07974957948055827,0.06534043262730545,0.03300784976034947,0.12649130920076707,10,0.00625,0.008068715304598784,0.0004779887844014478,0.012022011215598552,10,0.15639220933925294,0.0796512846271967,0.09941311281034487,0.213371305868161,10,0.5608645995815543,0.021626249595853318,0.5453941125825331,0.5763350865805755,10,2.120684163651873,0.44186087130075874,1.8045959378808503,2.436772389422896,10
"{""dynamic.change_interval"": 30}",uncertainty_aware,21,0.616689623542658,0.41707908387175563,0.31832922055170754,0.9150500265336085,10,0.04448631274116895,0.04856463946327043,0.009745262514284585,0.07922736296805333,10,0.01875,0.023058274605394433,0.0022551040208555265,0.03524489597914447,10,0.1223396156314251,0.09540394586702358,0.05409174409691203,0.19058748716593818,10,0.4730851561716875,0.05594021055204536,0.43306794023084005,0.513102372112535,10,0.6640086393413756,0.5291659661033942,0.28546611107532066,1.0425511676074304,10
"{""dynamic.change_interval"": 30}",ucb,22,1.9959195748813419,0.4609969464661588,1.666142225587238,2.3256969241754457,10,0.10759500204355685,0.08627090226087915,0.045880516325391855,0.16930948776172183,10,0.01875,0.025301995419773165,0.0006500428411799174,0.036849957158820085,10,0.18047078422254498,0.09034944473961141,0.11583868497585205,0.24510288346923792,10,0.4759789419041005,0.030360605058020695,0.4542602734058609,0.4976976104023401,10,2.1070881796067638,0.3931518700091686,1.8258442742934748,2.3883320849200524,10
"{""dynamic.change_interval"": 30}",sliding_window_ucb,22,1.9959195748813419,0.4609969464661588,1.666142225587238,2.3256969241754457,10,0.10759500204355685,0.08627090226087915,0.045880516325391855,0.16930948776172183,10,0.01875,0.025301995419773165,0.0006500428411799174,0.036849957158820085,10,0.18047078422254498,0.09034944473961141,0.11583868497585205,0.24510288346923792,10,0.4759789419041005,0.030360605058020695,0.4542602734058609,0.4976976104023401,10,2.1070881796067638,0.3931518700091686,1.8258442742934748,2.3883320849200524,10
"{""dynamic.change_interval"": 30}",discounted_ucb,22,2.0964831512519995,0.41212695415645584,1.8016652884522388,2.39130101405176,10,0.0948282090025141,0.06531366295758977,0.04810562915040743,0.14155078885462077,10,0.0109375,0.012863634411696322,0.0017354102874837796,0.02013958971251622,10,0.17455483121792584,0.08297712699380039,0.11519657038383922,0.23391309205201244,10,0.549363727913933,0.01226875437117585,0.5405871897466377,0.5581402660812282,10,2.2250286477375623,0.4144127466008747,1.9285756275270307,2.521481667948094,10
"{""dynamic.change_interval"": 30}",uncertainty_aware,22,0.6492020152105412,0.41381125430372745,0.3531792766686726,0.9452247537524099,10,0.03251239166788315,0.04229893437768892,0.002253556844855776,0.06277122649091053,10,0.015625,0.02209708691207961,-0.00018230372478071286,0.031432303724780716,10,0.12052454902444854,0.076940851006727,0.06548437990416645,0.17556471814473062,10,0.4661577602763874,0.05593199011637771,0.426146424880965,0.5061690956718098,10,0.7143228412335876,0.5244597889836689,0.33914690927093255,1.0894987731962427,10
"{""dynamic.change_interval"": 30}",ucb,23,2.1137446731008467,0.4562733742932773,1.787346363781548,2.4401429824201455,10,0.11782509821950479,0.0707588868376505,0.06720723986014406,0.16844295657886554,10,0.025,0.024650332429581735,0.0073662144615903695,0.04263378553840963,10,0.21394151545446652,0.08226158742474389,0.1550951207926124,0.27278791011632064,10,0.4654090953156421,0.026340555160278525,0.4465661972741701,0.48425199335711416,10,2.2281316931082147,0.40093355502839767,1.9413211056761943,2.514942280540235,10
"{""dynamic.change_interval"": 30}",sliding_window_ucb,23,2.1137446731008467,0.4562733742932773,1.787346363781548,2.4401429824201455,10,0.11782509821950479,0.0707588868376505,0.06720723986014406,0.16844295657886554,10,0.025,0.024650332429581735,0.0073662144615903695,0.04263378553840963,10,0.21394151545446652,0.08226158742474389,0.1550951207926124,0.27278791011632064,10,0.4654090953156421,0.026340555160278525,0.4465661972741701,0.48425199335711416,10,2.2281316931082147,0.40093355502839767,1.9413211056761943,2.514942280540235,10
"{""dynamic.change_interval"": 30}",discounted_ucb,23,2.2035213857708498,0.4533394272254853,1.8792218957483005,2.5278208757933993,10,0.10703823451885039,0.06954203003973838,0.05729086307347494,0.15678560596422583,10,0.0203125,0.025568620226319953,0.0020218109445088693,0.038603189055491136,10,0.1966420040984305,0.08780399381977422,0.13383081074609748,0.2594531974507635,10,0.5489573093427074,0.03057768488931533,0.5270833512880003,0.5708312673974144,10,2.328772649882977,0.4605396522828987,1.9993224291409366,2.6582228706250173,10
"{""dynamic.change_interval"": 30}",uncertainty_aware,23,0.6748413820633734,0.4466328082935739,0.355339518209599,0.9943432459171477,10,0.02563936685283206,0.058095072145456735,-0.015919344210311263,0.06719807791597537,10,0.015625,0.01647019614671031,0.0038429314434682317,0.02740706855653177,10,0.12144689697997053,0.10602089303292404,0.04560411896981724,0.19728967499012384,10,0.43589093159679243,0.08395782218909545,0.37583112368208194,0.4959507395115029,10,0.7428717362605424,0.5478541030990005,0.35096052013462437,1.1347829523864603,10
"{""dynamic.change_interval"": 30}",ucb,24,2.176179811197863,0.4308635189118696,1.8679586174058194,2.484401004989907,10,0.06243513809701604,0.06571668723848981,0.015424252042286542,0.10944602415174554,10,0.0046875,0.007547592055306999,-0.000711722100346591,0.010086722100346592,10,0.14146342258866873,0.07433072772926379,0.08829042318040087,0.1946364219969366,10,0.4490623331385867,0.01339261192096575,0.4394818357117021,0.4586428305654713,10,2.307564056472453,0.38073821456502766,2.0352003453096903,2.579927767635216,10
"{""dynamic.change_interval"": 30}",sliding_window_ucb,24,2.176179811197863,0.4308635189118696,1.8679586174058194,2.484401004989907,10,0.06243513809701604,0.06571668723848981,0.015424252042286542,0.10944602415174554,10,0.0046875,0.007547592055306999,-0.000711722100346591,0.010086722100346592,10,0.14146342258866873,0.07433072772926379,0.08829042318040087,0.1946364219969366,10,0.4490623331385867,0.01339261192096575,0.4394818357117021,0.4586428305654713,10,2.307564056472453,0.38073821456502766,2.0352003453096903,2.579927767635216,10
"{""dynamic.change_interval"": 30}",discounted_ucb,24,2.2834934405854583,0.4412434898150555,1.9678468629238626,2.599140018247054,10,0.07997205481460765,0.06993149907887217,0.029946074002419207,0.12999803562679607,10,0.009375,0.013176156917368247,-5.06548452254129e-05,0.01880065484522541,10,0.1586983268450458,0.08346444051726257,0.09899146291656902,0.2184051907735226,10,0.5497584266928651,0.021085363421328326,0.534674866354144,0.5648419870315863,10,2.425439917503593,0.4725215782937916,2.087418343242619,2.763461491764567,10
"{""dynamic.change_interval"": 30}",uncertainty_aware,24,0.6833634608976796,0.43962961498707104,0.36887137973968337,0.9978555420556758,10,0.00852207883430622,0.02619227268960584,-0.010214744317733112,0.027258901986345552,10,0.00625,0.01092509216843908,-0.001565340131252025,0.014065340131252026,10,0.07846175710296244,0.0736811633440205,0.025753428063562442,0.13117008614236242,10,0.4193800041105922,0.09177900815142884,0.3537252568047074,0.48503475141647695,10,0.759302434139075,0.5486834787375969,0.36679791842242854,1.1518069498557215,10
"{""dynamic.change_interval"": 30}",ucb,25,2.250404449569454,0.4331889419549383,1.940519748344207,2.560289150794701,10,0.07422463837159118,0.013736841690266212,0.06439789380199071,0.08405138294119166,10,0.0140625,0.01719538960335331,0.0017616592960811063,0.026363340703918894,10,0.16200202024515234,0.07718270761246421,0.10678883733169725,0.21721520315860743,10,0.4642790332142518,0.04198902519519795,0.4342418940651485,0.49431617236335507,10,2.381341966721666,0.3823624180603769,2.1078163703717747,2.6548675630715577,10
"{""dynamic.change_interval"": 30}",sliding_window_ucb,25,2.287808801575182,0.4616082382402244,1.9575941604889264,2.6180234426614373,10,0.11162899037731897,0.06163552742707719,0.06753759017812555,0.15572039057651238,10,0.0265625,0.028574722342385835,0.006121375035674975,0.04700362496432502,10,0.19940637225088012,0.09190638043080132,0.13366050830531478,0.26515223619644546,10,0.507252078516774,0.050695080806187044,0.4709870023624312,0.5435171546711168,10,2.418746318727394,0.41075426526200937,2.124910418408049,2.712582219046739,10
"{""dynamic.change_interval"": 30}",discounted_ucb,25,2.3329490900563306,0.44331228066364115,2.0158225885741534,2.6500755915385077,10,0.0494556494708723,0.04395830862487102,0.018009769820504,0.0809015291212406,10,0.0140625,0.02598953114557219,-0.004529290588384119,0.03265429058838412,10,0.1489755102959945,0.0872447824029102,0.08656435269262269,0.21138666789936633,10,0.5385212380609633,0.019166959202102755,0.5248100214289423,0.5522324546929843,10,2.486191317803648,0.4699173316524502,2.1500327093624545,2.8223499262448417,10
"{""dynamic.change_interval"": 30}",uncertainty_aware,25,0.7594483682092441,0.4012605896942729,0.47240383427049226,1.046492902147996,10,0.07608490731156434,0.08348795827448671,0.01636121979304389,0.13580859483008478,10,0.0265625,0.030414169418034234,0.00480551386690984,0.04831948613309016,10,0.16433858387734018,0.11297932374075367,0.08351804440549962,0.24515912334918075,10,0.6190939889150634,0.337988859073952,0.377311324429392,0.8608766534007348,10,0.8354169080204757,0.48623423462914284,0.48758589035056354,1.183247925690388,10
"{""dynamic.change_interval"": 30}",ucb,26,2.3198468639341763,0.43130181182875965,2.0113121342771896,2.628381593591163,10,0.06944241436472195,0.04543105008700379,0.03694299893868162,0.10194182979076229,10,0.0203125,0.02448470681988158,0.0027971958852979067,0.037827804114702095,10,0.18936648774876194,0.08638717082390053,0.12756882851109025,0.25116414698643363,10,0.43962457858939985,0.02487360367226688,0.4218310744256268,0.4574180827531729,10,2.4467282820678036,0.4011359337078735,2.1597729216497954,2.7336836424858117,10
"{""dynamic.change_interval"": 30}",sliding_window_ucb,26,2.351980825256269,0.4616822897836194,2.0217132108870466,2.682248439625491,10,0.06417202368108706,0.04397341578039298,0.03271533702268629,0.09562871033948783,10,0.015625,0.01948779888944761,0.0016842684819217482,0.029565731518078252,10,0.1869595308188488,0.09582710085470539,0.11840895244159415,0.25551010919610345,10,0.45012571041870925,0.023156026072356343,0.43356088725260306,0.46669053358481544,10,2.4817256771436185,0.42802321298577517,2.175536315810926,2.787915038476311,10
"{""dynamic.change_interval"": 30}",discounted_ucb,26,2.4087001322690496,0.4454986708072281,2.0900095814984727,2.7273906830396264,10,0.07575104221271907,0.056609855245474745,0.03525479131586846,0.11624729310956969,10,0.015625,0.01948779888944761,0.0016842684819217482,0.029565731518078252,10,0.1919371169630819,0.08513649094034256,0.13103414021729412,0.25284009370886973,10,0.5304258008168243,0.019248832994652493,0.5166560152018834,0.5441955864317652,10,2.5541482623641056,0.4802721621608856,2.210582254408364,2.897714270319847,10
"{""dynamic.change_interval"": 30}",uncertainty_aware,26,0.7712593846387394,0.4185073647831359,0.4718772510341418,1.070641518243337,10,0.011811016429495499,0.0272978811918363,-0.007716711399933816,0.031338744258924814,10,0.01875,0.02057126839388698,0.004034201089493282,0.03346579891050672,10,0.13155396084944432,0.09482931868691892,0.06371715283658773,0.1993907688623009,10,0.4602722832598797,0.07753407560568701,0.4048077468259294,0.51573681969383,10,0.842990696467296,0.49424861362445777,0.48942653743587733,1.1965548554987147,10
"{""dynamic.change_interval"": 30}",ucb,27,2.3816490994392012,0.42844998694796976,2.0751544424053567,2.6881437564730457,10,0.06180223550502482,0.053482367601629124,0.02354325449259237,0.10006121651745727,10,0.0140625,0.027013130166437374,-0.005261529216922934,0.033386529216922936,10,0.1407950832119066,0.07982826158178725,0.08368938499633138,0.1979007814274818,10,0.43461556755505154,0.025720341508635426,0.4162163436324706,0.45301479147763246,10,2.515242917572407,0.3967922390273339,2.2313948491416276,2.7990909860031867,10
"{""dynamic.change_interval"": 30}",sliding_window_ucb,27,2.4850880016878065,0.49364550761105486,2.131955278708119,2.838220724667494,10,0.13310717643153736,0.08816682786938952,0.07003642723608432,0.19617792562699038,10,0.0140625,0.015537951968933645,0.0029473187541081917,0.025177681245891807,10,0.186568740263186,0.07882245256800854,0.13018255447172272,0.2429549260546493,10,0.4676698515765997,0.04164342744969252,0.4378799381614377,0.49745976499176164,10,2.5960139696995013,0.4561898832836631,2.269675386250518,2.9223525531484844,10
"{""dynamic.change_interval"": 30}",discounted_ucb,27,2.529147325337609,0.5027311471794073,2.1695151273473794,2.8887795233278384,10,0.12044719306855955,0.09660904551496251,0.051337245178489255,0.18955714095862986,10,0.0171875,0.023810686355546794,0.00015436107923726475,0.03422063892076274,10,0.1941135284514484,0.08738662282000459,0.13160090432615984,0.256626152576737,10,0.5318483435778746,0.024817185320946948,0.5140951986713427,0.5496014884844065,10,2.675981343108251,0.5258168625121188,2.299834619225085,3.0521280669914166,10
"{""dynamic.change_interval"": 30}",uncertainty_aware,27,0.7932958621766888,0.4116955076146206,0.49878663764019476,1.0878050867131828,10,0.022036477537949288,0.03701288378506579,-0.00444094448824137,0.04851389956413994,10,0.009375,0.01679637030895531,-0.00264039949604869,0.02139039949604869,10,0.09442942358576509,0.09033587762854577,0.029807029665667284,0.1590518175058629,10,0.5012006991583066,0.013951458370719351,0.49122042706420366,0.5111809712524095,10,0.8651396723457575,0.4787490457775091,0.5226632362134884,1.2076161084780266,10
"{""dynamic.change_interval"": 30}",ucb,28,2.457335270034277,0.4481757212425135,2.13672967274714,2.7779408673214143,10,0.07568617059507649,0.039051782716863936,0.047750208137411765,0.1036221330527412,10,0.0078125,0.01327869664998121,-0.0016865073510882941,0.017311507351088294,10,0.1452654980212535,0.07878216954777492,0.0889081289665084,0.20162286707599858,10,0.44264294351387834,0.0326682757477983,0.41927346685095945,0.4660124201767972,10,2.5979074560444553,0.41957789584479505,2.297759510651825,2.8980554014370856,10
"{""dynamic.change_interval"": 30}",sliding_window_ucb,28,2.558592750613336,0.5452940635534714,2.168512876455915,2.9486726247707566,10,0.07350474892552894,0.06485528032182022,0.027110076257505153,0.11989942159355273,10,0.0078125,0.01327869664998121,-0.0016865073510882941,0.017311507351088294,10,0.12970232335446236,0.09217559471390067,0.06376387511229119,0.1956407715966335,10,0.45525608990644634,0.01850795744871558,0.44201629472976933,0.46849588508312334,10,2.6631153335047584,0.49583641721094135,2.3084153282123956,3.017815338797121,10
"{""dynamic.change_interval"": 30}",discounted_ucb,28,2.622319463391659,0.5219886608249811,2.2489112700229033,2.9957276567604145,10,0.09317213805404999,0.07229183620762564,0.041457673776347057,0.14488660233175293,10,0.00625,0.008068715304598784,0.0004779887844014478,0.012022011215598552,10,0.15645670960422017,0.07996404692626562,0.09925387640474037,0.21365954280369998,10,0.5345643625451736,0.02666324349806328,0.5154906271727853,0.5536380979175619,10,2.7698370931632654,0.5510532797534444,2.3756373239241144,3.1640368624024164,10
"{""dynamic.change_interval"": 30}",uncertainty_aware,28,0.8538342315063489,0.4038704882998761,0.5649226885761494,1.1427457744365483,10,0.06053836932966007,0.09467009170904639,-0.007184534564955755,0.12826127322427588,10,0.0078125,0.011048543456039806,-9.115186239035643e-05,0.015716151862390358,10,0.11500455414427202,0.09658437734886596,0.04591225279717695,0.1840968554913671,10,0.5009107907363612,0.018706987826429156,0.48752861780448536,0.5142929636682372,10,0.917543266940824,0.4509236112787043,0.5949719475394012,1.240114586342247,10
"{""dynamic.change_interval"": 30}",ucb,29,2.502068572676078,0.44348125753446244,2.184821192422407,2.8193159529297493,10,0.04473330264180071,0.03920539857771483,0.016687450017206965,0.07277915526639446,10,0.0140625,0.023810686355546794,-0.0029706389207627363,0.03109563892076274,10,0.13409336179204,0.0827690023940838,0.07488398432766671,0.1933027392564133,10,0.4152369666138557,0.015448672129518332,0.40418565231765513,0.4262882809100562,10,2.655589445850448,0.4184658000965189,2.356237045831467,2.954941845869429,10
"{""dynamic.change_interval"": 30}",sliding_window_ucb,29,2.6325501686061754,0.5786416644732346,2.218614857832659,3.0464854793796916,10,0.07395741799284027,0.06134934375579115,0.03007074125928242,0.11784409472639812,10,0.0171875,0.0289519627285152,-0.0035234864797603696,0.03789848647976037,10,0.1577873194494197,0.09783152172997864,0.08780286475653114,0.22777177414230826,10,0.4791693479454306,0.03257646737751324,0.4558655470342226,0.5024731488566385,10,2.7444912809681306,0.5314447398621892,2.364318616156537,3.1246639457797243,10
"{""dynamic.change_interval"": 30}",discounted_ucb,29,2.6648302681547067,0.4955345355302123,2.310346216007445,3.0193143203019686,10,0.042510804763047534,0.036696885780434604,0.016259434091748327,0.06876217543434673,10,0.0125,0.02057126839388698,-0.0022157989105067166,0.027215798910506718,10,0.1339716226696948,0.0642727989381874,0.08799363208206241,0.17994961325732722,10,0.5093778055996057,0.015172196902574773,0.4985242697663339,0.5202313414328774,10,2.8273973438469127,0.5455647977883763,2.4371237980848655,3.21767088960896,10
"{""dynamic.change_interval"": 30}",uncertainty_aware,29,0.8825882936363507,0.3884932961038698,0.6046769313382744,1.160499655934427,10,0.028754062130001888,0.050923770521781646,-0.007674608791720064,0.06518273305172384,10,0.01875,0.02833639689319884,-0.0015206372083763318,0.03902063720837633,10,0.1153858813535968,0.09376949843022578,0.04830722308047199,0.1824645396267216,10,0.5183242785619449,0.18596707224314774,0.3852914491463766,0.6513571079775131,10,0.9565177763083735,0.43552003887642005,0.6449655088018161,1.268070043814931,10
"{""dynamic.change_interval"": 30}",ucb,30,2.56988718640394,0.43964485914156515,2.2553842002347504,2.8843901725731294,10,0.06781861372786166,0.04342312355839103,0.036755582410781654,0.09888164504494167,10,0.115625,0.0691748238161833,0.06614031206256658,0.1651096879374334,10,0.3211863948175398,0.05021830204635547,0.28526238564167106,0.35711040399340854,10,0.42212467665988107,0.021189804744468212,0.40696640349938124,0.4372829498203809,10,2.7188589509379595,0.41407204885515486,2.422649651212683,3.015068250663236,10
"{""dynamic.change_interval"": 30}",sliding_window_ucb,30,2.696844454199969,0.5841740682778186,2.2789515001581275,3.114737408241811,10,0.06429428559379301,0.03485509362888395,0.03936045365750068,0.08922811753008533,10,0.11875,0.03623443152276268,0.0928294491756301,0.1446705508243699,10,0.32167494644885514,0.026583838980273673,0.30265801364663436,0.3406918792510759,10,0.47333191970439803,0.03861588782914839,0.4457077776649456,0.5009560617438504,10,2.808249337686957,0.5355252872012176,2.425157625156177,3.191341050217737,10
"{""dynamic.change_interval"": 30}",discounted_ucb,30,2.738989095483946,0.4589086786781488,2.4107056029735485,3.067272587994344,10,0.07415882732923933,0.05631688263867054,0.03387215640993151,0.11444549824854713,10,0.1328125,0.06639348324990606,0.08531746324455852,0.18030753675544148,10,0.3257883624622441,0.04409293192009244,0.2942461791079322,0.35733054581655593,10,0.5207505656324506,0.02169382975224269,0.5052317347018485,0.5362693965630527,10,2.8952688165791285,0.5199003218143429,2.523354530943678,3.267183102214579,10
"{""dynamic.change_interval"": 30}",uncertainty_aware,30,0.9024947646285264,0.4136845734253215,0.6065626481278821,1.1984268811291707,10,0.01990647099217567,0.03989681501483208,-0.008633991155623758,0.0484469331399751,10,0.1328125,0.05425173608333245,0.09400314593093131,0.17162185406906869,10,0.2763848211384759,0.057516166284976494,0.23524023438054426,0.31752940789640755,10,0.4794921561811904,0.05868275064819789,0.4375130452426103,0.5214712671197705,10,0.9749857077168208,0.45968086256593327,0.6461498281296034,1.3038215873040382,10
"{""dynamic.change_interval"": 30}",ucb,31,2.6583228849421916,0.4587126282042316,2.3301796384922326,2.9864661313921506,10,0.08843569853825145,0.04014513453641694,0.05971759930579458,0.11715379777070832,10,0.109375,0.04830009633070679,0.07482319252992681,0.1439268074700732,10,0.3169083522318771,0.033765763061878576,0.2927537804395962,0.34106292402415794,10,0.4208545509016967,0.028268719703886426,0.4006323270380729,0.44107677476532053,10,2.804327295908103,0.40909190304757304,2.511680577879109,3.096974013937097,10
"{""dynamic.change_interval"": 30}",sliding_window_ucb,31,2.759780113867559,0.5826571839295048,2.3429722735198695,3.1765879542152486,10,0.06293565966758988,0.03179773351596259,0.04018893140216914,0.08568238793301061,10,0.0921875,0.04799020624912268,0.0578573745398853,0.12651762546011472,10,0.29560351090657877,0.04930565537091037,0.26033236983271696,0.3308746519804406,10,0.44998913726015227,0.021445361203884232,0.4346480500215393,0.46533022449876527,10,2.872412841331802,0.5335378280664677,2.4907428714184348,3.2540828112451696,10
"{""dynamic.change_interval"": 30}",discounted_ucb,31,2.832630166152972,0.45431740572911006,2.5076310724539463,3.1576292598519973,10,0.09364107066902598,0.03161690155747735,0.07102370179393105,0.1162584395441209,10,0.1109375,0.04742158183370849,0.07701414394236542,0.14486085605763457,10,0.31715301882842184,0.03406676211870854,0.29278312528214173,0.34152291237470195,10,0.5297862175012219,0.028081503395176493,0.5096979201169474,0.5498745148854964,10,2.9809818281458167,0.5104316114598264,2.6158410498532727,3.3461226064383607,10
"{""dynamic.change_interval"": 30}",uncertainty_aware,31,0.9402824877691437,0.4350673031128881,0.6290540879176167,1.2515108876206706,10,0.037787723140617145,0.036788452698677615,0.011470849441992729,0.06410459683924156,10,0.084375,0.022341261030757516,0.06839302463315944,0.10035697536684057,10,0.2780700085419933,0.04290846861676718,0.24737513919160498,0.30876487789238166,10,1.0,0.0,1.0,1.0,10,1.0216157089970808,0.4911566751691084,0.6702633894925872,1.3729680285015742,10
"{""dynamic.change_interval"": 30}",ucb,32,2.726479073304906,0.4587831560846743,2.3982853742486077,3.0546727723612044,10,0.06815618836271474,0.031194715932065006,0.04584083289036754,0.09047154383506194,10,0.084375,0.05901756447589706,0.04215637767755492,0.1265936223224451,10,0.28457919587297703,0.07594214181741268,0.23025346026834495,0.3389049314776091,10,0.4129119793155798,0.03268073198371978,0.38953359199827187,0.4362903666328878,10,2.8692458853200766,0.39575214320653423,2.586141856617596,3.1523499140225573,10
"{""dynamic.change_interval"": 30}",sliding_window_ucb,32,2.8258287299918177,0.5766557038169213,2.413314089888816,3.238343370094819,10,0.06604861612425926,0.022241401618953275,0.05013807587728079,0.08195915637123774,10,0.0765625,0.04799020624912268,0.0422323745398853,0.11089262546011472,10,0.27992909525407816,0.0708975207239916,0.22921206418671933,0.33064612632143703,10,0.47789262285487766,0.02539343834284118,0.4597272513695371,0.4960579943402182,10,2.9326813301248773,0.5138943773557624,2.5650634383348545,3.3002992219149,10
"{""dynamic.change_interval"": 30}",discounted_ucb,32,2.8916579886245213,0.46600755962642637,2.558296262602984,3.2250197146460584,10,0.059027822471549266,0.03331852160697186,0.03519318794268022,0.0828624570004183,10,0.0796875,0.06440246851937347,0.03361674938196953,0.12575825061803048,10,0.2813756667819401,0.07811027367785812,0.22549894307784502,0.33725239048603517,10,0.5076598903775306,0.022138474339628917,0.49182297987063134,0.5234968008844297,10,3.0426968884667533,0.5001124670529784,2.684937981389539,3.4004557955439676,10
"{""dynamic.change_interval"": 30}",uncertainty_aware,32,1.0104377625250893,0.4437818549756058,0.6929753478159737,1.327900177234205,10,0.07015527475594541,0.0222591300773644,0.05423205233381001,0.0860784971780808,10,0.08125,0.05743353646704259,0.040164523052967915,0.12233547694703209,10,0.28221680362819546,0.07381429222467577,0.22941323992463222,0.3350203673317587,10,1.0,0.0,1.0,1.0,10,1.0841719061642725,0.4990367003454582,0.7271825562305152,1.4411612560980298,10
"{""dynamic.change_interval"": 30}",ucb,33,2.7659627505546514,0.45629181064052365,2.439551252667029,3.092374248442274,10,0.03948367724974545,0.03320617302504252,0.015729412054837553,0.06323794244465335,10,0.0734375,0.05105760805480196,0.03691308747475153,0.10996191252524848,10,0.2550187487334345,0.09369177634971718,0.1879956894873493,0.3220418079795197,10,0.40704015073681904,0.018457126538725447,0.3938367178026411,0.42024358367099696,10,2.9339256591098213,0.4176230974598345,2.635176092241687,3.2326752259779554,10
"{""dynamic.change_interval"": 30}",sliding_window_ucb,33,2.869597996558464,0.5855711063296242,2.4507056616983345,3.2884903314185934,10,0.0437692665666455,0.04288962697067787,0.01308787571790732,0.07445065741538369,10,0.065625,0.04407124125272121,0.03409833321438767,0.09715166678561234,10,0.24208851374641407,0.07272719142199245,0.1900626151095558,0.29411441238327235,10,0.46785695125259624,0.023371126761978885,0.45113825432268573,0.48457564818250676,10,2.984430868927601,0.5205726965409819,2.612035595388037,3.356826142467165,10
"{""dynamic.change_interval"": 30}",discounted_ucb,33,2.9424890159402066,0.4794069836385455,2.599541919415334,3.2854361124650793,10,0.050831027315684986,0.04723842456235496,0.017038694076995133,0.08462336055437483,10,0.0734375,0.06208630445910668,0.029023633337883374,0.11785136666211662,10,0.2542040538564606,0.09676157332492655,0.18498499414417724,0.323423113568744,10,0.504150518743009,0.020031742343115735,0.4898206735188821,0.5184803639671358,10,3.106561967379524,0.518185072853121,2.735874696933973,3.4772492378250752,10
"{""dynamic.change_interval"": 30}",uncertainty_aware,33,1.0881457080442667,0.4543287167757387,0.7631385229099215,1.413152893178612,10,0.07770794551917767,0.0382771624776241,0.050326112999171516,0.10508977803918383,10,0.0796875,0.055340839413081225,0.04009904834266063,0.11927595165733937,10,0.2827088854740839,0.07341611546737453,0.23019016026366015,0.3352276106845077,10,1.0,0.0,1.0,1.0,10,1.1765418166946666,0.5078182308295467,0.8132705382839693,1.539813095105364,10
"{""dynamic.change_interval"": 30}",ucb,34,2.8416618800543736,0.45969460246691657,2.5128161715341,3.170507588574647,10,0.07569912949972203,0.017655602729290867,0.06306907215793722,0.08832918684150684,10,0.103125,0.051137240452639905,0.06654362188901773,0.13970637811098224,10,0.31063473555648474,0.037557746400887076,0.2837675422952515,0.337501928817718,10,0.3940998273584522,0.016403359140181276,0.3823655711161166,0.4058340836007879,10,3.018205926138822,0.4154532734597283,2.721008557853943,3.3154032944237013,10
"{""dynamic.change_interval"": 30}",sliding_window_ucb,34,2.920701168001174,0.5909904810634633,2.4979320459990544,3.3434702900032938,10,0.05110317144271096,0.025396803456732574,0.032935392699908764,0.06927095018551316,10,0.0875,0.0369754986443726,0.061049321692385555,0.11395067830761443,10,0.2933679326594472,0.027754537631710263,0.27351353249209004,0.3132223328268044,10,0.4740769561548898,0.042087379012355944,0.4439694589234523,0.5041844533863273,10,3.0514443330595644,0.523586320252875,2.676893242985648,3.425995423133481,10
"{""dynamic.change_interval"": 30}",discounted_ucb,34,3.03118226804447,0.4875901167214954,2.6823813107560874,3.3799832253328526,10,0.08869325210426363,0.019530016345310163,0.07472232003758084,0.10266418417094642,10,0.1125,0.04984785880835583,0.07684098995271096,0.14815901004728904,10,0.31804769307617686,0.036060176120570706,0.2922517970571708,0.3438435890951829,10,0.5102826309053177,0.02305716831097727,0.4937885263215246,0.5267767354891107,10,3.1982551919282165,0.5212461473973384,2.8253781606677144,3.5711322231887186,10
"{""dynamic.change_interval"": 30}",uncertainty_aware,34,1.0954735149007941,0.45230927734768306,0.7719109497075336,1.4190360800940547,10,0.0073278068565273,0.023172559920424957,-0.009248843911977313,0.023904457625031912,10,0.1015625,0.04673010011699573,0.06813380016378057,0.13499119983621943,10,0.2469076766559323,0.04620794634721539,0.21385250312491308,0.27996285018695155,10,0.5919391708932975,0.027916011455190032,0.5719692593111777,0.6119090824754173,10,1.1970950248231147,0.5036635020709624,0.8367958603223791,1.5573941893238503,10
"{""dynamic.change_interval"": 30}",ucb,35,2.948853188813758,0.4898222242818737,2.5984554779671503,3.299250899660366,10,0.10719130875938451,0.07179970510990269,0.05582889386108932,0.1585537236576797,10,0.078125,0.04830009633070679,0.043573192529926814,0.11267680747007319,10,0.28720056798290633,0.045499479638687654,0.25465220100449526,0.3197489349613174,10,0.40065461249060486,0.027538326636326105,0.3809548803519463,0.4203543446292634,10,3.1248332018613256,0.4282328437246781,2.8184938797318515,3.4311725239907997,10
"{""dynamic.change_interval"": 30}",sliding_window_ucb,35,2.9961396469107084,0.6399372658854128,2.538356104360282,3.453923189461135,10,0.07543847890953395,0.08075856574543275,0.017667281185825237,0.13320967663324268,10,0.0734375,0.048886250126072145,0.038466383364440936,0.10840861663555906,10,0.27739672718379166,0.07054873480968002,0.22692920252894705,0.32786425183863627,10,0.4614498466743061,0.020505527320006742,0.4467810760950067,0.4761186172536055,10,3.148267767982954,0.5652410531780138,2.743918677043939,3.5526168589219687,10
"{""dynamic.change_interval"": 30}",discounted_ucb,35,3.1120317036014677,0.4834796287360219,2.766171212280476,3.4578921949224597,10,0.08084943555699728,0.05644835026917131,0.04046871836029681,0.12123015275369775,10,0.084375,0.06471760236253778,0.03807881621095129,0.1306711837890487,10,0.284365222009341,0.07824780708144906,0.22839011283518307,0.34034033118349893,10,0.5176142722215938,0.03119929612511051,0.4952956402765208,0.539932904166667,10,3.3020471216771554,0.52236584234483,2.928369108903365,3.675725134450946,10
"{""dynamic.change_interval"": 30}",uncertainty_aware,35,1.1667339384089819,0.4199350611388657,0.8663304923566585,1.4671373844613051,10,0.07126042350818756,0.09990290706477557,-0.00020581098891096772,0.1427266580052861,10,0.0875,0.06995472245992006,0.03745740618179855,0.13754259381820144,10,0.24409882398080765,0.0917373873441594,0.1784738504068359,0.3097237975547794,10,0.5986080110350998,0.029996235093643263,0.5771499971072123,0.6200660249629872,10,1.2606205565435202,0.4524350791692568,0.936967998148411,1.5842731149386293,10
"{""dynamic.change_interval"": 30}",ucb,36,3.030045199743637,0.4715589637665699,2.6927122384325157,3.3673781610547584,10,0.0811920109298787,0.04929968436691881,0.04592514125495792,0.11645888060479948,10,0.0875,0.05166498653182185,0.050541095086666654,0.12445890491333333,10,0.2872688341059601,0.0728465382415898,0.23515755989749512,0.33938010831442506,10,0.39199345958553283,0.015846199443272493,0.38065777138011925,0.4033291477909464,10,3.214833381714584,0.40406583067674323,2.9257820992660606,3.5038846641631074,10
"{""dynamic.change_interval"": 30}",sliding_window_ucb,36,3.0906492510572394,0.6464504048106038,2.628206489597016,3.553092012517463,10,0.09450960414653167,0.08547414695076656,0.0333650828418386,0.15565412545122476,10,0.0875,0.04431676538788051,0.05579769582871463,0.11920230417128536,10,0.28065353873301324,0.037197130809043015,0.25404431432581265,0.30726276314021383,10,0.45927977241194196,0.02556508659678154,0.4409916111627443,0.4775679336611396,10,3.231652652463265,0.5671571034753056,2.825932901711862,3.6373724032146684,10
"{""dynamic.change_interval"": 30}",discounted_ucb,36,3.1934236976445707,0.45868959965084954,2.8652969248293085,3.521550470459833,10,0.08139199404310343,0.04682845591073042,0.04789293471059193,0.11489105337561493,10,0.0828125,0.04169920604426687,0.05298268498200297,0.11264231501799703,10,0.28407936653399635,0.06897689606562167,0.23473626757981392,0.3334224654881788,10,0.4978337543063569,0.016867278579759195,0.48576763008909696,0.5098998785236168,10,3.3888578339584496,0.490643091756857,3.0378729098947113,3.739842758022188,10
"{""dynamic.change_interval"": 30}",uncertainty_aware,36,1.1917468589319768,0.46711739441816214,0.8575912049276653,1.5259025129362884,10,0.02501292052299529,0.07027968482055448,-0.025262137364072273,0.07528797841006285,10,0.075,0.044071241252721216,0.043473333214387656,0.10652666678561235,10,0.2207432310520688,0.07444922704055058,0.1674854623431171,0.27400099976102055,10,0.5704006674427424,0.04349032484317897,0.5392895632224981,0.6015117716629867,10,1.2840951333428863,0.506806541566185,0.9215475738334491,1.6466426928523235,10
"{""dynamic.change_interval"": 30}",ucb,37,3.0802620891092416,0.4676920734500002,2.745695334490778,3.414828843727705,10,0.050216889365604776,0.03476331299278045,0.025348713341185092,0.07508506539002446,10,0.0640625,0.08016435482633301,0.006716375160882963,0.12140862483911702,10,0.23394521170783725,0.12448680464602235,0.14489271629988376,0.32299770711579073,10,0.3924924836909064,0.032923574222931434,0.3689403775007127,0.4160445898811001,10,3.2866883686869324,0.3982798711159542,3.0017761123679887,3.571600625005876,10
"{""dynamic.change_interval"": 30}",sliding_window_ucb,37,3.140236807350918,0.6257215853258994,2.6926225500620635,3.5878510646397723,10,0.04958755629367782,0.038127058459657664,0.02231310171954055,0.07686201086781509,10,0.0625,0.06421264586426018,0.016565040329217864,0.10843495967078214,10,0.2399550493603097,0.10704039759633178,0.16338296172003605,0.3165271370005833,10,0.4647600728686664,0.023706394819270563,0.44780153961861496,0.4817186061187178,10,3.309517477088086,0.5612924790679087,2.9079930259075417,3.71104192826863,10
"{""dynamic.change_interval"": 30}",discounted_ucb,37,3.2824862995520894,0.48014530987363047,2.939011036256076,3.6259615628481026,10,0.08906260190751861,0.07392537674414744,0.036179573125802916,0.1419456306892343,10,0.0765625,0.078454167662471,0.020439769359084273,0.13268523064091575,10,0.2789794556058348,0.08306469957219131,0.21955854912302106,0.3384003620886486,10,0.5028596638132956,0.022047885639816547,0.4870875565584117,0.5186317710681795,10,3.505747064828795,0.5213980835549763,3.1327613449886575,3.878732784668933,10
"{""dynamic.change_interval"": 30}",uncertainty_aware,37,1.219509057757635,0.49380128400708306,0.8662648990572586,1.5727532164580116,10,0.02776219882565805,0.0453712274098471,-0.0046944220351435376,0.06021881968645964,10,0.071875,0.07482618748361655,0.0183475700348166,0.1254024299651834,10,0.21037119224118622,0.08581922569328501,0.1489798164749228,0.27176256800744963,10,0.5362470105912729,0.08581348112376891,0.4748597442424847,0.597634276940061,10,1.332376100848584,0.5534739156423603,0.9364447130094136,1.7283074886877543,10
"{""dynamic.change_interval"": 30}",ucb,38,3.1501272007743717,0.4522525333206768,2.8266052278127036,3.4736491737360398,10,0.06986511166512974,0.049413427174194585,0.034516875287517734,0.10521334804274174,10,0.0890625,0.055634167471777435,0.04926421409015214,0.12886078590984787,10,0.2801786535065764,0.0759208245317041,0.2258681673694929,0.3344891396436599,10,0.3865392890932876,0.02550383550164326,0.3682949442379965,0.4047836339485787,10,3.3608011615839772,0.3920328517249861,3.0803577537282054,3.641244569439749,10
"{""dynamic.change_interval"": 30}",sliding_window_ucb,38,3.191438372385052,0.610889801908393,2.754434133792034,3.6284426109780696,10,0.05120156503413413,0.0412450850650876,0.02169660859474717,0.08070652147352109,10,0.0796875,0.04910770652634653,0.04455796299912933,0.11481703700087066,10,0.2592422469557171,0.09353405698942724,0.1923320133432234,0.3261524805682109,10,0.4733319197043981,0.03861588782914839,0.4457077776649457,0.5009560617438504,10,3.3626938634342722,0.5467376277442243,2.971581325663759,3.7538064012047854,10
"{""dynamic.change_interval"": 30}",discounted_ucb,38,3.34563529059677,0.47393558108895784,3.006602199671187,3.6846683815223527,10,0.06314899104468026,0.040737707819941675,0.03400699042154978,0.09229099166781074,10,0.08125,0.050924610673251325,0.04482072807012214,0.11767927192987787,10,0.2668724511996961,0.09339442728854859,0.200062102658007,0.3336827997413852,10,0.5089750135758278,0.023350188636413888,0.49227129487863863,0.5256787322730169,10,3.5665536554189607,0.5102309646364547,3.2015564112171804,3.931550899620741,10
"{""dynamic.change_interval"": 30}",uncertainty_aware,38,1.2492352094981947,0.5024832668887301,0.8897803343857593,1.60869008461063,10,0.029726151740559443,0.042741987286863334,-0.0008496240407640729,0.06030192752188296,10,0.0765625,0.05231718334936535,0.039137041589173305,0.1139879584108267,10,0.22875906820775418,0.08862329396820288,0.16536178283616546,0.2921563535793429,10,0.544590875517203,0.07004882433642824,0.49448096527177493,0.594700785762631,10,1.3550693084468073,0.5567172500873552,0.95681777891398,1.7533208379796346,10
"{""dynamic.change_interval"": 30}",ucb,39,3.2412535097422044,0.4565898828493753,2.9146287838414966,3.567878235642912,10,0.0911263089678327,0.03722122842602921,0.0644998461639032,0.11775277177176222,10,0.1421875,0.0912425082541027,0.07691654160072951,0.20745845839927046,10,0.33972194488613355,0.06562727990985479,0.2927750169813891,0.386668872790878,10,0.3783755293902528,0.00837825613702676,0.3723820860024915,0.38436897277801413,10,3.4556234593443045,0.3923184304221766,3.174975760795294,3.7362711578933148,10
"{""dynamic.change_interval"": 30}",sliding_window_ucb,39,3.264090280993424,0.593283484946423,2.839680842828171,3.6884997191586772,10,0.0726519086083719,0.04139004051983151,0.0430432572833732,0.10226055993337059,10,0.140625,0.09258535851370406,0.07439342439381545,0.20685657560618453,10,0.32397147622827305,0.08375834206973462,0.26405436779455466,0.38388858466199144,10,0.45782127965031494,0.014959343799552676,0.4471200097542511,0.4685225495463788,10,3.441765692536739,0.5367760337873705,3.0577792497979126,3.825752135275565,10
"{""dynamic.change_interval"": 30}",discounted_ucb,39,3.422666650517672,0.48167369182110603,3.0780980486405447,3.7672352523947996,10,0.07703135992090225,0.03013478514927972,0.05547423325389013,0.09858848658791437,10,0.1296875,0.07796859343671655,0.07391212823484766,0.18546287176515236,10,0.3318819690603589,0.0550445211419724,0.2925054907246277,0.37125844739609004,10,0.4867793444519003,0.015803271711503596,0.47547436489586603,0.49808432400793456,10,3.6535359773535125,0.5113301881701883,3.2877523960056507,4.019319558701374,10
"{""dynamic.change_interval"": 30}",uncertainty_aware,39,1.2601940916825705,0.49398456129939633,0.9068188243054268,1.613569359059714,10,0.01095888218437583,0.03465502831206894,-0.01383183164588413,0.03574959601463579,10,0.134375,0.0881424825054424,0.07132166642877533,0.19742833357122466,10,0.27083139795878897,0.07649222625973519,0.21611215564946473,0.3255506402681132,10,0.556817440653582,0.03959455542645722,0.5284932019897277,0.5851416793174362,10,1.3810010592797899,0.5471070864281479,0.9896242266882547,1.772377891871325,10
"{""dynamic.change_interval"": 30}",ucb,40,3.3282013620430604,0.4489353537230489,3.007052356414959,3.6493503676711616,10,0.0869478523008558,0.03531292766855254,0.061686505622490014,0.1122091989792216,10,0.10625,0.05402626033287475,0.06760194156615412,0.14489805843384587,10,0.3143715093477185,0.038444691906164355,0.2868698334940498,0.3418731852013872,10,0.38517291951824906,0.02977438345256328,0.36387360869391294,0.4064722303425852,10,3.5529629038056627,0.4023605616557178,3.2651314973278978,3.8407943102834277,10
"{""dynamic.change_interval"": 30}",sliding_window_ucb,40,3.3350316395403077,0.5893688292699004,2.9134225773478217,3.7566407017327936,10,0.07094135854688347,0.04449416307763151,0.03911215171312835,0.10277056538063858,10,0.0890625,0.061647836370522104,0.044962294513107855,0.13316270548689216,10,0.30327682464100586,0.04472923365958964,0.2712794584430523,0.33527419083895943,10,0.45835296829037625,0.01980320312313716,0.4441866101755502,0.4725193264052023,10,3.528010452291384,0.5388223996432171,3.1425601276053996,3.9134607769773684,10
"{""dynamic.change_interval"": 30}",discounted_ucb,40,3.5026082136839802,0.46173308748905234,3.172304260825368,3.8329121665425925,10,0.07994156316630843,0.03746045358587105,0.0531439689921999,0.10673915734041697,10,0.0984375,0.06295407965996591,0.053402864355103295,0.1434721356448967,10,0.308775160426567,0.043425665793146995,0.2777103105042977,0.3398400103488363,10,0.49819075616771186,0.01908425286879783,0.4845387040823895,0.5118428082530342,10,3.7452790728937204,0.510908160952138,3.379797391630806,4.110760754156635,10
"{""dynamic.change_interval"": 30}",uncertainty_aware,40,1.2762225866298749,0.4953627869171785,0.9218613960390407,1.630583777220709,10,0.01602849494730461,0.050686551497983116,-0.02023047970751125,0.05228746960212047,10,0.0796875,0.06440246851937347,0.03361674938196953,0.12575825061803048,10,0.23024225902950066,0.05773194925296965,0.18894331043522045,0.27154120762378087,10,0.5389132393588378,0.031564143957213096,0.5163336109974354,0.5614928677202403,10,1.3942112534229296,0.5396845239255478,1.0081442021777596,1.7802783046680997,10
"{""dynamic.change_interval"": 30}",ucb,41,3.3973600499435235,0.433275916285355,3.087413131030369,3.707306968856678,10,0.06915868790046303,0.028350181141098583,0.04887819003515777,0.0894391857657683,10,0.0921875,0.05867182298599558,0.05021620624004264,0.13415879375995737,10,0.3048400448825509,0.04220943717583926,0.2746452325009333,0.3350348572641685,10,0.37526373997036677,0.022815048391570666,0.35894283754299855,0.391584642397735,10,3.626083369553355,0.3932193658456344,3.344791180627325,3.907375558479385,10
"{""dynamic.change_interval"": 30}",sliding_window_ucb,41,3.392392512980912,0.5984729605573269,2.964270747598941,3.820514278362883,10,0.057360873440604844,0.03335222064531683,0.03350213207193056,0.08121961480927913,10,0.0984375,0.0541516405440418,0.05969974996622151,0.13717525003377848,10,0.3011410508542825,0.03950603570627779,0.27288013538357475,0.32940196632499025,10,0.475327433111009,0.029631138221317768,0.4541305937520943,0.4965242724699237,10,3.5974319240108086,0.5389732861076207,3.2118736616504924,3.982990186371125,10
"{""dynamic.change_interval"": 30}",discounted_ucb,41,3.562973036994987,0.4588586417579667,3.2347253387409958,3.8912207352489783,10,0.06036482331100627,0.025352444183268628,0.04222877728082113,0.07850086934119141,10,0.084375,0.049520268016686304,0.04895033428786994,0.11979966571213008,10,0.2988942251672729,0.03637043107865524,0.2728763861213839,0.3249120642131619,10,0.5062593282312311,0.019961835207948492,0.49197949155902393,0.5205391649034382,10,3.8124537189261347,0.5076279530902501,3.449318557010299,4.17558888084197,10
"{""dynamic.change_interval"": 30}",uncertainty_aware,41,1.3086784819329496,0.4821710506992501,0.963754090947587,1.653602872918312,10,0.03245589530307439,0.043833928813158854,0.0010989916099799213,0.06381279899616886,10,0.084375,0.04244072664054867,0.054014733102520196,0.11473526689747982,10,0.25599784589297003,0.05176785083119509,0.2189653562927004,0.29303033549323965,10,0.9098831968139329,0.19103052248866023,0.7732281932971089,1.0465382003307568,10,1.4184895201810421,0.5203316816425114,1.0462666583135452,1.790712382048539,10
"{""dynamic.change_interval"": 30}",ucb,42,3.4764286078579523,0.4517923111470304,3.153235858006491,3.7996213577094133,10,0.07906855791442896,0.06884584140654113,0.029819209815681758,0.12831790601317616,10,0.0890625,0.05262736699612136,0.05141514957534175,0.12670985042465827,10,0.29418865528262017,0.0456364117520845,0.2615423329712391,0.32683497759400126,10,0.36428227925907297,0.00975603982747582,0.3573032287933908,0.3712613297247551,10,3.704190945574542,0.4304098376506847,3.3962942958058044,4.01208759534328,10
"{""dynamic.change_interval"": 30}",sliding_window_ucb,42,3.453118792079369,0.6046195399896539,3.020600028652277,3.8856375555064613,10,0.06072627909845729,0.0379389939621752,0.03358635776136533,0.08786620043554925,10,0.103125,0.06878155841341324,0.05392163718432442,0.15232836281567558,10,0.2894430475403781,0.06159165281439212,0.2453830333483665,0.33350306173238964,10,0.45835296829037625,0.01980320312313716,0.4441866101755502,0.4725193264052023,10,3.6707938922897534,0.5530367968119744,3.2751752004246373,4.06641258415487,10
"{""dynamic.change_interval"": 30}",discounted_ucb,42,3.6492978533753684,0.493528263282103,3.296249001936084,4.002346704814652,10,0.08632481638038164,0.06230856508084844,0.04175195404757277,0.13089767871319052,10,0.090625,0.06496860887296949,0.044149256970265935,0.13710074302973407,10,0.30150561080735006,0.04701901858800842,0.2678702311476241,0.335140990467076,10,0.4807074485907317,0.01179020717166092,0.47227324246745084,0.4891416547140126,10,3.8978782504720515,0.5531765146580482,3.5021596104808568,4.293596890463246,10
"{""dynamic.change_interval"": 30}",uncertainty_aware,42,1.3773075668693806,0.47686829511361406,1.0361765387129709,1.7184385950257903,10,0.06862908493643118,0.06987488003754198,0.018643606946468723,0.11861456292639364,10,0.0859375,0.03146626555623586,0.06342788962868365,0.10844711037131635,10,0.2930725997553837,0.03627023699705067,0.2671264352377097,0.3190187642730577,10,0.8917199003577551,0.23754183133416534,0.7217927108517425,1.0616470898637678,10,1.495481040674992,0.5090210006929554,1.1313493525361908,1.8596127288137934,10
"{""dynamic.change_interval"": 30}",ucb,43,3.576820908062601,0.41465299678437273,3.2801960232241387,3.873445792901063,10,0.10039230020464829,0.07120881385262574,0.04945258344793429,0.15133201696136228,10,0.078125,0.047735163489123336,0.04397732113957316,0.11227267886042684,10,0.2723650773419533,0.07494853240995183,0.21875012708880334,0.32598002759510325,10,0.36462762199359616,0.026237830645651047,0.3458582086430772,0.3833970353441151,10,3.8178191818822853,0.4161896347371596,3.5200950524722936,4.115543311292277,10
"{""dynamic.change_interval"": 30}",sliding_window_ucb,43,3.553208034678017,0.6022594304081291,3.1223775919389576,3.9840384774170765,10,0.10008924259864709,0.08085575351732668,0.04224852093113643,0.15792996426615774,10,0.0734375,0.05707820080332284,0.032606214873953786,0.11426878512604621,10,0.27547017925222017,0.07302238789608387,0.2232331097789972,0.32770724872544316,10,0.4578212796503148,0.014959343799552676,0.447120009754251,0.4685225495463787,10,3.787527230507763,0.5608827215882809,3.3862959021700507,4.188758558845475,10
"{""dynamic.change_interval"": 30}",discounted_ucb,43,3.7376688655748085,0.4796960726201245,3.3945149672505184,4.080822763899099,10,0.08837101219943956,0.08147591462415493,0.030086654001333937,0.14665537039754517,10,0.0671875,0.04422485357365371,0.035550945579763696,0.0988240544202363,10,0.2572722386285241,0.08754529900632287,0.19464610439753688,0.31989837285951134,10,0.4976000547507383,0.016018422993086867,0.4861411652395912,0.5090589442618855,10,3.9964136480663655,0.5289608461750429,3.6180178537576126,4.374809442375119,10
"{""dynamic.change_interval"": 30}",uncertainty_aware,43,1.4505653338635205,0.4633241140025995,1.119123229200832,1.782007438526209,10,0.07325776699414019,0.07067865188853077,0.022697305259733867,0.1238182287285465,10,0.0765625,0.05726798753084775,0.035595449627753926,0.11752955037224608,10,0.2504179463574859,0.0896000821444112,0.18632190881835875,0.314513983896613,10,0.8826458746932767,0.25813606199883454,0.6979864600577761,1.0673052893287773,10,1.587162145998268,0.49582096458440056,1.232473194849017,1.9418510971475191,10
"{""dynamic.change_interval"": 30}",ucb,44,3.6603229628967497,0.45640015810865237,3.333833957899555,3.9868119678939444,10,0.083502054834149,0.06046941326825164,0.04024484245164223,0.12675926721665579,10,0.06875,0.04784868365773272,0.03452111370298948,0.10297888629701053,10,0.27453895719623533,0.06891248541971426,0.22524193484242194,0.3238359795500487,10,0.37274789512833323,0.019120874791647025,0.35906964529759017,0.3864261449590763,10,3.9144603390804975,0.43550823200838334,3.602916517698528,4.226004160462467,10
"{""dynamic.change_interval"": 30}",sliding_window_ucb,44,3.6204979943544386,0.5830408957907223,3.2034156630769175,4.03758032563196,10,0.0672899596764219,0.033204599266094426,0.04353682028084589,0.09104309907199791,10,0.059375,0.0535218024111047,0.02108780902427286,0.09766219097572713,10,0.25395495971860627,0.08780579801446906,0.19114247572313856,0.31676744371407395,10,0.47789262285487766,0.02539343834284118,0.4597272513695371,0.4960579943402182,10,3.863584390228347,0.5580299045114919,3.464393844288037,4.262774936168657,10
"{""dynamic.change_interval"": 30}",discounted_ucb,44,3.8187931435430484,0.4776861678977961,3.4770770444422543,4.160509242643842,10,0.08112427796823998,0.03775792454483246,0.054113885889307434,0.10813467004717253,10,0.065625,0.03359274061791062,0.04159420100790262,0.08965579899209739,10,0.27043770021685637,0.06307011890707077,0.22532005509517752,0.31555534533853524,10,0.4970944096354226,0.01673199304859748,0.4851250628571595,0.5090637564136857,10,4.088953548285199,0.5221838971855407,3.715405691237617,4.46250140533278,10
"{""dynamic.change_interval"": 30}",uncertainty_aware,44,1.4961040463388353,0.44564550176925244,1.1773084590255616,1.814899633652109,10,0.04553871247531456,0.0569235349840292,0.004818068611220402,0.08625935633940872,10,0.084375,0.04370036867375631,0.05311363947499192,0.11563636052500809,10,0.23548634864759563,0.08450174232658952,0.1750374437062226,0.29593525358896866,10,0.690675436062256,0.1645553695370627,0.572959616046455,0.8083912560780571,10,1.6447506946478403,0.4612005955471786,1.3148276635772307,1.97467372571845,10
"{""dynamic.change_interval"": 30}",ucb,45,3.775840963023557,0.44325781813380305,3.4587534216882174,4.0929285043588965,10,0.11551800012680731,0.07848038078321631,0.05937651774893891,0.17165948250467572,10,0.1,0.059475426765084154,0.057453842726993304,0.1425461572730067,10,0.3101769978568041,0.04440630535815241,0.2784106406494227,0.34194335506418544,10,0.3582759333968183,0.017164432424210518,0.3459972381247891,0.3705546286688475,10,4.024435820541932,0.41101052463514226,3.730416603310292,4.318455037773571,10
"{""dynamic.change_interval"": 30}",sliding_window_ucb,45,3.6858269239200583,0.5793051672820435,3.271416971830118,4.1002368760099985,10,0.06532892956561911,0.05169467204538794,0.02834878891514847,0.10230907021608976,10,0.071875,0.032274861218395144,0.04878695513760578,0.09496304486239421,10,0.2695455786545763,0.03540476093173012,0.24421853841719698,0.2948726188919556,10,0.4614498466743061,0.020505527320006742,0.4467810760950067,0.4761186172536055,10,3.932928452487554,0.5362883549018179,3.5492908742074127,4.316566030767696,10
"{""dynamic.change_interval"": 30}",discounted_ucb,45,3.8946021949003473,0.47101505628572204,3.5576583215618696,4.231546068238825,10,0.07580905135729897,0.09027064775004988,0.01123332008125999,0.14038478263333795,10,0.0703125,0.0339541791937638,0.04602314342657546,0.09460185657342454,10,0.288656762247671,0.02608707799052448,0.2699951908500929,0.30731833364524913,10,0.47384267635081023,0.00959814202338533,0.4669765791697246,0.48070877353189584,10,4.1774087941375,0.5035601487864089,3.817183564122627,4.537634024152374,10
"{""dynamic.change_interval"": 30}",uncertainty_aware,45,1.5511853706844476,0.42624281785715595,1.246269627302401,1.8561011140664943,10,0.055081324345612526,0.06407305458051384,0.009246222263674109,0.10091642642755094,10,0.0890625,0.061206227272594116,0.045278202631057925,0.1328467973689421,10,0.2654684473803569,0.05890113914845581,0.22333311071992887,0.3076037840407849,10,0.6778692097669993,0.17066295637163145,0.555784285330166,0.7999541342038325,10,1.7100176256328283,0.43066024613884263,1.401941844422769,2.0180934068428877,10
"{""dynamic.change_interval"": 30}",ucb,46,3.864354708360616,0.405574267343123,3.5742243553255517,4.154485061395681,10,0.08851374533705886,0.06608643508382811,0.041238357607692296,0.13578913306642543,10,0.0734375,0.06548844920416627,0.02658988559933305,0.12028511440066696,10,0.29173548923714454,0.046495106583638986,0.25847489364787446,0.3249960848264146,10,0.35888853078178073,0.023496370282989794,0.3420802400341848,0.37569682152937667,10,4.096633685914144,0.3928533774563842,3.8156033093098753,4.377664062518412,10
"{""dynamic.change_interval"": 30}",sliding_window_ucb,46,3.7718956555401193,0.5590693990161577,3.37196150002716,4.171829811053079,10,0.08606873162006107,0.05759857927255764,0.0448651901623201,0.12727227307780203,10,0.0875,0.0843685697138191,0.027146361006860784,0.1478536389931392,10,0.28527235336406853,0.08704590720086675,0.22300346250990832,0.34754124421822874,10,0.4521592115225165,0.016480581167945953,0.44036971396932495,0.463948709075708,10,3.9986631819866902,0.5244144439790939,3.62351968788621,4.37380667608717,10
"{""dynamic.change_interval"": 30}",discounted_ucb,46,3.968765619898542,0.4840116482760863,3.6225245447254446,4.31500669507164,10,0.07416342499819492,0.06628653855848961,0.026744891866316997,0.12158195813007285,10,0.075,0.08028270361665706,0.017569213536409292,0.1324307864635907,10,0.27824988514517457,0.08240371815173393,0.21930181628621498,0.33719795400413416,10,0.49232151040317484,0.014662088892842784,0.4818328838574648,0.5028101369488849,10,4.236121055417742,0.5174862050305382,3.8659337248954486,4.606308385940036,10
"{""dynamic.change_interval"": 30}",uncertainty_aware,46,1.587085115932771,0.4473570740641406,1.2670651435582507,1.9071050883072913,10,0.03589974524832311,0.039945618112201,0.0073243714677872045,0.06447511902885901,10,0.075,0.08423986091314888,0.014738433736281718,0.13526156626371827,10,0.24906279846606166,0.08372660576639089,0.18916839281611075,0.3089572041160126,10,0.672275876288074,0.17508067011321113,0.547030709817522,0.7975210427586259,10,1.739542800233957,0.4749927661244151,1.3997534446923523,2.0793321557755617,10
"{""dynamic.change_interval"": 30}",ucb,47,3.9228113431213445,0.4240936539608624,3.6194330189746124,4.226189667268077,10,0.05845663476072825,0.038337095206544415,0.03103192894919422,0.08588134057226228,10,0.090625,0.05249834653480897,0.053069945253355365,0.12818005474664462,10,0.3037773227198182,0.036288993995063634,0.27781774025408007,0.3297369051855564,10,0.36166068078630237,0.018006469477126603,0.3487796284933716,0.37454173307923316,10,4.160220737121523,0.4027298504605662,3.8721251573469053,4.448316316896141,10
"{""dynamic.change_interval"": 30}",sliding_window_ucb,47,3.841335895008992,0.5469839628773959,3.450047139699777,4.232624650318207,10,0.0694402394688735,0.04381405381678387,0.03809755349169237,0.10078292544605463,10,0.1046875,0.059406972385870296,0.062190312039909074,0.14718468796009093,10,0.30585840624997196,0.047429450157133936,0.27192942153283645,0.33978739096710747,10,0.46838863989265767,0.026509187142492313,0.4494251097981385,0.48735216998717684,10,4.064331316724223,0.5196805651058067,3.692574235567861,4.436088397880585,10
"{""dynamic.change_interval"": 30}",discounted_ucb,47,4.050889630634094,0.5013711843534784,3.69223029144328,4.4095489698249075,10,0.08212401073555162,0.030220908080818943,0.060505275434698955,0.10374274603640428,10,0.1109375,0.06728634524882775,0.06280374824753535,0.15907125175246464,10,0.3177015516911953,0.04614979529640211,0.2846879769159658,0.3507151264664248,10,0.49600608348649355,0.014517544624413086,0.48562085768142577,0.5063913092915614,10,4.313632335596499,0.5227484804815429,3.9396805999891167,4.687584071203882,10
"{""dynamic.change_interval"": 30}",uncertainty_aware,47,1.6052244589798463,0.45087945538515384,1.282684726801815,1.9277641911578778,10,0.01813934304707552,0.04006947759717361,-0.010524634471407699,0.046803320565558734,10,0.09375,0.05846339666834283,0.051927805445765245,0.13557219455423475,10,0.24683547865215064,0.051499968960234746,0.20999462019826157,0.28367633710603973,10,0.5660186535354957,0.0306579652255077,0.5440872663878784,0.5879500406831131,10,1.7461880073736693,0.4575872031249928,1.4188498415263164,2.073526173221022,10
"{""dynamic.change_interval"": 30}",ucb,48,3.999192505336352,0.4485077455776513,3.678349392148118,4.320035618524586,10,0.07638116221500842,0.03498703155124014,0.05135294757479684,0.10140937685522,10,0.09375,0.05155986946151909,0.056866291308845004,0.13063370869115498,10,0.30531491972010627,0.03851635345537628,0.27776198028231497,0.33286785915789757,10,0.3507653824028581,0.01595413609436421,0.3393524809686768,0.36217828383703937,10,4.235512777856281,0.40248169570640774,3.9475947172988044,4.523430838413757,10
"{""dynamic.change_interval"": 30}",sliding_window_ucb,48,3.91845409208045,0.5573855834634603,3.519724465651523,4.317183718509376,10,0.07711819707145721,0.027338042196989244,0.05756173978964031,0.09667465435327412,10,0.0921875,0.0548484734037532,0.05295126576770736,0.13142373423229264,10,0.3029627193703022,0.041099976681507125,0.27356156721522634,0.3323638715253781,10,0.47148551827658747,0.02572900677823997,0.45308009559355267,0.48989094095962227,10,4.137271157109176,0.5313528803556639,3.757164204629955,4.517378109588396,10
"{""dynamic.change_interval"": 30}",discounted_ucb,48,4.115157953807365,0.5106538068265408,3.749858226524763,4.480457681089966,10,0.06426832317327033,0.04276195670540431,0.03367826213048496,0.0948583842160557,10,0.084375,0.05809101455666119,0.042819191561023234,0.12593080843897678,10,0.2977451843517213,0.04261621707742015,0.26725937915829057,0.32823098954515206,10,0.4736064219181997,0.0076429425223321695,0.46813899020277744,0.4790738536336219,10,4.38135464096287,0.5266402167998198,4.004618924903923,4.758090357021818,10
"{""dynamic.change_interval"": 30}",uncertainty_aware,48,1.6249290809929697,0.4595939963134547,1.29615534177936,1.9537028202065794,10,0.01970462201312335,0.041664239673144546,-0.010100179569813975,0.04950942359606068,10,0.1109375,0.06808787852025418,0.06223036588644101,0.15964463411355898,10,0.2599359658180086,0.059984409699226776,0.21702570408803276,0.30284622754798446,10,0.5633731261135322,0.03253902612710923,0.5400961090593696,0.5866501431676948,10,1.7761010942063282,0.45340612864447893,1.4517538888630626,2.100448299549594,10
"{""dynamic.change_interval"": 30}",ucb,49,4.069770430770033,0.4195724327529155,3.769626393437907,4.369914468102159,10,0.07057792543367972,0.0483069943752184,0.03602118339982734,0.10513466746753208,10,0.0890625,0.0659013691161943,0.0419195004886437,0.1362054995113563,10,0.30252216689687755,0.0466131481753645,0.2691771294397728,0.3358672043539823,10,0.34172159883097414,0.011104993077127708,0.33377756534229813,0.34966563231965014,10,4.317297037548839,0.38703982307646534,4.040425427218584,4.594168647879093,10
"{""dynamic.change_interval"": 30}",sliding_window_ucb,49,3.9826354572683442,0.5785210791470182,3.5687864080406975,4.396484506495991,10,0.06418136518789416,0.05081655399856591,0.027829392346490643,0.10053333802929768,10,0.0921875,0.0723377314811111,0.040440204221457034,0.14393479577854298,10,0.2970532986798545,0.05765617562112096,0.25580855527640906,0.3382980420833,10,0.4521592115225165,0.016480581167945953,0.44036971396932495,0.463948709075708,10,4.213586548584711,0.5541908850944385,3.817142271696614,4.610030825472808,10
"{""dynamic.change_interval"": 30}",discounted_ucb,49,4.168440376790278,0.5141181011510549,3.8006624426382585,4.536218310942297,10,0.053282422982913566,0.037640525996474404,0.026356012766301957,0.08020883319952518,10,0.0703125,0.049547649975105336,0.034868246414815396,0.1057567535851846,10,0.2892382652621241,0.0359890365098188,0.2634932594549587,0.31498327106928947,10,0.48362541153245225,0.013082864123424121,0.47426649433165374,0.49298432873325077,10,4.449854999020677,0.5409286956480537,4.062897920941577,4.836812077099777,10
"{""dynamic.change_interval"": 30}",uncertainty_aware,49,1.637524270440218,0.45004017063897256,1.315584926401458,1.9594636144789779,10,0.01259518944724827,0.023526340262183875,-0.0042345405319365,0.02942491942643304,10,0.0734375,0.0541516405440418,0.034699749966221514,0.11217525003377848,10,0.242748735435628,0.06234684663967734,0.1981484881253389,0.28734898274591714,10,0.5373620794183125,0.07822742440909404,0.4814015511295862,0.5933226077070387,10,1.7981119224376378,0.4466959760478133,1.4785648710946324,2.1176589737806433,10
"{""dynamic.change_interval"": 30}",ucb,50,4.120914233289438,0.4166638412265137,3.8228508769924225,4.418977589586454,10,0.05114380251940691,0.07216005460404896,-0.0004763908780952286,0.10276399591690905,10,0.059375,0.04218428485690956,0.02919818050343039,0.08955181949656961,10,0.2645415970007651,0.06489527860044918,0.21811831128789647,0.31096488271363376,10,0.35703604226175234,0.015309214057314554,0.3460844902605986,0.36798759426290606,10,4.3782935852961264,0.37165521292485176,4.112427462083767,4.644159708508486,10
"{""dynamic.change_interval"": 30}",sliding_window_ucb,50,4.043523387953053,0.6079315797663721,3.6086353339987776,4.478411441907329,10,0.06088793068470928,0.06443050375726621,0.014797124865641206,0.10697873650377736,10,0.0765625,0.07382249849959173,0.02375306588100319,0.12937193411899683,10,0.2638852557854044,0.10036275201896272,0.19209006802464418,0.3356804435461646,10,0.4786376593053692,0.03028921463669948,0.4569700604380431,0.5003052581726953,10,4.273926755116639,0.5637789718809264,3.870623574130612,4.677229936102666,10
"{""dynamic.change_interval"": 30}",discounted_ucb,50,4.207685048221412,0.5230452876183471,3.83352098957897,4.581849106863855,10,0.03924467143113502,0.034982596493481885,0.014219629440119265,0.06426971342215076,10,0.05,0.03439077920670662,0.025398318592162215,0.0746016814078378,10,0.24517737599466227,0.08018730423637782,0.18781483413658132,0.3025399178527432,10,0.49343730907805955,0.013606966311684196,0.48370347175744555,0.5031711463986736,10,4.491487325761861,0.5400268243720536,4.10517540752836,4.877799243995362,10
"{""dynamic.change_interval"": 30}",uncertainty_aware,50,1.6494347787481551,0.43832899311444073,1.3358731064288245,1.9629964510674858,10,0.01191050830793713,0.03766433434343947,-0.015032933374096107,0.03885394998997037,10,0.0765625,0.04626337081500512,0.04346767819318668,0.10965732180681334,10,0.21383880986951315,0.04938591581990765,0.1785102539291834,0.2491673658098429,10,0.5481233904197399,0.08643099359332841,0.48629438226131844,0.6099523985781613,10,1.8084056830536728,0.44582508090384326,1.489481632566298,2.1273297335410475,10
"{""dynamic.change_interval"": 30}",ucb,51,4.16582885669163,0.4288086842298862,3.8590776030800074,4.4725801103032525,10,0.04491462340219065,0.04369681069724833,0.013655808100248884,0.07617343870413242,10,0.0890625,0.07330625091771581,0.036622367153897904,0.1415026328461021,10,0.28736882919041823,0.06177131514269379,0.2431802923111101,0.33155736606972636,10,0.3467825878872802,0.023038174533903468,0.3303020706330877,0.36326310514147275,10,4.430223806084268,0.3804838169767811,4.158042079993123,4.702405532175412,10
"{""dynamic.change_interval"": 30}",sliding_window_ucb,51,4.124923515900259,0.5913313316119039,3.7019105641044026,4.547936467696116,10,0.08140012794720633,0.055314259542751376,0.0418306903836677,0.12096956551074496,10,0.1234375,0.06355447275325667,0.07797336900951006,0.16890163099048994,10,0.3200185228451128,0.04793615257930537,0.28572706505099593,0.35430998063922964,10,0.45782127965031494,0.014959343799552676,0.4471200097542511,0.4685225495463788,10,4.358506669559475,0.5527967050941615,3.9630597289627665,4.753953610156183,10
"{""dynamic.change_interval"": 30}",discounted_ucb,51,4.297305910282499,0.5249083396292932,3.921809104517811,4.672802716047187,10,0.08962086206108598,0.04110318092635511,0.060217417727329636,0.11902430639484232,10,0.1125,0.0746810347038955,0.05907640607821347,0.16592359392178654,10,0.3199775551554979,0.05174897109536751,0.28295857130463575,0.3569965390063601,10,0.47115924915014223,0.006368757877330047,0.46660331422002654,0.4757151840802579,10,4.576026272515082,0.5361526628232648,4.1924857625004215,4.959566782529743,10
"{""dynamic.change_interval"": 30}",uncertainty_aware,51,1.6872372920050762,0.4072807780505305,1.3958861747503248,1.9785884092598276,10,0.037802513256920814,0.06316922498888802,-0.007386028084811459,0.08299105459865308,10,0.0984375,0.05611964061271241,0.05829192752611246,0.13858307247388754,10,0.2660443171270087,0.0630128605152772,0.22096763219132518,0.3111210020626922,10,0.8671758321928656,0.21434877980110992,0.7138399522719676,1.0205117121137637,10,1.8390113917784052,0.4142401199933265,1.5426818612037405,2.13534092235307,10
"{""dynamic.change_interval"": 30}",ucb,52,4.241962136663554,0.44969196753488194,3.9202718821199922,4.563652391207117,10,0.0761332799719242,0.028220826717204606,0.05594531668707164,0.09632124325677677,10,0.1015625,0.06720566614877052,0.0534864625989302,0.1496385374010698,10,0.3118693365300768,0.04800659155229337,0.27752748973018226,0.34621118332997136,10,0.3342499067340407,0.008513569375518618,0.32815966608665265,0.34034014738142876,10,4.509945291309845,0.3979194666910257,4.225290852785222,4.794599729834467,10
"{""dynamic.change_interval"": 30}",sliding_window_ucb,52,4.1987591463230505,0.6157708847638769,3.758263191400661,4.63925510124544,10,0.0738356304227907,0.04626173391636519,0.04074197958272385,0.10692928126285756,10,0.103125,0.048969413639763155,0.06809439177059581,0.13815560822940418,10,0.3039136130281896,0.045743462577125485,0.2711907111698237,0.3366365148865555,10,0.46091815803424474,0.015992211208253494,0.44947801930439646,0.472358296764093,10,4.430272431283165,0.5680742281339176,4.023896609073572,4.836648253492759,10
"{""dynamic.change_interval"": 30}",discounted_ucb,52,4.386284783952789,0.5231608391069026,4.012038064755011,4.760531503150567,10,0.08897887367029003,0.024062602266941572,0.07176552496258269,0.10619222237799737,10,0.1109375,0.05958934264568157,0.06830985221510619,0.1535651477848938,10,0.31844664668997574,0.04259250092456613,0.2879778070102726,0.3489154863696789,10,0.47810235946090884,0.01174476773465646,0.4697006587526933,0.4865040601691244,10,4.662325067900557,0.5396781267929593,4.276262592888362,5.048387542912752,10
"{""dynamic.change_interval"": 30}",uncertainty_aware,52,1.726268852530494,0.3868811624492975,1.449510741175592,2.0030269638853957,10,0.03903156052541776,0.043714695381309565,0.0077599512912213675,0.07030316975961415,10,0.0890625,0.041043517301761555,0.05970173645213296,0.11842326354786704,10,0.27874211439652363,0.054547203776473256,0.23972139547267024,0.317762833320377,10,0.9121637216999703,0.18524530504008352,0.7796472134376299,1.0446802299623106,10,1.8856056548704287,0.3984109545321715,1.6005996271244334,2.1706116826164243,10
"{""dynamic.change_interval"": 30}",ucb,53,4.316914845238257,0.4612646222145297,3.9869460122489904,4.646883678227523,10,0.07495270857470197,0.04168681665748468,0.045131756390100544,0.1047736607593034,10,0.09375,0.052083333333333336,0.05649182781310729,0.1310081721868927,10,0.30568410390718126,0.03695008183175308,0.2792516076920024,0.3321166001223601,10,0.35406285114187375,0.01663749067078695,0.3421611072922097,0.3659645949915378,10,4.6010154308584905,0.4133267189258904,4.305339308045354,4.896691553671627,10
"{""dynamic.change_interval"": 30}",sliding_window_ucb,53,4.266038484923089,0.6099180051817106,3.8297294278297205,4.702347542016458,10,0.0672793386000385,0.03216627953885867,0.04426896839196451,0.09028970880811249,10,0.0796875,0.0289519627285152,0.05897651352023962,0.10039848647976037,10,0.2951748157567343,0.020107854661138395,0.28079052306027913,0.3095591084531895,10,0.4702087931860344,0.014959343799552676,0.4595075232899706,0.48091006308209827,10,4.510833282681363,0.5652706256603305,4.106463036862896,4.91520352849983,10
"{""dynamic.change_interval"": 30}",discounted_ucb,53,4.456557903991827,0.5438584343808293,4.067505017077495,4.84561079090616,10,0.07027312003903748,0.04320836460155351,0.03936371802485404,0.10118252205322091,10,0.0890625,0.05415164054404179,0.050324749966221514,0.12780025003377848,10,0.3019462001873935,0.03813563192270151,0.2746656125272596,0.3292267878475274,10,0.4916118899811088,0.011286314390609675,0.4835381470386306,0.499685632923587,10,4.749657303729415,0.5521249375083966,4.354690916714403,5.144623690744427,10
"{""dynamic.change_interval"": 30}",uncertainty_aware,53,1.775752065411503,0.3954639917629804,1.492854167834139,2.0586499629888673,10,0.04948321288100909,0.03146595412218614,0.02697382529619096,0.07199260046582723,10,0.0734375,0.03536301082659991,0.048140325988651325,0.09873467401134868,10,0.2774535727902137,0.03273222812491268,0.25403834735267167,0.30086879822775575,10,0.9137465207460819,0.1818401227394163,0.7836659331586731,1.0438271083334907,10,1.948445263302106,0.40417134252567155,1.6593185022237882,2.237572024380424,10
"{""dynamic.change_interval"": 30}",ucb,54,4.398488287967398,0.46624449785700145,4.064957066546326,4.732019509388469,10,0.08157344272914183,0.03874505175978307,0.05385690237990532,0.10928998307837834,10,0.0875,0.04431676538788051,0.05579769582871463,0.11920230417128536,10,0.30136202482051583,0.03339888294452952,0.27746990325385046,0.3252541463871812,10,0.33491774628173604,0.009309132752297,0.32825839387861816,0.3415770986848539,10,4.693614003904622,0.4246791155442065,4.389816865771054,4.99741114203819,10
"{""dynamic.change_interval"": 30}",sliding_window_ucb,54,4.35134087689524,0.6347316816281534,3.8972811849929485,4.805400568797532,10,0.08530239197215223,0.06880775853400202,0.036080286719275746,0.1345244972250287,10,0.096875,0.04087795181322622,0.06763267486775004,0.12611732513224996,10,0.29427293690183387,0.035337069569308543,0.2689943201480386,0.31955155365562915,10,0.4490623331385867,0.01339261192096575,0.4394818357117021,0.4586428305654713,10,4.596342767808812,0.592992585434652,4.172141426618253,5.020544108999371,10
"{""dynamic.change_interval"": 30}",discounted_ucb,54,4.537030753879686,0.565279892469686,4.13265387898515,4.941407628774223,10,0.08047284988785999,0.04155782261844833,0.05074417447991454,0.11020152529580544,10,0.090625,0.04218428485690956,0.060448180503430385,0.12080181949656961,10,0.3028386210625465,0.030853685373622604,0.2807672241553341,0.3249100179697589,10,0.46956752209373376,0.005560827633919742,0.4655895456427985,0.47354549854466904,10,4.843732473017577,0.588509735385957,4.422737969567862,5.264726976467292,10
"{""dynamic.change_interval"": 30}",uncertainty_aware,54,1.7926546263305645,0.4138243294297091,1.4966225344070283,2.0886867182541007,10,0.01690256091906145,0.03563422008740014,-0.008588624509968668,0.042393746348091566,10,0.084375,0.051137240452639905,0.04779362188901774,0.12095637811098227,10,0.2286866767547029,0.07997765994326775,0.17147410538949928,0.2858992481199065,10,0.6726789204913366,0.17566840814520715,0.5470133115606843,0.7983445294219889,10,1.9683684882824253,0.4323338527319416,1.659095481038085,2.2776414955267654,10
"{""dynamic.change_interval"": 30}",ucb,55,4.448704392547348,0.4664841504208751,4.115001734009671,4.782407051085024,10,0.05021610457994963,0.01843551429156386,0.03702813211603268,0.06340407704386658,10,0.084375,0.04307515235028195,0.053560892289725937,0.11518910771027407,10,0.29805738268444554,0.029242459615175992,0.2771385872506443,0.3189761781182468,10,0.3248485238541716,0.007501346189376874,0.3194823840533916,0.33021466365495167,10,4.7582658732151035,0.4351983900969077,4.446943699384273,5.069588047045934,10
"{""dynamic.change_interval"": 30}",sliding_window_ucb,55,4.4052797239387465,0.6088793384155423,3.9697136842895766,4.840845763587916,10,0.05393884704350567,0.04627801577936525,0.020833548860299367,0.08704414522671197,10,0.0953125,0.05334411512112237,0.057152418854268076,0.1334725811457319,10,0.2932808596740638,0.04734422980773193,0.25941283792240377,0.32714888142572385,10,0.47458239666051727,0.024493142067858662,0.45706105833292104,0.4921037349881135,10,4.656218114108912,0.5937638198322727,4.231465065065879,5.080971163151944,10
"{""dynamic.change_interval"": 30}",discounted_ucb,55,4.589635541966709,0.5697046749588982,4.182093368361019,4.997177715572399,10,0.05260478808702207,0.023091914337756574,0.03608582769301674,0.0691237484810274,10,0.084375,0.04179667218278933,0.05447546190671091,0.11427453809328911,10,0.29813791728950706,0.028539522104650664,0.27772197305833835,0.3185538615206758,10,0.47390104554743556,0.010269627898683529,0.4665545963081818,0.4812474947866893,10,4.908464876933121,0.5874406913081236,4.48823512154729,5.328694632318952,10
"{""dynamic.change_interval"": 30}",uncertainty_aware,55,1.8245953764601268,0.4221022533195217,1.5226416145147672,2.1265491384054864,10,0.0319407501295623,0.051436652758492823,-0.004854814642149735,0.06873631490127434,10,0.1015625,0.061735779120467175,0.05739938405960304,0.14572561594039696,10,0.26251444496640775,0.06841646381747565,0.21357225509127514,0.31145663484154035,10,0.6418021500618903,0.13175481303795544,0.5475504346579864,0.7360538654657943,10,1.9974774198748697,0.4113462756621597,1.7032180208273604,2.291736818922379,10
"{""dynamic.change_interval"": 30}",ucb,56,4.523387185446748,0.48219988861696816,4.178442165057792,4.868332205835705,10,0.07468279289939972,0.043708612296683554,0.04341553524180026,0.10595005055699919,10,0.121875,0.06370368688091939,0.0763041276528155,0.1674458723471845,10,0.323233012742958,0.046408439499088704,0.29003441505114286,0.35643161043477317,10,0.33579632863901,0.012778727973966621,0.32665497733308657,0.3449376799449334,10,4.841541828994008,0.44620546291277446,4.5223456696096305,5.1607379883783855,10
"{""dynamic.change_interval"": 30}",sliding_window_ucb,56,4.457041063228061,0.6347143706688066,4.002993754840087,4.911088371616035,10,0.051761339289314055,0.05840156027059144,0.009983379829252195,0.09353929874937592,10,0.1203125,0.08036713176451898,0.06282131727777646,0.17780368272222355,10,0.30871835508502976,0.06080581884771505,0.2652204926480408,0.3522162175220187,10,0.4702087931860344,0.014959343799552676,0.4595075232899706,0.48091006308209827,10,4.724979412229889,0.6073632559405172,4.290497912649276,5.159460911810501,10
"{""dynamic.change_interval"": 30}",discounted_ucb,56,4.659606336057974,0.5608472652582531,4.258400371650808,5.060812300465139,10,0.0699707940912646,0.039394389662928235,0.041789745388693206,0.09815184279383599,10,0.1140625,0.05848659182762414,0.07222371262838786,0.15590128737161213,10,0.31867357878128366,0.0412184960436808,0.2891876429819835,0.3481595145805838,10,0.48892325972287304,0.008933771386253498,0.4825324246651956,0.4953140947805505,10,4.98718139875035,0.579276286292624,4.572792106875642,5.401570690625057,10
"{""dynamic.change_interval"": 30}",uncertainty_aware,56,1.8404216498573605,0.4269705914409557,1.5349852886161468,2.145858011098574,10,0.01582627339723331,0.03357663211058729,-0.00819300226290516,0.03984554905737178,10,0.1046875,0.055634167471777435,0.06488921409015214,0.14448578590984787,10,0.2563375113993855,0.060020838802531944,0.21340118985878134,0.29927383293998966,10,0.6684484276359166,0.1764952265839556,0.5421913484251071,0.7947055068467261,10,2.013857874310201,0.412902601441369,1.7184851468685665,2.3092306017518354,10
"{""dynamic.change_interval"": 30}",ucb,57,4.5860133077231575,0.4929374413138199,4.233387104859094,4.938639510587221,10,0.06262612227640926,0.038423904029272336,0.035139317174036094,0.09011292737878243,10,0.0984375,0.06031330958005869,0.05529195746889231,0.14158304253110768,10,0.2864295364725767,0.09940837544537601,0.21531706858464522,0.35754200436050815,10,0.3352784045555044,0.018892443446762774,0.3217635646648685,0.3487932444461403,10,4.912833519044849,0.43040479173222906,4.604940478908726,5.220726559180972,10
"{""dynamic.change_interval"": 30}",sliding_window_ucb,57,4.540301849075491,0.634664697438831,4.086290074775623,4.994313623375359,10,0.08326078584743062,0.06957419964297216,0.03349040165421898,0.13303117004064224,10,0.1046875,0.05210936849283651,0.06741070338195819,0.14196429661804183,10,0.30549352639180005,0.04820151611793295,0.2710122389577284,0.3399748138258717,10,0.45835296829037625,0.019803203123137155,0.4441866101755502,0.4725193264052023,10,4.815335092199954,0.5865851531846322,4.395717351919099,5.234952832480809,10
"{""dynamic.change_interval"": 30}",discounted_ucb,57,4.729495834283672,0.5445582587085604,4.339942323203519,5.119049345363826,10,0.06988949822569902,0.03746161289361548,0.04309107473278935,0.0966879217186087,10,0.0984375,0.061206227272594116,0.05465320263105792,0.14222179736894208,10,0.2931936914050787,0.07907867537421154,0.23662421485972643,0.34976316795043105,10,0.4681736613383178,0.004863372262190843,0.4646946144041674,0.47165270827246814,10,5.065237243733693,0.5595441057170271,4.664963503503948,5.465510983963439,10
"{""dynamic.change_interval"": 30}",uncertainty_aware,57,1.8526490832714313,0.43346327162011655,1.5425681384256813,2.1627300281171813,10,0.012227433414071101,0.026272303002006052,-0.006566639974632126,0.03102150680277433,10,0.090625,0.05197906229114437,0.053441418823231765,0.12780858117676824,10,0.23138895401820553,0.08522300743059061,0.17042408710363693,0.2923538209327741,10,0.6251995292089699,0.13368536531941652,0.5295667798981512,0.7208322785197887,10,2.0301089819066713,0.41976155023784084,1.7298296580756602,2.3303883057376824,10
"{""dynamic.change_interval"": 30}",ucb,58,4.680931400126669,0.5153246055890255,4.312290384692842,5.049572415560496,10,0.09491809240351082,0.04680181640655358,0.061438089824284316,0.12839809498273733,10,0.1125,0.07057243619147635,0.062015520398005924,0.16298447960199408,10,0.31292862392822507,0.06495531689017005,0.26646238941018086,0.3593948584462693,10,0.32028734541839127,0.007012800087253342,0.315270690445659,0.32530400039112356,10,5.024235091572819,0.4575274419303661,4.696939676308752,5.351530506836886,10
"{""dynamic.change_interval"": 30}",sliding_window_ucb,58,4.604800250883298,0.6414722558336944,4.145918642672745,5.063681859093851,10,0.0644984018078065,0.05177617683943516,0.027459956140043013,0.10153684747556999,10,0.1109375,0.08476952515989064,0.05029703475951988,0.1715779652404801,10,0.28297813392934124,0.10385821312256382,0.20868244392850638,0.3572738239301761,10,0.4671119148021045,0.015992211208253494,0.45567177607225623,0.4785520535319528,10,4.89678617472904,0.5864017176892491,4.47729965629661,5.316272693161469,10
"{""dynamic.change_interval"": 30}",discounted_ucb,58,4.824365870940623,0.5723763349962737,4.4149125068767425,5.233819235004503,10,0.09487003665695004,0.06676368858886819,0.04711017095564825,0.14262990235825185,10,0.1125,0.07926255158227834,0.05579898633936017,0.16920101366063983,10,0.30490883171469996,0.09053903571801787,0.24014110725229088,0.36967655617710904,10,0.47324762102167056,0.008752476390915628,0.4669864765909292,0.47950876545241194,10,5.168619024048139,0.579476631294317,4.754086413992891,5.5831516341033876,10
"{""dynamic.change_interval"": 30}",uncertainty_aware,58,1.886323294974612,0.4370265275762112,1.5736933503728656,2.1989532395763582,10,0.03367421170318055,0.054415094584488975,-0.0052520019978423566,0.07260042540420346,10,0.1203125,0.07330625091771581,0.06787236715389791,0.1727526328461021,10,0.25423408697828775,0.10435187399875608,0.1795852532604525,0.328882920696123,10,0.6334040278828144,0.13244980274168736,0.5386551467947549,0.7281529089708738,10,2.082816017484705,0.4114698802309069,1.7884681970553307,2.3771638379140794,10
"{""dynamic.change_interval"": 30}",ucb,59,4.752164913678572,0.5161269533095049,4.382949933261896,5.121379894095249,10,0.07123351355190492,0.039713205323801404,0.04282439786459068,0.09964262923921917,10,0.0890625,0.03379401707814236,0.06488771650206296,0.11323728349793705,10,0.30225617251010295,0.02476900606603894,0.28453749296629494,0.31997485205391096,10,0.33342552327165037,0.013494854109841203,0.3237718861888703,0.3430791603544304,10,5.101004195001849,0.45953716128986555,4.772271113114866,5.429737276888832,10
"{""dynamic.change_interval"": 30}",sliding_window_ucb,59,4.685146999858116,0.6233597675096842,4.239222285254777,5.131071714461455,10,0.08034674897481826,0.03696517232254411,0.05390345767283729,0.10679004027679924,10,0.10625,0.05402626033287475,0.06760194156615412,0.14489805843384587,10,0.30017121512261563,0.07611707227573385,0.2457203418065558,0.35462208843867543,10,0.4707404818260956,0.019430147483042674,0.4568409916397291,0.4846399720124622,10,4.971470320770582,0.5738002467326992,4.560998351612532,5.381942289928632,10
"{""dynamic.change_interval"": 30}",discounted_ucb,59,4.8950334969670415,0.5815607957024644,4.479009965509209,5.311057028424874,10,0.0706676260264188,0.0339275420451707,0.046397324521196166,0.09493792753164143,10,0.09375,0.03966548492637452,0.06537502142854158,0.12212497857145842,10,0.3043158218457327,0.028873372403048908,0.2836610554980385,0.3249705881934269,10,0.483579794462942,0.008201986966092253,0.4777124464439216,0.48944714248196247,10,5.247447776812798,0.5977081120781611,4.819873151072433,5.6750224025531635,10
"{""dynamic.change_interval"": 30}",uncertainty_aware,59,1.8940596607584084,0.44325066764278964,1.5769772345761963,2.2111420869406206,10,0.00773636578379701,0.01633264239398186,-0.003947302745775847,0.019420034313369867,10,0.09375,0.05412658773652741,0.055030171665091325,0.13246982833490867,10,0.23490649451500478,0.08133106636707602,0.17672575451792094,0.2930872345120886,10,0.5794258646146891,0.042861205381417834,0.5487648053461073,0.610086923883271,10,2.0922354429186356,0.4182486049732328,1.7930384149310443,2.391432470906227,10
"{""dynamic.change_interval"": 30}",ucb,60,4.827632342629986,0.5532338205753868,4.431872708455069,5.223391976804903,10,0.07546742895141327,0.09270753911741694,0.009148450606584882,0.14178640729624165,10,0.0109375,0.016552342272990316,-0.0009033323552663612,0.02277833235526636,10,0.1602952908632779,0.08370931506549528,0.10041325423562206,0.22017732749093374,10,0.3240549065468114,0.01695509055062844,0.3119259654297617,0.3361838476638611,10,5.184675673854816,0.49382139113364265,4.8314171313825955,5.537934216327036,10
"{""dynamic.change_interval"": 30}",sliding_window_ucb,60,4.77756620487981,0.6028996644573839,4.346277766292168,5.208854643467452,10,0.09241920502169429,0.07678332241187164,0.03749172506963263,0.14734668497375594,10,0.0140625,0.018706546870904138,0.0006806425087041521,0.027444357491295847,10,0.17727679764484713,0.08692608687420274,0.1150936210888438,0.23945997420085047,10,0.46401503641817465,0.016321982216266295,0.4523389937203497,0.4756910791159996,10,5.072123306405118,0.5632875900835478,4.6691716387813225,5.475074974028913,10
"{""dynamic.change_interval"": 30}",discounted_ucb,60,4.952827159775934,0.5860858067390029,4.533566630423441,5.372087689128427,10,0.0577936628088936,0.07090589200479759,0.007070643287998217,0.10851668232978898,10,0.00625,0.01092509216843908,-0.001565340131252025,0.014065340131252026,10,0.1426861623773985,0.07695851760910555,0.08763335533109959,0.19773896942369742,10,0.4654684672431226,0.005848903886236007,0.4612844134556416,0.46965252103060356,10,5.313510127179887,0.5932991239214022,4.88908950156588,5.737930752793894,10
"{""dynamic.change_interval"": 30}",uncertainty_aware,60,1.9463857577692516,0.47451484972137786,1.6069382830270447,2.2858332325114588,10,0.052326097010842954,0.06000189054802016,0.009403330234960226,0.09524886378672567,10,0.01875,0.01920738428602685,0.005009865005018772,0.032490134994981226,10,0.13634017362586048,0.08830265640177665,0.07317225855173405,0.19950808869998693,10,0.5895168303615241,0.049787187408509175,0.5539012220191114,0.6251324387039369,10,2.1519518045341863,0.4387216256512472,1.8381092598181354,2.4657943492502374,10
"{""dynamic.change_interval"": 30}",ucb,61,4.893329956226762,0.6057501771900937,4.460002383670168,5.326657528783357,10,0.06569761359677653,0.07956420115429873,0.00878081283160348,0.12261441436194959,10,0.0140625,0.020104436526686233,-0.0003193475103692323,0.028444347510369235,10,0.14692999070181645,0.09463586122514978,0.0792315738202514,0.2146284075833815,10,0.312238937172993,0.007562276245592527,0.30682921063571683,0.3176486637102692,10,5.257232789614991,0.5532726260527628,4.861445395673843,5.65302018355614,10
"{""dynamic.change_interval"": 30}",sliding_window_ucb,61,4.8115960946445275,0.581394141178784,4.395691780651124,5.227500408637931,10,0.034029889764717346,0.037443514849933794,0.007244412832340244,0.06081536669709445,10,0.0125,0.025301995419773165,-0.005599957158820081,0.030599957158820083,10,0.11153513174171778,0.11200481621917303,0.03141171295537751,0.19165855052805805,10,0.4614498466743061,0.020505527320006742,0.4467810760950067,0.4761186172536055,10,5.109285563205195,0.5361834572705398,4.72572302417001,5.49284810224038,10
"{""dynamic.change_interval"": 30}",discounted_ucb,61,5.013523789732464,0.6104695043875892,4.576820213873522,5.450227365591405,10,0.060696629956528914,0.08107829360388524,0.0026967127012393483,0.11869654721181848,10,0.015625,0.020833333333333332,0.0007217311252429165,0.030528268874757084,10,0.1429625424593963,0.11254021814566485,0.06245612020746065,0.22346896471133193,10,0.46230881512684086,0.016097482861372303,0.45079336959292926,0.47382426066075245,10,5.382099794697642,0.6133023659808523,4.943369711734251,5.820829877661033,10
"{""dynamic.change_interval"": 30}",uncertainty_aware,61,2.0132338558002645,0.4537460786955509,1.6886434648402733,2.3378242467602557,10,0.06684809803101277,0.07236391536469251,0.015082071430524237,0.11861412463150131,10,0.0234375,0.02969206836195672,0.002197073844196363,0.04467792615580364,10,0.15562454769164588,0.10010272255791774,0.08401537380160463,0.22723372158168714,10,0.8893068669522162,0.17824432969629603,0.7617985547507082,1.016815179153724,10,2.233203477284191,0.42256027422480125,1.9309220669211526,2.5354848876472293,10
"{""dynamic.change_interval"": 30}",ucb,62,4.986320494699012,0.6356444038516934,4.531607880650862,5.4410331087471615,10,0.09299053847224834,0.07143094442664241,0.041891919075380354,0.1440891578691163,10,0.0171875,0.021411254990723404,0.001870810876508703,0.0325041891234913,10,0.16436665484208796,0.10601286915268153,0.08852961677007896,0.24020369291409693,10,0.31606700367602236,0.0106039224987142,0.308481414486002,0.3236525928660427,10,5.355361822126254,0.5803259709876736,4.940221631055833,5.770502013196674,10
"{""dynamic.change_interval"": 30}",sliding_window_ucb,62,4.902513159692012,0.575228931117264,4.491019171292987,5.314007148091038,10,0.09091706504748463,0.08620394731356183,0.029250476013273165,0.1525836540816961,10,0.015625,0.020833333333333332,0.0007217311252429165,0.030528268874757084,10,0.16360172556519453,0.10288991966091378,0.08999871097917439,0.23720474015121468,10,0.47095382963652616,0.022563541580265804,0.454812844343528,0.48709481492952433,10,5.2066496664395645,0.529739934039562,4.827696546246556,5.585602786632573,10
"{""dynamic.change_interval"": 30}",discounted_ucb,62,5.076595101124233,0.6468823039264187,4.613843377648821,5.539346824599645,10,0.06307131139176862,0.06315151029716029,0.017895442377101244,0.108247180406436,10,0.015625,0.02209708691207961,-0.00018230372478071286,0.031432303724780716,10,0.1493148510862409,0.10367345420161247,0.07515132965545153,0.2234783725170303,10,0.4605739591689428,0.01998606344422264,0.446276790660597,0.47487112767728856,10,5.465177023453056,0.6325303010909032,5.012692104320794,5.917661942585318,10
"{""dynamic.change_interval"": 30}",uncertainty_aware,62,2.0577282167751685,0.48119371979485714,1.7135029662016992,2.401953467348638,10,0.04449436097490423,0.054530945136758144,0.005485272781253006,0.08350344916855545,10,0.0125,0.02185018433687816,-0.00313068026250405,0.02813068026250405,10,0.13921924721433046,0.07147476080963437,0.08808928346529375,0.19034921096336715,10,0.9107886440005244,0.18807898221030578,0.776245045205124,1.0453322427959248,10,2.306185102167696,0.44241825834799503,1.989698145723124,2.6226720586122676,10
"{""dynamic.change_interval"": 30}",ucb,63,5.0481088952014295,0.6144463387022774,4.6085604634515045,5.487657326951354,10,0.061788400502418,0.07811409654693194,0.0059089420825302955,0.11766785892230572,10,0.0140625,0.021411254990723404,-0.001254189123491298,0.0293791891234913,10,0.1409812767587594,0.09714158340937476,0.07149037420822081,0.210472179309298,10,0.3119011580773009,0.01470454256634319,0.3013821620030678,0.322420154151534,10,5.42688590917083,0.5667345915932912,5.0214684052120875,5.832303413129572,10
"{""dynamic.change_interval"": 30}",sliding_window_ucb,63,5.004856501946664,0.5910512549438274,4.582043904929522,5.427669098963806,10,0.10234334225465087,0.10523739302153294,0.027061046388488136,0.1776256381208136,10,0.0171875,0.0214112549907234,0.0018708108765087064,0.032504189123491296,10,0.17945779628359237,0.09218202449719072,0.11351474845154065,0.2454008441156441,10,0.45888465693043756,0.02366270345321652,0.44195737860082496,0.47581193526005017,10,5.316650273008973,0.5601759054836098,4.915924570453001,5.717375975564945,10
"{""dynamic.change_interval"": 30}",discounted_ucb,63,5.13954771931887,0.6217168454177149,4.694798280380022,5.584297158257717,10,0.06295261819463746,0.055169308584345655,0.023486872300223983,0.10241836408905095,10,0.0140625,0.023810686355546794,-0.0029706389207627363,0.03109563892076274,10,0.1486937834891266,0.08459551700890496,0.08817779618115235,0.20920977079710085,10,0.4690598662852247,0.02211480881906314,0.45323988507189605,0.4848798474985534,10,5.544413617228,0.635507182334125,5.089799165540092,5.999028068915908,10
"{""dynamic.change_interval"": 30}",uncertainty_aware,63,2.0969214549977533,0.47123848315871514,1.7598177517026965,2.43402515829281,10,0.0391932382225849,0.04149548827217404,0.009509154119727033,0.06887732232544277,10,0.0078125,0.01518477055949297,-0.0030500304855817263,0.018675030485581726,10,0.12985394887494467,0.06012717120280889,0.0868415617174721,0.17286633603241724,10,0.9060930995835257,0.19816769910288218,0.7643324674864596,1.0478537316805918,10,2.366581861328457,0.4498598218903088,2.04477153101254,2.688392191644374,10
"{""dynamic.change_interval"": 30}",ucb,64,5.095554374491627,0.6052139350985706,4.6626104064184855,5.5284983425647685,10,0.04744547929019713,0.029812586687170385,0.026118839518153747,0.06877211906224051,10,0.0109375,0.01482317653203928,0.0003336382991214089,0.02154136170087859,10,0.146884009320275,0.09925424907685981,0.07588179679445652,0.21788622184609352,10,0.30702852030982797,0.009560406706703597,0.3001894173481303,0.3138676232715256,10,5.470324499917095,0.5602832231565636,5.069522026922641,5.871126972911549,10
"{""dynamic.change_interval"": 30}",sliding_window_ucb,64,5.068512003115028,0.5680915924192383,4.662123759244013,5.474900246986044,10,0.06365550116836477,0.03169085418270502,0.04098522977209726,0.08632577256463228,10,0.0171875,0.025989531145572186,-0.0014042905883841147,0.03577929058838412,10,0.1651186837460706,0.08933613172707607,0.1012114649608227,0.22902590253131852,10,0.47789262285487755,0.02539343834284118,0.459727251369537,0.4960579943402181,10,5.378323538181034,0.565190829902924,4.974010374808696,5.782636701553372,10
"{""dynamic.change_interval"": 30}",discounted_ucb,64,5.211527100000922,0.6374743114828373,4.755505448891512,5.667548751110331,10,0.07197938068205181,0.05982588250771883,0.029182522473308124,0.1147762388907955,10,0.0140625,0.01719538960335331,0.0017616592960811063,0.026363340703918894,10,0.16992958882855813,0.09550863743916531,0.1016068254549147,0.23825235220220156,10,0.4706320044306378,0.02647281009101586,0.4516944969111118,0.4895695119501638,10,5.610897787482548,0.6544163681666768,5.142756519122708,6.079039055842388,10
"{""dynamic.change_interval"": 30}",uncertainty_aware,64,2.1233354902839845,0.489398889230204,1.7732406150901354,2.4734303654778333,10,0.02641403528623105,0.04387513684996001,-0.004972346860571342,0.05780041743303345,10,0.0203125,0.03214854033752284,-0.0026851803478916796,0.04331018034789168,10,0.11867339827436987,0.09744004327436379,0.04896899039825103,0.1883778061504887,10,0.6114355457024315,0.20768884043595065,0.46286389939986383,0.7600071920049992,10,2.3818098410288178,0.46997121633920513,2.0456126858048274,2.718006996252808,10
"{""dynamic.change_interval"": 30}",ucb,65,5.143435306985878,0.6005421622492763,4.713833323883688,5.573037290088068,10,0.04788093249425148,0.038713562798010054,0.020186917991281708,0.07557494699722125,10,0.0140625,0.02987422999937497,-0.007308236741136927,0.03543323674113693,10,0.13526047189094853,0.10077161104591918,0.06317280400167935,0.2073481397802177,10,0.30589669793430013,0.013119562816148756,0.2965115280702203,0.31528186779837997,10,5.529581340947698,0.5461602733658674,5.1388818176189455,5.92028086427645,10
"{""dynamic.change_interval"": 30}",sliding_window_ucb,65,5.150603359660325,0.5994852664574111,4.721757434261756,5.579449285058894,10,0.0820913565452972,0.06358024444426004,0.03660878959766899,0.1275739234929254,10,0.0265625,0.03458741190809165,0.0018201560312832883,0.05130484396871671,10,0.164712871657251,0.11024063957216444,0.08585146881873167,0.2435742744957703,10,0.4702087931860344,0.014959343799552677,0.4595075232899706,0.48091006308209827,10,5.46703277897794,0.5886720431041101,5.045922167581149,5.88814339037473,10
"{""dynamic.change_interval"": 30}",discounted_ucb,65,5.292524458077851,0.660940664453033,4.8197159893128525,5.76533292684285,10,0.08099735807692919,0.08720927230693783,0.018611602865943523,0.14338311328791487,10,0.01875,0.02927806108865666,-0.002194263193719039,0.039694263193719034,10,0.17368007674088587,0.10112117591827527,0.10134234520608583,0.24601780827568592,10,0.47227244025836185,0.03142783691575095,0.4497903200804041,0.4947545604363196,10,5.708574233363089,0.6797709091396563,5.222295419020064,6.194853047706115,10
"{""dynamic.change_interval"": 30}",uncertainty_aware,65,2.178778570656452,0.5224364577583254,1.8050500426589484,2.552507098653956,10,0.05544308037246781,0.07025920854173932,0.005182670332859622,0.105703490412076,10,0.0203125,0.025568620226319953,0.0020218109445088693,0.038603189055491136,10,0.14689699119268598,0.11564179725334724,0.06417183290660058,0.22962214947877138,10,0.5640848442210181,0.15703039406270325,0.45175206737819296,0.6764176210638433,10,2.452703201361158,0.5062102344508084,2.0905822142647956,2.8148241884575205,10
"{""dynamic.change_interval"": 30}",ucb,66,5.202931809057268,0.5907541937369419,4.780331716825972,5.625531901288563,10,0.05949650207138961,0.034800284333825676,0.03460187834282957,0.08439112579994965,10,0.015625,0.03897559777889522,-0.012256463036156504,0.043506463036156504,10,0.1353303487926234,0.10375819946039777,0.0611062042557122,0.2095544933295346,10,0.3070400252253207,0.012706062276963302,0.29795065582757707,0.31612939462306433,10,5.586564423676567,0.5389945157234353,5.200990974563966,5.972137872789167,10
"{""dynamic.change_interval"": 30}",sliding_window_ucb,66,5.2318906721556155,0.6455078324177876,4.770122186365987,5.693659157945244,10,0.08128731249528973,0.055827191128232326,0.04135094577977774,0.12122367921080171,10,0.021875,0.04431676538788051,-0.009827304171285363,0.05357730417128536,10,0.1687786922619931,0.09717852068126442,0.09926136637891987,0.23829601814506635,10,0.4691336763431493,0.03148145417572173,0.44661320068799126,0.4916541519983073,10,5.557464205176179,0.6306280983777681,5.106340039891348,6.008588370461009,10
"{""dynamic.change_interval"": 30}",discounted_ucb,66,5.37082374494148,0.6731409732834525,4.889287700999449,5.85235978888351,10,0.07829928686362805,0.06402873927731054,0.03249588603987708,0.12410268768737903,10,0.021875,0.04431676538788051,-0.009827304171285363,0.05357730417128536,10,0.1611379712933133,0.10589514468916521,0.08538514822928449,0.23689079435734212,10,0.47474647257370534,0.020308604382340327,0.46021857217781315,0.4892743729695975,10,5.791364938592647,0.69785745557262,5.292147788353322,6.290582088831972,10
"{""dynamic.change_interval"": 30}",uncertainty_aware,66,2.201263361945034,0.5335536987721701,1.8195820388127395,2.582944685077328,10,0.02248479128858153,0.03628032228222559,-0.003468587807491194,0.048438170384654256,10,0.0171875,0.038590903235088965,-0.010418769137548661,0.044793769137548664,10,0.11460210800548909,0.09418331716690806,0.047227421641251224,0.18197679436972697,10,0.6167935802940991,0.20252089064801385,0.471918862562133,0.7616682980260653,10,2.488958043302893,0.5314538029589392,2.1087788951424495,2.8691371914633366,10
"{""dynamic.change_interval"": 30}",ucb,67,5.285319259837261,0.5850499154277409,4.8667997624881325,5.70383875718639,10,0.08238745077999417,0.0832758330162423,0.02281550852989342,0.14195939303009492,10,0.0234375,0.053242313281929354,-0.014649756497022881,0.06152475649702288,10,0.14593123509409814,0.11098060599905549,0.0665404921619028,0.22532197802629347,10,0.3041977267054062,0.01228857697034768,0.2954070083048987,0.31298844510591367,10,5.6686262905900175,0.529217755370194,5.290046714514301,6.047205866665734,10
"{""dynamic.change_interval"": 30}",sliding_window_ucb,67,5.2617055167108715,0.6511997278207718,4.795865294236555,5.727545739185188,10,0.0298148445552558,0.0378489649458306,0.002739326096745282,0.05689036301376632,10,0.01875,0.04874732898665663,-0.01612173843909041,0.053621738439090405,10,0.10793209713838434,0.10342632054625871,0.03394536447465443,0.18191882980211424,10,0.4596296933809293,0.029393938667746894,0.43860253636075885,0.48065685040109973,10,5.601526934133916,0.6580702337572837,5.130771847790282,6.07228202047755,10
"{""dynamic.change_interval"": 30}",discounted_ucb,67,5.440785595011085,0.7001878501682312,4.939901380904112,5.941669809118058,10,0.06996185006960623,0.04592865632282017,0.03710646858631179,0.10281723155290068,10,0.0234375,0.049547649975105336,-0.012006753585184604,0.058881753585184604,10,0.15544459072864597,0.09781669026557215,0.0854707458262465,0.22541843563104544,10,0.46426711165976703,0.026020698748134785,0.4456530251116467,0.4828811982078874,10,5.882940161140647,0.7123136397397638,5.373381679723116,6.392498642558178,10
"{""dynamic.change_interval"": 30}",uncertainty_aware,67,2.2551477279023295,0.565322661070999,1.8507402581934846,2.6595551976111746,10,0.05388436595729551,0.07445008536956275,0.0006259832367573256,0.10714274867783369,10,0.021875,0.048412291827592706,-0.012757067293591315,0.05650706729359131,10,0.12592608234852987,0.12262826460654451,0.038203106392872735,0.213649058304187,10,0.5559959365676346,0.16966513816290638,0.43462480827733363,0.6773670648579355,10,2.5510147574707753,0.5813717230280943,2.1351264804562877,2.966903034485263,10
"{""dynamic.change_interval"": 30}",ucb,68,5.363704142006445,0.5858509440489704,4.944611623301226,5.782796660711664,10,0.07838488216918346,0.06372099962829096,0.03280162502860507,0.12396813930976186,10,0.028125,0.04818763960925157,-0.006346360777755387,0.06259636077775539,10,0.17492609877611187,0.10396581018277347,0.10055343847519199,0.24929875907703175,10,0.2989082493166659,0.012068947449758397,0.29027464441047085,0.3075418542228609,10,5.764600362996708,0.5324272813115325,5.3837248303739065,6.1454758956195095,10
"{""dynamic.change_interval"": 30}",sliding_window_ucb,68,5.376156075494654,0.6591853732578675,4.904603266408137,5.847708884581171,10,0.1144505587837827,0.08006780896250011,0.05717349869510314,0.17172761887246227,10,0.028125,0.037413093741808276,0.0013612850174083042,0.054888714982591694,10,0.20920226439196737,0.08412090609487932,0.1490257932789988,0.26937873550493596,10,0.47532743311100906,0.02963113822131777,0.45413059375209436,0.49652427246992376,10,5.73177717215646,0.6940776571189791,5.235263926844191,6.228290417468728,10
"{""dynamic.change_interval"": 30}",discounted_ucb,68,5.515224527721697,0.7073044692955189,5.00924939097473,6.021199664468664,10,0.07443893271061333,0.07745564877352266,0.019030499452666598,0.12984736596856006,10,0.025,0.04841229182759271,-0.009632067293591319,0.05963206729359132,10,0.17888747224918905,0.09513704935429664,0.1108305269782394,0.24694441752013868,10,0.4526108822608599,0.01963223196159674,0.43856682954716664,0.4666549349745531,10,5.9828756070204125,0.7364167097869576,5.456074827989101,6.509676386051724,10
"{""dynamic.change_interval"": 30}",uncertainty_aware,68,2.333323462482962,0.5948422299175071,1.9077989653379694,2.7588479596279547,10,0.07817573458063264,0.08360452576472877,0.01836865970295381,0.13798280945831146,10,0.0375,0.048412291827592706,0.002867932706408685,0.07213206729359131,10,0.1807172439615216,0.10166604707976158,0.10798973507847845,0.2534447528445648,10,0.5488109175751513,0.17086177339051217,0.42658376801083364,0.671038067139469,10,2.652779975062875,0.6227245594367931,2.2073096609412186,3.0982502891845316,10
"{""dynamic.change_interval"": 30}",ucb,69,5.4407718535662015,0.5935396961199806,5.016179132968553,5.86536457416385,10,0.077067711559756,0.07285887490423928,0.02494761223446787,0.12918781088504414,10,0.01875,0.021850184336878156,0.0031193197374959555,0.03438068026250404,10,0.1793503719018982,0.09515164568745506,0.11128298504322158,0.2474177587605748,10,0.3023064931913312,0.01989249490605363,0.28807625958294786,0.3165367267997145,10,5.861904831304296,0.5260376983358621,5.485600130989526,6.2382095316190656,10
"{""dynamic.change_interval"": 30}",sliding_window_ucb,69,5.45281082937361,0.7293994731207215,4.931029879052446,5.974591779694775,10,0.07665475387895651,0.0832477094631789,0.0171029300067606,0.1362065777511524,10,0.028125,0.03952847075210474,-0.00015196453567624044,0.05640196453567624,10,0.17388705287626,0.11543951436462234,0.09130659905158722,0.25646750670093277,10,0.46838863989265767,0.026509187142492313,0.4494251097981385,0.48735216998717684,10,5.823618321438411,0.7362240244099151,5.29695538122225,6.350281261654572,10
"{""dynamic.change_interval"": 30}",discounted_ucb,69,5.612379736750837,0.7221045184365872,5.09581728264184,6.128942190859834,10,0.09715520902913821,0.07255673004766024,0.04525125111361276,0.14905916694466367,10,0.025,0.0384147685720537,-0.0024802699899624525,0.052480269989962455,10,0.19115283516190656,0.08922935337607192,0.1273220010074595,0.25498366931635363,10,0.4683921031480784,0.031283796086039456,0.4460130235723991,0.4907711827237577,10,6.091982538588009,0.7477487428971284,5.557075311412448,6.626889765763569,10
"{""dynamic.change_interval"": 30}",uncertainty_aware,69,2.372020210133314,0.6152127653825048,1.9319235097647547,2.812116910501873,10,0.03869674765035193,0.05594580447838511,-0.0013244699443342584,0.07871796524503812,10,0.021875,0.03770200223094553,-0.0050953876654946904,0.04884538766549469,10,0.1475806866418733,0.1025967875301386,0.07418736614997024,0.22097400713377635,10,0.4787457090877895,0.08612375315440009,0.41713648749915433,0.5403549306764247,10,2.7183147581104383,0.6456457698467053,2.2564475978284393,3.1801819183924374,10
"{""dynamic.change_interval"": 30}",ucb,70,5.5160638612953745,0.6020340419766971,5.08539465172727,5.946733070863479,10,0.07529200772917362,0.07246088487629886,0.023456613318887175,0.12712740213946006,10,0.0140625,0.015537951968933645,0.0029473187541081917,0.025177681245891807,10,0.1769541220307247,0.0923382282315749,0.11089933277854008,0.2430089112829093,10,0.3093292696826123,0.019275466262732455,0.2955404317754214,0.32311810758980325,10,5.936455748664568,0.5257381463316417,5.56036533494472,6.312546162384416,10
"{""dynamic.change_interval"": 30}",sliding_window_ucb,70,5.5444306816504785,0.6930245700924996,5.048670769415208,6.0401905938857485,10,0.09161985227686795,0.08702677022528917,0.029364651190346903,0.153875053363389,10,0.025,0.038414768572053705,-0.0024802699899624595,0.05248026998996246,10,0.19214974468081947,0.0898311114528594,0.12788843873040823,0.2564110506312307,10,0.46582345014878906,0.02969407237323416,0.44458159040967843,0.4870653098878997,10,5.913364861448777,0.7136509065093553,5.40284975701247,6.423879965885083,10
"{""dynamic.change_interval"": 30}",discounted_ucb,70,5.761010406323299,0.7555645886391078,5.2205120599200745,6.301508752726524,10,0.14863066957246235,0.0759823788508467,0.09427615012808677,0.20298518901683793,10,0.0375,0.05060399083954634,0.0013000856823598347,0.07369991431764017,10,0.22201451058268384,0.09324062141420855,0.15531418813538544,0.28871483302998224,10,0.4835158269221996,0.03002766067567266,0.46203533248718265,0.5049963213572165,10,6.21159384450024,0.7862028224963723,5.649178225919935,6.774009463080545,10
"{""dynamic.change_interval"": 30}",uncertainty_aware,70,2.407069225399935,0.6106090961100225,1.9702657916383326,2.8438726591615375,10,0.035049015266620964,0.05953933780672458,-0.007542861211392131,0.07764089174463407,10,0.0171875,0.018706546870904138,0.003805642508704153,0.03056935749129585,10,0.12952361046481628,0.09413896000934156,0.06218065529957363,0.19686656563005894,10,0.46433021027277743,0.09451076670959549,0.3967212806168154,0.5319391399287394,10,2.7454351639048022,0.6527686127373177,2.278472628770734,3.2123976990388705,10
"{""dynamic.change_interval"": 30}",ucb,71,5.587767647019749,0.5892211670106248,5.16626421604419,6.009271077995309,10,0.0717037857243749,0.06854826617526846,0.022667310122369666,0.12074026132638013,10,0.01875,0.02927806108865666,-0.002194263193719039,0.039694263193719034,10,0.15301215221416772,0.10714174445814868,0.0763675653963931,0.22965673903194234,10,0.31111121929977864,0.023564258435220684,0.29425436429364954,0.32796807430590774,10,6.008126531195267,0.4981961532634524,5.651738472421431,6.364514589969104,10
"{""dynamic.change_interval"": 30}",sliding_window_ucb,71,5.58440032748294,0.6953676522401253,5.086964275252068,6.0818363797138115,10,0.03996964583246117,0.036202112041978846,0.014072214971867954,0.06586707669305439,10,0.009375,0.01976423537605237,-0.004763482267838121,0.023513482267838122,10,0.13193749079141154,0.094822128406745,0.06410582639513335,0.19976915518768973,10,0.4569279304785038,0.030313078732622147,0.43524326026535426,0.4786126006916533,10,5.96396098255672,0.693862425175946,5.467601704901289,6.460320260212151,10
"{""dynamic.change_interval"": 30}",discounted_ucb,71,5.848403680713226,0.7341842145885562,5.323199932539676,6.373607428886775,10,0.08739327438992625,0.08143444378514761,0.02913858264290165,0.14564796613695086,10,0.0140625,0.020104436526686233,-0.0003193475103692323,0.028444347510369235,10,0.16991448212628288,0.09677665462342011,0.10068463390297089,0.23914433034959487,10,0.4543276976907852,0.0242493036871541,0.43698079083277097,0.4716746045487994,10,6.300166956943056,0.7547923784103677,5.760221016459836,6.840112897426277,10
"{""dynamic.change_interval"": 30}",uncertainty_aware,71,2.4493784720678344,0.600306611794518,2.0199449916101644,2.8788119525255045,10,0.042309246667899585,0.07896464998507098,-0.014178661027873012,0.09879715436367217,10,0.0171875,0.022642776165921,0.0009898336989602255,0.03338516630103978,10,0.12330672742198305,0.10733526629700157,0.046523703420325455,0.20008975142364066,10,0.44967245955061985,0.10313861146370203,0.37589154156601245,0.5234533775352272,10,2.787400521643317,0.6325992117317095,2.3348663068082582,3.2399347364783755,10
"{""dynamic.change_interval"": 30}",ucb,72,5.670575434201739,0.5793888509995181,5.256105618386584,6.0850452500168934,10,0.08280778718198892,0.09264922611501267,0.016530523446139353,0.14908505091783847,10,0.015625,0.01948779888944761,0.0016842684819217482,0.029565731518078252,10,0.170903412369816,0.09088165626190838,0.10589059193520137,0.2359162328044306,10,0.29308522268144455,0.017555738490795378,0.28052660391232875,0.30564384145056034,10,6.102093897466387,0.5116896491517244,5.736053173222951,6.468134621709824,10
"{""dynamic.change_interval"": 30}",sliding_window_ucb,72,5.714716959920472,0.6691514828218426,5.236034825531529,6.193399094309415,10,0.13031663243753266,0.09875044419565703,0.059674820212753235,0.2009584446623121,10,0.021875,0.02109214242845478,0.006786590251715194,0.036963409748284805,10,0.20395902686993309,0.08007128177931172,0.1466794824777641,0.26123857126210204,10,0.47458239666051744,0.024493142067858662,0.4570610583329212,0.49210373498811366,10,6.090983963327956,0.6687585483484698,5.61258291732814,6.569385009327771,10
"{""dynamic.change_interval"": 30}",discounted_ucb,72,5.926112139703133,0.705243697291243,5.421611190441093,6.430613088965174,10,0.07770845898990762,0.05918749510386098,0.03536827561920961,0.12004864236060564,10,0.0078125,0.011048543456039806,-9.115186239035643e-05,0.015716151862390358,10,0.15156472247447725,0.09157105252952552,0.08605873765886012,0.21707070729009437,10,0.4628865441782253,0.024111558161571785,0.44563817453320537,0.4801349138232452,10,6.374795633318836,0.7293962930940098,5.853016957851741,6.896574308785931,10
"{""dynamic.change_interval"": 30}",uncertainty_aware,72,2.467965108929163,0.5991661293973355,2.0393474804304756,2.8965827374278503,10,0.01858663686132812,0.04119384342390859,-0.010881663516167255,0.048054937238823495,10,0.0140625,0.021411254990723404,-0.001254189123491298,0.0293791891234913,10,0.09907960091397898,0.08458435337939019,0.03857159958547403,0.15958760224248392,10,0.4650871684674298,0.09728831021823121,0.39549130388088216,0.5346830330539775,10,2.8095440764586,0.6387038702217471,2.352642852013993,3.2664453009032073,10
"{""dynamic.change_interval"": 30}",ucb,73,5.7267056410354655,0.5976382371572043,5.299181000802362,6.154230281268569,10,0.056130206833725896,0.03891915836070876,0.028289118125139043,0.08397129554231275,10,0.00625,0.01976423537605237,-0.00788848226783812,0.02038848226783812,10,0.10796212231213871,0.06550998941471159,0.06109909897310173,0.1548251456511757,10,0.29854991393995817,0.014385850102838828,0.28825889672037935,0.308840931159537,10,6.163488524648232,0.5258191878357111,5.787340137328775,6.539636911967688,10
"{""dynamic.change_interval"": 30}",sliding_window_ucb,73,5.793744014206578,0.7251560411453546,5.274998632254084,6.312489396159073,10,0.07902705428610599,0.0682308483519333,0.03021764571610735,0.12783646285610462,10,0.009375,0.01976423537605237,-0.004763482267838121,0.023513482267838122,10,0.13148091750134694,0.0741107056160739,0.07846531243121962,0.18449652257147425,10,0.4674952907208464,0.03766717824880917,0.440549814631467,0.4944407668102258,10,6.175897385699009,0.7202209905159203,5.6606823262956825,6.691112445102335,10
"{""dynamic.change_interval"": 30}",discounted_ucb,73,6.025900374558715,0.7276523802949458,5.505369219155871,6.546431529961558,10,0.09978823485558179,0.06262800491783278,0.05498685902933839,0.1445896106818252,10,0.015625,0.02551551815399144,-0.0026277021213286372,0.03387770212132864,10,0.14916813053597144,0.08676528862649742,0.08709998211693494,0.21123627895500796,10,0.48079144526080003,0.030926746117709836,0.45866778384574824,0.5029151066758518,10,6.4773962687245135,0.7503813748309645,5.940605770114158,7.014186767334869,10
"{""dynamic.change_interval"": 30}",uncertainty_aware,73,2.4917345940270312,0.6045641238663166,2.0592554729064716,2.924213715147591,10,0.023769485097868352,0.03836204501617401,-0.0036730687322873053,0.051212038928024006,10,0.0046875,0.007547592055306998,-0.000711722100346591,0.010086722100346592,10,0.07813606784612895,0.07062562824121182,0.02761353694401293,0.12865859874824498,10,0.4425856227626907,0.1050721538282345,0.367421531894594,0.5177497136307875,10,2.8411126491744345,0.6510461226080527,2.3753823092498325,3.3068429890990365,10
"{""dynamic.change_interval"": 30}",ucb,74,5.792142568678042,0.6143507168012096,5.35266254071541,6.2316225966406735,10,0.06543692764257658,0.07007230714085202,0.015310218810832013,0.11556363647432115,10,0.0125,0.016137430609197572,0.0009559775688028922,0.02404402243119711,10,0.13288668188711256,0.09273122706480981,0.066550758205528,0.19922260556869711,10,0.29335040481133895,0.011891139058106914,0.2848439963660545,0.3018568132566234,10,6.248384879172735,0.5479233382555424,5.856424135199448,6.640345623146023,10
"{""dynamic.change_interval"": 30}",sliding_window_ucb,74,5.843119718613472,0.7172680284812726,5.330017080994752,6.356222356232191,10,0.04937570440689347,0.07536926854688705,-0.004540222347411957,0.1032916311611989,10,0.0125,0.03439077920670662,-0.012101681407837787,0.03710168140783779,10,0.1259051602633255,0.08629109029193516,0.06417623289772628,0.1876340876289247,10,0.47095382963652616,0.022563541580265804,0.454812844343528,0.48709481492952433,10,6.253812218599725,0.7189156491885822,5.739530944129582,6.768093493069868,10
"{""dynamic.change_interval"": 30}",discounted_ucb,74,6.125048795743118,0.7877751824631479,5.56150837860188,6.688589212884356,10,0.09914842118440312,0.08619501940864079,0.03748821878863293,0.1608086235801733,10,0.0109375,0.012863634411696322,0.0017354102874837796,0.02013958971251622,10,0.1682741086573403,0.09309273364975772,0.10167957874365299,0.2348686385710276,10,0.4519727550753071,0.022538866816832516,0.4358494210447345,0.4680960891058797,10,6.597680050019244,0.8035843880689703,6.022830408469693,7.172529691568796,10
"{""dynamic.change_interval"": 30}",uncertainty_aware,74,2.5390663647960405,0.6476832456024278,2.0757416821614014,3.0023910474306796,10,0.0473317707690095,0.0747327183411489,-0.006128795399612856,0.10079233693763184,10,0.009375,0.01679637030895531,-0.00264039949604869,0.02139039949604869,10,0.0959959536714549,0.1019846561467109,0.023040525592059047,0.16895138175085075,10,0.4421907354424245,0.10418162387521206,0.3676636913262118,0.5167177795586372,10,2.88911827548328,0.7087685700596384,2.382095784143637,3.396140766822923,10
"{""dynamic.change_interval"": 30}",ucb,75,5.889989006324091,0.6325487572174859,5.437490884474221,6.342487128173961,10,0.09784643764605057,0.08888774151154422,0.03425997789806097,0.16143289739404015,10,0.0203125,0.027609079751455358,0.0005621541318135692,0.04006284586818643,10,0.16128079189255556,0.0983827889910862,0.09090198435738843,0.23165959942772268,10,0.29453721951988776,0.0178253414995999,0.2817857383765484,0.3072887006632271,10,6.334777437739075,0.5530902078599956,5.939120537911901,6.730434337566249,10
"{""dynamic.change_interval"": 30}",sliding_window_ucb,75,5.904270956780269,0.7488429424864896,5.368580986371929,6.439960927188609,10,0.06115123816679656,0.07148697330384254,0.01001253812568869,0.11228993820790442,10,0.009375,0.013176156917368247,-5.06548452254129e-05,0.01880065484522541,10,0.1385188219635783,0.09238401475060445,0.07243127900880472,0.20460636491835185,10,0.47770552317888093,0.04285982730385811,0.4470454497275984,0.5083655966301635,10,6.317442807237087,0.7471348494069554,5.7829747330092625,6.851910881464911,10
"{""dynamic.change_interval"": 30}",discounted_ucb,75,6.221676985732511,0.8067392129029961,5.644570518450755,6.798783453014267,10,0.09662818998939275,0.06426089631685718,0.05065871402412829,0.14259766595465723,10,0.0140625,0.021411254990723404,-0.001254189123491298,0.0293791891234913,10,0.1632641904634381,0.08615066757236199,0.10163571546004321,0.22489266546683298,10,0.4723485524800147,0.026921486516239653,0.45309008118115074,0.4916070237788787,10,6.6860560071564645,0.8123433431288954,6.1049405866155535,7.267171427697376,10
"{""dynamic.change_interval"": 30}",uncertainty_aware,75,2.5621111613184153,0.6737576840806669,2.0801339490486,3.0440883735882305,10,0.023044796522374768,0.048587485069707274,-0.011712596466845693,0.05780218951159523,10,0.0171875,0.025989531145572186,-0.0014042905883841147,0.03577929058838412,10,0.10150950274610922,0.0843634463121855,0.041159528813710766,0.16185947667850767,10,0.449854613064869,0.1046732880937248,0.3749758535545159,0.5247333725752221,10,2.9157395449031727,0.7509378245176321,2.3785509861666245,3.452928103639721,10
"{""dynamic.change_interval"": 30}",ucb,76,5.9534450112510005,0.6420338402279554,5.4941616697657185,6.412728352736282,10,0.06345600492690766,0.03812474739399233,0.03618320358955428,0.09072880626426104,10,0.0109375,0.02950878223794853,-0.010171811161222545,0.032046811161222544,10,0.1272651012997875,0.08557737753818019,0.06604673328147884,0.18848346931809615,10,0.2874157389532625,0.011195262025961593,0.27940713094864184,0.29542434695788317,10,6.390994823821548,0.5326799269730201,6.009938559380033,6.772051088263063,10
"{""dynamic.change_interval"": 30}",sliding_window_ucb,76,5.980798958784769,0.7496853865934533,5.444506340166604,6.517091577402934,10,0.07652800200450141,0.06265166971527854,0.03170969740197637,0.12134630660702644,10,0.0125,0.02057126839388698,-0.0022157989105067166,0.027215798910506718,10,0.14075169481404387,0.08140194676045932,0.0825202500380541,0.19898313959003364,10,0.4676698515765997,0.04164342744969253,0.4378799381614377,0.49745976499176164,10,6.387146786833815,0.7327012912164084,5.863003858135584,6.911289715532047,10
"{""dynamic.change_interval"": 30}",discounted_ucb,76,6.341663907429375,0.8311912863024183,5.747065480575609,6.936262334283141,10,0.11998692169686453,0.08311414590876787,0.060530643435704905,0.17944319995802416,10,0.0234375,0.032316858453101185,0.00031941212572640307,0.04655558787427359,10,0.18421061450640702,0.096294514053105,0.1153256688697271,0.25309556014308693,10,0.48186577420807525,0.021092254737166607,0.46677728411897784,0.49695426429717265,10,6.799218906445558,0.826328008702769,6.208099458808439,7.390338354082678,10
"{""dynamic.change_interval"": 30}",uncertainty_aware,76,2.5973095133169757,0.6865561234663398,2.1061768490467463,3.088442177587205,10,0.03519835199856009,0.07845842004014804,-0.020927420610093776,0.09132412460721395,10,0.0140625,0.021411254990723404,-0.001254189123491298,0.0293791891234913,10,0.09934503530984941,0.09784051253192994,0.0293541489846946,0.16933592163500422,10,0.43826346410623795,0.11991758712380467,0.35247959000776585,0.5240473382047101,10,2.944036864995708,0.7452835694090897,2.4108931166992753,3.477180613292141,10
"{""dynamic.change_interval"": 30}",ucb,77,6.011049114225593,0.6514403119250868,5.545036788250784,6.477061440200402,10,0.05760410297459275,0.03148819112142818,0.03507880799879837,0.08012939795038714,10,0.0125,0.016137430609197572,0.0009559775688028922,0.02404402243119711,10,0.15383887920711006,0.08571911527678124,0.09251911811865399,0.21515864029556614,10,0.2841253798049407,0.01122033520325118,0.27609883552979086,0.2921519240800905,10,6.450442707489165,0.5507584211045111,6.056453867420818,6.8444315475575115,10
"{""dynamic.change_interval"": 30}",sliding_window_ucb,77,6.030098268301436,0.7688016453428284,5.480130701970245,6.580065834632626,10,0.049299309516666376,0.03589381987397371,0.02362241758751775,0.074976201445815,10,0.009375,0.015095184110613996,-0.001423444200693182,0.020173444200693183,10,0.14452736660216678,0.08531056152623627,0.08349986726063048,0.2055548659437031,10,0.4740769561548898,0.042087379012355944,0.4439694589234523,0.5041844533863273,10,6.43728315789649,0.7507638957428561,5.900219020310129,6.974347295482852,10
"{""dynamic.change_interval"": 30}",discounted_ucb,77,6.422498345082703,0.8580773448128991,5.808666790598657,7.0363298995667485,10,0.08083443765332687,0.056129617501415145,0.04068172814320556,0.12098714716344819,10,0.0125,0.016137430609197572,0.0009559775688028922,0.02404402243119711,10,0.1748576135183424,0.08448265711698473,0.11442236131346238,0.2352928657232224,10,0.45115635837894674,0.02282005779696699,0.43483187243883337,0.4674808443190601,10,6.879685524424408,0.8515852611413951,6.270498126829027,7.488872922019789,10
"{""dynamic.change_interval"": 30}",uncertainty_aware,77,2.606167411558183,0.692832052819012,2.1105452178840247,3.1017896052323417,10,0.00885789824120743,0.027082031756669404,-0.010515420204121563,0.02823121668653642,10,0.0171875,0.021411254990723404,0.001870810876508703,0.0325041891234913,10,0.11623649204643019,0.08384391227634168,0.05625817037446861,0.17621481371839176,10,0.4364184248643063,0.11694546099176847,0.3527606817198547,0.5200761680087579,10,2.965882361502645,0.752043828043176,2.427902615506051,3.5038621074992387,10
"{""dynamic.change_interval"": 30}",ucb,78,6.1005940581070375,0.6685666628524481,5.622330278721961,6.578857837492114,10,0.08954494388144482,0.08169329346981896,0.031105082224877664,0.14798480553801197,10,0.0109375,0.019557274328665195,-0.0030529312533191244,0.024927931253319123,10,0.13846834555724197,0.08830101348080344,0.07530160575797971,0.2016350853565042,10,0.2966540043421535,0.023995900487341446,0.2794883712131248,0.3138196374711822,10,6.548183644958297,0.5781286102376973,6.134615351075319,6.961751938841275,10
"{""dynamic.change_interval"": 30}",sliding_window_ucb,78,6.114708190075607,0.750588812499429,5.577769299496554,6.65164708065466,10,0.08460992177417068,0.08710370644192038,0.022299683833761873,0.14692015971457947,10,0.0109375,0.01811721576138134,-0.0020227754121849434,0.023897775412184942,10,0.13990769129771888,0.08941373390632308,0.07594495925762687,0.20387042333781089,10,0.47080551691520667,0.038934074839058225,0.4429537576008195,0.4986572762295938,10,6.5364634411061004,0.7345824254601822,6.010974830035494,7.061952052176707,10
"{""dynamic.change_interval"": 30}",discounted_ucb,78,6.495567323357008,0.836257427125756,5.897344797678557,7.093789849035459,10,0.07306897827430667,0.060892363302116566,0.02950920566418662,0.11662875088442672,10,0.0046875,0.010546071214227388,-0.0028567048741424015,0.0122317048741424,10,0.12113064644492352,0.07527108420730841,0.06728495653599557,0.17497633635385146,10,0.4645916434381568,0.022260309580799373,0.44866757725009354,0.48051570962622003,10,6.960088762781223,0.8343806051879634,6.363208834637283,7.556968690925163,10
"{""dynamic.change_interval"": 30}",uncertainty_aware,78,2.6439930854050457,0.6734968062132883,2.1622024939192794,3.125783676890812,10,0.03782567384686253,0.04072897471387312,0.00868992051146892,0.06696142718225614,10,0.009375,0.01679637030895531,-0.00264039949604869,0.02139039949604869,10,0.09405440308833593,0.07225350895947862,0.04236735647228251,0.14574144970438935,10,0.43553719316917405,0.1174152953410513,0.35154335077829246,0.5195310355600556,10,3.019209356502872,0.7384735787046983,2.490937182086542,3.5474815309192023,10
"{""dynamic.change_interval"": 30}",ucb,79,6.155236477724438,0.6699369431285191,5.675992458880734,6.634480496568142,10,0.054642419617401614,0.05288249199324164,0.01681256376416311,0.09247227547064012,10,0.003125,0.006588078458684124,-0.001587827422612707,0.007837827422612707,10,0.10554884602000844,0.0689635671881396,0.05621528197038189,0.154882410069635,10,0.27919303056585587,0.009794390190777186,0.27218654590293895,0.2861995152287728,10,6.623985268557838,0.6026162637409039,6.192899562629892,7.055070974485785,10
"{""dynamic.change_interval"": 30}",sliding_window_ucb,79,6.199469549204253,0.7453193425747789,5.666300210326696,6.73263888808181,10,0.08476135912864582,0.07960369735455033,0.027816304483862492,0.14170641377342916,10,0.00625,0.01092509216843908,-0.001565340131252025,0.014065340131252026,10,0.1369644309392423,0.08625615568668797,0.07526049428476463,0.19866836759371997,10,0.47482199260538155,0.04527995850089262,0.44243066158890254,0.5072133236218606,10,6.643680649624876,0.7417840337394769,6.113040318337454,7.174320980912299,10
"{""dynamic.change_interval"": 30}",discounted_ucb,79,6.599432201411444,0.8603408651985583,5.9839814219876715,7.214882980835217,10,0.10386487805443505,0.09061120131366455,0.03904552943480537,0.16868422667406474,10,0.0046875,0.007547592055306998,-0.000711722100346591,0.010086722100346592,10,0.12732661784080943,0.09159695211053298,0.06180210558105641,0.19285113010056243,10,0.45612596847027415,0.026616020106630302,0.43708601467707164,0.47516592226347665,10,7.0576681582015635,0.8674889677066602,6.437103934283908,7.678232382119219,10
"{""dynamic.change_interval"": 30}",uncertainty_aware,79,2.691799164176567,0.6869937355043638,2.200353451112793,3.183244877240341,10,0.04780607877152152,0.07492308447741604,-0.005790667127345835,0.10140282467038889,10,0.00625,0.01092509216843908,-0.001565340131252025,0.014065340131252026,10,0.09211030656528424,0.08617429294282661,0.030464930989970954,0.15375568214059754,10,0.4319189156429598,0.11461671994825429,0.3499270534862446,0.5139107777996751,10,3.081572440647689,0.7916519679378071,2.5152587382441185,3.6478861430512595,10
"{""dynamic.change_interval"": 30}",ucb,80,6.206480962319907,0.667040464034865,5.7293089597988995,6.683652964840915,10,0.05124448459546891,0.035528142868761985,0.02582918223735963,0.0766597869535782,10,0.0046875,0.007547592055306998,-0.000711722100346591,0.010086722100346592,10,0.11368939194729466,0.07081017885602843,0.06303484148836519,0.16434394240622413,10,0.27746329489358307,0.007734947810267871,0.27193004656004854,0.2829965432271176,10,6.668237415092543,0.5946516280139811,6.242849266335532,7.093625563849554,10
"{""dynamic.change_interval"": 30}",sliding_window_ucb,80,6.262076013400365,0.7325913243878239,5.738011750232391,6.7861402765683385,10,0.06260646419611164,0.07452064866108773,0.009297603537671784,0.1159153248545515,10,0.0125,0.023058274605394433,-0.003994895979144472,0.028994895979144474,10,0.11829041432476055,0.0959129856395019,0.04967839767358238,0.18690243097593873,10,0.472438570532587,0.0470858748133713,0.4387553648103394,0.5061217762548346,10,6.692533818537045,0.7292159287052932,6.170884167981013,7.2141834690930775,10
"{""dynamic.change_interval"": 30}",discounted_ucb,80,6.681879158165626,0.8480288147502009,6.075235889056963,7.288522427274288,10,0.08244695675418182,0.034333852285794074,0.05788599841235548,0.10700791509600815,10,0.0140625,0.023810686355546794,-0.0029706389207627363,0.03109563892076274,10,0.14852541129645203,0.08523358489636576,0.0875529777186933,0.20949784487421075,10,0.4757711713970079,0.025936252981268244,0.457217493711397,0.4943248490826188,10,7.136756324085427,0.8637458816016595,6.518869742662693,7.754642905508161,10
"{""dynamic.change_interval"": 30}",uncertainty_aware,80,2.7165744441013095,0.6904761519655491,2.2226375603724993,3.21051132783012,10,0.02477527992474205,0.040415178853522186,-0.004135997374878967,0.053686557224363066,10,0.0078125,0.01518477055949297,-0.0030500304855817263,0.018675030485581726,10,0.08702542758774365,0.0742129113789878,0.03393670891928406,0.14011414625620322,10,0.43168294318233275,0.11643081697587357,0.34839335418877715,0.5149725321758883,10,3.099160622822842,0.8121836379360962,2.5181594484945222,3.680161797151162,10
"{""dynamic.change_interval"": 30}",ucb,81,6.26745591098776,0.6571602154615364,5.797351812516564,6.737560009458956,10,0.06097494866785223,0.06904365434748203,0.011584093715709093,0.11036580361999537,10,0.009375,0.024650332429581735,-0.008258785538409632,0.02700878553840963,10,0.10938167337166516,0.09086022539978314,0.044384183652273104,0.17437916309105722,10,0.2893493940962644,0.02133297608846472,0.27408870232609706,0.3046100858664318,10,6.721616831374756,0.5821050219334307,6.305203983924182,7.13802967882533,10
"{""dynamic.change_interval"": 30}",sliding_window_ucb,81,6.296985038440053,0.7206708316530684,5.78144818207267,6.812521894807436,10,0.0349090250396879,0.037391356150219955,0.008160860193358464,0.061657189886017344,10,0.0046875,0.01482317653203928,-0.005916361700878591,0.015291361700878591,10,0.09938111769940532,0.06846678254207914,0.05040293197712709,0.14835930342168355,10,0.4660367979592195,0.03186929410836562,0.4432388783298266,0.48883471758861236,10,6.735912679146997,0.7200064946995869,6.220851060807191,7.250974297486803,10
"{""dynamic.change_interval"": 30}",discounted_ucb,81,6.753495770156007,0.8637495426015984,6.135606569811684,7.371384970500331,10,0.07161661199038186,0.039862275552988186,0.04310085788514158,0.10013236609562214,10,0.0078125,0.016876928902103804,-0.00426052764199417,0.01988552764199417,10,0.13030333250182252,0.0720263020021765,0.07877881995176378,0.18182784505188127,10,0.4651107152087241,0.030404515311088905,0.4433606352077084,0.4868607952097398,10,7.211057399497797,0.8789529913744547,6.582292307078971,7.839822491916623,10
"{""dynamic.change_interval"": 30}",uncertainty_aware,81,2.7703671525491345,0.7329930151788853,2.246015537099703,3.294718767998566,10,0.053792708447825,0.07132977429012524,0.0027664618067943653,0.10481895508885564,10,0.0109375,0.016552342272990316,-0.0009033323552663612,0.02277833235526636,10,0.11056092969192821,0.08698701021140347,0.04833417120592249,0.17278768817793394,10,0.40522802125900476,0.11904145024967448,0.32007089772403274,0.49038514479397677,10,3.1537192954253177,0.8627447564186371,2.5365488758160173,3.770889715034618,10
"{""dynamic.change_interval"": 30}",ucb,82,6.326740331462552,0.640784053622686,5.86835103345636,6.785129629468743,10,0.05928442047479152,0.047338902950765926,0.02542020932704931,0.09314863162253373,10,0.00625,0.01092509216843908,-0.001565340131252025,0.014065340131252026,10,0.12899118427165915,0.07473454906510689,0.07552930848201049,0.1824530600613078,10,0.27644265185522743,0.009344530311610902,0.2697579775635992,0.28312732614685565,10,6.789481056585364,0.5509679258991762,6.395342345815316,7.183619767355412,10
"{""dynamic.change_interval"": 30}",sliding_window_ucb,82,6.383218845624582,0.7063007624523763,5.877961717499445,6.88847597374972,10,0.08623380718452955,0.06957917838545119,0.0364598614135024,0.1360077529555567,10,0.0109375,0.012863634411696322,0.0017354102874837796,0.02013958971251622,10,0.15470231378056434,0.09771364832468758,0.08480218064218309,0.2246024469189456,10,0.4817345376892992,0.028392746448129058,0.46142359043765413,0.5020454849409443,10,6.829488033866511,0.6822536594943691,6.341433166911397,7.317542900821625,10
"{""dynamic.change_interval"": 30}",discounted_ucb,82,6.847365188167965,0.8666292808735735,6.227415947163345,7.467314429172585,10,0.0938694180119559,0.054316583378298665,0.05501367498259848,0.13272516104131332,10,0.0078125,0.011048543456039806,-9.115186239035643e-05,0.015716151862390358,10,0.15812452263763313,0.08081970629711475,0.10030958759804276,0.2159394576772235,10,0.452721701410817,0.01908500952644674,0.4390691080452201,0.46637429477641396,10,7.308054963074378,0.8572893945785398,6.694787074232057,7.921322851916699,10
"{""dynamic.change_interval"": 30}",uncertainty_aware,82,2.796995014099097,0.7481794722576355,2.261779661700886,3.332210366497308,10,0.02662786154996215,0.04294448302010525,-0.004092770952569144,0.05734849405249345,10,0.0109375,0.016552342272990316,-0.0009033323552663612,0.02277833235526636,10,0.10342270045172675,0.09503371822223336,0.03543967381970216,0.17140572708375135,10,0.4085937251602756,0.1254816585532606,0.3188295541393298,0.4983578961812214,10,3.1960150368159934,0.8823352136575456,2.5648304483293707,3.827199625302616,10
"{""dynamic.change_interval"": 30}",ucb,83,6.40085418482677,0.6538631871087675,5.933108638356967,6.868599731296572,10,0.0741138533642177,0.07280790750155475,0.02203021392242025,0.12619749280601517,10,0.015625,0.02329237476562281,-0.0010373611454568207,0.03228736114545682,10,0.1500988147537502,0.08955390112548942,0.08603581312543437,0.21416181638206602,10,0.28273726468187077,0.02144571104080453,0.2673959271850009,0.29807860217874066,10,6.876106263685938,0.5613085077118181,6.474570346304279,7.277642181067597,10
"{""dynamic.change_interval"": 30}",sliding_window_ucb,83,6.41243919337816,0.7283235684334972,5.891427898905186,6.933450487851133,10,0.029220347753577895,0.038975914671992094,0.0013386580257560843,0.057102037481399706,10,0.0109375,0.02335053309527072,-0.005766465108211199,0.027641465108211197,10,0.11125844944723864,0.0776714587654557,0.05569563502118133,0.16682126387329596,10,0.4900642658857109,0.05626689141624776,0.449813356532602,0.5303151752388198,10,6.877272875660575,0.7053770724323578,6.37267651557025,7.3818692357509,10
"{""dynamic.change_interval"": 30}",discounted_ucb,83,6.962787820293123,0.8650125276814855,6.343995134849742,7.581580505736504,10,0.11542263212515882,0.07099512143411907,0.06463578171578094,0.1662094825345367,10,0.0203125,0.026608416196760003,0.0012779857162357328,0.03934701428376427,10,0.18203838565325442,0.09033277141927201,0.11741821378141204,0.2466585575250968,10,0.46620391768891656,0.022255521002644982,0.45028327704330595,0.48212455833452716,10,7.426619741074456,0.8566357043970495,6.81381947401784,8.03942000813107,10
"{""dynamic.change_interval"": 30}",uncertainty_aware,83,2.8426352319469492,0.7501924535975207,2.3059798794456254,3.379290584448273,10,0.0456402178478532,0.04001589327210372,0.017014572246361454,0.07426586344934495,10,0.01875,0.026352313834736497,-0.00010130969045082927,0.03760130969045083,10,0.13130184808921572,0.08776200681745037,0.06852069042895681,0.19408300574947462,10,0.409746825559217,0.11419966591865126,0.32805330588274856,0.4914403452356854,10,3.2638432772520334,0.8897289633177485,2.6273695188848354,3.9003170356192314,10
"{""dynamic.change_interval"": 30}",ucb,84,6.469671294380525,0.6673119996326237,5.992305046994439,6.947037541766611,10,0.06881710955375467,0.06485241183131508,0.022424488880223498,0.11520973022728584,10,0.0109375,0.020898336091394666,-0.004012269046644548,0.025887269046644547,10,0.13253721641730642,0.09578393359156319,0.06401751803985316,0.20105691479475968,10,0.28020725178935013,0.02389229303625901,0.26311573496596513,0.29729876861273513,10,6.930389425515207,0.5646668839932943,6.526451070467687,7.334327780562727,10
"{""dynamic.change_interval"": 30}",sliding_window_ucb,84,6.455186790657416,0.7340299927354432,5.930093366151546,6.980280215163287,10,0.04274759727925592,0.03704644477367158,0.016246167168094308,0.06924902739041754,10,0.00625,0.013176156917368249,-0.003175654845225414,0.015675654845225415,10,0.11579532535076238,0.08374199046181745,0.055889914152691574,0.1757007365488332,10,0.4640412845526084,0.03984514104985535,0.4355377877325149,0.4925447813727019,10,6.914814146423301,0.7074538249433575,6.408732167082204,7.420896125764398,10
"{""dynamic.change_interval"": 30}",discounted_ucb,84,7.043548848355433,0.8565599281661381,6.43080278834891,7.656294908361957,10,0.08076102806231085,0.05444245163373168,0.0418152443071847,0.119706811817437,10,0.0078125,0.01327869664998121,-0.0016865073510882941,0.017311507351088294,10,0.14445958601109427,0.07895303082251982,0.08797999016349445,0.20093918185869408,10,0.469089252885081,0.033178935950214164,0.4453544719197505,0.4928240338504115,10,7.492825272497512,0.8667412698740259,6.872795919388024,8.112854625607,10
"{""dynamic.change_interval"": 30}",uncertainty_aware,84,2.870440521406195,0.7675841162548845,2.3213439229163066,3.4195371198960833,10,0.027805289459245992,0.04695086160269002,-0.0057813336303410914,0.061391912548833076,10,0.0140625,0.025989531145572183,-0.004529290588384116,0.032654290588384115,10,0.09255535871206856,0.0967839747186291,0.02332027400809633,0.1617904434160408,10,0.38506551371003017,0.11962782892436244,0.2994889201405958,0.47064210727946454,10,3.2781445813760657,0.945609156823719,2.601696540676407,3.954592622075724,10
"{""dynamic.change_interval"": 30}",ucb,85,6.519667581070711,0.6672553264498309,6.04234187523732,6.996993286904101,10,0.049996286690186534,0.035002186158654754,0.02495723109690337,0.0750353422834697,10,0.009375,0.019764235376052368,-0.0047634822678381174,0.023513482267838115,10,0.11590632470500022,0.09312497559070372,0.04928873029619471,0.18252391911380572,10,0.28224621200725486,0.021837334130509596,0.26662472422861994,0.2978676997858898,10,6.967915743265882,0.5535120880392121,6.571957048539006,7.3638744379927585,10
"{""dynamic.change_interval"": 30}",sliding_window_ucb,85,6.53732569584143,0.7285642493505121,6.01614222861233,7.0585091630705294,10,0.08213890518401516,0.06008560273415994,0.03915625431766196,0.12512155605036837,10,0.0125,0.02057126839388698,-0.0022157989105067166,0.027215798910506718,10,0.14748344471530483,0.08915637578265682,0.08370481558628969,0.21126207384432,10,0.46272657176485915,0.029724183191364432,0.44146317204405405,0.48398997148566425,10,6.983917584184279,0.7117705641725628,6.474747595624219,7.493087572744338,10
"{""dynamic.change_interval"": 30}",discounted_ucb,85,7.120311229469747,0.8322212217733463,6.52497603116413,7.715646427775365,10,0.07676238111431406,0.04675964245555579,0.04331254796218665,0.11021221426644148,10,0.0140625,0.027013130166437374,-0.005261529216922934,0.033386529216922936,10,0.14826455714234715,0.08642011780032613,0.08644332905755799,0.21008578522713633,10,0.46296580692142275,0.029549126975502358,0.4418276348735708,0.4841039789692747,10,7.562709822685534,0.838422951594903,6.962938174122993,8.162481471248075,10
"{""dynamic.change_interval"": 30}",uncertainty_aware,85,2.8961263575867804,0.7816242233620901,2.3369860715169364,3.4552666436566244,10,0.02568583618058511,0.04404673970558434,-0.005823303254075467,0.05719497561524568,10,0.0125,0.025301995419773165,-0.005599957158820081,0.030599957158820083,10,0.08983644724049997,0.09444557152569788,0.022274155409576266,0.15739873907142365,10,0.3734814772478982,0.1269157984270045,0.28269138436411645,0.46427157013167997,10,3.2896010216622393,0.9617424752694047,2.6016119001959503,3.9775901431285283,10
"{""dynamic.change_interval"": 30}",ucb,86,6.5671773773084325,0.669897870347064,6.087961309448779,7.0463934451680865,10,0.047509796237721676,0.03331035079115811,0.023681006758372557,0.0713385857170708,10,0.009375,0.01976423537605237,-0.004763482267838121,0.023513482267838122,10,0.12195606756279723,0.08130991347745273,0.06379045943138702,0.18012167569420745,10,0.27620370334976785,0.01819540299899506,0.2631874961571958,0.2892199105423399,10,7.026186375696128,0.5669236746942312,6.6206336098353225,7.431739141556933,10
"{""dynamic.change_interval"": 30}",sliding_window_ucb,86,6.596888874591862,0.7065430296751519,6.091458438935818,7.102319310247906,10,0.05956317875043139,0.047584832007384774,0.02552304055365369,0.0936033169472091,10,0.015625,0.03125,-0.006729903312135625,0.037979903312135625,10,0.1413452425765581,0.09530042208325158,0.07317142749570037,0.2095190576574158,10,0.474608644794951,0.04382380385855073,0.4432589840580583,0.5059583055318437,10,7.061577391628286,0.7064353194771262,6.556224007206245,7.566930776050327,10
"{""dynamic.change_interval"": 30}",discounted_ucb,86,7.217599259936918,0.845666390292948,6.612645967478627,7.8225525523952095,10,0.0972880304671707,0.0777705915858604,0.04165430069342678,0.15292176024091464,10,0.01875,0.02833639689319884,-0.0015206372083763318,0.03902063720837633,10,0.16553455504337652,0.09232120060433388,0.09949194662193137,0.23157716346482168,10,0.4640134691066066,0.025927982697090835,0.4454657076258965,0.48256123058731676,10,7.66455894259636,0.8631597390307812,7.047091662309597,8.282026222883122,10
"{""dynamic.change_interval"": 30}",uncertainty_aware,86,2.9270319207385667,0.7830643742714087,2.366861412770076,3.4872024287070573,10,0.03090556315178581,0.040767735303813585,0.001742082160698103,0.06006904414287352,10,0.0125,0.025301995419773165,-0.005599957158820081,0.030599957158820083,10,0.09564652636011654,0.1069040251647736,0.019171993680544466,0.1721210590396886,10,0.491392048961651,0.2905155304259032,0.2835697579746154,0.6992143399486865,10,3.3215621128898034,0.9775720159803455,2.6222492201573195,4.020875005622288,10
"{""dynamic.change_interval"": 30}",ucb,87,6.650788806569824,0.6832873362709809,6.161994491794,7.139583121345647,10,0.08361142926139134,0.05865847561824354,0.04164968363313216,0.12557317488965053,10,0.01875,0.03193689524324144,-0.004096278568078933,0.04159627856807893,10,0.1513455554540773,0.09220491759080428,0.08538613088940968,0.21730498001874493,10,0.26922309253870486,0.013735011002223121,0.2593976575644387,0.279048527512971,10,7.120173653979887,0.5792902080907623,6.7057744030507385,7.534572904909036,10
"{""dynamic.change_interval"": 30}",sliding_window_ucb,87,6.682937828319344,0.7624225164819224,6.137533615872991,7.228342040765696,10,0.08604895372748204,0.08822473652859132,0.022936779172752483,0.14916112828221162,10,0.015625,0.02655739329996242,-0.0033730147021765883,0.03462301470217659,10,0.1494395978557282,0.10451410684087216,0.07467470975390708,0.2242044859575493,10,0.46016138202099055,0.03209753607036346,0.4372001879278462,0.4831225761141349,10,7.153658712313695,0.7470426982493212,6.61925655905288,7.688060865574511,10
"{""dynamic.change_interval"": 30}",discounted_ucb,87,7.293163516037273,0.8255823854389848,6.702577455151168,7.883749576923378,10,0.0755642561003559,0.04083105033844362,0.04635548226199271,0.10477302993871909,10,0.015625,0.02655739329996242,-0.0033730147021765883,0.03462301470217659,10,0.15645499347335717,0.07961992008056168,0.09949833378948766,0.21341165315722668,10,0.4668748672914262,0.02090229752668531,0.45192226440468886,0.4818274701781635,10,7.763655658899398,0.8493857913960488,7.156041667175863,8.371269650622933,10
"{""dynamic.change_interval"": 30}",uncertainty_aware,87,2.967551391821124,0.8267161394622146,2.376154292164809,3.5589484914774387,10,0.04051947108255719,0.062172714511548446,-0.003956209607320474,0.08499515177243486,10,0.0171875,0.03248430443648474,-0.00605037151486703,0.04042537151486703,10,0.10774147308662445,0.10683598290825634,0.031315614905151015,0.18416733126809787,10,0.4084367288006449,0.11675099662849803,0.32491809708142744,0.4919553605198624,10,3.3719453088061107,1.03012996738221,2.635034722573703,4.108855895038518,10
"{""dynamic.change_interval"": 30}",ucb,88,6.722609330101534,0.6888250990298919,6.2298535384923985,7.215365121710669,10,0.07182052353170924,0.06110997834242501,0.02810507849965762,0.11553596856376086,10,0.00625,0.015095184110614,-0.004548444200693183,0.017048444200693184,10,0.12079641425644023,0.07628571423967459,0.06622490174683597,0.1753679267660445,10,0.27502331599962515,0.022666939439655497,0.25880836433384813,0.2912382676654022,10,7.200293855340222,0.5822322887042066,6.783789966726271,7.616797743954173,10
"{""dynamic.change_interval"": 30}",sliding_window_ucb,88,6.728790384837602,0.7623828037952869,6.18341458113589,7.274166188539314,10,0.045852556518258356,0.03998260464579447,0.017250724165487796,0.07445438887102891,10,0.0046875,0.01482317653203928,-0.005916361700878591,0.015291361700878591,10,0.0994076212745054,0.06745698351819086,0.05115180225762594,0.14766344029138487,10,0.4665684865992808,0.03426849734207708,0.4420542803677829,0.4910826928307787,10,7.212390120692096,0.7471663269666452,6.677899528774565,7.746880712609628,10
"{""dynamic.change_interval"": 30}",discounted_ucb,88,7.367393529851105,0.8142487135767901,6.784915089401826,7.949871970300384,10,0.07423001381383165,0.0648842026238581,0.027814651377307986,0.12064537625035532,10,0.0078125,0.016876928902103804,-0.00426052764199417,0.01988552764199417,10,0.12975853063371262,0.07180792018124,0.07839023902740308,0.18112682224002216,10,0.4634831940664873,0.028063092849481122,0.443408066793219,0.4835583213397556,10,7.852737976637006,0.8359502061562973,7.254735223600722,8.45074072967329,10
"{""dynamic.change_interval"": 30}",uncertainty_aware,88,2.981937822377694,0.8462148300755641,2.3765921997333894,3.587283445021998,10,0.014386430556570268,0.030356670494311445,-0.007329423324347901,0.03610228443748843,10,0.0046875,0.01482317653203928,-0.005916361700878591,0.015291361700878591,10,0.05579117375214685,0.05908370207195379,0.013525239443617117,0.09805710806067658,10,0.4277025086298141,0.10241488260354865,0.3544393150833805,0.5009657021762478,10,3.3870602696621517,1.0397525888042478,2.643266074741778,4.130854464582525,10
"{""dynamic.change_interval"": 30}",ucb,89,6.801735883747673,0.7135736238621191,6.29127606398678,7.312195703508566,10,0.07912655364614034,0.06972513154864243,0.0292481992718735,0.12900490802040718,10,0.01875,0.03277527650531724,-0.004696020393756075,0.04219602039375607,10,0.13764051514147327,0.09715877471490876,0.06813731467179797,0.20714371561114858,10,0.27661874805219466,0.031931478888900196,0.253776344110599,0.2994611519937903,10,7.286102966428646,0.6061890509002793,6.852461442532614,7.719744490324678,10
"{""dynamic.change_interval"": 30}",sliding_window_ucb,89,6.814808489015533,0.7265668844923424,6.295053850531503,7.334563127499563,10,0.08601810417793097,0.08219472763150844,0.027219538130900778,0.14481667022496117,10,0.0078125,0.01327869664998121,-0.0016865073510882941,0.017311507351088294,10,0.12931165679695195,0.09287030216807904,0.0628762447797927,0.1957470688141112,10,0.4728002310643368,0.036612839154273796,0.4466089837274867,0.49899147840118685,10,7.289870373436,0.6954684582540439,6.792362208926906,7.787378537945094,10
"{""dynamic.change_interval"": 30}",discounted_ucb,89,7.451895121942212,0.8098449214038141,6.872566964636409,8.031223279248016,10,0.08450159209110623,0.02620828072223283,0.0657533174823759,0.10324986669983657,10,0.0109375,0.024484706819881578,-0.006577804114702095,0.028452804114702093,10,0.13945328751383473,0.07453005560777606,0.08613769753111712,0.19276887749655236,10,0.44636258045374494,0.018152990106192448,0.4333767136169422,0.4593484472905477,10,7.940359860097791,0.831369134405724,7.345634208375108,8.535085511820474,10
"{""dynamic.change_interval"": 30}",uncertainty_aware,89,3.0112973897043673,0.8601316399235405,2.3959962810259867,3.626598498382748,10,0.02935956732667343,0.07208657511679778,-0.022208062012175084,0.08092719666552195,10,0.009375,0.024650332429581735,-0.008258785538409632,0.02700878553840963,10,0.08075998465168033,0.08623608410507644,0.01907040634172258,0.14244956296163808,10,0.4362292727459107,0.10450132419039651,0.36147352880138417,0.5109850166904373,10,3.4159888502607836,1.0393294587339175,2.6724973443583524,4.159480356163215,10
"{""dynamic.change_interval"": 30}",ucb,90,6.88203103731705,0.7387462039785775,6.353563838528304,7.410498236105797,10,0.08029515356937605,0.05224948545751479,0.042918123313005506,0.1176721838257466,10,0.1375,0.0739509972887452,0.08459864338477113,0.1904013566152289,10,0.3214440192859948,0.061829114800236895,0.2772141350224995,0.36567390354949014,10,0.2722400301716089,0.020650791053263434,0.2574673441775347,0.28701271616568313,10,7.359149575635753,0.627750727444374,6.9100837575192156,7.80821539375229,10
"{""dynamic.change_interval"": 30}",sliding_window_ucb,90,6.8626704248543104,0.7027833936695778,6.359929470778856,7.365411378929765,10,0.047861935838776584,0.05295637346256535,0.0099792283662328,0.08574464331132037,10,0.1078125,0.06888008526296503,0.05853865532207229,0.15708634467792773,10,0.2945850566105868,0.05588271135126728,0.2546089731201048,0.33456114010106885,10,0.4645729731926698,0.041817114056062206,0.43465881186416366,0.494487134521176,10,7.336058019967699,0.6743610276970755,6.853649201675202,7.818466838260196,10
"{""dynamic.change_interval"": 30}",discounted_ucb,90,7.535672713357734,0.7979693688414627,6.964839814589837,8.10650561212563,10,0.08377759141552141,0.04649262816668626,0.050518768778934374,0.11703641405210843,10,0.11875,0.06637305134197496,0.07126957935099953,0.16623042064900045,10,0.3239855279369636,0.047890493775839836,0.289726732483225,0.3582443233907022,10,0.46978217561473334,0.01801888465403463,0.4568922420392624,0.4826721091902043,10,8.015947977955868,0.8385011493531155,7.416120390086956,8.61577556582478,10
"{""dynamic.change_interval"": 30}",uncertainty_aware,90,3.03319932414036,0.8762780730515015,2.4063477530168136,3.6600508952639066,10,0.02190193443599271,0.04617666241561781,-0.011130859918511714,0.05493472879049713,10,0.115625,0.06344767638683775,0.0702372665277623,0.1610127334722377,10,0.2638194781085659,0.059502894469497795,0.22125367162351522,0.3063852845936165,10,0.4365745761139612,0.10519308111387847,0.3613239790769566,0.5118251731509658,10,3.431410918290461,1.0405267569827528,2.6870629168171978,4.175758919763725,10
"{""dynamic.change_interval"": 30}",ucb,91,6.942709183837984,0.7326741762385895,6.41858565202639,7.466832715649577,10,0.06067814652093362,0.033716934468992064,0.03655850459978384,0.0847977884420834,10,0.0828125,0.039010381898070844,0.05490615390397249,0.1107188460960275,10,0.2968371189595244,0.028466044346267164,0.27647373755025184,0.317200500368797,10,0.26918042803307,0.016317489701797482,0.25750759908649556,0.28085325697964447,10,7.433444996490839,0.6250388767855626,6.986319119471092,7.880570873510586,10
"{""dynamic.change_interval"": 30}",sliding_window_ucb,91,6.946224846183088,0.7106110193973625,6.43788434598577,7.454565346380406,10,0.08355442132877834,0.031286953861996265,0.06117308281626074,0.10593575984129594,10,0.1,0.028716768233521296,0.07945726152648397,0.12054273847351604,10,0.3090678342285529,0.02008697333653814,0.2946984791318567,0.32343718932524906,10,0.4722305547270792,0.030744095998958523,0.45023755333585574,0.49422355611830265,10,7.422584156091814,0.6827699730247287,6.934159940687102,7.911008371496526,10
"{""dynamic.change_interval"": 30}",discounted_ucb,91,7.611680640189439,0.8313993553769454,7.016933369686287,8.206427910692591,10,0.07600792683170529,0.04414453314774759,0.044428830182832856,0.10758702348057772,10,0.096875,0.04087795181322621,0.06763267486775004,0.12611732513224996,10,0.3066908208841555,0.029542564113751547,0.28555734362478,0.327824298143531,10,0.47256276301823563,0.031705490528817507,0.4498820214106981,0.49524350462577316,10,8.100097100735585,0.862570827471431,7.48305110239982,8.71714309907135,10
"{""dynamic.change_interval"": 30}",uncertainty_aware,91,3.0785611693038675,0.9063827658804439,2.4301739982624793,3.7269483403452557,10,0.04536184516350697,0.036800374014903166,0.019036443468992137,0.0716872468580218,10,0.0875,0.0369754986443726,0.061049321692385555,0.11395067830761443,10,0.2860690317123906,0.04241903742896607,0.25572428034220185,0.3164137830825794,10,1.0,0.0,1.0,1.0,10,3.4949382518984144,1.077206345270291,2.7243512536348518,4.265525250161978,10
"{""dynamic.change_interval"": 30}",ucb,92,7.001766645072695,0.7484507181662647,6.466357255040524,7.537176035104865,10,0.05905746123471055,0.03850193733252225,0.031514834469960465,0.08660008799946063,10,0.096875,0.05145453764678529,0.060066641149935124,0.13368335885006488,10,0.3003658703758333,0.04524100703135856,0.2680024035620839,0.3327293371895827,10,0.2803349008919798,0.02420608860220115,0.2630189082434296,0.29765089354053004,10,7.501227012632808,0.6191099477806806,7.058342435921817,7.944111589343798,10
"{""dynamic.change_interval"": 30}",sliding_window_ucb,92,7.007190108392793,0.6839150825338411,6.517946730992624,7.496433485792962,10,0.06096526220970451,0.039589435225113614,0.032644686317241434,0.08928583810216759,10,0.1015625,0.05221337931188391,0.06421129852425513,0.1389137014757449,10,0.2980151883047347,0.041424583869190186,0.2683818261562163,0.32764855045325314,10,0.4755407809214394,0.03173976098635442,0.4528355237054315,0.49824603813744733,10,7.488015490162684,0.673259002211772,7.006395013411673,7.969635966913694,10
"{""dynamic.change_interval"": 30}",discounted_ucb,92,7.684926781764237,0.8233013195302138,7.095972497128986,8.273881066399488,10,0.07324614157479883,0.0294294152587051,0.05219360613028551,0.09429867701931216,10,0.1046875,0.03686528826913831,0.07831566144542097,0.13105933855457902,10,0.3132767361930632,0.026899967237487946,0.29403365885886606,0.3325198135272603,10,0.4505529338037986,0.019461290430310134,0.4366311652950315,0.46447470231256577,10,8.180789982694785,0.8560516249505694,7.568407540903855,8.793172424485714,10
"{""dynamic.change_interval"": 30}",uncertainty_aware,92,3.1505655573335143,0.8937815694944659,2.511192739150551,3.7899383755164777,10,0.0720043880296472,0.03056076858077266,0.05014253117308,0.09386624488621441,10,0.1,0.039802027446964164,0.07152734479347674,0.1284726552065233,10,0.3093972807378711,0.02860501407073649,0.2889344863764761,0.32986007509926607,10,1.0,0.0,1.0,1.0,10,3.5717516784024204,1.0782359844130496,2.800428120667409,4.343075236137432,10
"{""dynamic.change_interval"": 30}",ucb,93,7.076385157978851,0.7589408653739809,6.533471568696807,7.619298747260895,10,0.07461851290615715,0.045123863988797634,0.042338845176892195,0.1068981806354221,10,0.1015625,0.05273035607113694,0.06384147562928799,0.139283524370712,10,0.3101061988705934,0.03805715728578729,0.28288174858392096,0.3373306491572658,10,0.2678616206584373,0.01749026170406597,0.2553498411608903,0.28037340015598433,10,7.5866227399301165,0.649938553648124,7.121684707109858,8.051560772750376,10
"{""dynamic.change_interval"": 30}",sliding_window_ucb,93,7.0749514258124435,0.6719526104342286,6.594265485441426,7.555637366183461,10,0.06776131741965039,0.04150506153898651,0.038070385014265344,0.09745224982503542,10,0.1078125,0.06482230652800863,0.061441415363095976,0.15418358463690404,10,0.2872513633046334,0.103765575108261,0.21302194254708712,0.3614807840621797,10,0.4565328149969994,0.028690897966694794,0.43600858299751744,0.4770570469964813,10,7.550556381894033,0.6727618074431325,7.069291576854391,8.031821186933676,10
"{""dynamic.change_interval"": 30}",discounted_ucb,93,7.736555339312199,0.8141500070965438,7.15414750922523,8.318963169399167,10,0.0516285575479609,0.029538875784633264,0.030497718760291746,0.07275939633563006,10,0.090625,0.05402626033287475,0.05197694156615413,0.12927305843384587,10,0.28932265569553295,0.07621485152133264,0.2348018353208717,0.34384347607019417,10,0.46612148152514077,0.017225940629267446,0.45379878593384915,0.4784441771164324,10,8.245402166817032,0.8599347642995965,7.63024189447586,8.860562439158203,10
"{""dynamic.change_interval"": 30}",uncertainty_aware,93,3.2283874730652498,0.893683392433662,2.589084886520742,3.8676900596097576,10,0.07782191573173555,0.034843016743734245,0.052896723078637894,0.10274710838483321,10,0.1078125,0.06606581446011074,0.060551863376215445,0.15507313662378458,10,0.3149028400180965,0.04716567495300381,0.2811625487148639,0.34864313132132907,10,1.0,0.0,1.0,1.0,10,3.661944046847232,1.076548084710342,2.8918279398211686,4.432060153873295,10
"{""dynamic.change_interval"": 30}",ucb,94,7.148786518474049,0.7637945355902341,6.602400822683418,7.69517221426468,10,0.072401360495198,0.05455746685316373,0.03337329980855738,0.11142942118183863,10,0.1078125,0.08083829989037787,0.04998426390506173,0.1656407360949383,10,0.3017649570439164,0.08889489897569866,0.2381733771545146,0.36535653693331827,10,0.2745595752363935,0.03057039174709584,0.25269083438133955,0.2964283160914475,10,7.657351512617955,0.6468021569620711,7.1946571228269836,8.120045902408927,10
"{""dynamic.change_interval"": 30}",sliding_window_ucb,94,7.167469462926412,0.6655299460700346,6.691378019863166,7.643560905989659,10,0.09251803711396893,0.03547455390289443,0.06714106999267777,0.11789500423526009,10,0.1140625,0.07066846622119059,0.06350932465306758,0.16461567534693242,10,0.32042493478270234,0.050861806821751086,0.28404059002171783,0.35680927954368685,10,0.47297559117757093,0.03503118008586304,0.4479157945782276,0.49803538777691425,10,7.639945132320657,0.6631554854198418,7.165552276081523,8.114337988559791,10
"{""dynamic.change_interval"": 30}",discounted_ucb,94,7.800014987065002,0.8044174360864019,7.22456941886316,8.375460555266844,10,0.06345964775280376,0.04502381674781958,0.03125154950829754,0.09566774599730998,10,0.09375,0.061184063148285055,0.04998155789044759,0.1375184421095524,10,0.30513332294848317,0.04378753894138168,0.2738096045705324,0.33645704132643395,10,0.4564794691993567,0.025915318044934427,0.43794076746502864,0.4750181709336848,10,8.319499305409439,0.8398261199662982,7.718723890662155,8.920274720156723,10
"{""dynamic.change_interval"": 30}",uncertainty_aware,94,3.2283874730652498,0.893683392433662,2.589084886520742,3.8676900596097576,10,0.0,0.0,0.0,0.0,10,0.1,0.07224392035166542,0.04831981266076456,0.15168018733923544,10,0.22525429696185834,0.08414042373938252,0.1650638637671058,0.28544473015661087,10,0.5905758260301537,0.02355220326007784,0.5737275947768159,0.6074240572834915,10,3.6561621594530136,1.0636554810572902,2.8952688654863312,4.417055453419696,10
"{""dynamic.change_interval"": 30}",ucb,95,7.225352206557089,0.7623969308192493,6.679966296991224,7.770738116122954,10,0.07656568808303925,0.023150820599134373,0.06000458868815135,0.09312678747792714,10,0.0984375,0.0580209268401401,0.056931829293061544,0.13994317070693846,10,0.3106554184936314,0.04320024291952859,0.27975182638077273,0.34155901060649,10,0.27849988716590335,0.02176646825309269,0.2629290937820775,0.2940706805497292,10,7.725004953371112,0.6469297711996143,7.2622192738540114,8.187790632888213,10
"{""dynamic.change_interval"": 30}",sliding_window_ucb,95,7.236833243400964,0.6688563968535339,6.758362200797311,7.715304286004617,10,0.06936378047455326,0.03681377926111233,0.043028789244586224,0.09569877170452029,10,0.096875,0.06412809988175577,0.05100052088167596,0.14274947911832403,10,0.30195669894405314,0.05458380623537063,0.26290979619845134,0.34100360168965493,10,0.474050708020456,0.021229806473136614,0.4588638193471018,0.48923759669381023,10,7.698899853524236,0.6785935076351399,7.213463301478587,8.184336405569885,10
"{""dynamic.change_interval"": 30}",discounted_ucb,95,7.869735480671548,0.7995034304270455,7.297805180354193,8.441665780988904,10,0.06972049360654599,0.0297799303575533,0.04841721476541842,0.09102377244767355,10,0.0984375,0.0642337649721702,0.052487432629526105,0.1443875673704739,10,0.31056050234326377,0.04757367194810842,0.27652834757196065,0.3445926571145669,10,0.46779822794250003,0.030096877435028195,0.446268218820668,0.4893282370643321,10,8.387057830012226,0.8379706490525822,7.78760973919693,8.986505920827522,10
"{""dynamic.change_interval"": 30}",uncertainty_aware,95,3.2512060943714554,0.8868640701049654,2.616781757148941,3.88563043159397,10,0.0228186213062058,0.04186893054628563,-0.007132607306425787,0.05276984991883739,10,0.0984375,0.08137343721830989,0.040226449721873406,0.15664855027812657,10,0.2594263710145688,0.0808835498758296,0.20156576503004173,0.3172869769990958,10,0.5869532995537786,0.01719156125941117,0.5746551974821372,0.59925140162542,10,3.6725865527271084,1.0607597299766396,2.9137647542939926,4.431408351160225,10
"{""dynamic.change_interval"": 30}",ucb,96,7.329242055194641,0.7643049781841391,6.782491210769349,7.875992899619932,10,0.10388984863755206,0.037189475620422616,0.07728610042239774,0.1304935968527064,10,0.1171875,0.059498227389561786,0.07462503214281238,0.15974996785718762,10,0.32149576848508005,0.04219898307276939,0.2913084345182894,0.3516831024518707,10,0.2583906987830382,0.01626716363465292,0.24675387093614687,0.27002752662992957,10,7.828826383423353,0.656349035120175,7.359302568411352,8.298350198435354,10
"{""dynamic.change_interval"": 30}",sliding_window_ucb,96,7.298395229267898,0.6529875998154951,6.831276040215133,7.765514418320663,10,0.0615619858669324,0.08684248691091462,-0.0005613868779923981,0.1236853586118572,10,0.0984375,0.026608416196760003,0.07940298571623573,0.11747201428376426,10,0.2947900146356663,0.025880873619368264,0.27627595295903973,0.31330407631229285,10,0.46219488312479784,0.0268385864837412,0.44299571493668827,0.4813940513129074,10,7.776015529727064,0.6643674116296293,7.300755713704211,8.251275345749917,10
"{""dynamic.change_interval"": 30}",discounted_ucb,96,7.958566811698134,0.7685435722783452,7.408783859715871,8.508349763680396,10,0.08883133102658573,0.07120384214736208,0.03789517081356663,0.13976749123960483,10,0.109375,0.05311478659992484,0.07137897059564682,0.14737102940435318,10,0.3160996372379276,0.039783493863100206,0.2876402401586141,0.3445590343172411,10,0.4650574309454896,0.015081322139281267,0.4542689030017199,0.47584595888925935,10,8.485483128817316,0.8132526579986032,7.903717223604642,9.067249034029992,10
"{""dynamic.change_interval"": 30}",uncertainty_aware,96,3.2717630122781616,0.8897873157486075,2.6352475110965674,3.9082785134597557,10,0.02055691790670566,0.04385774600497639,-0.010817023579036727,0.05193085939244804,10,0.115625,0.06471760236253778,0.0693288162109513,0.1619211837890487,10,0.2578656392855216,0.045964080168135725,0.224984917109844,0.2907463614611992,10,0.5951684829450679,0.019141709318863834,0.5814753289913972,0.6088616368987385,10,3.7127778535797917,1.062644833405757,2.9526075333901547,4.472948173769429,10
"{""dynamic.change_interval"": 30}",ucb,97,7.408560266985413,0.7702783710100123,6.857536314749952,7.959584219220874,10,0.07931821179077182,0.048130338362566145,0.0448878418555546,0.11374858172598905,10,0.10625,0.07133705695109972,0.0552185436571473,0.1572814563428527,10,0.3004866734404932,0.08358964865965106,0.2406902410026728,0.3602831058783136,10,0.263593802827437,0.015611035323511522,0.2524263408991351,0.27476126475573887,10,7.916349387782068,0.6514517704255575,7.450328864889815,8.38236991067432,10
"{""dynamic.change_interval"": 30}",sliding_window_ucb,97,7.3781809846984014,0.642001983617091,6.918920432059703,7.8374415373371,10,0.07978575543050453,0.05962471954785851,0.03713280053432598,0.12243871032668309,10,0.1078125,0.04742158183370849,0.07388914394236543,0.14173585605763458,10,0.30873460026359656,0.032904125126135636,0.285196407119111,0.33227279340808213,10,0.468601987703088,0.02890388906939883,0.4479253910473726,0.48927858435880334,10,7.871786460908879,0.6408923761454435,7.413319673637959,8.3302532481798,10
"{""dynamic.change_interval"": 30}",discounted_ucb,97,8.037113998409414,0.7245399988128531,7.518809306593855,8.555418690224972,10,0.07854718671127814,0.047227831705272706,0.04476243114605623,0.11233194227650005,10,0.1046875,0.05986185630497753,0.06186490768695267,0.14751009231304735,10,0.3139518382682286,0.04222591340822987,0.2837452394999857,0.3441584370364715,10,0.45644283895144067,0.022870756922976333,0.4400820850414089,0.47280359286147244,10,8.586471298003767,0.7622381532150636,8.041198971093573,9.13174362491396,10
"{""dynamic.change_interval"": 30}",uncertainty_aware,97,3.3047119447908613,0.9032885981966097,2.6585382079703894,3.950885681611333,10,0.03294893251269971,0.0436719446681675,0.0017079052963854292,0.06418995972901399,10,0.1,0.05992979109851052,0.05712881006324196,0.14287118993675804,10,0.26112698340022045,0.06636053834696613,0.21365551400861416,0.30859845279182674,10,0.5861535535641083,0.03337107238957697,0.5622813264699875,0.610025780658229,10,3.7609411678982325,1.0532311187087366,3.0075050135281125,4.514377322268352,10
"{""dynamic.change_interval"": 30}",ucb,98,7.46904743810471,0.7583123559474988,6.926583457381378,8.011511418828041,10,0.06048717111929621,0.047286289039493584,0.026660597696333728,0.09431374454225869,10,0.1109375,0.08666829425555038,0.048938737174062455,0.17293626282593755,10,0.3040589178273938,0.09170066997304153,0.23846021027842096,0.36965762537636665,10,0.2697944355016126,0.023482902048706504,0.25299577934842266,0.2865930916548025,10,7.988676136592275,0.6562109955223321,7.519251069159891,8.45810120402466,10
"{""dynamic.change_interval"": 30}",sliding_window_ucb,98,7.471463921424669,0.6525778414435478,7.004637855853063,7.938289986996275,10,0.09328293672626663,0.07359826036464724,0.0406339129056883,0.14593196054684496,10,0.125,0.08300717422140222,0.06562024467414261,0.18437975532585738,10,0.3215503520112197,0.06774759887300978,0.27308663929328425,0.3700140647291551,10,0.46838863989265767,0.026509187142492317,0.4494251097981385,0.48735216998717684,10,7.9616046439029144,0.6516000008067052,7.49547808338383,8.427731204421999,10
"{""dynamic.change_interval"": 30}",discounted_ucb,98,8.120193174586683,0.7069398620189175,7.614478862173007,8.62590748700036,10,0.08307917617727077,0.05836020060916739,0.04133080363663795,0.1248275487179036,10,0.096875,0.061976978252681315,0.05253934059465526,0.14121065940534475,10,0.3090513274623198,0.045812899128353256,0.2762787536875051,0.34182390123713446,10,0.466342973568446,0.02620104031986536,0.44759987843155136,0.48508606870534066,10,8.663790456448899,0.7505123450810568,8.12690626736566,9.200674645532137,10
"{""dynamic.change_interval"": 30}",uncertainty_aware,98,3.3081538867881926,0.9051323153636853,2.6606612341595643,3.9556465394168208,10,0.00344194199733095,0.010884376285754994,-0.004344271746059602,0.011228155740721502,10,0.0953125,0.06182359677384967,0.05108656309478817,0.1395384369052118,10,0.22864458196453524,0.08684510072587695,0.16651933940902616,0.2907698245200443,10,0.5498592894269636,0.06378249718961418,0.5042320395811912,0.595486539272736,10,3.7578535808455826,1.0694861001493419,2.9927893132452135,4.522917848445951,10
"{""dynamic.change_interval"": 30}",ucb,99,7.57124706472501,0.7629905073736065,7.025436536071753,8.117057593378266,10,0.10219962662030117,0.057223723481667,0.06126424084132354,0.1431350123992788,10,0.0921875,0.060939725742828146,0.04859384634083246,0.13578115365916754,10,0.30310469648074967,0.04234916552212536,0.27280992846165397,0.33339946449984537,10,0.26980217800916517,0.02930803204216822,0.24883647488687258,0.29076788113145774,10,8.085566570738186,0.662932374990686,7.611333318085347,8.559799823391025,10
"{""dynamic.change_interval"": 30}",sliding_window_ucb,99,7.544546210866377,0.6558022234445293,7.075413561362825,8.01367886036993,10,0.07308228944170853,0.03520072281376435,0.047901209281100886,0.09826336960231616,10,0.084375,0.04784868365773272,0.05014611370298948,0.11860388629701053,10,0.28355328541832336,0.07153976800566869,0.23237681832266457,0.3347297525139822,10,0.45782127965031494,0.014959343799552676,0.4471200097542511,0.4685225495463788,10,8.038943666986398,0.6533984712683352,7.571530558202371,8.506356775770426,10
"{""dynamic.change_interval"": 30}",discounted_ucb,99,8.209456289885477,0.7024414045384517,7.706959980096746,8.711952599674207,10,0.08926311529879315,0.06081071964039303,0.04576174704591721,0.1327644835516691,10,0.0875,0.04244072664054867,0.057139733102520185,0.1178602668974798,10,0.3003975079972934,0.03136559561800388,0.27795991256151675,0.3228351034330701,10,0.46414374129280755,0.013222458815789382,0.4546849640647862,0.4736025185208289,10,8.757973702111352,0.7456388896085024,8.224575773056433,9.291371631166271,10
"{""dynamic.change_interval"": 30}",uncertainty_aware,99,3.3459351785000777,0.9188790299288343,2.6886087186726195,4.003261638327536,10,0.03778129171188528,0.04055442441042664,0.00877040414150447,0.06679217928226609,10,0.075,0.04345136169711294,0.043916768335373016,0.10608323166462698,10,0.24191138570537168,0.08463804618164038,0.1813649748599752,0.3024577965507682,10,0.5476259369333717,0.0729172000001665,0.4954641143479196,0.5997877595188238,10,3.793550704216114,1.0737313334085437,3.0254495796862435,4.561651828745984,10
"{""dynamic.change_interval"": 30}",ucb,100,7.640567731785876,0.7507290079423025,7.103528551428575,8.177606912143178,10,0.06932066706086765,0.027578680768485547,0.04959206731508369,0.0890492668066516,10,0.09375,0.0637887953849786,0.04811824469667841,0.1393817553033216,10,0.306349025207158,0.0461575485770113,0.2733299040691007,0.33936814634521534,10,0.2642161320139434,0.016576010219682264,0.2523583686295604,0.2760738953983264,10,8.152003875685498,0.6423380634110251,7.692502906045245,8.61150484532575,10
"{""dynamic.change_interval"": 30}",sliding_window_ucb,100,7.60034727715761,0.6413328036443245,7.141565427033778,8.059129127281441,10,0.05580106629123192,0.042093974590862296,0.025688850867160867,0.08591328171530296,10,0.0890625,0.05465028495656114,0.0499680412420933,0.1281569587579067,10,0.28276597103474943,0.047861814726918576,0.2485276913367138,0.31700425073278504,10,0.45835296829037625,0.01980320312313716,0.4441866101755502,0.4725193264052023,10,8.081797917761302,0.6418353859269754,7.622656541930748,8.540939293591855,10
"{""dynamic.change_interval"": 30}",discounted_ucb,100,8.282043844147331,0.7020598587847252,7.77982047574848,8.784267212546183,10,0.07258755426185434,0.025355953305651074,0.054448997956738965,0.09072611056696972,10,0.09375,0.04480377743251368,0.061699308399286806,0.1258006916007132,10,0.30542837876890555,0.03260257883822285,0.28210589884395354,0.32875085869385756,10,0.4543875108727115,0.01938155864828115,0.44052277904484555,0.46825224270057747,10,8.823490360620413,0.7419263613919476,8.292748214263883,9.354232506976944,10
"{""dynamic.change_interval"": 30}",uncertainty_aware,100,3.3459351785000777,0.9188790299288343,2.6886087186726195,4.003261638327536,10,0.0,0.0,0.0,0.0,10,0.0984375,0.04998372130837533,0.06268129977505715,0.13419370022494284,10,0.2384917275327175,0.03578984057744141,0.21288921791142307,0.2640942371540119,10,0.5397264078341266,0.11109514556935975,0.4602537282293052,0.619199087438948,10,3.792130711488985,1.0877691007458001,3.01398757314975,4.57027384982822,10
"{""dynamic.change_interval"": 30}",ucb,101,7.71490110500401,0.7450544968735162,7.181921225327872,8.247880984680148,10,0.07433337321813313,0.03097248548249873,0.05217699183260406,0.0964897546036622,10,0.096875,0.04218428485690956,0.06669818050343039,0.1270518194965696,10,0.30864624060358997,0.029527213124146027,0.2875237447806426,0.32976873642653737,10,0.25678493700556393,0.017456008480331287,0.24429766078816792,0.26927221322295997,10,8.231658076656036,0.6282348672116432,7.782245925813519,8.681070227498552,10
"{""dynamic.change_interval"": 30}",sliding_window_ucb,101,7.63897303882167,0.6265307787165506,7.190779919452534,8.087166158190808,10,0.03862576166406051,0.042288342920759565,0.008374503512892022,0.068877019815229,10,0.0921875,0.03788145113743371,0.06508874231997695,0.11928625768002306,10,0.2756655433254925,0.03814930281959596,0.24837517609485404,0.3029559105561309,10,0.45835296829037625,0.01980320312313716,0.4441866101755502,0.4725193264052023,10,8.128471421453742,0.6203580155666953,7.684694030832885,8.5722488120746,10
"{""dynamic.change_interval"": 30}",discounted_ucb,101,8.35151822578059,0.7166440326983321,7.838861967854504,8.864174483706675,10,0.06947438163325849,0.029133786072425925,0.04863332656876169,0.0903154366977553,10,0.1,0.04244072664054867,0.0696397331025202,0.13036026689747982,10,0.3103675781644752,0.029494756966864155,0.2892683000777812,0.3314668562511692,10,0.46724368722898885,0.0234570319315284,0.450463537442781,0.4840238370151967,10,8.904865899151837,0.7538195823213462,8.365615855069017,9.444115943234657,10
"{""dynamic.change_interval"": 30}",uncertainty_aware,101,3.369789148362009,0.9058687260715957,2.721769699247833,4.017808597476185,10,0.02385396986193204,0.03176999772183376,0.0011270825883844295,0.046580857135479645,10,0.090625,0.03193689524324144,0.06777872143192107,0.11347127856807893,10,0.26051845277387287,0.04324138114599628,0.22958543214661042,0.2914514734011353,10,0.6820988900649836,0.2865701902138254,0.4770989254451314,0.8870988546848357,10,3.823657124629807,1.0729545487388794,3.0561116783778464,4.591202570881768,10
"{""dynamic.change_interval"": 30}",ucb,102,7.801618810236559,0.7485274748944247,7.266154511748819,8.3370831087243,10,0.08671770523254814,0.029302531744132925,0.0657559367864401,0.10767947367865618,10,0.096875,0.021850184336878156,0.08124431973749596,0.11250568026250404,10,0.30811180643203506,0.014581498139940635,0.2976808310379724,0.31854278182609774,10,0.2711723571741941,0.02584240468770724,0.25268581451349725,0.2896588998348909,10,8.320440757566775,0.6294687535548934,7.870145937607409,8.77073557752614,10
"{""dynamic.change_interval"": 30}",sliding_window_ucb,102,7.703252228593385,0.6398479780030052,7.24553255874626,8.16097189844051,10,0.06427918977171357,0.04841424075898921,0.029645728296588465,0.09891265124683868,10,0.0984375,0.04998372130837532,0.06268129977505717,0.1341937002249428,10,0.30119215872495436,0.030860797226137934,0.2791156743049308,0.32326864314497794,10,0.4755407809214394,0.03173976098635442,0.4528355237054315,0.49824603813744733,10,8.210334454657403,0.6235498059218715,7.764273794763503,8.656395114551303,10
"{""dynamic.change_interval"": 30}",discounted_ucb,102,8.432144685406737,0.7262442967954682,7.912620812259453,8.95166855855402,10,0.08062645962614597,0.03213250140361613,0.057640252840389136,0.1036126664119028,10,0.096875,0.04588065738655259,0.06405395488724466,0.12969604511275534,10,0.3083603384944694,0.03157503487653049,0.28577291923872067,0.3309477577502182,10,0.4606714704981119,0.011829528717276713,0.45220913543562063,0.4691338055606032,10,8.993897112125008,0.7617234803936422,8.448992959971942,9.538801264278074,10
"{""dynamic.change_interval"": 30}",uncertainty_aware,102,3.409520034687172,0.8866420020853791,2.7752545553560677,4.043785514018276,10,0.039730886325162716,0.051186239226259374,0.0031144566030868043,0.07634731604723863,10,0.1046875,0.05158616881005993,0.06778497788824332,0.1415900221117567,10,0.27767782416347464,0.06654857029543894,0.2300718448189819,0.3252838035079674,10,0.7217019528213877,0.3047212689569163,0.5037174886715272,0.9396864169712482,10,3.882005823271986,1.0448665213431128,3.134553341393177,4.629458305150795,10
"{""dynamic.change_interval"": 30}",ucb,103,7.8627054722496466,0.746136118335642,7.328951847190912,8.396459097308382,10,0.061086662013088724,0.03486384670285648,0.03614656850488152,0.08602675552129593,10,0.0734375,0.031293372678749584,0.05105156974258965,0.09582343025741036,10,0.28982384822771595,0.021578394268335126,0.2743875948677232,0.3052601015877087,10,0.26107152269783057,0.0240158784758669,0.24389159817674244,0.2782514472189187,10,8.38350523794402,0.640356203408856,7.9254220055430205,8.84158847034502,10
"{""dynamic.change_interval"": 30}",sliding_window_ucb,103,7.762158062130662,0.6325165854479211,7.309682954578328,8.214633169682996,10,0.058905833537276964,0.04372369654521449,0.027627785258319257,0.09018388181623467,10,0.0765625,0.03163821364268216,0.0539298853775728,0.09919511462242721,10,0.28482097244370214,0.033983852025995374,0.2605103892048205,0.30913155568258377,10,0.454724401266385,0.013057585773013036,0.44538356710812504,0.464065235424645,10,8.268396059250632,0.6290686197341127,7.818387477783282,8.718404640717983,10
"{""dynamic.change_interval"": 30}",discounted_ucb,103,8.511541800024613,0.739948491327975,7.982214536677493,9.040869063371733,10,0.07939711461787609,0.025086782200457947,0.06145111172175313,0.09734311751399904,10,0.0765625,0.05126968625968631,0.0398863758662779,0.11323862413372211,10,0.29201377089518443,0.03686483082499367,0.2656422595764334,0.31838528221393547,10,0.45741892298422043,0.019547122609346067,0.44343575383342393,0.47140209213501694,10,9.059151515169722,0.7810237564030311,8.500440777285858,9.617862253053586,10
"{""dynamic.change_interval"": 30}",uncertainty_aware,103,3.4744987857332648,0.893996965711054,2.834971882379241,4.114025689087288,10,0.06497875104609242,0.04965770636107204,0.029455767865158418,0.10050173422702643,10,0.0828125,0.04543505934909248,0.0503102165206366,0.11531478347936339,10,0.2758044627420498,0.059599866404020145,0.2331692867139515,0.318439638770148,10,0.8259554573435862,0.2882461157081717,0.6197566078474315,1.032154306839741,10,3.931050918163564,1.0390828980839075,3.187735791124862,4.674366045202265,10
"{""dynamic.change_interval"": 30}",ucb,104,7.933772656086201,0.7354000591248837,7.407699145126982,8.45984616704542,10,0.07106718383655378,0.028086928820130325,0.05097500533707061,0.09115936233603694,10,0.0640625,0.047990206249122674,0.029732374539885302,0.09839262546011468,10,0.2837630869287352,0.034789807952146944,0.2588759575521588,0.3086502163053116,10,0.25927951692323326,0.01677057292865944,0.2472825717613356,0.2712764620851309,10,8.459762695962294,0.639164898495964,8.00253167175787,8.916993720166717,10
"{""dynamic.change_interval"": 30}",sliding_window_ucb,104,7.826678014461161,0.6173445750453039,7.385056309328066,8.268299719594257,10,0.06451995233050041,0.0378845283701288,0.03741899333081758,0.09162091133018324,10,0.0796875,0.04626337081500511,0.04659267819318667,0.11278232180681333,10,0.28132911660783355,0.03850169766479027,0.2537866612910507,0.3088715719246164,10,0.45012571041870936,0.02315602607235634,0.4335608872526032,0.4666905335848155,10,8.342219546948005,0.6246308677209582,7.895385542030328,8.789053551865681,10
"{""dynamic.change_interval"": 30}",discounted_ucb,104,8.582235949928805,0.7358404708417369,8.055847387406457,9.108624512451152,10,0.07069414990419447,0.011769490768490742,0.0622747634029886,0.07911353640540034,10,0.0609375,0.039972049696562276,0.032343218203055045,0.08953178179694496,10,0.2821823747419515,0.02985424219325513,0.26082593641595797,0.30353881306794506,10,0.4659666760506057,0.020527795110962848,0.45128197605326476,0.48065137604794667,10,9.133828261001213,0.7802227361048488,8.575690538519492,9.691965983482934,10
"{""dynamic.change_interval"": 30}",uncertainty_aware,104,3.5122418233410917,0.8887861192632475,2.8764425349795513,4.148041111702632,10,0.0377430376078276,0.034870326869345096,0.012798308467770816,0.06268776674788439,10,0.0625,0.047163464261132375,0.028761290130464696,0.09623870986953531,10,0.2530035123128599,0.04806837027014785,0.21861747168050502,0.2873895529452148,10,0.7951103131576908,0.2170916555195547,0.6398122981493356,0.9504083281660459,10,3.9765488015659622,1.0253067613602376,3.2430885290703775,4.7100090740615475,10
"{""dynamic.change_interval"": 30}",ucb,105,8.004048380946735,0.7645222271471384,7.457142125975443,8.550954635918027,10,0.07027572486053381,0.0509935523503935,0.03379713502580187,0.10675431469526575,10,0.071875,0.06718548123582124,0.023813402015805236,0.11993659798419476,10,0.275051414622922,0.07669154954196568,0.22018958502712993,0.32991324421871404,10,0.25667826024601326,0.01701003270096534,0.2445100158822902,0.2688465046097363,10,8.542269750545923,0.6637351439845615,8.067462231549403,9.017077269542444,10
"{""dynamic.change_interval"": 30}",sliding_window_ucb,105,7.9253107754408365,0.6143793959525246,7.485810231649253,8.36481131923242,10,0.09863276097967427,0.05133767555195477,0.06190800023619466,0.13535752172315388,10,0.0921875,0.05726798753084775,0.051220449627753926,0.13315455037224608,10,0.28995657507095807,0.0774055205270605,0.2345840014003031,0.345329148741613,10,0.4871832580066672,0.016198935270881187,0.4755952377909842,0.4987712782223501,10,8.439631761979667,0.6316658850408765,7.987765208838439,8.891498315120895,10
"{""dynamic.change_interval"": 30}",discounted_ucb,105,8.662499239391659,0.7514586078652379,8.124938134690877,9.20006034409244,10,0.0802632894628523,0.037463152463639536,0.053463764627893665,0.10706281429781093,10,0.0796875,0.06397987557948723,0.03391905415993906,0.12545594584006092,10,0.28005798324853504,0.07807145866078022,0.2242090261349627,0.3359069403621074,10,0.45782518827367535,0.014350130781529491,0.4475597231172724,0.46809065343007833,10,9.221341884210453,0.7904006145387485,8.655923346102732,9.786760422318174,10
"{""dynamic.change_interval"": 30}",uncertainty_aware,105,3.5385812472922,0.8975558837286598,2.8965084473564353,4.180654047227964,10,0.0263394239511076,0.03536814195209885,0.0010385793536977564,0.05164026854851744,10,0.065625,0.04528555233184199,0.03322966739792046,0.09802033260207954,10,0.22085540397991044,0.06752664929921974,0.1725497490654609,0.26916105889436,10,0.7950673872159897,0.21700555137239752,0.6398309674039376,0.9503038070280417,10,4.004859845506578,1.0419977129120555,3.259459585550884,4.750260105462273,10
"{""dynamic.change_interval"": 30}",ucb,106,8.099421498650681,0.7214908419713232,7.583298042239153,8.615544955062209,10,0.09537311770394728,0.0840642924805585,0.03523714553095608,0.15550908987693848,10,0.0828125,0.05105760805480196,0.04628808747475152,0.11933691252524847,10,0.29714004687086726,0.036629498452631686,0.270936882189888,0.32334321155184653,10,0.2666934602916454,0.030091470004097464,0.2451673194128733,0.2882196011704175,10,8.648354607377932,0.6375919378957668,8.192248811401706,9.104460403354159,10
"{""dynamic.change_interval"": 30}",sliding_window_ucb,106,7.973274121084378,0.5941385942389638,7.548252974581331,8.398295267587425,10,0.04796334564354231,0.0428667663744752,0.017298308280172717,0.0786283830069119,10,0.075,0.06064969428337349,0.03161382234830723,0.11838617765169276,10,0.2548642491456628,0.09219108540212151,0.18891471953269434,0.32081377875863126,10,0.45835296829037625,0.019803203123137155,0.4441866101755502,0.4725193264052023,10,8.503440821086475,0.6152870334887339,8.06329099251523,8.94359064965772,10
"{""dynamic.change_interval"": 30}",discounted_ucb,106,8.763439887494506,0.7574675557394859,8.221580240434157,9.305299534554855,10,0.10094064810284746,0.06731965030026578,0.05278307135183231,0.14909822485386262,10,0.0984375,0.06671954283291616,0.05070921427008857,0.14616578572991143,10,0.2939587668582804,0.0810319741124591,0.23599198457106435,0.3519255491454964,10,0.45989416451100984,0.01586534942484427,0.44854477723402936,0.4712435517879903,10,9.324245461029875,0.7900084918185727,8.759107430618027,9.889383491441723,10
"{""dynamic.change_interval"": 30}",uncertainty_aware,106,3.5681151455661557,0.9041335932591236,2.9213369356921888,4.214893355440123,10,0.02953389827395523,0.04215382210385961,-0.0006211294818446768,0.05968892602975513,10,0.08125,0.05197906229114437,0.04406641882323177,0.11843358117676824,10,0.23223328090635936,0.08277808134742584,0.1730174087500137,0.291449153062705,10,0.701793952275033,0.20611074885794903,0.5543512046810708,0.8492366998689953,10,4.046037936374079,1.0469240009154974,3.2971136222742343,4.794962250473923,10
"{""dynamic.change_interval"": 30}",ucb,107,8.175124310217717,0.7432971887786031,7.643401533023225,8.706847087412209,10,0.07570281156703502,0.052471526705035604,0.0381669425708362,0.11323868056323386,10,0.1109375,0.09559810351588222,0.04255073645052544,0.17932426354947456,10,0.2893190485795611,0.11590224324144562,0.20640757845725255,0.37223051870186963,10,0.2589123932324916,0.013964551847567702,0.2489227546293018,0.2689020318356814,10,8.727314115244354,0.6441298952961946,8.266531346290675,9.188096884198034,10
"{""dynamic.change_interval"": 30}",sliding_window_ucb,107,8.024428286479843,0.5852057859923916,7.605797286045851,8.443059286913835,10,0.051154165395465245,0.03948743392795249,0.022906556835346148,0.07940177395558434,10,0.084375,0.07732226483289849,0.029061983865126713,0.1396880161348733,10,0.270440482997963,0.09308253490263427,0.2038532488284629,0.33702771716746316,10,0.47479574447094774,0.02701250284536041,0.45547216401248947,0.494119324929406,10,8.5635217633713,0.6101184393019717,8.127069324345808,8.999974202396793,10
"{""dynamic.change_interval"": 30}",discounted_ucb,107,8.85158501227826,0.7481420680615692,8.316396417230019,9.386773607326502,10,0.0881451247837557,0.04241617466768139,0.05780242130962214,0.11848782825788927,10,0.1140625,0.07831573938054995,0.05803879498654059,0.1700862050134594,10,0.30558970113316253,0.08830511812036619,0.24242002505164245,0.3687593772146826,10,0.4579639739816218,0.01946062310525674,0.4440426828484402,0.47188526511480344,10,9.419475621449902,0.7791162220919795,8.862129451408858,9.976821791490945,10
"{""dynamic.change_interval"": 30}",uncertainty_aware,107,3.5948910979899495,0.9190814936200064,2.9374198043627997,4.252362391617099,10,0.026775952423794207,0.044301713100912174,-0.004915583990057433,0.05846748883764585,10,0.0875,0.07732226483289847,0.032186983865126716,0.14281301613487327,10,0.235722131096567,0.08610272037749117,0.17412795545014573,0.29731630674298826,10,0.6322918895659017,0.1315718546066364,0.5381710547393506,0.7264127243924527,10,4.071400526757509,1.071919152386166,3.3045957584368977,4.8382052950781205,10
"{""dynamic.change_interval"": 30}",ucb,108,8.217822417314924,0.7476019561571726,7.683020195047498,8.752624639582349,10,0.04269810709720775,0.0336455460445207,0.01862953337851119,0.06676668081590431,10,0.1140625,0.06671954283291616,0.06633421427008857,0.16179078572991143,10,0.305687982650343,0.05694806521259964,0.26494979091783555,0.3464261743828505,10,0.24715953028499102,0.013904037478686519,0.2372131810534919,0.2571058795164901,10,8.784005904984783,0.6509519617852665,8.318342923655035,9.24966888631453,10
"{""dynamic.change_interval"": 30}",sliding_window_ucb,108,8.04672446889994,0.5810740104953137,7.6310491626017765,8.462399775198104,10,0.022296182420096622,0.02814228613457566,0.0021644036834280143,0.042427961156765226,10,0.103125,0.06758803415628473,0.054775433004125906,0.15147456699587408,10,0.28988669874170403,0.051684498645706005,0.2529138357029532,0.32685956178045483,10,0.45835296829037625,0.01980320312313716,0.4441866101755502,0.4725193264052023,10,8.604412269203086,0.6104843857841581,8.167698047834339,9.041126490571834,10
"{""dynamic.change_interval"": 30}",discounted_ucb,108,8.911228681684268,0.7740250131830513,8.357524543096057,9.464932820272479,10,0.059643669406006405,0.04554895066239821,0.027059912989137673,0.09222742582287513,10,0.1140625,0.06712489007853611,0.06604424631861099,0.16208075368138902,10,0.31943891890590115,0.047767868180126384,0.2852678445189071,0.3536099932928952,10,0.46483731639383274,0.01600477260042557,0.45338819178534534,0.47628644100232015,10,9.489918347445887,0.7967427817643074,8.919962896214429,10.059873798677344,10
"{""dynamic.change_interval"": 30}",uncertainty_aware,108,3.601968351797473,0.9088138050830014,2.951842120073807,4.2520945835211394,10,0.00707725380752369,0.022380241610873763,-0.008932606586502467,0.023087114201549845,10,0.1125,0.06412809988175577,0.06662552088167596,0.15837447911832403,10,0.25458482750429373,0.05462757602246751,0.21550661373921853,0.29366304126936893,10,0.5677950010974436,0.022387346669516226,0.5517800580506501,0.5838099441442371,10,4.076989161351888,1.0542397160265413,3.322831499925115,4.831146822778661,10
"{""dynamic.change_interval"": 30}",ucb,109,8.269031956401466,0.7151079092474326,7.757474574994433,8.7805893378085,10,0.05120953908653991,0.0523155763935383,0.013785230222661718,0.08863384795041811,10,0.0953125,0.05631265800323129,0.055028851202828924,0.13559614879717108,10,0.29921724773737596,0.05240541371545084,0.26172867312485215,0.33670582234989976,10,0.24733479265829672,0.012861019005653812,0.23813457389455497,0.2565350114220385,10,8.845711554961786,0.6371783679291209,8.38990160911731,9.301521500806263,10
"{""dynamic.change_interval"": 30}",sliding_window_ucb,109,8.094236240854483,0.5663598269098415,7.689086827400168,8.4993856543088,10,0.047511771954542155,0.04988364178752381,0.011827164305988458,0.08319637960309585,10,0.096875,0.06496860887296949,0.05039925697026594,0.14335074302973405,10,0.29454587852557984,0.06514262051186458,0.24794565506823982,0.34114610198291984,10,0.45269090016257774,0.021134908274549252,0.43757189757094883,0.46780990275420664,10,8.661446549968295,0.6041037030841455,8.229296794033921,9.093596305902668,10
"{""dynamic.change_interval"": 30}",discounted_ucb,109,8.986011286859439,0.7915843518310417,8.4197459541048,9.552276619614078,10,0.07478260517517142,0.0410277542855232,0.045433117809829685,0.10413209254051316,10,0.11875,0.07697063834129653,0.06368852230422262,0.17381147769577737,10,0.3232359156914768,0.05561820558700308,0.28344904822613487,0.36302278315681874,10,0.4534699840144227,0.01525433633923342,0.4425576891678832,0.46438227886096217,10,9.575642665376993,0.8070146067092746,8.998339193234049,10.152946137519937,10
"{""dynamic.change_interval"": 30}",uncertainty_aware,109,3.607734196659692,0.9063915493942976,2.959340742271009,4.2561276510483745,10,0.00576584486221869,0.015345871832860836,-0.0052119305318302535,0.016743620256267633,10,0.0984375,0.06911597665639013,0.04899490878472242,0.14788009121527756,10,0.2511777372291977,0.05339996578374485,0.21297770292625473,0.2893777715321406,10,0.5585418680612958,0.08723469909483048,0.49613792362199405,0.6209458125005975,10,4.090655300820714,1.0361258345531625,3.349455529600177,4.831855072041251,10
"{""dynamic.change_interval"": 30}",ucb,110,8.342079886298569,0.7085650301003265,7.835202998674465,8.848956773922673,10,0.07304792989710553,0.03636959546175842,0.04703068861553445,0.09906517117867661,10,0.1046875,0.0448340400347028,0.07261515983781763,0.13675984016218237,10,0.3126262367591812,0.03138118116217911,0.2901774920967452,0.33507498142161724,10,0.2653402211574287,0.018698158320894057,0.25196436447331383,0.2787160778415436,10,8.915628017457717,0.6370156922431818,8.459934442788613,9.37132159212682,10
"{""dynamic.change_interval"": 30}",sliding_window_ucb,110,8.183139916415808,0.5810070698810922,7.767512496548319,8.598767336283297,10,0.08890367556132625,0.0465772588480308,0.0555843117823809,0.1222230393402716,10,0.1171875,0.060403195337204174,0.07397765707176829,0.1603973429282317,10,0.32296365844382036,0.044109829791556004,0.29140938708046055,0.35451792980718017,10,0.4771475864043859,0.019260929075510178,0.4633691477744681,0.49092602503430377,10,8.741700434148866,0.6228950566126866,8.296108153694982,9.18729271460275,10
"{""dynamic.change_interval"": 30}",discounted_ucb,110,9.04599421065512,0.8081273142960134,8.467894755455657,9.624093665854584,10,0.059982923795681306,0.032625894059236986,0.03664376516636217,0.08332208242500044,10,0.0921875,0.03489971993281449,0.06722174432900224,0.11715325567099777,10,0.30691393633118114,0.026310377223678166,0.28809262628506466,0.3257352463772976,10,0.4640878676922055,0.018097069473043886,0.4511420040665128,0.4770337313178982,10,9.639846827444924,0.8210001494834112,9.052538700694505,10.227154954195342,10
"{""dynamic.change_interval"": 30}",uncertainty_aware,110,3.613504881959455,0.9134662603123181,2.9600504842576956,4.266959279661215,10,0.0057706852997637,0.011762271388727414,-0.0026435367682715186,0.01418490736779892,10,0.103125,0.0384147685720537,0.07564473001003755,0.13060526998996244,10,0.25545594551402157,0.042217947917860446,0.22525504491432402,0.2856568461137191,10,0.5796322016560235,0.03972196073975237,0.5512168227214439,0.608047580590603,10,4.103401472071485,1.0651751427556013,3.3414210776141493,4.86538186652882,10
"{""dynamic.change_interval"": 30}",ucb,111,8.39908258147313,0.695624618590813,7.901462706588686,8.896702456357572,10,0.05700269517455696,0.0327177757998331,0.03359780830756817,0.08040758204154574,10,0.1015625,0.05904054192059705,0.059327440603806805,0.1437975593961932,10,0.2975008372135134,0.07737797133091338,0.24214797105057673,0.35285370337645006,10,0.2627826557451883,0.024806471888711837,0.24503717476639264,0.2805281367239839,10,8.994213874623705,0.618095626057142,8.552054899962542,9.436372849284869,10
"{""dynamic.change_interval"": 30}",sliding_window_ucb,111,8.267857357828197,0.618104117373545,7.825692308845204,8.71002240681119,10,0.0847174414123882,0.06398661405307957,0.03894417515870716,0.13049070766606924,10,0.1078125,0.05334411512112237,0.0696524188542681,0.14597258114573192,10,0.3092764312752957,0.03954077642292833,0.28099066379301296,0.3375621987575784,10,0.45578777854650776,0.022670690888964156,0.4395701432555603,0.4720054138374552,10,8.832061885376636,0.6390735633971516,8.374896198365906,9.289227572387365,10
"{""dynamic.change_interval"": 30}",discounted_ucb,111,9.130943628593913,0.8138867877235686,8.548724094303193,9.713163162884634,10,0.08494941793879071,0.06141286409542702,0.04101730149160362,0.1288815343859778,10,0.1015625,0.05221337931188391,0.06421129852425513,0.1389137014757449,10,0.313056580230395,0.039080152611230226,0.2851003231728732,0.3410128372879168,10,0.46394212457733175,0.013964812267048722,0.45395229968126777,0.47393194947339573,10,9.73398842762779,0.8252942089411192,9.143608515789575,10.324368339466004,10
"{""dynamic.change_interval"": 30}",uncertainty_aware,111,3.6375512513842145,0.9145407000615826,2.9833282457877504,4.291774256980679,10,0.024046369424759566,0.03299038613416579,0.00044646887246209063,0.04764626997705704,10,0.1015625,0.06760809888409984,0.05319857956251659,0.14992642043748342,10,0.2550616016390696,0.09093716848280278,0.19000907015387142,0.3201141331242678,10,0.7078232070382442,0.20243207748691683,0.5630120224144115,0.8526343916620769,10,4.139548093663026,1.060115855043259,3.3811868956100968,4.897909291715956,10
"{""dynamic.change_interval"": 30}",ucb,112,8.461510521441625,0.6997530307577103,7.960937358402825,8.962083684480424,10,0.06242793996849649,0.041753348153484277,0.03255939401876601,0.09229648591822698,10,0.0921875,0.055340839413081225,0.05259904834266064,0.13177595165733938,10,0.2827136288468678,0.09658491261585246,0.21362094459283737,0.3518063131008982,10,0.2402595068637467,0.008854468030336645,0.2339254020093924,0.24659361171810099,10,9.056655430854702,0.6188573877827717,8.613951524682392,9.499359337027013,10
"{""dynamic.change_interval"": 30}",sliding_window_ucb,112,8.3413761160467,0.6443541795451881,7.880432903806598,8.802319328286801,10,0.0735187582185031,0.049622487964740516,0.03802096876060268,0.10901654767640351,10,0.1015625,0.05221337931188391,0.06421129852425513,0.1389137014757449,10,0.30371959254392716,0.036457090945787814,0.27763976076361285,0.3297994243242415,10,0.45835296829037625,0.01980320312313716,0.4441866101755502,0.4725193264052023,10,8.915509405304693,0.6570949961325937,8.44545196193086,9.385566848678526,10
"{""dynamic.change_interval"": 30}",discounted_ucb,112,9.230483354459903,0.809714310232445,8.651248630757538,9.809718078162268,10,0.09953972586599288,0.04719617820080127,0.06577761385379335,0.13330183787819241,10,0.10625,0.04930066485916347,0.07098242892318074,0.14151757107681925,10,0.31531050185116083,0.03586569062802381,0.2896537323723627,0.34096727132995897,10,0.4564535563211579,0.012459508127230658,0.4475405611371256,0.46536655150519024,10,9.829026856863083,0.8348958633531572,9.231778335232304,10.42627537849386,10
"{""dynamic.change_interval"": 30}",uncertainty_aware,112,3.6866804255790306,0.9056829369414088,3.0387938820021914,4.33456696915587,10,0.049129174194815425,0.0756592188125364,-0.004994170484415424,0.10325251887404627,10,0.09375,0.05311478659992484,0.05575397059564682,0.13174602940435318,10,0.27033929204201707,0.052178349529544275,0.23301314936298412,0.30766543472105,10,0.7267109211078846,0.24942938075690793,0.5482798910270353,0.9051419511887339,10,4.189615313089173,1.0502644998448485,3.438301350010771,4.940929276167576,10
"{""dynamic.change_interval"": 30}",ucb,113,8.522830142520053,0.710414714420101,8.0146300704439,9.031030214596207,10,0.061319621078430364,0.04450722637660734,0.029481069323537903,0.09315817283332282,10,0.1203125,0.047763568825459894,0.08614450118605788,0.15448049881394213,10,0.3167648561406672,0.04115121380794089,0.28732705115335394,0.3462026611279804,10,0.24860266598164538,0.012976474249780287,0.2393198555116852,0.2578854764516056,10,9.13377324314813,0.6248207285847222,8.686803419950383,9.580743066345878,10
"{""dynamic.change_interval"": 30}",sliding_window_ucb,113,8.420509205696781,0.6449648116148052,7.959129173588662,8.8818892378049,10,0.07913308965008012,0.02245951245697012,0.0630665223088554,0.09519965699130484,10,0.1140625,0.03686528826913831,0.08769066144542097,0.14043433855457904,10,0.3195896819116316,0.025783662746390264,0.30114516070432706,0.33803420311893617,10,0.46401503641817465,0.016321982216266295,0.4523389937203497,0.4756910791159996,10,8.995452043369083,0.6519330260107535,8.529087250970415,9.46181683576775,10
"{""dynamic.change_interval"": 30}",discounted_ucb,113,9.292630387161468,0.8176094861088615,8.707747794871917,9.87751297945102,10,0.062147032701562265,0.024946032240858236,0.04430171626105654,0.07999234914206799,10,0.1125,0.038836149754806766,0.0847182920709016,0.1402817079290984,10,0.31905852780293226,0.026695089557026288,0.2999620111323363,0.33815504447352823,10,0.4606626005791014,0.016391906548773847,0.44893653702712055,0.47238866413108227,10,9.908438340818773,0.8323808211434778,9.312988972001541,10.503887709636004,10
"{""dynamic.change_interval"": 30}",uncertainty_aware,113,3.7364545888629705,0.8986812332701072,3.093576762361081,4.3793324153648605,10,0.04977416328394073,0.04645155237755795,0.016544724496775555,0.08300360207110591,10,0.121875,0.06284626303749315,0.07691749172056953,0.16683250827943047,10,0.30327802330061904,0.061596669792920396,0.25921442017837004,0.34734162642286803,10,0.822592756333124,0.22990646785988134,0.6581275768181716,0.9870579358480764,10,4.253246292542553,1.039733796226647,3.5094655410223474,4.997027044062758,10
"{""dynamic.change_interval"": 30}",ucb,114,8.588373762106281,0.705555167512342,8.083650000470566,9.093097523741996,10,0.06554361958622543,0.03243568607906987,0.042340527549092934,0.08874671162335793,10,0.109375,0.05983919423477113,0.06656861915537882,0.15218138084462118,10,0.30196807895997935,0.07916623817667243,0.24533596375917896,0.3586001941607797,10,0.25496137178348627,0.02693595458733159,0.23569255065005032,0.27423019291692224,10,9.217019436888757,0.629447140973647,8.766740077638643,9.667298796138871,10
"{""dynamic.change_interval"": 30}",sliding_window_ucb,114,8.479156657593219,0.6431640470172586,8.019064814876014,8.939248500310423,10,0.058647451896437844,0.04400424336051248,0.02716871251570368,0.090126191277172,10,0.1125,0.0637036868809194,0.06692912765281549,0.15807087234718453,10,0.2894285548710309,0.08728842666390352,0.22698617604415078,0.35187093369791106,10,0.45782127965031494,0.014959343799552676,0.4471200097542511,0.4685225495463788,10,9.066158713020762,0.6662361379021181,8.589562090753482,9.542755335288042,10
"{""dynamic.change_interval"": 30}",discounted_ucb,114,9.352493792726927,0.8205621254701948,8.765499009479353,9.9394885759745,10,0.05986340556545785,0.0401657285532279,0.031130574260853215,0.08859623687006249,10,0.103125,0.055218159502910716,0.06362430826362714,0.14262569173637285,10,0.290767204682021,0.07712228551787603,0.23559724513120384,0.34593716423283816,10,0.45922804269794765,0.015785148181678636,0.44793602793413456,0.47052005746176073,10,9.98048366028144,0.8409426148042739,9.37890955324131,10.582057767321569,10
"{""dynamic.change_interval"": 30}",uncertainty_aware,114,3.7616185987491635,0.8891448728586413,3.12556267352561,4.397674523972717,10,0.025164009886192183,0.04124867732091848,-0.004343516298211468,0.054671536070595834,10,0.1015625,0.05717317291692747,0.0606632759166104,0.14246172408338958,10,0.2541773874208887,0.08238792985477282,0.19524061282919403,0.31311416201258335,10,0.7959629743541858,0.21531162042086827,0.6419383197465776,0.9499876289617941,10,4.288701794744089,1.0365203683364297,3.5472197910570458,5.030183798431132,10
"{""dynamic.change_interval"": 30}",ucb,115,8.657466274507748,0.7110052923876878,8.148843728403957,9.166088820611538,10,0.06909251240146738,0.035570580401384576,0.043646852061323425,0.09453817274161133,10,0.1140625,0.07477178821253373,0.06057398492906644,0.16755101507093356,10,0.2978608550270232,0.10752195472253534,0.22094428217089193,0.3747774278831545,10,0.2515842886548642,0.020939483266099703,0.2366050846926325,0.2665634926170959,10,9.28259253369075,0.6169836535034199,8.841229016275161,9.723956051106338,10
"{""dynamic.change_interval"": 30}",sliding_window_ucb,115,8.500769593328839,0.6383421454673576,8.04412713118535,8.957412055472327,10,0.021612935735620308,0.029342122862807532,0.0006228455093525778,0.04260302596188804,10,0.1078125,0.06606581446011074,0.060551863376215445,0.15507313662378458,10,0.26559982459914383,0.0906641220872964,0.20074261873862637,0.3304570304596613,10,0.4578212796503148,0.014959343799552676,0.447120009754251,0.4685225495463787,10,9.099470779394874,0.669133368520233,8.620801603196684,9.578139955593064,10
"{""dynamic.change_interval"": 30}",discounted_ucb,115,9.420573700817037,0.8198414498455148,8.834094457854555,10.00705294377952,10,0.0680799080901123,0.03064521678780033,0.046157640625449525,0.09000217555477508,10,0.1078125,0.06728634524882775,0.05967874824753535,0.15594625175246465,10,0.3019359709303781,0.08268800413614173,0.2427845361291967,0.3610874057315595,10,0.46075338909871855,0.012157662045817334,0.4520563215935708,0.4694504566038663,10,10.05013187298679,0.8322176622547847,9.45479922100736,10.645464524966222,10
"{""dynamic.change_interval"": 30}",uncertainty_aware,115,3.7954049045375258,0.9036770022005646,3.1489533202305116,4.4418564888445395,10,0.03378630578836134,0.04816319149698765,-0.0006675658634476764,0.06824017744017036,10,0.115625,0.08175590362645242,0.0571403497355001,0.17410965026449993,10,0.26971279246745383,0.09808527492978508,0.19954681367066707,0.3398787712642406,10,0.7961333415070622,0.21510264718416355,0.6422581773474973,0.950008505666627,10,4.326126828986513,1.0325764390145824,3.587466142376583,5.064787515596442,10
"{""dynamic.change_interval"": 30}",ucb,116,8.719582819479346,0.7269474330150029,8.199555952981568,9.239609685977124,10,0.06211654497159821,0.046726727563561554,0.028690257714768727,0.09554283222842769,10,0.125,0.07254368894366729,0.07310537112827761,0.1768946288717224,10,0.31952488361090814,0.05739528799908989,0.2784667679695695,0.3605829992522468,10,0.24436024849214205,0.01728197323903604,0.23199746958649195,0.2567230273977922,10,9.356533422753758,0.630907631122212,8.90520929178974,9.807857553717776,10
"{""dynamic.change_interval"": 30}",sliding_window_ucb,116,8.583747729389845,0.6447765864147091,8.122502345478495,9.044993113301196,10,0.08297813606100653,0.035145625980982434,0.05783646980022751,0.10811980232178554,10,0.1328125,0.06346905003621844,0.08740947674007163,0.17821552325992837,10,0.33272620222214344,0.043733475945234475,0.301441158181845,0.36401124626244186,10,0.4733056715699643,0.013057585773013036,0.4639648374117043,0.48264650572822426,10,9.186612987069118,0.6764972411062787,8.702676013761682,9.670549960376555,10
"{""dynamic.change_interval"": 30}",discounted_ucb,116,9.480937626071519,0.8190004627209223,8.895059989056461,10.066815263086577,10,0.060363925254480325,0.04160133088648296,0.030604125906528706,0.09012372460243194,10,0.1125,0.06579838207230732,0.06543067298171558,0.1595693270182844,10,0.31838808981664046,0.04625356786104381,0.28530028062064244,0.3514758990126385,10,0.4607000582748174,0.013460202051337009,0.4510712097813951,0.47032890676823974,10,10.122935968255529,0.8396548822140946,9.522283049616851,10.723588886894207,10
"{""dynamic.change_interval"": 30}",uncertainty_aware,116,3.8187369490885055,0.9027651697279512,3.1729376504378797,4.464536247739131,10,0.02333204455098051,0.042481412359684424,-0.007057327156658164,0.05372141625861919,10,0.109375,0.07179192058380324,0.0580181538162099,0.1607318461837901,10,0.2660677121235676,0.0609528135602396,0.22246469600383048,0.30967072824330477,10,0.7120651303055318,0.1995152901256208,0.5693404896639016,0.8547897709471619,10,4.3466105465621805,1.0494298127594088,3.595893682654687,5.097327410469674,10
"{""dynamic.change_interval"": 30}",ucb,117,8.791941533488524,0.7156698413381609,8.279982170079691,9.303900896897357,10,0.07235871400917877,0.019438882322270375,0.058452975295248,0.08626445272310955,10,0.10625,0.05402626033287475,0.06760194156615412,0.14489805843384587,10,0.31484453166228954,0.036910110798596234,0.2884406290017189,0.3412484343228602,10,0.24469706221452933,0.014335847339588202,0.23444181481696033,0.2549523096120983,10,9.435455051726208,0.6199019056758371,8.992003942465665,9.878906160986752,10
"{""dynamic.change_interval"": 30}",sliding_window_ucb,117,8.644373084197484,0.6229681170458363,8.198728539458193,9.090017628936776,10,0.060625354807639184,0.03676939661653925,0.034322113008973525,0.08692859660630484,10,0.1140625,0.06120622727259412,0.07027820263105791,0.15784679736894208,10,0.30590755328152464,0.059735261741936926,0.263175521263409,0.3486395852996403,10,0.4764025499538942,0.009793189329759778,0.4693969243351992,0.4834081755725892,10,9.256597637660805,0.6495095491222669,8.791966496190819,9.721228779130792,10
"{""dynamic.change_interval"": 30}",discounted_ucb,117,9.563842759289207,0.8318311045378153,8.968786634042171,10.158898884536242,10,0.08290513321768957,0.037930774887927135,0.055771091452121786,0.11003917498325735,10,0.1171875,0.06720566614877052,0.0691114625989302,0.1652635374010698,10,0.32326238525206225,0.046340438310092255,0.2901124326804111,0.3564123378237134,10,0.4576425827025566,0.013964297673603335,0.44765312592446754,0.46763203948064563,10,10.21027545081775,0.8310699244782389,9.615763840983034,10.804787060652467,10
"{""dynamic.change_interval"": 30}",uncertainty_aware,117,3.85060233209608,0.9186862520041983,3.193413777288332,4.507790886903828,10,0.03186538300757447,0.05214169732016194,-0.005434540260357092,0.06916530627550604,10,0.1140625,0.06252169762259427,0.0693371718315624,0.1587878281684376,10,0.2709368129749934,0.07268800887627784,0.21893894384280627,0.3229346821071805,10,0.631252329466921,0.1306860911562932,0.537765131641645,0.724739527292197,10,4.381624456847334,1.07460322733382,3.6128996169767276,5.150349296717939,10
"{""dynamic.change_interval"": 30}",ucb,118,8.86766171997395,0.7390621691274951,8.338968493333875,9.396354946614027,10,0.07572018648542703,0.03589920477699831,0.05003944242871168,0.10140093054214237,10,0.1125,0.08228507357554792,0.053636804357973134,0.17136319564202687,10,0.3204139312186431,0.05828261819084853,0.27872105779673795,0.36210680464054823,10,0.24954995618550058,0.021372373587151345,0.23426108114256908,0.2648388312284321,10,9.508041042264448,0.6474883876748868,9.044855752593962,9.971226331934934,10
"{""dynamic.change_interval"": 30}",sliding_window_ucb,118,8.69408181712453,0.6203008413648735,8.25034532646379,9.13781830778527,10,0.049708732927044,0.027695938549076798,0.02989625201813323,0.06952121383595478,10,0.1171875,0.09695057535930357,0.047833236377179206,0.1865417636228208,10,0.31570385294769837,0.0697801568680212,0.2657861358312097,0.36562157006418705,10,0.45782127965031494,0.014959343799552676,0.4471200097542511,0.4685225495463788,10,9.3244735499281,0.6479671144511895,8.860945799752106,9.788001300104096,10
"{""dynamic.change_interval"": 30}",discounted_ucb,118,9.636194628637314,0.8365419197747572,9.037768589177698,10.23462066809693,10,0.07235186934810757,0.05063468710901457,0.03612999624211522,0.10857374245409993,10,0.1171875,0.10956085399980536,0.03881238646525899,0.19556261353474103,10,0.32125993825571675,0.07671542263445279,0.26638103087834675,0.37613884563308675,10,0.4588145165846121,0.011715457222883818,0.45043378335341117,0.467195249815813,10,10.283707448393068,0.8240000682485663,9.694253309036593,10.873161587749543,10
"{""dynamic.change_interval"": 30}",uncertainty_aware,118,3.8573392469531766,0.914812066937251,3.2029221171881463,4.511756376718207,10,0.0067369148570970705,0.021303995351054515,-0.008503045342423268,0.02197687505661741,10,0.10625,0.06496860887296949,0.059774256970265935,0.15272574302973407,10,0.25023843189207395,0.049640462193325886,0.21472778444562518,0.2857490793385227,10,0.5746170131489722,0.024142610881249398,0.5573464297264812,0.5918875965714632,10,4.384034948059007,1.0628867714508985,3.6236915558179565,5.144378340300058,10
"{""dynamic.change_interval"": 30}",ucb,119,8.930410694907811,0.737707001339112,8.402686896903928,9.458134492911695,10,0.06274897493385953,0.03309933666475516,0.039071135867093855,0.08642681400062521,10,0.1015625,0.061735779120467175,0.05739938405960304,0.14572561594039696,10,0.2970709327311965,0.07914027796568125,0.24045738834660957,0.35368447711578344,10,0.25387451868638244,0.024722315593244105,0.23618923949473206,0.27155979787803286,10,9.58511766369943,0.6443134106001329,9.124203615805724,10.046031711593136,10
"{""dynamic.change_interval"": 30}",sliding_window_ucb,119,8.796383330010517,0.6544958109571318,8.328185231701895,9.26458142831914,10,0.10230151288598802,0.05215305300018648,0.06499346625392871,0.13960955951804732,10,0.109375,0.05938413672391344,0.06689414768839272,0.15185585231160728,10,0.3150012542150257,0.04335151281708616,0.2839894501362811,0.34601305829377027,10,0.4702087931860344,0.014959343799552676,0.4595075232899706,0.48091006308209827,10,9.41948049284691,0.6826270712700069,8.931158503199315,9.907802482494505,10
"{""dynamic.change_interval"": 30}",discounted_ucb,119,9.734488392614145,0.8610504555766995,9.118530002812946,10.350446782415343,10,0.09829376397683219,0.05663941245253417,0.05777636912778989,0.1388111588258745,10,0.1109375,0.05679233155639159,0.07031071341395574,0.15156428658604426,10,0.31572551783889263,0.040745344226351184,0.2865780544597002,0.3448729812180851,10,0.4626973803305039,0.012555144705080352,0.45371597086004173,0.47167878980096606,10,10.379438654935745,0.8469931168605153,9.773536279464986,10.985341030406504,10
"{""dynamic.change_interval"": 30}",uncertainty_aware,119,3.878216369711995,0.9183333330838412,3.2212802778911787,4.535152461532811,10,0.02087712275881784,0.03566223797016132,-0.004634105456136659,0.046388350973772335,10,0.09375,0.0683066512948125,0.044886365271318486,0.14261363472868152,10,0.24894695971572708,0.10169571285159104,0.17619822921793427,0.3216956902135199,10,0.6184397115492027,0.13746285515479711,0.5201047087973437,0.7167747143010618,10,4.412987596478518,1.0586023591444667,3.655709088168975,5.170266104788062,10
"{""dynamic.change_interval"": 10}",ucb,0,0.086044436288162,0.08822757066982144,0.022930234310930914,0.14915863826539308,10,0.086044436288162,0.08822757066982144,0.022930234310930914,0.14915863826539308,10,0.0171875,0.025989531145572186,-0.0014042905883841147,0.03577929058838412,10,0.10794745449825072,0.08854529707883704,0.04460596474011545,0.17128894425638597,10,1.0,0.0,1.0,1.0,10,0.08355769841164058,0.08870483114381451,0.020102084858383287,0.14701331196489786,10
"{""dynamic.change_interval"": 10}",sliding_window_ucb,0,0.086044436288162,0.08822757066982144,0.022930234310930914,0.14915863826539308,10,0.086044436288162,0.08822757066982144,0.022930234310930914,0.14915863826539308,10,0.0171875,0.025989531145572186,-0.0014042905883841147,0.03577929058838412,10,0.10794745449825072,0.08854529707883704,0.04460596474011545,0.17128894425638597,10,1.0,0.0,1.0,1.0,10,0.08355769841164058,0.08870483114381451,0.020102084858383287,0.14701331196489786,10
"{""dynamic.change_interval"": 10}",discounted_ucb,0,0.086044436288162,0.08822757066982144,0.022930234310930914,0.14915863826539308,10,0.086044436288162,0.08822757066982144,0.022930234310930914,0.14915863826539308,10,0.0171875,0.025989531145572186,-0.0014042905883841147,0.03577929058838412,10,0.10794745449825072,0.08854529707883704,0.04460596474011545,0.17128894425638597,10,1.0,0.0,1.0,1.0,10,0.08355769841164058,0.08870483114381451,0.020102084858383287,0.14701331196489786,10
"{""dynamic.change_interval"": 10}",uncertainty_aware,0,0.086044436288162,0.08822757066982144,0.022930234310930914,0.14915863826539308,10,0.086044436288162,0.08822757066982144,0.022930234310930914,0.14915863826539308,10,0.0171875,0.025989531145572186,-0.0014042905883841147,0.03577929058838412,10,0.10794745449825072,0.08854529707883704,0.04460596474011545,0.17128894425638597,10,1.0,0.0,1.0,1.0,10,0.08355769841164058,0.08870483114381451,0.020102084858383287,0.14701331196489786,10
"{""dynamic.change_interval"": 10}",ucb,1,0.15019550421319855,0.08913185936063761,0.08643441307598497,0.21395659535041212,10,0.06415106792503651,0.02320737173768594,0.047549514282644256,0.08075262156742877,10,0.0109375,0.03458741190809165,-0.013804843968716712,0.03567984396871671,10,0.11688137301304971,0.07022731318334716,0.06664377953833633,0.1671189664877631,10,1.0,0.0,1.0,1.0,10,0.15808615669008633,0.095979999993696,0.08942620085783506,0.2267461125223376,10
"{""dynamic.change_interval"": 10}",sliding_window_ucb,1,0.15019550421319855,0.08913185936063761,0.08643441307598497,0.21395659535041212,10,0.06415106792503651,0.02320737173768594,0.047549514282644256,0.08075262156742877,10,0.0109375,0.03458741190809165,-0.013804843968716712,0.03567984396871671,10,0.11688137301304971,0.07022731318334716,0.06664377953833633,0.1671189664877631,10,1.0,0.0,1.0,1.0,10,0.15808615669008633,0.095979999993696,0.08942620085783506,0.2267461125223376,10
"{""dynamic.change_interval"": 10}",discounted_ucb,1,0.15019550421319855,0.08913185936063761,0.08643441307598497,0.21395659535041212,10,0.06415106792503651,0.02320737173768594,0.047549514282644256,0.08075262156742877,10,0.0109375,0.03458741190809165,-0.013804843968716712,0.03567984396871671,10,0.11688137301304971,0.07022731318334716,0.06664377953833633,0.1671189664877631,10,1.0,0.0,1.0,1.0,10,0.15808615669008633,0.095979999993696,0.08942620085783506,0.2267461125223376,10
"{""dynamic.change_interval"": 10}",uncertainty_aware,1,0.15019550421319855,0.08913185936063761,0.08643441307598497,0.21395659535041212,10,0.06415106792503651,0.02320737173768594,0.047549514282644256,0.08075262156742877,10,0.0109375,0.03458741190809165,-0.013804843968716712,0.03567984396871671,10,0.11688137301304971,0.07022731318334716,0.06664377953833633,0.1671189664877631,10,1.0,0.0,1.0,1.0,10,0.15808615669008633,0.095979999993696,0.08942620085783506,0.2267461125223376,10
"{""dynamic.change_interval"": 10}",ucb,2,0.2384776790923063,0.11458670600646235,0.15650728761612787,0.32044807056848473,10,0.08828217487910764,0.04829195111012187,0.05373619414883068,0.12282815560938459,10,0.0046875,0.010546071214227388,-0.0028567048741424015,0.0122317048741424,10,0.1297679297736167,0.06843499861670159,0.08081248090185672,0.17872337864537668,10,1.0,0.0,1.0,1.0,10,0.24503316945947567,0.11747759876031268,0.16099475788735876,0.3290715810315926,10
"{""dynamic.change_interval"": 10}",sliding_window_ucb,2,0.2384776790923063,0.11458670600646235,0.15650728761612787,0.32044807056848473,10,0.08828217487910764,0.04829195111012187,0.05373619414883068,0.12282815560938459,10,0.0046875,0.010546071214227388,-0.0028567048741424015,0.0122317048741424,10,0.1297679297736167,0.06843499861670159,0.08081248090185672,0.17872337864537668,10,1.0,0.0,1.0,1.0,10,0.24503316945947567,0.11747759876031268,0.16099475788735876,0.3290715810315926,10
"{""dynamic.change_interval"": 10}",discounted_ucb,2,0.2384776790923063,0.11458670600646235,0.15650728761612787,0.32044807056848473,10,0.08828217487910764,0.04829195111012187,0.05373619414883068,0.12282815560938459,10,0.0046875,0.010546071214227388,-0.0028567048741424015,0.0122317048741424,10,0.1297679297736167,0.06843499861670159,0.08081248090185672,0.17872337864537668,10,1.0,0.0,1.0,1.0,10,0.24503316945947567,0.11747759876031268,0.16099475788735876,0.3290715810315926,10
"{""dynamic.change_interval"": 10}",uncertainty_aware,2,0.2384776790923063,0.11458670600646235,0.15650728761612787,0.32044807056848473,10,0.08828217487910764,0.04829195111012187,0.05373619414883068,0.12282815560938459,10,0.0046875,0.010546071214227388,-0.0028567048741424015,0.0122317048741424,10,0.1297679297736167,0.06843499861670159,0.08081248090185672,0.17872337864537668,10,1.0,0.0,1.0,1.0,10,0.24503316945947567,0.11747759876031268,0.16099475788735876,0.3290715810315926,10
"{""dynamic.change_interval"": 10}",ucb,3,0.29731115586986384,0.12086039567858771,0.2108528371607028,0.3837694745790249,10,0.0588334767775575,0.04739741026251144,0.02492741202030732,0.09273954153480768,10,0.0015625,0.004941058844013093,-0.00197212056695953,0.00509712056695953,10,0.08959534230917258,0.06494957969879188,0.04313321193060173,0.13605747268774343,10,0.8325546111576976,1.1702778228589004e-16,0.8325546111576975,0.8325546111576977,10,0.3040572592563065,0.12341225333502863,0.21577345154951122,0.3923410669631018,10
"{""dynamic.change_interval"": 10}",sliding_window_ucb,3,0.29731115586986384,0.12086039567858771,0.2108528371607028,0.3837694745790249,10,0.0588334767775575,0.04739741026251144,0.02492741202030732,0.09273954153480768,10,0.0015625,0.004941058844013093,-0.00197212056695953,0.00509712056695953,10,0.08959534230917258,0.06494957969879188,0.04313321193060173,0.13605747268774343,10,0.8325546111576976,1.1702778228589004e-16,0.8325546111576975,0.8325546111576977,10,0.3040572592563065,0.12341225333502863,0.21577345154951122,0.3923410669631018,10
"{""dynamic.change_interval"": 10}",discounted_ucb,3,0.38053585905854603,0.13448791608741642,0.2843289995134323,0.47674271860365974,10,0.14205817996623968,0.07980349362806227,0.08497019967740885,0.1991461602550705,10,0.0109375,0.012863634411696322,0.0017354102874837796,0.02013958971251622,10,0.17282004549785476,0.08372668858430388,0.11292558060353787,0.23271451039217167,10,0.858702350715838,0.009032140006159442,0.8522411469865783,0.8651635544450977,10,0.3872819624449886,0.13346822331301153,0.29180454716803184,0.4827593777219453,10
"{""dynamic.change_interval"": 10}",uncertainty_aware,3,0.2571759004602425,0.1472397297470685,0.15184694294982026,0.3625048579706648,10,0.01869822136793617,0.041240156534507785,-0.010803209413064143,0.048199652148936484,10,0.00625,0.01976423537605237,-0.00788848226783812,0.02038848226783812,10,0.04946008689955119,0.06228927661893373,0.0049010227011789115,0.09401915109792347,10,0.5293947536602556,0.004639936528670535,0.5260755430211236,0.5327139642993876,10,0.26392200384668507,0.1483702347335155,0.15778433178695367,0.3700596759064165,10
"{""dynamic.change_interval"": 10}",ucb,4,0.40267878932271933,0.12948571679295176,0.3100502875880309,0.4953072910574078,10,0.10536763345285545,0.06331475193357448,0.06007498840623434,0.15066027849947655,10,0.0125,0.02057126839388698,-0.0022157989105067166,0.027215798910506718,10,0.16292674491299816,0.0861671417357617,0.10128648500304491,0.22456700482295142,10,0.8970612889970507,0.0,0.8970612889970507,0.8970612889970507,10,0.40419205427934257,0.11927015635073993,0.31887132425553166,0.4895127843031535,10
"{""dynamic.change_interval"": 10}",sliding_window_ucb,4,0.40267878932271933,0.12948571679295176,0.3100502875880309,0.4953072910574078,10,0.10536763345285545,0.06331475193357448,0.06007498840623434,0.15066027849947655,10,0.0125,0.02057126839388698,-0.0022157989105067166,0.027215798910506718,10,0.16292674491299816,0.0861671417357617,0.10128648500304491,0.22456700482295142,10,0.8970612889970507,0.0,0.8970612889970507,0.8970612889970507,10,0.40419205427934257,0.11927015635073993,0.31887132425553166,0.4895127843031535,10
"{""dynamic.change_interval"": 10}",discounted_ucb,4,0.43652206602801574,0.13609944510928712,0.3391623880679062,0.5338817439881253,10,0.05598620696946972,0.029427522149688967,0.03493502577356488,0.07703738816537456,10,0.0078125,0.01983274246318726,-0.006374989285729207,0.02199998928572921,10,0.1299401767157745,0.07421525310698901,0.07684978287601732,0.1830305705555317,10,0.9241128608333702,0.012761407119294327,0.9149839001204543,0.9332418215462861,10,0.45443018927080114,0.12736071781311417,0.36332182023155773,0.5455385583100445,10
"{""dynamic.change_interval"": 10}",uncertainty_aware,4,0.2754514067332021,0.17880024743548023,0.14754541493780735,0.40335739852859687,10,0.01827550627295966,0.03861213467284591,-0.009345950920212499,0.04589696346613181,10,0.0109375,0.023350533095270718,-0.005766465108211199,0.027641465108211197,10,0.07481187338601167,0.10651127362459105,-0.0013817017669532777,0.15100544853897663,10,0.5260738593615206,0.01059847536555178,0.5184921668158259,0.5336555519072154,10,0.2759419273427347,0.16337610478335093,0.15906970251248992,0.3928141521729795,10
"{""dynamic.change_interval"": 10}",ucb,5,0.5103632592306913,0.13479760258665627,0.41393486330965495,0.6067916551517275,10,0.10768446990797187,0.07728235338394587,0.05240000470373483,0.16296893511220892,10,0.0109375,0.014823176532039278,0.0003336382991214089,0.02154136170087859,10,0.16238287443521232,0.08454131082247199,0.10190566389705019,0.22286008497337445,10,0.9465092364124228,0.0,0.9465092364124228,0.9465092364124228,10,0.5234724963176195,0.14971918320579425,0.4163698446524211,0.6305751479828179,10
"{""dynamic.change_interval"": 10}",sliding_window_ucb,5,0.5103632592306913,0.13479760258665627,0.41393486330965495,0.6067916551517275,10,0.10768446990797187,0.07728235338394587,0.05240000470373483,0.16296893511220892,10,0.0109375,0.014823176532039278,0.0003336382991214089,0.02154136170087859,10,0.16238287443521232,0.08454131082247199,0.10190566389705019,0.22286008497337445,10,0.9465092364124228,0.0,0.9465092364124228,0.9465092364124228,10,0.5234724963176195,0.14971918320579425,0.4163698446524211,0.6305751479828179,10
"{""dynamic.change_interval"": 10}",discounted_ucb,5,0.5417326550964157,0.12779488828946522,0.45031369920853825,0.6331516109842931,10,0.10521058906839986,0.08192996918958582,0.04660141980121772,0.163819758335582,10,0.0109375,0.014823176532039278,0.0003336382991214089,0.02154136170087859,10,0.16250481326882135,0.08443322079694193,0.10210492567689061,0.2229047008607521,10,0.9865481010217578,0.011175642639618788,0.9785535278806488,0.9945426741628669,10,0.573832570142687,0.14257247275790755,0.4718423671514833,0.6758227731338906,10
"{""dynamic.change_interval"": 10}",uncertainty_aware,5,0.3165254539087751,0.20524893695575985,0.1696992094107069,0.4633516984068433,10,0.04107404717557298,0.04455634285212323,0.009200359610722415,0.07294773474042354,10,0.009375,0.013176156917368247,-5.06548452254129e-05,0.01880065484522541,10,0.10344670513386685,0.09049795567133287,0.038708367566552215,0.16818504270118148,10,0.5212031523546589,0.016880359477847932,0.5091276706266146,0.5332786340827032,10,0.33628620007966614,0.20709720376404983,0.18813778515617866,0.48443461500315366,10
"{""dynamic.change_interval"": 10}",ucb,6,0.5880359871374241,0.13537167208685139,0.491196926634906,0.6848750476399422,10,0.07767272790673282,0.059808619583352804,0.03488821885015192,0.12045723696331373,10,0.0078125,0.01327869664998121,-0.0016865073510882941,0.017311507351088294,10,0.14527712889068586,0.07816383558491749,0.08936208930647799,0.20119216847489374,10,0.6974794170897292,0.0,0.6974794170897292,0.6974794170897292,10,0.604300885647255,0.1532570851537706,0.49466737139086214,0.7139343999036479,10
"{""dynamic.change_interval"": 10}",sliding_window_ucb,6,0.5880359871374241,0.13537167208685139,0.491196926634906,0.6848750476399422,10,0.07767272790673282,0.059808619583352804,0.03488821885015192,0.12045723696331373,10,0.0078125,0.01327869664998121,-0.0016865073510882941,0.017311507351088294,10,0.14527712889068586,0.07816383558491749,0.08936208930647799,0.20119216847489374,10,0.6974794170897292,0.0,0.6974794170897292,0.6974794170897292,10,0.604300885647255,0.1532570851537706,0.49466737139086214,0.7139343999036479,10
"{""dynamic.change_interval"": 10}",discounted_ucb,6,0.638906109828624,0.16102809173526741,0.5237135523476765,0.7540986673095714,10,0.09717345473220812,0.05496148640586219,0.05785637586839033,0.13649053359602592,10,0.015625,0.02946278254943948,-0.005451404966374283,0.03670140496637428,10,0.1648293453469634,0.08839731086972892,0.10159371854550465,0.22806497214842214,10,0.7327691209824773,0.006107200534217107,0.7284002929040694,0.7371379490608851,10,0.6742131759286001,0.17440618802298355,0.5494505048792578,0.7989758469779423,10
"{""dynamic.change_interval"": 10}",uncertainty_aware,6,0.3165254539087751,0.20524893695575985,0.1696992094107069,0.4633516984068433,10,0.0,0.0,0.0,0.0,10,0.0109375,0.029508782237948526,-0.010171811161222542,0.032046811161222544,10,0.0612307782322206,0.07707520522345375,0.006094497895154392,0.11636705856928681,10,0.5216183624627099,0.014060329262281592,0.5115602088244668,0.5316765161009529,10,0.33306823875083635,0.21187494887276145,0.18150203086878,0.4846344466328927,10
"{""dynamic.change_interval"": 10}",ucb,7,0.6558629315390495,0.1268295726594136,0.5651345208535881,0.746591342224511,10,0.06782694440162543,0.026303451232536808,0.04901058891110271,0.08664329989214814,10,0.0109375,0.03458741190809165,-0.013804843968716712,0.03567984396871671,10,0.11910499660726229,0.07132522633639826,0.06808200337633837,0.17012798983818622,10,0.7210134433004416,1.1702778228589004e-16,0.7210134433004415,0.7210134433004417,10,0.672019934637602,0.1495446948135441,0.5650421044488145,0.7789977648263895,10
"{""dynamic.change_interval"": 10}",sliding_window_ucb,7,0.6558629315390495,0.1268295726594136,0.5651345208535881,0.746591342224511,10,0.06782694440162543,0.026303451232536808,0.04901058891110271,0.08664329989214814,10,0.0109375,0.03458741190809165,-0.013804843968716712,0.03567984396871671,10,0.11910499660726229,0.07132522633639826,0.06808200337633837,0.17012798983818622,10,0.7210134433004416,1.1702778228589004e-16,0.7210134433004415,0.7210134433004417,10,0.672019934637602,0.1495446948135441,0.5650421044488145,0.7789977648263895,10
"{""dynamic.change_interval"": 10}",discounted_ucb,7,0.7005175037660079,0.15504212494755482,0.5896070489656674,0.8114279585663483,10,0.06161139393738409,0.024183905380378005,0.04431127020976211,0.07891151766500606,10,0.00625,0.01976423537605237,-0.00788848226783812,0.02038848226783812,10,0.11551813355284804,0.06078412163565554,0.07203579236634658,0.1590004747393495,10,0.7568916875395983,0.009530087973885257,0.7500742732928031,0.7637091017863936,10,0.7383453618645329,0.16903832834122315,0.6174226263089144,0.8592680974201514,10
"{""dynamic.change_interval"": 10}",uncertainty_aware,7,0.3287787772699076,0.22974869964959843,0.1644264583337265,0.49313109620608875,10,0.012253323361132471,0.02778732935033699,-0.007624534588603588,0.032131181310868534,10,0.0078125,0.01983274246318726,-0.006374989285729207,0.02199998928572921,10,0.0673432772822099,0.09103265955271243,0.00222243560069163,0.13246411896372817,10,0.522837448578571,0.01371649320619112,0.51302526043758,0.5326496367195619,10,0.3490255684161311,0.2593138507817307,0.16352361444099012,0.534527522391272,10
"{""dynamic.change_interval"": 10}",ucb,8,0.7795397994622342,0.17743769387472746,0.652608519766303,0.9064710791581654,10,0.12367686792318462,0.07753267526979278,0.06821333322918698,0.17914040261718228,10,0.009375,0.01092509216843908,0.0015596598687479743,0.017190340131252025,10,0.1747314628355532,0.08253318297385781,0.11569078042200472,0.23377214524910167,10,0.7139511220081769,0.05734428282120013,0.6729294932730828,0.754972750743271,10,0.7998446740238222,0.18007519839956004,0.6710266372514765,0.9286627107961679,10
"{""dynamic.change_interval"": 10}",sliding_window_ucb,8,0.7795397994622342,0.17743769387472746,0.652608519766303,0.9064710791581654,10,0.12367686792318462,0.07753267526979278,0.06821333322918698,0.17914040261718228,10,0.009375,0.01092509216843908,0.0015596598687479743,0.017190340131252025,10,0.1747314628355532,0.08253318297385781,0.11569078042200472,0.23377214524910167,10,0.7139511220081769,0.05734428282120013,0.6729294932730828,0.754972750743271,10,0.7998446740238222,0.18007519839956004,0.6710266372514765,0.9286627107961679,10
"{""dynamic.change_interval"": 10}",discounted_ucb,8,0.8355151921271663,0.20472109344189401,0.6890665441320232,0.9819638401223094,10,0.13499768836115833,0.07932673359968379,0.07825076165112724,0.19174461507118942,10,0.0109375,0.012863634411696322,0.0017354102874837796,0.02013958971251622,10,0.1760837012847142,0.08320679545550341,0.11656114553046062,0.2356062570389678,10,0.7804196501005146,0.050857668772999604,0.7440382655212818,0.8168010346797474,10,0.867522339699914,0.20781096689198858,0.7188633293936157,1.0161813500062122,10
"{""dynamic.change_interval"": 10}",uncertainty_aware,8,0.36273405546349496,0.2645132950691371,0.1735126431100562,0.5519554678169337,10,0.03395527819358733,0.08085521445162977,-0.023885057849554255,0.09179561423672891,10,0.0078125,0.01518477055949297,-0.0030500304855817263,0.018675030485581726,10,0.08144573416177654,0.09339999988669398,0.014631399223519831,0.14826006910003325,10,0.5188155834783827,0.021217718469592948,0.5036373420418431,0.5339938249149224,10,0.3835645791285746,0.27604445192593174,0.186094274083593,0.5810348841735562,10
"{""dynamic.change_interval"": 10}",ucb,9,0.8816731636917833,0.23655138212549498,0.7124544988672237,1.0508918285163429,10,0.10213336422954913,0.06429893267813257,0.056136678690567654,0.14813004976853061,10,0.01875,0.026352313834736494,-0.0001013096904508258,0.03760130969045082,10,0.17954067350351374,0.09126702813555118,0.11425217463771507,0.2448291723693124,10,0.6334096847967331,0.04402729556967078,0.6019144548589792,0.664904914734487,10,0.9217923817897246,0.23348168143625175,0.7547696485525323,1.0888151150269167,10
"{""dynamic.change_interval"": 10}",sliding_window_ucb,9,0.8816731636917833,0.23655138212549498,0.7124544988672237,1.0508918285163429,10,0.10213336422954913,0.06429893267813257,0.056136678690567654,0.14813004976853061,10,0.01875,0.026352313834736494,-0.0001013096904508258,0.03760130969045082,10,0.17954067350351374,0.09126702813555118,0.11425217463771507,0.2448291723693124,10,0.6334096847967331,0.04402729556967078,0.6019144548589792,0.664904914734487,10,0.9217923817897246,0.23348168143625175,0.7547696485525323,1.0888151150269167,10
"{""dynamic.change_interval"": 10}",discounted_ucb,9,0.9327472497428377,0.2545302150773153,0.7506673026045827,1.1148271968810928,10,0.09723205761567144,0.06713072881046393,0.04920962715707564,0.14525448807426725,10,0.0140625,0.01719538960335331,0.0017616592960811063,0.026363340703918894,10,0.17717530451600455,0.08909387143508608,0.11344138830367842,0.24090922072833068,10,0.6804206659481739,0.053172010141917456,0.6423837012878711,0.7184576306084766,10,0.9871046784783072,0.2511126058396229,0.8074695417102049,1.1667398152464095,10
"{""dynamic.change_interval"": 10}",uncertainty_aware,9,0.3711742696259023,0.2580433943897164,0.18658114540454576,0.5557673938472588,10,0.00844021416240732,0.026690300692817432,-0.010652876761105006,0.027533305085919647,10,0.009375,0.01679637030895531,-0.00264039949604869,0.02139039949604869,10,0.07408053217043907,0.08270136757732575,0.014919537739318901,0.13324152660155925,10,0.5029471944957468,0.06755470830804629,0.454621467375558,0.5512729216159356,10,0.4000521455614023,0.2666656468594238,0.2092910334906656,0.590813257632139,10
"{""dynamic.change_interval"": 10}",ucb,10,0.9888442932094254,0.24729434225388103,0.8119405776662674,1.1657480087525833,10,0.107171129517642,0.0778725066637636,0.05146449408909569,0.16287776494618833,10,0.096875,0.08771056014592037,0.0341306450715102,0.1596193549284898,10,0.2937252015510322,0.0885848249591719,0.23035543525072033,0.3570949678513441,10,0.6463860287278758,0.044929260511765795,0.6142455719398349,0.6785264855159167,10,1.0432512306559283,0.2511626856305328,0.8635802689635482,1.2229221923483082,10
"{""dynamic.change_interval"": 10}",sliding_window_ucb,10,0.9888442932094254,0.24729434225388103,0.8119405776662674,1.1657480087525833,10,0.107171129517642,0.0778725066637636,0.05146449408909569,0.16287776494618833,10,0.096875,0.08771056014592037,0.0341306450715102,0.1596193549284898,10,0.2937252015510322,0.0885848249591719,0.23035543525072033,0.3570949678513441,10,0.6463860287278758,0.044929260511765795,0.6142455719398349,0.6785264855159167,10,1.0432512306559283,0.2511626856305328,0.8635802689635482,1.2229221923483082,10
"{""dynamic.change_interval"": 10}",discounted_ucb,10,1.0281833442601234,0.26281160071276943,0.8401792507163937,1.216187437803853,10,0.09543609451728541,0.08132740644916024,0.037257972667757974,0.15361421636681283,10,0.09375,0.08430423987624294,0.033442379800432014,0.15405762019956798,10,0.2778239220574401,0.10498767306296258,0.2027202650882038,0.35292757902667643,10,0.6825425665564293,0.006851569097793735,0.6776412492854662,0.6874438838273924,10,1.092662247850919,0.2597420479508651,0.906853980073713,1.2784705156281249,10
"{""dynamic.change_interval"": 10}",uncertainty_aware,10,0.389074338543424,0.2568388388983976,0.20534290141142858,0.5728057756754195,10,0.01790006891752178,0.037908274706350185,-0.009217877187768939,0.045018015022812496,10,0.09375,0.08398185154477655,0.03367300251975655,0.15382699748024345,10,0.20735420100912264,0.10536514178959412,0.13198051917949583,0.28272788283874944,10,0.5034422341256806,0.06825776221078561,0.45461357254088514,0.552270895710476,10,0.4351399938856965,0.25510338865027143,0.2526500230736973,0.6176299646976957,10
"{""dynamic.change_interval"": 10}",ucb,11,1.0831832239218262,0.2752972106885131,0.8862474630564713,1.280118984787181,10,0.09433893071240076,0.055793989654237174,0.05442631490060021,0.13425154652420132,10,0.1,0.05992979109851052,0.05712881006324196,0.14287118993675804,10,0.29651637880858195,0.07745587186449564,0.24110778596096705,0.35192497165619685,10,0.6176800974684108,0.04164762721085275,0.5878871797250994,0.6474730152117222,10,1.1362266298856871,0.25624436601635536,0.9529204530352834,1.3195328067360907,10
"{""dynamic.change_interval"": 10}",sliding_window_ucb,11,1.0831832239218262,0.2752972106885131,0.8862474630564713,1.280118984787181,10,0.09433893071240076,0.055793989654237174,0.05442631490060021,0.13425154652420132,10,0.1,0.05992979109851052,0.05712881006324196,0.14287118993675804,10,0.29651637880858195,0.07745587186449564,0.24110778596096705,0.35192497165619685,10,0.6176800974684108,0.04164762721085275,0.5878871797250994,0.6474730152117222,10,1.1362266298856871,0.25624436601635536,0.9529204530352834,1.3195328067360907,10
"{""dynamic.change_interval"": 10}",discounted_ucb,11,1.1160976750757445,0.28644853380406177,0.9111847382087744,1.3210106119427145,10,0.0879143308156213,0.054756393714392115,0.04874396642501438,0.12708469520622823,10,0.096875,0.05837052385884125,0.05511924265142075,0.13863075734857927,10,0.29353620329874314,0.07597096677421568,0.23918984756219724,0.34788255903528903,10,0.6809392099548345,0.04311837277865835,0.6500941842126415,0.7117842356970274,10,1.1826574715708391,0.2591676385549729,0.9972601115218493,1.3680548316198289,10
"{""dynamic.change_interval"": 10}",uncertainty_aware,11,0.4706629517605987,0.25561905409019664,0.2878040961149695,0.6535218074062279,10,0.08158861321717462,0.08713466776197785,0.01925622688264418,0.14392099955170506,10,0.090625,0.05502130269268441,0.051265131142313354,0.12998486885768665,10,0.2878732079635705,0.04710509933409226,0.25417624984766085,0.3215701660794802,10,1.0,0.0,1.0,1.0,10,0.519472222270444,0.23843011696494915,0.34890959150395995,0.690034853036928,10
"{""dynamic.change_interval"": 10}",ucb,12,1.1620825418290752,0.2770556727380701,0.9638888529926514,1.3602762306654992,10,0.078899317907249,0.03246340575192029,0.05567639641071122,0.10212223940378677,10,0.125,0.08102265201095857,0.06703988634247073,0.1829601136575293,10,0.32740313459938214,0.05713203973989444,0.2865333354182484,0.3682729337805159,10,0.57499163222452,0.02770041202857269,0.555175951181158,0.5948073132678819,10,1.2127980842701735,0.26313024779383926,1.0245660443364275,1.4010301242039196,10
"{""dynamic.change_interval"": 10}",sliding_window_ucb,12,1.1620825418290752,0.2770556727380701,0.9638888529926514,1.3602762306654992,10,0.078899317907249,0.03246340575192029,0.05567639641071122,0.10212223940378677,10,0.125,0.08102265201095857,0.06703988634247073,0.1829601136575293,10,0.32740313459938214,0.05713203973989444,0.2865333354182484,0.3682729337805159,10,0.57499163222452,0.02770041202857269,0.555175951181158,0.5948073132678819,10,1.2127980842701735,0.26313024779383926,1.0245660443364275,1.4010301242039196,10
"{""dynamic.change_interval"": 10}",discounted_ucb,12,1.18032462844903,0.2844938841644771,0.9768099637005245,1.3838392931975356,10,0.0642269533732854,0.029911957416097795,0.042829228064050706,0.0856246786825201,10,0.1109375,0.08821938897021321,0.04782915085808638,0.17404584914191362,10,0.31717064037118303,0.06176551123452907,0.27298625535766224,0.3613550253847038,10,0.6423646560457124,0.04266917875769152,0.6118409643485467,0.672888347742878,10,1.248996431727126,0.25569585107153786,1.0660826388305353,1.4319102246237168,10
"{""dynamic.change_interval"": 10}",uncertainty_aware,12,0.5421088187393436,0.2610155449811977,0.35538954606673356,0.7288280914119536,10,0.0714458669787448,0.03330296062597138,0.04762236410509841,0.0952693698523912,10,0.109375,0.061625831073954335,0.06529053615397593,0.15345946384602407,10,0.3141376225593168,0.044928071588331925,0.28199801627586507,0.34627722884276857,10,1.0,0.0,1.0,1.0,10,0.5827781646148649,0.24827954898042015,0.405169674636051,0.7603866545936787,10
"{""dynamic.change_interval"": 10}",ucb,13,1.238217081647443,0.27875165897617754,1.0388101573431276,1.4376240059517582,10,0.07613453981836751,0.05961637577840496,0.03348755369528953,0.1187815259414455,10,0.08125,0.07788156517716144,0.02553688450133655,0.13696311549866347,10,0.2820300480899909,0.0848187349581895,0.2213543802804554,0.34270571589952636,10,0.5771753636262595,0.035733499805184775,0.5516131577654876,0.6027375694870315,10,1.300932286928213,0.25187361236877265,1.1207527588839812,1.4811118149724447,10
"{""dynamic.change_interval"": 10}",sliding_window_ucb,13,1.238217081647443,0.27875165897617754,1.0388101573431276,1.4376240059517582,10,0.07613453981836751,0.05961637577840496,0.03348755369528953,0.1187815259414455,10,0.08125,0.07788156517716144,0.02553688450133655,0.13696311549866347,10,0.2820300480899909,0.0848187349581895,0.2213543802804554,0.34270571589952636,10,0.5771753636262595,0.035733499805184775,0.5516131577654876,0.6027375694870315,10,1.300932286928213,0.25187361236877265,1.1207527588839812,1.4811118149724447,10
"{""dynamic.change_interval"": 10}",discounted_ucb,13,1.2542158777537114,0.26590416068378336,1.0639995000775337,1.444432255429889,10,0.07389124930468101,0.05722216075229138,0.03295698143495442,0.11482551717440759,10,0.078125,0.061625831073954335,0.034040536153975925,0.12220946384602407,10,0.2800600799683316,0.07699626852179892,0.2249802675459301,0.3351398923907331,10,0.6320331470696986,0.005941938877234178,0.6277825400589085,0.6362837540804887,10,1.3351606662635063,0.23183212066895428,1.1693179577130477,1.5010033748139648,10
"{""dynamic.change_interval"": 10}",uncertainty_aware,13,0.6413084899080906,0.28049935917693153,0.4406513361955688,0.8419656436206124,10,0.0991996711687471,0.07211296409295641,0.04761316429356155,0.15078617804393266,10,0.090625,0.06064969428337349,0.04723882234830723,0.13401117765169276,10,0.3042064152160315,0.04322123259379731,0.27328780799473024,0.3351250224373327,10,1.0,0.0,1.0,1.0,10,0.6930887343989451,0.27178714439746376,0.49866392369536927,0.887513545102521,10
"{""dynamic.change_interval"": 10}",ucb,14,1.2995398584018962,0.2920968080021174,1.0905863895804313,1.5084933272233612,10,0.06132277675445343,0.023160859387156226,0.04475449604322636,0.07789105746568051,10,0.096875,0.05197906229114437,0.05969141882323177,0.13405858117676822,10,0.30886903026006957,0.03822892515530552,0.2815217046417104,0.33621635587842874,10,0.566244148538109,0.04803794654805825,0.5318798717254568,0.6006084253507612,10,1.352139169836923,0.2555410477807339,1.1693361165434786,1.5349422231303673,10
"{""dynamic.change_interval"": 10}",sliding_window_ucb,14,1.2995398584018962,0.2920968080021174,1.0905863895804313,1.5084933272233612,10,0.06132277675445343,0.023160859387156226,0.04475449604322636,0.07789105746568051,10,0.096875,0.05197906229114437,0.05969141882323177,0.13405858117676822,10,0.30886903026006957,0.03822892515530552,0.2815217046417104,0.33621635587842874,10,0.566244148538109,0.04803794654805825,0.5318798717254568,0.6006084253507612,10,1.352139169836923,0.2555410477807339,1.1693361165434786,1.5349422231303673,10
"{""dynamic.change_interval"": 10}",discounted_ucb,14,1.321712351881484,0.2660878227551838,1.1313645902741618,1.512060113488806,10,0.06749647412777263,0.030177336569463798,0.04590890800847222,0.08908404024707303,10,0.1015625,0.0516912323991646,0.06458481992420938,0.1385401800757906,10,0.31044206473118063,0.03847762776318131,0.2829168279847402,0.33796730147762105,10,0.6327068613127597,0.030227040674174584,0.6110837390188985,0.6543299836066209,10,1.3879405836433274,0.242929339617428,1.2141594028808134,1.5617217644058414,10
"{""dynamic.change_interval"": 10}",uncertainty_aware,14,0.6560443412314176,0.2710704970478845,0.4621321891585215,0.8499564933043138,10,0.01473585132332699,0.03115194549751709,-0.007548908023294236,0.03702061066994822,10,0.1015625,0.05717317291692747,0.0606632759166104,0.14246172408338958,10,0.2555169843128323,0.0584270173186379,0.21372081397764436,0.2973131546480203,10,0.5943211627724778,0.03275975351677324,0.5708862468557783,0.6177560786891774,10,0.6909435713604178,0.24596327201880405,0.5149920461022777,0.866895096618558,10
"{""dynamic.change_interval"": 10}",ucb,15,1.3638619865804065,0.3109586562532021,1.141415564352824,1.5863084088079888,10,0.06432212817851017,0.03687934573104122,0.037940233521478225,0.09070402283554212,10,0.1109375,0.07455379419698682,0.057604928453552036,0.16427007154644796,10,0.3172475723978351,0.05387736706651081,0.2787060257903378,0.35578911900533233,10,0.5389840178890128,0.02620526442854954,0.5202379010067993,0.5577301347712263,10,1.4322169928863653,0.26403513346819824,1.2433376367363367,1.6210963490363939,10
"{""dynamic.change_interval"": 10}",sliding_window_ucb,15,1.3638619865804065,0.3109586562532021,1.141415564352824,1.5863084088079888,10,0.06432212817851017,0.03687934573104122,0.037940233521478225,0.09070402283554212,10,0.1109375,0.07455379419698682,0.057604928453552036,0.16427007154644796,10,0.3172475723978351,0.05387736706651081,0.2787060257903378,0.35578911900533233,10,0.5389840178890128,0.02620526442854954,0.5202379010067993,0.5577301347712263,10,1.4322169928863653,0.26403513346819824,1.2433376367363367,1.6210963490363939,10
"{""dynamic.change_interval"": 10}",discounted_ucb,15,1.379480006725662,0.2626044971896953,1.191624066117418,1.5673359473339061,10,0.05776765484417804,0.044998134800205994,0.02557792835825643,0.08995738133009964,10,0.121875,0.08740073734751261,0.05935227894998382,0.18439772105001617,10,0.32513834243725726,0.06242638084532101,0.2804811997836986,0.3697954850908159,10,0.6041901725859704,0.029285111127793646,0.5832408660980672,0.6251394790738736,10,1.4759091767321921,0.2535003609248603,1.2945659428740566,1.6572524105903277,10
"{""dynamic.change_interval"": 10}",uncertainty_aware,15,0.6560443412314176,0.2710704970478845,0.4621321891585215,0.8499564933043138,10,0.0,0.0,0.0,0.0,10,0.1046875,0.069896531914045,0.05468653319065351,0.1546884668093465,10,0.24194166528522415,0.049379105556809355,0.20661798111363336,0.2772653494568149,10,0.5892130369614782,0.02501933063753761,0.57131528600671,0.6071107879162464,10,0.6957154872972493,0.24435964752280254,0.5209111258969359,0.8705198486975627,10
"{""dynamic.change_interval"": 10}",ucb,16,1.4425956355200835,0.3023897400752269,1.2262790466572508,1.6589122243829162,10,0.07873364893967702,0.04682891960080584,0.04523425790326783,0.11223303997608622,10,0.115625,0.0714889997365562,0.06448485033625591,0.16676514966374412,10,0.32107652295195255,0.05140610549181591,0.2843028103784169,0.35785023552548817,10,0.5402070871078242,0.032346765668450274,0.5170676049005117,0.5633465693151366,10,1.5174861886469484,0.2432843133242127,1.3434510749918418,1.691521302302055,10
"{""dynamic.change_interval"": 10}",sliding_window_ucb,16,1.4425956355200835,0.3023897400752269,1.2262790466572508,1.6589122243829162,10,0.07873364893967702,0.04682891960080584,0.04523425790326783,0.11223303997608622,10,0.115625,0.0714889997365562,0.06448485033625591,0.16676514966374412,10,0.32107652295195255,0.05140610549181591,0.2843028103784169,0.35785023552548817,10,0.5402070871078242,0.032346765668450274,0.5170676049005117,0.5633465693151366,10,1.5174861886469484,0.2432843133242127,1.3434510749918418,1.691521302302055,10
"{""dynamic.change_interval"": 10}",discounted_ucb,16,1.4556396602794581,0.24173233362648583,1.282714766019074,1.6285645545398422,10,0.07615965355379638,0.05217907542541038,0.03883299160014258,0.11348631550745017,10,0.1140625,0.07440811004371618,0.06083414461868726,0.16729085538131272,10,0.3193670520510691,0.05463016556730191,0.28028698583721323,0.3584471182649249,10,0.5998914739993328,0.004538361624719772,0.5966449256692171,0.6031380223294486,10,1.5594689015918917,0.23271548609121548,1.3929942714861072,1.7259435316976761,10
"{""dynamic.change_interval"": 10}",uncertainty_aware,16,0.6763480929331391,0.287160671842183,0.4709257232025821,0.8817704626636962,10,0.0203037517017216,0.0429085908982844,-0.010391205123594576,0.05099870852703778,10,0.1,0.039802027446964164,0.07152734479347674,0.1284726552065233,10,0.25228586956224364,0.0463318975359732,0.21914202669234106,0.2854297124321462,10,0.6002009819108187,0.02466146335118243,0.582559233790772,0.6178427300308654,10,0.7121940296681236,0.2644299925416805,0.5230322083529872,0.90135585098326,10
"{""dynamic.change_interval"": 10}",ucb,17,1.5128596292816767,0.31173288764516516,1.2898593552810205,1.735859903282333,10,0.0702639937615931,0.030764300802107868,0.04825653872490261,0.0922714487982836,10,0.0875,0.05472468973568207,0.0483523152695106,0.12664768473048937,10,0.3011842466918652,0.039853613184505254,0.27267468927174143,0.329693804111989,10,0.5252305475461154,0.0353841153332257,0.4999182762802045,0.5505428188120264,10,1.5790492954161532,0.26929527282866106,1.3864070622481564,1.7716915285841501,10
"{""dynamic.change_interval"": 10}",sliding_window_ucb,17,1.5128596292816767,0.31173288764516516,1.2898593552810205,1.735859903282333,10,0.0702639937615931,0.030764300802107868,0.04825653872490261,0.0922714487982836,10,0.0875,0.05472468973568207,0.0483523152695106,0.12664768473048937,10,0.3011842466918652,0.039853613184505254,0.27267468927174143,0.329693804111989,10,0.5252305475461154,0.0353841153332257,0.4999182762802045,0.5505428188120264,10,1.5790492954161532,0.26929527282866106,1.3864070622481564,1.7716915285841501,10
"{""dynamic.change_interval"": 10}",discounted_ucb,17,1.5139374301779178,0.25547873574754687,1.33117895222774,1.6966959081280957,10,0.05829776989845956,0.03786848795508014,0.031208285520456715,0.0853872542764624,10,0.084375,0.06215180787573457,0.039914275016432785,0.1288357249835672,10,0.2918979690880762,0.05012781019946507,0.2560386938798161,0.3277572442963363,10,0.5912863474674029,0.02671627971594512,0.5721746722702854,0.6103980226645205,10,1.6117457307573075,0.2521514797242944,1.4313674283813547,1.7921240331332604,10
"{""dynamic.change_interval"": 10}",uncertainty_aware,17,0.6777214299518279,0.29082347224368726,0.46967885065879794,0.885764009244858,10,0.00137333701868868,0.004342872974081456,-0.0017333671551506107,0.004480041192527971,10,0.0953125,0.05726798753084775,0.054345449627753915,0.13627955037224607,10,0.24220920923758354,0.04673462095487999,0.20877727538876276,0.2756411430864043,10,0.5883054460712764,0.03145522174494889,0.5658037359666327,0.6108071561759202,10,0.7147820989830467,0.2737666886401836,0.5189412076347317,0.9106229903313616,10
"{""dynamic.change_interval"": 10}",ucb,18,1.5891386521040427,0.3065666202178327,1.3698341031857115,1.8084432010223739,10,0.07627902282236579,0.05440701157678171,0.03735859135672743,0.11519945428800415,10,0.1015625,0.0684058621696026,0.052627894086888255,0.15049710591311175,10,0.29703937421201887,0.08219627389837583,0.23823970203230657,0.35583904639173114,10,0.5000761337191661,0.014950797586972833,0.4893809774152913,0.510771290023041,10,1.667078692759223,0.24485447141204672,1.4919203556724907,1.8422370298459552,10
"{""dynamic.change_interval"": 10}",sliding_window_ucb,18,1.5891386521040427,0.3065666202178327,1.3698341031857115,1.8084432010223739,10,0.07627902282236579,0.05440701157678171,0.03735859135672743,0.11519945428800415,10,0.1015625,0.0684058621696026,0.052627894086888255,0.15049710591311175,10,0.29703937421201887,0.08219627389837583,0.23823970203230657,0.35583904639173114,10,0.5000761337191661,0.014950797586972833,0.4893809774152913,0.510771290023041,10,1.667078692759223,0.24485447141204672,1.4919203556724907,1.8422370298459552,10
"{""dynamic.change_interval"": 10}",discounted_ucb,18,1.5757316638561996,0.24271457215741019,1.402104118479391,1.7493592092330081,10,0.06179423367828155,0.05987445238314124,0.018962630673731447,0.10462583668283165,10,0.09375,0.06629126073623882,0.04632808882565787,0.14117191117434214,10,0.2903494877279257,0.07953239159554658,0.2334554421502824,0.34724353330556895,10,0.5723701807854186,0.019723499700949613,0.5582608390640853,0.5864795225067518,10,1.6930852416162838,0.22994612266755313,1.5285916947608078,1.8575787884717598,10
"{""dynamic.change_interval"": 10}",uncertainty_aware,18,0.7006159792270038,0.29139095408101234,0.49216744788262035,0.9090645105713873,10,0.02289454927517587,0.04306577037355119,-0.007912846973252029,0.053701945523603765,10,0.1015625,0.07663509879980293,0.04674105283246222,0.15638394716753778,10,0.23906098873092985,0.10061304708024034,0.16708675066954992,0.31103522679230977,10,0.6003960538507513,0.02160888321214775,0.584937990014246,0.6158541176872567,10,0.7448331108450272,0.27013029838598823,0.5515935363779196,0.9380726853121348,10
"{""dynamic.change_interval"": 10}",ucb,19,1.652889270520594,0.31112627762393014,1.43032293918787,1.875455601853318,10,0.06375061841655139,0.04348815278679996,0.03264106799183796,0.0948601688412648,10,0.103125,0.07373057653827662,0.050381322890841934,0.15586867710915805,10,0.290937415211787,0.1049554181322852,0.21585683202996295,0.36601799839361104,10,0.5017692379282022,0.02838360939807342,0.4814648269284148,0.5220736489279896,10,1.735400938312435,0.243116932715232,1.5614855615318912,1.9093163150929786,10
"{""dynamic.change_interval"": 10}",sliding_window_ucb,19,1.652889270520594,0.31112627762393014,1.43032293918787,1.875455601853318,10,0.06375061841655139,0.04348815278679996,0.03264106799183796,0.0948601688412648,10,0.103125,0.07373057653827662,0.050381322890841934,0.15586867710915805,10,0.290937415211787,0.1049554181322852,0.21585683202996295,0.36601799839361104,10,0.5017692379282022,0.02838360939807342,0.4814648269284148,0.5220736489279896,10,1.735400938312435,0.243116932715232,1.5614855615318912,1.9093163150929786,10
"{""dynamic.change_interval"": 10}",discounted_ucb,19,1.67665877484629,0.2784029182745502,1.4775013246112831,1.8758162250812969,10,0.10092711099009022,0.06761127513562122,0.05256091839914584,0.1492933035810346,10,0.125,0.08300717422140222,0.06562024467414261,0.18437975532585738,10,0.3269617638965821,0.060387041566324934,0.28376347667990665,0.37016005111325756,10,0.5868700671526588,0.02516119053933522,0.5688708357374568,0.6048692985678608,10,1.797431835854291,0.26891688184274115,1.6050602872912356,1.9898033844173462,10
"{""dynamic.change_interval"": 10}",uncertainty_aware,19,0.7205508721764508,0.28333239769819635,0.5178670847928112,0.9232346595600903,10,0.019934892949446992,0.04256470734240014,-0.010514064399311553,0.05038385029820554,10,0.10625,0.06496860887296949,0.059774256970265935,0.15272574302973407,10,0.24874949779667305,0.06412260721538447,0.20287894789517,0.29462004769817607,10,0.5816570974807611,0.03627199773888569,0.5557096734042558,0.6076045215572664,10,0.7709674389831254,0.26806677929986333,0.579204017144916,0.9627308608213347,10
"{""dynamic.change_interval"": 10}",ucb,20,1.762500148751505,0.34284260495354524,1.5172453236309542,2.007754973872056,10,0.10961087823091083,0.0761642465970822,0.05512625843828915,0.16409549802353252,10,0.040625,0.07802076379614169,-0.015187692192055013,0.09643769219205502,10,0.1957475845276527,0.1159326879643187,0.11281433556258601,0.2786808334927194,10,0.4898219966575025,0.028609660946905605,0.46935587812114865,0.5102881151938563,10,1.8423644668237564,0.2544705579439894,1.6603271958278176,2.0244017378196952,10
"{""dynamic.change_interval"": 10}",sliding_window_ucb,20,1.762500148751505,0.34284260495354524,1.5172453236309542,2.007754973872056,10,0.10961087823091083,0.0761642465970822,0.05512625843828915,0.16409549802353252,10,0.040625,0.07802076379614169,-0.015187692192055013,0.09643769219205502,10,0.1957475845276527,0.1159326879643187,0.11281433556258601,0.2786808334927194,10,0.4898219966575025,0.028609660946905605,0.46935587812114865,0.5102881151938563,10,1.8423644668237564,0.2544705579439894,1.6603271958278176,2.0244017378196952,10
"{""dynamic.change_interval"": 10}",discounted_ucb,20,1.787625033842404,0.30152841419240484,1.5719246003981546,2.003325467286653,10,0.11096625899611405,0.07612685674013889,0.05650838629587069,0.16542413169635742,10,0.040625,0.07802076379614169,-0.015187692192055013,0.09643769219205502,10,0.19599608521033676,0.1156871092607336,0.11323851266684333,0.2787536577538302,10,0.5582692972463323,0.023416227710148625,0.541518337041682,0.5750202574509827,10,1.9046438650482969,0.2793439716984012,1.704813225747634,2.1044745043489597,10
"{""dynamic.change_interval"": 10}",uncertainty_aware,20,0.7292373790578524,0.28599771653549383,0.5246469374372912,0.9338278206784135,10,0.00868650688140141,0.027469146655954575,-0.01096373688054221,0.02833675064334503,10,0.021875,0.04114253678777396,-0.007556597821013436,0.05130659782101343,10,0.10316132829966247,0.10953311425394802,0.02480605858369088,0.18151659801563408,10,0.5725318640942129,0.03038562718283167,0.5507952958461872,0.5942684323422385,10,0.7853447112664568,0.27797959560441093,0.5864900878269954,0.9841993347059181,10
"{""dynamic.change_interval"": 10}",ucb,21,1.8247271244357197,0.32602737870574044,1.5915011875372924,2.057953061334147,10,0.06222697568421507,0.05395903726216447,0.023627005738243542,0.1008269456301866,10,0.0359375,0.059406972385870296,-0.006559687960090932,0.07843468796009093,10,0.17752232825737102,0.10933730241688712,0.0993071338913152,0.25573752262342686,10,0.48602031916935395,0.029138954046979686,0.46517556715857017,0.5068650711801378,10,1.9251278807595842,0.2499561162832258,1.746320046782354,2.1039357147368145,10
"{""dynamic.change_interval"": 10}",sliding_window_ucb,21,1.8247271244357197,0.32602737870574044,1.5915011875372924,2.057953061334147,10,0.06222697568421507,0.05395903726216447,0.023627005738243542,0.1008269456301866,10,0.0359375,0.059406972385870296,-0.006559687960090932,0.07843468796009093,10,0.17752232825737102,0.10933730241688712,0.0993071338913152,0.25573752262342686,10,0.48602031916935395,0.029138954046979686,0.46517556715857017,0.5068650711801378,10,1.9251278807595842,0.2499561162832258,1.746320046782354,2.1039357147368145,10
"{""dynamic.change_interval"": 10}",discounted_ucb,21,1.830394479821096,0.2942956885862074,1.6198680265883587,2.0409209330538336,10,0.04276944597869211,0.03850555870001597,0.015224228643696276,0.07031466331368794,10,0.028125,0.05837052385884125,-0.013630757348579253,0.06988075734857925,10,0.14377802018899183,0.11695658986669344,0.060112315927006776,0.22744372445097688,10,0.5574916402708877,0.029911361817999898,0.5360943410268655,0.5788889395149099,10,1.9536629709157456,0.27994411482586645,1.7534030150842692,2.153922926747222,10
"{""dynamic.change_interval"": 10}",uncertainty_aware,21,0.8212215950395991,0.30103436980338466,0.6058745796609001,1.036568610418298,10,0.09198421598174693,0.09385791742602176,0.024842306569358902,0.15912612539413495,10,0.040625,0.05619209983025491,0.00042759332444092246,0.08082240667555908,10,0.18786545514359337,0.09858190418642944,0.11734420917835023,0.25838670110883655,10,1.0,0.0,1.0,1.0,10,0.8784512520885069,0.30038767344749834,0.6635668554140687,1.093335648762945,10
"{""dynamic.change_interval"": 10}",ucb,22,1.8703982737862646,0.3311832206364504,1.6334840697565196,2.1073124778160093,10,0.045671149350544844,0.038357745489236525,0.018231671216676397,0.0731106274844133,10,0.0171875,0.02987422999937497,-0.004183236741136926,0.038558236741136925,10,0.14387454350704787,0.09709306166560068,0.07441835132100866,0.21333073569308708,10,0.4754541848663851,0.0280225914117866,0.455408030576274,0.49550033915649616,10,1.99359061097236,0.2623564141818872,1.8059121382570098,2.1812690836877104,10
"{""dynamic.change_interval"": 10}",sliding_window_ucb,22,1.8703982737862646,0.3311832206364504,1.6334840697565196,2.1073124778160093,10,0.045671149350544844,0.038357745489236525,0.018231671216676397,0.0731106274844133,10,0.0171875,0.02987422999937497,-0.004183236741136926,0.038558236741136925,10,0.14387454350704787,0.09709306166560068,0.07441835132100866,0.21333073569308708,10,0.4754541848663851,0.0280225914117866,0.455408030576274,0.49550033915649616,10,1.99359061097236,0.2623564141818872,1.8059121382570098,2.1812690836877104,10
"{""dynamic.change_interval"": 10}",discounted_ucb,22,1.8921727057799664,0.29415230717572893,1.6817488214294052,2.1025965901305277,10,0.06177822595887037,0.06352958313797864,0.016331899926556953,0.10722455199118379,10,0.0140625,0.024923929404177914,-0.0037670050236445225,0.031892005023644525,10,0.15580462599824588,0.09920129630175074,0.08484029360579291,0.22676895839069883,10,0.5427742767529267,0.022431883380481948,0.5267274740623739,0.5588210794434795,10,2.0340557836197193,0.27640039035266306,1.8363308555630689,2.23178071167637,10
"{""dynamic.change_interval"": 10}",uncertainty_aware,22,0.9007042092551893,0.29368341077097987,0.6906157531859585,1.1107926653244202,10,0.07948261421558997,0.06687713535515728,0.03164159358656123,0.1273236348446187,10,0.01875,0.02927806108865666,-0.002194263193719039,0.039694263193719034,10,0.1800261264255456,0.09220536053778314,0.11406638499569768,0.24598586785539353,10,1.0,0.0,1.0,1.0,10,0.9830655652197805,0.2996112117756367,0.7687366157645438,1.1973945146750173,10
"{""dynamic.change_interval"": 10}",ucb,23,1.9591565149643777,0.3345760714854416,1.7198152116488186,2.198497818279937,10,0.08875824117811264,0.051739093260394144,0.051746323504714906,0.12577015885151038,10,0.0296875,0.039972049696562276,0.001093218203055045,0.05828178179694495,10,0.18048381561898466,0.09594011947557417,0.11185238859078625,0.24911524264718307,10,0.4561775603623328,0.02623520953687193,0.43741002204008034,0.4749450986845853,10,2.071298885885759,0.2552666880346719,1.8886920977313855,2.2539056740401326,10
"{""dynamic.change_interval"": 10}",sliding_window_ucb,23,1.9591565149643777,0.3345760714854416,1.7198152116488186,2.198497818279937,10,0.08875824117811264,0.051739093260394144,0.051746323504714906,0.12577015885151038,10,0.0296875,0.039972049696562276,0.001093218203055045,0.05828178179694495,10,0.18048381561898466,0.09594011947557417,0.11185238859078625,0.24911524264718307,10,0.4561775603623328,0.02623520953687193,0.43741002204008034,0.4749450986845853,10,2.071298885885759,0.2552666880346719,1.8886920977313855,2.2539056740401326,10
"{""dynamic.change_interval"": 10}",discounted_ucb,23,1.9695705788364333,0.3242276848451618,1.7376320653698358,2.2015090923030307,10,0.07739787305646671,0.036856049600154164,0.05103264344754763,0.1037631026653858,10,0.0234375,0.03914920931867945,-0.004568157250100419,0.051443157250100416,10,0.16980024907893407,0.09649754672856625,0.10077006261572165,0.2388304355421465,10,0.5547392422823162,0.03860438499720616,0.5271233288731321,0.5823551556915003,10,2.101080491993068,0.30067702829103815,1.8859891033330225,2.3161718806531137,10
"{""dynamic.change_interval"": 10}",uncertainty_aware,23,0.9956046535546234,0.2907056062372055,0.7876463905233113,1.2035629165859354,10,0.09490044429943409,0.05718849208639999,0.05399026154236832,0.13581062705649985,10,0.021875,0.03142313151874658,-0.0006037541397152409,0.044353754139715235,10,0.18281069592169744,0.09233566342907548,0.11675774141869329,0.2488636504247016,10,1.0,0.0,1.0,1.0,10,1.0631007204358927,0.28911208493678436,0.8562823938716764,1.269919047000109,10
"{""dynamic.change_interval"": 10}",ucb,24,2.029072074692719,0.37312886562684683,1.7621517638429587,2.295992385542479,10,0.06991555972834088,0.06452899544082899,0.023754297203253755,0.116076822253428,10,0.0140625,0.020104436526686233,-0.0003193475103692323,0.028444347510369235,10,0.1630297248030473,0.08763277046051367,0.10034101726322786,0.22571843234286676,10,0.45782127965031494,0.014959343799552676,0.4471200097542511,0.4685225495463788,10,2.148188377977651,0.27387008292823,1.9522735228113424,2.3441032331439597,10
"{""dynamic.change_interval"": 10}",sliding_window_ucb,24,2.029072074692719,0.37312886562684683,1.7621517638429587,2.295992385542479,10,0.06991555972834088,0.06452899544082899,0.023754297203253755,0.116076822253428,10,0.0140625,0.020104436526686233,-0.0003193475103692323,0.028444347510369235,10,0.1630297248030473,0.08763277046051367,0.10034101726322786,0.22571843234286676,10,0.45782127965031494,0.014959343799552676,0.4471200097542511,0.4685225495463788,10,2.148188377977651,0.27387008292823,1.9522735228113424,2.3441032331439597,10
"{""dynamic.change_interval"": 10}",discounted_ucb,24,2.0527811163191774,0.35644263464479603,1.7977974160373438,2.307764816601011,10,0.08321053748274441,0.05071569504277887,0.04693071479189393,0.1194903601735949,10,0.025,0.03142313151874658,0.002521245860284762,0.04747875413971524,10,0.18477565473849242,0.09542516515227274,0.11651260384173623,0.2530387056352486,10,0.5495296582787963,0.030381639850871358,0.527795942396225,0.5712633741613676,10,2.1997159140204046,0.33172206650244895,1.9624162428791543,2.437015585161655,10
"{""dynamic.change_interval"": 10}",uncertainty_aware,24,1.022510371139947,0.324753041813342,0.7901960399380527,1.2548247023418413,10,0.02690571758532357,0.05837146383590802,-0.014850712182341873,0.068662147352989,10,0.0203125,0.022158382693940257,0.00446134791435732,0.03616365208564268,10,0.11737781168006856,0.10048145633274048,0.04549770796867683,0.18925791539146028,10,0.5303814429592171,0.0034827672343219723,0.5278900213661949,0.5328728645522393,10,1.0943382994048059,0.33790709729457424,0.8526141237726583,1.3360624750369534,10
"{""dynamic.change_interval"": 10}",ucb,25,2.121124241419124,0.3653990933636922,1.8597334765395284,2.3825150062987195,10,0.0920521667264054,0.09151041981478349,0.026589555942007806,0.157514777510803,10,0.021875,0.03227486121839514,-0.0012130448623942115,0.044963044862394205,10,0.17531390209320072,0.08894068065193593,0.11168957196553482,0.23893823222086663,10,0.4590910849889821,0.026326624030454382,0.44025815267743795,0.47792401730052625,10,2.2436164968691115,0.2753733342878644,2.046626280461252,2.440606713276971,10
"{""dynamic.change_interval"": 10}",sliding_window_ucb,25,2.131748898344031,0.3866272611483406,1.8551724170382082,2.4083253796498543,10,0.10267682365131223,0.08463103690152982,0.04213542694284883,0.16321822035977562,10,0.028125,0.03277527650531724,0.004678979606243926,0.05157102039375608,10,0.18593855901810757,0.10229363669456627,0.11276209956998733,0.2591150184662278,10,0.4925152457420722,0.029067299143419725,0.471721752561398,0.5133087389227465,10,2.254241153794019,0.29967207996465656,2.0398686618594115,2.468613645728626,10
"{""dynamic.change_interval"": 10}",discounted_ucb,25,2.1211642773478996,0.37841184699994146,1.8504647492886883,2.3918638054071106,10,0.06838316102872187,0.037029348896917245,0.0418939605710604,0.09487236148638334,10,0.0125,0.02057126839388698,-0.0022157989105067166,0.027215798910506718,10,0.1607150558879099,0.08706919520173241,0.09842950580150378,0.22300060597431604,10,0.532226564668901,0.03012332195960825,0.510677638273785,0.5537754910640169,10,2.2805451867065742,0.347546646242404,2.031925293163984,2.5291650802491645,10
"{""dynamic.change_interval"": 10}",uncertainty_aware,25,1.0376891247579594,0.3243949774761934,0.8056309373524324,1.2697473121634864,10,0.01517875361801252,0.03200417896483793,-0.007715656824971058,0.0380731640609961,10,0.0171875,0.024923929404177914,-0.0006420050236445214,0.03501700502364452,10,0.10731902228672266,0.10077315049752357,0.03523025314011685,0.17940779143332847,10,0.5279912568391655,0.0033166247943090597,0.5256186863879844,0.5303638272903466,10,1.1217715384897882,0.3402540949779904,0.8783684218564701,1.365174655123106,10
"{""dynamic.change_interval"": 10}",ucb,26,2.183092883269001,0.35011451807178134,1.9326360448795725,2.433549721658429,10,0.06196864184987709,0.03935866537363517,0.03381314876436302,0.09012413493539116,10,0.0234375,0.04614595090278476,-0.009573324661705948,0.05644832466170595,10,0.1566189005758598,0.09965481964774275,0.08533013712582452,0.2279076640258951,10,0.44235844932529317,0.02646917119416454,0.42342354491575995,0.4612933537348264,10,2.314476131848373,0.26169942204149843,2.12726764299783,2.5016846206989163,10
"{""dynamic.change_interval"": 10}",sliding_window_ucb,26,2.174955794874721,0.3916015675150925,1.8948209091569403,2.4550906805925017,10,0.04320689653069064,0.049639730215577355,0.0076967727095793095,0.07871702035180198,10,0.01875,0.03517071461694611,-0.0064096135897774575,0.043909613589777456,10,0.15876405163037505,0.09973609577927244,0.08741714673835797,0.2301109565223921,10,0.46785695125259624,0.023371126761978885,0.45113825432268573,0.48457564818250676,10,2.327245939827795,0.3057655690221821,2.1085144284143227,2.5459774512412676,10
"{""dynamic.change_interval"": 10}",discounted_ucb,26,2.2325708832146085,0.3650293911626487,1.9714445873576887,2.4936971790715283,10,0.11140660586670839,0.06344174047420159,0.06602311869056829,0.1567900930428485,10,0.03125,0.04658474953124562,-0.0020747222909136415,0.06457472229091364,10,0.19692923443263788,0.09708832462000828,0.12747643092487718,0.2663820379403986,10,0.533975102419776,0.03769979180260538,0.5070062959994596,0.5609439088400924,10,2.3917151555426144,0.3294950104147778,2.156008624353703,2.627421686731526,10
"{""dynamic.change_interval"": 10}",uncertainty_aware,26,1.055175257222593,0.3390695405804717,0.8126195197580589,1.2977309946871272,10,0.01748613246463341,0.0370316443427604,-0.009004710056064288,0.04397697498533111,10,0.0234375,0.038450060052691144,-0.004068015994359006,0.050943015994359006,10,0.11335970721499622,0.09614609664615223,0.04458093299534885,0.1821384814346436,10,0.5224388431684857,0.01358811589290048,0.5127184906251294,0.5321591957118419,10,1.149371980108186,0.3666555241405298,0.8870824187954836,1.4116615414208886,10
"{""dynamic.change_interval"": 10}",ucb,27,2.256635046969044,0.38991962484189596,1.977703350558011,2.535566743380077,10,0.07354216370004282,0.06293302212000557,0.028522591711779878,0.11856173568830577,10,0.0125,0.017738944131173332,-0.00018967618917617793,0.02518967618917618,10,0.15584885878992644,0.07826225340886549,0.099863415335685,0.21183430224416788,10,0.43398097449649287,0.019978214538347742,0.41968942075716914,0.4482725282358166,10,2.3733150085445667,0.28565125425788684,2.168972411106956,2.577657605982177,10
"{""dynamic.change_interval"": 10}",sliding_window_ucb,27,2.2565036337571,0.4277791228658067,1.9504888839774106,2.5625183835367897,10,0.0815478388823791,0.058064855782814846,0.04001074330292549,0.1230849344618327,10,0.0109375,0.016552342272990316,-0.0009033323552663612,0.02277833235526636,10,0.16198293507010278,0.08523599995449646,0.10100877386383189,0.22295709627637367,10,0.45600112635693807,0.025546666569731476,0.4377261420012992,0.4742761107125769,10,2.3922188928041654,0.32941440776972186,2.1565700212740357,2.627867764334295,10
"{""dynamic.change_interval"": 10}",discounted_ucb,27,2.3213876515493985,0.3854411463964263,2.0456596656226522,2.597115637476145,10,0.08881676833479066,0.05748535417645488,0.047694223231478,0.12993931343810333,10,0.01875,0.02185018433687816,0.0031193197374959486,0.03438068026250405,10,0.17503266654295904,0.0838494155642097,0.11505040805601544,0.23501492502990265,10,0.5360369090037731,0.029545732819617324,0.5149011649887735,0.5571726530187727,10,2.469737839991841,0.34093874902807,2.2258449513555854,2.7136307286280963,10
"{""dynamic.change_interval"": 10}",uncertainty_aware,27,1.0693066099575952,0.3272661401433008,0.835194516509937,1.3034187034052533,10,0.014131352735002278,0.029862185785405965,-0.00723076809449472,0.03549347356449928,10,0.0109375,0.019557274328665195,-0.0030529312533191244,0.024927931253319123,10,0.08937375880417757,0.0922337993472323,0.023393673475592097,0.15535384413276304,10,0.5262845367256053,0.010564786384480752,0.5187269438251754,0.5338421296260352,10,1.141735756818631,0.32819600932992415,0.9069584750266562,1.376513038610606,10
"{""dynamic.change_interval"": 10}",ucb,28,2.35160776133658,0.3818694269780627,2.0784348295620125,2.6247806931111475,10,0.09497271436753671,0.07550349221138565,0.04096076978788514,0.14898465894718826,10,0.009375,0.013176156917368247,-5.06548452254129e-05,0.01880065484522541,10,0.15923609218274012,0.08294899396449602,0.09989795650545276,0.2185742278600275,10,0.431511022267975,0.021148896468827692,0.4163820131249667,0.4466400314109833,10,2.4749390535385154,0.2690274243950355,2.2824884275972708,2.66738967947976,10
"{""dynamic.change_interval"": 10}",sliding_window_ucb,28,2.327052703642503,0.4237676550216807,2.0239075850882595,2.6301978221967466,10,0.0705490698854025,0.06667207186287784,0.022854742841741937,0.11824339692906305,10,0.009375,0.013176156917368247,-5.06548452254129e-05,0.01880065484522541,10,0.14432679926027664,0.08631726510756295,0.08257914755955512,0.20607445096099816,10,0.46219488312479784,0.0268385864837412,0.44299571493668827,0.4813940513129074,10,2.47893364487565,0.3175323706088878,2.251784670685733,2.7060826190655667,10
"{""dynamic.change_interval"": 10}",discounted_ucb,28,2.399563702451805,0.4198767901941049,2.0992019409222347,2.699925463981375,10,0.0781760509024061,0.05506496779517965,0.03878494591209881,0.11756715589271341,10,0.0140625,0.021411254990723404,-0.001254189123491298,0.0293791891234913,10,0.1628143357932969,0.08822544925019905,0.09970165138824319,0.22592702019835062,10,0.5304759204456116,0.026722615820180397,0.5113597126725723,0.549592128218651,10,2.574940128596346,0.3650587889377245,2.313792802838005,2.836087454354687,10
"{""dynamic.change_interval"": 10}",uncertainty_aware,28,1.0774761191453563,0.33029733252959026,0.8411956412907868,1.3137565969999259,10,0.00816950918776123,0.025834256398997658,-0.010311204538335209,0.02665022291385767,10,0.0078125,0.01518477055949297,-0.0030500304855817263,0.018675030485581726,10,0.07341419654751402,0.07801737045222917,0.017603931807461226,0.12922446128756682,10,0.5177488867027852,0.01665913660368864,0.5058316582855333,0.529666115120037,10,1.1575379061773532,0.3334070443054746,0.9190328745282715,1.396042937826435,10
"{""dynamic.change_interval"": 10}",ucb,29,2.4558329731395077,0.36996137431889486,2.191178549071549,2.7204873972074664,10,0.10422521180292676,0.06903450563773857,0.05484090144347949,0.15360952216237406,10,0.015625,0.01647019614671031,0.0038429314434682317,0.02740706855653177,10,0.18585414518155696,0.08111694162447175,0.12782658079783807,0.24388170956527586,10,0.42171205260190686,0.01664727880061333,0.4098033067459748,0.4336207984578389,10,2.5769511278915567,0.25467251450206174,2.3947693858770913,2.759132869906022,10
"{""dynamic.change_interval"": 10}",sliding_window_ucb,29,2.416407842377138,0.3973004032582231,2.1321962551544154,2.7006194295998602,10,0.08935513873463452,0.08085601930731486,0.03151422693242028,0.14719605053684875,10,0.0171875,0.024923929404177914,-0.0006420050236445214,0.03501700502364452,10,0.16523635928965677,0.09515475873238005,0.0971667454927944,0.23330597308651913,10,0.4722305547270791,0.030744095998958523,0.45023755333585563,0.49422355611830254,10,2.560327933336791,0.30047810203253855,2.3453788479495454,2.7752770187240365,10
"{""dynamic.change_interval"": 10}",discounted_ucb,29,2.5011044116164496,0.42069863283322334,2.20015473927935,2.802054083953549,10,0.10154070916464497,0.07471429954832855,0.04809331900666663,0.1549880993226233,10,0.0203125,0.026608416196760003,0.0012779857162357328,0.03934701428376427,10,0.1752096962534027,0.10244404150628568,0.1019256436845251,0.2484937488222803,10,0.5247464144326535,0.02531671418383349,0.5066359281043152,0.5428569007609917,10,2.6663077540212328,0.3604987352725551,2.4084224941439483,2.9241930138985173,10
"{""dynamic.change_interval"": 10}",uncertainty_aware,29,1.0859033665994982,0.3354616452094655,0.8459285620046967,1.3258781711942995,10,0.00842724745414198,0.026649296360944028,-0.01063651073738927,0.02749100564567323,10,0.0171875,0.027013130166437374,-0.0021365292169229326,0.03651152921692294,10,0.09462430849992906,0.09142644670696944,0.029221768458123548,0.16002684854173457,10,0.5020103484930106,0.05457665559118436,0.46296856101010975,0.5410521359759115,10,1.1683201438487667,0.3489447624415317,0.9187000982277562,1.4179401894697772,10
"{""dynamic.change_interval"": 10}",ucb,30,2.53410388844324,0.35792460449630664,2.2780600507936617,2.790147726092818,10,0.0782709153037324,0.04041197443224285,0.04936193030900325,0.10717990029846154,10,0.115625,0.06038073644245599,0.07243122319722728,0.15881877680277273,10,0.32040596049799475,0.04156781376263966,0.2906701378560533,0.3501417831399362,10,0.42670254679130953,0.02270347160999689,0.41046146158518804,0.44294363199743103,10,2.658484590347152,0.2610747044417237,2.4717229975459003,2.845246183148404,10
"{""dynamic.change_interval"": 10}",sliding_window_ucb,30,2.4828485540186973,0.400923480175924,2.196045173701971,2.769651934335424,10,0.06644071164155979,0.04675823635605732,0.032991884352419114,0.09988953893070046,10,0.1140625,0.05105760805480196,0.07753808747475152,0.15058691252524847,10,0.3189531939426514,0.03674354046570725,0.2926684485200457,0.34523793936525715,10,0.47479574447094774,0.02701250284536041,0.45547216401248947,0.494119324929406,10,2.6404086292370437,0.3073767306066691,2.4205245622574454,2.860292696216642,10
"{""dynamic.change_interval"": 10}",discounted_ucb,30,2.548526033524994,0.43447390067215674,2.2377221282074746,2.8593299388425137,10,0.04742162190854392,0.03990422421874408,0.01887585953555817,0.07596738428152966,10,0.0828125,0.04169920604426687,0.05298268498200297,0.11264231501799703,10,0.29782183478744273,0.0290960731555723,0.2770077579184621,0.31863591165642335,10,0.5201311515184982,0.021441280075967534,0.5047929837429246,0.5354693192940718,10,2.7252570907662763,0.35675417844138907,2.4700505254780323,2.9804636560545203,10
"{""dynamic.change_interval"": 10}",uncertainty_aware,30,1.0859033665994982,0.3354616452094655,0.8459285620046967,1.3258781711942995,10,0.0,0.0,0.0,0.0,10,0.0921875,0.06927279132571139,0.04263273032806319,0.14174226967193682,10,0.23306252117046533,0.04764056974072153,0.19898251060122105,0.26714253173970964,10,0.5048866432604646,0.05701205548225594,0.4641026756466424,0.5456706108742868,10,1.162510166976833,0.3520717855549626,0.9106531837764446,1.4143671501772213,10
"{""dynamic.change_interval"": 10}",ucb,31,2.600161887022529,0.39845929782832124,2.3151212765657747,2.8852024974792836,10,0.06605799857928922,0.051333865657014595,0.029335963270466156,0.10278003388811228,10,0.0984375,0.06252169762259428,0.0537121718315624,0.1431628281684376,10,0.2938497711615117,0.07937558809117047,0.23706789605360704,0.35063164626941634,10,0.41657007070522034,0.027388490250394658,0.3969775250600062,0.43616261635043446,10,2.7406262508143984,0.28604772794485994,2.536000033186769,2.945252468442028,10
"{""dynamic.change_interval"": 10}",sliding_window_ucb,31,2.561764107516553,0.40863770408967603,2.2694423038487836,2.8540859111843226,10,0.07891555349785564,0.049799824343919996,0.04329090523642622,0.11454020175928506,10,0.103125,0.0369754986443726,0.07667432169238556,0.12957567830761443,10,0.31083351431802997,0.025874142654566463,0.29232426768355835,0.3293427609525016,10,0.45578777854650776,0.022670690888964156,0.4395701432555603,0.4720054138374552,10,2.7395340328608087,0.31539677049206305,2.513912774962892,2.9651552907587253,10
"{""dynamic.change_interval"": 10}",discounted_ucb,31,2.6386178603543424,0.4256282607962772,2.3341417446099193,2.9430939760987656,10,0.09009182682934828,0.0743183165453305,0.0369277058472186,0.14325594781147796,10,0.103125,0.049520268016686304,0.06770033428786992,0.13854966571213007,10,0.3118129774443652,0.035186649096476175,0.2866419650146126,0.3369839898741178,10,0.5173288561011157,0.027775280565663963,0.4974596173327042,0.5371980948695271,10,2.825361957516376,0.3566309861684686,2.57024351867133,3.080480396361422,10
"{""dynamic.change_interval"": 10}",uncertainty_aware,31,1.1557912674612258,0.32631356228874253,0.9223606071603175,1.3892219277621343,10,0.06988790086172733,0.07855704173518002,0.013691578542452051,0.1260842231810026,10,0.1015625,0.06217362701204855,0.05708616654658787,0.14603883345341212,10,0.2903467942562791,0.04615454560579541,0.2573298213144195,0.32336376719813864,10,1.0,0.0,1.0,1.0,10,1.2411488505388464,0.3354336371096794,1.0011940817316505,1.4811036193460423,10
"{""dynamic.change_interval"": 10}",ucb,32,2.6734128469522522,0.4065427452251561,2.3825896865759786,2.964236007328526,10,0.0732509599297231,0.03567920593668787,0.04772759356273325,0.09877432629671294,10,0.0890625,0.06252169762259427,0.04433717183156241,0.1337878281684376,10,0.2952950288397548,0.04595096983560483,0.26242368523099296,0.3281663724485166,10,0.4129155571067331,0.017143870947163336,0.40065157062930695,0.42517954358415927,10,2.811257677527829,0.27058901483988557,2.6176899570775354,3.0048253979781223,10
"{""dynamic.change_interval"": 10}",sliding_window_ucb,32,2.636215254099139,0.4158985300759824,2.3386993684188857,2.9337311397793924,10,0.07445114658258604,0.035407679763781,0.04912201833854171,0.09978027482663038,10,0.0859375,0.0339541791937638,0.06164814342657546,0.11022685657342454,10,0.3011837548326237,0.024013008579293622,0.28400588331186877,0.31836162635337867,10,0.47095382963652616,0.022563541580265807,0.4548128443435279,0.4870948149295244,10,2.8160541855671077,0.3000882223816333,2.6013840032806415,3.030724367853574,10
"{""dynamic.change_interval"": 10}",discounted_ucb,32,2.7083602210369646,0.43136522964579144,2.3997801250066013,3.016940317067328,10,0.06974236068262238,0.029600793121662448,0.048567228900309,0.09091749246493576,10,0.0828125,0.05514442055236011,0.04336455793114384,0.12226044206885615,10,0.29800056362563043,0.03951982022992878,0.26972978730073316,0.3262713399505277,10,0.5203047491615711,0.029417427538048845,0.4992607892158163,0.5413487091073259,10,2.8986989190156818,0.34439969786627844,2.6523302167267415,3.145067621304622,10
"{""dynamic.change_interval"": 10}",uncertainty_aware,32,1.2248304707885995,0.3298414971467836,0.9888760779231145,1.4607848636540846,10,0.06903920332737398,0.02795193377389705,0.049043594466488004,0.08903481218825995,10,0.09375,0.05892556509887896,0.051597190067251435,0.13590280993274856,10,0.3054310893424812,0.04140236088781361,0.2758136245571622,0.3350485541278002,10,1.0,0.0,1.0,1.0,10,1.3219163377550036,0.3378985184670658,1.0801982990463594,1.5636343764636478,10
"{""dynamic.change_interval"": 10}",ucb,33,2.7494253749178243,0.43004567680602007,2.441789230124208,3.0570615197114406,10,0.07601252796557194,0.04736368160674629,0.042130591235153066,0.10989446469599082,10,0.09375,0.06336210969060645,0.04842347725483396,0.13907652274516605,10,0.3052655026834412,0.04452485055230528,0.2734143433527509,0.33711666201413154,10,0.4035822410028832,0.020453826633565743,0.38895045486667373,0.41821402713909267,10,2.90078034070455,0.30649008221887036,2.681530543772347,3.120030137636753,10
"{""dynamic.change_interval"": 10}",sliding_window_ucb,33,2.7073015705041974,0.42609978164412543,2.402488149064949,3.012114991943446,10,0.07108631640505862,0.04859583940226254,0.03632294708634983,0.1058496857237674,10,0.0859375,0.056216232148236726,0.04572283010411512,0.12615216989588487,10,0.2852546065600793,0.050909792763711575,0.248835934724123,0.3216732783960356,10,0.474050708020456,0.021229806473136614,0.4588638193471018,0.48923759669381023,10,2.8855659526204667,0.32969136131993754,2.6497189604555524,3.121412944785381,10
"{""dynamic.change_interval"": 10}",discounted_ucb,33,2.7856621140861786,0.4458850410913334,2.4666951706645985,3.1046290575077586,10,0.07730189304921373,0.044481512026100525,0.045481736232539316,0.10912204986588814,10,0.0859375,0.05717317291692747,0.0450382759166104,0.12683672408338958,10,0.29981175560239637,0.03965565724421768,0.2714438073312387,0.32817970387355405,10,0.5111915504807009,0.017867028167800034,0.4984102484913769,0.5239728524700248,10,2.9827678351113582,0.3589470492202529,2.7259925845675137,3.2395430856552028,10
"{""dynamic.change_interval"": 10}",uncertainty_aware,33,1.3116843311995923,0.3472690018802014,1.0632630524689124,1.5601056099302721,10,0.08685386041099229,0.06175637402170396,0.04267601176576744,0.13103170905621714,10,0.09375,0.06669921080659218,0.04603625892553217,0.14146374107446782,10,0.30703924261694104,0.04745409086812534,0.27309263099702935,0.34098585423685274,10,1.0,0.0,1.0,1.0,10,1.4132127408652242,0.3427605998202016,1.1680165786831371,1.6584089030473113,10
"{""dynamic.change_interval"": 10}",ucb,34,2.828567242811702,0.42161759404484106,2.5269601852255366,3.1301743003978673,10,0.07914186789387724,0.04478768200263154,0.04710269027008508,0.1111810455176694,10,0.10625,0.06979943986562898,0.056318488658004456,0.15618151134199554,10,0.3136945984524101,0.04965200423468515,0.27817569432696576,0.34921350257785444,10,0.40756749729203773,0.024111549889004418,0.39031913356485604,0.4248158610192194,10,2.9836429719078823,0.30915447854927636,2.7624871806604334,3.204798763155331,10
"{""dynamic.change_interval"": 10}",sliding_window_ucb,34,2.771026751930807,0.4060332222669572,2.4805680823214407,3.0614854215401732,10,0.06372518142660899,0.040822023609305744,0.03452286492127306,0.09292749793194492,10,0.103125,0.05270462766947299,0.06542238061909834,0.14082761938090166,10,0.3100005760091703,0.03644233180279487,0.2839313022837225,0.3360698497346181,10,0.46198153531436753,0.024177970877832546,0.44468565687412503,0.47927741375461,10,2.964734561380559,0.32724528961361965,2.7306373835033018,3.198831739257816,10
"{""dynamic.change_interval"": 10}",discounted_ucb,34,2.872123137545355,0.4588943954023078,2.54384986267497,3.20039641241574,10,0.08646102345917628,0.05813222439201133,0.04487573527988714,0.12804631163846542,10,0.1109375,0.06606581446011074,0.06367686337621543,0.15819813662378457,10,0.31651742370072444,0.04816740215704019,0.2820605399241681,0.3509743074772808,10,0.5079787733238884,0.0227007860969975,0.49173960921803717,0.5242179374297397,10,3.068453291563005,0.37006257527665015,2.8037264726910234,3.333180110434987,10
"{""dynamic.change_interval"": 10}",uncertainty_aware,34,1.3186412193764459,0.3443736786692779,1.0722911300997684,1.5649913086531233,10,0.006956888176853771,0.01624685046988596,-0.004665408507339059,0.0185791848610466,10,0.0984375,0.0650729091630645,0.05188714503744987,0.14498785496255012,10,0.24464503897240847,0.05163522826121573,0.2077074218434635,0.28158265610135347,10,0.590609143709327,0.023526335492053175,0.5737794171424883,0.6074388702761658,10,1.4270258125885547,0.3208710821346736,1.197488468051564,1.6565631571255452,10
"{""dynamic.change_interval"": 10}",ucb,35,2.9109948499294065,0.3966767019018859,2.6272294317792144,3.1947602680795986,10,0.08242760711770517,0.0688377785628978,0.03318402682984012,0.1316711874055702,10,0.09375,0.06588078458684124,0.04662172577387293,0.1408782742261271,10,0.2902783827785557,0.08066044209597527,0.2325773784851272,0.3479793870719842,10,0.39722340525829275,0.015426314315535107,0.3861880847787279,0.4082587257378576,10,3.067605402896636,0.29734912698358573,2.854894651419324,3.280316154373948,10
"{""dynamic.change_interval"": 10}",sliding_window_ucb,35,2.8379754161880753,0.42957998037765605,2.5306724105505833,3.145278421825567,10,0.06694866425726873,0.051553527323460455,0.030069492458372704,0.10382783605616475,10,0.084375,0.05472468973568207,0.04522731526951061,0.1235226847304894,10,0.28473206353464564,0.07339551139309267,0.2322280775910509,0.3372360494782404,10,0.46838863989265744,0.026509187142492317,0.44942510979813827,0.4873521699871766,10,3.0431506731254023,0.34801990588531573,2.7941922300289295,3.292109116221875,10
"{""dynamic.change_interval"": 10}",discounted_ucb,35,2.9675069645322134,0.5075650761730628,2.604416782053315,3.3305971470111118,10,0.09538382698685874,0.0689082667089447,0.046089822516928725,0.14467783145678875,10,0.103125,0.06718548123582126,0.05506340201580523,0.15118659798419476,10,0.29827218350044105,0.0815316997895335,0.23994791899903017,0.3565964480018519,10,0.5130870601378573,0.0237524564326445,0.4960955763945779,0.5300785438811367,10,3.160409523273644,0.39496011618017524,2.8778720765741985,3.4429469699730895,10
"{""dynamic.change_interval"": 10}",uncertainty_aware,35,1.3458678671589235,0.3351800269758571,1.106094520112386,1.585641214205461,10,0.02722664778247728,0.047091468921679286,-0.006460559723781279,0.060913855288735844,10,0.08125,0.07057243619147634,0.030765520398005945,0.13173447960199405,10,0.225868131701033,0.09578240986187694,0.15734952333413366,0.29438674006793236,10,0.6024707727152698,0.03206156835237442,0.5795353083775816,0.6254062370529581,10,1.4465779924997861,0.3252216673701519,1.2139284267695052,1.679227558230067,10
"{""dynamic.change_interval"": 10}",ucb,36,2.9778123771884992,0.3852810997431515,2.702198881740453,3.2534258726365453,10,0.06681752725909236,0.0509736426720584,0.03035317995025344,0.10328187456793128,10,0.0890625,0.059406972385870296,0.046565312039909074,0.13155968796009093,10,0.2814873019168617,0.0824233249435814,0.22252520720394975,0.3404493966297737,10,0.3940873820316303,0.018959986288693588,0.3805242249025691,0.4076505391606915,10,3.1384207924738967,0.2983550760888902,2.9249904283570323,3.351851156590761,10
"{""dynamic.change_interval"": 10}",sliding_window_ucb,36,2.8869577171905134,0.42953175351851647,2.5796892109697613,3.1942262234112655,10,0.04898230100243829,0.040336228982477844,0.02012750103829573,0.07783710096658085,10,0.084375,0.04841229182759271,0.049742932706408685,0.11900706729359133,10,0.2704079925349857,0.0926075461946241,0.20416054481802715,0.33665544025194427,10,0.474050708020456,0.021229806473136614,0.4588638193471018,0.48923759669381023,10,3.1028867533207873,0.34712209764309293,2.854570563550642,3.3512029430909327,10
"{""dynamic.change_interval"": 10}",discounted_ucb,36,3.018586003440631,0.524748754556784,2.643203357959655,3.3939686489216068,10,0.051079038908417786,0.041175761802487804,0.021623673343677235,0.08053440447315834,10,0.0703125,0.04673010011699573,0.036883800163780574,0.10374119983621943,10,0.26763796798930994,0.08982255284062245,0.2033827845012681,0.33189315147735177,10,0.5074602157155691,0.010355229411862366,0.5000525308426997,0.5148679005884385,10,3.217375578923354,0.39970690333614045,2.931442485250632,3.503308672596076,10
"{""dynamic.change_interval"": 10}",uncertainty_aware,36,1.3638101744081426,0.33642317412609657,1.1231475334625216,1.6044728153537635,10,0.01794230724921919,0.038857467986336935,-0.009854650824027773,0.04573926532246615,10,0.090625,0.06064969428337349,0.04723882234830723,0.13401117765169276,10,0.232819023109387,0.08756808755111217,0.17017658693550733,0.2954614592832667,10,0.5875225518819157,0.031464213098680936,0.5650144097502855,0.6100306940135459,10,1.4687251032695723,0.3249186586016765,1.2362922969543952,1.7011579095847493,10
"{""dynamic.change_interval"": 10}",ucb,37,3.0284274605965953,0.3969873202377797,2.744439839474695,3.3124150817184956,10,0.05061508340809645,0.037564133334379565,0.02374332120988122,0.07748684560631168,10,0.0671875,0.048886250126072145,0.03221638336444093,0.10215861663555906,10,0.27975488467872595,0.04600822434763662,0.2468425836593832,0.3126671856980687,10,0.3777719709318576,0.015115176808765715,0.36695922481647225,0.38858471704724296,10,3.204852854791116,0.2938909973428531,2.994615900234105,3.415089809348127,10
"{""dynamic.change_interval"": 10}",sliding_window_ucb,37,2.9344470079704013,0.4365699257059797,2.622143696669812,3.2467503192709906,10,0.047489290779887686,0.030957723759165553,0.025343469295089294,0.06963511226468608,10,0.0625,0.0504966651814201,0.02637686183309018,0.09862313816690982,10,0.2697209209493983,0.05501064221676912,0.2303686781367788,0.3090731637620178,10,0.46401503641817465,0.016321982216266295,0.4523389937203497,0.4756910791159996,10,3.1592848519086787,0.34383052274826276,2.913323312971128,3.4052463908462296,10
"{""dynamic.change_interval"": 10}",discounted_ucb,37,3.0966099179649977,0.5257112984004985,2.720538710098104,3.4726811258318913,10,0.07802391452436581,0.038066475240554405,0.05079279857440107,0.10525503047433056,10,0.0828125,0.07620914775398611,0.028295759854700238,0.13732924014529976,10,0.29054810665049763,0.06362818882877164,0.2450312423563057,0.33606497094468957,10,0.4916187015139289,0.012887198812266958,0.48239975484472897,0.5008376481831288,10,3.294600863212344,0.40039259534760324,3.008177255023841,3.5810244714008466,10
"{""dynamic.change_interval"": 10}",uncertainty_aware,37,1.3794368428441353,0.359070069382664,1.1225735889775341,1.6363000967107364,10,0.01562666843599279,0.03313094271098257,-0.008073780234212648,0.039327117106198226,10,0.06875,0.05270462766947299,0.031047380619098355,0.10645261938090166,10,0.2310588039461241,0.047560296701399,0.19703621724992387,0.26508139064232433,10,0.5878489395956658,0.033676521713347056,0.5637582072183567,0.6119396719729748,10,1.486461084854189,0.3492957954102466,1.2365899253747787,1.7363322443335993,10
"{""dynamic.change_interval"": 10}",ucb,38,3.1119211280260806,0.4332893196130789,2.8019646209498754,3.4218776351022857,10,0.08349366742948486,0.05683163581144493,0.04283876427315347,0.12414857058581624,10,0.0796875,0.03788145113743371,0.05258874231997694,0.10678625768002305,10,0.2949320932813258,0.02828963708551628,0.27469490602429786,0.31516928053835375,10,0.3917750296215536,0.01801997995246416,0.3788843125167869,0.4046657467263203,10,3.3099842092452674,0.33672709255637456,3.06910415815169,3.550864260338845,10
"{""dynamic.change_interval"": 10}",sliding_window_ucb,38,3.0328777073443516,0.47121692728207537,2.6957894241945137,3.3699659904941894,10,0.09843069937394992,0.07478835848470078,0.04493033064438756,0.15193106810351228,10,0.09375,0.03755782578608322,0.06688274995001842,0.12061725004998158,10,0.29750241218436935,0.03336673840118903,0.2736332854387724,0.3213715389299663,10,0.46529176150872775,0.026873400377309762,0.44606768896142956,0.48451583405602594,10,3.2669865252658745,0.39307861284317713,2.985795024972191,3.548178025559558,10
"{""dynamic.change_interval"": 10}",discounted_ucb,38,3.1991274330829405,0.5190271374795319,2.8278377858915977,3.570417080274283,10,0.10251751511794358,0.08216669114381049,0.04373900516600777,0.1612960250698794,10,0.0875,0.04179667218278933,0.0576004619067109,0.1173995380932891,10,0.30164507162601384,0.03025890291956174,0.2799991564548746,0.32329098679715307,10,0.5104877576875346,0.020907763035486214,0.49553124501133183,0.5254442703637374,10,3.406445196011185,0.41032171418865615,3.1129187240893557,3.699971667933014,10
"{""dynamic.change_interval"": 10}",uncertainty_aware,38,1.388350500825637,0.37114697261527757,1.1228479508286329,1.653853050822641,10,0.008913657981501729,0.02818746150528449,-0.011250437268584022,0.02907775323158748,10,0.084375,0.04727835715795924,0.05055410070327059,0.11819589929672941,10,0.2120190954449252,0.07243264923305366,0.16020389959702924,0.26383429129282115,10,0.590118978949835,0.025391984060102544,0.5719546477956948,0.6082833101039752,10,1.5086794414719407,0.3651659705207602,1.2474554426279802,1.769903440315901,10
"{""dynamic.change_interval"": 10}",ucb,39,3.196417608250484,0.434452960383959,2.88562868271274,3.507206533788228,10,0.08449648022440356,0.03370842339645511,0.06038292675777046,0.10861003369103667,10,0.13125,0.059475426765084154,0.0887038427269933,0.1737961572730067,10,0.33238671968520606,0.04158494704352116,0.30263864063246376,0.36213479873794835,10,0.38573457064753736,0.021897985054476293,0.3700696958115883,0.40139944548348644,10,3.3737347706636553,0.3397734260305076,3.130675503881413,3.6167940374458976,10
"{""dynamic.change_interval"": 10}",sliding_window_ucb,39,3.1148296687164487,0.4912666888293996,2.7633986501803127,3.4662606872525847,10,0.08195196137209716,0.03849934134189014,0.05441119166717365,0.10949273107702068,10,0.1359375,0.07143205906664038,0.08483808323771178,0.1870369167622882,10,0.3365182479925209,0.04977639433744218,0.3009103605480327,0.37212613543700906,10,0.4702087931860344,0.014959343799552676,0.4595075232899706,0.48091006308209827,10,3.334868614991578,0.4022350309593906,3.047127007764344,3.6226102222188117,10
"{""dynamic.change_interval"": 10}",discounted_ucb,39,3.2794261580474116,0.5338346060597676,2.897543885946992,3.661308430147831,10,0.08029872496447087,0.040803631406294984,0.05110956544857503,0.1094878844803667,10,0.140625,0.07141306875417755,0.08953916808887895,0.19171083191112104,10,0.3381492203877118,0.05131872537934005,0.30143801578108176,0.3748604249943418,10,0.49999250606581497,0.007999484044640515,0.49427001991013786,0.5057149922214921,10,3.475958258132078,0.427572669669005,3.170091196072484,3.781825320191672,10
"{""dynamic.change_interval"": 10}",uncertainty_aware,39,1.3946953528995896,0.3767692183249454,1.1251708906070113,1.6642198151921679,10,0.00634485207395271,0.020064183970533667,-0.008008200492389102,0.020697904640294522,10,0.10625,0.06782841915041544,0.05772847193847853,0.15477152806152147,10,0.2515949055245046,0.05564851768468074,0.21178635409075394,0.2914034569582552,10,0.5811337585397542,0.03724030480252404,0.5544936493181579,0.6077738677613506,10,1.491638188729627,0.36143486333000896,1.2330832631815534,1.7501931142777007,10
"{""dynamic.change_interval"": 10}",ucb,40,3.282723838783545,0.4738827969119012,2.9437285073835464,3.621719170183544,10,0.08630623053306083,0.06237203683144677,0.04168796324512628,0.13092449782099538,10,0.0109375,0.019557274328665195,-0.0030529312533191244,0.024927931253319123,10,0.14771886668685458,0.08104655072182544,0.08974165692146246,0.2056960764522467,10,0.3688707867256119,0.01395101433537408,0.35889083227525975,0.37885074117596407,10,3.4572821607022357,0.38043450938446816,3.1851357071377704,3.729428614266701,10
"{""dynamic.change_interval"": 10}",sliding_window_ucb,40,3.1843210731038827,0.48020695075053066,2.8408017145808877,3.5278404316268777,10,0.06949140438743401,0.06377823901849232,0.023867200653780514,0.11511560812108751,10,0.0078125,0.01518477055949297,-0.0030500304855817263,0.018675030485581726,10,0.14518664575721316,0.07735885910217802,0.08984745165909115,0.20052583985533518,10,0.468601987703088,0.028903889069398826,0.4479253910473726,0.48927858435880334,10,3.4158837841005165,0.4146362798605257,3.119270857828975,3.712496710372058,10
"{""dynamic.change_interval"": 10}",discounted_ucb,40,3.3532726243774063,0.5083033158714119,2.989654337032019,3.7168909117227935,10,0.07384646632999421,0.036439028649624845,0.0477795555379781,0.09991337712201032,10,0.0078125,0.01518477055949297,-0.0030500304855817263,0.018675030485581726,10,0.1440364679283661,0.07818235176815166,0.0881081826646091,0.19996475319212312,10,0.4853371010934996,0.011390908258684282,0.47718853620517016,0.493485665981829,10,3.5558232494121698,0.41353082097530836,3.260001120788455,3.8516453780358844,10
"{""dynamic.change_interval"": 10}",uncertainty_aware,40,1.429321260214492,0.39318953834460335,1.1480504085973129,1.7105921118316711,10,0.03462590731490258,0.08083565780821227,-0.023200438748312346,0.09245225337811751,10,0.0109375,0.019557274328665195,-0.0030529312533191244,0.024927931253319123,10,0.09016569201459204,0.1080052057565102,0.012903422193980857,0.16742796183520323,10,0.578792587379876,0.016871523786663158,0.56672342632454,0.5908617484352121,10,1.517632404095945,0.4026808303257434,1.2295718912133053,1.8056929169785847,10
"{""dynamic.change_interval"": 10}",ucb,41,3.31737552974188,0.500949650463842,2.9590177377301257,3.675733321753634,10,0.03465169095833468,0.04962477096307937,-0.0008477316581937955,0.07015111357486316,10,0.0140625,0.03411358936211003,-0.010340891738235781,0.03846589173823578,10,0.10584091879933193,0.11678533447884715,0.022297723261730434,0.18938411433693342,10,0.3625702254140361,0.016905942771510016,0.3504764425001928,0.37466400832787944,10,3.5003653624463444,0.41607493938763307,3.2027232811467212,3.7980074437459677,10
"{""dynamic.change_interval"": 10}",sliding_window_ucb,41,3.227904779926839,0.4687189579074493,2.8926034364200874,3.563206123433591,10,0.04358370682295627,0.03737704207829651,0.01684578164683009,0.07032163199908245,10,0.0125,0.03439077920670662,-0.012101681407837787,0.03710168140783779,10,0.11962231413894533,0.09117655342065811,0.05439853698526276,0.1848460912926279,10,0.48024446478831584,0.016430140794874055,0.46849105010434194,0.49199787947228973,10,3.472748381184238,0.4039310224792341,3.1837935347107864,3.76170322765769,10
"{""dynamic.change_interval"": 10}",discounted_ucb,41,3.3967849887293915,0.5600004576598222,2.996184793985807,3.797385183472976,10,0.043512364351985064,0.06784290711112193,-0.005019527772281471,0.0920442564762516,10,0.0140625,0.03411358936211003,-0.010340891738235781,0.03846589173823578,10,0.11301524807532526,0.11369682177860839,0.03168144142707226,0.19434905472357827,10,0.48023341818472004,0.022203769262525985,0.4643497985038004,0.49611703786563965,10,3.606080780432272,0.46315253078023094,3.274761419012657,3.9374001418518874,10
"{""dynamic.change_interval"": 10}",uncertainty_aware,41,1.513814336020679,0.451164901015549,1.1910704083396602,1.836558263701698,10,0.08449307580618683,0.07565795972841062,0.03037063182148058,0.13861551979089307,10,0.0203125,0.032148540337522846,-0.00268518034789169,0.04331018034789169,10,0.16069724242012717,0.10156197143511808,0.08804418476822494,0.2333503000720294,10,1.0,0.0,1.0,1.0,10,1.6155719294608488,0.4646294050328591,1.2831960758453396,1.947947783076358,10
"{""dynamic.change_interval"": 10}",ucb,42,3.394280291863494,0.5349113305061205,3.0116277774945295,3.7769328062324585,10,0.07690476212161372,0.07468871030308413,0.023475677406940003,0.13033384683628743,10,0.0140625,0.020104436526686233,-0.0003193475103692323,0.028444347510369235,10,0.14127187110794215,0.10945783192968268,0.0629704551225326,0.2195732870933517,10,0.3635493302734182,0.02449040474177578,0.3460299501109393,0.3810687104358971,10,3.5844462396695222,0.4731099328043096,3.24600378194628,3.9228886973927644,10
"{""dynamic.change_interval"": 10}",sliding_window_ucb,42,3.278273518581989,0.5107329814836894,2.912917153161617,3.643629884002361,10,0.050368738655149924,0.07106105425329579,-0.0004652772517573234,0.10120275456205717,10,0.009375,0.01679637030895531,-0.00264039949604869,0.02139039949604869,10,0.11604917221460107,0.1027106978530481,0.04257436518654134,0.1895239792426608,10,0.45269090016257785,0.021134908274549252,0.43757189757094894,0.46780990275420675,10,3.531606559514075,0.45071156961581066,3.2091869255805605,3.8540261934475897,10
"{""dynamic.change_interval"": 10}",discounted_ucb,42,3.488385256278441,0.5098616892508042,3.1236521757739975,3.853118336782885,10,0.09160026754905012,0.07861705189619958,0.03536101654666004,0.1478395185514402,10,0.0140625,0.024923929404177914,-0.0037670050236445225,0.031892005023644525,10,0.15602624270487409,0.09714818610020663,0.0865306168738508,0.22552186853589737,10,0.4936879170118602,0.033325845792166825,0.4698480430765312,0.5175277909471893,10,3.7049160292523817,0.4447922325438233,3.386730833972186,4.023101224532577,10
"{""dynamic.change_interval"": 10}",uncertainty_aware,42,1.5960778083899683,0.48168119667918796,1.2515038378607832,1.9406517789191533,10,0.08226347236928917,0.04542236024313671,0.04977027328307111,0.11475667145550723,10,0.0109375,0.016552342272990316,-0.0009033323552663612,0.02277833235526636,10,0.16026352158073104,0.08629771832980436,0.09852985280246893,0.22199719035899315,10,1.0,0.0,1.0,1.0,10,1.7186444571568154,0.5169126966055642,1.3488673898469694,2.088421524466661,10
"{""dynamic.change_interval"": 10}",ucb,43,3.4796135360816707,0.5168252071753445,3.1098990549399335,3.849328017223408,10,0.08533324421817737,0.08005254204788474,0.028067105422301043,0.1425993830140537,10,0.009375,0.01679637030895531,-0.00264039949604869,0.02139039949604869,10,0.13740056484324453,0.08792513382462923,0.07450271315184702,0.20029841653464203,10,0.3585774376527089,0.024439007338400223,0.34109482497768456,0.3760600503277332,10,3.699068748903501,0.45661151246461495,3.372428550108158,4.025708947698845,10
"{""dynamic.change_interval"": 10}",sliding_window_ucb,43,3.3622176494301392,0.4798796500268369,3.018932427740174,3.7055028711201046,10,0.0839441308481501,0.05012386333329751,0.04808767905785999,0.1198005826384402,10,0.00625,0.015095184110614,-0.004548444200693183,0.017048444200693184,10,0.12167401519249184,0.0780899806644441,0.0658118082356858,0.17753622214929787,10,0.45835296829037625,0.019803203123137155,0.4441866101755502,0.4725193264052023,10,3.630502519097302,0.40724771283958505,3.3391750552695485,3.9218299829250554,10
"{""dynamic.change_interval"": 10}",discounted_ucb,43,3.566076850446464,0.5246304978099984,3.190778800745981,3.9413749001469474,10,0.07769159416802236,0.0767468976494586,0.022790170921301853,0.1325930174147429,10,0.0078125,0.01983274246318726,-0.006374989285729207,0.02199998928572921,10,0.12242818942861747,0.07940670536225139,0.06562405436594959,0.17923232449128534,10,0.49544456381832386,0.020691625606233506,0.48064266654477955,0.5102464610918682,10,3.8045661630717347,0.4369778300603369,3.4919710545742735,4.117161271569196,10
"{""dynamic.change_interval"": 10}",uncertainty_aware,43,1.6784666628197773,0.49580058031336033,1.3237922936995883,2.0331410319399663,10,0.08238885442980928,0.06395294830897709,0.03663967119866719,0.1281380376609514,10,0.0046875,0.01482317653203928,-0.005916361700878591,0.015291361700878591,10,0.11293280233628322,0.05664582588274729,0.0724108195956469,0.15345478507691956,10,1.0,0.0,1.0,1.0,10,1.8087992038838336,0.5188405242924425,1.4376430517246237,2.1799553560430436,10
"{""dynamic.change_interval"": 10}",ucb,44,3.528056079393668,0.505148096542596,3.1666948999850573,3.8894172588022786,10,0.048442543311996364,0.03384529216802534,0.02423107982440636,0.07265400679958636,10,0.009375,0.021092142428454776,-0.005713409748284803,0.0244634097482848,10,0.12435635742452666,0.081583161030515,0.06599527976898895,0.18271743508006438,10,0.36334930069263793,0.016642385459726135,0.3514440553219029,0.37525454606337294,10,3.7561247857900937,0.4600573723429061,3.4270195673337467,4.085230004246441,10
"{""dynamic.change_interval"": 10}",sliding_window_ucb,44,3.4048034150296096,0.4692848622762539,3.0690972479245042,3.740509582134715,10,0.04258576559947018,0.03667734347077796,0.01634837465434281,0.06882315654459754,10,0.009375,0.021092142428454776,-0.005713409748284803,0.0244634097482848,10,0.10998315998098654,0.09202837512074682,0.04415002629147477,0.1758162936704983,10,0.47095382963652616,0.022563541580265804,0.454812844343528,0.48709481492952433,10,3.6731853585403536,0.4106181710720439,3.379446814139665,3.966923902941042,10
"{""dynamic.change_interval"": 10}",discounted_ucb,44,3.6488640827422394,0.5154710287567736,3.2801183224841672,4.0176098430003115,10,0.08278723229577552,0.03179809000733278,0.06004024901179118,0.10553421557975985,10,0.0171875,0.027999333449407526,-0.002842016546104005,0.03721701654610401,10,0.15060709878188938,0.08729563747531251,0.08815956165127004,0.21305463591250873,10,0.48182637782390925,0.023931196494758108,0.4647070311428201,0.4989457245049984,10,3.887872941315689,0.4325982084943102,3.5784108253511007,4.197335057280278,10
"{""dynamic.change_interval"": 10}",uncertainty_aware,44,1.712152253022755,0.5171133268456123,1.3422316634851406,2.0820728425603696,10,0.03368559020297756,0.04662480971811174,0.0003322105807340575,0.06703896982522106,10,0.015625,0.027559909490256152,-0.004090171582268331,0.035340171582268334,10,0.10144590155761701,0.08067714386525172,0.04373294953819435,0.15915885357703968,10,0.5289062065332433,0.0035867942830241075,0.5263403684725225,0.531472044593964,10,1.8429447849035163,0.5434480199675463,1.4541854907740428,2.2317040790329896,10
"{""dynamic.change_interval"": 10}",ucb,45,3.5895095624726956,0.5151957119366528,3.2209607520032315,3.9580583729421597,10,0.06145348307902818,0.06465450410696458,0.015202437062859578,0.10770452909519679,10,0.003125,0.006588078458684124,-0.001587827422612707,0.007837827422612707,10,0.10391269552913592,0.08388298062452143,0.043906426044498396,0.16391896501377343,10,0.3487973483794367,0.01367613892006814,0.33901402795571006,0.35858066880316336,10,3.8184802868445518,0.4652809743914066,3.485638328588675,4.151322245100428,10
"{""dynamic.change_interval"": 10}",sliding_window_ucb,45,3.4673222352982753,0.4621507837379595,3.136719480543402,3.7979249900531484,10,0.06251882026866615,0.06469445528267903,0.016239194903047864,0.10879844563428442,10,0.003125,0.006588078458684124,-0.001587827422612707,0.007837827422612707,10,0.1048218492249539,0.08428458495110643,0.04452828931181901,0.16511540913808878,10,0.4627265717648591,0.029724183191364432,0.441463172044054,0.4839899714856642,10,3.7364500132906295,0.39513322249602073,3.453788733792674,4.019111292788585,10
"{""dynamic.change_interval"": 10}",discounted_ucb,45,3.709870408108965,0.5058933691484399,3.34797609279492,4.07176472342301,10,0.0610063253667257,0.033241411140404825,0.037226852342639366,0.08478579839081203,10,0.0046875,0.01482317653203928,-0.005916361700878591,0.015291361700878591,10,0.11429691373692226,0.05620499793414359,0.07409028031367226,0.15450354716017226,10,0.4852562786395317,0.023193537383786062,0.4686646214977416,0.5018479357813218,10,3.960612660577934,0.4330163981289469,3.650851389770195,4.270373931385673,10
"{""dynamic.change_interval"": 10}",uncertainty_aware,45,1.7344793105569707,0.5478094534249407,1.3426000348837415,2.1263585862302,10,0.02232705753421558,0.07060435525774403,-0.02818025559226578,0.07283437066069694,10,0.00625,0.015095184110613998,-0.004548444200693181,0.01704844420069318,10,0.06490525743461291,0.08427199988675405,0.004620700334174797,0.125189814535051,10,0.5295105016792844,0.00508280455835554,0.5258744823366758,0.533146521021893,10,1.8662928478634506,0.5705810132663346,1.4581237795975535,2.2744619161293476,10
"{""dynamic.change_interval"": 10}",ucb,46,3.654586587270638,0.511151169512064,3.2889310681561663,4.020242106385109,10,0.06507702479794193,0.02330534661607501,0.04840538414968068,0.08174866544620318,10,0.0078125,0.016876928902103804,-0.00426052764199417,0.01988552764199417,10,0.12361605603852399,0.07956325121343037,0.06669993482011141,0.18053217725693657,10,0.3456055306861446,0.022356377808241967,0.32961274142813424,0.3615983199441549,10,3.880171355648021,0.45427034948045286,3.5552059239614424,4.2051367873346,10
"{""dynamic.change_interval"": 10}",sliding_window_ucb,46,3.529079233108343,0.4885366122018249,3.17960119374162,3.8785572724750663,10,0.06175699781006764,0.06427459949679595,0.01577771918039997,0.10773627643973531,10,0.0046875,0.007547592055306998,-0.000711722100346591,0.010086722100346592,10,0.12111263328628566,0.09362868605820013,0.054134706115937986,0.18809056045663333,10,0.45600112635693807,0.025546666569731476,0.4377261420012992,0.4742761107125769,10,3.7956376593418604,0.4259868369272526,3.4909050336858214,4.100370284997899,10
"{""dynamic.change_interval"": 10}",discounted_ucb,46,3.7856382276166043,0.4808930005406697,3.4416280986383816,4.129648356594827,10,0.0757678195076396,0.06233637697070477,0.03117506174735342,0.12036057726792578,10,0.009375,0.01679637030895531,-0.00264039949604869,0.02139039949604869,10,0.1384527321846132,0.07181316056865442,0.08708069183097672,0.1898247725382497,10,0.4956287157985086,0.03485577131626587,0.4706943990738675,0.5205630325231496,10,4.0371404055274915,0.4240751292921194,3.7337753331304757,4.340505477924507,10
"{""dynamic.change_interval"": 10}",uncertainty_aware,46,1.7424084523941814,0.5430822513813035,1.3539108133488702,2.130906091439493,10,0.00792914183721069,0.025074148096117826,-0.010007823165121586,0.025866106839542966,10,0.00625,0.01092509216843908,-0.001565340131252025,0.014065340131252026,10,0.071924028848217,0.07628645836117973,0.017351984026155134,0.12649607367027887,10,0.5270453656136562,0.011349425387523138,0.5189264757836921,0.5351642554436203,10,1.876291889476613,0.5666589863116097,1.4709284702782508,2.281655308674975,10
"{""dynamic.change_interval"": 10}",ucb,47,3.760609775145918,0.5062163872085444,3.3984843866318184,4.1227351636600185,10,0.1060231878752799,0.07574093938727293,0.051841383818549934,0.16020499193200985,10,0.0125,0.02057126839388698,-0.0022157989105067166,0.027215798910506718,10,0.1544628844989756,0.09548492278131336,0.08615708556959971,0.2227686834283515,10,0.3485644599736297,0.021702334113322935,0.33303954538959785,0.3640893745576616,10,3.981684980954583,0.462117530144742,3.651106014387267,4.312263947521899,10
"{""dynamic.change_interval"": 10}",sliding_window_ucb,47,3.622599569705861,0.4738636921362078,3.283617905039092,3.9615812343726295,10,0.09352033659751771,0.08885443859561597,0.029957700320426925,0.15708297287460848,10,0.0109375,0.016552342272990316,-0.0009033323552663612,0.02277833235526636,10,0.15266255060437678,0.09439307252666859,0.08513781429496615,0.22018728691378742,10,0.46496808867417416,0.042864047972496176,0.4343049959384335,0.4956311814099148,10,3.895350950753823,0.4348005418836988,3.5843133803898466,4.206388521117799,10
"{""dynamic.change_interval"": 10}",discounted_ucb,47,3.8827202053697905,0.5099009719682119,3.517959023702163,4.247481387037418,10,0.09708197775318571,0.07981157034357123,0.039988219730137844,0.15417573577623356,10,0.0109375,0.019557274328665195,-0.0030529312533191244,0.024927931253319123,10,0.15940210767128427,0.08497328896369225,0.09861587858656423,0.2201883367560043,10,0.47433170831309746,0.025622079960385943,0.4560027764676499,0.492660640158545,10,4.143593254006361,0.4595032965478942,3.8148843974964164,4.472302110516305,10
"{""dynamic.change_interval"": 10}",uncertainty_aware,47,1.7692603097590704,0.5544529622549179,1.3726285541643226,2.1658920653538183,10,0.02685185736488898,0.04347988654589819,-0.004251779747308802,0.05795549447708676,10,0.0109375,0.016552342272990316,-0.0009033323552663612,0.02277833235526636,10,0.0890672891378438,0.08623096446651181,0.02738137319668943,0.15075320507899817,10,0.5272526574707395,0.010966348520884876,0.5194078043228495,0.5350975106186294,10,1.9124099194220427,0.5824817616956939,1.4957275685807736,2.329092270263312,10
"{""dynamic.change_interval"": 10}",ucb,48,3.834938007011023,0.5073938650338083,3.4719703016029726,4.1979057124190735,10,0.07432823186510536,0.039241262218239197,0.04625672393758862,0.1023997397926221,10,0.0109375,0.020898336091394666,-0.004012269046644548,0.025887269046644547,10,0.1396629763569988,0.08896224777316948,0.07602321804021621,0.2033027346737814,10,0.35246667403601084,0.02807742969352711,0.33238129080234413,0.37255205726967755,10,4.063048428750689,0.46372509012237073,3.7313194830515863,4.394777374449792,10
"{""dynamic.change_interval"": 10}",sliding_window_ucb,48,3.69161224454295,0.4610101408864359,3.3618254565291803,4.02139903255672,10,0.06901267483708898,0.06118625399722659,0.025242665488616263,0.1127826841855617,10,0.009375,0.01976423537605237,-0.004763482267838121,0.023513482267838122,10,0.13797952783215042,0.08685984772849957,0.07584373590647263,0.2001153197578282,10,0.459098004740868,0.026403167097412205,0.44021031681777006,0.4779856926639659,10,3.975030950025082,0.4276122665527876,3.6691355620612187,4.280926337988945,10
"{""dynamic.change_interval"": 10}",discounted_ucb,48,3.98603891301863,0.5030050687477338,3.6262107633427987,4.345867062694461,10,0.10331870764883981,0.07213799255881702,0.05171429648775458,0.15492311880992504,10,0.015625,0.02209708691207961,-0.00018230372478071286,0.031432303724780716,10,0.16390316499730034,0.08816640239617259,0.10083272016705136,0.22697360982754933,10,0.4989800812062605,0.017938159699078676,0.4861478947848028,0.5118122676277181,10,4.24919689044277,0.4641621613685006,3.9171552828093383,4.581238498076201,10
"{""dynamic.change_interval"": 10}",uncertainty_aware,48,1.7867071363065683,0.5606589360132349,1.385635894525426,2.1877783780877107,10,0.017446826547497702,0.03692557542425932,-0.008968138839839528,0.04386179193483493,10,0.0140625,0.021411254990723404,-0.001254189123491298,0.0293791891234913,10,0.09022530455601034,0.08565915805848709,0.02894843427772483,0.15150217483429584,10,0.5267181601524336,0.01205741665558733,0.5180928038794803,0.5353435164253868,10,1.944335695417161,0.5880165770915624,1.5236939761590866,2.364977414675235,10
"{""dynamic.change_interval"": 10}",ucb,49,3.898039657748144,0.5548218493216657,3.5011440162426686,4.29493529925362,10,0.06310165073712118,0.06506174858424449,0.016559279571704777,0.10964402190253758,10,0.003125,0.006588078458684124,-0.001587827422612707,0.007837827422612707,10,0.12588778365225278,0.06478070658350352,0.07954645782293923,0.17222910948156633,10,0.3414457541701555,0.029654821758046488,0.32023197262968367,0.3626595357106273,10,4.14209395261499,0.5052875070716447,3.7806330449216565,4.503554860308323,10
"{""dynamic.change_interval"": 10}",sliding_window_ucb,49,3.781577079225463,0.47924017740824504,3.4387493086893977,4.124404849761528,10,0.0899648346825131,0.04887714244429697,0.05500023329000944,0.12492943607501675,10,0.015625,0.03036954111898594,-0.006100060971163453,0.03735006097116345,10,0.15097221775706196,0.08783701883137324,0.08813739973461125,0.21380703577951266,10,0.4755407809214395,0.03173976098635442,0.45283552370543156,0.4982460381374474,10,4.079160907994191,0.46766868317374427,3.74461088577138,4.413710930217002,10
"{""dynamic.change_interval"": 10}",discounted_ucb,49,4.058876988537772,0.49760048064922974,3.7029150482822284,4.414838928793316,10,0.07283807551914318,0.05449807058262978,0.033852504364818965,0.11182364667346739,10,0.00625,0.01092509216843908,-0.001565340131252025,0.014065340131252026,10,0.13539556704335662,0.08483902536243201,0.07470538435302095,0.1960857497336923,10,0.4707540899569066,0.01862375237199289,0.45743146008218477,0.4840767198316284,10,4.337750197698174,0.47775375787062635,3.99598574764354,4.679514647752808,10
"{""dynamic.change_interval"": 10}",uncertainty_aware,49,1.841791982936926,0.6225588324183517,1.3964402227824204,2.2871437430914314,10,0.05508484663035804,0.08376922738027655,-0.004840048685430323,0.11500974194614641,10,0.0171875,0.020104436526686233,0.0028056524896307687,0.03156934751036923,10,0.11673391378741635,0.0992047925841541,0.04576708030520085,0.18770074726963185,10,0.5266865645220131,0.01158339180107189,0.5184003052023476,0.5349728238416787,10,2.0142273494166245,0.6744702548255743,1.5317403947434345,2.4967143040898145,10
"{""dynamic.change_interval"": 10}",ucb,50,3.9743325913252776,0.5803903061114608,3.5591463776797574,4.389518804970797,10,0.07629293357713342,0.07108871141204096,0.025439132930717798,0.12714673422354905,10,0.09375,0.07725206757391315,0.03848719995912333,0.14901280004087666,10,0.2924655869018561,0.05918752003381826,0.250125385697341,0.3348057881063712,10,0.34126366338534886,0.023169542209060957,0.32468917135750874,0.357838155413189,10,4.211474675176126,0.5001015447965018,3.853723581410511,4.56922576894174,10
"{""dynamic.change_interval"": 10}",sliding_window_ucb,50,3.830730271707089,0.46172374030063523,3.5004330054242625,4.161027537989915,10,0.04915319248162567,0.04587170221064412,0.016338553515800797,0.08196783144745054,10,0.075,0.05790392545703041,0.03357802704047924,0.11642197295952075,10,0.26911364935012977,0.07552766603637354,0.21508441185782895,0.3231428868424306,10,0.48101574937324126,0.04311500433221133,0.4501731332724767,0.5118583654740059,10,4.125189693003601,0.4352373307407221,3.8138396627142943,4.436539723292908,10
"{""dynamic.change_interval"": 10}",discounted_ucb,50,4.113509161419656,0.4891050276650989,3.7636245021258095,4.463393820713502,10,0.05463217288188347,0.03417089120520763,0.030187789874461957,0.07907655588930498,10,0.075,0.07321368079502324,0.022626087830454222,0.12737391216954577,10,0.2765481300628242,0.08113194114666869,0.2185098356673152,0.3345864244583332,10,0.49732976547031243,0.025919605432563483,0.47878799672363526,0.5158715342169896,10,4.391213463420278,0.4580150554154089,4.063569230482233,4.718857696358323,10
"{""dynamic.change_interval"": 10}",uncertainty_aware,50,1.8512802630312546,0.616845412807278,1.4100156370523398,2.2925448890101694,10,0.009488280094328701,0.027464519487041327,-0.010158653590377655,0.02913521377903506,10,0.0921875,0.07455379419698682,0.03885492845355205,0.14552007154644797,10,0.23326950215087386,0.055612364117351216,0.1934868134211885,0.2730521908805592,10,0.5232690832287971,0.019423477142245533,0.5093743647167851,0.537163801740809,10,2.0244119872267787,0.6399836134837419,1.5665952896018114,2.482228684851746,10
"{""dynamic.change_interval"": 10}",ucb,51,4.061369618965679,0.5930047695448908,3.6371595617877173,4.48557967614364,10,0.08703702764040125,0.046810095734090076,0.05355110238704458,0.12052295289375792,10,0.11875,0.08721431537056032,0.05636063719862464,0.18113936280137535,10,0.32362092996533737,0.06256245119823503,0.27886644844512143,0.3683754114855533,10,0.3561154613873266,0.026030031923557056,0.3374946982877131,0.37473622448694005,10,4.302287748221696,0.516544761589716,3.932773885766392,4.671801610677,10
"{""dynamic.change_interval"": 10}",sliding_window_ucb,51,3.890542002073005,0.4609815563896915,3.5607756621763857,4.220308341969624,10,0.05981173036591693,0.04554460721885151,0.027231081061385103,0.09239237967044875,10,0.1015625,0.08502514436101306,0.04073917579869374,0.16238582420130626,10,0.3050340248445802,0.07000434330249859,0.25495593441395925,0.35511211527520115,10,0.45322258880263916,0.024922498543877732,0.4353941073547919,0.4710510702504864,10,4.197415860928414,0.4372552203852824,3.8846223193463487,4.51020940251048,10
"{""dynamic.change_interval"": 10}",discounted_ucb,51,4.195250958067189,0.5011340239729523,3.836761273192411,4.553740642941967,10,0.08174179664753192,0.049055657022162476,0.046649493618932586,0.11683409967613126,10,0.1078125,0.09588144172912481,0.03922304850295197,0.17640195149704804,10,0.3172929068768654,0.06896241681867397,0.2679601657519805,0.3666256480017503,10,0.472160708706255,0.023667625232975827,0.4552299095475018,0.48909150786500816,10,4.475698513377377,0.46874715370330894,4.140376999813337,4.811020026941416,10
"{""dynamic.change_interval"": 10}",uncertainty_aware,51,1.8946466045877106,0.5894536809981255,1.4729768431254537,2.3163163660499677,10,0.04336634155645548,0.04818787483804296,0.008894812506159686,0.07783787060675128,10,0.1078125,0.06049294753431088,0.06453845221774039,0.1510865477822596,10,0.28598485766554066,0.05125602881426163,0.24931850347972126,0.3226512118513601,10,1.0,0.0,1.0,1.0,10,2.077588987972552,0.6092636139665113,1.6417480541541942,2.51342992179091,10
"{""dynamic.change_interval"": 10}",ucb,52,4.127816680571478,0.5664633374446227,3.722593220141264,4.533040141001693,10,0.06644706160580036,0.04298387412223378,0.03569825040632693,0.09719587280527378,10,0.0796875,0.047421581833708495,0.045764143942365415,0.11361085605763457,10,0.2927878213464447,0.033899377348656244,0.26853766765137876,0.31703797504151066,10,0.34524826231636263,0.035865926714339476,0.3195913239515882,0.3709052006811371,10,4.382138475350988,0.5062486902042298,4.019989978665841,4.744286972036136,10
"{""dynamic.change_interval"": 10}",sliding_window_ucb,52,3.997926040681122,0.4706033383613203,3.661276692603184,4.33457538875906,10,0.10738403860811638,0.06657443825139771,0.05975955444268472,0.15500852277354804,10,0.1,0.05901756447589706,0.05778137767755492,0.1422186223224451,10,0.3110014078550318,0.04185145541418284,0.28106268019883296,0.3409401355112306,10,0.4499891372601524,0.021445361203884232,0.4346480500215394,0.4653302244987654,10,4.2954801745662925,0.44834676501897186,3.9747522199324394,4.616208129200146,10
"{""dynamic.change_interval"": 10}",discounted_ucb,52,4.288925928098372,0.5335591070960535,3.9072407360842383,4.670611120112507,10,0.09367497003118386,0.05619821057428922,0.053473191992679116,0.1338767480696886,10,0.0984375,0.06911597665639013,0.04899490878472242,0.14788009121527756,10,0.3084281221663815,0.04984414941441568,0.27277176565966454,0.34408447867309844,10,0.4799429987645049,0.02057653667071007,0.4652234311557901,0.4946625663732197,10,4.571189541326605,0.5137308298938142,4.203688644342944,4.9386904383102666,10
"{""dynamic.change_interval"": 10}",uncertainty_aware,52,1.935559542511236,0.5705045225796337,1.5274451923863142,2.3436738926361578,10,0.04091293792352556,0.0338932595905914,0.016667160608940464,0.06515871523811065,10,0.071875,0.042440726640548675,0.04151473310252018,0.1022352668974798,10,0.27409695899716197,0.06788446445591365,0.22553533853930413,0.3226585794550198,10,1.0,0.0,1.0,1.0,10,2.1387488527525615,0.6109649272148822,1.701690872752732,2.575806832752391,10
"{""dynamic.change_interval"": 10}",ucb,53,4.208592145204166,0.5755457209989712,3.796871538975514,4.620312751432818,10,0.08077546463268744,0.03288869815569625,0.05724830727804414,0.10430262198733073,10,0.084375,0.040477831724428016,0.055418903536496505,0.1133310964635035,10,0.29967276674262033,0.027692596756907682,0.2798626764078161,0.3194828570774246,10,0.3309687709353305,0.02050100640390206,0.31630323442458796,0.34563430744607304,10,4.466501025979321,0.5120630653798481,4.100193175858288,4.832808876100354,10
"{""dynamic.change_interval"": 10}",sliding_window_ucb,53,4.057328947307026,0.44454754693879694,3.7393187895641815,4.37533910504987,10,0.05940290662590415,0.045361899645043335,0.026952958446072373,0.09185285480573593,10,0.084375,0.04307515235028195,0.053560892289725937,0.11518910771027407,10,0.2855793975885856,0.04033894140499685,0.2567226572742621,0.3144361379029091,10,0.47151176641102116,0.04452835281561022,0.439658101712089,0.5033654311099532,10,4.365749356040593,0.4356572139731566,4.054098959381255,4.67739975269993,10
"{""dynamic.change_interval"": 10}",discounted_ucb,53,4.370445614593576,0.5300545846201681,3.991267406934758,4.749623822252395,10,0.08151968649520441,0.03831445374839867,0.05411117740711659,0.10892819558329224,10,0.090625,0.04218428485690955,0.06044818050343039,0.1208018194965696,10,0.30213330448178494,0.030737766012333797,0.2801448312902083,0.3241217776733616,10,0.4800794703309729,0.02132221513835513,0.46482647648078146,0.4953324641811644,10,4.658012629694104,0.5172444561726011,4.2879982358868505,5.028027023501358,10
"{""dynamic.change_interval"": 10}",uncertainty_aware,53,2.002694087835402,0.5853753018858506,1.5839418230363496,2.4214463526344545,10,0.06713454532416643,0.02284284838401151,0.05079375598021921,0.08347533466811366,10,0.071875,0.034704856768661835,0.04704864103920156,0.09670135896079843,10,0.29035804273529475,0.025466918672520066,0.2721401065886641,0.3085759788819254,10,1.0,0.0,1.0,1.0,10,2.21379667937357,0.6217617426608542,1.769015122881783,2.6585782358653574,10
"{""dynamic.change_interval"": 10}",ucb,54,4.309310241397348,0.5634817436821893,3.9062196846559427,4.712400798138754,10,0.10071809619318191,0.052276522646847304,0.06332172469670383,0.13811446768966,10,0.09375,0.04480377743251368,0.061699308399286806,0.1258006916007132,10,0.3061702713609773,0.03355314198699809,0.2821677995229709,0.3301727431989837,10,0.33197702981665383,0.022514407255410276,0.3158711931022621,0.3480828665310456,10,4.5635868600707505,0.5058122441974316,4.201750578050657,4.925423142090844,10
"{""dynamic.change_interval"": 10}",sliding_window_ucb,54,4.109291410542287,0.4383302452423828,3.7957288425045856,4.4228539785799885,10,0.05196246323526016,0.04851395415488263,0.017257671093763145,0.08666725537675718,10,0.078125,0.03210632293213009,0.05515752016460893,0.10109247983539107,10,0.2801384116493284,0.03951537972305086,0.25187081187169236,0.30840601142696444,10,0.4766421458987583,0.03931027952874194,0.4485212659615407,0.5047630258359759,10,4.4368033304203705,0.4374357237383339,4.123880664518146,4.749725996322595,10
"{""dynamic.change_interval"": 10}",discounted_ucb,54,4.44969410606328,0.5378422084748563,4.0649449678987715,4.8344432442277885,10,0.07924849146970316,0.03349921595648201,0.05528459599003895,0.10321238694936735,10,0.0828125,0.04543505934909248,0.0503102165206366,0.11531478347936339,10,0.2975527143488509,0.0331694036897644,0.2738247523518628,0.32128067634583896,10,0.47724075630944557,0.034016177684163346,0.4529070486877529,0.5015744639311382,10,4.746480906773406,0.523553240135996,4.371953480789549,5.121008332757262,10
"{""dynamic.change_interval"": 10}",uncertainty_aware,54,2.0132825984456275,0.5998384138508626,1.584184046620321,2.442381150270934,10,0.0105885106102251,0.03348381055717069,-0.013364364510652238,0.034541385731102436,10,0.0796875,0.052833144387149,0.041892945297573855,0.11748205470242613,10,0.21819066125000183,0.0807571179228503,0.16042049923617613,0.27596082326382754,10,0.5899997381219229,0.03376955716053622,0.5658424521949653,0.6141570240488804,10,2.222902903354023,0.6418680120746304,1.763738188183429,2.6820676185246173,10
"{""dynamic.change_interval"": 10}",ucb,55,4.374457276523781,0.5654671248577469,3.969946463647421,4.778968089400141,10,0.06514703512643315,0.01958795524811625,0.05113465606550264,0.07915941418736366,10,0.0984375,0.04422485357365371,0.0668009455797637,0.13007405442023628,10,0.3079548542709038,0.030575531884774142,0.2860824363828639,0.3298272721589437,10,0.34547348308141024,0.033105265977804256,0.32179140243960713,0.36915556372321334,10,4.629571951769641,0.5102136515030868,4.26458709263738,4.994556810901902,10
"{""dynamic.change_interval"": 10}",sliding_window_ucb,55,4.176503264546869,0.44428361596391835,3.8586819116496085,4.494324617444129,10,0.06721185400458285,0.03572087023411728,0.041658682794693716,0.09276502521447198,10,0.0953125,0.03642111195218144,0.06925840604123254,0.12136659395876745,10,0.30729639534016867,0.02457181955819879,0.2897187745265118,0.32487401615382555,10,0.4733319197043981,0.03861588782914839,0.4457077776649457,0.5009560617438504,10,4.502129963188526,0.44795626606914185,4.181681354675216,4.822578571701837,10
"{""dynamic.change_interval"": 10}",discounted_ucb,55,4.520071412844266,0.5260770508011484,4.143738561471686,4.896404264216846,10,0.070377306780986,0.02406089372743595,0.05316518028881316,0.08758943327315884,10,0.09375,0.03454817489953542,0.06903572449632431,0.11846427550367569,10,0.3052970615374887,0.02297691134325813,0.2888603693298072,0.3217337537451702,10,0.4823235164712365,0.016256036799430107,0.4706946482827636,0.4939523846597094,10,4.809808205738881,0.518827821656875,4.438661140497749,5.1809552709800135,10
"{""dynamic.change_interval"": 10}",uncertainty_aware,55,2.034405944815829,0.615475515005105,1.594121284690197,2.474690604941461,10,0.021123346370201662,0.03871240444791677,-0.006569839499029333,0.04881653223943266,10,0.103125,0.049520268016686304,0.06770033428786992,0.13854966571213007,10,0.26296853024267114,0.05765390614543865,0.22172541032432802,0.30421165016101426,10,0.6038578935491408,0.03931701485698963,0.5757321954483471,0.6319835916499345,10,2.2439016710246817,0.6668973634469881,1.7668320364974628,2.7209713055519007,10
"{""dynamic.change_interval"": 10}",ucb,56,4.450159307420408,0.5678497861485977,4.043944041335007,4.85637457350581,10,0.07570203089662643,0.04990412112724039,0.040002773210976394,0.11140128858227646,10,0.1265625,0.05283314438714899,0.08876794529757387,0.16435705470242612,10,0.3290339612782104,0.038192826037566054,0.3017124594130262,0.35635546314339456,10,0.32928174652415115,0.028870847131856472,0.30862878664664395,0.34993470640165836,10,4.69773799815181,0.5019040952141637,4.338697437496529,5.056778558807092,10
"{""dynamic.change_interval"": 10}",sliding_window_ucb,56,4.252075132330968,0.45851634010244924,3.9240723019301824,4.580077962731753,10,0.07557186778409904,0.05274215772086425,0.03784240102175255,0.11330133454644553,10,0.1328125,0.07188632157209511,0.08138812341730318,0.18423687658269683,10,0.33186600347365053,0.05239950482643383,0.29438165582569176,0.3693503511216093,10,0.4570645036370607,0.03151309050539424,0.43452139671499135,0.47960761055913004,10,4.573128051766136,0.44824724003398286,4.252471293017613,4.893784810514659,10
"{""dynamic.change_interval"": 10}",discounted_ucb,56,4.56599817951015,0.5351380543749502,4.1831834766558655,4.948812882364435,10,0.04592676666588399,0.03939258290273344,0.017747010441695413,0.07410652289007257,10,0.10625,0.0579039254570304,0.06482802704047926,0.14767197295952073,10,0.31452504123719693,0.04178737376227975,0.2846321548332342,0.3444179276411597,10,0.479576855890537,0.01704673770978711,0.4673823543452689,0.4917713574358051,10,4.863465332080037,0.5213589379937692,4.490507615287448,5.236423048872626,10
"{""dynamic.change_interval"": 10}",uncertainty_aware,56,2.0568362766588053,0.6490580273031393,1.592528134440336,2.5211444188772747,10,0.02243033184297592,0.04529692008514713,-0.009973132759936023,0.05483379644588786,10,0.11875,0.06513540917026452,0.07215493522567501,0.16534506477432498,10,0.2652707809903513,0.053832263036908815,0.2267614998619177,0.30378006211878483,10,0.5916198225498868,0.03009918993979487,0.5700881591617998,0.6131514859379738,10,2.2483045371189903,0.6999974351563553,1.7475565377057662,2.749052536532214,10
"{""dynamic.change_interval"": 10}",ucb,57,4.5193626041699595,0.5628281975160583,4.116739566191878,4.921985642148041,10,0.0692032967495509,0.0420518444295948,0.03912121942729296,0.09928537407180885,10,0.0921875,0.05679233155639159,0.05156071341395575,0.13281428658604427,10,0.3038323560060664,0.03971733613006646,0.27542028531796314,0.33224442669416965,10,0.3242498016511178,0.013658398356327732,0.31447917206217896,0.3340204312400566,10,4.777642256962932,0.5084585212272408,4.413912942394406,5.141371571531458,10
"{""dynamic.change_interval"": 10}",sliding_window_ucb,57,4.334276389235663,0.468835105356013,3.9988919588494682,4.669660819621858,10,0.08220125690469485,0.06333576392494585,0.03689358078493766,0.12750893302445204,10,0.090625,0.05790392545703041,0.04920302704047924,0.13204697295952075,10,0.3022626956527704,0.04052948749415665,0.2732696468776574,0.3312557444278834,10,0.4874228539515313,0.04130444276744381,0.45787543556984023,0.5169702723332223,10,4.65146265022396,0.45959217110009,4.322690216689336,4.9802350837585845,10
"{""dynamic.change_interval"": 10}",discounted_ucb,57,4.627449424587632,0.5347221471924918,4.244932243808569,5.009966605366695,10,0.061451245077482085,0.039297801449855216,0.03333929142016956,0.08956319873479461,10,0.09375,0.06336210969060645,0.04842347725483396,0.13907652274516605,10,0.2897469510130529,0.07915709535729377,0.23312137619123524,0.3463725258348706,10,0.47205045378163774,0.02868972810604838,0.4515270586500483,0.4925738489132272,10,4.929284185898145,0.5251986125872247,4.553579731368379,5.3049886404279105,10
"{""dynamic.change_interval"": 10}",uncertainty_aware,57,2.0593426354221402,0.6474895823587632,1.5961564911262929,2.5225287797179874,10,0.00250635876333532,0.007925802325662529,-0.0031634186658258162,0.008176136192496457,10,0.0953125,0.06049294753431088,0.05203845221774038,0.1385865477822596,10,0.22772781720486845,0.0866397053502947,0.16574950564974023,0.2897061287599967,10,0.589012743776979,0.03639574588026609,0.562976795612934,0.615048691941024,10,2.2521042571289143,0.6817879806993083,1.764382516715819,2.7398259975420096,10
"{""dynamic.change_interval"": 10}",ucb,58,4.595881150732311,0.583494276082859,4.178474490731771,5.013287810732852,10,0.0765185465623516,0.039881253388683265,0.04798921653128614,0.10504787659341706,10,0.1171875,0.07941640980196304,0.060376422799365635,0.17399857720063436,10,0.30875973550467956,0.08982752864103298,0.2445009925434512,0.3730184784659079,10,0.3440908261940281,0.02970747903207773,0.3228393759089275,0.3653422764791287,10,4.872068101573178,0.5254969333485733,4.496150241226582,5.247985961919774,10
"{""dynamic.change_interval"": 10}",sliding_window_ucb,58,4.385166269887271,0.45717484583937534,4.058123086671919,4.712209453102623,10,0.05088988065160756,0.042694141392917453,0.02034833176094141,0.0814314295422737,10,0.1015625,0.059498227389561786,0.059000032142812374,0.14412496785718762,10,0.28283347583399804,0.08218251064732998,0.22404364929097026,0.3416233023770258,10,0.4921527859528414,0.046518637227123995,0.458875357555252,0.5254302143504308,10,4.719962235163527,0.4581327432415556,4.392233813426297,5.047690656900756,10
"{""dynamic.change_interval"": 10}",discounted_ucb,58,4.684726703337447,0.5605008781249026,4.2837685293582695,5.085684877316625,10,0.05727727874981534,0.04447226355635346,0.025463737889844316,0.08909081960978638,10,0.096875,0.07133705695109972,0.0458435436571473,0.1479064563428527,10,0.28736323692764204,0.10341375613027802,0.21338549230565362,0.36134098154963046,10,0.47344866930221163,0.02124344721510187,0.45825202262988973,0.48864531597453353,10,5.002313531931353,0.5506138042063285,4.608428144559844,5.396198919302862,10
"{""dynamic.change_interval"": 10}",uncertainty_aware,58,2.0768981220132856,0.6478634064119244,1.613444560099385,2.5403516839271862,10,0.01755548659114494,0.03457838519195525,-0.007180400053845203,0.042291373236135084,10,0.103125,0.05166498653182185,0.06616609508666665,0.14008390491333333,10,0.24916022604891305,0.09182698895023443,0.18347115534724787,0.31484929675057827,10,0.5838793499437098,0.03298451854846678,0.5602836468093636,0.607475053078056,10,2.286930592283394,0.6751414237002836,1.803963512320596,2.7698976722461914,10
"{""dynamic.change_interval"": 10}",ucb,59,4.686681666855089,0.5868443414127585,4.266878514485293,5.106484819224884,10,0.09080051612277808,0.05467919022093937,0.051685379784378996,0.12991565246117714,10,0.1,0.04370036867375631,0.06873863947499192,0.1312613605250081,10,0.3107038097511555,0.031059068189059662,0.2884854908285489,0.33292212867376214,10,0.32196331803109085,0.023739714605176702,0.3049809492420854,0.3389456868200963,10,4.951570339081767,0.5352859152554393,4.5686498629255,5.334490815238035,10
"{""dynamic.change_interval"": 10}",sliding_window_ucb,59,4.467158232844076,0.4669933501046028,4.1330913147961175,4.8012251508920345,10,0.08199196295680504,0.021489958897278096,0.06661897245023159,0.09736495346337849,10,0.1046875,0.050523517969907394,0.06854515250540075,0.14082984749459926,10,0.3046315112597879,0.05474346600535792,0.26547039479511714,0.3437926277244586,10,0.4570645036370607,0.03151309050539424,0.43452139671499135,0.47960761055913004,10,4.793392174180748,0.4658937837057541,4.460111838549799,5.126672509811697,10
"{""dynamic.change_interval"": 10}",discounted_ucb,59,4.755244797858063,0.5499650204500268,4.361823522427118,5.148666073289009,10,0.07051809452061521,0.053064925227080936,0.03255773379366798,0.10847845524756244,10,0.0875,0.04179667218278933,0.0576004619067109,0.1173995380932891,10,0.30086561555401725,0.0312132234687672,0.2785370205874773,0.3231942105205572,10,0.4765226376785905,0.014380377017942713,0.4662355356680892,0.4868097396890918,10,5.071977575242804,0.5538467654349263,4.675779466729625,5.468175683755983,10
"{""dynamic.change_interval"": 10}",uncertainty_aware,59,2.1058573370492626,0.7012739980010102,1.6041961395891866,2.607518534509339,10,0.02895921503597771,0.0696119277132462,-0.020838158192854075,0.0787565882648095,10,0.0953125,0.04799020624912268,0.06098237453988529,0.1296426254601147,10,0.2486484951761016,0.03541454880119834,0.2233144531187033,0.2739825372334999,10,0.5335762352992367,0.09123545390095995,0.46831032328020417,0.5988421473182692,10,2.3043775152169292,0.7250138894544059,1.785733822458253,2.8230212079756054,10
"{""dynamic.change_interval"": 10}",ucb,60,4.759971658591017,0.6105007621960798,4.3232457222429055,5.196697594939128,10,0.07328999173592701,0.08775884366635091,0.010511096857651794,0.13606888661420224,10,0.00625,0.01092509216843908,-0.001565340131252025,0.014065340131252026,10,0.14304515346843152,0.0761351144631578,0.08858137354899885,0.19750893338786418,10,0.3114997610671873,0.01916094235205882,0.29779284863039757,0.32520667350397703,10,5.047743818196528,0.5673925985094967,4.64185560444609,5.453632031946966,10
"{""dynamic.change_interval"": 10}",sliding_window_ucb,60,4.543426231794641,0.4487316343633771,4.222422958217364,4.864429505371917,10,0.07626799895056391,0.09257937761056853,0.0100407018247414,0.14249529607638642,10,0.0078125,0.01518477055949297,-0.0030500304855817263,0.018675030485581726,10,0.14507774866289552,0.07753701215897378,0.08961111154527174,0.2005443857805193,10,0.48048406073317995,0.04144026392688826,0.450839481747101,0.5101286397192589,10,4.8915982484899745,0.44702529483732745,4.571815616676618,5.211380880303331,10
"{""dynamic.change_interval"": 10}",discounted_ucb,60,4.909362594248226,0.5781692296513438,4.495765242987179,5.3229599455092735,10,0.15411779639016238,0.09379787071110875,0.08701884180996929,0.22121675097035548,10,0.01875,0.01613743060919757,0.007205977568802894,0.030294022431197103,10,0.20899292410582584,0.07858130369540657,0.1527792458257497,0.265206602385902,10,0.4686944678448749,0.021220493787913658,0.4535142410652082,0.4838746946245416,10,5.234098824994961,0.5996854647799127,4.8051096863438225,5.663087963646099,10
"{""dynamic.change_interval"": 10}",uncertainty_aware,60,2.1323469798607966,0.6985468326307834,1.6326366789820845,2.6320572807395086,10,0.02648964281153358,0.042668481465390866,-0.004033550072769263,0.05701283569583643,10,0.009375,0.013176156917368247,-5.06548452254129e-05,0.01880065484522541,10,0.08724356742857595,0.08280113188535719,0.02801120591073434,0.14647592894641756,10,0.552604950741571,0.06917048367692769,0.503123367552727,0.602086533930415,10,2.344749408291835,0.7160011101377557,1.8325530694594736,2.856945747124197,10
"{""dynamic.change_interval"": 10}",ucb,61,4.7873413812534045,0.620149300184609,4.343713296622508,5.230969465884301,10,0.027369722662388418,0.0365499453374792,0.0012234668517263451,0.05351597847305049,10,0.0078125,0.011048543456039806,-9.115186239035643e-05,0.015716151862390358,10,0.10806349317992417,0.08491441369464403,0.04731938092550969,0.16880760543433865,10,0.30798193605377816,0.019626450874991076,0.2939420188803124,0.3220218532272439,10,5.073833759988118,0.6009601031492614,4.643932799976829,5.503734719999407,10
"{""dynamic.change_interval"": 10}",sliding_window_ucb,61,4.646359659163704,0.5142069195565239,4.2785181881519545,5.014201130175454,10,0.10293342736906474,0.09012421208331146,0.03846244985851009,0.16740440487961938,10,0.0171875,0.020104436526686233,0.0028056524896307687,0.03156934751036923,10,0.1797322332420084,0.10499558194213453,0.10462291860143783,0.25484154788257896,10,0.4801224002014301,0.05099069040464732,0.4436458576793523,0.5165989427235079,10,4.989356930343647,0.49262312970821126,4.636955572457289,5.341758288230006,10
"{""dynamic.change_interval"": 10}",discounted_ucb,61,4.96713466856218,0.6149807197752146,4.5272039636213,5.407065373503061,10,0.05777207431395533,0.05507435848195783,0.01837425163100928,0.09716989699690137,10,0.015625,0.02329237476562281,-0.0010373611454568207,0.03228736114545682,10,0.14845943408373746,0.10403939019157193,0.07403413781538092,0.222884730352094,10,0.4738906747346852,0.02916932002442638,0.45302420021222783,0.4947571492571426,10,5.300584707690364,0.6515559829913734,4.834489635619463,5.766679779761264,10
"{""dynamic.change_interval"": 10}",uncertainty_aware,61,2.2458736470721887,0.743087106115113,1.7143011539618522,2.7774461401825254,10,0.1135266672113919,0.0734550350012823,0.060980100643609376,0.16607323377917443,10,0.0265625,0.02857472234238584,0.006121375035674972,0.04700362496432503,10,0.19401716824754525,0.10059321436797798,0.12205711765384669,0.2659772188412438,10,1.0,0.0,1.0,1.0,10,2.456793025151046,0.7796962549639365,1.8990319245893486,3.0145541257127433,10
"{""dynamic.change_interval"": 10}",ucb,62,4.86216165212938,0.690625235057805,4.3681181207809585,5.356205183477802,10,0.07482027087597574,0.09977174529542512,0.0034478638563837094,0.14619267789556778,10,0.0234375,0.025779934730759544,0.004995645654422502,0.0418793543455775,10,0.14025340607313735,0.11365480503648256,0.05894965639153117,0.22155715575474355,10,0.3125128481605185,0.028773434593053124,0.29192957301537414,0.33309612330566285,10,5.147334628977427,0.6551249725053541,4.6786864556103005,5.615982802344554,10
"{""dynamic.change_interval"": 10}",sliding_window_ucb,62,4.725405300194187,0.524391862584781,4.350277959850075,5.100532640538299,10,0.07904564103048323,0.08873671651435379,0.01556721805721066,0.14252406400375578,10,0.0234375,0.03914920931867945,-0.004568157250100419,0.051443157250100416,10,0.1612829130964984,0.10865492866784797,0.08355585950428288,0.2390099666887139,10,0.4791693479454306,0.03257646737751324,0.4558655470342226,0.5024731488566385,10,5.083887306356317,0.4916439479563053,4.732186412898402,5.435588199814232,10
"{""dynamic.change_interval"": 10}",discounted_ucb,62,5.01739920721275,0.6421865332671494,4.558006635707384,5.476791778718116,10,0.05026453865057038,0.052623944842927504,0.0126196362868327,0.08790944101430806,10,0.0109375,0.01811721576138134,-0.0020227754121849434,0.023897775412184942,10,0.12486592563361931,0.10020744872420824,0.053181835157284474,0.19655001610995415,10,0.4625185115414324,0.022751864493239803,0.44624280815208245,0.4787942149307824,10,5.358698096240154,0.6780975452861684,4.873616334285952,5.843779858194356,10
"{""dynamic.change_interval"": 10}",uncertainty_aware,62,2.2844521780913336,0.7695605563559417,1.7339417195258817,2.8349626366567855,10,0.038578531019144824,0.054365938199366595,-0.000312518322307373,0.07746958036059702,10,0.0125,0.02057126839388698,-0.0022157989105067166,0.027215798910506718,10,0.1455412864606829,0.08242188445793791,0.08658022220912398,0.20450235071224182,10,1.0,0.0,1.0,1.0,10,2.535581774527901,0.7955263487324225,1.966496507066474,3.104667041989328,10
"{""dynamic.change_interval"": 10}",ucb,63,4.9447482459362835,0.6808647934333715,4.457686913909397,5.43180957796317,10,0.0825865938069037,0.07043560807824786,0.03219999514064098,0.1329731924731664,10,0.0109375,0.012863634411696323,0.001735410287483776,0.020139589712516223,10,0.1603360365811964,0.09018620460873253,0.09582071228946214,0.22485136087293067,10,0.3142277607817864,0.028250240801103575,0.2940187559288834,0.3344367656346894,10,5.245354064936876,0.649891035070772,4.780450024859089,5.710258105014663,10
"{""dynamic.change_interval"": 10}",sliding_window_ucb,63,4.7855293601349,0.5111828261892929,4.419851195197752,5.151207525072048,10,0.060124059940712016,0.06944709150818135,0.01044460342953029,0.10980351645189373,10,0.0078125,0.01518477055949297,-0.0030500304855817263,0.018675030485581726,10,0.1367536741093588,0.0856532804549771,0.07548100841533482,0.19802633980338274,10,0.46219488312479784,0.0268385864837412,0.44299571493668827,0.4813940513129074,10,5.15832437984393,0.5043551526889107,4.797530438297114,5.519118321390746,10
"{""dynamic.change_interval"": 10}",discounted_ucb,63,5.100939656840211,0.634823534775307,4.646814257154766,5.555065056525656,10,0.08354044962746046,0.08764883960374797,0.020840246915055025,0.14624065233986588,10,0.0109375,0.016552342272990316,-0.0009033323552663612,0.02277833235526636,10,0.1530181737981869,0.07708428746035462,0.09787539642023184,0.20816095117614197,10,0.4681692697788649,0.024740669497863122,0.45047086099479344,0.4858676785629364,10,5.449399669416593,0.6619452305685514,4.975872577343336,5.92292676148985,10
"{""dynamic.change_interval"": 10}",uncertainty_aware,63,2.33713434053288,0.7831259552514824,1.7769197801850163,2.8973489008807434,10,0.05268216244154651,0.03648458555622624,0.02658266220177763,0.0787816626813154,10,0.00625,0.015095184110614,-0.004548444200693183,0.017048444200693184,10,0.12884015164478144,0.06911024609465001,0.07940165982641985,0.17827864346314304,10,1.0,0.0,1.0,1.0,10,2.602105325550935,0.8020296187837542,2.028367898946781,3.175842752155089,10
"{""dynamic.change_interval"": 10}",ucb,64,4.998960713283777,0.6931438260755256,4.5031154904574695,5.494805936110085,10,0.054212467347493874,0.03795502353270581,0.027061079146422813,0.08136385554856493,10,0.01875,0.02927806108865666,-0.002194263193719039,0.039694263193719034,10,0.15948851377906162,0.10514615104617178,0.08427148849008952,0.2347055390680337,10,0.3067717504485522,0.018032212487033544,0.2938722827157036,0.3196712181814008,10,5.300125840575765,0.6744282530435368,4.817668932167419,5.782582748984111,10
"{""dynamic.change_interval"": 10}",sliding_window_ucb,64,4.882492201523928,0.5440683953584006,4.493289117574302,5.271695285473554,10,0.09696284138902742,0.06295234629618938,0.051929445717878844,0.141996237060176,10,0.028125,0.03439077920670662,0.0035233185921622126,0.05272668140783779,10,0.19373449323803907,0.10370996410764258,0.11954485419383408,0.26792413228224404,10,0.49855989053113153,0.043041465624475334,0.46776988085280335,0.5293499002094597,10,5.247342134941794,0.5475767919271458,4.855629295277771,5.639054974605818,10
"{""dynamic.change_interval"": 10}",discounted_ucb,64,5.165528946850857,0.5979440790587718,4.737785520501327,5.593272373200388,10,0.06458929001064609,0.06392250388433243,0.018861885408922398,0.11031669461236979,10,0.01875,0.03359274061791062,-0.00528079899209738,0.04278079899209738,10,0.17274396812121012,0.09954161576091934,0.10153618585339869,0.24395175038902156,10,0.4767950410618932,0.02884627920096051,0.4561596560234183,0.4974304261003681,10,5.5174268993976305,0.6342415847165636,5.063717801705648,5.971135997089613,10
"{""dynamic.change_interval"": 10}",uncertainty_aware,64,2.3714937961544282,0.7848670637710844,1.8100337218029923,2.932953870505864,10,0.03435945562154831,0.046930397144136264,0.0007874719237149636,0.06793143931938166,10,0.0234375,0.04182911042762763,-0.006485243015752311,0.05336024301575231,10,0.12787693497365143,0.09737246375630622,0.05822087057247845,0.19753299937482444,10,0.529312697113542,0.0028545849808283455,0.5272706500337758,0.5313547441933082,10,2.625265522384413,0.7962520914192498,2.0556610898799934,3.194869954888832,10
"{""dynamic.change_interval"": 10}",ucb,65,5.0567087382992195,0.6679789976676405,4.578865349262504,5.534552127335935,10,0.05774802501544143,0.04171103357403626,0.02790974909234308,0.08758630093853978,10,0.0234375,0.037737960276535,-0.0035586105017329575,0.05043361050173296,10,0.14964554254734402,0.10367518906527229,0.07548078006985466,0.2238103050248334,10,0.3086997966684159,0.03149195074661941,0.286171812218777,0.3312277811180548,10,5.373753222480755,0.6764970753951925,4.8898163677158895,5.857690077245621,10
"{""dynamic.change_interval"": 10}",sliding_window_ucb,65,4.954850734793077,0.5841704273622119,4.536960385305358,5.372741084280795,10,0.07235853326914915,0.07521799051262822,0.018550824301375113,0.1261662422369232,10,0.025,0.03391420957520772,0.0007392359692392665,0.04926076403076074,10,0.17178601537387647,0.11230770738589617,0.09144592129965795,0.252126109448095,10,0.459098004740868,0.026403167097412205,0.44021031681777006,0.4779856926639659,10,5.343109989673318,0.6089921663295681,4.907463237796661,5.778756741549974,10
"{""dynamic.change_interval"": 10}",discounted_ucb,65,5.211374153147138,0.5894260579225578,4.789724152042753,5.6330241542515225,10,0.04584520629628017,0.03682439404469607,0.01950262170757094,0.0721877908849894,10,0.0140625,0.025989531145572183,-0.004529290588384116,0.032654290588384115,10,0.14198710318607294,0.09414975577822737,0.07463642519300237,0.2093377811791435,10,0.4642439645729809,0.026194112394350582,0.4455058253754474,0.48298210377051437,10,5.583395841941351,0.6207315606138687,5.1393512332913,6.027440450591402,10
"{""dynamic.change_interval"": 10}",uncertainty_aware,65,2.4124191974169857,0.8034215112562962,1.8376860709202054,2.987152323913766,10,0.0409254012625577,0.07250037080421141,-0.010938239678950357,0.09278904220406575,10,0.021875,0.028716768233521296,0.001332261526483955,0.04241773847351604,10,0.13383174768408312,0.11410421001511374,0.05220651304742761,0.21545698232073862,10,0.5269662873167862,0.002171714789461744,0.5254127361443077,0.5285198384892646,10,2.6830791094261435,0.8161545929313122,2.099237285018627,3.26692093383366,10
"{""dynamic.change_interval"": 10}",ucb,66,5.0944122622628445,0.6546601460455242,4.626096605713843,5.562727918811846,10,0.037703523963626424,0.03418048262997708,0.013252279664257818,0.06215476826299503,10,0.0171875,0.04385528007296017,-0.014184677464244892,0.048559677464244895,10,0.12171552930577301,0.11616329033206287,0.03861731734440327,0.20481374126714275,10,0.3145254942076398,0.030105102807314307,0.29298960100893856,0.33606138740634106,10,5.416873775039947,0.6681716089371704,4.9388926002014015,5.894854949878492,10
"{""dynamic.change_interval"": 10}",sliding_window_ucb,66,5.019852609410785,0.6282997949637892,4.570394012052381,5.46931120676919,10,0.06500187461770829,0.06583951118543843,0.017903125604308352,0.11210062363110823,10,0.0234375,0.04555431167847891,-0.009150091456745175,0.056025091456745175,10,0.14824037574382257,0.1202983054157287,0.06218415218598651,0.23429659930165864,10,0.45706450363706075,0.03151309050539424,0.4345213967149914,0.4796076105591301,10,5.412755388670559,0.6601116292195304,4.940539975985153,5.884970801355964,10
"{""dynamic.change_interval"": 10}",discounted_ucb,66,5.2953511496059305,0.6257496069686426,4.847716846841423,5.742985452370438,10,0.08397699645879315,0.057448386945209956,0.042880896119646815,0.1250730967979395,10,0.021875,0.04431676538788051,-0.009827304171285363,0.05357730417128536,10,0.16093085715201677,0.10546503613861165,0.08548571520995107,0.23637599909408247,10,0.4618358178976326,0.02941954590021975,0.44079034256686944,0.4828812932283958,10,5.665731722346785,0.6606676709110487,5.193118541397334,6.138344903296236,10
"{""dynamic.change_interval"": 10}",uncertainty_aware,66,2.4349622293562776,0.8397476675112681,1.8342429361144916,3.035681522598064,10,0.022543031939291462,0.07128732629408364,-0.028452849234625446,0.07353891311320837,10,0.01875,0.04345136169711294,-0.012333231664626979,0.04983323166462698,10,0.10154583854590735,0.10404633876748019,0.027115571565788046,0.17597610552602666,10,0.5272967831183275,0.012821883053477659,0.5181245605282474,0.5364690057084076,10,2.706029971225469,0.8593461583172055,2.0912907622387067,3.320769180212231,10
"{""dynamic.change_interval"": 10}",ucb,67,5.127186249910496,0.6488414427249705,4.6630330429657505,5.591339456855241,10,0.03277398764765147,0.03523338192900182,0.007569544563415239,0.0579784307318877,10,0.01875,0.04874732898665663,-0.01612173843909041,0.053621738439090405,10,0.1149176627472289,0.11182648647464626,0.03492181337517901,0.19491351211927876,10,0.3017361105013222,0.021200342044227195,0.2865702994106693,0.3169019215919751,10,5.450100086973428,0.6625865317287088,4.976114235686434,5.924085938260423,10
"{""dynamic.change_interval"": 10}",sliding_window_ucb,67,5.090124944163621,0.6790448943539835,4.604365489511377,5.575884398815866,10,0.07027233475283659,0.06925644679294848,0.02072925725528687,0.1198154122503863,10,0.0265625,0.04888625012607215,-0.008408616635559075,0.06153361663555908,10,0.1575104345192102,0.11583044623995635,0.07465032487774627,0.24037054416067416,10,0.4596296933809293,0.029393938667746894,0.43860253636075885,0.48065685040109973,10,5.488574472376021,0.7155721739110541,4.976684976035659,6.0004639687163825,10
"{""dynamic.change_interval"": 10}",discounted_ucb,67,5.383652780667569,0.6699289129978029,4.904414506233329,5.86289105510181,10,0.08830163106163805,0.05344710598210351,0.05006787469224958,0.12653538743102652,10,0.0265625,0.05364836159090871,-0.011815225959016153,0.06494022595901615,10,0.17090274675427758,0.10263105630227876,0.09748491185956432,0.24432058164899084,10,0.4677436952887784,0.020229418123857364,0.45327244132975136,0.48221494924780545,10,5.754943118287317,0.7039728000588604,5.251351314137262,6.258534922437372,10
"{""dynamic.change_interval"": 10}",uncertainty_aware,67,2.447263744457719,0.8327133334486789,1.851576510666635,3.042950978248803,10,0.01230151510144116,0.02669851621916575,-0.006797452855580765,0.03140048305846309,10,0.0203125,0.04888625012607214,-0.01465861663555906,0.05528361663555906,10,0.09516697058041095,0.12072434293339313,0.00880597814210353,0.18152796301871837,10,0.5058833540570947,0.06686799414002782,0.45804887265943794,0.5537178354547515,10,2.719505590992133,0.8538238102533873,2.108716831830094,3.3302943501541717,10
"{""dynamic.change_interval"": 10}",ucb,68,5.214806150023426,0.6971517596557408,4.716093824231768,5.713518475815084,10,0.08761990011292882,0.0856451854592385,0.026353025230010402,0.14888677499584724,10,0.0328125,0.049657026818970953,-0.00270999706579908,0.06833499706579908,10,0.18478955279243117,0.10489393923889002,0.10975294896156987,0.25982615662329245,10,0.3120419842853238,0.027493693232181794,0.2923741809605577,0.33170978761008996,10,5.540031155719118,0.7077613168209023,5.033729209939884,6.046333101498353,10
"{""dynamic.change_interval"": 10}",sliding_window_ucb,68,5.127348112912706,0.6659739320684036,4.650939061399364,5.603757164426049,10,0.03722316874908478,0.034879117700339544,0.012272151027366743,0.06217418647080282,10,0.0234375,0.04555431167847891,-0.009150091456745175,0.056025091456745175,10,0.16186549035906622,0.09446052928174245,0.09429249839405796,0.2294384823240745,10,0.4565328149969995,0.02869089796669479,0.43600858299751755,0.47705704699648144,10,5.555581478688348,0.716241152874803,5.043213423626307,6.067949533750388,10
"{""dynamic.change_interval"": 10}",discounted_ucb,68,5.462361189701217,0.6609260912226326,4.989563145997227,5.935159233405207,10,0.0787084090336484,0.05989524273316713,0.03586193350862935,0.12155488455866745,10,0.0265625,0.04832816962359186,-0.008009389894012352,0.06113438989401235,10,0.18697432540783696,0.09948108934883863,0.11580984112690214,0.2581388096887718,10,0.4684674599306001,0.038904655386126356,0.44063674602503816,0.4962981738361621,10,5.847058959648413,0.7103016980918531,5.33893973458316,6.355178184713665,10
"{""dynamic.change_interval"": 10}",uncertainty_aware,68,2.4856984808154854,0.8392727744156454,1.8853189056292594,3.0860780560017114,10,0.03843473635776691,0.049915094248087884,0.0027276289743383766,0.07414184374119545,10,0.0390625,0.048997103443298905,0.004012083678411056,0.07411291632158895,10,0.1602219090937065,0.10047670920387311,0.08834520127373367,0.23209861691367933,10,0.5009462353894826,0.06433310750340245,0.4549251026532333,0.5469673681257318,10,2.7848690160390994,0.8738433161858821,2.159759165053776,3.4099788670244227,10
"{""dynamic.change_interval"": 10}",ucb,69,5.326639753955081,0.7150725982850819,4.815107632488822,5.83817187542134,10,0.11183360393165458,0.08295127440350748,0.052493836926571676,0.17117337093673748,10,0.0234375,0.021156350012072812,0.008303158913357214,0.038571841086642786,10,0.2119364918885011,0.08114824354860797,0.15388653545718065,0.2699864483198216,10,0.3051465655533655,0.026448424591236117,0.2862265023695129,0.3240666287372181,10,5.67006833907909,0.714657982485014,5.158832815888741,6.181303862269439,10
"{""dynamic.change_interval"": 10}",sliding_window_ucb,69,5.191520463812038,0.6754662269436472,4.708321033606013,5.674719894018064,10,0.06417235089933213,0.0700502902496572,0.014061392002752165,0.11428330979591209,10,0.021875,0.033104684545980624,-0.001806664710532712,0.04555666471053271,10,0.16748836922259996,0.10332628720433833,0.09357319610084189,0.24140354234435804,10,0.4534359366130696,0.027586573792152364,0.43370169053829644,0.4731701826878427,10,5.641170539382416,0.7172200291677081,5.1281022384041375,6.154238840360694,10
"{""dynamic.change_interval"": 10}",discounted_ucb,69,5.5525807664293065,0.682403929255914,5.0644184029625094,6.040743129896104,10,0.09021957672808975,0.07501167510167808,0.036559456914350724,0.14387969654182878,10,0.021875,0.021092142428454776,0.006786590251715196,0.0369634097482848,10,0.20376101499166932,0.0804460939001542,0.14621334616040754,0.2613086838229311,10,0.46855493860801056,0.03366506567092488,0.44447240138976346,0.49263747582625766,10,5.968920666111551,0.7262541036731631,5.449389777546582,6.488451554676519,10
"{""dynamic.change_interval"": 10}",uncertainty_aware,69,2.5346799068975736,0.8519970438681613,1.9251979376848336,3.1441618761103136,10,0.04898142608208807,0.046229873234655695,0.015910567000711598,0.08205228516346454,10,0.0265625,0.032148540337522846,0.0035648196521083086,0.04956018034789169,10,0.1660205346015574,0.08509405836507541,0.10514791229152584,0.22689315691158898,10,0.4970682566900278,0.06338854361328859,0.45172282425571875,0.5424136891243369,10,2.868990242112125,0.8783439715171802,2.2406608162540844,3.497319667970166,10
"{""dynamic.change_interval"": 10}",ucb,70,5.378755672647521,0.7268604891395002,4.858791002051516,5.898720343243525,10,0.05211591869243994,0.031422055313929644,0.029637934423272755,0.07459390296160713,10,0.0984375,0.05465028495656114,0.059343041242093296,0.1375319587579067,10,0.3016375537019284,0.051721814038762574,0.2646379968390549,0.3386371105648019,10,0.30688934278812924,0.02091259574665636,0.2919293729986162,0.32184931257764227,10,5.719155907061253,0.7295438222919528,5.1972716955635745,6.241040118558932,10
"{""dynamic.change_interval"": 10}",sliding_window_ucb,70,5.24526607082681,0.6767745847791808,4.761130697807632,5.729401443845989,10,0.05374560701477131,0.035137220938909475,0.028609953358884315,0.0788812606706583,10,0.115625,0.07518784346924412,0.061838856927905916,0.1694111430720941,10,0.30686379088824023,0.046785709333674264,0.2733953106148332,0.34033227116164727,10,0.4507341737106441,0.027905400201573383,0.4307718529620802,0.470696494459208,10,5.695484344550891,0.7234906919419222,5.177930281651955,6.213038407449828,10
"{""dynamic.change_interval"": 10}",discounted_ucb,70,5.629864863717186,0.6864816531696861,5.1387854722879585,6.120944255146414,10,0.07728409728787952,0.025383355109883425,0.05912593891286999,0.09544225566288905,10,0.11875,0.06758803415628473,0.0704004330041259,0.16709956699587408,10,0.3231270165906642,0.04859095497059905,0.2883671413838777,0.35788689179745065,10,0.4693283591628217,0.02305506842594631,0.45283575674628723,0.4858209615793561,10,6.039497696982449,0.7420425141588053,5.508672459941997,6.570322934022902,10
"{""dynamic.change_interval"": 10}",uncertainty_aware,70,2.5346799068975736,0.8519970438681613,1.9251979376848336,3.1441618761103136,10,0.0,0.0,0.0,0.0,10,0.1125,0.08583485031021944,0.051097447056109115,0.1739025529438909,10,0.2473502670089866,0.06286760122059945,0.2023774943129098,0.2923230397050634,10,0.4831352778500769,0.07827916928597368,0.4271377335063253,0.5391328221938285,10,2.8637905234013465,0.8958718142823322,2.2229224341741767,3.5046586126285164,10
"{""dynamic.change_interval"": 10}",ucb,71,5.471658958800271,0.717296397023475,4.958536027548973,5.984781890051568,10,0.09290328615275027,0.054942684608683845,0.05359965728438901,0.13220691502111154,10,0.0984375,0.0871676475805228,0.0360815213245152,0.1607934786754848,10,0.3090993233161342,0.06348801940491139,0.2636827301873091,0.35451591644495933,10,0.30069930699127084,0.03182407876991743,0.2779337324664935,0.3234648815160482,10,5.806906641392006,0.7275248816757139,5.286466693006934,6.327346589777077,10
"{""dynamic.change_interval"": 10}",sliding_window_ucb,71,5.295653342407965,0.6880619764976188,4.803443455772406,5.7878632290435235,10,0.05038727158115584,0.04810546950532605,0.015974691754709357,0.08479985140760232,10,0.0890625,0.08622898798000331,0.027377997952119072,0.15074700204788094,10,0.2808581260253358,0.09402316117348516,0.2135980083570284,0.34811824369364314,10,0.4755407809214395,0.03173976098635442,0.45283552370543156,0.4982460381374474,10,5.754993881590847,0.717338107966997,5.241841112128046,6.268146651053648,10
"{""dynamic.change_interval"": 10}",discounted_ucb,71,5.71346328338717,0.6796169641535698,5.227294594653084,6.199631972121256,10,0.08359841966998359,0.03592433963590117,0.05789969521837104,0.10929714412159613,10,0.0953125,0.0752779859826969,0.04146187285838431,0.14916312714161567,10,0.3066866275116382,0.05425881127574195,0.2678722121548182,0.34550104286845823,10,0.46792544509093387,0.03097639697860198,0.4457662655896546,0.49008462459221314,10,6.124835735508708,0.7109868987433428,5.6162263474254255,6.633445123591991,10
"{""dynamic.change_interval"": 10}",uncertainty_aware,71,2.578484501605673,0.8376485138193781,1.9792668524541113,3.1777021507572347,10,0.043804594708099096,0.04724152840419866,0.010010041114711259,0.07759914830148693,10,0.090625,0.0550213026926844,0.05126513114231337,0.12998486885768662,10,0.26035650637466246,0.0580658719353292,0.21881868388349018,0.3018943288658347,10,1.0,0.0,1.0,1.0,10,2.9027984407906287,0.8591294301723263,2.2882142697790275,3.5173826118022298,10
"{""dynamic.change_interval"": 10}",ucb,72,5.555073358760906,0.7163910715237624,5.042598058357996,6.0675486591638155,10,0.08341439996063534,0.05407609427712972,0.044730692470614036,0.12209810745065663,10,0.109375,0.0683066512948125,0.060511365271318486,0.15823863472868152,10,0.31587602010103627,0.049778902298755034,0.280266338569103,0.35148570163296955,10,0.3102911203474206,0.028425484931832685,0.28995675339536664,0.3306254872994746,10,5.913898667585618,0.72570811567552,5.39475835530535,6.433038979865887,10
"{""dynamic.change_interval"": 10}",sliding_window_ucb,72,5.347822443446644,0.6807976984423555,4.860809108284937,5.83483577860835,10,0.0521691010386777,0.042927792339358846,0.021460408329883995,0.08287779374747141,10,0.09375,0.06948783366732465,0.04404139830391023,0.14345860169608976,10,0.28414447056032566,0.08211285875539591,0.22540446997920804,0.34288447114144327,10,0.45873634420911813,0.039530930997599176,0.43045761971983704,0.4870150686983992,10,5.8302543582437485,0.7220550888865189,5.313727263904752,6.346781452582745,10
"{""dynamic.change_interval"": 10}",discounted_ucb,72,5.797575980960734,0.6730064171119639,5.316136192705222,6.2790157692162465,10,0.08411269757356367,0.0479177795016466,0.04983438308743426,0.11839101205969307,10,0.1078125,0.061383252160775365,0.06390156665476565,0.15172343334523436,10,0.3152128101858764,0.0437790624503972,0.2838951555242899,0.34653046484746286,10,0.47309682473242753,0.03296738027567513,0.4495133815798795,0.49668026788497555,10,6.2311645517871606,0.6999666596007635,5.730438567880165,6.7318905356941565,10
"{""dynamic.change_interval"": 10}",uncertainty_aware,72,2.6360033337926647,0.8340631227406158,2.0393505189099645,3.232656148675365,10,0.05751883218699191,0.04714009568637548,0.02379683918879205,0.09124082518519176,10,0.0984375,0.08170611823446544,0.03998846405947531,0.15688653594052468,10,0.29296173098911854,0.08906690020847172,0.22924710883001398,0.3566763531482231,10,1.0,0.0,1.0,1.0,10,2.9868761778723236,0.8593047593161739,2.3721665839468504,3.601585771797797,10
"{""dynamic.change_interval"": 10}",ucb,73,5.630056303989634,0.6950468948429662,5.132849707777966,6.127262900201302,10,0.0749829452287276,0.0826055862145827,0.01589046865691065,0.13407542180054455,10,0.090625,0.0819547427615456,0.03199810878703043,0.14925189121296956,10,0.24549555483092664,0.12887769512514202,0.15330200559529647,0.33768910406655683,10,0.29118927722924914,0.020182574869954287,0.2767515329154006,0.3056270215430977,10,5.989168114251472,0.7052972373810469,5.484628864716442,6.493707363786501,10
"{""dynamic.change_interval"": 10}",sliding_window_ucb,73,5.422635477879303,0.6728948122230517,4.941275526951816,5.90399542880679,10,0.07481303443265999,0.09183045614049264,0.009121483452499218,0.14050458541282076,10,0.065625,0.06064969428337349,0.022238822348307236,0.10901117765169277,10,0.24931055970926758,0.08504167728250406,0.18847540856839656,0.3101457108501386,10,0.4905197323354612,0.03917025953879963,0.46249901666502524,0.5185404480058972,10,5.9093388097879425,0.7018614354318815,5.407257384904857,6.411420234671028,10
"{""dynamic.change_interval"": 10}",discounted_ucb,73,5.892539957712523,0.6561996059845335,5.423123037864659,6.361956877560386,10,0.0949639767517889,0.06342964168064233,0.04958914453117555,0.14033880897240225,10,0.075,0.06454972243679027,0.028823910275211577,0.12117608972478841,10,0.26228958848779316,0.09474741659870665,0.19451136969935406,0.33006780727623225,10,0.45849023513949316,0.018968128074655317,0.44492125372761715,0.4720592165513692,10,6.3232280321098795,0.6907640864774607,5.829085172439501,6.817370891780258,10
"{""dynamic.change_interval"": 10}",uncertainty_aware,73,2.6976508742274676,0.8171674461016505,2.1130844983097976,3.2822172501451377,10,0.06164754043480282,0.04274946228412281,0.031066417362567492,0.09222866350703815,10,0.0734375,0.067928328497763,0.024844501096880682,0.12203049890311932,10,0.23462149649184066,0.12002174055051042,0.14876311552029226,0.3204798774633891,10,1.0,0.0,1.0,1.0,10,3.05127156619909,0.8531289427591976,2.440979885297767,3.661563247100413,10
"{""dynamic.change_interval"": 10}",ucb,74,5.680176300488321,0.703227443162617,5.17711769254142,6.183234908435222,10,0.050119996498686245,0.038364416156532126,0.022675746456900337,0.07756424654047216,10,0.0921875,0.07455379419698682,0.03885492845355205,0.14552007154644797,10,0.29800765458167644,0.0645973917349078,0.25179746429527605,0.3442178448680768,10,0.29225767856019863,0.022794060847854868,0.2759517897171672,0.30856356740323004,10,6.063703531840946,0.7166419795638258,5.551048742638808,6.576358321043084,10
"{""dynamic.change_interval"": 10}",sliding_window_ucb,74,5.48760677043854,0.6792458022590848,5.001703594928913,5.973509945948167,10,0.06497129255923619,0.07275639851155109,0.012924500429158325,0.11701808468931404,10,0.0953125,0.06355447275325667,0.04984836900951005,0.14077663099048993,10,0.30006050471404155,0.045843413736459046,0.26726610210358487,0.33285490732449824,10,0.4548944293746965,0.03471345636611543,0.4300619186324709,0.4797269401169221,10,5.985927077509783,0.7013866653763424,5.484185282664683,6.487668872354883,10
"{""dynamic.change_interval"": 10}",discounted_ucb,74,5.986350299482824,0.6568180561762106,5.516490967019334,6.456209631946314,10,0.09381034177030112,0.05006460541799469,0.057996280538957355,0.12962440300164488,10,0.11875,0.04670106619054145,0.08534206978357758,0.1521579302164224,10,0.32326780723688886,0.03260447278514616,0.2999439724639257,0.34659164200985204,10,0.4694288735919562,0.027867730437742197,0.44949350016909584,0.4893642470148165,10,6.423023602354569,0.6848318327058673,5.933124421387775,6.9129227833213625,10
"{""dynamic.change_interval"": 10}",uncertainty_aware,74,2.717761199578721,0.8035479277894456,2.142937640141921,3.292584759015521,10,0.02011032535125349,0.036095367600441006,-0.005710745135909759,0.04593139583841674,10,0.11875,0.07373057653827662,0.06600632289084193,0.17149367710915805,10,0.2601920932766827,0.05934972063838068,0.21773586074953835,0.302648325803827,10,0.5787534207659337,0.022264398870090348,0.5628264292765356,0.5946804122553319,10,3.0879914224835723,0.8315349476190022,2.4931471551336664,3.682835689833478,10
"{""dynamic.change_interval"": 10}",ucb,75,5.765405769332685,0.6810312235050444,5.278225380404662,6.252586158260708,10,0.08522946884436461,0.04759098481842974,0.051184929191714655,0.11927400849701456,10,0.096875,0.06454972243679027,0.05069891027521158,0.14305108972478842,10,0.3076584165756103,0.04649985981456841,0.2743944207297691,0.34092241242145155,10,0.30178645732100423,0.027208621078160137,0.2823225823303225,0.321250332311686,10,6.155231317805116,0.7185049991294601,5.641243804690711,6.6692188309195215,10
"{""dynamic.change_interval"": 10}",sliding_window_ucb,75,5.560754661516799,0.6468805788873225,5.098004172060017,6.02350515097358,10,0.0731478910782595,0.049371799811959584,0.03782943312170039,0.10846634903481861,10,0.109375,0.05311478659992484,0.07137897059564682,0.14737102940435318,10,0.29472442540448435,0.059313013617326035,0.2522944514983497,0.33715439931061897,10,0.46842209484241215,0.04076020008911963,0.43926400421919387,0.49758018546563043,10,6.064520872302827,0.6843978121967316,5.574932170904584,6.55410957370107,10
"{""dynamic.change_interval"": 10}",discounted_ucb,75,6.072825819391636,0.6607807772166617,5.600131727065355,6.545519911717918,10,0.08647551990881203,0.03808370204413032,0.05923208064594114,0.11371895917168291,10,0.109375,0.0679083583875276,0.06079628685315092,0.15795371314684908,10,0.3176595827505057,0.048699058017689194,0.28282237528242493,0.3524967902185865,10,0.4677876689297982,0.037312519197620624,0.44109590064195775,0.4944794372176386,10,6.524552554493633,0.6972896835307794,6.025741563905466,7.0233635450818,10
"{""dynamic.change_interval"": 10}",uncertainty_aware,75,2.7546945652656767,0.7895715446299583,2.189869108042755,3.3195200224885983,10,0.03693336568695536,0.04450563750153924,0.005095950544815618,0.0687707808290951,10,0.09375,0.05657698172500112,0.05327726540304434,0.13422273459695566,10,0.2706823537916083,0.05668988145143433,0.23012885559566448,0.31123585198755216,10,0.6073993858592207,0.03029495356082948,0.5857276816128852,0.6290710901055562,10,3.1425431456637396,0.8328202762190668,2.5467794096233134,3.738306881704166,10
"{""dynamic.change_interval"": 10}",ucb,76,5.868427136077578,0.654813627485216,5.400001685520753,6.336852586634404,10,0.10302136674489275,0.045187390360420895,0.07069625498697471,0.13534647850281079,10,0.1109375,0.060939725742828146,0.06734384634083246,0.15453115365916753,10,0.31978794329193744,0.04323329801521918,0.2888607049880984,0.35071518159577647,10,0.3036959643977913,0.02967812034634838,0.2824655160512779,0.32492641274430467,10,6.246419705542978,0.7010088140781124,5.744948209233504,6.747891201852452,10
"{""dynamic.change_interval"": 10}",sliding_window_ucb,76,5.60067302266358,0.6555113594693306,5.131748444713389,6.069597600613771,10,0.03991836114678124,0.04242737827425475,0.009567643095313445,0.07026907919824904,10,0.1078125,0.07196175319995415,0.05633416288138428,0.15929083711861575,10,0.28163553515694334,0.07952956061189598,0.22474351474300527,0.3385275555708814,10,0.459098004740868,0.026403167097412205,0.44021031681777006,0.4779856926639659,10,6.117556851905695,0.699714589090323,5.617011188379139,6.618102515432251,10
"{""dynamic.change_interval"": 10}",discounted_ucb,76,6.154525013569663,0.6515919583119161,5.688404206304767,6.620645820834559,10,0.08169919417802678,0.04640842520260857,0.04850060671329741,0.11489778164275614,10,0.1125,0.05743353646704259,0.07141452305296792,0.1535854769470321,10,0.30576474304600004,0.08013169403177339,0.2484419823318263,0.3630875037601738,10,0.4683002314398964,0.017304144841925474,0.45592159192500253,0.4806788709547903,10,6.601717741985557,0.6934362462461823,6.105663334370719,7.097772149600395,10
"{""dynamic.change_interval"": 10}",uncertainty_aware,76,2.777737098262759,0.8288003635309802,2.1848490345252256,3.3706251620002923,10,0.02304253299708216,0.07286688733036564,-0.029083298072569177,0.0751683640667335,10,0.0984375,0.05707820080332285,0.05760621487395378,0.1392687851260462,10,0.24447814284489233,0.035391219855080494,0.21916078931020885,0.26979549637957584,10,0.5787919290266135,0.033956899022246544,0.5545006268051007,0.6030832312481262,10,3.1584217329545567,0.8699683123086513,2.536083892753542,3.7807595731555717,10
"{""dynamic.change_interval"": 10}",ucb,77,5.931264260580765,0.6416627925631975,5.472246350604918,6.3902821705566115,10,0.06283712450318679,0.027550157232087282,0.043128929266148544,0.08254531974022504,10,0.1015625,0.04844030009827675,0.06691039679655006,0.13621460320344994,10,0.3039279968110194,0.030197564108086467,0.2823259607822741,0.32553003283976467,10,0.27982001043212884,0.019400152686655132,0.26594197723050184,0.29369804363375585,10,6.297592049986976,0.6691492513776311,5.81891151187706,6.776272588096893,10
"{""dynamic.change_interval"": 10}",sliding_window_ucb,77,5.668738424897485,0.6452223910000333,5.207174131597302,6.130302718197667,10,0.06806540223390403,0.02111250358287699,0.052962426993189406,0.08316837747461867,10,0.103125,0.04431676538788051,0.07142269582871463,0.13482730417128536,10,0.3131260655227834,0.0312651358955288,0.2907603346432529,0.33549179640231386,10,0.48027071292274953,0.03987770102427671,0.4517439241000949,0.5087975017454042,10,6.1779272650614585,0.6741524352629661,5.695667664807239,6.660186865315678,10
"{""dynamic.change_interval"": 10}",discounted_ucb,77,6.215688199011063,0.6561166079286486,5.74633065239566,6.685045745626466,10,0.061163185441398794,0.024743382312898046,0.043462836026357435,0.07886353485644015,10,0.103125,0.053724153992615105,0.06469305542300173,0.14155694457699824,10,0.31205664280214535,0.03773152560181481,0.28506513538941125,0.33904815021487944,10,0.47366790809914033,0.024517418710855908,0.4561292033073218,0.49120661289095885,10,6.661018732420682,0.6838523692611358,6.17182021739324,7.150217247448124,10
"{""dynamic.change_interval"": 10}",uncertainty_aware,77,2.7814508370004978,0.8355452104334061,2.18373780045148,3.3791638735495155,10,0.0037137387377393603,0.011743873046055096,-0.004687321948806476,0.012114799424285196,10,0.103125,0.05270462766947299,0.06542238061909834,0.14082761938090166,10,0.24790622392309122,0.029624074980751657,0.22671443730209412,0.26909801054408833,10,0.575290258003528,0.08053317458331197,0.517680295404191,0.6329002206028649,10,3.1535723045106274,0.858220203909127,2.539638554785512,3.767506054235743,10
"{""dynamic.change_interval"": 10}",ucb,78,6.039755821452205,0.5917829368169869,5.616419810754112,6.463091832150298,10,0.10849156087144048,0.10648526377096904,0.03231659204688779,0.18466652969599318,10,0.0859375,0.049547649975105336,0.050493246414815396,0.1213817535851846,10,0.29211185933798456,0.02816751961449832,0.2719620296571912,0.31226168901877793,10,0.2925177801545764,0.023057950164004304,0.27602311626682097,0.30901244404233186,10,6.426424850699867,0.6318270711533717,5.974442991959917,6.878406709439817,10
"{""dynamic.change_interval"": 10}",sliding_window_ucb,78,5.739222162243272,0.6429579268986378,5.279277768976385,6.199166555510159,10,0.07048373734578783,0.08135653357419649,0.012284779206214125,0.12868269548536154,10,0.0734375,0.05802092684014009,0.031931829293061556,0.11494317070693845,10,0.24761276167690363,0.11155512168435479,0.1678110349816308,0.32741448837217646,10,0.4762542372325746,0.03323328365151295,0.4524805782637954,0.5000278962013538,10,6.262260968113267,0.653734794556086,5.794607268142703,6.729914668083832,10
"{""dynamic.change_interval"": 10}",discounted_ucb,78,6.341646440609201,0.6370713595787364,5.885913043927171,6.79737983729123,10,0.12595824159813823,0.07818730974309428,0.07002640961276632,0.18189007358351014,10,0.0796875,0.05726798753084775,0.038720449627753915,0.12065455037224607,10,0.29628986096452226,0.04185920171001706,0.2663455919421026,0.3262341299869419,10,0.4602004759271431,0.02881022655237433,0.43959088139981345,0.4808100704544727,10,6.794029534760111,0.6526128367700795,6.327178435039993,7.260880634480229,10
"{""dynamic.change_interval"": 10}",uncertainty_aware,78,2.8396903437924426,0.8593547906644726,2.224944959596448,3.4544357279884372,10,0.05823950679194453,0.08977942994492112,-0.0059848284348511735,0.12246384201874022,10,0.1125,0.06579838207230732,0.06543067298171558,0.1595693270182844,10,0.2620436827468926,0.04026393260073888,0.233240600498705,0.2908467649950802,10,0.5380960732030802,0.09324702312618995,0.47139117124690577,0.6048009751592546,10,3.2523369286324253,0.8659550581968104,2.632869997475802,3.8718038597890487,10
"{""dynamic.change_interval"": 10}",ucb,79,6.136674578362407,0.5758858281470348,5.724710674136611,6.548638482588203,10,0.0969187569102016,0.06119161593708117,0.05314491186102443,0.14069260195937877,10,0.096875,0.04930066485916347,0.06160742892318074,0.13214257107681926,10,0.3077381272028932,0.03521104146974151,0.2825496655204718,0.33292658888531457,10,0.2948729154318209,0.03181944268508553,0.2721106573623448,0.31763517350129705,10,6.489656053283366,0.6204823463518545,6.045789721776718,6.933522384790015,10
"{""dynamic.change_interval"": 10}",sliding_window_ucb,79,5.8004199929233335,0.6596965492446839,5.328501510564472,6.272338475282195,10,0.06119783068006092,0.07755664427499057,0.005717149592665366,0.11667851176745647,10,0.096875,0.06020076365333288,0.05380996797481648,0.13994003202518351,10,0.27930288981046475,0.05655620677872979,0.23884501671479583,0.31976076290613364,10,0.46529176150872764,0.026873400377309762,0.44606768896142945,0.48451583405602583,10,6.297056933304338,0.6696937801822052,5.8179868627535605,6.776127003855116,10
"{""dynamic.change_interval"": 10}",discounted_ucb,79,6.384092203002512,0.6327831442246307,5.931426410788406,6.836757995216617,10,0.04244576239331055,0.04725261365572796,0.008643278888686615,0.07624824589793448,10,0.0765625,0.04260021884724694,0.046088139251007264,0.10703686074899274,10,0.2780846969483504,0.06799495262968158,0.22944403801235766,0.32672535588434315,10,0.4669662990741405,0.015106845197333834,0.45615951303453095,0.47777308511375005,10,6.8276073070890675,0.6590013697345716,6.356186126193666,7.299028487984469,10
"{""dynamic.change_interval"": 10}",uncertainty_aware,79,2.8400075024700033,0.8591159843945636,2.2254329499883814,3.4545820549516253,10,0.00031715867756042,0.0010029438007778623,-0.00040030409664421757,0.0010346214517650575,10,0.078125,0.05560978256266308,0.03834415800328899,0.117905841996711,10,0.2094622356827911,0.07421084801640429,0.15637499305500518,0.262549478310577,10,0.5530919828781562,0.06518053824621606,0.5064646347076884,0.599719331048624,10,3.217292239695823,0.8747571770458087,2.5915286520332383,3.8430558273584072,10
"{""dynamic.change_interval"": 10}",ucb,80,6.189700008307164,0.5630990387337368,5.786883222193589,6.592516794420739,10,0.05302542994475683,0.02840570736514109,0.0327052110116193,0.07334564887789435,10,0.0078125,0.016876928902103804,-0.00426052764199417,0.01988552764199417,10,0.12941653934135444,0.07243617221524624,0.07759882330381733,0.18123425537889154,10,0.291833291529706,0.02160746525968501,0.2763762420352872,0.3072903410241248,10,6.553583988517246,0.6227199528001999,6.1081169697848905,6.999051007249602,10
"{""dynamic.change_interval"": 10}",sliding_window_ucb,80,5.8726955625032975,0.6491094439563333,5.408350639026883,6.337040485979712,10,0.07227556957996382,0.07169641667345839,0.020987042777987804,0.12356409638193985,10,0.0140625,0.023810686355546794,-0.0029706389207627363,0.03109563892076274,10,0.14029639022138754,0.0944946000534382,0.07269902549455436,0.2078937549482207,10,0.47535368124544275,0.046888939753382625,0.44181135437838925,0.5088960081124962,10,6.371864719418251,0.6759081597522449,5.888349149525612,6.855380289310889,10
"{""dynamic.change_interval"": 10}",discounted_ucb,80,6.458631360995677,0.6065946265969567,6.024699705724126,6.8925630162672284,10,0.0745391579931657,0.04208512846078895,0.04443327070933388,0.10464504527699751,10,0.0125,0.02057126839388698,-0.0022157989105067166,0.027215798910506718,10,0.1474098130263331,0.08421572197547776,0.08716551471838108,0.20765411133428513,10,0.45758320810673503,0.02202950469390528,0.4418242497884473,0.47334216642502275,10,6.909528516007924,0.6482309970898579,6.445811995563987,7.373245036451862,10
"{""dynamic.change_interval"": 10}",uncertainty_aware,80,2.8549668940531006,0.885136076480731,2.221778689003186,3.488155099103015,10,0.01495939158309762,0.03208349047851224,-0.007991754898917265,0.037910538065112506,10,0.0109375,0.019557274328665195,-0.0030529312533191244,0.024927931253319123,10,0.08230677428824154,0.08031134708475729,0.024855497521933882,0.1397580510545492,10,0.5344044369987002,0.10151396112484268,0.4617857238538121,0.6070231501435883,10,3.234110409876589,0.9050878712633161,2.58664955064209,3.8815712691110877,10
"{""dynamic.change_interval"": 10}",ucb,81,6.211207649319063,0.5630903549867257,5.808397075183883,6.614018223454243,10,0.02150764101189934,0.034797157948164834,-0.0033847462350874297,0.04640002825888611,10,0.003125,0.009882117688026186,-0.00394424113391906,0.01019424113391906,10,0.06922617980620405,0.07448493389159741,0.015942867954764878,0.12250949165764322,10,0.28021386544514926,0.0227772122658201,0.2639200293516325,0.296507701538666,10,6.568123788292576,0.6036154140607188,6.136323333283229,6.999924243301923,10
"{""dynamic.change_interval"": 10}",sliding_window_ucb,81,5.949069320916862,0.6506827334354274,5.483598933946459,6.414539707887265,10,0.07637375841356449,0.042801167905503125,0.04575564736799634,0.10699186945913264,10,0.0078125,0.016876928902103804,-0.00426052764199417,0.01988552764199417,10,0.12251008127147693,0.07983761188038763,0.0653976942552249,0.17962246828772896,10,0.4671119148021045,0.015992211208253494,0.45567177607225623,0.4785520535319528,10,6.439688420658852,0.6649466445431199,5.964014246371157,6.915362594946547,10
"{""dynamic.change_interval"": 10}",discounted_ucb,81,6.5355458463351965,0.5859806635923769,6.11636053185876,6.954731160811633,10,0.07691448533951976,0.06412587550242282,0.031041597446313088,0.12278737323272644,10,0.0078125,0.016876928902103804,-0.00426052764199417,0.01988552764199417,10,0.11570351744474319,0.08472814733197044,0.05509265211922059,0.1763143827702658,10,0.48141001215516804,0.01930802140051924,0.46759788570533595,0.49522213860500014,10,6.970545653421793,0.6271256223029605,6.521927008585134,7.419164298258451,10
"{""dynamic.change_interval"": 10}",uncertainty_aware,81,2.921498887015959,0.8840767169201506,2.2890685021436306,3.5539292718882876,10,0.06653199296285814,0.04544366517384941,0.034023553247323146,0.09904043267839313,10,0.0078125,0.016876928902103804,-0.00426052764199417,0.01988552764199417,10,0.11497702969374372,0.08424364099436084,0.05471275932282527,0.17524130006466218,10,1.0,0.0,1.0,1.0,10,3.294401059539458,0.8878318982920252,2.6592843797395203,3.9295177393393956,10
"{""dynamic.change_interval"": 10}",ucb,82,6.266979950593468,0.5927814047151347,5.8429296789890275,6.6910302221979086,10,0.05577230127440487,0.05390440622824068,0.01721141201583201,0.09433319053297773,10,0.009375,0.01092509216843908,0.0015596598687479743,0.017190340131252025,10,0.13286873747146843,0.10426750119911674,0.05828026041853275,0.20745721452440413,10,0.2842143096348752,0.012909694732839722,0.27497927035353703,0.2934493489162134,10,6.638187940218789,0.6497582340015612,6.173378900302985,7.102996980134594,10
"{""dynamic.change_interval"": 10}",sliding_window_ucb,82,6.030770661481838,0.695806534015707,5.533020652141891,6.528520670821784,10,0.08170134056497608,0.08496439642059847,0.02092147282236996,0.1424812083075822,10,0.009375,0.015095184110613998,-0.001423444200693182,0.020173444200693183,10,0.14632537554521757,0.09945390621452871,0.07518033690713778,0.21747041418329738,10,0.46624481376472715,0.04785807334897047,0.4320092104872446,0.5004804170422097,10,6.523209210658815,0.7117025572790884,6.014087871299657,7.032330550017973,10
"{""dynamic.change_interval"": 10}",discounted_ucb,82,6.587260362922004,0.606711447232797,6.153245139201842,7.021275586642166,10,0.05171451658680716,0.052150610020130855,0.014408217557401834,0.08902081561621249,10,0.009375,0.013176156917368247,-5.06548452254129e-05,0.01880065484522541,10,0.13216724033765467,0.08444436135281941,0.07175938327214043,0.19257509740316892,10,0.4528225750230045,0.015433030116996229,0.4417824503484852,0.4638626996975238,10,7.039908308214192,0.6660872897923596,6.56341816547017,7.516398450958213,10
"{""dynamic.change_interval"": 10}",uncertainty_aware,82,2.9689328082121733,0.8841755600294556,2.3364317152389944,3.6014339011853522,10,0.047433921196214424,0.03327517718503742,0.023630293398912254,0.07123754899351659,10,0.0046875,0.010546071214227388,-0.0028567048741424015,0.0122317048741424,10,0.1264202617465468,0.06695610049149862,0.07852275286190397,0.17431777063118964,10,1.0,0.0,1.0,1.0,10,3.358016735740749,0.8960487978044634,2.717022040128776,3.999011431352722,10
"{""dynamic.change_interval"": 10}",ucb,83,6.320030636290137,0.6210551776459056,5.875754525961323,6.764306746618951,10,0.05305068569666864,0.08263613107195131,-0.0060636413498093775,0.11216501274314666,10,0.009375,0.01679637030895531,-0.00264039949604869,0.02139039949604869,10,0.10931306468966018,0.10748897873418796,0.032420081434525,0.18620604794479534,10,0.2866776220469851,0.020453402224936988,0.27204613951441914,0.30130910457955107,10,6.70551867985516,0.6790256465011221,6.219772994287386,7.191264365422935,10
"{""dynamic.change_interval"": 10}",sliding_window_ucb,83,6.112351560796656,0.714020957389538,5.601571737907643,6.623131383685668,10,0.08158089931481685,0.06451448646236302,0.03543001588767419,0.1277317827419595,10,0.0171875,0.022642776165921,0.0009898336989602255,0.03338516630103978,10,0.1436274328434765,0.09178757470055829,0.07796655739751149,0.20928830828944153,10,0.4817607858237329,0.04611228305525692,0.4487740456892657,0.5147475259582001,10,6.624854318449005,0.7471195511687904,6.090397187921502,7.159311448976508,10
"{""dynamic.change_interval"": 10}",discounted_ucb,83,6.687641257178937,0.6639058171880676,6.21271164592762,7.162570868430254,10,0.10038089425693245,0.07488752722478437,0.04680958448429313,0.15395220402957177,10,0.0125,0.023058274605394436,-0.003994895979144476,0.028994895979144477,10,0.14273268190942814,0.09280441199847546,0.07634440488013157,0.20912095893872473,10,0.4612163069469976,0.023306455020812644,0.4445438733937527,0.47788874050024255,10,7.1406586650703305,0.7140515476959284,6.6298569591943854,7.651460370946276,10
"{""dynamic.change_interval"": 10}",uncertainty_aware,83,3.0755752379656327,0.9040899327745471,2.4288282609208265,3.722322215010439,10,0.10664242975345921,0.06917090700699519,0.05716054373252794,0.15612431577439048,10,0.009375,0.016796370308955314,-0.0026403994960486916,0.021390399496048693,10,0.14746506038053817,0.08135494695926257,0.08926723723691458,0.20566288352416173,10,1.0,0.0,1.0,1.0,10,3.463499471067999,0.9261257929773437,2.8009889892477284,4.126009952888269,10
"{""dynamic.change_interval"": 10}",ucb,84,6.356854431903978,0.6248255467681259,5.909881161985458,6.803827701822497,10,0.03682379561384122,0.043045327602190216,0.006031023243083935,0.0676165679845985,10,0.0171875,0.024923929404177914,-0.0006420050236445214,0.03501700502364452,10,0.13617190534858659,0.09747903277897846,0.06643960606108058,0.2059042046360926,10,0.26637565897394844,0.015304885814359587,0.2554272032112833,0.27732411473661356,10,6.763110975680775,0.6869274514023803,6.271712679407112,7.254509271954437,10
"{""dynamic.change_interval"": 10}",sliding_window_ucb,84,6.196635335228377,0.7592989448895265,5.653465591291995,6.73980507916476,10,0.084283774431723,0.07878980672645156,0.027920942068469318,0.14064660679497668,10,0.0125,0.014358384116760648,0.002228630763241979,0.022771369236758023,10,0.17383423178422416,0.08487341599118113,0.11311944752011152,0.2345490160483368,10,0.4817345376892991,0.028392746448129058,0.461423590437654,0.5020454849409441,10,6.720108940710256,0.7707586570394611,6.168741412546779,7.2714764688737334,10
"{""dynamic.change_interval"": 10}",discounted_ucb,84,6.79277392579377,0.7070606931899884,6.286973175967409,7.298574675620131,10,0.10513266861483324,0.06188672053251071,0.060861575692931304,0.14940376153673518,10,0.021875,0.02964635306407856,0.0006672765982428178,0.04308272340175718,10,0.18169146160898292,0.09347703117309439,0.1148220218080225,0.24856090140994333,10,0.47279389531440386,0.020869310251798917,0.45786489010256626,0.48772290052624145,10,7.243770517156342,0.7361094753247944,6.717189520419297,7.770351513893387,10
"{""dynamic.change_interval"": 10}",uncertainty_aware,84,3.08433535355424,0.8968073039524249,2.4427980553310884,3.7258726517773915,10,0.00876011558860692,0.027701917826344437,-0.011056642637590078,0.02857687381480392,10,0.009375,0.01679637030895531,-0.00264039949604869,0.02139039949604869,10,0.08221753376985934,0.094086166695896,0.014912344665979974,0.1495227228737387,10,0.5314340726389999,0.00525905903829654,0.5276719684369541,0.5351961768410457,10,3.4671373953148867,0.905727964453965,2.819218640995981,4.1150561496337925,10
"{""dynamic.change_interval"": 10}",ucb,85,6.420599557526588,0.6841448601467357,5.931191807124193,6.910007307928982,10,0.06374512562260884,0.08304522372970839,0.004338151318215168,0.12315209992700252,10,0.0109375,0.01811721576138134,-0.0020227754121849434,0.023897775412184942,10,0.11836018512632521,0.10713738846446659,0.04171871439871351,0.19500165585393692,10,0.2829047146276363,0.01712458917734538,0.2706545214974091,0.29515490775786346,10,6.833486067319349,0.7483828110345196,6.298125255122838,7.36884687951586,10
"{""dynamic.change_interval"": 10}",sliding_window_ucb,85,6.238536232994071,0.7475572267898345,5.703766008188471,6.773306457799671,10,0.041900897765693626,0.06022856897972425,-0.0011840249917472248,0.08498582052313447,10,0.0109375,0.025568620226319953,-0.007353189055491132,0.02922818905549113,10,0.10361069546150388,0.09911452935767287,0.03270843240170852,0.17451295852129922,10,0.45578777854650765,0.022670690888964153,0.4395701432555602,0.4720054138374551,10,6.775734542684009,0.7817963886805903,6.216471096964604,7.334997988403414,10
"{""dynamic.change_interval"": 10}",discounted_ucb,85,6.881661663336175,0.7692929290416456,6.331342653818235,7.431980672854114,10,0.08888773754240567,0.08345919370092997,0.029184626960226855,0.14859084812458448,10,0.0109375,0.01811721576138134,-0.0020227754121849434,0.023897775412184942,10,0.1472202806436812,0.08136860449151397,0.08901268749004282,0.20542787379731958,10,0.4616337032355372,0.01884803087849771,0.44815063418232237,0.47511677228875204,10,7.343005704312273,0.7822262092696141,6.783434783466174,7.902576625158372,10
"{""dynamic.change_interval"": 10}",uncertainty_aware,85,3.103182762432679,0.8895479146003764,2.4668385185157735,3.7395270063495847,10,0.01884740887843957,0.03977150354762643,-0.009603410845894764,0.047298228602773905,10,0.0109375,0.01811721576138134,-0.0020227754121849434,0.023897775412184942,10,0.07664022728040651,0.08119822926775097,0.018554513219696298,0.1347259413411167,10,0.5312497839164583,0.004820678525985861,0.5278012782413446,0.534698289591572,10,3.495792529107541,0.8921561412599266,2.8575824722373437,4.134002585977739,10
"{""dynamic.change_interval"": 10}",ucb,86,6.465406429694236,0.7006240577904123,5.964210171452291,6.966602687936182,10,0.04480687216764903,0.03988487354151931,0.01627495243525157,0.0733387919000465,10,0.0203125,0.030414169418034237,-0.0014444861330901622,0.04206948613309017,10,0.12986817912648846,0.1149881053660185,0.04761064384639223,0.21212571440658468,10,0.2713340058996683,0.02469059862674085,0.253671415659043,0.28899659614029355,10,6.876355763549142,0.7649209769967001,6.329164260119205,7.42354726697908,10
"{""dynamic.change_interval"": 10}",sliding_window_ucb,86,6.307424800425773,0.7453253873364273,5.7742511373862255,6.84059846346532,10,0.0688885674317001,0.006583180055331811,0.06417924411575379,0.07359789074764642,10,0.01875,0.035933725647209036,-0.006955438799621318,0.044455438799621314,10,0.15021909885280293,0.09211127309899886,0.08432666352205609,0.21611153418354978,10,0.4660367979592194,0.03186929410836562,0.4432388783298265,0.48883471758861224,10,6.838955158640118,0.7813192733651928,6.280033020656536,7.397877296623701,10
"{""dynamic.change_interval"": 10}",discounted_ucb,86,6.943541834007165,0.7797187544291428,6.385764638297651,7.501319029716679,10,0.06188017067098991,0.033987931262166315,0.03756666932234223,0.08619367201963758,10,0.0203125,0.034587411908091656,-0.004429843968716714,0.045054843968716715,10,0.1456441673101283,0.08426032368523599,0.08536796286108184,0.20592037175917477,10,0.455744169314622,0.022114350065314904,0.4399245162739553,0.47156382235528876,10,7.401651388725706,0.7850111489130737,6.8400882420728975,7.963214535378515,10
"{""dynamic.change_interval"": 10}",uncertainty_aware,86,3.1247354991103693,0.8701348860475593,2.5022784992348703,3.7471924989858683,10,0.02155273667769015,0.0372542611062286,-0.005097356282143296,0.04820282963752359,10,0.01875,0.031075903937867286,-0.003480362491783611,0.040980362491783606,10,0.10802349224897448,0.11218761995537697,0.02776930354750025,0.18827768095044872,10,0.5329359135042712,0.005650219279692515,0.5288939901221946,0.5369778368863477,10,3.516817538459821,0.8703557053648465,2.894202573960725,4.1394325029589165,10
"{""dynamic.change_interval"": 10}",ucb,87,6.5049384706890425,0.7015897896429667,6.003051369497039,7.006825571881046,10,0.039532040994806505,0.04062944990140849,0.010467483421326664,0.06859659856828634,10,0.0140625,0.027013130166437374,-0.005261529216922934,0.033386529216922936,10,0.12079666002276317,0.10897558344075271,0.04284022382431213,0.1987530962212142,10,0.27543361525676185,0.020416739710153325,0.2608283595073373,0.2900388710061864,10,6.918302018792181,0.7684350955140942,6.368596666412364,7.468007371171998,10
"{""dynamic.change_interval"": 10}",sliding_window_ucb,87,6.375613406367388,0.7819588181243267,5.816233765623671,6.934993047111106,10,0.0681886059416167,0.06916734870445758,0.018709265376979305,0.11766794650625409,10,0.0203125,0.027609079751455358,0.0005621541318135692,0.04006284586818643,10,0.15267645586671544,0.09215315236880006,0.08675406191109855,0.21859884982233233,10,0.484831416073229,0.025952784246588857,0.46626591263280626,0.5033969195136517,10,6.9127812097271075,0.8232830158041988,6.323840018788666,7.501722400665549,10
"{""dynamic.change_interval"": 10}",discounted_ucb,87,7.027970805158391,0.8240717718972378,6.438465372101654,7.617476238215128,10,0.08442897115122552,0.05857915681184198,0.04252396677890045,0.1263339755235506,10,0.0203125,0.03298154208122409,-0.003281073897948704,0.043906073897948705,10,0.16735153145050674,0.09311043045917809,0.1007443420019866,0.23395872089902686,10,0.46995757532718707,0.019405675486716803,0.45607559135239556,0.4838395593019786,10,7.490152515396488,0.8243528927389485,6.900445980604216,8.07985905018876,10
"{""dynamic.change_interval"": 10}",uncertainty_aware,87,3.1808767293737006,0.8383086732695774,2.5811868306003856,3.7805666281470156,10,0.05614123026333141,0.09598932622534495,-0.012525397153136775,0.1248078576797996,10,0.015625,0.024429248749080364,-0.0018506318007616568,0.03310063180076166,10,0.12800269274707182,0.11439500190091559,0.046169438126702586,0.20983594736744104,10,0.5278932254647899,0.012419577589511805,0.5190087948666746,0.5367776560629052,10,3.5659698264271675,0.8360024729610451,2.9679296839711533,4.164009968883182,10
"{""dynamic.change_interval"": 10}",ucb,88,6.574237461587709,0.7589990142419226,6.031282275111407,7.117192648064011,10,0.06929899089866598,0.0917879905176901,0.003637817995044104,0.13496016380228787,10,0.021875,0.03142313151874657,-0.0006037541397152374,0.044353754139715235,10,0.13973421704457162,0.1268730212648157,0.0489747250991802,0.23049370898996302,10,0.2730054573976778,0.01639939493401768,0.26127403697759805,0.2847368778177575,10,6.987786497730111,0.8195527315311808,6.401513791407673,7.574059204052549,10
"{""dynamic.change_interval"": 10}",sliding_window_ucb,88,6.420577303392122,0.7726921572291922,5.867826632515191,6.973327974269052,10,0.04496389702473317,0.03885311040668482,0.01717005617618374,0.0727577378732826,10,0.015625,0.03294039229342062,-0.007939137113063537,0.03918913711306354,10,0.12169644049030004,0.0982779699652334,0.051392615969155675,0.1920002650114444,10,0.4470288320347794,0.020735466837769934,0.43219557263348846,0.4618620914360703,10,6.9642279121107675,0.8196802546453361,6.377863981247945,7.55059184297359,10
"{""dynamic.change_interval"": 10}",discounted_ucb,88,7.139219260779439,0.8589903044942264,6.524734614282467,7.75370390727641,10,0.11124845562104749,0.0664561476670651,0.06370859144203156,0.15878831980006342,10,0.021875,0.03227486121839514,-0.0012130448623942115,0.044963044862394205,10,0.18226957714584593,0.09289328907415742,0.11581772128667621,0.24872143300501565,10,0.4629879493604818,0.020587858781357764,0.44826028240172483,0.4777156163192388,10,7.602172354435693,0.843531931424285,6.9987459618696475,8.205598747001737,10
"{""dynamic.change_interval"": 10}",uncertainty_aware,88,3.2037906571237516,0.8460438914003778,2.598567316641242,3.809013997606261,10,0.02291392775005003,0.03706525873427883,-0.003600961057760966,0.04942881655786102,10,0.01875,0.03193689524324144,-0.004096278568078933,0.04159627856807893,10,0.10265771808404504,0.08956911487493881,0.038583833194994616,0.16673160297309547,10,0.49733068048940055,0.06634079016499296,0.4498733380961495,0.5447880228826516,10,3.598377806404572,0.8407816208574942,2.9969188674960936,4.199836745313051,10
"{""dynamic.change_interval"": 10}",ucb,89,6.609788551822883,0.7849618422196963,6.048260677053694,7.171316426592073,10,0.03555109023517477,0.042466459202591136,0.005172415371729102,0.06592976509862043,10,0.0125,0.02736234486784104,-0.007073842365244699,0.0320738423652447,10,0.10455793021173532,0.09845707569919589,0.03412598116689877,0.17498987925657186,10,0.27707445815408827,0.034337045248180924,0.2525112157045679,0.3016377006036086,10,7.032733818408286,0.8444224844692243,6.4286703625713955,7.636797274245177,10
"{""dynamic.change_interval"": 10}",sliding_window_ucb,89,6.530615511811542,0.8146607424907601,5.947842323633187,7.113388699989896,10,0.11003820841942011,0.07859408208327066,0.05381538903133798,0.16626102780750224,10,0.025,0.02775606790515464,0.005144505140966309,0.044855494859033694,10,0.18434019670333399,0.0968659004700378,0.11504650584731325,0.25363388755935473,10,0.4660367979592194,0.03186929410836562,0.4432388783298265,0.48883471758861224,10,7.088957499280541,0.8565360444271701,6.47622852467163,7.701686473889453,10
"{""dynamic.change_interval"": 10}",discounted_ucb,89,7.275789520532323,0.8896455108800694,6.63937546044274,7.912203580621905,10,0.1365702597528828,0.07041338345919239,0.08619955962134437,0.18694095988442125,10,0.028125,0.03439077920670662,0.0035233185921622126,0.05272668140783779,10,0.20145484447242606,0.0922737678168806,0.1354461674230559,0.2674635215217962,10,0.46283667154274166,0.017845397303620836,0.4500708433414908,0.47560249974399255,10,7.744016589374558,0.8773261884830067,7.116415241638811,8.371617937110305,10
"{""dynamic.change_interval"": 10}",uncertainty_aware,89,3.2415521408463803,0.8534156195871129,2.6310553836964212,3.8520488979963394,10,0.037761483722629406,0.06453412895526918,-0.008403451097464501,0.08392641854272331,10,0.0234375,0.036271844471833646,-0.00250981443586119,0.04938481443586119,10,0.11283626057223146,0.11733290964285474,0.02890135335950944,0.1967711677849535,10,0.4889089968077619,0.08076524850132782,0.43113301852847263,0.5466849750870512,10,3.651603457443244,0.8602532250119741,3.0362153720321867,4.266991542854301,10
"{""dynamic.change_interval"": 10}",ucb,90,6.634089610500001,0.7971565671314269,6.063838155048577,7.204341065951425,10,0.024301058677118542,0.04026265974887274,-0.004501113027696339,0.053103230381933424,10,0.06875,0.042440726640548675,0.03838973310252019,0.09911026689747982,10,0.22286316068850556,0.08405889583876062,0.16273104904049362,0.2829952723365175,10,0.26641426340612717,0.030290249631762387,0.24474592414793517,0.2880826026643192,10,7.046718341714461,0.8657784964659,6.427377715211378,7.666058968217545,10
"{""dynamic.change_interval"": 10}",sliding_window_ucb,90,6.557671194789914,0.819078820220627,5.971737504196307,7.143604885383521,10,0.02705568297837228,0.04046432979601065,-0.0018907547873936968,0.056002120744138253,10,0.071875,0.04370036867375632,0.04061363947499189,0.1031363605250081,10,0.24741480101418042,0.07516370101564708,0.1936459284129945,0.30118367361536635,10,0.46529176150872775,0.026873400377309762,0.44606768896142956,0.48451583405602594,10,7.12749366291239,0.8761365842211221,6.500743306800776,7.7542440190240045,10
"{""dynamic.change_interval"": 10}",discounted_ucb,90,7.346199764820287,0.8632485156910606,6.728668977536502,7.963730552104071,10,0.07041024428796436,0.04418856255026915,0.03879965090193159,0.10202083767399713,10,0.08125,0.04345136169711294,0.05016676833537302,0.11233323166462698,10,0.28328035066121393,0.07121562177665482,0.2323357638090303,0.33422493751339755,10,0.4613071229871455,0.016704650029901225,0.4493573362261373,0.47325690974815365,10,7.818418302653443,0.8744550584885765,7.192870837587202,8.443965767719684,10
"{""dynamic.change_interval"": 10}",uncertainty_aware,90,3.2501728231820777,0.8494949458492215,2.6424807470666463,3.857864899297509,10,0.00862068233569766,0.02726099116558488,-0.01088065595869061,0.028122020630085932,10,0.0765625,0.041307041789371564,0.047013222390024104,0.10611177760997591,10,0.22234423084316807,0.029732803327372936,0.20107466464853874,0.2436137970377974,10,0.498062581296448,0.064484945646413,0.4519328300960037,0.5441923324968923,10,3.665069050904081,0.8612639673287079,3.0489579239965736,4.2811801778115885,10
"{""dynamic.change_interval"": 10}",ucb,91,6.709036564691544,0.8179655510505285,6.123899258886991,7.294173870496098,10,0.07494695419154287,0.07060823025089569,0.024436869061949827,0.12545703932113592,10,0.0734375,0.05465028495656114,0.0343430412420933,0.1125319587579067,10,0.2826122401146033,0.048873146970679786,0.2476504969117444,0.31757398331746217,10,0.2853007721290658,0.027872453826963735,0.26536201979710616,0.3052395244610254,10,7.136336191716967,0.8674250015741569,6.515817726413947,7.7568546570199866,10
"{""dynamic.change_interval"": 10}",sliding_window_ucb,91,6.631456689485172,0.819915091256091,6.044924766631067,7.217988612339277,10,0.07378549469525733,0.04097758864393553,0.04447189366806867,0.103099095722446,10,0.0828125,0.07256238336195046,0.030904497947055312,0.13472050205294467,10,0.28223822221890316,0.08109602727182563,0.22422561906178393,0.34025082537602236,10,0.4772000826732534,0.0548808359949496,0.43794069763785276,0.516459467708654,10,7.216737495019197,0.8680497105845799,6.595772139811338,7.837702850227057,10
"{""dynamic.change_interval"": 10}",discounted_ucb,91,7.423789463392884,0.8853082117908387,6.790478120160119,8.057100806625648,10,0.07758969857259904,0.06365567675863418,0.03205317059794861,0.12312622654724946,10,0.0625,0.03294039229342062,0.03893586288693646,0.08606413711306354,10,0.28257394723582996,0.02164076318815535,0.2670930778383248,0.2980548166333351,10,0.4672315412954518,0.021155794278340603,0.4520975977567722,0.4823654848341314,10,7.907997859777176,0.8849010552054773,7.274977778819568,8.541017940734783,10
"{""dynamic.change_interval"": 10}",uncertainty_aware,91,3.3003836141677665,0.834847427831927,2.703169741221595,3.897597487113938,10,0.05021079098568858,0.04707425264659192,0.016535899260709155,0.083885682710668,10,0.078125,0.06750771560841522,0.02983288943202332,0.12641711056797666,10,0.272229745998105,0.06731126266056556,0.22407816940307435,0.3203813225931357,10,1.0,0.0,1.0,1.0,10,3.7443044067900892,0.869035556272696,3.1226338200609973,4.365974993519181,10
"{""dynamic.change_interval"": 10}",ucb,92,6.773372195242308,0.8286482655272152,6.180592935862155,7.366151454622461,10,0.06433563055076422,0.040816353863585904,0.03513736993718418,0.09353389116434425,10,0.0765625,0.04507540942378918,0.04431749457844051,0.10880750542155951,10,0.2937149851581446,0.0340323443549955,0.2693697125968253,0.3180602577194639,10,0.2710946274810881,0.021774335753308113,0.2555182060266503,0.28667104893552586,10,7.214124161406235,0.8729153810548373,6.5896781152252135,7.8385702075872565,10
"{""dynamic.change_interval"": 10}",sliding_window_ucb,92,6.709940865874023,0.799893312815742,6.13773166049739,7.282150071250656,10,0.07848417638885266,0.04289147011931354,0.047801467031009195,0.10916688574669613,10,0.09375,0.02655739329996242,0.07475198529782341,0.11274801470217659,10,0.29842963019870866,0.038914897342380544,0.2705915896390094,0.3262676707584079,10,0.4627265717648591,0.029724183191364432,0.441463172044054,0.4839899714856642,10,7.299240109749027,0.8527520224980001,6.689218061359559,7.909262158138495,10
"{""dynamic.change_interval"": 10}",discounted_ucb,92,7.511982793112945,0.8870445430105517,6.877429353351076,8.146536232874814,10,0.08819332972005908,0.030698560026750407,0.06623290280102558,0.11015375663909259,10,0.096875,0.03277527650531723,0.07342897960624394,0.12032102039375607,10,0.30856345474274594,0.023552697913621544,0.2917148696355796,0.3254120398499123,10,0.4611243783314275,0.014506049388510325,0.4507473757227487,0.4715013809401063,10,8.000634299051043,0.8945790785707599,7.360690977242764,8.640577620859322,10
"{""dynamic.change_interval"": 10}",uncertainty_aware,92,3.356046116665156,0.8171948318506699,2.771460150162799,3.940632083167513,10,0.0556625024973889,0.02493693454910801,0.03782369415350525,0.07350131084127254,10,0.0734375,0.031293372678749584,0.05105156974258965,0.09582343025741036,10,0.2904240664521568,0.022447813674631566,0.2743658679156696,0.306482264988644,10,1.0,0.0,1.0,1.0,10,3.818801457773369,0.864526513514325,3.2003564459208746,4.4372464696258636,10
"{""dynamic.change_interval"": 10}",ucb,93,6.844052059069218,0.83588781849452,6.246093935477635,7.442010182660802,10,0.07067986382690924,0.03991842389449555,0.04212394361781188,0.09923578403600661,10,0.0890625,0.060761408679541176,0.04559640668351036,0.13252859331648964,10,0.2951324273344874,0.03611041237386392,0.26930059446475707,0.32096426020421776,10,0.26618241942343124,0.016768179881576493,0.25418718614429076,0.2781776527025717,10,7.281898683016834,0.8855359900790145,6.648424397012589,7.915372969021079,10
"{""dynamic.change_interval"": 10}",sliding_window_ucb,93,6.7855283394171435,0.7941747614498376,6.217409939252359,7.353646739581928,10,0.07558747354312008,0.03310514660151563,0.051905478297969446,0.09926946878827071,10,0.0875,0.05060399083954632,0.05130008568235984,0.12369991431764016,10,0.30133264254593395,0.03629244288301524,0.2753705928943816,0.3272946921974863,10,0.4697033526804069,0.037286767013912765,0.4430300063950262,0.4963766989657876,10,7.373214846571075,0.8480375769094233,6.766565309391302,7.979864383750849,10
"{""dynamic.change_interval"": 10}",discounted_ucb,93,7.588735016558881,0.8898196860178949,6.952196359081603,8.225273674036158,10,0.07675222344593743,0.03420229898871443,0.05228537266368255,0.10121907422819232,10,0.0875,0.05992979109851053,0.04462881006324194,0.13037118993675806,10,0.30097155563913747,0.0439094308635669,0.2695606410328673,0.3323824702454076,10,0.4553702755513038,0.019605841881074698,0.44134510116396164,0.469395449938646,10,8.074247948966294,0.8908010821700916,7.437007242974032,8.711488654958556,10
"{""dynamic.change_interval"": 10}",uncertainty_aware,93,3.4372162466826053,0.8030514801658776,2.8627478244817866,4.011684668883424,10,0.08117013001744984,0.03441285246084226,0.05655265835482849,0.10578760168007119,10,0.0921875,0.05773972521631495,0.05088298881664,0.13349201118336002,10,0.3037421257323822,0.04186127127607439,0.27379637623159103,0.33368787523317334,10,1.0,0.0,1.0,1.0,10,3.895185677781865,0.8468285010116807,3.289401061395405,4.500970294168325,10
"{""dynamic.change_interval"": 10}",ucb,94,6.901218533885834,0.847998166276163,6.294597189374732,7.507839878396936,10,0.05716647481661598,0.023422460220069715,0.04041105614295193,0.07392189349028003,10,0.0921875,0.055340839413081225,0.05259904834266064,0.13177595165733938,10,0.30493244253357116,0.039924949023600165,0.27637185452830637,0.33349303053883594,10,0.29105316252853963,0.027272592039577152,0.2715435254688255,0.3105627995882538,10,7.346371742764481,0.8891133741650746,6.710338350348899,7.982405135180062,10
"{""dynamic.change_interval"": 10}",sliding_window_ucb,94,6.858808273093212,0.7652952341379518,6.311349042232664,7.406267503953759,10,0.073279933676068,0.041208598474722656,0.04380107817107457,0.10275878918106143,10,0.1140625,0.05755149415233862,0.072892641208177,0.155232358791823,10,0.305926106956357,0.04864168275830989,0.2711299432763061,0.340722270636408,10,0.4640412845526084,0.03984514104985536,0.4355377877325149,0.4925447813727019,10,7.438681570741506,0.8166300173002051,6.854499648228427,8.022863493254587,10
"{""dynamic.change_interval"": 10}",discounted_ucb,94,7.664959320545829,0.888929193745979,7.0290576828649955,8.300860958226663,10,0.0762243039869473,0.019721135342351107,0.06211665362586571,0.09033195434802889,10,0.0984375,0.06832650499419843,0.04955966279035335,0.14731533720964665,10,0.3099269765266933,0.048516953137563476,0.27522003904222464,0.344633914011162,10,0.4710936270956876,0.01241606663566024,0.4622117080826566,0.47997554610871856,10,8.14371554270706,0.8882533983969779,7.50829733989617,8.779133745517951,10
"{""dynamic.change_interval"": 10}",uncertainty_aware,94,3.443498529373025,0.8041644936800244,2.8682339052684025,4.018763153477647,10,0.00628228269041943,0.019866322206775866,-0.007929228096787205,0.020493793477626067,10,0.09375,0.05657698172500112,0.05327726540304434,0.13422273459695566,10,0.2424740796522778,0.03643307967876006,0.21641142449765333,0.26853673480690227,10,0.594497920112253,0.024656550107348824,0.5768596867151135,0.6121361535093925,10,3.897200374648216,0.840818195388027,3.2957152718967375,4.498685477399694,10
"{""dynamic.change_interval"": 10}",ucb,95,6.9902156054739155,0.8578423332250875,6.376552168152198,7.603879042795633,10,0.0889970715880798,0.033225523316366024,0.06522896402864076,0.11276517914751885,10,0.10625,0.06454972243679027,0.06007391027521158,0.1524260897247884,10,0.3001930678314023,0.0827632472033851,0.2409878073824406,0.359398328280364,10,0.2581759997234712,0.022182644624338277,0.2423074916983657,0.27404450774857675,10,7.435094565579959,0.8969044961353472,6.793487740257547,8.076701390902372,10
"{""dynamic.change_interval"": 10}",sliding_window_ucb,95,6.92710439931426,0.7771362394815756,6.371174623507306,7.4830341751212135,10,0.06829612622104682,0.05104495687356935,0.031780763805662,0.10481148863643164,10,0.0890625,0.0642337649721702,0.04311243262952611,0.1350125673704739,10,0.28141234401422693,0.08113554961344019,0.2233714682770929,0.33945321975136095,10,0.47791887098931135,0.04433108846332678,0.44620632070709054,0.5096314212715322,10,7.50862366973981,0.817587253422669,6.923756981755865,8.093490357723756,10
"{""dynamic.change_interval"": 10}",discounted_ucb,95,7.766224168231491,0.8735356828866554,7.141334384851282,8.3911139516117,10,0.10126484768566128,0.06315614883142909,0.05608566046347105,0.14644403490785152,10,0.0953125,0.06440246851937347,0.04924174938196953,0.14138325061803048,10,0.3077124849470165,0.047117843036311426,0.2740064105357165,0.34141855935831644,10,0.45768608027260294,0.014712034184248426,0.4471617250177643,0.46821043552744157,10,8.239957782638154,0.8706267582852627,7.61714891856055,8.862766646715757,10
"{""dynamic.change_interval"": 10}",uncertainty_aware,95,3.467538917235719,0.7858031662320856,2.9054091955240935,4.029668638947345,10,0.02404038786269429,0.049898334509254,-0.011654730325816865,0.05973550605120545,10,0.09375,0.07064927065755487,0.04321055633207873,0.14428944366792126,10,0.23508971983532745,0.09798519121669003,0.16499533661388022,0.3051841030567747,10,0.5872343744180082,0.014583052822565739,0.576802286870993,0.5976664619650234,10,3.920819849467621,0.8513768095083063,3.3117815691875347,4.529858129747708,10
"{""dynamic.change_interval"": 10}",ucb,96,7.060090247091551,0.8690492241112567,6.438409882979755,7.681770611203348,10,0.06987464161763682,0.04557555463445121,0.037271853865633246,0.10247742936964038,10,0.0953125,0.057739725216314944,0.054007988816640005,0.13661701118335998,10,0.2862222793609567,0.09636891853083264,0.21728410796729783,0.35516045075461555,10,0.26889541660053196,0.011988442602163488,0.2603194013930295,0.2774714318080344,10,7.5093519081185605,0.9176322492014716,6.852917341494674,8.165786474742447,10
"{""dynamic.change_interval"": 10}",sliding_window_ucb,96,7.001517508488258,0.7764307029712294,6.446092443096408,7.556942573880109,10,0.07441310917399876,0.04844566871274527,0.03975716549511318,0.10906905285288435,10,0.1109375,0.06848512738990205,0.06194619116414234,0.15992880883585764,10,0.29656109572674905,0.06876702593751367,0.24736812881806933,0.34575406263542874,10,0.4897746958849695,0.035796254194788796,0.4641675982382133,0.5153817935317258,10,7.593219828644203,0.8010962700870956,7.020150079475899,8.166289577812508,10
"{""dynamic.change_interval"": 10}",discounted_ucb,96,7.834328152597377,0.8753115702540102,7.208167975924672,8.460488329270081,10,0.06810398436588562,0.03957117616557979,0.03979647021775692,0.09641149851401432,10,0.090625,0.06064969428337349,0.04723882234830723,0.13401117765169276,10,0.289528016600198,0.0767358328360009,0.23463450864419794,0.34442152455619807,10,0.45720957175631616,0.016502563725180535,0.4454043488289956,0.4690147946836367,10,8.317520862415998,0.8790182729649105,7.688709070360606,8.94633265447139,10
"{""dynamic.change_interval"": 10}",uncertainty_aware,96,3.499793558948685,0.777728573852132,2.9434400526590996,4.05614706523827,10,0.032254641712966034,0.07530734798923577,-0.021616989742800907,0.08612627316873298,10,0.09375,0.05462546084219539,0.054673299343739885,0.13282670065626012,10,0.24885476095159306,0.04809180238980575,0.21445195799061895,0.2832575639125672,10,0.5880901177212181,0.024959499869373406,0.5702351671196467,0.6059450683227895,10,3.9577096735968587,0.843275768866389,3.35446652868566,4.560952818508057,10
"{""dynamic.change_interval"": 10}",ucb,97,7.124144164561988,0.8874778244864465,6.489280773904101,7.759007555219876,10,0.06405391747043696,0.03899076842672306,0.03616160200658849,0.09194623293428542,10,0.103125,0.06758803415628474,0.0547754330041259,0.15147456699587408,10,0.3063858681171616,0.06167716404475486,0.2622646828759705,0.35050705335835275,10,0.2665679523357204,0.027781642566743963,0.24669416246590048,0.2864417422055403,10,7.575986877593235,0.9346107541419391,6.907406620206828,8.244567134979642,10
"{""dynamic.change_interval"": 10}",sliding_window_ucb,97,7.056944574072531,0.7876550518101106,6.493490093223565,7.6203990549214975,10,0.05542706558427267,0.030182505237011072,0.03383580202294756,0.07701832914559778,10,0.0984375,0.05210936849283651,0.061160703381958184,0.1357142966180418,10,0.30127578706547586,0.052069502760911796,0.26402750867407865,0.3385240654568731,10,0.4645729731926698,0.0418171140560622,0.43465881186416366,0.494487134521176,10,7.654744717067191,0.8156379740417657,7.071272459550076,8.238216974584306,10
"{""dynamic.change_interval"": 10}",discounted_ucb,97,7.901760684410741,0.8701994351672446,7.279257508876699,8.524263859944782,10,0.06743253181336563,0.022900856413160794,0.051050246025163684,0.08381481760156757,10,0.0953125,0.05582886331609006,0.05537493707335587,0.13525006292664413,10,0.3067716640647652,0.039681999106525916,0.2783848719604887,0.33515845616904166,10,0.4693745526277969,0.01454180867179037,0.4589719693688706,0.47977713588672327,10,8.384541627838274,0.8837416603539411,7.75235092799448,9.016732327682067,10
"{""dynamic.change_interval"": 10}",uncertainty_aware,97,3.5060479380480674,0.7704336898866417,2.954912877381579,4.057182998714556,10,0.00625437909938179,0.019778083304199064,-0.007894009379489697,0.020402767578253277,10,0.1015625,0.05764568651348608,0.06032526005213882,0.1427997399478612,10,0.24648617368860287,0.04604055587959393,0.2135507440845933,0.27942160329261245,10,0.5889205531049186,0.03883721127363597,0.5611380858109949,0.6167030203988424,10,3.9644449486429743,0.846223946238391,3.3590928046886352,4.569797092597313,10
"{""dynamic.change_interval"": 10}",ucb,98,7.185269576355997,0.8954060262407988,6.5447346918210645,7.825804460890929,10,0.061125411794009085,0.04161870986284916,0.0313531802752949,0.09089764331272326,10,0.0890625,0.0908253293491903,0.024089973411391255,0.15403502658860874,10,0.2748032305741609,0.10748484556893766,0.19791320400733112,0.35169325714099064,10,0.2708624926339734,0.0304523843043455,0.2490781692180489,0.2926468160498979,10,7.658616531739935,0.9501005368447283,6.978955551324829,8.338277512155042,10
"{""dynamic.change_interval"": 10}",sliding_window_ucb,98,7.134137223350335,0.7765839000787562,6.5786025673496376,7.689671879351032,10,0.0771926492778042,0.04851660038317978,0.04248596413862,0.1118993344169884,10,0.1015625,0.07907409609733843,0.044996299271983314,0.15812870072801669,10,0.2981157553018959,0.07679787937832368,0.2431778619233525,0.35305364868043926,10,0.46621856563029346,0.031133511734617196,0.443946993003266,0.4884901382573209,10,7.760686895941626,0.7976342020432983,7.1900937610574545,8.331280030825798,10
"{""dynamic.change_interval"": 10}",discounted_ucb,98,8.000700849280458,0.8823716227872856,7.369490215271434,8.631911483289482,10,0.09894016486971673,0.04902797723487512,0.06386766276810969,0.13401266697132375,10,0.109375,0.08684027083610972,0.04725321253949107,0.17149678746050892,10,0.3038240762598531,0.09142099324543666,0.23842543738941657,0.3692227151302896,10,0.45919486678470234,0.013899886470002397,0.44925148700593226,0.4691382465634724,10,8.496192127670664,0.8964872154119199,7.85488380699549,9.137500448345838,10
"{""dynamic.change_interval"": 10}",uncertainty_aware,98,3.535418042091032,0.7610068532938576,2.9910265340828155,4.079809550099249,10,0.02937010404296469,0.04932512178455196,-0.005914962464330466,0.06465517055025985,10,0.1140625,0.09992673097074677,0.04257922290723737,0.18554577709276263,10,0.24249756633321157,0.10049121980110445,0.17061047825729928,0.3143846544091239,10,0.5896336020046297,0.02019183127397613,0.5751892360582395,0.6040779679510199,10,4.014768938548723,0.8359623359241636,3.416757508399228,4.6127803686982185,10
"{""dynamic.change_interval"": 10}",ucb,99,7.2563457320174365,0.901210543297797,6.611658546119854,7.901032917915019,10,0.07107615566143924,0.04320109883547879,0.04017195126319466,0.10198036005968382,10,0.096875,0.054526051367926674,0.057869412597678686,0.1358805874023213,10,0.3001601210439433,0.05485380832814698,0.2609200704366426,0.339400171651244,10,0.2613072921861214,0.02199232169279372,0.24557493298446426,0.2770396513877786,10,7.734639495136581,0.9542986440309331,7.051975369753745,8.417303620519418,10
"{""dynamic.change_interval"": 10}",sliding_window_ucb,99,7.21236665652672,0.7976389443606112,6.641770129193108,7.782963183860333,10,0.07822943317638531,0.04337517550660878,0.04720070182927642,0.1092581645234942,10,0.103125,0.0449247055267663,0.07098780165193518,0.1352621983480648,10,0.31137928317216945,0.03226009115939824,0.2883018041734805,0.3344567621708584,10,0.4766421458987583,0.03931027952874194,0.4485212659615407,0.5047630258359759,10,7.8479290214664985,0.8057324460615822,7.271542751797468,8.424315291135528,10
"{""dynamic.change_interval"": 10}",discounted_ucb,99,8.0694968250437,0.8715975729150625,7.445993482016235,8.693000168071165,10,0.06879597576324162,0.02843248716282931,0.048456599716886845,0.08913535180959639,10,0.0953125,0.06397987557948723,0.04954405415993906,0.14108094584006092,10,0.3066697102403957,0.04531681972213875,0.2742520102947351,0.33908741018605626,10,0.4572096542700759,0.014655947039954478,0.4467254213412451,0.46769388719890675,10,8.578724680263765,0.8887166036206291,7.942975120397246,9.214474240130285,10
"{""dynamic.change_interval"": 10}",uncertainty_aware,99,3.550367670088408,0.7636997000664857,3.0040498155446236,4.096685524632193,10,0.014949627997376442,0.034161740504620265,-0.009488208993185261,0.039387464987938145,10,0.09375,0.04540519732854868,0.06126907852325938,0.12623092147674062,10,0.24772418698044874,0.045982486888094136,0.2148302974305323,0.2806180765303652,10,0.5873805365900425,0.03129271837646098,0.5649950743922929,0.6097659987877921,10,4.038355967881874,0.8403605763606091,3.437198226061971,4.639513709701777,10
"{""dynamic.change_interval"": 10}",ucb,100,7.404667169443977,0.9209232138601682,6.745878388524129,8.063455950363824,10,0.1483214374265396,0.08223522314294013,0.08949390263574522,0.207148972217334,10,0.0328125,0.030768865599462354,0.010801779503997539,0.05482322049600247,10,0.22081199275389066,0.08719703902889978,0.1584349887028324,0.2831889968049489,10,0.2643087509023525,0.019169159379667934,0.2505959603581159,0.27802154144658914,10,7.891935569837571,0.979752948024369,7.191062532305904,8.59280860736924,10
"{""dynamic.change_interval"": 10}",sliding_window_ucb,100,7.337711887224195,0.8258371473210893,6.746943580666343,7.928480193782047,10,0.12534523069747436,0.09952595263826934,0.054148653152619936,0.19654180824232878,10,0.040625,0.03310468454598063,0.01694333528946728,0.06430666471053273,10,0.20391539791250218,0.09757779063620615,0.13411245150980772,0.27371834431519665,10,0.48667781750103967,0.03805249360168298,0.4594567034129986,0.5138989315890807,10,7.9883285013261,0.8272753805469434,7.396531344697712,8.580125657954488,10
"{""dynamic.change_interval"": 10}",discounted_ucb,100,8.191432148179329,0.9072360607572302,7.542434566754987,8.84042972960367,10,0.12193532313563056,0.09618485591245837,0.053128822207160045,0.19074182406410106,10,0.028125,0.03277527650531724,0.004678979606243926,0.05157102039375608,10,0.20048667203038137,0.09265535920940317,0.1342050209431045,0.26676832311765825,10,0.4667365187356041,0.013975022322562645,0.4567393900058177,0.47673364746539054,10,8.715695434241246,0.897949613409503,8.073340977059198,9.358049891423294,10
"{""dynamic.change_interval"": 10}",uncertainty_aware,100,3.5667719577129295,0.7663764105966686,3.018539299806047,4.115004615619812,10,0.01640428762452193,0.03471252007992311,-0.008427553338909991,0.04123612858795385,10,0.009375,0.015095184110613996,-0.001423444200693182,0.020173444200693183,10,0.09577319915062402,0.0790659588084114,0.0392128194884373,0.15233357881281073,10,0.5921546842290847,0.028625553878679724,0.5716771965742298,0.6126321718839396,10,4.070613248979599,0.8358497170178741,3.4726823815424632,4.668544116416736,10
"{""dynamic.change_interval"": 10}",ucb,101,7.45147326960309,0.9160288066621055,6.796185736673095,8.106760802533085,10,0.04680610015911406,0.06952989868482347,-0.0029325930377440065,0.09654479335597213,10,0.0171875,0.022642776165921,0.0009898336989602255,0.03338516630103978,10,0.15721597323220113,0.10152652288980335,0.08458827394199703,0.22984367252240523,10,0.2527760592714997,0.016381537434367776,0.24105741333711822,0.2644947052058812,10,7.968629856480956,0.9627851683576254,7.279894837313182,8.65736487564873,10
"{""dynamic.change_interval"": 10}",sliding_window_ucb,101,7.359188511354584,0.8219007957637049,6.771236101067705,7.947140921641463,10,0.0214766241303889,0.03220349972936917,-0.0015603717980089762,0.04451362005878678,10,0.015625,0.03375385780420761,-0.00852105528398834,0.03977105528398834,10,0.128196928164334,0.0937634091837936,0.06112262587569672,0.1952712304529713,10,0.46219488312479784,0.0268385864837412,0.44299571493668827,0.4813940513129074,10,8.036003742901617,0.8219431162104929,7.448021058390864,8.623986427412369,10
"{""dynamic.change_interval"": 10}",discounted_ucb,101,8.258017672966623,0.9554522454431887,7.574528310846772,8.941507035086476,10,0.0665855247872933,0.09768496222109661,-0.00329408754877826,0.13646513712336483,10,0.0125,0.012325166214790868,0.0036831072307951847,0.021316892769204815,10,0.16184359243385632,0.10740819685624521,0.0850083970529862,0.23867878781472646,10,0.4520304105366598,0.01529619282922292,0.44108817336094586,0.4629726477123738,10,8.797017340086287,0.9228207192579626,8.136871165575975,9.457163514596598,10
"{""dynamic.change_interval"": 10}",uncertainty_aware,101,3.719944915765718,0.8114605854204118,3.139460982047885,4.30042884948355,10,0.15317295805278702,0.09755066612275451,0.08338941535811178,0.22295650074746226,10,0.040625,0.03623443152276268,0.014704449175630116,0.06654555082436989,10,0.22543673020253663,0.10686901323849604,0.14898724354621914,0.3018862168588541,10,1.0,0.0,1.0,1.0,10,4.2155282925933175,0.8604219608979092,3.6000195008009688,4.831037084385667,10
"{""dynamic.change_interval"": 10}",ucb,102,7.503932007795929,0.9039173138923854,6.8573085148605815,8.150555500731278,10,0.052458738192838236,0.06026989925362406,0.009344249538536763,0.0955732268471397,10,0.0265625,0.032981542081224086,0.002968926102051298,0.0501560738979487,10,0.15104522242869745,0.11345223213558643,0.06988638467071341,0.2322040601866815,10,0.2529535870254071,0.013464547830668621,0.24332162974872798,0.26258554430208625,10,8.027686489579203,0.9475939169906542,7.349818636987397,8.705554342171009,10
"{""dynamic.change_interval"": 10}",sliding_window_ucb,102,7.442697591893348,0.8116316646188128,6.862091275489467,8.023303908297228,10,0.08350908053876374,0.08595812094362433,0.02201834509596111,0.14499981598156636,10,0.0234375,0.036271844471833646,-0.00250981443586119,0.04938481443586119,10,0.17057642348937188,0.11411311987446579,0.08894481512329748,0.25220803185544627,10,0.4589109050648713,0.043375695353473895,0.4278818018417174,0.4899400082880252,10,8.11459157706054,0.807552823463175,7.536903087845776,8.692280066275305,10
"{""dynamic.change_interval"": 10}",discounted_ucb,102,8.332227706571734,0.9572727245267572,7.647436052167245,9.017019360976224,10,0.07421003360511012,0.07705092831204514,0.019091119924276118,0.12932894728594413,10,0.0203125,0.025568620226319953,0.0020218109445088693,0.038603189055491136,10,0.15989997312721393,0.10467834931124861,0.08501759303995245,0.23478235321447544,10,0.45387643630416424,0.01788312046793436,0.44108362257680594,0.46666925003152254,10,8.86492872388305,0.9207330063877649,8.206276009192155,9.523581438573945,10
"{""dynamic.change_interval"": 10}",uncertainty_aware,102,3.795768547628979,0.8101725467710229,3.216206021254166,4.375331074003792,10,0.07582363186326155,0.07402887374043998,0.022866565790498936,0.12878069793602415,10,0.0234375,0.034743916833662326,-0.0014168008480448836,0.04829180084804488,10,0.18373986973276918,0.09577551036808522,0.11522619696640156,0.2522535424991368,10,1.0,0.0,1.0,1.0,10,4.307279572995637,0.8471723756810489,3.7012489634896504,4.913310182501624,10
"{""dynamic.change_interval"": 10}",ucb,103,7.577835528078948,0.8650302655114176,6.959030153756428,8.196640902401468,10,0.07390352028302019,0.08452034689690617,0.0134413064337882,0.13436573413225217,10,0.015625,0.02209708691207961,-0.00018230372478071286,0.031432303724780716,10,0.14235016869740935,0.10383183547716873,0.06807334812737156,0.21662698926744714,10,0.26108043201112546,0.0209880243688155,0.24606650383584172,0.2760943601864092,10,8.095171873301465,0.9052599412165632,7.447587922637599,8.742755823965332,10
"{""dynamic.change_interval"": 10}",sliding_window_ucb,103,7.507506514335402,0.8149340058541503,6.924537845322893,8.09047518334791,10,0.0648089224420545,0.07937535417095515,0.008027214670591344,0.12159063021351765,10,0.0140625,0.02381068635554679,-0.0029706389207627363,0.03109563892076274,10,0.13303763470563731,0.10023322294776477,0.06133510646048483,0.20474016295078978,10,0.4705921691047763,0.03720496055843014,0.4439773436322795,0.49720699457727313,10,8.17276442679103,0.7887247454454033,7.608544733212765,8.736984120369295,10
"{""dynamic.change_interval"": 10}",discounted_ucb,103,8.435774657174127,0.9273129545964774,7.772414931091085,9.09913438325717,10,0.10354695060239305,0.08232226764144042,0.04465714792846819,0.1624367532763179,10,0.0140625,0.020104436526686233,-0.0003193475103692323,0.028444347510369235,10,0.17668786117419297,0.08561805625318958,0.11544039335617562,0.23793532899221032,10,0.46283868254192606,0.018191393105857264,0.4498253438541024,0.47585202122974973,10,8.966751800082097,0.9091498880679759,8.316385149074144,9.61711845109005,10
"{""dynamic.change_interval"": 10}",uncertainty_aware,103,3.842990656968625,0.8034612726542574,3.2682290868812216,4.417752227056029,10,0.047222109339646684,0.034419554877834956,0.022599843056742792,0.07184437562255058,10,0.003125,0.006588078458684124,-0.001587827422612707,0.007837827422612707,10,0.12679990246249026,0.0650619470374022,0.08025738933223697,0.17334241559274355,10,1.0,0.0,1.0,1.0,10,4.359214690482981,0.8420440430618763,3.7568526691323245,4.961576711833637,10
"{""dynamic.change_interval"": 10}",ucb,104,7.645578383477326,0.8927745392231292,7.0069259513535025,8.28423081560115,10,0.06774285539837678,0.08816793668346251,0.004671313005119165,0.1308143977916344,10,0.0171875,0.025989531145572186,-0.0014042905883841147,0.03577929058838412,10,0.1290583521244146,0.11253593535228636,0.04855499359829919,0.20956171065053003,10,0.25950989554784,0.019853881951120755,0.2453072839834285,0.2737125071122515,10,8.17430964022638,0.9349285521395935,7.505502043847642,8.843117236605117,10
"{""dynamic.change_interval"": 10}",sliding_window_ucb,104,7.55118860634241,0.8196467902439127,6.964848614470251,8.137528598214569,10,0.04368209200700833,0.03781118017457243,0.01663360314555853,0.07073058086845813,10,0.0078125,0.01983274246318726,-0.006374989285729207,0.02199998928572921,10,0.10701323932139732,0.05113214717043649,0.07043550472501342,0.14359097391778122,10,0.49361661071939106,0.03662306519213481,0.46741804811573623,0.5198151733230459,10,8.229857080912925,0.8004419608756489,7.657255396357681,8.802458765468169,10
"{""dynamic.change_interval"": 10}",discounted_ucb,104,8.510973109908146,0.9129960553086856,7.857855076602966,9.164091143213327,10,0.07519845273401898,0.08744921364107452,0.012641053832626578,0.13775585163541137,10,0.00625,0.01092509216843908,-0.001565340131252025,0.014065340131252026,10,0.13453646325549,0.08382403649848798,0.07457235985847796,0.19450056665250207,10,0.4612176901713128,0.018419909539333038,0.4480408806746704,0.4743944996679552,10,9.051367678138083,0.8926459418922158,8.41280723900302,9.689928117273146,10
"{""dynamic.change_interval"": 10}",uncertainty_aware,104,3.8568426780358633,0.8182775343449944,3.2714821928270603,4.442203163244666,10,0.01385202106723791,0.029299793652093394,-0.007107788665820429,0.03481183080029625,10,0.00625,0.01976423537605237,-0.00788848226783812,0.02038848226783812,10,0.06384455908588683,0.06146965786855197,0.019871814820877673,0.107817303350896,10,0.5299946996166535,0.0015050533135130867,0.5289180493349512,0.5310713498983557,10,4.373138664369366,0.8543948154740518,3.7619414326793694,4.9843358960593624,10
"{""dynamic.change_interval"": 10}",ucb,105,7.6797774742527505,0.8633856019892813,7.062148621338817,8.297406327166684,10,0.03419909077542579,0.0703060932552578,-0.01609485856778313,0.0844930401186347,10,0.0078125,0.01518477055949297,-0.0030500304855817263,0.018675030485581726,10,0.10054940229443429,0.0975000571018809,0.030802063112346303,0.1702967414765223,10,0.25124548107203265,0.015130707363019483,0.24042162506740805,0.26206933707665725,10,8.212993790477013,0.9106774399147262,7.561534394706232,8.864453186247793,10
"{""dynamic.change_interval"": 10}",sliding_window_ucb,105,7.5865356766403735,0.8222032550425948,6.998366900019561,8.174704453261187,10,0.035347070297963565,0.07232694583568353,-0.01639250989463726,0.08708665049056438,10,0.00625,0.01092509216843908,-0.001565340131252025,0.014065340131252026,10,0.09413429444616121,0.09763708093427621,0.024288934319284236,0.1639796545730382,10,0.4634716082153509,0.034369264575122856,0.43888531744779635,0.4880578989829054,10,8.262126123315287,0.790757657223696,7.696452172257156,8.82780007437342,10
"{""dynamic.change_interval"": 10}",discounted_ucb,105,8.602059386554245,0.8915503855462639,7.964282661217158,9.239836111891332,10,0.09108627664609961,0.07467846187978353,0.03766452321180948,0.14450803008038976,10,0.0078125,0.011048543456039806,-9.115186239035643e-05,0.015716151862390358,10,0.151303194358513,0.089314982453938,0.08741110485186104,0.21519528386516495,10,0.4570800956216628,0.017522302787143673,0.44454539531406084,0.46961479592926475,10,9.140805620452797,0.8689782806629343,8.519176006226694,9.7624352346789,10
"{""dynamic.change_interval"": 10}",uncertainty_aware,105,3.8939188331475796,0.8587427690662435,3.279611262828492,4.508226403466667,10,0.037076155111716205,0.07906821764727727,-0.01948584042645273,0.09363815064988515,10,0.0078125,0.01518477055949297,-0.0030500304855817263,0.018675030485581726,10,0.09465934739335381,0.1001725427160796,0.023000227170994286,0.16631846761571334,10,0.5241268382940287,0.01514051643903484,0.5132959652991351,0.5349577112889223,10,4.40593275971892,0.908249023057096,3.756210548717863,5.055654970719976,10
"{""dynamic.change_interval"": 10}",ucb,106,7.712873237774184,0.8960459517507097,7.07188057810642,8.353865897441949,10,0.03309576352143217,0.043214153045401445,0.0021822207039671887,0.06400930633889715,10,0.009375,0.01679637030895531,-0.00264039949604869,0.02139039949604869,10,0.10189283896113788,0.08567701801142642,0.04060319244217659,0.16318248548009917,10,0.2567987863245034,0.029079930584397812,0.2359962571552929,0.2776013154937139,10,8.268023871015235,0.9554912825658723,7.584506583420081,8.951541158610388,10
"{""dynamic.change_interval"": 10}",sliding_window_ucb,106,7.623142414866928,0.8214305416663037,7.035526404096195,8.21075842563766,10,0.03660673822655246,0.05245201268265615,-0.0009151712789736213,0.07412864773207853,10,0.0046875,0.010546071214227388,-0.0028567048741424015,0.0122317048741424,10,0.09102181504173364,0.07538548367169817,0.0370942886859131,0.14494934139755417,10,0.44756052067484065,0.02472035752155651,0.4298766422032944,0.4652443991463869,10,8.306285179934102,0.7889062253916952,7.741935663422959,8.870634696445245,10
"{""dynamic.change_interval"": 10}",discounted_ucb,106,8.753424903134057,0.9098278799900562,8.10257324592244,9.404276560345675,10,0.15136551657981204,0.08487166745600369,0.09065198314241396,0.2120790500172101,10,0.015625,0.01647019614671031,0.0038429314434682317,0.02740706855653177,10,0.19180697968967117,0.08478818138012881,0.13115316859320403,0.2524607907861383,10,0.4595331310088997,0.02098199782705547,0.4445235139618832,0.4745427480559162,10,9.28574984171955,0.8861499708743985,8.651836340313183,9.919663343125917,10
"{""dynamic.change_interval"": 10}",uncertainty_aware,106,3.9219349200878946,0.8908112472526237,3.284686942433644,4.559182897742145,10,0.028016086940315037,0.06008154209263021,-0.014963659118077129,0.07099583299870721,10,0.0125,0.02185018433687816,-0.00313068026250405,0.02813068026250405,10,0.0817400966503295,0.0968597843487137,0.012450781003935818,0.15102941229672318,10,0.5055070886406269,0.06358340336386098,0.4600222619380467,0.550991915343207,10,4.440810097946331,0.9552812299149663,3.7574430729656245,5.124177122927037,10
"{""dynamic.change_interval"": 10}",ucb,107,7.759005760892795,0.9166847589448129,7.103248987967366,8.414762533818223,10,0.04613252311861174,0.07464897015261071,-0.007268133204975803,0.09953317944219928,10,0.0125,0.017738944131173336,-0.00018967618917617966,0.025189676189176183,10,0.11181482833548559,0.10295747502443643,0.038163487553632955,0.1854661691173382,10,0.26078079904191837,0.02862716397751146,0.24030215959174492,0.28125943849209184,10,8.315439810766943,0.9765967574021888,7.616824575993467,9.014055045540418,10
"{""dynamic.change_interval"": 10}",sliding_window_ucb,107,7.706195931574595,0.8073217067409205,7.128672773303185,8.283719089846006,10,0.08305351670766783,0.08714254678688098,0.0207154940582605,0.14539153935707516,10,0.0125,0.020571268393886982,-0.0022157989105067184,0.027215798910506718,10,0.14703837414910084,0.10264067542179854,0.07361365815080959,0.2204630901473921,10,0.4671119148021045,0.015992211208253494,0.45567177607225623,0.4785520535319528,10,8.388924665499426,0.7727452370893847,7.836136023577938,8.941713307420914,10
"{""dynamic.change_interval"": 10}",discounted_ucb,107,8.85287331496049,0.9750400682091931,8.155371668551702,9.550374961369279,10,0.09944841182643191,0.08699514534216014,0.03721583381845828,0.16168098983440554,10,0.0171875,0.024923929404177914,-0.0006420050236445214,0.03501700502364452,10,0.17223537201425992,0.08570558301180442,0.11092529132500868,0.23354545270351118,10,0.464696789870123,0.024211324019021083,0.4473770520299949,0.48201652771025105,10,9.393586325150034,0.9382473025137509,8.722404637771891,10.064768012528177,10
"{""dynamic.change_interval"": 10}",uncertainty_aware,107,3.9529536756045234,0.8749926917083373,3.327021610901638,4.578885740307409,10,0.03101875551662895,0.07450457011420719,-0.02227860324226165,0.08431611427551955,10,0.009375,0.015095184110613998,-0.001423444200693182,0.020173444200693183,10,0.10098570725747362,0.09067306139719193,0.03612210659988761,0.16584930791505964,10,0.5048309992188968,0.06324344476049742,0.4595893642509829,0.5500726341868107,10,4.4773969166200285,0.9581525399455533,3.791975880179708,5.162817953060349,10
"{""dynamic.change_interval"": 10}",ucb,108,7.801760012766694,0.9095076889095718,7.151137406455737,8.452382619077651,10,0.04275425187389849,0.03720076279214693,0.0161424293025021,0.06936607444529488,10,0.00625,0.015095184110614,-0.004548444200693183,0.017048444200693184,10,0.09271280891361683,0.07898726236203717,0.036208725297820654,0.149216892529413,10,0.24195712987676066,0.015313198125914444,0.23100272784462006,0.25291153190890125,10,8.360589262021254,0.9548015233788884,7.677565398423979,9.04361312561853,10
"{""dynamic.change_interval"": 10}",sliding_window_ucb,108,7.736267190872214,0.817156601725094,7.151708572554204,8.320825809190223,10,0.03007125929761899,0.039113390679948734,0.00209122515809769,0.05805129343714029,10,0.00625,0.01976423537605237,-0.00788848226783812,0.02038848226783812,10,0.08493886498531364,0.07721708674342691,0.029701088723102502,0.14017664124752477,10,0.4714855182765875,0.02572900677823997,0.4530800955935527,0.4898909409596223,10,8.426300172825437,0.7611116535244332,7.881833695248529,8.970766650402345,10
"{""dynamic.change_interval"": 10}",discounted_ucb,108,8.916630927666883,0.9648226067398838,8.226438412881835,9.606823442451931,10,0.0637576127063955,0.04277607494058455,0.03315745208657357,0.09435777332621743,10,0.00625,0.015095184110614,-0.004548444200693183,0.017048444200693184,10,0.12791525640405768,0.06878205714035115,0.07871153682062287,0.1771189759874925,10,0.4528722016239657,0.012975185883220362,0.4435903127959216,0.4621540904520098,10,9.473938223894788,0.9555331537991625,8.790390983423737,10.157485464365838,10
"{""dynamic.change_interval"": 10}",uncertainty_aware,108,3.984634160195294,0.8932400740701223,3.345648704503696,4.623619615886892,10,0.0316804845907709,0.05494441532556634,-0.00762438235786457,0.07098535153940637,10,0.009375,0.01679637030895531,-0.00264039949604869,0.02139039949604869,10,0.0872606680564528,0.08962636108218051,0.02314583169771038,0.1513755044151952,10,0.5034938217632255,0.06343139907346318,0.45811773237952125,0.5488699111469298,10,4.517094227017177,0.985102590437422,3.812394285840764,5.22179416819359,10
"{""dynamic.change_interval"": 10}",ucb,109,7.824951664940959,0.929545476492169,7.159994888902063,8.489908440979853,10,0.023191652174264388,0.0384928126014639,-0.004344447151107812,0.050727751499636584,10,0.0140625,0.021411254990723407,-0.0012541891234912998,0.0293791891234913,10,0.11986244823730123,0.10113622886279156,0.04751394847468601,0.19221094799991645,10,0.2498333961216117,0.018006421260613893,0.2369523783206963,0.26271441392252715,10,8.387200285448285,0.9594910085694505,7.700821766234411,9.073578804662159,10
"{""dynamic.change_interval"": 10}",sliding_window_ucb,109,7.808008023652235,0.7987511071803354,7.2366159029649495,8.37940014433952,10,0.07174083278002158,0.08808166463721016,0.00873100569084434,0.13475065986919882,10,0.021875,0.02234126103075752,0.005893024633159428,0.03785697536684057,10,0.18290015558449782,0.10224750925138927,0.10975669372140982,0.2560436174475858,10,0.45837921642481005,0.04139716511532146,0.42876546847122526,0.48799296437839484,10,8.515948903599663,0.745299619779495,7.982793673559916,9.049104133639409,10
"{""dynamic.change_interval"": 10}",discounted_ucb,109,8.994887904889069,0.9324097533336785,8.327882148630938,9.6618936611472,10,0.07825697722218436,0.08436687776889283,0.01790454857353272,0.138609405870836,10,0.01875,0.024206145913796356,0.001433966353204339,0.036066033646795656,10,0.18143204187349843,0.0767257958518858,0.1265457139434004,0.23631836980359647,10,0.4502106048514505,0.019551641000072624,0.43622420343864377,0.4641970062642572,10,9.562118840958016,0.9229117982346945,8.90190751247271,10.222330169443323,10
"{""dynamic.change_interval"": 10}",uncertainty_aware,109,4.000869169922941,0.8947114942024385,3.3608311236780803,4.640907216167802,10,0.016235009727647097,0.03423063296343584,-0.00825210995909885,0.04072212941439304,10,0.01875,0.026352313834736494,-0.0001013096904508258,0.03760130969045082,10,0.11643616170276135,0.10042588164827314,0.044595813725701455,0.18827650967982124,10,0.497322093949367,0.06137698185153597,0.4534156461131497,0.5412285417855842,10,4.540278963909668,0.9905450751851551,3.8316857036832284,5.248872224136108,10
"{""dynamic.change_interval"": 10}",ucb,110,7.849838534113514,0.947937396376964,7.171724971170647,8.527952097056382,10,0.0248868691725567,0.033277043877509314,0.001081906023903404,0.048691832321209993,10,0.078125,0.042312700024145625,0.04785631782671443,0.10839368217328557,10,0.2602517809114818,0.05707941904330356,0.21941962430905226,0.3010839375139114,10,0.24720281036941172,0.018367677533597405,0.23406336539878594,0.2603422553400375,10,8.414530684935045,0.9866184455155235,7.708746366360034,9.120315003510056,10
"{""dynamic.change_interval"": 10}",sliding_window_ucb,110,7.878591884069887,0.7954904287412731,7.309532312222192,8.447651455917581,10,0.07058386041765144,0.03455792807080014,0.04586260791555625,0.09530511291974664,10,0.1,0.04727835715795924,0.0661791007032706,0.1338208992967294,10,0.3100647785241736,0.032656075257958245,0.2867040295659182,0.333425527482429,10,0.46838863989265755,0.026509187142492317,0.4494251097981384,0.48735216998717673,10,8.593092300699112,0.7603872556269291,8.049144026160867,9.137040575237357,10
"{""dynamic.change_interval"": 10}",discounted_ucb,110,9.06931330027272,0.9470135382077526,8.39186062565135,9.746765974894089,10,0.07442539538364938,0.040510090839660194,0.04544622213928347,0.1034045686280153,10,0.0984375,0.05158616881005993,0.06153497788824332,0.13534002211175666,10,0.3084409412555488,0.036825403526058835,0.28209763452737524,0.3347842479837223,10,0.46073879520069705,0.021315164240010207,0.44549084525933,0.47598674514206407,10,9.637638400788841,0.9377584108813621,8.966806445416207,10.308470356161475,10
"{""dynamic.change_interval"": 10}",uncertainty_aware,110,4.008363681682271,0.909921108266333,3.3574453329793856,4.659282030385156,10,0.00749451175932977,0.023699727110397747,-0.009459251699132342,0.02444827521779188,10,0.103125,0.0561920998302549,0.06292759332444092,0.14332240667555907,10,0.2556269772657879,0.04996491502662183,0.21988423024437342,0.2913697242872024,10,0.4637597230468261,0.10124249253649474,0.39133520683137163,0.5361842392622806,10,4.562984559750731,1.0147371513978851,3.8370853307353183,5.288883788766144,10
"{""dynamic.change_interval"": 10}",ucb,111,7.914456958252212,0.9477734413187182,7.236460681692533,8.592453234811892,10,0.06461842413869837,0.029603565507780438,0.04344130911082941,0.08579553916656732,10,0.1,0.052187396041147284,0.06266738583641673,0.13733261416358328,10,0.3022696389463174,0.05155103463060925,0.26539225031246705,0.3391470275801678,10,0.26409770350549144,0.02342107833145626,0.24734327337539033,0.2808521336355925,10,8.492737142553281,0.9817532571747526,7.790433170056775,9.195041115049786,10
"{""dynamic.change_interval"": 10}",sliding_window_ucb,111,7.922663135257686,0.8097883135529321,7.343375472768945,8.501950797746428,10,0.044071251187799,0.03318071339631479,0.020335198714125383,0.06780730366147261,10,0.08125,0.055021302692684404,0.04189013114231337,0.12060986885768664,10,0.2824970036846994,0.0738040600550375,0.2297007596343501,0.33529324773504865,10,0.44136676390698104,0.018493041003473928,0.42813763931242044,0.45459588850154165,10,8.651526123055731,0.759392917140923,8.10828915542034,9.194763090691122,10
"{""dynamic.change_interval"": 10}",discounted_ucb,111,9.143000001197688,0.9630648938632838,8.454064878457661,9.831935123937715,10,0.07368670092496657,0.06658195849241434,0.02605683710318897,0.12131656474674417,10,0.0875,0.04784868365773272,0.05327111370298947,0.12172888629701052,10,0.3013146526044467,0.033707020218656805,0.27720210291074193,0.3254272022981514,10,0.47134750418741245,0.030345707106927734,0.44963949304137224,0.49305551533345265,10,9.714889872065209,0.9413862883546246,9.041462689487997,10.388317054642421,10
"{""dynamic.change_interval"": 10}",uncertainty_aware,111,4.0703756209038415,0.9232567985595256,3.409917494053599,4.730833747754084,10,0.062011939221570514,0.046565170454506054,0.0287012229584154,0.09532265548472563,10,0.0953125,0.05726798753084775,0.054345449627753915,0.13627955037224607,10,0.2785134100399579,0.09665822645935028,0.20936828022167678,0.347658539858239,10,1.0,0.0,1.0,1.0,10,4.617434788462608,1.0250088081445994,3.884187658857492,5.350681918067725,10
"{""dynamic.change_interval"": 10}",ucb,112,7.994498337787938,0.9252047950348535,7.332646698206229,8.656349977369647,10,0.08004137953572357,0.040741864647654336,0.05089640529718184,0.1091863537742653,10,0.0984375,0.06671954283291615,0.05070921427008858,0.1461657857299114,10,0.30909811490938405,0.048080652165917656,0.2747032883380716,0.3434929414806965,10,0.25818359335503815,0.03061021065868409,0.2362863677665906,0.2800808189434857,10,8.568973229868337,0.9800522637620385,7.867886074756657,9.270060384980018,10
"{""dynamic.change_interval"": 10}",sliding_window_ucb,112,7.977408263596567,0.8252475012679408,7.387061764414924,8.56775476277821,10,0.05474512833888068,0.03450769819428184,0.030059808125839794,0.07943044855192156,10,0.0828125,0.05262736699612137,0.04516514957534174,0.12045985042465826,10,0.2913033410067519,0.05286272748138366,0.2534876238335645,0.32911905817993936,10,0.4897746958849695,0.035796254194788796,0.4641675982382133,0.5153817935317258,10,8.709967436468157,0.7750323678398254,8.155542679769441,9.264392193166872,10
"{""dynamic.change_interval"": 10}",discounted_ucb,112,9.222332532004666,0.9410141145829692,8.549171586505235,9.895493477504097,10,0.07933253080697918,0.027224651501044448,0.059857188342581205,0.09880787327137715,10,0.0984375,0.04661385590680093,0.06509195626232459,0.1317830437376754,10,0.3085995742729154,0.03439120734029766,0.28399758659675656,0.33320156194907424,10,0.4527924679538586,0.01881234336252247,0.4393349282116542,0.46625000769606295,10,9.7906274187438,0.9414208778399232,9.117175492339404,10.464079345148194,10
"{""dynamic.change_interval"": 10}",uncertainty_aware,112,4.121153864772504,0.9052743836120033,3.47355958264132,4.768748146903688,10,0.05077824386866261,0.03174791673689259,0.02806715238018369,0.07348933535714153,10,0.071875,0.03911454865733039,0.04389413749336175,0.09985586250663825,10,0.29012412759687184,0.02789048707795657,0.27017247505427705,0.31007578013946663,10,1.0,0.0,1.0,1.0,10,4.674696888465154,1.0191991087754557,3.9456057674254703,5.403788009504837,10
"{""dynamic.change_interval"": 10}",ucb,113,8.069598348700069,0.9153873779976368,7.414769666194901,8.724427031205238,10,0.07510001091213295,0.04578765785823056,0.042345493654216436,0.10785452817004945,10,0.10625,0.049300664859163464,0.07098242892318074,0.14151757107681925,10,0.30722319658757125,0.047914081266198866,0.2729475276597093,0.3414988655154332,10,0.24263560692013134,0.017711489213609995,0.22996557079583743,0.2553056430444252,10,8.635044028216047,0.9706544567443904,7.940679659255586,9.329408397176508,10
"{""dynamic.change_interval"": 10}",sliding_window_ucb,113,8.030792090296732,0.8122800278485321,7.449721962778883,8.611862217814581,10,0.05338382670016458,0.04646107846147987,0.02014757336307884,0.08662008003725033,10,0.1046875,0.06252169762259427,0.05996217183156241,0.1494128281684376,10,0.2908122856071878,0.06403410794679815,0.2450050442686429,0.3366195269457327,10,0.47041040143370233,0.03784616315804445,0.44333688725343373,0.49748391561397093,10,8.759627323835478,0.7558694700098575,8.21891087843818,9.300343769232775,10
"{""dynamic.change_interval"": 10}",discounted_ucb,113,9.314022251997017,0.930235306280914,8.648572001454786,9.979472502539247,10,0.09168971999235125,0.030003184721861153,0.07022673459992401,0.11315270538477848,10,0.128125,0.06579838207230732,0.08105567298171557,0.1751943270182844,10,0.3286350987829002,0.04589108075287913,0.2958065972430595,0.3614636003227409,10,0.4602712308689091,0.018689701785863794,0.4469014236255288,0.47364103811228936,10,9.878110119286834,0.9257206529738942,9.215889457165924,10.540330781407745,10
"{""dynamic.change_interval"": 10}",uncertainty_aware,113,4.175318222859582,0.9017002018220791,3.530280756355078,4.820355689364087,10,0.054164358087078146,0.01468937582226742,0.043656211647961,0.0646725045261953,10,0.1015625,0.04730703678277331,0.06772108453559869,0.1354039154644013,10,0.310964864135903,0.03238353165325321,0.28779908112745634,0.3341306471443497,10,1.0,0.0,1.0,1.0,10,4.744509354361192,1.0006284070411617,4.028702913056185,5.460315795666198,10
"{""dynamic.change_interval"": 10}",ucb,114,8.15608340332443,0.9361077401910625,7.486432266629615,8.825734540019246,10,0.08648505462436061,0.06759107855516136,0.038133309796725544,0.13483679945199567,10,0.1015625,0.05063078670631141,0.0653434170740175,0.1377815829259825,10,0.31077979310184517,0.03576699909317434,0.2851936232940642,0.3363659629096261,10,0.24464456781890656,0.01380818232623387,0.234766789232689,0.2545223464051241,10,8.726246490804423,1.0018811615015364,8.00954388294468,9.442949098664165,10
"{""dynamic.change_interval"": 10}",sliding_window_ucb,114,8.100488405748708,0.8112525947180033,7.520153259616224,8.680823551881192,10,0.06969631545197616,0.054110907155467305,0.03098770432901874,0.10840492657493359,10,0.1234375,0.060042844945644165,0.08048543621294635,0.16638956378705366,10,0.28990429456016337,0.10365750757210855,0.21575218066091686,0.3640564084594099,10,0.4539676252531309,0.03057098880207516,0.4320984572906742,0.4758367932155876,10,8.829954287882174,0.751392775224549,8.29244027701555,9.367468298748799,10
"{""dynamic.change_interval"": 10}",discounted_ucb,114,9.40019239157252,0.939540510049166,8.728085599253042,10.072299183892,10,0.08617013957550337,0.061746107304051584,0.04199963529765299,0.13034064385335375,10,0.1109375,0.05231718334936535,0.0735120415891733,0.1483629584108267,10,0.3168587145526137,0.03739960990917688,0.2901046453228141,0.34361278378241333,10,0.462259290305564,0.021972340610750048,0.4465412247089359,0.4779773559021921,10,9.975391503325977,0.9367353040636531,9.305291434480955,10.645491572170998,10
"{""dynamic.change_interval"": 10}",uncertainty_aware,114,4.1986268621980285,0.8977396649539414,3.556422593093568,4.8408311313024885,10,0.02330863933844652,0.046664479244039804,-0.010073118153126906,0.056690396830019946,10,0.1078125,0.047421581833708495,0.07388914394236543,0.14173585605763458,10,0.2581985417791664,0.039399017040528596,0.23001418285007197,0.28638290070826083,10,0.5922981442028012,0.02652785399735801,0.5733212606447408,0.6112750277608617,10,4.783130565626888,1.0143155849742647,4.057532907063945,5.508728224189832,10
"{""dynamic.change_interval"": 10}",ucb,115,8.250092745935383,0.9423161108971402,7.57600040838104,8.924185083489727,10,0.09400934261095309,0.056855738170602216,0.05333719766554793,0.13468148755635825,10,0.11875,0.06258674535749917,0.07397813948517928,0.1635218605148207,10,0.32286245214535864,0.04592009114474452,0.2900131978213516,0.3557117064693657,10,0.2600611915253545,0.0317382903037468,0.23735698637230646,0.28276539667840256,10,8.822886838906534,1.0043662029317508,8.104406539498019,9.54136713831505,10
"{""dynamic.change_interval"": 10}",sliding_window_ucb,115,8.154392986500294,0.7871270779439422,7.591316195402673,8.717469777597916,10,0.05390458075158826,0.050544651428397494,0.0177471152915107,0.09006204621166582,10,0.1203125,0.09142071644782342,0.054914059138647706,0.1857109408613523,10,0.29575060893363025,0.09259456897489812,0.2295124445604232,0.3619887733068373,10,0.45033905822913967,0.026029942619356556,0.4317183590139027,0.4689597574443766,10,8.899482792772558,0.7432456585906513,8.367796878053884,9.431168707491231,10
"{""dynamic.change_interval"": 10}",discounted_ucb,115,9.47356719649338,0.9481554355029116,8.795297657755992,10.15183673523077,10,0.07337480492086214,0.0618272702079367,0.029146240199207474,0.1176033696425168,10,0.1125,0.08162307510066556,0.05411036953873397,0.17088963046126604,10,0.3186079267732135,0.05982459849052972,0.2758119870950334,0.36140386645139355,10,0.46060965717091273,0.028298965714645855,0.44036579661461356,0.4808535177272119,10,10.067777326055948,0.9455874780496246,9.391344793417051,10.744209858694845,10
"{""dynamic.change_interval"": 10}",uncertainty_aware,115,4.227883101757269,0.893882089498449,3.5884383758952656,4.867327827619271,10,0.029256239559239738,0.07043789066385683,-0.02113199197040187,0.07964447108888134,10,0.1015625,0.05764568651348608,0.06032526005213882,0.1427997399478612,10,0.2592874827513432,0.06257800947455139,0.2145218715107191,0.30405309399196734,10,0.5776977583404697,0.029241655358168295,0.5567795382374731,0.5986159784434663,10,4.8161959443349875,1.0113465469818061,4.0927222076040914,5.539669681065884,10
"{""dynamic.change_interval"": 10}",ucb,116,8.308336174159049,0.9281440155922746,7.644381942853365,8.972290405464731,10,0.05824342822366566,0.033783045840879454,0.03407649307607188,0.08241036337125945,10,0.1125,0.0819547427615456,0.05387310878703044,0.17112689121296956,10,0.31683508538102845,0.05718933128024135,0.2759243023008528,0.3577458684612041,10,0.24688308532137793,0.020840507823160742,0.23197468412577588,0.26179148651698,10,8.894397417667417,1.010482209495316,8.171541990726586,9.617252844608247,10
"{""dynamic.change_interval"": 10}",sliding_window_ucb,116,8.233797833424443,0.7720642249562516,7.681496358235453,8.786099308613434,10,0.07940484692414743,0.045764019561755846,0.046667239484859895,0.11214245436343495,10,0.128125,0.0898494110535326,0.06385060330387035,0.19239939669612963,10,0.3224446979184459,0.07498764226678863,0.2688017701591155,0.37608762567777626,10,0.46272657176485915,0.029724183191364432,0.44146317204405405,0.48398997148566425,10,8.97660298407086,0.7313364207143304,8.45343642491207,9.49976954322965,10
"{""dynamic.change_interval"": 10}",discounted_ucb,116,9.570766253328726,0.9453428939243446,8.894508685632943,10.24702382102451,10,0.09719905683534415,0.02492200252240872,0.07937093021988023,0.11502718345080806,10,0.14375,0.07431691242390404,0.09058688346582958,0.1969131165341704,10,0.34060141921644427,0.0526981619558512,0.3029034251284341,0.37829941330445443,10,0.45172604991046184,0.012010399651837136,0.4431343275758402,0.46031777224508347,10,10.163054238652247,0.9439868154739905,9.487766751040986,10.838341726263508,10
"{""dynamic.change_interval"": 10}",uncertainty_aware,116,4.2370880597403495,0.895707437476783,3.5963375585962134,4.877838560884485,10,0.009204957983081349,0.02910863299268673,-0.011618103652117146,0.030028019618279844,10,0.1265625,0.08444891309905125,0.0661513868113845,0.1869736131886155,10,0.26369179873280235,0.058659903079535655,0.22172903196024984,0.30565456550535486,10,0.5551455586606251,0.06046852134586529,0.511888984320957,0.5984021330002932,10,4.834563236447645,1.0130671832263944,4.109858630696489,5.559267842198801,10
"{""dynamic.change_interval"": 10}",ucb,117,8.380060248220945,0.9228828208260025,7.719869648925064,9.040250847516825,10,0.07172407406189471,0.018811172612377358,0.05826737182389184,0.08518077629989758,10,0.115625,0.06038073644245599,0.07243122319722728,0.15881877680277273,10,0.3220425434587312,0.0422640729303588,0.2918086470128042,0.3522764399046582,10,0.25180639361392876,0.02224934038388363,0.23589017431663234,0.2677226129112252,10,8.981935357370014,0.9864864254577477,8.276245480255064,9.687625234484965,10
"{""dynamic.change_interval"": 10}",sliding_window_ucb,117,8.279628796940369,0.7455581630110125,7.746288616214461,8.812968977666277,10,0.04583096351592718,0.039617840152527777,0.017490067962474282,0.07417185906938008,10,0.0953125,0.05867182298599559,0.05334120624004262,0.13728379375995736,10,0.292348427808642,0.05642507317133237,0.251984362044632,0.33271249357265203,10,0.47535368124544275,0.046888939753382625,0.44181135437838925,0.5088960081124962,10,9.034446808123368,0.7071650646248138,8.528571395470317,9.54032222077642,10
"{""dynamic.change_interval"": 10}",discounted_ucb,117,9.636237747040372,0.9385360291399983,8.9648495170762,10.307625977004545,10,0.06547149371164576,0.031029784588291552,0.04327412301508084,0.08766886440821069,10,0.1078125,0.07879917446162321,0.05144296636269781,0.16418203363730222,10,0.3148459882687425,0.0548932906289794,0.27557769372487706,0.35411428281260793,10,0.47720403875198436,0.021075381866062434,0.46212761878775516,0.49228045871621356,10,10.243395623164856,0.9277457493280473,9.579726294381711,10.907064951948001,10
"{""dynamic.change_interval"": 10}",uncertainty_aware,117,4.258283196442645,0.874024862432648,3.633043475095941,4.883522917789349,10,0.02119513670229458,0.040561221540428544,-0.007820613241973993,0.05021088664656315,10,0.11875,0.06215180787573458,0.07428927501643276,0.16321072498356723,10,0.26704547161263825,0.05413158981827493,0.22832206500400717,0.3057688782212693,10,0.5514244536782025,0.09304185303944251,0.48486632156048504,0.6179825857959199,10,4.86710410430415,0.9821141400529201,4.164541971748493,5.569666236859806,10
"{""dynamic.change_interval"": 10}",ucb,118,8.443936404878503,0.9131258454524592,7.790725525297645,9.09714728445936,10,0.063876156657559,0.02952303362050121,0.04275665067140751,0.08499566264371047,10,0.109375,0.08930431353897003,0.04549054257534978,0.1732594574246502,10,0.31800277070918204,0.06258972166994908,0.2732287810686959,0.36277676034966816,10,0.2438281324451888,0.02775435543216284,0.22397386261553612,0.2636824022748415,10,9.067808829279132,0.9820000382059355,8.365328320267702,9.770289338290562,10
"{""dynamic.change_interval"": 10}",sliding_window_ucb,118,8.337297561335912,0.7449167980667157,7.804416185452165,8.87017893721966,10,0.05766876439554156,0.03261022171888812,0.03434081708312399,0.08099671170795913,10,0.1171875,0.10756185639616345,0.04024238320607838,0.19413261679392163,10,0.31421110204403147,0.07443198237816408,0.2609656694234094,0.36745653466465356,10,0.44649714339471813,0.015754202224249867,0.4352272660352641,0.45776702075417214,10,9.116528611367333,0.7074049664774831,8.610481583267214,9.62257563946745,10
"{""dynamic.change_interval"": 10}",discounted_ucb,118,9.709873735371913,0.9360223922206641,9.040283652937134,10.379463817806691,10,0.07363598833154086,0.03904547135420132,0.045704540750743046,0.10156743591233869,10,0.1203125,0.10675177675466473,0.04394687927202505,0.19667812072797497,10,0.32579970745368525,0.07357382982435598,0.2731681601888213,0.3784312547185492,10,0.452633796047243,0.014506134819337407,0.4422567323250321,0.46301085976945394,10,10.337066031818473,0.9249979319002996,9.675362373208662,10.998769690428285,10
"{""dynamic.change_interval"": 10}",uncertainty_aware,118,4.276102299917059,0.9018697601527604,3.630943538689734,4.921261061144384,10,0.01781910347441525,0.05634895284137209,-0.022490509085871576,0.05812871603470207,10,0.1265625,0.10191578512156224,0.053656339284066726,0.19946866071593328,10,0.2649485870618011,0.08976357098261485,0.20073559665321297,0.3291615774703892,10,0.5293685277555615,0.07985901930768248,0.47224082678835466,0.5864962287227684,10,4.899923392565883,0.9959127051212568,4.187490361195863,5.612356423935903,10
"{""dynamic.change_interval"": 10}",ucb,119,8.50648530957579,0.9055981716448869,7.858659403439207,9.154311215712374,10,0.06254890469728695,0.048020937133072206,0.02819679568711183,0.09690101370746207,10,0.109375,0.08168951636124022,0.05093784032413932,0.1678121596758607,10,0.29544990544487426,0.09154347635429089,0.22996364743665199,0.36093616345309654,10,0.24704454711143314,0.024570436445489056,0.22946791571700495,0.26462117850586137,10,9.13724714386944,0.9897561615430924,8.429218238465078,9.845276049273801,10
"{""dynamic.change_interval"": 10}",sliding_window_ucb,119,8.4259488971984,0.7413725295323285,7.895602938287404,8.956294856109395,10,0.08865133586248593,0.04368366909235212,0.057401921498362436,0.11990075022660943,10,0.1125,0.07753247527470165,0.05703660837387196,0.16796339162612806,10,0.2979646541703418,0.10648587040649508,0.22178925138487612,0.37414005695580743,10,0.4874228539515313,0.04130444276744381,0.45787543556984023,0.5169702723332223,10,9.188481674683109,0.6881100891252518,8.696237370347108,9.68072597901911,10
"{""dynamic.change_interval"": 10}",discounted_ucb,119,9.796767323229705,0.9311921044941768,9.13063262047798,10.46290202598143,10,0.08689358785779036,0.036252213220849136,0.060960316772894124,0.1128268589426866,10,0.1125,0.08391722525467847,0.05246923338268662,0.17253076661731337,10,0.3045489295074781,0.08973523652631799,0.24035620834787938,0.36874165066707676,10,0.4539585259081222,0.010050640231416228,0.44676873100897435,0.46114832080727003,10,10.415603370471384,0.9224700721614534,9.755708033783126,11.075498707159642,10
"{""dynamic.change_interval"": 10}",uncertainty_aware,119,4.282682545041807,0.8944972130933598,3.642797786268148,4.922567303815465,10,0.006580245124746991,0.020808562156419297,-0.008305303517535178,0.02146579376702916,10,0.09375,0.06463371690620237,0.047513824251452806,0.1399861757485472,10,0.22692691862519818,0.0858255392366655,0.16553102642207626,0.28832281082832006,10,0.553307758515934,0.05899552856718815,0.5111048997329635,0.5955106172989044,10,4.900838720336517,0.9803246910217088,4.1995566825032515,5.602120758169782,10
