policy,expected_objective,realized_objective,ber,bler,switches,switch_cost,base_loss,policy_runtime_s,ber_term,bler_term,papr_term,realized_regret,approximate_reference_gap,same_table_expected_regret,complexity_term,family,seed
always_afdm,0.1575665470175597,0.1551295022450169,0.056640625,0.625,0,0.0,18.615540269402032,0.0154599999368656,4.854910714285714,10.714285714285715,2.416236412259172,2.002959898606996,0.6015255470075971,0.460337030309276,0.6301074285714297,fast_change,10301
always_ofdm,0.1709551022961901,0.1598426074522633,0.061328125,0.6416666666666667,0,0.0,19.1811128942716,0.023468800165574,5.256696428571429,11.000000000000002,2.4029261799858825,2.568532523476563,2.20815218044325,2.19969985722674,0.5214902857142865,fast_change,10301
always_otfs,0.1525538341258297,0.1506954483111766,0.0595052083333333,0.5916666666666667,0,0.0,18.0834537973412,0.0169260001130169,5.100446428571429,10.142857142857144,2.182888511626912,1.470873426546163,0.0,0.0,0.6572617142857147,fast_change,10301
block,0.16713394490158,0.162370676179626,0.0567708333333333,0.625,14,1.0,18.48448114155513,0.0282041998725617,4.866071428571429,10.714285714285715,2.301170855840842,2.8719007707600923,1.749613293090036,1.670635548468553,0.6029531428571429,fast_change,10301
cadc,0.1601560581306654,0.160193445800841,0.0588541666666666,0.6416666666666667,2,0.1428571428571428,19.08035635324377,0.0739571999583859,5.044642857142858,11.000000000000002,2.4110369246723424,2.610633125305881,0.9122668805802832,0.793499066919999,0.6246765714285667,fast_change,10301
linucb,0.1911472627145216,0.180346183968121,0.0571614583333333,0.5666666666666667,58,4.142857142857144,17.498684933317378,0.0811472000204958,4.899553571428572,9.714285714285715,2.2669576476030904,5.028961705379487,4.6312114306430345,4.555289613064971,0.6178879999999993,fast_change,10301
offline_historical,0.1604455324473871,0.1579473462192504,0.05703125,0.6,12,0.8571428571428572,18.0965386891672,0.0426068999950075,4.888392857142858,10.285714285714286,2.2742212605957666,2.341101175515014,0.9470037985868912,0.8277508113341057,0.6482102857142897,fast_change,10301
sticky,0.1915522217301055,0.179234711398209,0.0583333333333333,0.6083333333333333,44,3.1428571428571432,18.365308224927944,0.0759060000564204,5.0,10.42857142857143,2.3661425106422254,4.895584996990046,4.679806512513103,4.578015501867107,0.5705942857142876,fast_change,10301
uncertainty_aware,0.1842503041478439,0.1794473909372687,0.0553385416666666,0.6166666666666667,46,3.2857142857142865,18.247972626757964,0.0884506000584224,4.743303571428572,10.571428571428571,2.319199341043675,4.921106541677215,3.80357640264171,3.869450743889004,0.6140411428571446,fast_change,10301
always_afdm,0.1676362695018139,0.1661129352398754,0.0584635416666666,0.6916666666666667,0,0.0,19.933552228785047,0.0168463000882184,5.011160714285714,11.85714285714286,2.4079320859279,1.9606227069271256,0.82687550056907,0.5028337806883023,0.6573165714285718,fast_change,10302
always_ofdm,0.1788714324195181,0.179013228592175,0.062890625,0.7666666666666667,0,0.0,21.481587431061,0.026285700048902,5.390625,13.142857142857146,2.399405859632431,3.5086579092030803,2.1750950506935744,2.368379649891935,0.5486994285714246,fast_change,10302
always_otfs,0.1611878401795389,0.164441463001901,0.059765625,0.6833333333333333,0,0.0,19.732975560228127,0.0186463000718504,5.122767857142858,11.714285714285715,2.211451131656695,1.7600460383702057,0.0530639818960665,0.0572969290562568,0.6844708571428586,fast_change,10302
block,0.1818847937621726,0.1736312584651038,0.0602864583333333,0.6833333333333333,14,1.0,19.835751015812463,0.0324776999477762,5.167410714285714,11.714285714285715,2.3311334443838887,2.8628214939545416,2.5366984118121145,2.6486177830102093,0.6229211428571433,fast_change,10302
cadc,0.1711483148453306,0.168676854925926,0.0604166666666666,0.6916666666666667,2,0.1428571428571428,20.098365448253983,0.0837477997847599,5.178571428571429,11.85714285714286,2.410765448253981,2.268293069253204,1.248320941791075,0.9206771826188992,0.6518857142857133,fast_change,10302
linucb,0.20897085384838,0.2071874949394256,0.059375,0.7,67,4.785714285714287,20.07678510701679,0.0893346999655477,5.089285714285714,12.000000000000002,2.3555268213025014,6.889569870873153,5.787025622157007,5.490766042696002,0.6319725714285709,fast_change,10302
offline_historical,0.1761081383578573,0.1806782493925028,0.06015625,0.6916666666666667,24,1.7142857142857144,19.96710421281462,0.046996900011436,5.15625,11.85714285714286,2.277839355671761,3.7084604052424126,1.843499763294279,1.7310527293975184,0.6758719999999978,fast_change,10302
sticky,0.1924914273750938,0.1938681460697386,0.0576822916666666,0.7166666666666667,43,3.071428571428572,20.192748956940065,0.0838417000486515,4.944196428571429,12.285714285714286,2.309821099797204,5.291248006510713,3.809494445362656,3.49381262910817,0.6530171428571454,fast_change,10302
uncertainty_aware,0.2012349695220807,0.1940948546011783,0.0563802083333333,0.6916666666666667,51,3.6428571428571432,19.648525409284257,0.0988876000337768,4.832589285714286,11.85714285714286,2.321163552141402,5.318453030283482,4.858719503001087,4.729925368607631,0.6376297142857115,fast_change,10302
always_afdm,0.1456795458838529,0.152987974311102,0.0471354166666666,0.6583333333333333,0,0.0,18.358556917332244,0.0154910001001553,4.040178571428572,11.285714285714286,2.3621817744751006,3.0577047479963597,0.6484558346670397,0.7726943360733145,0.670482285714284,fast_change,10303
always_ofdm,0.1657193880141847,0.1619817874973011,0.051171875,0.7083333333333334,0,0.0,19.437814499676136,0.0225584000145318,4.386160714285714,12.142857142857144,2.346931499676135,4.136962330340252,3.0532368903068594,2.81157980135567,0.5618651428571422,fast_change,10303
always_otfs,0.137922564634928,0.1421965217049944,0.0483072916666666,0.5833333333333334,0,0.0,17.063582604599326,0.0159253000310855,4.140625,10.0,2.2253210331707565,1.7627304352634408,-0.2823819152039455,0.1037012305012936,0.697636571428569,fast_change,10303
block,0.1577533279475947,0.1637771711485467,0.048046875,0.675,14,1.0,18.6532605378256,0.0272206999361515,4.118303571428572,11.571428571428571,2.3220106806827467,4.352408368489721,2.0973096823160557,2.291621295520347,0.6415177142857078,fast_change,10303
cadc,0.1502258934158792,0.1566448244657408,0.0473958333333333,0.675,2,0.1428571428571428,18.65452179303176,0.0724283999297767,4.0625,11.571428571428571,2.355541793031759,3.496526766553016,1.1940175385101917,1.2664570507440978,0.6650514285714282,fast_change,10303
linucb,0.1827203905667521,0.1839210580831402,0.0471354166666666,0.625,61,4.357142857142858,17.713384112833964,0.0782073999434942,4.040178571428572,10.714285714285715,2.300430684262535,6.769674800640937,5.093357196614946,5.217450039301188,0.6584891428571407,fast_change,10303
offline_historical,0.1514729443714863,0.1522240603443453,0.0454427083333333,0.575,22,1.5714285714285716,16.695458669892872,0.0428837000363273,3.895089285714286,9.857142857142858,2.251699669892872,2.9660350719855604,1.3436636531830466,1.6237862305202846,0.6915268571428559,fast_change,10303
sticky,0.1601493955474282,0.1649460319162977,0.0494791666666666,0.6416666666666667,23,1.6428571428571432,18.150666687098575,0.0776276999386027,4.241071428571429,11.000000000000002,2.2565369728128646,4.492671660619839,2.384837794296079,2.387285325220713,0.6530582857142795,fast_change,10303
uncertainty_aware,0.1790570963559707,0.187973420016186,0.0493489583333333,0.6833333333333333,52,3.714285714285715,18.842524687656613,0.086325099793612,4.229910714285714,11.714285714285715,2.247759116228038,7.255958232606444,4.653761891321175,4.853499211135922,0.6505691428571447,fast_change,10303
always_afdm,0.1236467588207271,0.1202552420861811,0.0298177083333333,0.5166666666666667,0,0.0,14.43062905034174,0.0148564998380607,2.555803571428572,8.857142857142858,2.4399454789131654,2.397439826000639,0.621808339591734,0.6337105784196773,0.5777371428571434,fast_change,10304
always_ofdm,0.1387131981413009,0.1387537401755835,0.0341145833333333,0.6333333333333333,0,0.0,16.65044882107003,0.0221813997923163,2.9241071428571432,10.85714285714286,2.4000788210700263,4.617259596728928,2.429781058060588,2.7073361049526348,0.46912000000000065,fast_change,10304
always_otfs,0.1187745879518451,0.1088114904074051,0.0247395833333333,0.475,0,0.0,13.057378848888618,0.0164612999215023,2.1205357142857144,8.142857142857144,2.189094563174331,1.0241896245475175,0.0371478353258929,0.3589625657378867,0.6048914285714275,fast_change,10304
block,0.1325384384177051,0.1315452097467755,0.0317708333333333,0.5333333333333333,14,1.0,14.785425169613069,0.0286273999663535,2.723214285714286,9.142857142857144,2.368770883898781,3.7522359452719662,1.6888098912290914,2.06738530237941,0.550582857142857,fast_change,10304
cadc,0.1286595517630274,0.124928929758357,0.0313802083333333,0.5333333333333333,2,0.1428571428571428,14.848614428145703,0.0732359998946776,2.6897321428571432,9.142857142857144,2.443718856717132,2.958282346661747,1.2233434926677589,1.4074372058456,0.5723062857142831,fast_change,10304
linucb,0.169269605918585,0.1672743139729023,0.0295572916666666,0.55,73,5.214285714285715,14.858631962462567,0.0767046999390004,2.5334821428571432,9.42857142857143,2.338075533891136,8.039728452407182,6.096549991334673,6.229061046644819,0.5585028571428583,fast_change,10304
offline_historical,0.1301471527334987,0.1200175616068443,0.0251302083333333,0.475,18,1.285714285714286,13.116393107107037,0.0453992998955072,2.154017857142857,8.142857142857144,2.2243569642498926,2.3689181684802207,1.4018556091243148,1.67833012064804,0.5951611428571422,fast_change,10304
sticky,0.1519101253732153,0.1481209918059628,0.0282552083333333,0.5166666666666667,51,3.6428571428571432,14.131661873858391,0.0827995001600356,2.421875,8.857142857142858,2.3086234452869623,5.741329792374437,4.0134123258903145,4.167343651808629,0.5440205714285713,fast_change,10304
uncertainty_aware,0.1503612404263289,0.1406415622340454,0.0286458333333333,0.5,41,2.928571428571429,13.948416039514022,0.0995091999648138,2.455357142857143,8.571428571428571,2.359506896656878,4.843798243744352,3.827546132263951,3.652287800939632,0.5621234285714305,fast_change,10304
always_afdm,0.1394761953348945,0.1386558275917654,0.04140625,0.5833333333333334,0,0.0,16.638699311011855,0.0146310000272933,3.5491071428571432,10.0,2.450122453868997,2.3237992787303057,1.047665096877708,0.8111408871743997,0.639469714285716,fast_change,10305
always_ofdm,0.1559477387075729,0.1550123589374108,0.0438802083333333,0.6916666666666667,0,0.0,18.6014830724893,0.0231842000794131,3.7611607142857135,11.85714285714286,2.452326929632157,4.286583040207752,3.024250301599121,3.274657390835177,0.5308525714285719,fast_change,10305
always_otfs,0.1307456528609136,0.1278694096176676,0.0375,0.5416666666666666,0,0.0,15.34432915412011,0.0161493000341579,3.2142857142857144,9.285714285714286,2.177705154120108,1.029429121838561,0.0,0.0,0.666624000000001,fast_change,10305
block,0.1499725785316673,0.1470391743678495,0.0415364583333333,0.5916666666666667,14,1.0,16.64470092414195,0.0296545999735826,3.560267857142857,10.142857142857144,2.3292604955705203,3.329800891860401,2.307231080490446,2.469203102636726,0.6123154285714287,fast_change,10305
cadc,0.14673393609012,0.1441582877690976,0.0427083333333333,0.6083333333333333,2,0.1428571428571428,17.156137389434573,0.0768442999979015,3.660714285714286,10.42857142857143,2.432812818006002,2.984094500010169,1.9185939875047744,1.686032333853671,0.6340388571428539,fast_change,10305
linucb,0.1719514954701697,0.1752980245681402,0.0427083333333333,0.6166666666666667,54,3.8571428571428577,17.17862009103397,0.0773195998917799,3.660714285714286,10.571428571428571,2.3273732338911155,6.720862915895282,4.944701113110728,4.83809413893341,0.619103999999997,fast_change,10305
offline_historical,0.1444028742653059,0.1411903107702526,0.0389322916666666,0.5416666666666666,20,1.4285714285714288,15.514265863858885,0.0437361000076634,3.337053571428572,9.285714285714286,2.2296260067160256,2.6279372601487623,1.6388665685270816,1.6510938750563149,0.6618719999999998,fast_change,10305
sticky,0.1720084762398645,0.1729057117267323,0.040625,0.5916666666666667,58,4.142857142857143,16.605828264350734,0.0761492000019643,3.482142857142857,10.142857142857144,2.357424835779304,6.433785374926327,4.951538805474112,5.113423621949462,0.6234034285714283,fast_change,10305
uncertainty_aware,0.1640896530692008,0.1686374276743545,0.0421875,0.6083333333333333,45,3.2142857142857144,17.02220560663683,0.0863560000143479,3.616071428571429,10.42857142857143,2.3598164637796857,5.921591288640997,4.001280024994465,4.201550376287042,0.6177462857142859,fast_change,10305
always_afdm,0.1314495069882794,0.1337312235127478,0.044921875,0.5333333333333333,0,0.0,16.047746821529746,0.0156997001176932,3.850446428571429,9.142857142857144,2.409122107244032,1.1488486025816194,0.437653567925949,0.7459476960290523,0.6453211428571408,fast_change,10306
always_ofdm,0.1415278563280353,0.1543004698354645,0.0549479166666666,0.6333333333333333,0,0.0,18.51605638025574,0.0234718000865541,4.709821428571429,10.85714285714286,2.412388094541454,3.6171581613076143,1.6470554886966582,2.185491098244567,0.5367039999999981,fast_change,10306
always_otfs,0.1278023939222298,0.136409317159999,0.046875,0.55,0,0.0,16.369118059199877,0.0172666001599282,4.017857142857143,9.42857142857143,2.250214059199876,1.470219840251751,0.0,0.0,0.6724754285714285,fast_change,10306
block,0.1395591351097466,0.14978407713508,0.0497395833333333,0.5666666666666667,14,1.0,16.974089256209602,0.0261309000343317,4.263392857142858,9.714285714285715,2.369192399066746,3.075191037261476,1.4108089425020118,1.6067712237495488,0.6272182857142834,fast_change,10306
cadc,0.1332402672386474,0.1383363857181895,0.0458333333333333,0.55,3,0.2142857142857143,16.386080571897025,0.0736979999346658,3.928571428571429,9.42857142857143,2.385426857611311,1.7014680672346143,0.6525447979701138,0.906378063385736,0.6435108571428549,fast_change,10306
linucb,0.1785207965796603,0.1855168890827383,0.0484375,0.575,74,5.285714285714287,16.97631240421432,0.0860764000826748,4.151785714285714,9.857142857142858,2.342428404214318,7.363128470980477,6.086208318891664,6.460072404467022,0.624955428571428,fast_change,10306
offline_historical,0.1370256162117679,0.1478195461079127,0.04765625,0.5583333333333333,16,1.142857142857143,16.59548839009239,0.0459427001478616,4.084821428571429,9.571428571428571,2.26993096152096,2.8394473140014043,1.1067866747445727,1.098043068734755,0.6693074285714316,fast_change,10306
sticky,0.1493562565530952,0.1565978537338846,0.0451822916666666,0.5583333333333333,33,2.3571428571428577,16.4345995909233,0.0729766999575076,3.872767857142857,9.571428571428571,2.3462134480661554,3.8928442291180296,2.586463515703855,2.755712922362731,0.644189714285714,fast_change,10306
uncertainty_aware,0.1611586994394289,0.1705284794972113,0.048046875,0.575,49,3.500000000000001,16.963417539665365,0.0955273999134078,4.118303571428572,9.857142857142858,2.360300253951076,5.564519320717238,4.002756662063895,4.297740485819402,0.6276708571428582,fast_change,10306
always_afdm,0.1739270250356696,0.1766869881336275,0.0639322916666666,0.7333333333333333,0,0.0,21.202438576035306,0.0146808999415952,5.479910714285714,12.571428571428571,2.4493118617495906,2.384591303246957,0.5198208875433217,0.4555592643782091,0.7017874285714285,fast_change,10307
always_ofdm,0.1913533309257365,0.196583445224369,0.0744791666666666,0.825,0,0.0,23.59001342692428,0.0238306999672204,6.383928571428572,14.142857142857144,2.470057426924276,4.772166154135931,2.6109775943513505,2.6445143568375684,0.5931702857142866,fast_change,10307
always_otfs,0.1684455260718428,0.1663189425857795,0.0615885416666666,0.6833333333333333,0,0.0,19.95827311029354,0.0169229001039639,5.279017857142858,11.714285714285715,2.236027824579254,1.140425837505191,-0.1379589881158942,0.2081518844941996,0.7289417142857126,fast_change,10307
block,0.1862293536833611,0.1897524078460084,0.066796875,0.7583333333333333,14,1.0,21.77028894152101,0.0727628000604454,5.725446428571429,13.0,2.368399084378156,3.9524416687326607,1.9961003252663008,2.149176985209511,0.6764434285714227,fast_change,10307
cadc,0.1790421821228059,0.1777571758242186,0.0640625,0.7333333333333333,2,0.1428571428571428,21.188003956049087,0.075425399991218,5.491071428571429,12.571428571428571,2.4291473846205167,2.5130138261178843,1.1336397379996832,1.3039599292122404,0.6963565714285704,fast_change,10307
linucb,0.2235115558824939,0.225624455996097,0.0654947916666666,0.7416666666666667,80,5.714285714285714,21.360649005245925,0.0782356999407056,5.613839285714287,12.714285714285715,2.341145719531634,8.257087446743292,6.469964589162242,6.664948960422304,0.6913782857142876,fast_change,10307
offline_historical,0.182589463271496,0.1881075838364618,0.062890625,0.7166666666666667,26,1.8571428571428568,20.715767203232566,0.0403181000292534,5.390625,12.285714285714286,2.318858774661135,3.755062787587072,1.5593134758424938,1.968501634524152,0.720569142857145,fast_change,10307
sticky,0.204484291202863,0.2049978785856597,0.0704427083333333,0.75,37,2.6428571428571432,21.95688828742203,0.0760606999974697,6.037946428571429,12.857142857142858,2.4048161445648844,5.781898157490822,4.186692827606532,4.243732469011395,0.6569828571428578,fast_change,10307
uncertainty_aware,0.2107799477416224,0.2177084690766551,0.0682291666666666,0.7916666666666666,51,3.642857142857144,22.482159146341477,0.0889873000996885,5.848214285714287,13.571428571428571,2.3917300034843287,7.3071690164102705,4.94217161225766,5.163984658853387,0.6707862857142888,fast_change,10307
always_afdm,0.1558279541759094,0.1505629063563024,0.05390625,0.6083333333333333,0,0.0,18.06754876275629,0.0131580999877769,4.620535714285714,10.42857142857143,2.405010762756289,1.8882886867947557,0.5682561205409051,0.8185815849420024,0.6134308571428537,fast_change,10308
always_ofdm,0.1704397771781031,0.1655611619579292,0.056640625,0.7083333333333334,0,0.0,19.867339434951504,0.0196488999790744,4.854910714285714,12.142857142857144,2.364757863522931,3.6880793589899694,2.3216748808041423,2.579633456598117,0.5048137142857132,fast_change,10308
always_otfs,0.1496479969057396,0.1498354953130094,0.046484375,0.65,0,0.0,17.98025943756113,0.0136817999591585,3.984375,11.142857142857144,2.212442151846843,1.8009993615995974,-0.17333875187947,0.0417891967054266,0.6405851428571436,fast_change,10308
block,0.1699114344098735,0.1674407422392686,0.0572916666666666,0.6583333333333333,14,1.0,19.092889068712243,0.0224493999703554,4.910714285714286,11.285714285714286,2.317425068712241,3.9136289927507057,2.2582737486165883,2.271794246886806,0.5790354285714305,fast_change,10308
cadc,0.1618391261425892,0.1566711863102462,0.05625,0.6333333333333333,2,0.1428571428571428,18.657685214372403,0.0575606000638799,4.821428571428572,10.85714285714286,2.3711137858009743,2.6212822812680123,1.2895967565424795,1.3458072928210996,0.6079999999999965,fast_change,10308
linucb,0.1966170810438046,0.1891547837616546,0.0528645833333333,0.6333333333333333,62,4.428571428571429,18.27000262282712,0.0647445999056799,4.53125,10.85714285714286,2.3077789085414064,6.519313975437019,5.462951344688321,5.679982477511857,0.5738308571428554,fast_change,10308
offline_historical,0.1641177828977205,0.1637283300784753,0.0490885416666666,0.6416666666666667,22,1.5714285714285716,18.075971037988467,0.0321746999688912,4.207589285714286,11.000000000000002,2.231869752274184,3.46813953345551,1.563035567158238,1.6468434808807757,0.6365119999999962,fast_change,10308
sticky,0.1749246880109196,0.1704734533722169,0.0489583333333333,0.6333333333333333,35,2.5,17.956814404666027,0.059002300054999,4.196428571428572,10.85714285714286,2.317418976094596,4.277554328704493,2.859864180742125,2.959286052105938,0.5858239999999983,fast_change,10308
uncertainty_aware,0.1824664338902505,0.1746216543564313,0.0483072916666666,0.6166666666666667,46,3.2857142857142865,17.668884237057476,0.0729729999002302,4.140625,10.571428571428571,2.351772379914617,4.775338446810228,3.764873686261837,4.097082112979415,0.6050582857142879,fast_change,10308
always_afdm,0.1595926845996038,0.1519995715177288,0.0572916666666666,0.6,0,0.0,18.239948582127465,0.0176367998938076,4.910714285714286,10.285714285714286,2.3973211535560344,1.87501129847924,0.85340824856587,0.7659107245187258,0.646198857142859,fast_change,10309
always_ofdm,0.1817551861204356,0.1813333171916246,0.0647135416666666,0.775,0,0.0,21.75999806299496,0.0258581999514717,5.546875,13.285714285714288,2.3898270629949554,5.395060779346736,3.5129084310656857,3.492543247229833,0.5375817142857162,fast_change,10309
always_otfs,0.1524809491948882,0.1447413123231665,0.05078125,0.5916666666666667,0,0.0,17.368957478779986,0.0193077998992521,4.352678571428572,10.142857142857144,2.2000686216371266,1.004020195131762,0.0,0.0,0.6733531428571427,fast_change,10309
block,0.1725823798184585,0.1639595271011815,0.0591145833333333,0.625,14,1.0,18.675143252141783,0.0297213001613272,5.066964285714287,10.714285714285715,2.280279537856067,3.310205968493559,2.412171674828425,2.232098546907228,0.6136137142857128,fast_change,10309
cadc,0.1629031333109425,0.1541555869505486,0.0571614583333333,0.6083333333333333,2,0.1428571428571428,18.355813291208698,0.0793838001554831,4.899553571428572,10.42857142857143,2.386920291208693,2.133733150417612,1.2506620939265147,1.2166623533627288,0.6407680000000009,fast_change,10309
linucb,0.2092591481341922,0.2004059793871995,0.0546875,0.625,79,5.642857142857143,18.4058603836068,0.0877029998664511,4.6875,10.714285714285715,2.387292955035369,7.683780242815722,6.813383872716468,6.977525331563552,0.6167817142857159,fast_change,10309
offline_historical,0.1633878059094261,0.1566685399163981,0.053515625,0.5833333333333334,18,1.285714285714286,17.514510504253487,0.0489142000878928,4.587053571428572,10.0,2.261344932824914,2.435287506319547,1.3088228057445406,1.350785380606716,0.6661119999999996,fast_change,10309
sticky,0.1726320103828748,0.1691256671206486,0.0540364583333333,0.625,29,2.071428571428572,18.223651483049267,0.0783701999607728,4.631696428571429,10.714285714285715,2.230112768763548,3.930142770829612,2.418127342558389,2.401902527935647,0.6475565714285745,fast_change,10309
uncertainty_aware,0.1913472586918804,0.1927385352866656,0.0606770833333333,0.6833333333333333,45,3.2142857142857144,19.914338520114164,0.0926612999755889,5.200892857142858,11.714285714285715,2.374458234399873,6.763686950751655,4.663957139639059,4.631600894270459,0.6247017142857181,fast_change,10309
always_afdm,0.158072892938809,0.1485779121286901,0.055078125,0.5833333333333334,0,0.0,17.829349455442816,0.0232121000008191,4.720982142857143,10.0,2.4516358840142405,1.6434281282219736,0.3676650951251474,0.588608770429623,0.6567314285714336,fast_change,10310
always_ofdm,0.1649540067766939,0.1552419666734815,0.0578125,0.625,0,0.0,18.629036000817788,0.0236415999825112,4.955357142857143,10.714285714285715,2.4112788579606423,2.443114673596945,1.193398755671339,1.341523120736909,0.5481142857142878,fast_change,10310
always_otfs,0.1537242082017481,0.1540979199215604,0.05546875,0.6333333333333333,0,0.0,18.49175039058725,0.0192579999420559,4.754464285714286,10.85714285714286,2.1962575334443915,2.3058290633664065,-0.1541770733221632,0.0692842333613796,0.6838857142857138,fast_change,10310
block,0.1671140725738987,0.1659550807787047,0.0576822916666666,0.6416666666666667,14,1.0,18.914609693444568,0.0324219000758603,4.944196428571429,11.000000000000002,2.349887550587426,3.728688366223725,1.4526066513359126,1.7680245646731976,0.6205257142857112,fast_change,10310
cadc,0.1607668312011269,0.153055941382799,0.0567708333333333,0.6,2,0.1428571428571428,18.223855823078743,0.0739768000494223,4.866071428571429,10.285714285714286,2.4207695373644533,2.1807916387150392,0.6909376866032986,1.0444518008236017,0.6513005714285747,fast_change,10310
linucb,0.1989838128624794,0.1930123618523994,0.0588541666666666,0.5916666666666667,70,5.000000000000001,18.161483422287937,0.0921985000313725,5.044642857142858,10.142857142857144,2.35504170800222,6.975562095067094,5.2769754859656,5.342751739891902,0.618941714285715,fast_change,10310
offline_historical,0.1661315200153832,0.1614583500330213,0.055078125,0.6,20,1.4285714285714288,17.946430575391126,0.0469503999484004,4.720982142857143,10.285714285714286,2.265805003962555,3.189080676741714,1.3347003443140617,1.5612354673199604,0.6739291428571423,fast_change,10310
sticky,0.1783608541549573,0.1686118970310364,0.0515625,0.625,30,2.1428571428571432,18.09057050086723,0.081767800162197,4.419642857142858,10.714285714285715,2.323217929438657,4.047506316503533,2.80222044106295,3.0110545186475832,0.6334240000000002,fast_change,10310
uncertainty_aware,0.1880891445934934,0.1791158973327697,0.0528645833333333,0.6083333333333333,49,3.500000000000001,17.99390767993237,0.0909736001485725,4.53125,10.42857142857143,2.3931948227895106,5.307986352711527,3.969615293687277,3.965607861229629,0.6408914285714289,fast_change,10310
always_afdm,0.1440056364829815,0.1449991695742115,0.0397135416666666,0.6416666666666667,0,0.0,17.399900348905383,0.0207216999115189,3.404017857142857,11.000000000000002,2.371626491762525,2.608898408991241,0.3896915833688936,0.5782757028518866,0.624255999999999,fast_change,10311
always_ofdm,0.1606784609996626,0.1616855017741013,0.0501302083333333,0.7083333333333334,0,0.0,19.40226021289216,0.0278445999429095,4.296875,12.142857142857144,2.4468892128921547,4.6112582729780165,2.3904305253706326,2.305183758984448,0.5156388571428603,fast_change,10311
always_otfs,0.1403838533870391,0.132267364598419,0.0438802083333333,0.5416666666666666,0,0.0,15.872083751810289,0.0179321000323398,3.7611607142857135,9.285714285714286,2.1737984660959992,1.0810818118961445,-0.0449223881441867,0.0278097534210814,0.6514102857142894,fast_change,10311
block,0.1549502506433139,0.1525824119852214,0.0473958333333333,0.6,14,1.0,17.309889438226577,0.042189999949187,4.0625,10.285714285714286,2.3645734382265773,3.5188874983124343,1.703045282608784,1.708435879849972,0.5971017142857131,fast_change,10311
cadc,0.146710741286036,0.1484561351835385,0.0415364583333333,0.65,2,0.1428571428571428,17.671879079167486,0.0829259999009082,3.560267857142857,11.142857142857144,2.349928936310339,3.0237342821104853,0.714304159735434,0.8661671585107911,0.618825142857145,fast_change,10311
linucb,0.1820724692854881,0.1767913389824718,0.04375,0.6,60,4.285714285714287,16.929246392182336,0.0883455000730464,3.75,10.285714285714286,2.274933249325193,6.423958737982478,4.957711519669683,5.116633841842361,0.6185988571428562,fast_change,10311
offline_historical,0.1521095897265976,0.1386691803971836,0.0393229166666666,0.5333333333333333,18,1.2857142857142858,15.35458736194775,0.0506052998971426,3.3705357142857144,9.142857142857144,2.198835647662035,1.8492997077478923,1.3621659726028312,1.4105552569295767,0.642358857142856,fast_change,10311
sticky,0.1786208845527945,0.1759834429123802,0.0412760416666666,0.6416666666666667,51,3.6428571428571432,17.47515600662848,0.0754589000571286,3.537946428571429,11.000000000000002,2.335582149485623,6.327011209571481,4.543521351746456,4.59026474087932,0.6016274285714274,fast_change,10311
uncertainty_aware,0.167657208626436,0.1712854002637762,0.0451822916666666,0.6583333333333333,34,2.428571428571429,18.12567660308172,0.1043359001341741,3.872767857142857,11.285714285714286,2.3594573173674305,5.763246091739003,3.2278802405834317,3.3517254738163125,0.6077371428571436,fast_change,10311
always_afdm,0.1415741333506794,0.1425844390501423,0.041796875,0.6083333333333333,0,0.0,17.11013268601708,0.0116796001238981,3.582589285714286,10.42857142857143,2.431122828874225,1.7302111102499698,0.2747043001390317,0.510866469252182,0.6678491428571394,fast_change,10312
always_ofdm,0.1624692712904295,0.1655800052894412,0.047265625,0.75,0,0.0,19.869600634732944,0.018034700085991,4.051339285714286,12.857142857142858,2.401886491875798,4.489679058965832,2.782120852909045,2.695404008671737,0.5592320000000033,fast_change,10312
always_otfs,0.1392849308495208,0.1448234913838701,0.0440104166666666,0.625,0,0.0,17.378818966064415,0.0125082999293226,3.772321428571429,10.714285714285715,2.1972083946358443,1.9988973902973035,0.0,0.0,0.6950034285714266,fast_change,10312
block,0.1538741634156136,0.1654008626509645,0.0483072916666666,0.6833333333333333,14,1.0,18.848103518115742,0.0200278999691363,4.140625,11.714285714285715,2.343446518115742,4.468181942348631,1.7507079079311296,1.579062018723473,0.649746285714285,fast_change,10312
cadc,0.1448266324766748,0.1466999544620165,0.0427083333333333,0.625,2,0.1428571428571428,17.461137392584845,0.0554032999643823,3.660714285714286,10.714285714285715,2.42371910687056,2.22407295967488,0.6650041952584829,0.7972246573387025,0.6624182857142835,fast_change,10312
linucb,0.1741790294115835,0.1729534470164593,0.044140625,0.6166666666666667,48,3.4285714285714293,17.325842213403693,0.0577735001570545,3.7834821428571432,10.571428571428571,2.3157543562608303,5.374492066208008,4.18729182744752,3.799431389905557,0.6551771428571489,fast_change,10312
offline_historical,0.1490600927153155,0.1566418432257197,0.0434895833333333,0.6333333333333333,18,1.2857142857142858,17.51130690137208,0.0288976000883849,3.727678571428572,10.85714285714286,2.238949472800647,3.4170996113192533,1.1730194238953615,1.4019216285330955,0.687536000000001,fast_change,10312
sticky,0.1667693271778581,0.1697843296016231,0.04140625,0.6416666666666667,40,2.8571428571428577,17.516976695051923,0.0531051998696057,3.5491071428571432,11.000000000000002,2.3072615521947752,4.994197976427666,3.298127559400477,3.4307528998550083,0.6606080000000039,fast_change,10312
uncertainty_aware,0.1659259696744363,0.1777557187517439,0.0453125,0.6833333333333333,38,2.7142857142857144,18.616400535923557,0.0635611000761855,3.883928571428572,11.714285714285715,2.368666250209266,5.950764674442157,3.196924658989857,3.485595375614338,0.6495200000000025,fast_change,10312
always_afdm,0.1323397075391896,0.1307127153721725,0.0626302083333333,0.425,0,0.0,15.68552584466071,0.0021110001398483,5.368303571428572,7.285714285714287,2.465181130374995,1.6764968837348668,0.3186833134917126,0.3076590228855078,0.5663268571428541,fast_change,10313
always_ofdm,0.1487485369987609,0.1455261582809249,0.06328125,0.5333333333333333,0,0.0,17.46313899371099,0.0045516000827774,5.424107142857143,9.142857142857144,2.4384649937109923,3.454110032785149,2.287742848640269,2.30173118130649,0.4577097142857127,fast_change,10313
always_otfs,0.129684013260092,0.1277163287470164,0.0578125,0.4416666666666666,0,0.0,15.325959449641974,0.0032156998058781,4.955357142857143,7.571428571428573,2.2056925924991164,1.3169304887161315,0.0,0.0,0.5934811428571427,fast_change,10313
block,0.1472287174172125,0.1409309866824059,0.0604166666666666,0.4583333333333333,14,1.0,15.911718401888708,0.0042893000209005,5.178571428571429,7.857142857142858,2.336831544745851,2.902689440962863,2.1053644988544686,2.324364260761861,0.53917257142857,fast_change,10313
cadc,0.1393178604587594,0.1345706094800148,0.0631510416666666,0.4416666666666666,2,0.1428571428571428,16.00561599474463,0.0137444001738913,5.412946428571429,7.571428571428573,2.460344994744632,2.1394441766759336,1.1560616638400898,1.1431558492483518,0.5608959999999965,fast_change,10313
linucb,0.161985603615952,0.1590065209190995,0.0623697916666666,0.4416666666666666,45,3.214285714285715,15.866496796006228,0.0147124999639345,5.345982142857143,7.571428571428573,2.397015224577657,5.0717535493661,3.876190842703201,3.902099102570311,0.5520708571428554,fast_change,10313
offline_historical,0.1415724966825572,0.1474613014050699,0.06328125,0.4666666666666667,20,1.4285714285714288,16.26678474003696,0.0071274000656558,5.424107142857143,8.000000000000002,2.2582478828941044,3.686327207682549,1.4266180106958313,1.387573401778699,0.5844297142857124,fast_change,10313
sticky,0.1529919648154204,0.1541662730541979,0.06015625,0.4583333333333333,36,2.571428571428572,15.928524195075177,0.0110701999801676,5.15625,7.857142857142858,2.349935909360888,4.490923805577904,2.7969541866394128,2.8254131413527865,0.5651954285714313,fast_change,10313
uncertainty_aware,0.1641865458498738,0.1579108596302394,0.0576822916666666,0.4333333333333333,51,3.642857142857144,15.30644601277159,0.0135345999296987,4.944196428571429,7.42857142857143,2.3845490127715885,4.940274194702891,4.140303910773822,4.265107476107545,0.5491291428571423,fast_change,10313
always_afdm,0.1413553114908593,0.1449942520105969,0.050390625,0.5833333333333334,0,0.0,17.399310241271635,0.0021358999510994,4.319196428571429,10.0,2.409924098414493,1.748655803785951,0.0234311192425487,0.1365567745558706,0.6701897142857134,fast_change,10314
always_ofdm,0.1704900340265318,0.1731812035383544,0.058984375,0.7416666666666667,0,0.0,20.78174442460253,0.004395900061354,5.055803571428572,12.714285714285715,2.4500825674596696,5.1310899871168445,3.519597823523249,3.5776133617895027,0.5615725714285711,fast_change,10314
always_otfs,0.1398435485881223,0.1345960556166304,0.0459635416666666,0.5416666666666666,0,0.0,16.151526673995647,0.0025889000535244,3.9397321428571432,9.285714285714286,2.228736245424217,0.5008722365099629,-0.1579804290858959,0.2772002323700135,0.6973440000000015,fast_change,10314
block,0.1550122492901766,0.1563453128949047,0.0502604166666666,0.6083333333333333,14,1.0,17.761437547388567,0.0042547999910311,4.308035714285714,10.42857142857143,2.3727435473885667,3.110783109902883,1.662263655160622,1.9816832176280383,0.6520868571428546,fast_change,10314
cadc,0.1438273064349854,0.1498360401274144,0.0506510416666666,0.6083333333333333,2,0.1428571428571428,17.837467672432584,0.0138056000578217,4.341517857142858,10.42857142857143,2.4026195295754427,2.3296703778040424,0.3200705125376863,0.5049257265028295,0.6647588571428535,fast_change,10314
linucb,0.1795516062124295,0.1779234448826288,0.0513020833333333,0.5833333333333334,56,4.0,17.350813385915465,0.0140952001529512,4.397321428571429,10.0,2.298689671629748,5.700158948429781,4.606986485830966,4.89919912634242,0.6548022857142888,fast_change,10314
offline_historical,0.1504333456017702,0.1460467525147537,0.0467447916666666,0.5416666666666666,18,1.2857142857142858,16.239896016056164,0.0069832998124184,4.006696428571429,9.285714285714286,2.258513873199023,1.874955864284768,1.112795212551859,1.5327542527247218,0.6889714285714259,fast_change,10314
sticky,0.1690597419048594,0.1644216206985231,0.0485677083333333,0.5833333333333334,36,2.571428571428572,17.1591659123942,0.0107253998285159,4.162946428571429,10.0,2.3402857695370547,4.079940046337086,3.3479627689225566,3.5923288503248827,0.6559337142857173,fast_change,10314
uncertainty_aware,0.1770825367333916,0.1782206361912007,0.0516927083333333,0.6083333333333333,49,3.5000000000000004,17.886476342944086,0.0130952000326942,4.430803571428572,10.42857142857143,2.3781824858012257,5.735821905458401,4.310698148346425,4.280072515277567,0.6489188571428564,fast_change,10314
always_afdm,0.1573819410184284,0.1563861636430354,0.0470052083333333,0.6833333333333333,0,0.0,18.76633963716425,0.0020577000541379,4.029017857142858,11.714285714285715,2.368937780021394,1.5524468268759932,0.4107636785793858,0.4346754271187585,0.6540982857142836,fast_change,10315
always_ofdm,0.1805658629887727,0.1809907074030183,0.0596354166666666,0.7916666666666666,0,0.0,21.7188848883622,0.0039227999805007,5.111607142857143,13.571428571428571,2.4903680312193344,4.50499207807394,3.192834315020704,3.1407332380895845,0.5454811428571529,fast_change,10315
always_otfs,0.153905609312842,0.1569043008088375,0.0494791666666666,0.6833333333333333,0,0.0,18.8285160970605,0.0023167000472312,4.241071428571429,11.714285714285715,2.191906382774785,1.6146232867722432,-0.0063961260909692,0.0426585161151429,0.6812525714285713,fast_change,10315
block,0.1718009667651283,0.1622026393728915,0.05234375,0.6416666666666667,14,1.0,18.464316724746983,0.003939100090065,4.486607142857143,11.000000000000002,2.343524439032698,2.250423914458729,2.141046768183383,2.027352252828056,0.6341851428571403,fast_change,10315
cadc,0.1621875061940684,0.1602152723722797,0.0490885416666666,0.6916666666666667,2,0.1428571428571428,19.08297554181643,0.0124242998717818,4.207589285714286,11.85714285714286,2.369575970387859,2.011939874385316,0.9874314996561964,0.9801259829498328,0.6486674285714278,fast_change,10315
linucb,0.2078845174665326,0.2086454026831651,0.0532552083333333,0.675,83,5.928571428571429,19.108876893408397,0.0129759999981615,4.564732142857143,11.571428571428571,2.330158464836962,7.823555511691563,6.471072852351892,6.469281012637541,0.6425577142857208,fast_change,10315
offline_historical,0.1677602342044207,0.1739392279140675,0.0497395833333333,0.7083333333333334,22,1.5714285714285716,19.301278778259537,0.0064906999614322,4.263392857142858,12.142857142857144,2.221469921116678,3.658814539399853,1.656158860898465,1.5992347720081987,0.673558857142857,fast_change,10315
sticky,0.1803209675079551,0.1804425855270824,0.0493489583333333,0.7166666666666667,30,2.1428571428571432,19.51025312039275,0.0099116998608224,4.229910714285714,12.285714285714286,2.3575012632498917,4.439217452961636,3.1634468573225973,3.274209528229097,0.637126857142857,fast_change,10315
uncertainty_aware,0.1885332919067443,0.1880238077998743,0.049609375,0.7166666666666667,43,3.071428571428572,19.49142836455634,0.0123146000696579,4.252232142857143,12.285714285714286,2.3156762216992,5.348964125696657,4.148925785177305,4.0310013352648255,0.6378057142857125,fast_change,10315
always_afdm,0.1376965073531204,0.141600761233781,0.0427083333333333,0.6,0,0.0,16.99209134805372,0.002131500019459,3.660714285714286,10.285714285714286,2.3807393480537176,1.6192810296021776,0.3488677277362413,0.3850265660029084,0.6649234285714289,fast_change,10316
always_ofdm,0.1597264292562207,0.1635763871375101,0.0509114583333333,0.7166666666666667,0,0.0,19.629166456501217,0.004629500064766,4.363839285714286,12.285714285714286,2.423306599358359,4.256356138049675,2.9924583561082656,3.2303751987198925,0.5563062857142866,fast_change,10316
always_otfs,0.1308941138994492,0.1372218872119674,0.0450520833333333,0.5666666666666667,0,0.0,16.466626465436093,0.0024708000564714,3.8616071428571432,9.714285714285715,2.1986558940075183,1.093816146984551,-0.4674194867043031,0.0607469398823194,0.6920777142857171,fast_change,10316
block,0.146454354556027,0.1471808321086034,0.0434895833333333,0.5833333333333334,14,1.0,16.66169985303241,0.0045459999382728,3.727678571428572,10.0,2.296252138746693,2.288889534580868,1.3998093920850287,2.053563902184658,0.6377691428571435,fast_change,10316
cadc,0.1427893543441995,0.141564247208366,0.0428385416666666,0.5916666666666667,2,0.1428571428571428,16.844852522146777,0.0141271000029519,3.671875,10.142857142857144,2.370627807861061,1.614899346552377,0.9600093666657336,1.008433941878609,0.6594925714285718,fast_change,10316
linucb,0.1752314182135633,0.1772616310670041,0.04140625,0.6,63,4.500000000000001,16.771395728040503,0.0144662999955471,3.5491071428571432,10.285714285714286,2.280023442326213,5.898585409588957,4.853057030989387,5.257193845891928,0.6565508571428609,fast_change,10316
offline_historical,0.1370396334683431,0.136608895795737,0.0404947916666666,0.55,8,0.5714285714285715,15.82163892405987,0.0073600000760052,3.4709821428571432,9.42857142857143,2.2379276383455826,1.0202571770368998,0.2700428615629597,0.5977491029208384,0.6841577142857131,fast_change,10316
sticky,0.1706408530656971,0.1809457413058938,0.0484375,0.675,42,3.0,18.71348895670726,0.0105172001058235,4.151785714285714,11.571428571428571,2.3737763852786857,6.340678638255717,4.302189213245445,4.597617842228859,0.6164982857142869,fast_change,10316
uncertainty_aware,0.1749733675816877,0.1817077427403818,0.0442708333333333,0.6333333333333333,58,4.142857142857144,17.662071985988668,0.0143390000594081,3.794642857142857,10.85714285714286,2.360750271702953,6.432118810394272,4.82209095516431,4.635048659066337,0.6495359999999977,fast_change,10316
always_afdm,0.1552728375826969,0.1518199375154517,0.06328125,0.5666666666666667,0,0.0,18.218392501854204,0.0021264001115923,5.424107142857143,9.714285714285715,2.4452110732827697,1.8649886368386104,0.5266970163056541,0.5426196096408304,0.6347885714285768,fast_change,10317
always_ofdm,0.1607888573858839,0.1602072007114762,0.059765625,0.65,0,0.0,19.224864085377156,0.004362499967101,5.122767857142858,11.142857142857144,2.4330676568057226,2.871460220361559,1.1886193926880964,1.6376473633293926,0.5261714285714318,fast_change,10317
always_otfs,0.1499071299419948,0.1472212813536281,0.0622395833333333,0.55,0,0.0,17.666553762435377,0.0025494999281363,5.334821428571429,9.42857142857143,2.241218048149659,1.313149897419784,-0.1171879005786067,0.029670286138117,0.6619428571428592,fast_change,10317
block,0.1646340045954327,0.1611540394182776,0.0609375,0.5916666666666667,14,1.0,18.33848473019332,0.0041148000600514,5.223214285714287,10.142857142857144,2.3774510159076017,2.985080865177725,1.6500370578339414,1.984498861001388,0.5949622857142844,fast_change,10317
cadc,0.1581164868092319,0.1562633454206894,0.0622395833333333,0.5916666666666667,3,0.2142857142857143,18.537315736197016,0.0139564001729013,5.334821428571429,10.142857142857144,2.4501925933398696,2.3981975854671376,0.8679349234898517,1.0963418798213276,0.6094445714285732,fast_change,10317
linucb,0.2039053851202559,0.197258364225905,0.0565104166666666,0.575,84,6.0,17.671003707108603,0.014237399896956,4.84375,9.857142857142858,2.3547828499657424,7.31759984209301,6.362602720812735,6.523176578945048,0.6153280000000034,fast_change,10317
offline_historical,0.1651905842837412,0.1620655342364271,0.062890625,0.5416666666666666,25,1.7857142857142858,17.66214982265697,0.0070953000249573,5.390625,9.285714285714286,2.3363133940855385,3.0944602433556625,1.7168266204309646,1.8429746766707569,0.6494971428571463,fast_change,10317
sticky,0.1858886229856525,0.1875549008139578,0.0654947916666666,0.6,51,3.6428571428571432,18.86373095481779,0.0116082001622999,5.613839285714287,10.285714285714286,2.375777383389218,6.153184232659342,4.200591264660318,4.571868204422437,0.5883999999999969,fast_change,10317
uncertainty_aware,0.1862799623807771,0.1867562257028321,0.0618489583333333,0.625,48,3.428571428571429,18.982175655768422,0.0136001999344443,5.301339285714287,10.714285714285715,2.366836370054139,6.057343219324267,4.24755199207527,4.479153676601968,0.5997142857142799,fast_change,10317
always_afdm,0.1656593791941812,0.1674799804205249,0.0528645833333333,0.725,0,0.0,20.097597650463,0.0020433000754565,4.53125,12.42857142857143,2.44681393617728,2.0568911230210283,0.9188549392087424,1.2352806718909122,0.6909622857142907,fast_change,10318
always_ofdm,0.1799337812310736,0.1824018409329696,0.062109375,0.7916666666666666,0,0.0,21.88822091195636,0.004264599920134,5.323660714285714,13.571428571428571,2.410786483384927,3.847514384514387,2.6317831836358394,2.998813609267067,0.5823451428571462,fast_change,10318
always_otfs,0.158002254700775,0.1619920984305064,0.05,0.7083333333333334,0,0.0,19.43905181166077,0.0023737999872537,4.285714285714286,12.142857142857144,2.292363811660772,1.3983452842188058,0.0,0.0,0.7181165714285709,fast_change,10318
block,0.1762217900394297,0.1763822395748649,0.0548177083333333,0.725,14,1.0,20.165868748983797,0.0039106000622268,4.698660714285714,12.42857142857143,2.3820697489837896,3.1251622215418244,2.1863442406385616,2.2898359067613256,0.6565668571428618,fast_change,10318
cadc,0.1685343097475226,0.1711182633109027,0.0532552083333333,0.7416666666666667,2,0.1428571428571428,20.391334454451187,0.0126935999578563,4.564732142857143,12.714285714285715,2.4267851687369,2.4934850698663595,1.2638466056097215,1.6156824221548869,0.6855314285714287,fast_change,10318
linucb,0.2011923377237685,0.1990732494875096,0.0557291666666666,0.6916666666666667,59,4.214285714285715,19.67450422421544,0.0135224998521152,4.776785714285714,11.85714285714286,2.365227081358296,5.848083411059186,5.182809962759219,5.248247144087273,0.675348571428569,fast_change,10318
offline_historical,0.1640529650172865,0.1673899414568766,0.0489583333333333,0.7083333333333334,10,0.7142857142857144,19.37250726053949,0.0069314999709604,4.196428571428572,12.142857142857144,2.3198569748252003,2.046086447383232,0.7260852379813798,0.8694601630743648,0.7133645714285719,fast_change,10318
sticky,0.1902931694040793,0.1982471454515096,0.0541666666666666,0.775,39,2.785714285714286,21.00394316846688,0.0103142999578267,4.642857142857143,13.285714285714288,2.4036437398954447,5.748950926739191,3.874909764396524,4.039963574153216,0.6717280000000039,fast_change,10318
uncertainty_aware,0.1953256194693205,0.1987504045999453,0.053515625,0.7333333333333333,51,3.6428571428571432,20.207191409136296,0.0126675001811236,4.587053571428572,12.571428571428571,2.369966409136293,5.809342024551469,4.478803772225465,4.88587199307139,0.6787428571428591,fast_change,10318
always_afdm,0.1116356480471327,0.1085495270920113,0.0376302083333333,0.4,0,0.0,13.025943251041362,0.0021442000434035,3.225446428571429,6.8571428571428585,2.384633965327076,0.8108599352927399,-0.0751379371981997,0.1587760138901437,0.5587199999999983,fast_change,10319
always_ofdm,0.1196228001966217,0.1218907226852655,0.0424479166666666,0.475,0,0.0,14.626886722231864,0.004437399940798,3.638392857142857,8.142857142857144,2.395533865089005,2.4118034064832425,0.8833203207404843,1.0420467247249017,0.4501028571428578,fast_change,10319
always_otfs,0.1116192538039494,0.1109193202589191,0.0381510416666666,0.425,0,0.0,13.310318431070296,0.0026498999359318,3.270089285714286,7.285714285714287,2.168640573927437,1.0952351153216728,-0.0771052463801975,0.1919575491300129,0.5858742857142856,fast_change,10319
block,0.1234329951542214,0.1231822519452487,0.0395833333333333,0.4416666666666666,14,1.0,13.781870233429853,0.0042025000439025,3.3928571428571432,7.571428571428573,2.2860188048584225,2.566786917681231,1.3405437156524442,1.4728179734785094,0.5315657142857151,fast_change,10319
cadc,0.1164313184090139,0.1167617485820385,0.0385416666666666,0.45,3,0.2142857142857143,13.79712411555891,0.0142378000018652,3.303571428571429,7.714285714285715,2.207648686987481,1.796326514096002,0.5003425062275433,0.8776976016441225,0.5716182857142851,fast_change,10319
linucb,0.1612406095095541,0.1606742750284048,0.0384114583333333,0.425,82,5.857142857142858,13.423770146265724,0.0138890999514842,3.2924107142857144,7.285714285714287,2.3111377176942938,7.06582968765996,5.877457438292371,6.230116282838203,0.5345074285714277,fast_change,10319
offline_historical,0.1182690412507152,0.1149616617421532,0.0381510416666666,0.4,12,0.8571428571428572,12.938256551915536,0.0072914001066237,3.270089285714286,6.8571428571428585,2.2339752662012518,1.5803160933097722,0.7208692472317004,1.096313532548436,0.5770491428571396,fast_change,10319
sticky,0.1320625375152134,0.1298733273247191,0.038671875,0.4333333333333333,27,1.9285714285714288,13.656227850394872,0.0106546999159036,3.3147321428571432,7.42857142857143,2.3809059932520147,3.369715963217679,2.3760887989714856,2.488652348929783,0.5320182857142837,fast_change,10319
uncertainty_aware,0.1366145246630891,0.1320616510763198,0.0369791666666666,0.4083333333333333,39,2.785714285714286,13.061683843444095,0.0135629000869812,3.169642857142857,7.000000000000001,2.355044414872668,3.632314813409762,2.9223272567165743,3.25659325588056,0.5369965714285687,fast_change,10319
always_afdm,0.1793519198624927,0.1838173424381768,0.071484375,0.75,0,0.0,22.058081092581222,0.002101100035361,6.127232142857143,12.857142857142858,2.4008832354383665,0.9347177130931286,0.666980334748768,0.8797246649035984,0.6728228571428558,fast_change,10320
always_ofdm,0.1921196491373716,0.2037885434726772,0.0803385416666666,0.85,0,0.0,24.45462521672127,0.0040429999789921,6.886160714285714,14.571428571428577,2.432830216721265,3.3312618372331717,2.1991078477342327,2.3190854133683487,0.5642057142857118,fast_change,10320
always_otfs,0.173793750406253,0.1886072067471783,0.071875,0.7916666666666666,0,0.0,22.632864809661395,0.0023783999495208,6.160714285714287,13.571428571428571,2.200744809661394,1.509501430173298,0.0,0.0,0.6999771428571417,fast_change,10320
block,0.1926095649217368,0.2000925115903067,0.0704427083333333,0.8166666666666667,14,1.0,23.0111013908368,0.0042022000416181,6.037946428571429,14.000000000000002,2.3347275336939437,2.8877380113487057,2.257897741858056,2.2327399204609506,0.6384274285714233,fast_change,10320
cadc,0.1839614071627063,0.1889772254410932,0.071875,0.775,2,0.1428571428571428,22.534409910074046,0.0125923999585211,6.160714285714287,13.285714285714288,2.4205893386454744,1.553903673443095,1.220118810774398,1.1888015438578563,0.6673919999999955,fast_change,10320
linucb,0.2199930712339456,0.2326107462838139,0.0723958333333333,0.8166666666666667,66,4.714285714285715,23.19900383977195,0.0133437999611487,6.205357142857143,14.000000000000002,2.348883268343378,6.7899261745695725,5.543918499323116,5.431803846904291,0.6447634285714288,fast_change,10320
offline_historical,0.1851925337618792,0.1973824281032331,0.0682291666666666,0.7916666666666666,18,1.2857142857142858,22.400177086673697,0.0066286998771829,5.848214285714287,13.571428571428571,2.2873456581022644,2.5625279928998843,1.3678540026751411,1.282685028281513,0.693188571428573,fast_change,10320
sticky,0.1994382471132469,0.2057079238447482,0.0731770833333333,0.7666666666666667,32,2.285714285714286,22.3992365756555,0.010491999972146,6.272321428571429,13.142857142857146,2.3340900042269253,3.561587481881688,3.077339604839274,3.1839062685531303,0.6499679999999985,fast_change,10320
uncertainty_aware,0.2072054734772151,0.2138973328154609,0.0720052083333333,0.775,45,3.214285714285715,22.453394223569592,0.0126461001927964,6.171875,13.285714285714288,2.3544357949981647,4.544316558367214,4.009406768515451,4.375168303354844,0.6413691428571395,fast_change,10320
always_afdm,0.0682611399294944,0.06873023804023,0.00625,0.275,0,0.0,8.2476285648276,0.0157313999952748,0.5357142857142857,4.714285714285715,2.4169657076847417,2.069988019570464,0.0,0.0,0.5806628571428578,fixed_region,10101
always_ofdm,0.149509677177413,0.1411509725288597,0.0192708333333333,0.725,0,0.0,16.938116703463173,0.0263524999463697,1.6517857142857144,12.42857142857143,2.3857138463203187,10.760476158206036,9.74982446975023,9.86908472580615,0.4720457142857084,fixed_region,10101
always_otfs,0.0738767608484634,0.071821827569666,0.0071614583333333,0.3,0,0.0,8.618619308359923,0.0214483000745531,0.6138392857142857,5.142857142857143,2.25410573693135,2.4409787631027866,0.673874510276276,0.8523811385632101,0.6078171428571433,fixed_region,10101
block,0.1059500367169127,0.1003515218685956,0.01015625,0.425,14,1.0,11.042182624231474,0.0300900999136501,0.8705357142857143,7.285714285714287,2.3324240528029017,5.864542078974337,4.522667614490198,4.57882582475718,0.5535085714285715,fixed_region,10101
cadc,0.0750976072799594,0.0737781492463209,0.006640625,0.3,2,0.1428571428571428,8.710520766701364,0.0828412000701064,0.5691964285714286,5.142857142857143,2.423235195272793,2.675737364301372,0.8203760820557999,0.8109288174540605,0.5752319999999993,fixed_region,10101
linucb,0.1300803281297219,0.1320227463035902,0.0083333333333333,0.375,81,5.785714285714286,10.057015270716544,0.0879566000803606,0.7142857142857143,6.428571428571429,2.3366632707165444,9.665089011173697,7.418302584027291,7.603674548983294,0.5774948571428573,fixed_region,10101
offline_historical,0.10616533390435,0.1011349231238967,0.0059895833333333,0.2666666666666666,58,4.142857142857144,7.993333632010463,0.0465375001076608,0.5133928571428572,4.571428571428572,2.314272203439034,5.958550229610471,4.548503276982672,4.574525753810043,0.5942399999999997,fixed_region,10101
sticky,0.0894290232555638,0.083856772504962,0.007421875,0.2916666666666667,21,1.5000000000000002,8.562812700595442,0.0877977000782266,0.6361607142857143,5.0,2.33806912916687,3.8851721553383074,2.5401459991283275,2.5796448269268097,0.5885828571428577,fixed_region,10101
uncertainty_aware,0.1110056323857856,0.1098421494711577,0.0109375,0.45,23,1.6428571428571432,11.538200793681789,0.1061481999204261,0.9375,7.714285714285715,2.33245393653893,7.003417391281794,5.1293390947549415,5.10311993142502,0.5539611428571432,fixed_region,10101
always_afdm,0.060050981046028,0.0671987882107118,0.0057291666666666,0.2666666666666666,0,0.0,8.063854585285426,0.017969900087337,0.4910714285714286,4.571428571428572,2.4206917281425686,2.0999987603520127,-0.0064662874794469,0.0829674891474621,0.5806628571428569,fixed_region,10102
always_ofdm,0.1526375600397585,0.1468676775619856,0.0227864583333333,0.75,0,0.0,17.624121307438273,0.0282035998097853,1.953125,12.857142857142858,2.3418077360096974,11.660265482504858,11.103923191768214,11.074176642215168,0.47204571428571773,fixed_region,10102
always_otfs,0.0671470416491271,0.0556498654462793,0.005078125,0.2,0,0.0,6.677983853553528,0.0186920000705868,0.4352678571428571,3.4285714285714293,2.2063274249820988,0.7141280286201139,0.8450609848924397,1.0045999334979945,0.6078171428571428,fixed_region,10102
block,0.0940836985807059,0.091328113769412,0.009375,0.3666666666666666,14,1.0,9.959373652329443,0.0310350999207003,0.8035714285714286,6.285714285714287,2.309338223758014,4.9955178273960295,4.077459816681904,4.481374561911199,0.5607497142857132,fixed_region,10102
cadc,0.0668251539225919,0.0724052612163192,0.006640625,0.2916666666666667,2,0.1428571428571428,8.545774203101168,0.0727273001248249,0.5691964285714286,5.0,2.401345774529738,2.7247755210248963,0.8064344577082245,0.8931087418649248,0.5752320000000006,fixed_region,10102
linucb,0.1159678255069136,0.1073472907497733,0.006640625,0.2833333333333333,64,4.571428571428572,8.310246318544232,0.0792350999690825,0.5691964285714286,4.857142857142858,2.306412175687088,6.91781906503939,6.703555047826823,6.809522052764024,0.5774948571428578,fixed_region,10102
offline_historical,0.0871646232492304,0.0873286349713009,0.0052083333333333,0.2333333333333333,43,3.071428571428572,7.4080076251275395,0.0508818000089377,0.4464285714285714,4.000000000000001,2.374806482270396,4.515580371622698,3.2471707769048326,3.4684951686113283,0.5867725714285714,fixed_region,10102
sticky,0.0859766413850829,0.0883246582895646,0.006640625,0.2916666666666667,29,2.071428571428572,8.527530423319192,0.0768640001188032,0.5691964285714286,5.0,2.382423137604904,4.6351031698143474,3.104612953207143,3.120125961488611,0.5759108571428588,fixed_region,10102
uncertainty_aware,0.0977884578921361,0.0954207813216245,0.0087239583333333,0.3166666666666666,33,2.3571428571428577,9.093350901452084,0.0966480999923078,0.7477678571428572,5.42857142857143,2.342458472880657,5.486637933661531,4.522030934053525,4.741118991647468,0.5745531428571393,fixed_region,10102
always_afdm,0.0340483655264518,0.03263532534116,0.0009114583333333,0.05,0,0.0,3.916239040939205,0.0210457999928621,0.078125,0.8571428571428573,2.400308326653491,0.2708734746597123,0.0,0.0,0.5806628571428569,fixed_region,10103
always_ofdm,0.0884422150606038,0.0930990404147198,0.0119791666666666,0.425,0,0.0,11.17188484976638,0.0273787000332959,1.0267857142857144,7.285714285714287,2.3873391354806643,7.526519283486886,6.527261944098241,6.573125759512003,0.47204571428571507,fixed_region,10103
always_otfs,0.0457511556892415,0.0563717697125539,0.005078125,0.2083333333333333,0,0.0,6.764612365506476,0.0214293000608449,0.4352678571428571,3.571428571428572,2.150098794077904,3.119246799226984,1.4043348195347711,1.4964545951650248,0.6078171428571433,fixed_region,10103
block,0.066179038566516,0.0699586983277698,0.0059895833333333,0.2333333333333333,14,1.0,7.395043799332384,0.0268785000080242,0.5133928571428572,4.000000000000001,2.328142370760956,4.749678233052892,3.855680764807703,3.8519172616126873,0.5535085714285701,fixed_region,10103
cadc,0.0400981250916591,0.0402849399736459,0.0018229166666666,0.0916666666666666,2,0.1428571428571428,4.691335653980368,0.0800547998805996,0.15625,1.5714285714285716,2.3884250825517963,1.1888272305580188,0.7259711478248834,0.7168577521344073,0.5752320000000002,fixed_region,10103
linucb,0.0904552430420884,0.094692137276743,0.0052083333333333,0.1666666666666666,72,5.142857142857143,6.220199330352024,0.0907357999385567,0.4464285714285714,2.857142857142857,2.3495421874948805,7.717690906929674,6.768825301876401,6.818046373256443,0.5670857142857151,fixed_region,10103
offline_historical,0.0749969343522424,0.0749559188940283,0.0028645833333333,0.1,58,4.142857142857144,4.851853124426257,0.0430772999534383,0.2455357142857143,1.7142857142857146,2.2980179815691137,5.349344701003908,4.913828259094871,4.846712324859594,0.5940137142857145,fixed_region,10103
sticky,0.0709516577323543,0.0710013342841975,0.00625,0.2333333333333333,16,1.142857142857143,7.377302971246556,0.0977903000894002,0.5357142857142857,4.000000000000001,2.289437828389413,4.874794547824207,4.428395064708306,4.685515336725933,0.5521508571428568,fixed_region,10103
uncertainty_aware,0.0638851234591336,0.0697540517901999,0.00546875,0.225,17,1.2142857142857144,7.156200500538274,0.1032748999423347,0.46875,3.8571428571428577,2.28290878625256,4.725120648544497,3.580410951921817,3.906947428867378,0.5473988571428565,fixed_region,10103
always_afdm,0.0981534591224022,0.1008305937448046,0.020703125,0.425,0,0.0,12.099671249376565,0.019377699951292,1.7745535714285716,7.285714285714287,2.458740535090848,2.0700125610073457,-0.2409978096358607,0.226091549242982,0.5806628571428583,fixed_region,10104
always_ofdm,0.1076181465859052,0.1003139893798986,0.0203125,0.4333333333333333,0,0.0,12.037678725587838,0.028083500044886,1.7410714285714286,7.42857142857143,2.3959901541592674,2.008020037218621,0.8947646859844962,1.43379327366328,0.4720457142857124,fixed_region,10104
always_otfs,0.0980213012490958,0.0950381755464613,0.0197916666666666,0.4,0,0.0,11.404581065575355,0.0205738000222481,1.6964285714285716,6.8571428571428585,2.2431924941467862,1.37492237720614,-0.256856754432631,0.0421557797715674,0.6078171428571393,fixed_region,10104
block,0.1092668720142154,0.1083196412293066,0.020703125,0.425,14,1.0,11.998356947516797,0.0339464998978655,1.7745535714285716,7.285714285714287,2.386390804659653,2.96869825914758,1.0926117373817217,1.650863022496674,0.5516982857142851,fixed_region,10104
cadc,0.1001795713032139,0.1025918351603634,0.021875,0.425,2,0.1428571428571428,12.168163076386469,0.0850903000537073,1.875,7.285714285714287,2.432216790672181,2.281361530874392,0.0021356520615416,0.4350923930491621,0.5752320000000002,fixed_region,10104
linucb,0.1608612143075918,0.161611307717164,0.0213541666666666,0.4333333333333333,101,7.2142857142857135,12.179071211773966,0.0983241999638266,1.830357142857143,7.42857142857143,2.34830492605968,9.363698237690464,7.283932812586885,7.665050106261779,0.5718377142857136,fixed_region,10104
offline_historical,0.1261310044676882,0.1340960570882618,0.0205729166666666,0.4583333333333333,49,3.500000000000001,12.59152685059142,0.0487813999061472,1.7633928571428572,7.857142857142858,2.3830871363057056,6.061868162222204,3.1163076317984544,3.784797611374101,0.5879039999999986,fixed_region,10104
sticky,0.1137866867281908,0.1134073141417831,0.020703125,0.4166666666666667,24,1.7142857142857144,11.894591982728258,0.0911488001293037,1.7745535714285716,7.142857142857143,2.403985839871113,3.579219008644756,1.634989503058769,2.098322130264528,0.5731954285714305,fixed_region,10104
uncertainty_aware,0.1141157280802827,0.1183674379111721,0.02109375,0.475,19,1.3571428571428572,12.846949692197803,0.1129812001745449,1.8080357142857144,8.142857142857144,2.3622351207692303,4.174433860971444,1.6744744653097996,2.1115999643306207,0.5338217142857138,fixed_region,10104
always_afdm,0.0386083020375905,0.0313300896447284,0.001171875,0.0416666666666666,0,0.0,3.759610757367412,0.0175604000251041,0.1004464285714285,0.7142857142857143,2.3642157573674107,0.067086137944353,-0.273884822378923,0.1081046186335603,0.5806628571428583,fixed_region,10105
always_ofdm,0.1084866488219806,0.1007756557877864,0.0125,0.475,0,0.0,12.093078694534375,0.0269716000912012,1.0714285714285714,8.142857142857144,2.406747265962946,8.400554075111316,8.111516791747885,7.896582889492853,0.47204571428571374,fixed_region,10105
always_otfs,0.0404262697510885,0.0436124665234447,0.003125,0.125,0,0.0,5.233495982813369,0.0193569001567084,0.2678571428571428,2.142857142857143,2.21496455424194,1.5409713633903102,-0.0557286967591617,0.0515939716752207,0.6078171428571428,fixed_region,10105
block,0.0672270626077415,0.06873750403355,0.0061197916666666,0.225,14,1.0,7.248500484026,0.0339022999251028,0.5245535714285715,3.8571428571428577,2.297002912597428,4.5559758646029405,3.160366446039193,3.491326036457629,0.569801142857143,fixed_region,10105
cadc,0.046426909016841,0.0415148985347287,0.00234375,0.1,2,0.1428571428571428,4.83893068131031,0.0800489001267124,0.2008928571428571,1.7142857142857146,2.348520109881738,1.2892632047443944,0.6643480151311358,1.0730424558394418,0.5752320000000006,fixed_region,10105
linucb,0.0963266763565418,0.0885407634099342,0.0028645833333333,0.1166666666666666,77,5.5,5.12489160919211,0.0939783997309859,0.2455357142857143,2.0000000000000004,2.3072918949063963,6.9323669897690525,6.65232009589524,7.160410287266849,0.5720639999999988,fixed_region,10105
offline_historical,0.0606829141894075,0.0559452853957314,0.0016927083333333,0.0583333333333333,37,2.6428571428571432,4.070577104630626,0.0497304998716572,0.1450892857142857,1.0000000000000002,2.339394104630626,3.0209096280647114,2.375068635839113,2.9104661264577185,0.5860937142857146,fixed_region,10105
sticky,0.0587164851428804,0.0580967424882351,0.0029947916666666,0.125,24,1.7142857142857144,5.257323384302508,0.0913054999546147,0.2566964285714286,2.142857142857143,2.2630772414453646,3.279084479165164,2.139097150255868,2.280003663487351,0.5946925714285713,fixed_region,10105
uncertainty_aware,0.0597229717460384,0.0546588443455776,0.0029947916666666,0.125,17,1.2142857142857144,5.344775607183608,0.1101750999514479,0.2566964285714286,2.142857142857143,2.3799466071836077,2.8665367020462624,2.259875542634825,2.3926913200488684,0.5652754285714283,fixed_region,10105
always_afdm,0.0484653888053492,0.0454796990428299,0.003515625,0.125,0,0.0,5.457563885139596,0.0170632999361259,0.3013392857142857,2.142857142857143,2.4327045994253096,0.7394925380452548,-0.109695175956066,0.018242207708039,0.5806628571428578,fixed_region,10106
always_ofdm,0.1051705884034106,0.1042366983671695,0.0170572916666666,0.475,0,0.0,12.508403804060343,0.0252947000117274,1.4620535714285716,8.142857142857144,2.4314473754889163,7.790332456966004,6.694928775811306,6.813513087136637,0.4720457142857115,fixed_region,10106
always_otfs,0.0526101779107979,0.0562216247480421,0.0069010416666666,0.1916666666666666,0,0.0,6.746594969765058,0.0177675999584607,0.5915178571428572,3.2857142857142865,2.261545684050771,2.0285236226707166,0.3876795166977826,0.2455107498190853,0.6078171428571424,fixed_region,10106
block,0.0807089567213393,0.0789002198752586,0.008203125,0.2833333333333333,14,1.0,8.468026385031035,0.0312046999897575,0.703125,4.857142857142858,2.3633013850310345,4.749955037936694,3.759532973962752,3.8301047843839937,0.5444571428571425,fixed_region,10106
cadc,0.0516806299608102,0.0515188302335483,0.0040364583333333,0.1583333333333333,2,0.1428571428571428,6.039402485168655,0.0811346999835223,0.3459821428571429,2.714285714285715,2.403902628025796,1.464188280931456,0.2761337626992555,0.6152104692108189,0.5752320000000015,fixed_region,10106
linucb,0.1045361428366465,0.1043064913115739,0.00703125,0.2166666666666666,74,5.285714285714287,7.231064671674592,0.0896991000627167,0.6026785714285715,3.714285714285715,2.3440729573888768,7.798707610294537,6.618795307799616,6.56678469006627,0.5700274285714295,fixed_region,10106
offline_historical,0.0874250063440019,0.0785540484867603,0.0032552083333333,0.1083333333333333,61,4.357142857142858,5.0693429612683785,0.0481039997830521,0.2790178571428571,1.8571428571428572,2.3414313898398063,4.708414471316894,4.565458928682265,4.433333410180784,0.5917508571428582,fixed_region,10106
sticky,0.0853971098403091,0.0835755890791941,0.00625,0.1833333333333333,48,3.4285714285714293,6.600499260931868,0.0854030000482453,0.5357142857142857,3.1428571428571432,2.334250118074725,5.310999342408955,4.32211134823913,4.101707463739969,0.5876777142857144,fixed_region,10106
uncertainty_aware,0.0726784911728304,0.0729200239542902,0.00703125,0.2166666666666666,21,1.5,7.250402874514823,0.1062716000305954,0.6026785714285715,3.714285714285715,2.367710588800537,4.032331527420483,2.795877108141685,2.684792596696167,0.5657279999999996,fixed_region,10106
always_afdm,0.0627923702844772,0.0702777959070888,0.006640625,0.2833333333333333,0,0.0,8.433335508850657,0.0208267998386872,0.5691964285714286,4.857142857142858,2.4263333659935125,1.2231829816157909,0.0,0.0,0.5806628571428583,fixed_region,10107
always_ofdm,0.1623361846192658,0.1519132215855659,0.0252604166666666,0.7666666666666667,0,0.0,18.229586590267907,0.0279726002481766,2.165178571428572,13.142857142857146,2.449505161696476,11.01943406303304,11.945257720174634,11.904471991625549,0.47204571428571196,fixed_region,10107
always_otfs,0.1003540131567541,0.1039551390169609,0.0157552083333333,0.4833333333333333,0,0.0,12.474616682035316,0.0211960999877192,1.3504464285714286,8.285714285714286,2.2306388248924547,5.264464154800448,4.507397144673223,4.5657993045661405,0.6078171428571464,fixed_region,10107
block,0.1109640621057588,0.1182783832153163,0.01640625,0.5166666666666667,14,1.0,13.193405985837966,0.0310634999041212,1.40625,8.857142857142858,2.367453128695106,6.9832534586031,5.780603018553786,5.849560859368116,0.5625600000000026,fixed_region,10107
cadc,0.0726432405921344,0.0825075278125066,0.0087239583333333,0.35,2,0.1428571428571428,9.75804619464365,0.0862615000078221,0.7477678571428572,6.000000000000001,2.4350463375007925,2.6907508102659268,1.1821044369188654,1.0170933159039004,0.5752319999999997,fixed_region,10107
linucb,0.1328051048974197,0.13278647593308,0.0131510416666666,0.4166666666666667,66,4.714285714285714,11.220091397683891,0.0924483998824143,1.127232142857143,7.142857142857143,2.381784969112461,8.72422458473474,8.401528153553102,7.866175799189105,0.5682171428571445,fixed_region,10107
offline_historical,0.1137943458779148,0.1188014350734175,0.0127604166666666,0.3833333333333333,51,3.6428571428571432,10.61331506595296,0.0512735998345306,1.09375,6.571428571428573,2.352086208810101,7.046019681575238,6.1202370712125065,6.269839609149384,0.5960502857142864,fixed_region,10107
sticky,0.1221179944201273,0.1251408453697624,0.0147135416666666,0.4583333333333333,42,3.000000000000001,12.016901444371491,0.0918457999214297,1.2611607142857144,7.857142857142858,2.326533872942919,7.806748917136627,7.119074896278003,7.101184186605836,0.5720639999999997,fixed_region,10107
uncertainty_aware,0.1289519615731507,0.1320338673483901,0.016796875,0.525,35,2.5000000000000004,13.344064081806817,0.1198066999932052,1.439732142857143,9.000000000000002,2.352633653235385,8.633911554571949,7.939150954640811,8.16768382580824,0.5516982857142878,fixed_region,10107
always_afdm,0.0579143040133122,0.0602020259799932,0.0041666666666666,0.225,0,0.0,7.22424311759919,0.0238395999622298,0.3571428571428571,3.8571428571428577,2.4292945461706177,2.119483470755439,-0.37247726767544,0.1604854550287564,0.5806628571428583,fixed_region,10108
always_ofdm,0.1527109293119852,0.1549050132004947,0.0231770833333333,0.8,0,0.0,18.58860158405937,0.0246187000448117,1.986607142857143,13.714285714285715,2.4156630126307976,13.483841937215615,11.003117768165326,10.825879483478884,0.4720457142857133,fixed_region,10108
always_otfs,0.0611678650996533,0.0553632269875931,0.0046875,0.2,0,0.0,6.643587238511175,0.0206495999154867,0.4017857142857143,3.4285714285714293,2.2054129527968893,1.538827591667424,0.0179500626854993,0.2370037329385681,0.6078171428571424,fixed_region,10108
block,0.0935808713383332,0.0941026222996491,0.009765625,0.3833333333333333,14,1.0,10.292314675957892,0.0283003999356878,0.8370535714285715,6.571428571428573,2.323082818815035,6.187555029114142,3.907510811327089,3.8719844089729296,0.5607497142857123,fixed_region,10108
cadc,0.0658796331887058,0.064885265537395,0.0044270833333333,0.25,2,0.1428571428571428,7.643374721630261,0.0825425999501021,0.3794642857142857,4.285714285714286,2.4029641502016883,2.681472217643652,0.5833622333717994,1.0321856691727491,0.5752320000000015,fixed_region,10108
linucb,0.1132148191491796,0.1092253610064854,0.0072916666666666,0.2583333333333333,72,5.142857142857143,7.964186177921106,0.0902800999465398,0.625,4.428571428571429,2.32723646363539,8.002283673934498,6.263584548628655,6.48608111472098,0.5833782857142871,fixed_region,10108
offline_historical,0.0787282619507373,0.0750253913171187,0.0037760416666666,0.1916666666666666,34,2.428571428571429,6.574475529482825,0.0468465998856117,0.3236607142857143,3.2857142857142865,2.379685672339967,3.898287311210503,2.125197684815573,2.5653781658575365,0.5854148571428572,fixed_region,10108
sticky,0.0866808099089645,0.0795999071381934,0.0046875,0.2166666666666666,35,2.5,7.0519888565832085,0.0789320000476436,0.4017857142857143,3.714285714285715,2.354575713726065,4.447229209739456,3.079503439802842,3.443372561529367,0.5813417142857142,fixed_region,10108
uncertainty_aware,0.0960356763058438,0.0968468933114672,0.0075520833333333,0.3166666666666666,37,2.6428571428571432,8.978770054518922,0.1028062998957466,0.6473214285714286,5.42857142857143,2.32560862594749,6.516867550532313,4.20208740742836,4.315164206417002,0.577268571428573,fixed_region,10108
always_afdm,0.0442051083666057,0.0460392708022002,0.003125,0.1333333333333333,0,0.0,5.524712496264035,0.0155412998283281,0.2678571428571428,2.285714285714286,2.390478210549749,1.1413761249279055,-0.0990964881929237,0.0677759451129604,0.5806628571428578,fixed_region,10109
always_ofdm,0.1266855824875144,0.1267052374281242,0.0154947916666666,0.6416666666666667,0,0.0,15.204628491374908,0.0255996000196319,1.328125,11.000000000000002,2.4044577770891933,10.82129212003878,9.79856040631613,9.996622092210814,0.4720457142857133,fixed_region,10109
always_otfs,0.0466093637010349,0.0478759447593962,0.002734375,0.1583333333333333,0,0.0,5.745113371127552,0.0175409998919349,0.234375,2.714285714285715,2.1886355139846945,1.361776999791422,0.1894141519385916,0.2672338253864552,0.6078171428571424,fixed_region,10109
block,0.082074030813003,0.0822724278176295,0.0065104166666666,0.3166666666666666,14,1.0,8.87269133811554,0.0287793000461533,0.5580357142857143,5.42857142857143,2.3325756238298254,5.489354966779411,4.4451742053747605,4.222033485910784,0.5535085714285719,fixed_region,10109
cadc,0.0512372417022439,0.0483094177181248,0.0029947916666666,0.1416666666666666,2,0.1428571428571428,5.654272983317843,0.0760863001050893,0.2566964285714286,2.428571428571429,2.393773126174985,1.4137937548388564,0.7447595120836681,0.6618342024872694,0.5752320000000002,fixed_region,10109
linucb,0.0995111283749376,0.0964917976327661,0.0045572916666666,0.2083333333333333,67,4.785714285714287,6.793301430217656,0.0875951000343775,0.390625,3.571428571428572,2.257147287360512,7.195679344595812,6.537625912806904,6.52828193425406,0.5741005714285716,fixed_region,10109
offline_historical,0.076406406122744,0.0796334595535814,0.003125,0.1666666666666666,50,3.571428571428572,5.984586575001206,0.0473965997807681,0.2678571428571428,2.857142857142857,2.2596894321440617,5.172678775093647,3.7650592425436766,3.867620992559231,0.5998971428571447,fixed_region,10109
sticky,0.0809501017644163,0.0815204837964736,0.0072916666666666,0.3083333333333333,14,1.0,8.782458055576832,0.0814389999140985,0.625,5.285714285714287,2.3166511984339726,5.399121684240702,4.310302719544355,4.164751735496432,0.5550925714285722,fixed_region,10109
uncertainty_aware,0.0766345242939874,0.0766262556815195,0.00546875,0.25,22,1.5714285714285718,7.623722110353771,0.1083187001495389,0.46875,4.285714285714286,2.298551538925198,4.811814310446211,3.7924334230928816,4.012407105941709,0.5707062857142877,fixed_region,10109
always_afdm,0.116853796417673,0.1289679648500424,0.0233072916666666,0.6083333333333333,0,0.0,15.476155782005083,0.0151393998676212,1.9977678571428568,10.42857142857143,2.4691536391479407,1.9622937249718115,-0.1859560658397061,0.2094643827144029,0.5806628571428543,fixed_region,10110
always_ofdm,0.1599089977396733,0.1579865954472306,0.0373697916666666,0.75,0,0.0,18.958391453667677,0.0224369999486953,3.203125,12.857142857142858,2.4260778822391025,5.444529396634399,4.980668092800322,4.957864749772165,0.4720457142857164,fixed_region,10110
always_otfs,0.1169351825010865,0.1209911565243182,0.0229166666666666,0.5666666666666667,0,0.0,14.518938782918188,0.0160385000053793,1.9642857142857144,9.714285714285715,2.232550211489613,1.0050767258849138,-0.1761897358300928,0.0646398971895063,0.6078171428571437,fixed_region,10110
block,0.1406080589120563,0.1428485066266578,0.0309895833333333,0.6166666666666667,14,1.0,16.141820795198935,0.0271025999390985,2.65625,10.571428571428571,2.360633652341792,3.627958738165665,2.6645554334862886,2.978732224661103,0.5535085714285719,fixed_region,10110
cadc,0.1226296643151574,0.1312275259338725,0.0235677083333333,0.6166666666666667,2,0.1428571428571428,15.60444596920756,0.0720798999536782,2.020089285714286,10.571428571428571,2.437696112064702,2.233441055031429,0.5071480818584106,0.7902264561802763,0.5752320000000011,fixed_region,10110
linucb,0.1725249420276576,0.1763391075303342,0.0268229166666666,0.6083333333333333,77,5.5,15.660692903640104,0.0795453000901034,2.299107142857143,10.42857142857143,2.36524976078296,7.64683084660683,6.494581407358442,6.764081060214826,0.5677645714285711,fixed_region,10110
offline_historical,0.1426278240602973,0.1430626215600279,0.0197916666666666,0.55,44,3.1428571428571432,14.024657444346207,0.0413590000098338,1.6964285714285716,9.42857142857143,2.299760301489061,3.653652530170076,2.9069272512752,3.2215276511747266,0.5998971428571447,fixed_region,10110
sticky,0.1347848745228536,0.1394589296589635,0.0239583333333333,0.6,21,1.5000000000000004,15.235071559075628,0.0742619000229751,2.053571428571429,10.285714285714286,2.30742927336134,3.2212095020423543,1.965773306781962,2.116571721258472,0.5883565714285726,fixed_region,10110
uncertainty_aware,0.1399008588114949,0.1464418987847909,0.0259114583333333,0.625,23,1.6428571428571428,15.930170711317777,0.0948295999114634,2.220982142857143,10.714285714285715,2.4278171398892017,4.059165797141644,2.579691421418918,2.744524498838528,0.5670857142857173,fixed_region,10110
always_afdm,0.1808773962155125,0.1851486548233553,0.0415364583333333,0.9166666666666666,0,0.0,22.21783857880264,0.0176752999541349,3.560267857142857,15.714285714285715,2.3626221502312097,2.1075291649451917,-0.0047964100090851,0.0305742005343176,0.5806628571428556,fixed_region,10111
always_ofdm,0.203713740926566,0.2057805630218004,0.0592447916666666,0.975,0,0.0,24.69366756261605,0.0269489000056637,5.078125,16.714285714285715,2.429211134044616,4.583358148758595,2.73556495531734,3.387715998358793,0.4720457142857182,fixed_region,10111
always_otfs,0.1800676096609209,0.1765610970717808,0.0407552083333333,0.8666666666666667,0,0.0,21.187331648613704,0.019497700035572,3.493303571428572,14.85714285714286,2.2290680771851257,1.077022234756253,-0.1019707965600673,0.1532058549525139,0.6078171428571455,fixed_region,10111
block,0.1965397787527817,0.1969261529113104,0.0471354166666666,0.9166666666666666,14,1.0,22.631138349357247,0.0296233998233219,4.040178571428572,15.714285714285715,2.3231654922143896,3.5208289354998,1.8746894944632293,2.157217646515665,0.5535085714285692,fixed_region,10111
cadc,0.1853396364872686,0.1849945720067059,0.03984375,0.9166666666666666,2,0.1428571428571428,22.056491497947565,0.0800381998269585,3.415178571428572,15.714285714285715,2.3517952122332755,2.089039226947257,0.5306724226016506,0.7527311329375195,0.5752320000000015,fixed_region,10111
linucb,0.2333290536864944,0.240966959165254,0.0502604166666666,0.9416666666666668,78,5.571428571428571,23.34460652840191,0.0840140001237159,4.308035714285714,16.142857142857146,2.332737671259055,8.805725685973037,6.289402486508745,6.598038483868727,0.5609759999999953,fixed_region,10111
offline_historical,0.1951411165618656,0.1987507405798454,0.040625,0.9166666666666666,24,1.7142857142857144,22.13580315529574,0.0460859998856904,3.482142857142857,15.714285714285715,2.355091155295734,3.7397794557240047,1.7068500315532908,1.670797930468467,0.5842834285714331,fixed_region,10111
sticky,0.2046335403658162,0.2086901719108908,0.0498697916666666,0.9416666666666668,24,1.7142857142857144,23.328534915021187,0.0758571000042138,4.274553571428572,16.142857142857146,2.376397343592614,4.932511215449452,2.845940888027368,3.412690859707965,0.5347268571428545,fixed_region,10111
uncertainty_aware,0.1964427557818567,0.2011845738369601,0.0479166666666666,0.925,18,1.285714285714286,22.85643457472093,0.1003275000111898,4.107142857142858,15.85714285714286,2.324610574720928,4.031839446577763,1.863046737952228,1.991598167339255,0.5675382857142837,fixed_region,10111
always_afdm,0.0904013426563421,0.0830536323085255,0.0102864583333333,0.3583333333333333,0,0.0,9.966435877023066,0.0155034001072635,0.8816964285714286,6.142857142857143,2.361219448451637,1.182657657352971,0.0,0.0,0.5806628571428574,fixed_region,10112
always_ofdm,0.1583551043792899,0.1599104694102724,0.0298177083333333,0.8,0,0.0,19.189256329232688,0.0239297000953229,2.555803571428572,13.714285714285715,2.4471213292326857,10.405478109562592,8.15445140675373,8.25559474423526,0.47204571428571374,fixed_region,10112
always_otfs,0.1053306202485429,0.103511958099041,0.0153645833333333,0.4833333333333333,0,0.0,12.421434971884926,0.0162057000125059,1.3169642857142858,8.285714285714286,2.2109392575992097,3.637656752214831,1.7915133110640848,2.0227272928030047,0.6078171428571433,fixed_region,10112
block,0.1244893215856604,0.1273973662363482,0.0182291666666666,0.575,14,1.0,14.287683948361789,0.0270662000548327,1.5625,9.857142857142858,2.305481091218928,6.503905728691692,4.090557471518196,4.284913496667567,0.5625600000000031,fixed_region,10112
cadc,0.0961147208634953,0.0893451994755294,0.0109375,0.3916666666666666,2,0.1428571428571428,10.578566794206392,0.077590299930307,0.9375,6.714285714285715,2.3515490799206784,1.9376457173934405,0.6856053848583734,0.7131539218441745,0.575231999999998,fixed_region,10112
linucb,0.1274731363874646,0.1204119951254687,0.0151041666666666,0.425,42,3.0000000000000004,11.449439415056249,0.0807197000831365,1.2946428571428572,7.285714285714287,2.295207986484818,5.665661195386152,4.4486152477347005,4.561605954404911,0.573874285714286,fixed_region,10112
offline_historical,0.1307926825204501,0.1312255814639911,0.0134114583333333,0.45,56,4.000000000000001,11.747069775678932,0.0437453000486129,1.1495535714285714,7.714285714285715,2.287406489964646,6.963291556008839,4.846960783692957,4.994790788142698,0.5958239999999999,fixed_region,10112
sticky,0.12849621693034,0.1281802014299785,0.0145833333333333,0.5083333333333333,36,2.571428571428572,12.810195600168848,0.0774787001137156,1.25,8.714285714285715,2.256421885883133,6.597845951927324,4.571384912879742,4.683156862310982,0.5894879999999998,fixed_region,10112
uncertainty_aware,0.1394329212333623,0.1379061380462012,0.0171875,0.575,32,2.285714285714286,14.263022279829864,0.0984761999570764,1.4732142857142858,9.857142857142858,2.388886851258434,7.764958345874055,5.883789429242412,6.138869296644199,0.5437782857142857,fixed_region,10112
always_afdm,0.0847910451742023,0.0826774711143061,0.0109375,0.35,0,0.0,9.921296533716736,0.0164276000868994,0.9375,6.000000000000001,2.403133676573878,1.527310501775213,0.0,0.0,0.5806628571428574,fixed_region,10113
always_ofdm,0.1184576382709646,0.1171835023172377,0.0234375,0.5333333333333333,0,0.0,14.062020278068529,0.0272563000180525,2.008928571428572,9.142857142857144,2.4381888494970974,5.668034246127004,4.039991171611471,4.46552873381588,0.47204571428571596,fixed_region,10113
always_otfs,0.0888717793359211,0.0824301347107418,0.0123697916666666,0.35,0,0.0,9.891616165289024,0.0186219000606797,1.0602678571428572,6.000000000000001,2.223531165289024,1.497630133347501,0.4896880994062531,0.7799005224509479,0.6078171428571415,fixed_region,10113
block,0.1036511303022062,0.1056081010755373,0.0154947916666666,0.4333333333333333,14,1.0,11.67297212906448,0.0317658001295058,1.328125,7.42857142857143,2.362767129064479,4.2789860971229565,2.2632102153604645,2.6828593513671386,0.553508571428571,fixed_region,10113
cadc,0.0870758259169652,0.0877205730625624,0.011328125,0.375,2,0.1428571428571428,10.383611624650351,0.0741939998843008,0.9709821428571428,6.428571428571429,2.4088260532217807,2.132482735565972,0.2741736891315529,0.2295726795547423,0.5752319999999993,fixed_region,10113
linucb,0.140487279502472,0.1410782340628221,0.0145833333333333,0.425,77,5.5,11.42938808753865,0.0909251999401021,1.25,7.285714285714287,2.334281801824364,8.535402055597128,6.683548119392368,6.933565379191244,0.5593919999999981,fixed_region,10113
offline_historical,0.1119495129723098,0.1050586282834405,0.01171875,0.3416666666666667,40,2.8571428571428577,9.74989253687001,0.0450764999404782,1.0044642857142858,5.8571428571428585,2.287030536870009,4.213049362071345,3.259016135772894,3.3920505140362245,0.6012548571428566,fixed_region,10113
sticky,0.1092694688724044,0.1084557119792878,0.0153645833333333,0.4416666666666666,17,1.2142857142857144,11.800399723228823,0.0844900000229245,1.3169642857142858,7.571428571428573,2.367323437514539,4.620699405573017,2.937410843784246,3.3456618350899507,0.5446834285714246,fixed_region,10113
uncertainty_aware,0.1155840085481244,0.1126920147917413,0.0161458333333333,0.45,21,1.5,12.023041775008956,0.0998454998480156,1.3839285714285716,7.714285714285715,2.394400060723243,5.129055743067434,3.695155604870649,4.001357655532541,0.5304274285714263,fixed_region,10113
always_afdm,0.0729202792970994,0.0699277217112607,0.0158854166666666,0.2333333333333333,0,0.0,8.391326605351292,0.0170176000974606,1.361607142857143,4.000000000000001,2.44905660535129,0.3383009654803803,-0.0040705962015046,0.0305577630711511,0.5806628571428578,fixed_region,10114
always_ofdm,0.0879289743237184,0.0850094262717074,0.0220052083333333,0.3166666666666666,0,0.0,10.20113115260489,0.0233162999647902,1.8861607142857144,5.42857142857143,2.4143532954620315,2.148105512733979,1.7969728069927768,1.7329871390605796,0.4720457142857142,fixed_region,10114
always_otfs,0.0713284340240418,0.0722535386288437,0.0166666666666666,0.2583333333333333,0,0.0,8.670424635461252,0.0169223000557394,1.4285714285714286,4.428571428571429,2.2054646354612504,0.6173989955903405,-0.1950920289684212,0.0452220556560227,0.6078171428571442,fixed_region,10114
block,0.084581212458464,0.0867991917921743,0.0205729166666666,0.275,14,1.0,9.415903015060916,0.0314522002154262,1.7633928571428572,4.714285714285715,2.375664443632344,2.3628773751900045,1.3952413831622508,1.4017966544103366,0.5625599999999991,fixed_region,10114
cadc,0.0759015038334543,0.0753712855683324,0.0170572916666666,0.2583333333333333,2,0.1428571428571428,8.901697125342752,0.085456399974646,1.4620535714285716,4.428571428571429,2.43584012534275,0.991528628328984,0.3536763481610876,0.3707311249731937,0.5752320000000015,fixed_region,10114
linucb,0.1220382902534878,0.1194981308097522,0.017578125,0.2666666666666666,75,5.357142857142858,8.982632840027414,0.0810577999945962,1.5066964285714286,4.571428571428572,2.352809554313128,6.286750057299361,5.890090718565105,5.901155310045187,0.5516982857142847,fixed_region,10114
offline_historical,0.0923449350385752,0.0902975921190071,0.0157552083333333,0.2416666666666666,35,2.5000000000000004,8.335711054280855,0.0436144999985117,1.3504464285714286,4.142857142857143,2.239116054280855,2.7826854144099453,2.3268880927755866,2.56061416688582,0.6032914285714281,fixed_region,10114
sticky,0.0857155600265742,0.0840030775272695,0.0174479166666666,0.25,19,1.3571428571428572,8.723226446129493,0.0785057998873526,1.4955357142857144,4.285714285714286,2.3875627318437784,2.027343663401439,1.531363091335468,1.5998280508969491,0.5544137142857144,fixed_region,10114
uncertainty_aware,0.089116889721442,0.0860708753294215,0.0169270833333333,0.25,24,1.7142857142857144,8.614219325244868,0.1021918999904301,1.4508928571428572,4.285714285714286,2.321161896673439,2.2754793996596714,1.9395226547196032,2.0717046622636985,0.5564502857142855,fixed_region,10114
always_afdm,0.1191803096114617,0.111610886197555,0.01484375,0.5333333333333333,0,0.0,13.393306343706609,0.0162357000372139,1.2723214285714286,9.142857142857144,2.3974649151351777,1.774453217948729,0.2882583204833508,0.2837204027271323,0.5806628571428583,fixed_region,10115
always_ofdm,0.1654771309382159,0.1616659486410027,0.0290364583333333,0.8166666666666667,0,0.0,19.399913836920327,0.0236274998896988,2.488839285714286,14.000000000000002,2.439028836920324,7.781060711162446,5.843876879693848,5.921405097050753,0.47204571428571596,fixed_region,10115
always_otfs,0.1142303118020672,0.1167683950885586,0.016015625,0.575,0,0.0,14.012207410627036,0.0172915000875946,1.3727678571428572,9.857142857142858,2.1744795534841743,2.3933542848691545,-0.3057414166439951,0.0396556447024085,0.6078171428571468,fixed_region,10115
block,0.1388884052848661,0.1396871420659557,0.019921875,0.65,14,1.0,15.762457047914696,0.0280682000302476,1.7075892857142858,11.142857142857144,2.3585020479146963,5.143603922156814,2.653229801291868,2.9595008761900896,0.5535085714285688,fixed_region,10115
cadc,0.1237917226279464,0.1135125842262892,0.0158854166666666,0.5333333333333333,2,0.1428571428571428,13.478652964297568,0.0737236000859411,1.361607142857143,9.142857142857144,2.39895667858328,2.0026569813968287,0.8416278824615127,0.903529009648194,0.575232000000002,fixed_region,10115
linucb,0.1789679738952615,0.1738053185021795,0.01796875,0.6,86,6.142857142857142,14.713781077404398,0.0849232998880324,1.5401785714285716,10.285714285714286,2.319671077404398,9.237785094503664,7.462778034539323,7.502010755758127,0.5682171428571428,fixed_region,10115
offline_historical,0.1390508790952655,0.1454316844317101,0.0173177083333333,0.6,40,2.8571428571428577,14.59465927466236,0.0435929999803192,1.484375,10.285714285714286,2.2230888460909304,5.832949006047336,2.6727266585398013,2.981825024118644,0.6014811428571436,fixed_region,10115
sticky,0.1576906817234281,0.1527441508599696,0.019140625,0.6083333333333333,47,3.3571428571428577,14.972155246053504,0.0730135999328922,1.640625,10.42857142857143,2.3397199603392163,6.710444977438478,4.90950297391932,4.688181812637199,0.5632388571428568,fixed_region,10115
uncertainty_aware,0.1438237447228708,0.141291984107898,0.01796875,0.6416666666666667,22,1.5714285714285716,15.383609521519196,0.102250099851517,1.5401785714285716,11.000000000000002,2.288338378662051,5.336184967189887,3.245470533852437,3.8328784805129583,0.5550925714285717,fixed_region,10115
always_afdm,0.0422858462734178,0.0411596531962132,0.0024739583333333,0.1,0,0.0,4.9391583835455855,0.0162648000696208,0.2120535714285714,1.7142857142857146,2.432156240688442,0.459906292921528,0.0,0.0,0.5806628571428578,fixed_region,10116
always_ofdm,0.1061929505865991,0.1071097797959238,0.0161458333333333,0.5,0,0.0,12.85317357551086,0.024030500135268,1.3839285714285716,8.571428571428571,2.4257707183680037,8.373921484886804,7.6688525175817555,7.769796847480336,0.4720457142857142,fixed_region,10116
always_otfs,0.0553722141710806,0.0577827685227956,0.0059895833333333,0.2083333333333333,0,0.0,6.933932222735482,0.0168066000042017,0.5133928571428572,3.571428571428572,2.241293651306909,2.4546801321114247,1.5703641477195394,1.6685269721345044,0.6078171428571433,fixed_region,10116
block,0.072336702103286,0.0666978070802712,0.0061197916666666,0.2083333333333333,14,1.0,7.003736849632552,0.0289967999124201,0.5245535714285715,3.571428571428572,2.3451947067754086,3.524484759008496,3.6061026995841914,3.628858122143624,0.56256,fixed_region,10116
cadc,0.0517356547149064,0.0465804576938619,0.0037760416666666,0.125,2,0.1428571428571428,5.4467977804062855,0.0780033999471925,0.3236607142857143,2.142857142857143,2.405047923263428,1.1104028326393711,1.1339770129786322,1.2233113037264864,0.5752320000000002,fixed_region,10116
linucb,0.0986136187186405,0.0997481110787608,0.0059895833333333,0.1833333333333333,75,5.357142857142858,6.612630472308441,0.0842555999115575,0.5133928571428572,3.1428571428571432,2.3791119008798685,7.490521238827239,6.759332693426727,7.18584842841531,0.5772685714285712,fixed_region,10116
offline_historical,0.0579685403423919,0.0594353891855004,0.005859375,0.2,5,0.3571428571428572,6.775103845117201,0.0447995999711565,0.5022321428571429,3.4285714285714293,2.2373882736886284,2.652994611636001,1.881923288276892,1.933529309048101,0.6069119999999999,fixed_region,10116
sticky,0.0661842304736282,0.0687679361584237,0.0053385416666666,0.1916666666666666,22,1.5714285714285716,6.68072376758228,0.0762832000764319,0.4575892857142857,3.2857142857142865,2.3581150532965656,3.7729002483867946,2.8678061040252567,2.7654918895371825,0.5793051428571423,fixed_region,10116
uncertainty_aware,0.0709640383391136,0.0754448147926742,0.006640625,0.2333333333333333,22,1.5714285714285716,7.481949203692345,0.0976790999848162,0.5691964285714286,4.000000000000001,2.33412648940663,4.574125684496857,3.4413830478835044,3.4233232567626057,0.5786262857142854,fixed_region,10116
always_afdm,0.0758195160703058,0.0746160264565931,0.0065104166666666,0.3166666666666666,0,0.0,8.953923174791175,0.0168846997985383,0.5580357142857143,5.42857142857143,2.386653174791173,2.165218253684137,0.0,0.0,0.5806628571428587,fixed_region,10117
always_ofdm,0.1635826664336812,0.1627295835892144,0.0274739583333333,0.8333333333333334,0,0.0,19.527550030705733,0.0244348000269383,2.3549107142857144,14.285714285714286,2.414879316420014,12.738845109598696,10.531578043605045,10.462352936617826,0.47204571428571684,fixed_region,10117
always_otfs,0.0867090499070187,0.076541181094001,0.0111979166666666,0.3166666666666666,0,0.0,9.184941731280126,0.0188896999898133,0.9598214285714286,5.42857142857143,2.188731731280127,2.3962368101730886,1.3067440604055456,0.9319327445732276,0.6078171428571411,fixed_region,10117
block,0.1179249399180298,0.1133799212567386,0.015234375,0.4916666666666666,14,1.0,12.605590550808632,0.0290933999931439,1.3058035714285716,8.428571428571429,2.315896693665773,6.816885629701594,5.052650861726871,5.038152911651345,0.5553188571428587,fixed_region,10117
cadc,0.0841567684341184,0.0778003945245428,0.007421875,0.325,2,0.1428571428571428,9.193190200088,0.0808228000241797,0.6361607142857143,5.571428571428572,2.4103689143737137,2.5473424218381053,1.00047028365751,1.041338494109608,0.5752320000000015,fixed_region,10117
linucb,0.1436242514101476,0.1413806840717654,0.013671875,0.425,79,5.642857142857142,11.322824945754707,0.0857620999740902,1.171875,7.285714285714287,2.2913613743261347,10.176977167504813,8.136568240781003,7.77578943114586,0.5738742857142851,fixed_region,10117
offline_historical,0.1064944453952519,0.0993589465517954,0.0075520833333333,0.2833333333333333,49,3.500000000000001,8.42307358621546,0.044951900083106,0.6473214285714286,4.857142857142858,2.330026443358316,5.134368665108421,3.6809915189935296,3.871809844775335,0.5885828571428582,fixed_region,10117
sticky,0.1022276725041331,0.1021153682362555,0.0096354166666666,0.4083333333333333,21,1.5,10.753844188350662,0.0816158999805338,0.8258928571428572,7.000000000000001,2.359507902636375,5.465139267243624,3.168978772059276,3.085484048936257,0.5684434285714284,fixed_region,10117
uncertainty_aware,0.1147919821082843,0.110867400990843,0.0130208333333333,0.4416666666666666,24,1.7142857142857146,11.589802404615448,0.1023502001335145,1.1160714285714286,7.571428571428573,2.3451732617583043,6.515383197794125,4.676695924557409,4.365083926985589,0.5571291428571414,fixed_region,10117
always_afdm,0.1363263511330655,0.1320976441053188,0.0251302083333333,0.625,0,0.0,15.851717292638266,0.0179042001545894,2.154017857142857,10.714285714285715,2.4027508640668347,1.8439792273167068,-0.0673577901819051,0.015819660315838,0.5806628571428587,fixed_region,10118
always_ofdm,0.1749473679100627,0.1714323323162781,0.040234375,0.8333333333333334,0,0.0,20.57187987795337,0.0236633000022266,3.4486607142857144,14.285714285714286,2.365459163667659,6.564141812631815,4.567164223057755,4.8494850460502725,0.4720457142857106,fixed_region,10118
always_otfs,0.1372443295287822,0.132610121340477,0.0263020833333333,0.6333333333333333,0,0.0,15.913214560857243,0.0175347000767942,2.254464285714286,10.85714285714286,2.193790275142956,1.905476495535684,0.0427996173040945,0.3202548553032542,0.6078171428571415,fixed_region,10118
block,0.1574395015766549,0.1478016530851237,0.0286458333333333,0.6666666666666666,14,1.0,16.736198370214844,0.0294456000265199,2.455357142857143,11.428571428571429,2.300571513071987,3.728460304893284,2.466220263048829,2.981832310320524,0.5516982857142856,fixed_region,10118
cadc,0.1371840350325471,0.1331377300724073,0.0252604166666666,0.625,2,0.1428571428571428,15.833670465831736,0.0817939999978989,2.165178571428572,10.714285714285715,2.3789741801174515,1.96878954336732,0.0355642777558884,0.2891359502567034,0.5752319999999975,fixed_region,10118
linucb,0.1863119239029199,0.1863759970989445,0.03046875,0.675,74,5.285714285714286,17.079405366159058,0.0875387000123737,2.6116071428571432,11.571428571428571,2.322269080444772,8.357381586551783,5.930910942200626,5.947931066471192,0.5741005714285725,fixed_region,10118
offline_historical,0.166398558634523,0.1681622691337062,0.026171875,0.6666666666666666,50,3.571428571428572,16.608043724616177,0.0432519000314641,2.243303571428572,11.428571428571429,2.3482647246161763,6.171734230723191,3.5413071099929923,3.513962195647114,0.5879039999999991,fixed_region,10118
sticky,0.1581525082579916,0.1553209800887523,0.0334635416666666,0.6833333333333333,17,1.2142857142857144,17.42423189636457,0.0801782001799438,2.868303571428572,11.714285714285715,2.29039689636457,4.630779545328723,2.55178106480923,3.140181932553137,0.5512457142857126,fixed_region,10118
uncertainty_aware,0.1580613737007356,0.1517766332899299,0.028515625,0.6666666666666666,21,1.5000000000000002,16.71319599479159,0.1058486000401899,2.444196428571429,11.428571428571429,2.2667801376487327,4.205457929470031,2.540844917938511,2.638555740356569,0.5736479999999999,fixed_region,10118
always_afdm,0.0810074180654739,0.0851971929228773,0.0109375,0.3666666666666666,0,0.0,10.223663150745278,0.0170237000565975,0.9375,6.285714285714287,2.419786007888133,1.5686162848971374,-0.1044853648713317,0.0247458106826066,0.5806628571428574,fixed_region,10119
always_ofdm,0.1345523106121453,0.1356574936991975,0.0263020833333333,0.65,0,0.0,16.278899243903698,0.0277817999449325,2.254464285714286,11.142857142857144,2.4095321010465525,7.623852378055558,6.320901740729234,6.074919620686217,0.47204571428571507,fixed_region,10119
always_otfs,0.089680052415926,0.07898903413215,0.0106770833333333,0.3333333333333333,0,0.0,9.478684095858,0.0200860998302232,0.9151785714285716,5.714285714285714,2.241402667286571,0.8236372300098598,0.9362307571829156,0.6048101562202888,0.6078171428571437,fixed_region,10119
block,0.1091559661290946,0.1091413632770929,0.015234375,0.4583333333333333,14,1.0,12.096963593251155,0.0344190001051174,1.3058035714285716,7.857142857142858,2.371457164679728,4.441916727403017,3.2733404027631536,3.144332375751752,0.5625599999999986,fixed_region,10119
cadc,0.0887547424513853,0.0895606281361033,0.0123697916666666,0.3833333333333333,2,0.1428571428571428,10.60441823347526,0.0913772001658799,1.0602678571428572,6.571428571428573,2.397489804903834,2.092228510484265,0.8251935614380326,0.9000944982136119,0.5752319999999949,fixed_region,10119
linucb,0.1522900657485181,0.1497624581822657,0.0131510416666666,0.4083333333333333,97,6.928571428571428,11.042923553300458,0.0955523999145953,1.127232142857143,7.000000000000001,2.3515474104433114,9.316448116023745,8.449432357093965,8.696640865976608,0.5641440000000033,fixed_region,10119
offline_historical,0.0936878117924682,0.085836951697366,0.01171875,0.3416666666666667,8,0.5714285714285715,9.729005632255348,0.0508714999596122,1.0044642857142858,5.8571428571428585,2.2604864893982044,1.6453873378357802,1.4171618823679832,1.2148946418177111,0.6069119999999981,fixed_region,10119
sticky,0.1038377357411724,0.1098394825257701,0.0130208333333333,0.4166666666666667,28,2.0,11.180737903092414,0.0909711999702267,1.1160714285714286,7.142857142857143,2.3434093316638416,4.525691037244275,2.635152756212481,2.704839210138168,0.5784000000000002,fixed_region,10119
uncertainty_aware,0.121766889192452,0.1206386175505255,0.0197916666666666,0.4833333333333333,23,1.6428571428571432,12.83377696320592,0.1101762000325834,1.6964285714285716,8.285714285714286,2.307855820348776,5.821587240214923,4.786651170366035,4.8025066835918615,0.543778285714287,fixed_region,10119
always_afdm,0.2150045627544611,0.2136915065036295,0.067578125,0.9833333333333332,0,0.0,25.642980780435543,0.0165496997506124,5.792410714285714,16.857142857142858,2.4127643518641104,0.3412881045089193,0.0,0.0,0.58066285714286,fixed_region,10120
always_ofdm,0.2249337308604459,0.2290170669064748,0.0868489583333333,1.0,0,0.0,27.48204802877698,0.0257123999181203,7.444196428571429,17.142857142857142,2.4229487430626904,2.180355352850356,1.1915001727181824,1.438552507926154,0.4720457142857164,fixed_region,10120
always_otfs,0.2157145897248949,0.2165739868392765,0.0751302083333333,0.975,0,0.0,25.98887842071319,0.0194830000109504,6.439732142857143,16.714285714285715,2.2270434207131844,0.6871857447865644,0.0852032364520596,0.1838741242622852,0.6078171428571464,fixed_region,10120
block,0.226890895181262,0.2267758467011621,0.0764322916666666,0.975,14,1.0,26.213101604139453,0.0308498999802395,6.551339285714287,16.714285714285715,2.393968032710876,1.911408928212829,1.4263598912161193,1.4884808421007951,0.5535085714285737,fixed_region,10120
cadc,0.2162390710490734,0.2164744952976031,0.0700520833333333,0.9833333333333332,2,0.1428571428571428,25.83408229285524,0.0793641998898238,6.004464285714287,16.857142857142858,2.3972431499980944,0.6752467597857574,0.1481409953534829,0.1833883025194467,0.5752319999999989,fixed_region,10120
linucb,0.2646904074225452,0.2680952147226467,0.0782552083333333,0.9916666666666668,78,5.571428571428571,26.599997195289028,0.0885427999019157,6.707589285714287,17.0,2.333921052431882,6.86973309079098,5.962301360170102,6.046199568922173,0.5584868571428574,fixed_region,10120
offline_historical,0.2523039840304696,0.2554207566371034,0.073828125,0.9916666666666668,62,4.428571428571429,26.22191936788097,0.045544599997811,6.328125,17.0,2.296838939309543,5.348798120525782,4.475930553121021,4.616352370556488,0.5969554285714285,fixed_region,10120
sticky,0.2278267721260808,0.2287890802948044,0.0755208333333333,0.9833333333333332,17,1.2142857142857144,26.240403921090813,0.0840444999339524,6.473214285714287,16.857142857142858,2.3529176353765258,2.152996959449908,1.5386651245943774,1.7472316130611212,0.5571291428571414,fixed_region,10120
uncertainty_aware,0.2240570120537146,0.2263264006379787,0.074609375,0.9916666666666668,12,0.8571428571428573,26.302025219414595,0.1075267999840434,6.395089285714287,17.0,2.3439233622717346,1.8574754006308252,1.086293915910428,1.3626094471998125,0.5630125714285725,fixed_region,10120
always_afdm,0.2369551498640132,0.2388531099729173,0.1005208333333333,1.0,0,0.0,28.662373196750085,0.002239000154077,8.616071428571429,17.142857142857142,2.3929989110357988,1.0441454956265517,0.169884699294375,0.1936720986800644,0.5104457142857171,near_tie,10001
always_ofdm,0.2364888058742939,0.2349205170898632,0.09765625,0.9916666666666668,0,0.0,28.190462050783584,0.0047590999456588,8.370535714285715,17.0,2.418097765069297,0.5722343496600502,0.113923420528053,0.0871769478976034,0.4018285714285712,near_tie,10001
always_otfs,0.2355394440365601,0.2350879454190521,0.0975260416666666,1.0,0,0.0,28.21055345028625,0.0026715001877164,8.359375,17.142857142857142,2.170721307429107,0.5923257491627183,0.0,0.0,0.537599999999999,near_tie,10001
block,0.2444725012715493,0.242814915316338,0.0953125,1.0,14,1.0,28.137789837960565,0.0042099001293536,8.169642857142858,17.142857142857142,2.3419984093891344,1.5195621368370311,1.0719668681987038,1.020536829863083,0.48329142857143026,near_tie,10001
cadc,0.2378695907204545,0.2401272295960585,0.1006510416666666,1.0,2,0.1428571428571428,28.672410408669887,0.0147318999661365,8.627232142857144,17.142857142857142,2.397306265812741,1.1970398504034954,0.2796176020673186,0.3079362778096097,0.5050148571428608,near_tie,10001
linucb,0.2817603918669396,0.2839680114571681,0.102734375,0.9916666666666668,76,5.428571428571429,28.647589946288747,0.0156365000439109,8.805803571428571,17.0,2.361662946288744,6.457933673736644,5.546513739645533,5.518425815695245,0.4801234285714333,near_tie,10001
offline_historical,0.2355394440365601,0.2350879454190521,0.0975260416666666,1.0,0,0.0,28.21055345028625,0.0071561000368092,8.359375,17.142857142857142,2.170721307429107,0.5923257491627183,0.0,0.0,0.537599999999999,near_tie,10001
sticky,0.2456748472190609,0.2467524674453136,0.0994791666666666,1.0,15,1.0714285714285716,28.53886752200907,0.0115368997794575,8.526785714285715,17.142857142857142,2.385254379151923,1.9920683923141065,1.2162483819000975,1.1720869639383054,0.4839702857142898,near_tie,10001
uncertainty_aware,0.2433505843833292,0.2426626104288527,0.0975260416666666,1.0,12,0.8571428571428572,28.26237039431948,0.0158812001754995,8.359375,17.142857142857142,2.272547394319473,1.501285550338796,0.9373368416122928,0.960671157696865,0.48759085714286377,near_tie,10001
always_afdm,0.0296419957108488,0.0336050621726715,0.0009114583333333,0.0583333333333333,0,0.0,4.032607460720591,0.002051600095001,0.078125,1.0000000000000002,2.4440367464348767,1.0901710455164366,0.0504121417611083,0.2425298186899436,0.5104457142857144,near_tie,10002
always_ofdm,0.0285027554961746,0.0312405958435053,0.00078125,0.05,0,0.0,3.748871501220637,0.0039453999779652,0.0669642857142857,0.8571428571428573,2.422935786934923,0.8064350860164828,-0.0862966839997971,0.1125697634909084,0.4018285714285712,near_tie,10002
always_otfs,0.0275021453478741,0.0278667451148648,0.0005208333333333,0.0333333333333333,0,0.0,3.344009413783779,0.0023848999262554,0.0446428571428571,0.5714285714285715,2.1903379852123503,0.4015729985796246,-0.2063699017958553,0.0356654468696184,0.5375999999999999,near_tie,10002
block,0.036998289776215,0.0450174333685792,0.0013020833333333,0.0833333333333333,14,1.0,4.402092004229505,0.0039274999435292,0.1116071428571428,1.4285714285714286,2.3786220042295048,2.459655589025351,0.933167429605044,1.0702655971593416,0.48329142857142937,near_tie,10002
cadc,0.0307577206293661,0.0333659016802199,0.00078125,0.05,2,0.1428571428571428,3.861051058769245,0.0128185000939993,0.0669642857142857,0.8571428571428573,2.4319290587692435,1.0614717864222332,0.1842991319831757,0.3146353056727355,0.5050148571428585,near_tie,10002
linucb,0.0739425672768094,0.0734906151299675,0.0005208333333333,0.0333333333333333,75,5.357142857142858,3.461730958453245,0.0129441000026417,0.0446428571428571,0.5714285714285715,2.364630958453245,5.876437400391948,5.366480729676369,5.520967066090762,0.48102857142857136,near_tie,10002
offline_historical,0.0275021453478741,0.0278667451148648,0.0005208333333333,0.0333333333333333,0,0.0,3.344009413783779,0.0065827000507852,0.0446428571428571,0.5714285714285715,2.1903379852123503,0.4015729985796246,-0.2063699017958553,0.0356654468696184,0.5375999999999999,near_tie,10002
sticky,0.0433094140419321,0.0467548725905389,0.00078125,0.05,25,1.7857142857142858,3.8248704251503822,0.0103649999946355,0.0669642857142857,0.8571428571428573,2.396653568007525,2.6681482956605143,1.6905023414911031,1.9641556256697417,0.5041097142857143,near_tie,10002
uncertainty_aware,0.0386175763495088,0.0418460035078832,0.0009114583333333,0.0583333333333333,15,1.0714285714285716,3.950091849517418,0.014311099963379,0.078125,1.0000000000000002,2.3911645638031325,2.0790840057418354,1.127481818400306,1.2932210634801358,0.4808022857142853,near_tie,10002
always_afdm,0.0243384742634052,0.0246032678250315,0.0,0.0,0,0.0,2.952392139003781,0.0021101000311318,0.0,0.0,2.441946424718067,0.2053772925164292,0.1806468615180869,0.174421864803449,0.510445714285714,near_tie,10003
always_ofdm,0.0234756613944684,0.0234572948482983,0.0,0.0,0,0.0,2.814875381795802,0.0041729999211383,0.0,0.0,2.4130468103672307,0.0678605353084496,0.0771093172456702,0.0823350210845874,0.4018285714285712,near_tie,10003
always_otfs,0.0228330837507545,0.0228917903873946,0.0,0.0,0,0.0,2.7470148464873523,0.0024928999628173,0.0,0.0,2.209414846487352,0.0,0.0,0.0,0.5376000000000003,near_tie,10003
block,0.0318487166102216,0.0318602458907462,0.0,0.0,14,1.0,2.823229506889553,0.0041017000330612,0.0,0.0,2.339938078318124,1.0762146604022007,1.0818759431360525,1.083902746831102,0.4832914285714289,near_tie,10003
cadc,0.0253744818742098,0.025498078545534,0.0,0.0,2,0.1428571428571428,2.916912282606937,0.0135863999748835,0.0,0.0,2.4118974254640797,0.3127545789767278,0.3049677748146404,0.2951173847533557,0.5050148571428572,near_tie,10003
linucb,0.0711028320384254,0.0709946998437929,0.0,0.0,80,5.714285714285714,2.805078266969441,0.0133977001532912,0.0,0.0,2.3224656955408696,5.772349134767803,5.792369794520505,5.795360728227503,0.4826125714285716,near_tie,10003
offline_historical,0.0228330837507545,0.0228917903873946,0.0,0.0,0,0.0,2.7470148464873523,0.0067689999559661,0.0,0.0,2.209414846487352,0.0,0.0,0.0,0.5376000000000003,near_tie,10003
sticky,0.031376816804263,0.0316584594217338,0.0,0.0,13,0.9285714285714288,2.870443702036628,0.0117584999534301,0.0,0.0,2.388509987750913,1.0520002841207043,1.0252479664210163,1.021916529971532,0.48193371428571474,near_tie,10003
uncertainty_aware,0.0308161259956235,0.0308481890209028,0.0,0.0,12,0.8571428571428573,2.8446398253654843,0.013999800037709,0.0,0.0,2.349807825365484,0.9547678360209892,0.9579650693842824,0.961614530449924,0.49483200000000016,near_tie,10003
always_afdm,0.024385415261437,0.0237675080268361,0.0,0.0,0,0.0,2.8521009632203413,0.0129108999535674,0.0,0.0,2.341655248934627,0.1180352048077533,0.1930309005464332,0.1753360724948613,0.5104457142857144,near_tie,10004
always_ofdm,0.0234657651882521,0.0230164548129384,0.0,0.0,0,0.0,2.7619745775526163,0.0209091000724583,0.0,0.0,2.3601460061240456,0.0279088191400282,0.0826728917642416,0.0676869566582762,0.40182857142857076,near_tie,10004
always_otfs,0.0227768244235501,0.0227838813201049,0.0,0.0,0,0.0,2.734065758412588,0.0140395999915199,0.0,0.0,2.196465758412588,0.0,0.0,0.0,0.5375999999999999,near_tie,10004
block,0.0318770078346222,0.0313073209816962,0.0,0.0,14,1.0,2.7568785178035453,0.0228999001265037,0.0,0.0,2.273587089232117,1.0228127593909573,1.0920220093286463,1.085598904743342,0.4832914285714285,near_tie,10004
cadc,0.025418200289218,0.024783116687367,0.0,0.0,2,0.1428571428571428,2.8311168596269023,0.0660388000542298,0.0,0.0,2.326102002484045,0.2399082440714575,0.3169651038801482,0.304348310724607,0.5050148571428572,near_tie,10004
linucb,0.0711557719155473,0.0706764359664315,0.0,0.0,80,5.714285714285714,2.766886601686076,0.0733376000280259,0.0,0.0,2.283368887400361,5.747106557559202,5.805473699039662,5.795455890841856,0.483517714285715,near_tie,10004
offline_historical,0.0227768244235501,0.0227838813201049,0.0,0.0,0,0.0,2.734065758412588,0.0360751000262098,0.0,0.0,2.196465758412588,0.0,0.0,0.0,0.5375999999999999,near_tie,10004
sticky,0.0345492006276131,0.0340491805869533,0.0,0.0,18,1.2857142857142858,2.800187384720113,0.0647694000508636,0.0,0.0,2.3196113847201127,1.3518359120218104,1.4126851444875648,1.394102397065513,0.4805760000000001,near_tie,10004
uncertainty_aware,0.0301871235495262,0.0295268463370964,0.0,0.0,11,0.7857142857142857,2.757507274737285,0.0884510999894701,0.0,0.0,2.276704989023,0.8091558020389829,0.8892358951171286,0.8705056308966794,0.48080228571428485,near_tie,10004
always_afdm,0.2387250841818655,0.2386336035560552,0.1006510416666666,1.0,0,0.0,28.63603242672663,0.0153467000636737,8.627232142857144,17.142857142857142,2.355497426726624,0.8143359185286911,0.1525586922893929,0.1999866194401427,0.5104457142857171,near_tie,10005
always_ofdm,0.2366068812082328,0.2378993873299582,0.1029947916666666,0.9916666666666668,0,0.0,28.547926479594988,0.0233251001045573,8.828125,17.0,2.31797290816641,0.7262299713970499,-0.1016256645465318,0.0552858550975763,0.40182857142857786,near_tie,10005
always_otfs,0.2374537617461206,0.237099602255682,0.099609375,1.0,0,0.0,28.451952270681847,0.0160581000091042,8.537946428571429,17.142857142857142,2.2335486992532765,0.6302557624839089,0.0,0.0,0.5376000000000012,near_tie,10005
block,0.2459057357454645,0.2441509890006546,0.0993489583333333,0.9916666666666668,14,1.0,28.29811868007856,0.0285104999493341,8.515625,17.0,2.299202251507126,1.4764221718806212,1.0142368799212704,1.1031464647369766,0.48329142857143337,near_tie,10005
cadc,0.2394411683821816,0.2371197546394249,0.0986979166666666,0.9916666666666668,2,0.1428571428571428,28.31151341387385,0.0720627000118838,8.459821428571429,17.0,2.3466771281595658,0.6326740485330546,0.2384887963273207,0.2962284365340757,0.5050148571428577,near_tie,10005
linucb,0.2840762198585398,0.2826926925395899,0.0985677083333333,1.0,78,5.571428571428571,28.351694533322217,0.0808100000140257,8.448660714285715,17.142857142857142,2.278469247607929,6.101426596552848,5.594694973490299,5.762766248976678,0.48170742857143,near_tie,10005
offline_historical,0.2374537617461206,0.237099602255682,0.099609375,1.0,0,0.0,28.451952270681847,0.0412625000317348,8.537946428571429,17.142857142857142,2.2335486992532765,0.6302557624839089,0.0,0.0,0.5376000000000012,near_tie,10005
sticky,0.2451646033723993,0.2481689737172728,0.1036458333333333,1.0,14,1.0,28.780276846072745,0.0720277999353129,8.883928571428571,17.142857142857142,2.27902484607274,1.9585803378748068,0.9253009951534424,1.0649776887811164,0.47446628571429317,near_tie,10005
uncertainty_aware,0.2456635086291788,0.2479344429326715,0.10390625,1.0,13,0.9285714285714288,28.823561723349155,0.087896399985766,8.90625,17.142857142857142,2.282790580492009,1.930436643722647,0.9851696259669892,1.0415089417643415,0.4916640000000032,near_tie,10005
always_afdm,0.0244725423400794,0.0241217628148156,0.0,0.0,0,0.0,2.8946115377778825,0.0172911001136526,0.0,0.0,2.384165823492168,0.1162753877542015,0.1744520639486904,0.1664969842215984,0.5104457142857144,near_tie,10006
always_ofdm,0.0235046864003048,0.0233751360635166,0.0,0.0,0,0.0,2.805016327622003,0.0255615000642137,0.0,0.0,2.4031877561934314,0.026680177598322,0.0583093511757337,0.0756623817882631,0.40182857142857165,near_tie,10006
always_otfs,0.023018775140507,0.0231528012501973,0.0,0.0,0,0.0,2.778336150023681,0.0187900999444536,0.0,0.0,2.240736150023681,0.0,0.0,0.0,0.5375999999999999,near_tie,10006
block,0.0320711554913702,0.0317180789607375,0.0,0.0,14,1.0,2.806169475288502,0.0298879001493332,0.0,0.0,2.322878046717073,1.0278333252648215,1.0862856421035805,1.0832259374485944,0.4832914285714289,near_tie,10006
cadc,0.0255559730336441,0.0252142333758372,0.0,0.0,2,0.1428571428571428,2.882850862243331,0.0807500999508192,0.0,0.0,2.377836005100474,0.2473718550767927,0.3044637471764471,0.2923956517431687,0.5050148571428568,near_tie,10006
linucb,0.071292584277613,0.071014618861596,0.0,0.0,80,5.714285714285714,2.807468549105808,0.0896731001121224,0.0,0.0,2.3250822633915225,5.743418113367842,5.792857096452722,5.777112174454386,0.48238628571428555,near_tie,10006
offline_historical,0.023018775140507,0.0231528012501973,0.0,0.0,0,0.0,2.778336150023681,0.0448011999542359,0.0,0.0,2.240736150023681,0.0,0.0,0.0,0.5375999999999999,near_tie,10006
sticky,0.0315716053845955,0.0314958274464604,0.0,0.0,13,0.9285714285714286,2.850927865003825,0.075669299942092,0.0,0.0,2.365826150718111,1.001163143551573,1.0263396292906202,1.0246411672067677,0.4851017142857139,near_tie,10006
uncertainty_aware,0.0302282162195609,0.0300832004841862,0.0,0.0,11,0.7857142857142858,2.82426977238807,0.0986830999027006,0.0,0.0,2.34369377238807,0.8316479080786747,0.8651329294864611,0.8818685109959943,0.4805760000000001,near_tie,10006
always_afdm,0.1811808151311713,0.1819716570359918,0.0356770833333333,0.925,0,0.0,21.836598844319028,0.0174729001300875,3.0580357142857144,15.85714285714286,2.41097455860474,2.0006123344941003,0.089899749390895,0.3724703254360264,0.5104457142857126,near_tie,10007
always_ofdm,0.1804316505529139,0.1831990482936966,0.038671875,0.925,0,0.0,21.9838857952436,0.0260512000240851,3.3147321428571432,15.85714285714286,2.410182223815025,2.1478992854186743,0.0,0.0,0.40182857142857475,near_tie,10007
always_otfs,0.1794279390623935,0.1807036764506074,0.0377604166666666,0.9166666666666666,0,0.0,21.684441174072894,0.0178426000202307,3.2366071428571432,15.714285714285715,2.1959483169300387,1.848454664247971,-0.120445378862442,0.1806891191070541,0.5375999999999981,near_tie,10007
block,0.1886608889633893,0.1867205813822004,0.03671875,0.9,14,1.0,21.406469765864056,0.0314490000746445,3.147321428571429,15.42857142857143,2.356336908721196,2.570483256039129,0.9875086092570484,1.0529787634824217,0.47424000000000266,near_tie,10007
cadc,0.1817080066645115,0.1871055908003415,0.0380208333333333,0.9416666666666668,2,0.1428571428571428,22.30981375318384,0.0769422998710069,3.258928571428572,16.142857142857146,2.403013181755264,2.616684386216054,0.15316273339171,0.4717646451775401,0.5050148571428563,near_tie,10007
linucb,0.2317041255396611,0.2320666469165322,0.0372395833333333,0.9166666666666666,85,6.071428571428571,21.77656905855529,0.0890800000197487,3.191964285714286,15.714285714285715,2.3877064871267173,8.012011120158938,6.152696998409663,6.405936289410381,0.4826125714285716,near_tie,10007
offline_historical,0.1794279390623935,0.1807036764506074,0.0377604166666666,0.9166666666666666,0,0.0,21.684441174072894,0.0427053000312298,3.2366071428571432,15.714285714285715,2.1959483169300387,1.848454664247971,-0.120445378862442,0.1806891191070541,0.5375999999999981,near_tie,10007
sticky,0.1883601237436453,0.1937466479062722,0.0354166666666666,0.9583333333333334,13,0.9285714285714288,22.321026320181243,0.0782513999583898,3.035714285714286,16.42857142857143,2.3849897487526706,3.413611238927743,0.9514167828877688,1.0987573388156129,0.47175085714285725,near_tie,10007
uncertainty_aware,0.1887381609963576,0.1877275031268525,0.0358072916666666,0.9166666666666666,13,0.9285714285714288,21.598728946650876,0.0987949999107513,3.069196428571429,15.714285714285715,2.3337656609365864,2.691313865397376,0.9967812532132428,0.9976751534132936,0.4814811428571475,near_tie,10007
always_afdm,0.0244409047711476,0.024397368408901,0.0,0.0,0,0.0,2.9276842090681203,0.0157212999183684,0.0,0.0,2.4172384947824064,0.1025169983423865,0.1702218888509965,0.185720820980574,0.510445714285714,near_tie,10008
always_ofdm,0.023534649545203,0.0235430600893811,0.0,0.0,0,0.0,2.8251672107257337,0.0243428999674506,0.0,0.0,2.423338639297162,0.0,0.0614712617376356,0.0552622000441438,0.40182857142857165,near_tie,10008
always_otfs,0.0230223890307227,0.0253085781114185,0.0002604166666666,0.0166666666666666,0,0.0,3.037029373370225,0.0171288998972158,0.0223214285714285,0.2857142857142857,2.1913936590845107,0.2118621626444912,0.0,0.0,0.5376000000000003,near_tie,10008
block,0.0319153406994737,0.0334153643943461,0.0001302083333333,0.0083333333333333,14,1.0,3.00984372732154,0.0304749000060837,0.0111607142857142,0.1428571428571428,2.3797755844643964,1.1846765165958062,1.067154200250131,1.0631743524765014,0.4760502857142863,near_tie,10008
cadc,0.0254650521050517,0.0253433420441646,0.0,0.0,2,0.1428571428571428,2.89834390244262,0.0824363000574521,0.0,0.0,2.393329045299763,0.2160338345740293,0.2931195689194834,0.2984296959020067,0.5050148571428568,near_tie,10008
linucb,0.0701045270905518,0.0712410266666532,0.0001302083333333,0.0083333333333333,78,5.571428571428572,2.977494628569821,0.0891512000816874,0.0111607142857142,0.1428571428571428,2.342448199998392,5.723755989272657,5.649856567179498,5.646171754030799,0.4810285714285718,near_tie,10008
offline_historical,0.0230223890307227,0.0253085781114185,0.0002604166666666,0.0166666666666666,0,0.0,3.037029373370225,0.044351700154948,0.0223214285714285,0.2857142857142857,2.1913936590845107,0.2118621626444912,0.0,0.0,0.5376000000000003,near_tie,10008
sticky,0.0308252824548871,0.0308374954783627,0.0,0.0,12,0.8571428571428572,2.843356600260669,0.0847599000262562,0.0,0.0,2.362554314546384,0.8753322466777931,0.9363472108997368,0.9625265580452016,0.4808022857142853,near_tie,10008
uncertainty_aware,0.0307454288572906,0.0319820624937797,0.0001302083333333,0.0083333333333333,12,0.8571428571428573,2.9807046421107177,0.1001103999005863,0.0111607142857142,0.1428571428571428,2.3366067849678607,1.0126802885278412,0.9267647791881496,0.9388291380529394,0.49007999999999985,near_tie,10008
always_afdm,0.0475369299726511,0.0546385153944787,0.003125,0.2,0,0.0,6.556621847337454,0.0175222000543726,0.2678571428571428,3.4285714285714293,2.349747561623168,2.252446674870847,0.1235782784921815,0.4739614013785322,0.510445714285714,near_tie,10009
always_ofdm,0.0488099053955225,0.0464641239857508,0.00234375,0.15,0,0.0,5.575694878290101,0.0239473000256111,0.2008928571428571,2.571428571428572,2.4015448782901005,1.2715197058234935,0.2763353292367423,0.3113642285442806,0.4018285714285712,near_tie,10009
always_otfs,0.0462536472620107,0.0501272108994467,0.003125,0.175,0,0.0,6.015265307933611,0.0191822000197134,0.2678571428571428,3.0000000000000004,2.209808165076468,1.7110901354670045,-0.0304156467846725,0.0933584216935026,0.5375999999999999,near_tie,10009
block,0.0562347121318211,0.062657556094085,0.0033854166666666,0.2,14,1.0,6.518906731290206,0.0297316000214777,0.2901785714285714,3.4285714285714293,2.3168653027187767,3.2147315588235985,1.1673121375925837,1.1836645541967092,0.4832914285714285,near_tie,10009
cadc,0.0489281591626296,0.0585440901754582,0.0036458333333333,0.2166666666666666,2,0.1428571428571428,6.882433678197847,0.0795090999454259,0.3125,3.714285714285715,2.350633106769274,2.7211156485883823,0.2905257812896025,0.5614012688478134,0.5050148571428581,near_tie,10009
linucb,0.0925488162942392,0.1033071825194047,0.0033854166666666,0.2166666666666666,78,5.571428571428572,6.825433330899999,0.0844762001506751,0.2901785714285714,3.714285714285715,2.342429616614284,8.092686729861963,5.525004637082749,5.76659824122479,0.47853942857142906,near_tie,10009
offline_historical,0.0462536472620107,0.0501272108994467,0.003125,0.175,0,0.0,6.015265307933611,0.0435476001002825,0.2678571428571428,3.0000000000000004,2.209808165076468,1.7110901354670045,-0.0304156467846725,0.0933584216935026,0.5375999999999999,near_tie,10009
sticky,0.0657902735803827,0.0696522301466164,0.0028645833333333,0.1833333333333333,30,2.1428571428571432,6.215410474736828,0.077195799909532,0.2455357142857143,3.1428571428571432,2.3301490461653978,4.054092445127363,2.313979511419973,2.704739194743734,0.49686857142857255,near_tie,10009
uncertainty_aware,0.0604112610573607,0.0639471064230859,0.0028645833333333,0.1833333333333333,21,1.5000000000000002,6.1736527707703175,0.1048565000091912,0.2455357142857143,3.1428571428571432,2.277303342198888,3.3694775983037104,1.668498008657329,1.88013707874856,0.5079565714285716,near_tie,10009
always_afdm,0.1177743766605606,0.1178854629419792,0.0130208333333333,0.5916666666666667,0,0.0,14.14625555303751,0.0164919999515404,1.1160714285714286,10.142857142857144,2.376881267323221,3.972473473161287,0.1769330404386906,0.690151288352272,0.5104457142857153,near_tie,10010
always_ofdm,0.1131174414276382,0.1204853488668797,0.014453125,0.6083333333333333,0,0.0,14.458241864025574,0.0247324000520166,1.2388392857142858,10.42857142857143,2.3890025783112856,4.284459784149352,-0.3818991875119906,0.2903338752996802,0.4018285714285712,near_tie,10010
always_otfs,0.1135482742997979,0.1150547891230576,0.0134114583333333,0.575,0,0.0,13.806574694766915,0.0182087998691713,1.1495535714285714,9.857142857142858,2.262278266195488,3.632792614890695,-0.3301992428528315,0.4007871493985782,0.5375999999999985,near_tie,10010
block,0.1212822129295133,0.1115113550940739,0.0118489583333333,0.5,14,1.0,12.381362611288877,0.0291447999188676,1.015625,8.571428571428571,2.309207325574588,3.2075805314126526,0.597873392713014,1.3063318342486951,0.48510171428571747,near_tie,10010
cadc,0.117883529617316,0.1155185604682068,0.0130208333333333,0.5666666666666667,2,0.1428571428571428,13.719370113327674,0.079334800117067,1.1160714285714286,9.714285714285715,2.383998113327671,3.688445176308594,0.1900313952493419,0.890714238763163,0.505014857142859,near_tie,10010
linucb,0.1624140011923117,0.1502404572771299,0.0115885416666666,0.5,79,5.642857142857142,12.385997730398454,0.0845360000676009,0.9933035714285716,8.571428571428571,2.3413684446841674,7.8550727933793745,5.533687984248825,6.264446287114247,0.4798971428571446,near_tie,10010
offline_historical,0.1135482742997979,0.1150547891230576,0.0134114583333333,0.575,0,0.0,13.806574694766915,0.0445360000740038,1.1495535714285714,9.857142857142858,2.262278266195488,3.632792614890695,-0.3301992428528315,0.4007871493985782,0.5375999999999985,near_tie,10010
sticky,0.124995563269488,0.1220348785026678,0.0119791666666666,0.5583333333333333,17,1.2142857142857144,13.42989970603443,0.0782143998949322,1.0267857142857144,9.571428571428571,2.316035134605859,4.470403340443923,1.0434754335099878,1.860297846357048,0.5156502857142842,near_tie,10010
uncertainty_aware,0.1249756897534671,0.1329040956053515,0.0131510416666666,0.6166666666666667,20,1.4285714285714288,14.519920044070748,0.099857399938628,1.127232142857143,10.571428571428571,2.3395519012136026,5.774709392765956,1.0410906115874798,1.6009453320490756,0.4817074285714318,near_tie,10010
always_afdm,0.0353754178889861,0.0332688269039118,0.0009114583333333,0.0583333333333333,0,0.0,3.99225922846942,0.0187067998194834,0.078125,1.0000000000000002,2.403688514183705,0.9522127673558116,-0.1504308732513948,0.5262652458336872,0.5104457142857148,near_tie,10011
always_ofdm,0.0354233324247013,0.03122574835408,0.00078125,0.05,0,0.0,3.747089802489607,0.0242008999775862,0.0669642857142857,0.8571428571428573,2.4211540882038927,0.7070433413759982,-0.1446811289655656,0.0106489777141307,0.40182857142857165,near_tie,10011
always_otfs,0.0351769158378047,0.0319156099115031,0.0010416666666666,0.0583333333333333,0,0.0,3.829873189380375,0.0188900999055476,0.0892857142857142,1.0000000000000002,2.2029874750946608,0.7898267282667661,-0.1742511193931619,0.2757442440513795,0.5375999999999994,near_tie,10011
block,0.0440061232114342,0.0445223324947148,0.0013020833333333,0.0833333333333333,14,1.0,4.342679899365786,0.0271184001030633,0.1116071428571428,1.4285714285714286,2.319209899365786,2.3026334382521774,0.8852537654423838,1.1418145337837258,0.4832914285714285,near_tie,10011
cadc,0.037126271692271,0.0383799024371168,0.0013020833333333,0.0833333333333333,2,0.1428571428571428,4.462731149596881,0.0799772001628298,0.1116071428571428,1.4285714285714286,2.4175377210254525,1.5655418313404152,0.0596715831427925,0.6114985480263737,0.5050148571428568,near_tie,10011
linucb,0.0823593483347026,0.0741828757569266,0.000390625,0.025,78,5.571428571428571,3.3305165194026296,0.0878997998515842,0.0334821428571428,0.4285714285714286,2.385397805116916,5.861898629717594,5.487640780234587,5.798166699815429,0.4830651428571424,near_tie,10011
offline_historical,0.0351769158378047,0.0319156099115031,0.0010416666666666,0.0583333333333333,0,0.0,3.829873189380375,0.0458109999453881,0.0892857142857142,1.0000000000000002,2.2029874750946608,0.7898267282667661,-0.1742511193931619,0.2757442440513795,0.5375999999999994,near_tie,10011
sticky,0.0410977905971809,0.0381032218646425,0.00078125,0.05,12,0.8571428571428572,3.7152437666142495,0.0824528001394355,0.0669642857142857,0.8571428571428573,2.3071663380428205,1.5323401626434978,0.5362538517319839,1.2229950973149286,0.48397028571428624,near_tie,10011
uncertainty_aware,0.0444116101807678,0.0404658751202931,0.0009114583333333,0.05,15,1.0714285714285716,3.784476443006607,0.1006540999514982,0.078125,0.8571428571428573,2.378589157292321,1.8158585533215696,0.9339122017624196,1.322960489562174,0.47061942857142913,near_tie,10011
always_afdm,0.0241931895753729,0.0241457894574898,0.0,0.0,0,0.0,2.897494734898788,0.0176370001136092,0.0,0.0,2.387049020613074,0.1754231956191625,0.1609824752624646,0.1718912328769786,0.510445714285714,near_tie,10012
always_ofdm,0.0234687629465201,0.0234108136533208,0.0,0.0,0,0.0,2.8092976383985024,0.0240336999704595,0.0,0.0,2.4074690669699312,0.0872260991188773,0.0740512798001242,0.0669954569744066,0.4018285714285712,near_tie,10012
always_otfs,0.0228516689481857,0.0226839294939968,0.0,0.0,0,0.0,2.722071539279625,0.0166110999562079,0.0,0.0,2.184471539279625,0.0,0.0,0.0,0.5376000000000003,near_tie,10012
block,0.031845491421283,0.0317834386889998,0.0,0.0,14,1.0,2.81401264267998,0.0295152998442063,0.0,0.0,2.330721214108552,1.0919411034003548,1.07925869677167,1.0857375287320696,0.48329142857142804,near_tie,10012
cadc,0.0252170303754321,0.0250865764779192,0.0,0.0,2,0.1428571428571428,2.867532034493162,0.0756646999798249,0.0,0.0,2.362517177350305,0.2883176380706795,0.2838433712695667,0.2940184778324353,0.5050148571428568,near_tie,10012
linucb,0.0711348472165338,0.0713545858121359,0.0,0.0,80,5.714285714285714,2.848264583170595,0.0770459999766899,0.0,0.0,2.365652011742023,5.840478758176687,5.793981392201776,5.783235349360558,0.4826125714285716,near_tie,10012
offline_historical,0.0228516689481857,0.0226839294939968,0.0,0.0,0,0.0,2.722071539279625,0.042845399948419,0.0,0.0,2.184471539279625,0.0,0.0,0.0,0.5376000000000003,near_tie,10012
sticky,0.0319703238411402,0.0322377368676516,0.0,0.0,14,1.0,2.8685284241182005,0.0730447999230818,0.0,0.0,2.3707547098324864,1.146456884838576,1.0942385871545373,1.1017102706287298,0.49777371428571415,near_tie,10012
uncertainty_aware,0.0301735091022217,0.0298030549943983,0.0,0.0,11,0.7857142857142857,2.790652313613511,0.0950963000650517,0.0,0.0,2.3098500278992247,0.8542950600481718,0.87862081848432,0.8736194475466585,0.4808022857142862,near_tie,10012
always_afdm,0.0469284564861101,0.040853946740371,0.0016927083333333,0.1083333333333333,0,0.0,4.902473608844522,0.0185761000611819,0.1450892857142857,1.8571428571428572,2.3897957517016644,1.0271650440526998,0.0875636064737577,0.3180698717165278,0.5104457142857148,near_tie,10013
always_ofdm,0.045024808194577,0.048032323792265,0.0026041666666666,0.1583333333333333,0,0.0,5.76387885507181,0.0289608998718904,0.2232142857142857,2.714285714285715,2.4245502836432387,1.888570290279988,-0.1408741885102182,0.0900388171444515,0.40182857142857076,near_tie,10013
always_otfs,0.0442698541196086,0.0551528384011535,0.0033854166666666,0.2083333333333333,0,0.0,6.618340608138422,0.0211028998019173,0.2901785714285714,3.571428571428572,2.219133465281279,2.7430320433466,-0.2314686775064327,0.0863590416568405,0.5375999999999999,near_tie,10013
block,0.0530061418068298,0.0564242402065727,0.0026041666666666,0.1583333333333333,14,1.0,5.770908824788734,0.0362045999499969,0.2232142857142857,2.714285714285715,2.3591688247887337,2.8956002599969115,0.8168858449601117,1.310008873492901,0.47423999999999955,near_tie,10013
cadc,0.047820983144374,0.0431468935055321,0.0018229166666666,0.1166666666666666,2,0.1428571428571428,5.034770077806712,0.0895957999600796,0.15625,2.0000000000000004,2.373505220663856,1.302318655872034,0.1946668054654168,0.5435881732055456,0.5050148571428559,near_tie,10013
linucb,0.090619443257599,0.0915097205761158,0.0022135416666666,0.1416666666666666,77,5.5,5.481166469133896,0.1017771998158423,0.1897321428571428,2.428571428571429,2.3847760405624663,7.1058579043420735,5.330482019052418,5.846467096398596,0.4780868571428587,near_tie,10013
offline_historical,0.0442698541196086,0.0551528384011535,0.0033854166666666,0.2083333333333333,0,0.0,6.618340608138422,0.0544238999282242,0.2901785714285714,3.571428571428572,2.219133465281279,2.7430320433466,-0.2314686775064327,0.0863590416568405,0.5375999999999999,near_tie,10013
sticky,0.0627219868114385,0.0607635274989975,0.0022135416666666,0.1333333333333333,27,1.9285714285714288,5.363051871308274,0.091096500022104,0.1897321428571428,2.285714285714286,2.38937915702256,3.4163147350878806,1.9827872455131583,2.223283070205115,0.4982262857142854,near_tie,10013
uncertainty_aware,0.0552209715187508,0.059615932233065,0.002734375,0.1666666666666666,17,1.2142857142857144,5.939626153682091,0.1095845000818371,0.234375,2.857142857142857,2.339699153682091,3.278603303175984,1.0826654103906312,1.2848766099371574,0.5084091428571424,near_tie,10013
always_afdm,0.0243307541374065,0.0241149797817238,0.0,0.0,0,0.0,2.8937975738068635,0.01882800005842,0.0,0.0,2.3833518595211487,0.1574843994296975,0.171950456707671,0.1686742506156093,0.5104457142857148,near_tie,10014
always_ofdm,0.0235153206172654,0.023780829482932,0.0,0.0,0,0.0,2.853699537951844,0.0253413999889744,0.0,0.0,2.451870966523272,0.1173863635746776,0.0740984342907356,0.0522866141037896,0.4018285714285721,near_tie,10014
always_otfs,0.0228978336648426,0.0228026097864763,0.0,0.0,0,0.0,2.736313174377166,0.0179874999885214,0.0,0.0,2.198713174377166,0.0,0.0,0.0,0.5375999999999999,near_tie,10014
block,0.0319984678951995,0.0315672521937432,0.0,0.0,14,1.0,2.7880702632491907,0.0286821999761741,0.0,0.0,2.3138302632491903,1.051757088872025,1.092076107642828,1.0845177736507536,0.47424000000000044,near_tie,10014
cadc,0.0253487339039723,0.0249365427875205,0.0,0.0,2,0.1428571428571428,2.8495279916453224,0.0853323000046657,0.0,0.0,2.344513134502465,0.2560719601252992,0.2941080286955664,0.2847187536428555,0.5050148571428577,near_tie,10014
linucb,0.0711367157254416,0.0712859711613576,0.0,0.0,80,5.714285714285714,2.8400308250771964,0.0934426999738207,0.0,0.0,2.3565131107914814,5.818003364985746,5.7886658472718775,5.805535672404907,0.483517714285715,near_tie,10014
offline_historical,0.0228978336648426,0.0228026097864763,0.0,0.0,0,0.0,2.736313174377166,0.0478847999183926,0.0,0.0,2.198713174377166,0.0,0.0,0.0,0.5375999999999999,near_tie,10014
sticky,0.0333929053467632,0.0333136116312492,0.0,0.0,16,1.142857142857143,2.8547762528927683,0.0867463000031421,0.0,0.0,2.344104252892768,1.261320221372745,1.259408601830475,1.2523329864546442,0.5106720000000005,near_tie,10014
uncertainty_aware,0.0302525132369234,0.0302765582897008,0.0,0.0,11,0.7857142857142858,2.8474727090498217,0.1014643000962678,0.0,0.0,2.3668967090498216,0.8968738203869417,0.8825615486496905,0.8840977566513133,0.4805760000000001,near_tie,10014
always_afdm,0.0569886463881278,0.0592602534400284,0.0040364583333333,0.225,0,0.0,7.111230412803415,0.0160923000512411,0.3459821428571429,3.8571428571428577,2.397659698517699,2.6672867186070253,-0.2116116670279035,0.3646280641439983,0.5104457142857157,near_tie,10015
always_ofdm,0.0575171160151076,0.0545639770274531,0.003515625,0.2,0,0.0,6.547677243294379,0.0239449000073364,0.3013392857142857,3.4285714285714293,2.415937957580093,2.1037335490979885,-0.148195311790336,0.3594501248845203,0.40182857142857076,near_tie,10015
always_otfs,0.057453084479392,0.0624660255873644,0.0044270833333333,0.2583333333333333,0,0.0,7.495923070483735,0.0250320000195642,0.3794642857142857,4.428571428571429,2.1502873561980205,3.0519793762873446,-0.1558790960762026,0.076224782847496,0.5375999999999999,near_tie,10015
block,0.0639738056150852,0.0668220863321955,0.0037760416666666,0.225,14,1.0,7.018650359863465,0.0339330999995581,0.3236607142857143,3.8571428571428577,2.3545553598634648,3.5747066656670743,0.6266074402069819,1.0073676953681714,0.4832914285714285,near_tie,10015
cadc,0.0578992742008407,0.0603275111755985,0.00390625,0.225,2,0.1428571428571428,7.096444198214681,0.0755746001086663,0.3348214285714286,3.8571428571428577,2.3994650553575374,2.795357646875434,-0.1023363295023607,0.5021152020373334,0.5050148571428572,near_tie,10015
linucb,0.1042716253920232,0.1047109557834368,0.0041666666666666,0.225,78,5.571428571428572,6.993886122583852,0.090329200043925,0.3571428571428571,3.8571428571428577,2.2981192654409943,8.121370999816035,5.462345813439534,5.828539763270354,0.4814811428571435,near_tie,10015
offline_historical,0.057453084479392,0.0624660255873644,0.0044270833333333,0.2583333333333333,0,0.0,7.495923070483735,0.0507954998902278,0.3794642857142857,4.428571428571429,2.1502873561980205,3.0519793762873446,-0.1558790960762026,0.076224782847496,0.5375999999999999,near_tie,10015
sticky,0.0718100626969099,0.0669400823272574,0.0036458333333333,0.1916666666666666,22,1.5714285714285716,6.46138130784232,0.0883694000804098,0.3125,3.2857142857142865,2.39865730784232,3.5888661850745027,1.5669582900259431,2.0578699573850416,0.4645097142857133,near_tie,10015
uncertainty_aware,0.069266112905868,0.0695529930277285,0.0040364583333333,0.225,18,1.285714285714286,7.06064487761314,0.0963415000733221,0.3459821428571429,3.8571428571428577,2.362461591898854,3.902415469131036,1.2616843151009176,1.7468589370036556,0.49505828571428534,near_tie,10015
always_afdm,0.1699591554191425,0.1734620268498797,0.032421875,0.8833333333333333,0,0.0,20.815443221985568,0.0181297998933587,2.779017857142857,15.142857142857146,2.3831225076998503,1.7801341710618104,-0.2137512467436373,0.7146579630949574,0.510445714285714,near_tie,10016
always_ofdm,0.171537039563787,0.1749342156947938,0.0333333333333333,0.8916666666666667,0,0.0,20.99210588337526,0.0286808999808272,2.857142857142857,15.285714285714288,2.447420169089542,1.9567968324515024,-0.024405149386304,0.1756453850625732,0.40182857142857165,near_tie,10016
always_otfs,0.1689634127226655,0.1738210736082237,0.0309895833333333,0.9,0,0.0,20.85852883298685,0.0209042999485973,2.65625,15.42857142857143,2.236107404415419,1.8232197820630915,-0.3332403703208797,0.205252426803348,0.5375999999999994,near_tie,10016
block,0.1780485540255992,0.1817022819482018,0.0326822916666666,0.8833333333333333,14,1.0,20.80427383378421,0.0306534999544965,2.801339285714286,15.142857142857146,2.3767859766413566,2.7689647828604613,0.7569765860311612,1.5155333412227243,0.4832914285714245,near_tie,10016
cadc,0.1713261190724291,0.1726362908657188,0.033203125,0.8666666666666667,2,0.1428571428571428,20.57349776102911,0.0896696000272641,2.8459821428571432,14.85714285714286,2.3653579038862524,1.681045852962498,-0.049715608349242,0.7577976525705097,0.5050148571428554,near_tie,10016
linucb,0.2196666077636769,0.222920359851041,0.0319010416666666,0.8833333333333333,84,6.0,20.75044318212493,0.1009238000988261,2.734375,15.142857142857146,2.395803039267782,7.715134131201172,5.751143034600489,6.369486403967162,0.4774080000000014,near_tie,10016
offline_historical,0.1689634127226655,0.1738210736082237,0.0309895833333333,0.9,0,0.0,20.85852883298685,0.0460441999748582,2.65625,15.42857142857143,2.236107404415419,1.8232197820630915,-0.3332403703208797,0.205252426803348,0.5375999999999994,near_tie,10016
sticky,0.1845943713865162,0.1907260043720719,0.031640625,0.9166666666666666,23,1.642857142857143,21.244263381791484,0.0980654000595677,2.712053571428572,15.714285714285715,2.388488667505768,3.851811473724872,1.5424746693412033,1.8378883547766411,0.42943542857142747,near_tie,10016
uncertainty_aware,0.1820278945836243,0.1831714217081325,0.030859375,0.875,21,1.5000000000000004,20.48057060497591,0.1069663001107983,2.645089285714286,15.000000000000002,2.355131604975905,2.945261554052152,1.2344974529941766,1.742495108193765,0.48034971428571804,near_tie,10016
always_afdm,0.0243884959424197,0.024341887938996,0.0,0.0,0,0.0,2.9210265526795234,0.0199714998889248,0.0,0.0,2.4105808383938085,0.1950075707049552,0.164525431087811,0.1706259469140842,0.5104457142857148,near_tie,10017
always_ofdm,0.0235820429185963,0.0231785113086358,0.0,0.0,0,0.0,2.7814213570362982,0.0260996000288287,0.0,0.0,2.379592785607727,0.05540237506173,0.0677510682289979,0.0708156403672215,0.4018285714285712,near_tie,10017
always_otfs,0.0230174506833547,0.022716824849788,0.0,0.0,0,0.0,2.726018981974568,0.0187107999663567,0.0,0.0,2.188418981974568,0.0,0.0,0.0,0.5376000000000003,near_tie,10017
block,0.0320019361726072,0.0317642781669129,0.0,0.0,14,1.0,2.811713380029558,0.0304058999608969,0.0,0.0,2.328421951458129,1.0856943980549905,1.0781382587103012,1.084612521267888,0.48329142857142937,near_tie,10017
cadc,0.0254221076914686,0.0254157948505056,0.0,0.0,2,0.1428571428571428,2.9070382392035325,0.0852647000720026,0.0,0.0,2.402023382060675,0.3238764000861076,0.2885588409736721,0.2949385796606187,0.5050148571428577,near_tie,10017
linucb,0.0712301953071865,0.0709541538233583,0.0,0.0,80,5.714285714285714,2.8002127445172897,0.0958350000437349,0.0,0.0,2.317600173088718,5.788479476828436,5.785529354859817,5.791740645031704,0.4826125714285716,near_tie,10017
offline_historical,0.0230174506833547,0.022716824849788,0.0,0.0,0,0.0,2.726018981974568,0.0497004000644665,0.0,0.0,2.188418981974568,0.0,0.0,0.0,0.5376000000000003,near_tie,10017
sticky,0.0302975429085603,0.0298816144719501,0.0,0.0,11,0.7857142857142858,2.8000794509197293,0.0857676000305218,0.0,0.0,2.319277165205444,0.8597747546594476,0.8736110670246755,0.8799360926219131,0.4808022857142853,near_tie,10017
uncertainty_aware,0.0303493373504991,0.029962171734389,0.0,0.0,11,0.7857142857142857,2.809746322412395,0.1092849999404279,0.0,0.0,2.3289440366981093,0.8694416261521125,0.8798264000573344,0.8690814063001513,0.48080228571428574,near_tie,10017
always_afdm,0.0242700212302302,0.0242944209732163,0.0,0.0,0,0.0,2.9153305167859616,0.0164288001251406,0.0,0.0,2.404884802500248,0.2220168017178059,0.1649568754245702,0.1733562531253003,0.5104457142857135,near_tie,10018
always_ofdm,0.0235310255831328,0.0234133216835178,0.0,0.0,0,0.0,2.8095986020221413,0.0258186999271856,0.0,0.0,2.40777003059357,0.1162848869539856,0.0762773977728881,0.0725462112248624,0.4018285714285712,near_tie,10018
always_otfs,0.0228953806016921,0.0224442809589012,0.0,0.0,0,0.0,2.693313715068156,0.0190035001724027,0.0,0.0,2.155713715068156,0.0,0.0,0.0,0.5376000000000003,near_tie,10018
block,0.031871767968284,0.0315950508738293,0.0,0.0,14,1.0,2.79140610485952,0.08852820013999,0.0,0.0,2.308114676288091,1.0980923897913644,1.0771664839910255,1.091718714902254,0.4832914285714289,near_tie,10018
cadc,0.025327387239941,0.0253310876135107,0.0,0.0,2,0.1428571428571428,2.896873370764152,0.074658200101112,0.0,0.0,2.391858513621295,0.3464167985531392,0.2918407965898679,0.2973895740386738,0.5050148571428572,near_tie,10018
linucb,0.0705686388246447,0.0702521764979793,0.0,0.0,79,5.642857142857143,2.7874040369003703,0.0837962001241976,0.0,0.0,2.304791465471799,5.73694746468936,5.720790986754313,5.721485117726075,0.48261257142857117,near_tie,10018
offline_historical,0.0228953806016921,0.0224442809589012,0.0,0.0,0,0.0,2.693313715068156,0.0471388999430928,0.0,0.0,2.155713715068156,0.0,0.0,0.0,0.5376000000000003,near_tie,10018
sticky,0.0325828392646139,0.0323049611577007,0.0,0.0,15,1.0714285714285716,2.8051667674955207,0.0749581998534267,0.0,0.0,2.306261624638378,1.1832816238559367,1.1624950395506168,1.1789118595121817,0.4989051428571427,near_tie,10018
uncertainty_aware,0.0300801064180567,0.0300317704999981,0.0,0.0,11,0.7857142857142857,2.818098174285496,0.0936291998805245,0.0,0.0,2.33729588857121,0.9104987449316256,0.8621670979637464,0.8825808909439874,0.48080228571428574,near_tie,10018
always_afdm,0.1090772642044987,0.1001950675508111,0.0114583333333333,0.475,0,0.0,12.023408106097335,0.0196120998298283,0.9821428571428572,8.142857142857144,2.3879623918116204,3.217056414049708,-0.2153042032232868,0.605126377694674,0.5104457142857131,near_tie,10019
always_ofdm,0.1077247445822982,0.1033874657104197,0.0111979166666666,0.5,0,0.0,12.406495885250374,0.0254853999504121,0.9598214285714286,8.571428571428571,2.473417313821802,3.6001441932027465,-0.3776065578873506,0.2928500105034537,0.4018285714285721,near_tie,10019
always_otfs,0.1018514520730637,0.0946337774949737,0.0100260416666666,0.45,0,0.0,11.35605329939685,0.0201167000777786,0.859375,7.714285714285715,2.244792585111135,2.5497016073492222,-1.0824016589954937,0.1847856257954596,0.5375999999999994,near_tie,10019
block,0.1130545753608785,0.1032759135935219,0.0104166666666666,0.45,14,1.0,11.39310963122263,0.0350513000594219,0.8928571428571429,7.714285714285715,2.302675345508344,3.586757939175005,0.2619731355422878,1.3828917285912414,0.4832914285714289,near_tie,10019
cadc,0.1086578756079828,0.099670541249803,0.0109375,0.4666666666666667,2,0.1428571428571428,11.817607807119224,0.0791653000342194,0.9375,8.000000000000002,2.375092949976365,3.1541132579287385,-0.2656308348051972,0.5580475023403935,0.5050148571428568,near_tie,10019
linucb,0.1515522549416461,0.1469905936178845,0.0110677083333333,0.4833333333333333,78,5.571428571428572,12.067442662717577,0.0975572999741416,0.9486607142857144,8.285714285714286,2.349097377003289,8.83251954209852,4.881694685234397,5.80372602119372,0.4839702857142876,near_tie,10019
offline_historical,0.1018514520730637,0.0946337774949737,0.0100260416666666,0.45,0,0.0,11.35605329939685,0.0506171999440994,0.859375,7.714285714285715,2.244792585111135,2.5497016073492222,-1.0824016589954937,0.1847856257954596,0.5375999999999994,near_tie,10019
sticky,0.1185158877076471,0.1098838592654948,0.0096354166666666,0.475,19,1.3571428571428572,11.82892025471652,0.0942575000226497,0.8258928571428572,8.142857142857144,2.407879969002233,4.37971141981175,0.9173306171545228,1.7813953125966275,0.4522902857142852,near_tie,10019
uncertainty_aware,0.1198913160595986,0.1138578112356319,0.0106770833333333,0.475,24,1.7142857142857146,11.948651633990115,0.1095874998136423,0.9151785714285716,8.142857142857144,2.4419462054186862,4.856585656228203,1.082382019388696,2.022642058864649,0.4486697142857139,near_tie,10019
always_afdm,0.3624262689428039,0.3557685384727695,0.2638020833333333,1.0,0,0.0,42.69222461673235,0.0159796999796526,22.611607142857142,17.142857142857142,2.427314616732342,0.7067928267898864,0.0405020971729186,0.2216544562407989,0.5104457142857197,near_tie,10020
always_ofdm,0.3629622293078484,0.3675701053805126,0.2811197916666667,1.0,0,0.0,44.10841264566152,0.0249333998654037,24.095982142857142,17.142857142857142,2.4677447885186554,2.1229808557190566,0.1048173409782649,0.1325231076492912,0.40182857142857653,near_tie,10020
always_otfs,0.3620887514663629,0.3586562608350217,0.2703125,1.0,0,0.0,43.038751300202605,0.0185774001147365,23.169642857142858,17.142857142857142,2.188651300202599,1.0533195102601454,0.0,0.0,0.5376000000000065,near_tie,10020
block,0.3717077851007808,0.3700459751669908,0.2729166666666666,1.0,14,1.0,43.40551702003889,0.0292036001337692,23.392857142857142,17.142857142857142,2.386511305753175,2.420085230096433,1.15428403613015,0.9788552899796984,0.48329142857143337,near_tie,10020
cadc,0.3632199936898678,0.3566100925475927,0.263671875,1.0,2,0.1428571428571428,42.650353962853984,0.0853583999996772,22.60044642857143,17.142857142857142,2.4020355342825552,0.8077793157686699,0.135749066820594,0.3373659543118137,0.5050148571428559,near_tie,10020
linucb,0.4075337845642638,0.4054026837581036,0.2703125,1.0,77,5.5,43.14832205097243,0.0861174997990019,23.169642857142858,17.142857142857142,2.34709976525814,6.662890261029972,5.453403971748109,5.627260413689093,0.4887222857142919,near_tie,10020
offline_historical,0.3620887514663629,0.3586562608350217,0.2703125,1.0,0,0.0,43.038751300202605,0.0469524999643908,23.169642857142858,17.142857142857142,2.188651300202599,1.0533195102601454,0.0,0.0,0.5376000000000065,near_tie,10020
sticky,0.3729261495888926,0.3738688284201006,0.27578125,1.0,17,1.2142857142857144,43.64997369612637,0.0826371999137336,23.638392857142858,17.142857142857142,2.391315696126365,2.8788276204696217,1.3004877747035692,1.3354091251743938,0.4774080000000014,near_tie,10020
uncertainty_aware,0.3763553738062482,0.3770627112033535,0.275390625,1.0,23,1.6428571428571432,43.60466820154527,0.1050571998057421,23.604910714285715,17.142857142857142,2.365462630116698,3.262093554459959,1.7119946807862334,1.935145693215276,0.4914377142857176,near_tie,10020
always_afdm,0.1806728383870832,0.1835460486951708,0.0684895833333333,0.7666666666666667,0,0.0,22.0255258434205,0.0173822999640833,5.870535714285714,13.142857142857146,2.4314701291347807,2.5495847250376507,0.2056647134019016,0.3203010113261371,0.5806628571428578,slow_change,10201
always_ofdm,0.19296860577839,0.1869277597486043,0.0673177083333333,0.8,0,0.0,22.431331169832525,0.0281908000470139,5.770089285714287,13.714285714285715,2.4749104555468078,2.955390051449676,1.6811568003587247,1.6906979533875344,0.47204571428571374,slow_change,10201
always_otfs,0.1789589657754006,0.1691804151603674,0.0670572916666666,0.6833333333333333,0,0.0,20.301649819244087,0.0209379000880289,5.747767857142858,11.714285714285715,2.231779104958365,0.825708700861238,0.0,0.0,0.607817142857149,slow_change,10201
block,0.1952998030210913,0.1907074567648417,0.0673177083333333,0.7666666666666667,14,1.0,21.884894811781,0.0312568000372266,5.770089285714287,13.142857142857146,2.427491240352428,3.408953693398153,1.9609004694828835,2.178877994252481,0.5444571428571368,slow_change,10201
cadc,0.1834714481111462,0.1851913723159969,0.0694010416666666,0.7666666666666667,2,0.1428571428571428,22.080107535062496,0.0828471998829627,5.948660714285714,13.142857142857146,2.413357677919636,2.747023559536789,0.5414978802894659,0.6863115719225412,0.5752319999999984,slow_change,10201
linucb,0.2151356260976562,0.2099773728246272,0.0673177083333333,0.7166666666666667,59,4.214285714285715,20.982999024669557,0.0892698999814456,5.770089285714287,12.285714285714286,2.359430881812409,5.721343620572419,4.341199238670665,4.424970128166095,0.5677645714285728,slow_change,10201
offline_historical,0.1930332400396332,0.1857581406795792,0.0682291666666666,0.6916666666666667,24,1.7142857142857144,20.5766911672638,0.0447260999499121,5.848214285714287,11.85714285714286,2.2739260244066517,2.8150357631666623,1.6889129117079094,1.8777662275962967,0.5974080000000002,slow_change,10201
sticky,0.2066232521401792,0.205248295714052,0.069140625,0.75,41,2.928571428571429,21.701224057114818,0.0772443000605562,5.926339285714287,12.857142857142858,2.3386630571148133,5.153854367303399,3.319714363773425,3.2292306510154027,0.5790788571428584,slow_change,10201
uncertainty_aware,0.2045712464998498,0.2017939188888948,0.0696614583333333,0.7333333333333333,38,2.7142857142857144,21.500984552381677,0.0928818999236682,5.970982142857143,12.571428571428571,2.390809266667381,4.739329148284533,3.073473686933898,3.052259345701742,0.5677645714285826,slow_change,10201
always_afdm,0.1397204358598147,0.1371414260810607,0.0466145833333333,0.55,0,0.0,16.456971129727282,0.0187274000491015,3.9955357142857135,9.42857142857143,2.4522011297272805,0.956664872171718,0.5172346038701576,0.522137702200336,0.5806628571428578,slow_change,10202
always_ofdm,0.1446941261008092,0.1441333192116133,0.051171875,0.5833333333333334,0,0.0,17.295998305393603,0.0236163998779375,4.386160714285714,10.0,2.437791876822174,1.7956920478380385,1.1140774327895002,1.2455941088740197,0.47204571428571374,slow_change,10202
always_otfs,0.13541014749423,0.1330554620425646,0.0481770833333333,0.525,0,0.0,15.966655445107753,0.0221020998578751,4.129464285714286,9.000000000000002,2.229374016536321,0.4663491875521881,0.0,0.0,0.6078171428571433,slow_change,10202
block,0.1497476517310275,0.1472719212779116,0.050390625,0.55,14,1.0,16.6726305533494,0.0309674999443814,4.319196428571429,9.42857142857143,2.37135412477797,2.172324295793836,1.7205005084157,1.88171140068145,0.5535085714285706,slow_change,10202
cadc,0.1393323481985529,0.1379396435770021,0.0479166666666666,0.5416666666666666,3,0.2142857142857143,16.33847151495454,0.0813776001014048,4.107142857142858,9.285714285714286,2.361104657811681,1.052450971684692,0.4706640845187486,0.4767790321684515,0.5845097142857161,slow_change,10202
linucb,0.187927527449613,0.1885884007264305,0.0510416666666666,0.55,83,5.928571428571429,16.702036658600235,0.0902496999478899,4.375,9.42857142857143,2.3429200871716613,7.130301829616101,6.302085594645963,6.243382810257902,0.5555451428571434,slow_change,10202
offline_historical,0.1605716019392037,0.1556582348734773,0.046875,0.525,39,2.785714285714286,15.893273899102992,0.0519325000495882,4.017857142857143,9.000000000000002,2.2807241848172755,3.1786819272617137,3.0193745333968387,3.0296693032384177,0.5946925714285705,slow_change,10202
sticky,0.1507891466726654,0.1478285387111509,0.0494791666666666,0.55,16,1.142857142857143,16.59656750248098,0.0846210000745486,4.241071428571429,9.42857142857143,2.372510931052404,2.239118387782554,1.845479901412244,1.901260722408072,0.5544137142857162,slow_change,10202
uncertainty_aware,0.1585157348869031,0.1532927476903585,0.048828125,0.55,25,1.785714285714286,16.60941543712874,0.0967606999329291,4.185267857142858,9.42857142857143,2.439804722843024,2.894823465287459,2.772670487120763,2.738770845472356,0.5557714285714264,slow_change,10202
always_afdm,0.1919019681915709,0.191209577093726,0.0626302083333333,0.85,0,0.0,22.945149251247127,0.0156534000852843,5.368303571428572,14.571428571428577,2.424754251247123,1.4054583084831158,-0.0195351944503947,0.1702929930797694,0.5806628571428543,slow_change,10203
always_ofdm,0.2102630033161752,0.2101591735912298,0.0736979166666666,0.9333333333333332,0,0.0,25.219100830947585,0.0232894999207928,6.316964285714287,16.000000000000004,2.4300908309475795,3.679409888183571,2.183789020502129,2.581307859311014,0.4720457142857142,slow_change,10203
always_otfs,0.1910192786475052,0.1918739334327446,0.0671875,0.8416666666666667,0,0.0,23.02487201192935,0.0160222000267822,5.758928571428572,14.428571428571432,2.229554869072208,1.485181069165339,-0.1254579397382791,0.1190326361965965,0.6078171428571371,slow_change,10203
block,0.208020972602059,0.2098694296283152,0.0690104166666666,0.8916666666666667,14,1.0,24.184331555397826,0.0741701000515604,5.915178571428572,15.285714285714288,2.429930126826391,3.644640612633815,1.9147453348081849,2.095369136981464,0.5535085714285737,slow_change,10203
cadc,0.195282518955557,0.1940558709388834,0.0649739583333333,0.85,2,0.1428571428571428,23.143847369808867,0.0770762000320246,5.569196428571429,14.571428571428577,2.4279903698088643,1.747013569902002,0.3861308972279396,0.4990516726053791,0.5752319999999957,slow_change,10203
linucb,0.2433440596569104,0.2499931368288644,0.0721354166666666,0.8833333333333333,81,5.785714285714286,24.21346213374945,0.0797935000882716,6.183035714285714,15.142857142857146,2.328629848035164,8.459485476699726,6.153515781390343,6.518164557683964,0.5589394285714233,slow_change,10203
offline_historical,0.2105734551891916,0.2132978074531796,0.069921875,0.8416666666666667,32,2.285714285714286,23.310022608667268,0.044139699981315,5.993303571428572,14.428571428571432,2.287571608667263,4.056045951617541,2.2210432452640987,2.418006826919654,0.6005759999999993,slow_change,10203
sticky,0.2138272027145344,0.2175387931675191,0.0696614583333333,0.8583333333333333,35,2.5000000000000004,23.6046551801023,0.074645399916335,5.970982142857143,14.714285714285715,2.3534330372451504,4.564964237338284,2.6114929483052265,3.084655435280329,0.5659542857142905,slow_change,10203
uncertainty_aware,0.2120863146982187,0.2143457016253295,0.06640625,0.8666666666666667,31,2.2142857142857144,23.50719848075383,0.0936789000115823,5.691964285714287,14.85714285714286,2.38715876646811,4.181793252275533,2.402586386347341,2.715511666123845,0.5709325714285707,slow_change,10203
always_afdm,0.2134636627911437,0.2136872803335547,0.0811197916666666,0.9166666666666666,0,0.0,25.64247364002657,0.0213028001162456,6.953125,15.714285714285715,2.394400068597996,0.8259805234388757,0.20514523669042,0.3347299206370593,0.5806628571428583,slow_change,10204
always_ofdm,0.2264770962006659,0.2268462298351441,0.0872395833333333,0.9833333333333332,0,0.0,27.22154758021729,0.0260172999551286,7.477678571428572,16.857142857142858,2.4146804373601505,2.4050544636296003,1.7667572458330767,1.9350342056485843,0.4720457142857093,slow_change,10204
always_otfs,0.2117541191520569,0.2162189983055824,0.078125,0.9583333333333334,0,0.0,25.94627979666989,0.0177255999587941,6.696428571428572,16.42857142857143,2.2134626538127486,1.1297866800822014,0.0,0.0,0.6078171428571393,slow_change,10204
block,0.2265060730064794,0.2251775389313006,0.0834635416666666,0.9333333333333332,14,1.0,26.02130467175607,0.0300591000996064,7.154017857142858,16.000000000000004,2.313778243184641,2.20481155516838,1.770234462530702,1.702449374988909,0.5535085714285679,slow_change,10204
cadc,0.2182970309394531,0.216907974465293,0.082421875,0.925,2,0.1428571428571428,25.886099792978012,0.0836583000491373,7.064732142857143,15.85714285714286,2.388992792978013,1.2124638192474675,0.7851494144875453,0.8187058529129949,0.5752319999999971,slow_change,10204
linucb,0.2594153408705123,0.2634458982745455,0.0815104166666666,0.9583333333333334,74,5.285714285714287,26.32779350723117,0.0945395999005995,6.986607142857143,16.42857142857143,2.35254407865974,6.797014676357769,5.71934660621465,5.904687674464974,0.5600708571428576,slow_change,10204
offline_historical,0.235956193951955,0.2419016543106993,0.080859375,0.9583333333333334,39,2.785714285714286,26.24248423156963,0.0509620000084396,6.930803571428572,16.42857142857143,2.286153802998199,4.211705400696225,2.9042489759877697,2.860537222039664,0.5969554285714276,slow_change,10204
sticky,0.2240785562745446,0.2290685995374056,0.0833333333333333,0.9416666666666668,18,1.285714285714286,26.20251765877439,0.0892300999694271,7.142857142857143,16.142857142857146,2.357637658774389,2.671738827900981,1.4789324546985227,1.6778245699179417,0.5591657142857129,slow_change,10204
uncertainty_aware,0.2330647120531586,0.232385233241487,0.0802083333333333,0.9416666666666668,27,1.9285714285714288,25.95765656040701,0.1036066000961,6.875,16.142857142857146,2.3727137032641497,3.0697348723907467,2.5572711481322017,2.6234372629749245,0.5670857142857142,slow_change,10204
always_afdm,0.1884574438221725,0.1967419749917577,0.0604166666666666,0.9,0,0.0,23.60903699901093,0.0143221998878289,5.178571428571429,15.42857142857143,2.4212312847252115,2.691065523557402,0.5303327879745972,0.8670033645911133,0.5806628571428596,slow_change,10205
always_ofdm,0.1941158885174285,0.1962640950217219,0.058984375,0.9083333333333332,0,0.0,23.55169140260663,0.0218029001553077,5.055803571428572,15.571428571428571,2.4524135454637706,2.633719927153102,1.209346151405324,1.2547225401289277,0.4720457142857142,slow_change,10205
always_otfs,0.1825636911489561,0.1860601590015151,0.0522135416666666,0.875,0,0.0,22.327219080181813,0.0156039999274071,4.475446428571429,15.000000000000002,2.243955508753238,1.4092476047282858,-0.1769175328113625,0.0578794028050957,0.6078171428571424,slow_change,10205
block,0.1988866837910338,0.1989374567947257,0.0571614583333333,0.875,14,1.0,22.87249481536709,0.0300323998962994,4.899553571428572,15.000000000000002,2.4194326725099424,2.954523339913564,1.781841584237963,1.7773830946851028,0.5535085714285737,slow_change,10205
cadc,0.1909181379921196,0.1953244171226668,0.0600260416666666,0.8833333333333333,2,0.1428571428571428,23.29607291186288,0.0741023001319263,5.145089285714287,15.142857142857146,2.4328944832914496,2.520958579266498,0.8256160883682497,1.1922376734423743,0.5752319999999953,slow_change,10205
linucb,0.233610504897077,0.2433310857159664,0.0608072916666666,0.9166666666666666,75,5.357142857142858,23.842587428773108,0.081078100047307,5.212053571428572,15.714285714285715,2.374959000201676,8.281758810462442,5.948700116963138,6.045434922235419,0.5412891428571434,slow_change,10205
offline_historical,0.1953498068194431,0.196491898086335,0.05234375,0.8583333333333333,21,1.5000000000000004,22.0790277703602,0.0421544999844627,4.486607142857143,14.714285714285715,2.2884206275030547,2.661056294906672,1.357416347647078,1.5456881471642951,0.5897142857142863,slow_change,10205
sticky,0.201691247382332,0.2009149873531617,0.0536458333333333,0.8666666666666667,25,1.7857142857142858,22.32408419666512,0.0755627999606076,4.598214285714286,14.85714285714286,2.299831053807976,3.191827006925884,2.118389215193737,2.307786464664236,0.5688959999999987,slow_change,10205
uncertainty_aware,0.2092834824012651,0.219007031999633,0.0588541666666666,0.9416666666666668,30,2.1428571428571432,24.137986697098818,0.0945162000862183,5.044642857142858,16.142857142857146,2.391773554241674,5.3628723645024365,3.0294574174657107,3.1523667623698266,0.5587131428571399,slow_change,10205
always_afdm,0.1849281745385122,0.1879235577633368,0.0694010416666666,0.7916666666666666,0,0.0,22.55082693160042,0.0168663999647833,5.948660714285714,13.571428571428571,2.4500747887432746,1.3865050927764455,0.2275118464168386,0.7043041820941838,0.5806628571428578,slow_change,10206
always_ofdm,0.2129630005227913,0.2193624356969787,0.0834635416666666,0.95,0,0.0,26.32349228363744,0.026580100035062,7.154017857142858,16.28571428571429,2.4117144264945827,5.159170444813469,3.5916909645303363,3.901988993465935,0.4720457142857102,slow_change,10206
always_otfs,0.1830322424850385,0.1869974899898009,0.0670572916666666,0.8083333333333333,0,0.0,22.439698798776107,0.0185026000690413,5.747767857142858,13.85714285714286,2.226970941633244,1.2753769599521334,0.0,0.0,0.6078171428571455,slow_change,10206
block,0.2041146396973884,0.2087742836903292,0.0747395833333333,0.8583333333333333,14,1.0,24.052914042839504,0.0305351999995764,6.40625,14.714285714285715,2.3879211856966416,3.8885922040155303,2.52988766548199,2.8737048552365785,0.544457142857147,slow_change,10206
cadc,0.19307141310497,0.1996098772681869,0.0723958333333333,0.85,2,0.1428571428571428,23.81032812932529,0.086973800061969,6.205357142857143,14.571428571428577,2.458310415039575,2.788863433358461,1.2047004743917853,1.5376242979380734,0.5752319999999944,slow_change,10206
linucb,0.2343221767871304,0.2426886022243443,0.0766927083333333,0.825,77,5.5,23.622632266921315,0.0887413997552357,6.573660714285714,14.142857142857144,2.350569266921309,7.958310428097342,6.154792116251024,6.613709143820973,0.5555451428571461,slow_change,10206
offline_historical,0.2056578714329848,0.2132778316061773,0.071484375,0.8166666666666667,36,2.571428571428572,23.02191122131271,0.0483877000078791,6.127232142857143,14.000000000000002,2.2977236498841367,4.42901795391731,2.7150754737535507,2.760260891498099,0.5969554285714289,slow_change,10206
sticky,0.2052735267303954,0.2070397982020792,0.0700520833333333,0.8166666666666667,27,1.9285714285714288,22.91620435567808,0.0870801999844843,6.004464285714287,14.000000000000002,2.3636623556780743,3.680453945425533,2.668954109442822,2.7028301825893024,0.5480777142857152,slow_change,10206
uncertainty_aware,0.2127416741201438,0.2160777975894188,0.07109375,0.8333333333333334,37,2.6428571428571432,23.28647856787311,0.100516699894797,6.09375,14.285714285714286,2.349658853587393,4.765013871906284,3.565131796212629,4.047254574643137,0.5573554285714315,slow_change,10206
always_afdm,0.1766030195995598,0.1769337673167297,0.0677083333333333,0.725,0,0.0,21.23205207800757,0.0144313999044243,5.803571428571429,12.42857142857143,2.4192463637218515,2.1823252367935595,0.1681651559302075,0.0809058108972351,0.5806628571428587,slow_change,10207
always_ofdm,0.2186917801547122,0.2135229994722732,0.075390625,0.95,0,0.0,25.62275993667279,0.0236453000106848,6.462053571428572,16.28571428571429,2.402946365244217,6.573033095458779,5.218816422548503,5.120070913450352,0.47204571428571107,slow_change,10207
always_otfs,0.1757411361156242,0.1668939508644803,0.0626302083333333,0.6916666666666667,0,0.0,20.02727410373764,0.0172021998587297,5.368303571428572,11.85714285714286,2.194010532309061,0.9775472625236254,0.0647391378579449,0.0067740556612605,0.6078171428571459,slow_change,10207
block,0.2013602095699531,0.1924204235823582,0.0677083333333333,0.7833333333333333,14,1.0,22.09045082988299,0.026828500063857,5.803571428571429,13.42857142857143,2.312040544168698,4.040723988668979,3.139027952377408,3.1398596348233347,0.5462674285714302,slow_change,10207
cadc,0.1850434705568767,0.1830687621069463,0.0682291666666666,0.7583333333333333,2,0.1428571428571428,21.825394309976417,0.0750311000010697,5.848214285714287,13.0,2.401948024262131,2.918524611619553,1.181019270808246,0.9923691147128012,0.575231999999998,slow_change,10207
linucb,0.2316761770858603,0.227418650864677,0.0677083333333333,0.7583333333333333,78,5.571428571428571,21.718809532332678,0.0789812999137211,5.803571428571429,13.0,2.35426210376124,8.240511262547233,6.776944054286279,6.919582747272791,0.560976000000009,slow_change,10207
offline_historical,0.1847606314061675,0.178406932991898,0.0651041666666666,0.7,13,0.9285714285714286,20.480260530456334,0.0421321999747306,5.580357142857143,12.000000000000002,2.3040793875991925,2.3591051178137548,1.1470785727231316,0.972405552249768,0.5958239999999977,slow_change,10207
sticky,0.1928374980971159,0.1875742181933159,0.0627604166666666,0.7416666666666667,22,1.5714285714285716,20.937477611769346,0.0770257999101886,5.379464285714287,12.714285714285715,2.267364183197916,3.459179341983905,2.116302575636947,2.132742578874989,0.5763634285714261,slow_change,10207
uncertainty_aware,0.2029223889676408,0.1926886346318283,0.0638020833333333,0.7166666666666667,35,2.5000000000000004,20.6226361558194,0.0916956000437494,5.46875,12.285714285714286,2.292939870105114,4.07290931460539,3.3264894800999336,3.255653657572715,0.5752319999999997,slow_change,10207
always_afdm,0.15955973955134,0.1588207978033265,0.0669270833333333,0.6,0,0.0,19.058495736399188,0.0157061003556009,5.736607142857143,10.285714285714286,2.4555114506849005,0.9095808805634036,0.4019871832752457,0.2392766079961177,0.5806628571428583,slow_change,10208
always_ofdm,0.1801404646395786,0.1831980439981144,0.07421875,0.7416666666666667,0,0.0,21.98376527977373,0.0244461999827763,6.361607142857143,12.714285714285715,2.43582670834516,3.8348504239379473,2.871674193863875,2.8189226249929007,0.47204571428571374,slow_change,10208
always_otfs,0.1562098463573797,0.1557420154602461,0.0654947916666666,0.6,0,0.0,18.68904185522954,0.0181452001997968,5.613839285714287,10.285714285714286,2.1816711409438243,0.5401269993937561,0.0,0.0,0.6078171428571411,slow_change,10208
block,0.1730181182502185,0.171324485427683,0.0692708333333333,0.625,14,1.0,19.55893825132196,0.0263077998097287,5.9375,10.714285714285715,2.353643965607673,2.410023395486178,2.016992627140666,1.8270695476697512,0.5535085714285701,slow_change,10208
cadc,0.1619522447339466,0.1614866974742679,0.0678385416666666,0.6083333333333333,2,0.1428571428571428,19.235546554055013,0.0783818998024798,5.814732142857143,10.42857142857143,2.417010982626438,1.2294888410763676,0.6890878051880378,0.6305763931211246,0.575232000000002,slow_change,10208
linucb,0.2134795854989046,0.213551438219742,0.0669270833333333,0.6416666666666667,84,6.0,19.62617258636904,0.0803727999300463,5.736607142857143,11.000000000000002,2.332662586369038,7.477257730533257,6.872368696982996,6.965101347163532,0.5569028571428589,slow_change,10208
offline_historical,0.174548174866355,0.175462846859871,0.0670572916666666,0.6,30,2.1428571428571432,18.912684480327385,0.0437474999198457,5.747767857142858,10.285714285714286,2.2829257660416657,2.9066267673487403,2.2005994210770474,2.227975146351689,0.5962765714285756,slow_change,10208
sticky,0.1761764493493103,0.1748599498045902,0.068359375,0.6166666666666667,22,1.5714285714285716,19.41176540512225,0.0805612000694964,5.859375,10.571428571428571,2.427226976550819,2.8342791207150384,2.3959923590316734,2.4000536812832785,0.5537348571428593,slow_change,10208
uncertainty_aware,0.1763287172904682,0.1749950190545182,0.0673177083333333,0.6,28,2.0,18.999402286542196,0.0973055001086322,5.770089285714287,10.285714285714286,2.371082143685047,2.8504874307064085,2.4142645119706323,2.4159709976722787,0.5725165714285745,slow_change,10208
always_afdm,0.1594475748806738,0.1604639619282077,0.0588541666666666,0.6583333333333333,0,0.0,19.255675431384923,0.0173131000628927,5.044642857142858,11.285714285714286,2.3446554313849206,1.892245473154901,0.373953384880668,0.559039179741152,0.5806628571428578,slow_change,10209
always_ofdm,0.1917817449466703,0.1867514950895615,0.066796875,0.8083333333333333,0,0.0,22.41017941074739,0.0246433999272994,5.725446428571429,13.85714285714286,2.355544410747385,5.046749452517368,4.254053792800249,4.20941304528467,0.4720457142857142,slow_change,10209
always_otfs,0.1563312966733349,0.1456541306844655,0.0559895833333333,0.575,0,0.0,17.478495682135865,0.0176804998627631,4.799107142857143,9.857142857142858,2.214428539278717,0.1150657239058432,0.0,0.0,0.6078171428571477,slow_change,10209
block,0.1815182550332357,0.178785018286196,0.0618489583333333,0.7166666666666667,14,1.0,20.45420219434353,0.0291841999423922,5.301339285714287,12.285714285714286,2.3136400514863857,4.090772236113509,3.022435003188093,2.855140963049724,0.5535085714285697,slow_change,10209
cadc,0.1661538909671691,0.1631553666981272,0.0595052083333333,0.6666666666666666,2,0.1428571428571428,19.43578686091813,0.0802747999841813,5.100446428571429,11.428571428571429,2.331537003775274,2.2152140455452525,1.178711315260106,1.248634122127207,0.5752320000000002,slow_change,10209
linucb,0.2091559714546898,0.1971213831225923,0.0565104166666666,0.6166666666666667,76,5.428571428571429,18.225994546139653,0.0838375999883282,4.84375,10.571428571428571,2.243277688996792,6.291136016481062,6.338960973762585,6.27049896029763,0.5675382857142894,slow_change,10209
offline_historical,0.1723912993347497,0.1601004441845207,0.0536458333333333,0.575,27,1.9285714285714288,17.28348187357106,0.0464613000658573,4.598214285714286,9.857142857142858,2.229585302142486,1.8486233439124649,1.9272003193697775,2.03747005749268,0.5985394285714309,slow_change,10209
sticky,0.1737959518572576,0.169439885776264,0.0600260416666666,0.6166666666666667,25,1.785714285714286,18.5470720074374,0.0804267000203253,5.145089285714287,10.571428571428571,2.2704832931516834,2.969356334921663,2.095758622070722,2.3220706821434547,0.5600708571428572,slow_change,10209
uncertainty_aware,0.1840403411621029,0.1743306864912842,0.0579427083333333,0.6083333333333333,37,2.6428571428571432,18.27682523609696,0.0943346999411005,4.966517857142858,10.42857142857143,2.3033359503826745,3.556252420724085,3.325085338652162,3.368306400251836,0.5783999999999985,slow_change,10209
always_afdm,0.1420046089819976,0.1439187897234887,0.0502604166666666,0.5833333333333334,0,0.0,17.270254766818653,0.0142877998878248,4.308035714285714,10.0,2.3815561953900803,1.7106449025348986,0.1301293119476199,0.2749119740144223,0.5806628571428569,slow_change,10210
always_ofdm,0.1525233305119491,0.1456517989090255,0.0486979166666666,0.6083333333333333,0,0.0,17.478215869083062,0.0234635001252172,4.174107142857143,10.42857142857143,2.4034915833687758,1.918606004799308,1.3923758955417966,1.3405897297784115,0.4720457142857133,slow_change,10210
always_otfs,0.1409201980491008,0.1434681072601304,0.0485677083333333,0.6,0,0.0,17.216172871215647,0.0168155999708687,4.162946428571429,10.285714285714286,2.15969501407279,1.6565630069318935,0.0,0.0,0.607817142857142,slow_change,10210
block,0.1535188877815439,0.1507461250387167,0.0473958333333333,0.5916666666666667,14,1.0,17.08953500464601,0.0271468999853823,4.0625,10.142857142857144,2.339720718931722,2.529925140362256,1.511842767893178,1.4450571104367782,0.5444571428571434,slow_change,10210
cadc,0.145783988458813,0.1439642879484392,0.0520833333333333,0.5666666666666667,2,0.1428571428571428,17.132857410955562,0.0682884999114321,4.464285714285714,9.714285714285715,2.379053982384133,1.716104689528951,0.5836548491654661,0.5983074121975207,0.5752319999999989,slow_change,10210
linucb,0.1953868740861798,0.1968417570859238,0.0473958333333333,0.6166666666666667,86,6.142857142857142,17.47815370745372,0.0767947000276763,4.0625,10.571428571428571,2.2895851360251487,8.061400986027113,6.536001124449481,6.535921292387734,0.5546400000000014,slow_change,10210
offline_historical,0.1522284286357516,0.1518759766498089,0.0459635416666666,0.5916666666666667,19,1.3571428571428574,16.867974340834216,0.0395970001554815,3.9397321428571432,10.142857142857144,2.194539340834214,2.66550733369332,1.3569876703981016,1.4447370648931894,0.5908457142857158,slow_change,10210
sticky,0.1588475722443673,0.1569728867172531,0.0494791666666666,0.5916666666666667,22,1.5714285714285718,17.265317834641806,0.06953299997258,4.241071428571429,10.142857142857144,2.3376109774989486,3.277136541786625,2.1512849034319785,2.098767742566988,0.5437782857142843,slow_change,10210
uncertainty_aware,0.1629730970625557,0.157994515344487,0.0458333333333333,0.575,32,2.2857142857142865,16.673627555624158,0.0828584002010757,3.928571428571429,9.857142857142858,2.334630984195585,3.3997319770546888,2.6463478816145845,2.604548160196991,0.5532822857142867,slow_change,10210
always_afdm,0.1364518639538204,0.1398213123613921,0.046484375,0.575,0,0.0,16.77855748336706,0.015454599953955,3.984375,9.857142857142858,2.356376769081341,1.2993606875060024,0.0618506671275405,0.0811306308739894,0.5806628571428609,slow_change,10211
always_ofdm,0.1486474745100428,0.1481684287919097,0.0485677083333333,0.625,0,0.0,17.780211455029168,0.0252558999491157,4.162946428571429,10.714285714285715,2.430933597886307,2.3010146591681107,1.5253239338742297,1.7989065756497489,0.4720457142857164,slow_change,10211
always_otfs,0.1359364417277575,0.1356599460191513,0.0483072916666666,0.5416666666666666,0,0.0,16.279193522298154,0.01767650002148,4.140625,9.285714285714286,2.245037093726722,0.7999967264370973,0.0,0.0,0.6078171428571459,slow_change,10211
block,0.1475086755393026,0.1482463674522374,0.0470052083333333,0.575,14,1.0,16.789564094268492,0.0292341000167652,4.029017857142858,9.857142857142858,2.3571359514113497,2.310367298407435,1.3886680573854129,1.5573619556278937,0.5462674285714271,slow_change,10211
cadc,0.140230520282538,0.1411719595445708,0.0481770833333333,0.5666666666666667,2,0.1428571428571428,16.797778002491356,0.0771752000873675,4.129464285714286,9.714285714285715,2.378796002491355,1.4614383494874446,0.5152894265736592,0.5962424636047494,0.5752320000000006,slow_change,10211
linucb,0.1802550619592561,0.184384492500074,0.0505208333333333,0.5833333333333334,69,4.928571428571429,17.197567671437454,0.0836636000312864,4.330357142857143,10.0,2.313701957151738,6.646942304147824,5.318234427779832,5.365904594217437,0.5535085714285741,slow_change,10211
offline_historical,0.1547664182812794,0.1540935098124023,0.0471354166666666,0.55,30,2.1428571428571432,16.348364034631132,0.0430680002173176,4.040178571428572,9.42857142857143,2.284016320345418,3.0120243816272207,2.2595971864226243,2.249534586051734,0.5955977142857103,slow_change,10211
sticky,0.1554914609285795,0.1606012427145565,0.0479166666666666,0.6,28,2.0,17.272149125746786,0.0859894000313943,4.107142857142858,10.285714285714286,2.328046268603927,3.792952329885729,2.3466023040986386,2.4916502718643976,0.5512457142857148,slow_change,10211
uncertainty_aware,0.1594996264144281,0.1634152903807117,0.0481770833333333,0.6083333333333333,30,2.1428571428571432,17.46697770282826,0.089332300107344,4.129464285714286,10.42857142857143,2.3524917028282584,4.1306380498243485,2.827582162400468,2.7655135813593645,0.5564502857142859,slow_change,10211
always_afdm,0.1667484868785654,0.1637224075850307,0.047265625,0.7333333333333333,0,0.0,19.64668891020369,0.0147986001538811,4.051339285714286,12.571428571428571,2.443258195917968,1.6859329737139177,0.342997448480915,0.0764511383576405,0.5806628571428658,slow_change,10212
always_ofdm,0.2079999318899396,0.2062881961176136,0.066796875,0.9416666666666668,0,0.0,24.75458353411364,0.0217852999630849,5.725446428571429,16.142857142857146,2.4142342483993504,6.793827597623871,5.293170849845826,4.963081138090043,0.4720457142857155,slow_change,10212
always_otfs,0.1630492264172483,0.171735509075562,0.05234375,0.775,0,0.0,20.60826108906744,0.0159907000488601,4.486607142857143,13.285714285714288,2.2281225176388664,2.647505152577672,-0.1009138068771378,0.0049462391203647,0.6078171428571433,slow_change,10212
block,0.1924734082789169,0.1960459423860433,0.0576822916666666,0.8583333333333333,14,1.0,22.5255130863252,0.0264343999151606,4.944196428571429,14.714285714285715,2.320763514896624,5.56475714983543,3.4299880165230974,2.898567137593588,0.5462674285714351,slow_change,10212
cadc,0.1738291687578156,0.1683524900691045,0.0489583333333333,0.75,2,0.1428571428571428,20.059441665435404,0.0724706999608315,4.196428571428572,12.857142857142858,2.4306382368639734,2.2415428718027783,1.192679273990933,0.6872160616689413,0.5752320000000002,slow_change,10212
linucb,0.2174189233136496,0.2276484844869765,0.0587239583333333,0.8333333333333334,72,5.142857142857143,22.17496099558004,0.0743552999483654,5.033482142857143,14.285714285714286,2.2977302812943234,9.357062201947414,6.423449820691019,6.3005818652264125,0.5580342857142879,slow_change,10212
offline_historical,0.1785585815567043,0.1804500765781243,0.0493489583333333,0.75,23,1.6428571428571428,20.011152046517772,0.0440479000390041,4.229910714285714,12.857142857142858,2.32895333223206,3.6932532528851496,1.7602088098575803,1.6681406706627762,0.595145142857139,slow_change,10212
sticky,0.1921088069885354,0.1964133059932023,0.0524739583333333,0.7833333333333333,37,2.6428571428571432,20.92673957632714,0.0711612999439239,4.497767857142858,13.42857142857143,2.4502860048985653,5.608840782694514,3.3862358616773207,3.2445774001234757,0.5501142857142867,slow_change,10212
uncertainty_aware,0.2034457569261747,0.2000174866337573,0.05546875,0.7916666666666666,38,2.7142857142857144,21.287812681765168,0.0853609998448519,4.754464285714286,13.571428571428571,2.406600967479454,6.041342459561115,4.746669854194028,4.529351468864316,0.5553188571428578,slow_change,10212
always_afdm,0.1351817648635576,0.1408182501245066,0.0552083333333333,0.5333333333333333,0,0.0,16.898190014940795,0.0145602999982656,4.732142857142858,9.142857142857144,2.442527157797939,2.0096325532709685,-0.0442669774967576,0.3464825567306739,0.5806628571428543,slow_change,10213
always_ofdm,0.161585995703627,0.1588467261094658,0.05859375,0.65,0,0.0,19.0616071331359,0.0241931000200565,5.022321428571429,11.142857142857144,2.42438284742161,4.1730496714660745,3.1242407233115586,3.261141018935163,0.4720457142857182,slow_change,10213
always_otfs,0.1355506563426973,0.1295046527225606,0.055078125,0.4666666666666667,0,0.0,15.54055832670727,0.018208100067568,4.720982142857143,8.000000000000002,2.211759040992983,0.6520008650374436,0.0,0.0,0.6078171428571428,slow_change,10213
block,0.1519794984625235,0.1477377992909962,0.0549479166666666,0.5333333333333333,14,1.0,16.728535914919547,0.026707500059274,4.709821428571429,9.142857142857144,2.322348772062403,2.8399784532497208,1.971461054379148,2.126457112664756,0.553508571428571,slow_change,10213
cadc,0.1448064162337674,0.1467962717838326,0.0571614583333333,0.5583333333333333,2,0.1428571428571428,17.472695471202776,0.0785124999965773,4.899553571428572,9.571428571428571,2.426481328345634,2.726995152390092,1.1106911869284133,1.4187920349362173,0.575231999999998,slow_change,10213
linucb,0.1811063699893869,0.1845409412085194,0.0553385416666666,0.55,70,5.0,17.144912945022334,0.0865332999092061,4.743303571428572,9.42857142857143,2.4073099450223343,7.2563554833525075,5.466685637602748,5.860006184615084,0.565727999999996,slow_change,10213
offline_historical,0.1382965283342689,0.1362719656626701,0.0540364583333333,0.4916666666666666,5,0.3571428571428572,15.995493022377564,0.04582929998287,4.631696428571429,8.428571428571429,2.3400800223775606,1.464078417850594,0.3295046389885883,0.6511460318865012,0.5951451428571461,slow_change,10213
sticky,0.1571434427594474,0.1650400355276735,0.0580729166666666,0.5583333333333333,32,2.285714285714286,17.519089977606537,0.0797208000876708,4.977678571428572,9.571428571428571,2.411948549035108,4.916246801650999,2.5911343700100105,2.9454709688791425,0.5580342857142853,slow_change,10213
uncertainty_aware,0.1607409886152103,0.1633856019984283,0.0537760416666666,0.55,37,2.6428571428571432,16.963415096954254,0.1015512000012677,4.609375,9.42857142857143,2.362682382668537,4.71771477814157,3.02283987270156,3.339378136088655,0.5627862857142865,slow_change,10213
always_afdm,0.1234556790027242,0.1216780555583927,0.0401041666666666,0.475,0,0.0,14.601366667007127,0.0192179998557548,3.4375,8.142857142857144,2.440346667007126,0.3772608825351131,0.0259781943669068,0.1591167831895639,0.5806628571428574,slow_change,10214
always_ofdm,0.1284411062176288,0.1271653450821667,0.044140625,0.5,0,0.0,15.259841409860003,0.0276789000345161,3.7834821428571432,8.571428571428571,2.432884981288576,1.035735625387991,0.6242294601554637,0.8701358917358828,0.47204571428571196,slow_change,10214
always_otfs,0.1232391940496666,0.1247293444976989,0.046484375,0.475,0,0.0,14.967521339723868,0.0196759001119062,3.984375,8.142857142857144,2.232472054009581,0.743415555251854,0.0,0.0,0.6078171428571433,slow_change,10214
block,0.1333136368756345,0.1334248436466887,0.0442708333333333,0.4833333333333333,14,1.0,15.01098123760264,0.0334335998195456,3.794642857142857,8.285714285714286,2.377115523316924,1.7868754531306283,1.2089331391161462,1.3763007289694291,0.5535085714285728,slow_change,10214
cadc,0.1288696981219914,0.1262891849499069,0.0421875,0.4833333333333333,4,0.2857142857142857,14.868987908274551,0.0852258001395966,3.616071428571429,8.285714285714286,2.406226193988834,0.9305964095168218,0.6756604886789717,0.8066350677395064,0.5609760000000019,slow_change,10214
linucb,0.1685330797696233,0.1690226035783687,0.044140625,0.475,75,5.357142857142858,14.925569572261397,0.0863683000061428,3.7834821428571432,8.142857142857144,2.442101143689966,6.058606644932238,5.4352662863948,5.618960243497103,0.5571291428571428,slow_change,10214
offline_historical,0.1382942426633202,0.1381004497433527,0.043359375,0.4833333333333333,24,1.7142857142857146,14.857768254916612,0.0493857000838033,3.716517857142857,8.285714285714286,2.2569966834880404,2.347948184730315,1.8066058336384287,1.8310360521334597,0.5985394285714278,slow_change,10214
sticky,0.1401291285857259,0.139646081852882,0.04375,0.4833333333333333,26,1.8571428571428577,14.900386965202983,0.0853288000798784,3.75,8.285714285714286,2.307317250917268,2.5334240378738238,2.026792144327114,2.1663992884522614,0.5573554285714288,slow_change,10214
uncertainty_aware,0.1389208693906331,0.1357780845723282,0.0393229166666666,0.4833333333333333,24,1.7142857142857144,14.579084434393677,0.1024403998308116,3.3705357142857144,8.285714285714286,2.37272014867939,2.069264364207376,1.8818010409159776,1.9534917938546528,0.5501142857142867,slow_change,10214
always_afdm,0.1846649704990836,0.1868139647457044,0.0649739583333333,0.8083333333333333,0,0.0,22.417675769484525,0.0159458999696653,5.569196428571429,13.85714285714286,2.4106736266273807,1.8740395604414672,-0.357003247200879,0.0597852876998707,0.5806628571428543,slow_change,10215
always_ofdm,0.2170206585492415,0.2198609214542923,0.076953125,0.9833333333333332,0,0.0,26.38331057451508,0.0249758998834295,6.595982142857143,16.857142857142858,2.458139860229368,5.839674365472025,3.525679318818071,3.7944044645278936,0.47204571428571107,slow_change,10215
always_otfs,0.1865114623181983,0.1854056086008793,0.0634114583333333,0.8166666666666667,0,0.0,22.24867303210552,0.0160497000761097,5.435267857142858,14.000000000000002,2.205588032105517,1.7050368230624642,-0.1354242289071052,0.1732032536650365,0.607817142857142,slow_change,10215
block,0.2075261237010221,0.2143148203804238,0.0709635416666666,0.9166666666666666,14,1.0,24.71777844565085,0.0268264001206262,6.082589285714287,15.714285714285715,2.374636017079421,5.174142236607796,2.386335137031743,2.760841450199475,0.5462674285714257,slow_change,10215
cadc,0.1892922557178245,0.1909639987546718,0.0677083333333333,0.8166666666666667,2,0.1428571428571428,22.77282270770348,0.0746963001001859,5.803571428571429,14.000000000000002,2.3940192791320447,2.372043641517564,0.1982709790480328,0.6874851208240109,0.575232000000006,slow_change,10215
linucb,0.2357262138166679,0.2311495811753996,0.0622395833333333,0.825,75,5.357142857142858,22.38080688390509,0.0765341001242632,5.334821428571429,14.142857142857144,2.342152312476524,7.194313532004898,5.770345950909238,6.044625606088335,0.5609759999999961,slow_change,10215
offline_historical,0.2043663235628086,0.2016038352314912,0.0614583333333333,0.8166666666666667,29,2.071428571428572,22.12103165635037,0.0430648998881224,5.267857142857143,14.000000000000002,2.259839656350374,3.648824018735894,2.007159120446122,2.257417653630842,0.5933348571428536,slow_change,10215
sticky,0.2135512001420488,0.2174920513403436,0.0674479166666666,0.8416666666666667,41,2.9285714285714293,23.17047473226981,0.0736207998852478,5.78125,14.428571428571432,2.406465875126952,5.555409951798183,3.1093443099549525,3.607942836957268,0.5541874285714252,slow_change,10215
uncertainty_aware,0.210623907224356,0.2089674593185285,0.0651041666666666,0.8416666666666667,30,2.1428571428571432,22.93323797536628,0.0913710999739123,5.580357142857143,14.428571428571432,2.3576762610805693,4.53245890918037,2.758069159831813,3.035259133426198,0.5666331428571345,slow_change,10215
always_afdm,0.1607463739028582,0.1617770400361639,0.0627604166666666,0.6416666666666667,0,0.0,19.41324480433967,0.0155728999379789,5.379464285714287,11.000000000000002,2.453117661482524,1.7521628263900162,0.2398702503979244,0.1773603782567434,0.5806628571428551,slow_change,10216
always_ofdm,0.1788902000961668,0.1719297033335508,0.0618489583333333,0.725,0,0.0,20.631564400026093,0.024513499927707,5.301339285714287,12.42857142857143,2.4296079714546632,2.97048242207644,2.417129393594962,2.479916145424202,0.47204571428571107,slow_change,10216
always_otfs,0.1587474551495422,0.1582213161154615,0.0615885416666666,0.6333333333333333,0,0.0,18.98655793385538,0.0176254001562483,5.279017857142858,10.85714285714286,2.24258007671252,1.325475955905727,0.0,0.0,0.6078171428571428,slow_change,10216
block,0.1755165764367913,0.1748205114802144,0.0627604166666666,0.6833333333333333,14,1.0,19.978461377625727,0.028895699957502,5.379464285714287,11.714285714285715,2.336633663340012,3.3173793996760743,2.012294554469893,1.9700205155327095,0.5480777142857116,slow_change,10216
cadc,0.1661066494153186,0.1669328286168152,0.06328125,0.6666666666666666,3,0.2142857142857143,19.817653719732117,0.0787073998653795,5.424107142857143,11.428571428571429,2.3820494340178278,2.370857456068176,0.8831033118931693,0.8598080481977846,0.5829257142857185,slow_change,10216
linucb,0.2183116009970578,0.2120666651880119,0.0606770833333333,0.6416666666666667,89,6.357142857142858,19.09085696541858,0.0894026000314625,5.200892857142858,11.000000000000002,2.338039536847152,7.786917844611786,7.147697501701877,7.2950075445988,0.5519245714285699,slow_change,10216
offline_historical,0.1751781942390508,0.1763859006182124,0.0640625,0.6333333333333333,27,1.9285714285714288,19.237736645614063,0.0438593999570002,5.491071428571429,10.85714285714286,2.2907566456140613,3.505226096235841,1.9716886907410327,2.020464826040005,0.5987657142857139,slow_change,10216
sticky,0.1833120082681443,0.1792006254682521,0.0635416666666666,0.625,34,2.428571428571429,19.07550362761883,0.076185099867871,5.446428571428572,10.714285714285715,2.3452144847616823,3.842993078240603,2.94774637423226,2.997658762287841,0.5695748571428587,slow_change,10216
uncertainty_aware,0.1824341525604534,0.181135496409497,0.0643229166666666,0.6416666666666667,32,2.2857142857142865,19.450545283425363,0.0966323999309679,5.513392857142858,11.000000000000002,2.3621467119967905,4.075177591189995,2.8424036893093536,2.639222781996864,0.5750057142857132,slow_change,10216
always_afdm,0.1377446988301258,0.1392224999294034,0.0598958333333333,0.5,0,0.0,16.70669999152841,0.01506919998792,5.133928571428572,8.571428571428571,2.4206799915284094,0.645085526896338,-0.0362888583529539,0.2190130755931321,0.5806628571428565,slow_change,10217
always_ofdm,0.1418918759337039,0.1402667978858492,0.055859375,0.5333333333333333,0,0.0,16.83201574630191,0.0274522000690922,4.787946428571429,9.142857142857144,2.4291664605876218,0.7704012816698373,0.4613723940764203,0.759172213967588,0.4720457142857146,slow_change,10217
always_otfs,0.1371315070183611,0.1369896799288213,0.057421875,0.5083333333333333,0,0.0,16.438761591458565,0.0186328999407123,4.921875,8.714285714285715,2.194783734315705,0.3771471268264932,-0.1098718757647247,0.0337642082539204,0.607817142857145,slow_change,10217
block,0.1505509600392313,0.1517742662005163,0.0604166666666666,0.5333333333333333,14,1.0,17.212911944061965,0.0280616001837188,5.178571428571429,9.142857142857144,2.345215944061965,2.1512974794298927,1.500462486739707,1.7299847603398035,0.5462674285714266,slow_change,10217
cadc,0.1440047494130453,0.145502623737704,0.05859375,0.5416666666666666,3,0.2142857142857143,17.24602913423877,0.0886077000322984,5.022321428571429,9.285714285714286,2.354615134238771,1.3987003838924146,0.7149172115973847,1.0113322095749808,0.5833782857142848,slow_change,10217
linucb,0.1838010280595417,0.1851544820333189,0.0552083333333333,0.525,78,5.571428571428571,16.6471092725697,0.0961774999450426,4.732142857142858,9.000000000000002,2.3612315582839845,6.1569233793662015,5.490470649176956,5.811923679060726,0.5537348571428566,slow_change,10217
offline_historical,0.139054616958168,0.141592544557891,0.0606770833333333,0.5083333333333333,3,0.2142857142857143,16.776819632661212,0.0454195001657353,5.200892857142858,8.714285714285715,2.266948489804067,0.9294908823148518,0.1209013170121089,0.2784928737592054,0.5946925714285722,slow_change,10217
sticky,0.1550530536681214,0.1553217328301129,0.056640625,0.5166666666666667,28,2.0,16.638607939613557,0.0778993999410886,4.854910714285714,8.857142857142858,2.3766663681849844,2.576993474981485,2.040713722206519,2.1921369999842995,0.5498879999999997,slow_change,10217
uncertainty_aware,0.1598325483936809,0.164193945896982,0.0619791666666666,0.525,35,2.5,17.203273507637842,0.0999912999686785,5.3125,9.000000000000002,2.340885507637841,3.641659043005774,2.614253089273653,2.7827070746439446,0.5498879999999993,slow_change,10217
always_afdm,0.1821188639743814,0.186415385362066,0.0618489583333333,0.825,0,0.0,22.369846243447924,0.0190784998703748,5.301339285714287,14.142857142857144,2.344986957733639,2.802147724749524,0.0619779190658995,0.0666791049467647,0.5806628571428525,slow_change,10218
always_ofdm,0.1981854290125788,0.1982642955701263,0.0670572916666666,0.8833333333333333,0,0.0,23.791715468415155,0.0261487998795928,5.747767857142858,15.142857142857146,2.42904475412944,4.224016949716756,1.989965723649583,1.9709440445581947,0.47204571428571196,slow_change,10218
always_otfs,0.1800428788776993,0.1753361645192976,0.0596354166666666,0.7666666666666667,0,0.0,21.04033974231572,0.0187641000811709,5.111607142857143,13.142857142857146,2.1780583137442906,1.4726412236173196,-0.1871402925359611,0.0288633767618939,0.6078171428571406,slow_change,10218
block,0.1945800651791934,0.1932320341177676,0.062109375,0.8166666666666667,14,1.0,22.187844094132117,0.0290998998825671,5.323660714285714,14.000000000000002,2.310674808417826,3.620145575433714,1.5573220636433405,1.4662101410427724,0.5535085714285741,slow_change,10218
cadc,0.1844920399232421,0.1854019856029732,0.0619791666666666,0.8083333333333333,2,0.1428571428571428,22.105381129499648,0.0882073001412209,5.3125,13.85714285714286,2.3605062723567856,2.680539753658387,0.3467590329291781,0.2285903217764158,0.5752320000000029,slow_change,10218
linucb,0.233688414750197,0.228946482998452,0.0604166666666666,0.7916666666666666,82,5.857142857142857,21.61643510267138,0.0994103000266477,5.178571428571429,13.571428571428571,2.3070431026713787,7.905879441115843,6.250324012163762,6.387368985692646,0.5593920000000012,slow_change,10218
offline_historical,0.192034003401043,0.1887045761634196,0.061328125,0.7666666666666667,19,1.3571428571428572,21.2874062824675,0.0478171999711776,5.256696428571429,13.142857142857146,2.292707568181783,3.076850620911955,1.2517946502652857,1.236637959296896,0.5951451428571413,slow_change,10218
sticky,0.2005376109818089,0.1978271826048173,0.061328125,0.7916666666666666,29,2.071428571428572,21.66783334114952,0.0780749999248655,5.256696428571429,13.571428571428571,2.278279769720944,4.171563393879687,2.272227559957198,2.2527137607187058,0.5614285714285789,slow_change,10218
uncertainty_aware,0.204355577683995,0.2065648758843433,0.0611979166666666,0.8333333333333334,33,2.3571428571428577,22.430642248978344,0.0970708999520866,5.245535714285714,14.285714285714286,2.330722534692625,5.220086587422799,2.730383564219533,2.8773762679172634,0.5686697142857176,slow_change,10218
always_afdm,0.2401748967424639,0.2416695233459764,0.1084635416666666,0.975,0,0.0,29.00034280151717,0.0170808999973814,9.296875,16.714285714285715,2.4085192300885936,0.9498982848675296,0.2090934969122884,0.0071783579298134,0.5806628571428618,slow_change,10219
always_ofdm,0.2421807061653062,0.2414215744438989,0.1095052083333333,0.975,0,0.0,28.970588933267877,0.0248700999654829,9.386160714285715,16.714285714285715,2.398096790410729,0.920144416618232,0.4497906276533641,0.3430324429105447,0.47204571428571684,slow_change,10219
always_otfs,0.2384324509348615,0.2410180206375879,0.10859375,0.975,0,0.0,28.92216247651056,0.0182547001168131,9.308035714285715,16.714285714285715,2.2920239050819826,0.8717179598609164,0.0,0.0,0.6078171428571477,slow_change,10219
block,0.247428099432734,0.2523287627652867,0.1110677083333333,0.9833333333333332,14,1.0,29.2794515318344,0.0277942001121118,9.520089285714286,16.857142857142858,2.3487108175486826,2.229007015184763,1.0794778197446997,1.23324366633355,0.5535085714285719,slow_change,10219
cadc,0.2409098248238538,0.2450262519805964,0.1098958333333333,0.9833333333333332,2,0.1428571428571428,29.260293094814426,0.0805414999922504,9.419642857142858,16.857142857142858,2.408275380528707,1.3527057210219269,0.2972848666790781,0.2164608514469428,0.5752320000000033,slow_change,10219
linucb,0.289906298149142,0.2935043607273427,0.1123697916666666,0.975,83,5.928571428571429,29.29195185870969,0.0878496998629998,9.631696428571429,16.714285714285715,2.389972001566832,7.170078770631484,6.176861665713652,6.039838668346931,0.5559977142857164,slow_change,10219
offline_historical,0.2463177074188657,0.2465689892225457,0.1052083333333333,0.975,13,0.9285714285714286,28.659707278134057,0.0462272000586381,9.017857142857144,16.714285714285715,2.331740420991198,1.5378341900558468,0.9462307780805048,0.911471420109315,0.5958239999999981,slow_change,10219
sticky,0.2581394724537974,0.2619090952382554,0.1134114583333333,0.975,29,2.071428571428572,29.35766285716208,0.0844835000898456,9.720982142857144,16.714285714285715,2.374996142876364,3.3786469119410114,2.3648425822723027,2.4145535160992893,0.5473988571428579,slow_change,10219
uncertainty_aware,0.2574518143355822,0.2599133806820334,0.1110677083333333,0.975,28,2.0,29.189605681844007,0.098717700180714,9.520089285714286,16.714285714285715,2.389955253272577,3.1391611651943734,2.282323608086479,2.098216437234868,0.5652754285714301,slow_change,10219
always_afdm,0.1664728529998929,0.1648477242112632,0.06328125,0.6666666666666666,0,0.0,19.781726905351587,0.015162300056545,5.424107142857143,11.428571428571429,2.348385476780157,0.483462018123479,0.2794966503912022,0.1287353724243622,0.5806628571428583,slow_change,10220
always_ofdm,0.1703972618870754,0.1727914098061843,0.0701822916666666,0.6916666666666667,0,0.0,20.734969176742126,0.0233579999767243,6.015625,11.85714285714286,2.390155605313556,1.4367042895140187,0.7504257168531083,0.8974991057520079,0.4720457142857106,slow_change,10220
always_otfs,0.1632773392980748,0.1650993557048233,0.0669270833333333,0.6583333333333333,0,0.0,19.811922684578803,0.0177273000590503,5.736607142857143,11.285714285714286,2.181784113150232,0.5136577973506959,-0.1039649938269704,0.0097894697718494,0.6078171428571428,slow_change,10220
block,0.1765188861742273,0.1771085451063883,0.06796875,0.675,14,1.0,20.253025412766604,0.0288936001306865,5.825892857142858,11.571428571428571,2.2949542699094616,1.9547605255384968,1.485020631311329,1.443031943813839,0.5607497142857136,slow_change,10220
cadc,0.1685813342844825,0.168150068565143,0.0649739583333333,0.675,2,0.1428571428571428,20.03515108496002,0.0768044001015368,5.569196428571429,11.571428571428571,2.3192940849600205,0.8797433405890587,0.5325144045419599,0.3507023957253032,0.5752319999999997,slow_change,10220
linucb,0.203567527882985,0.2055677171685007,0.0662760416666666,0.6833333333333333,62,4.428571428571429,20.239554631648662,0.0873590999399311,5.680803571428572,11.714285714285715,2.28167906022009,5.369861172991982,4.730857636362252,4.874897200201691,0.5627862857142842,slow_change,10220
offline_historical,0.1777410866347485,0.1752228411421738,0.0618489583333333,0.6583333333333333,22,1.5714285714285716,19.45531236563229,0.050914000137709,5.301339285714287,11.285714285714286,2.2737925084894326,1.7284760498327572,1.631684686573884,1.6136145217922362,0.5944662857142844,slow_change,10220
sticky,0.1893061115953,0.1882271359118067,0.065625,0.6666666666666666,37,2.6428571428571432,19.944399166559663,0.0783235999988392,5.625,11.428571428571429,2.3470494522739447,3.2889914221886976,3.0194876818400616,3.006044375471422,0.5437782857142892,slow_change,10220
uncertainty_aware,0.1887035035631664,0.1900200891890279,0.0665364583333333,0.675,37,2.6428571428571432,20.15955355982621,0.0915423999977065,5.703125,11.571428571428571,2.3260605598262125,3.5041458154552494,2.9471747179840264,3.0081300839369085,0.5589394285714273,slow_change,10220
