variant,selector,time,cumulative_regret_mean,cumulative_regret_std,cumulative_regret_ci_low,cumulative_regret_ci_high,cumulative_regret_n_seeds,instantaneous_regret_mean,instantaneous_regret_std,instantaneous_regret_ci_low,instantaneous_regret_ci_high,instantaneous_regret_n_seeds,ber_mean,ber_std,ber_ci_low,ber_ci_high,ber_n_seeds,objective_mean,objective_std,objective_ci_low,objective_ci_high,objective_n_seeds,uncertainty_mean,uncertainty_std,uncertainty_ci_low,uncertainty_ci_high,uncertainty_n_seeds,hindsight_dynamic_regret_mean,hindsight_dynamic_regret_std,hindsight_dynamic_regret_ci_low,hindsight_dynamic_regret_ci_high,hindsight_dynamic_regret_n_seeds
{},always_ofdm,0,0.02417448753964484,0.05448834000219516,-0.014804122776766186,0.06315309785605587,10,0.02417448753964484,0.05448834000219516,-0.014804122776766186,0.06315309785605587,10,0.0125,0.02057126839388698,-0.0022157989105067166,0.027215798910506718,10,0.07602781164110782,0.08343827718992439,0.01633966382952602,0.1357159594526896,10,1.0,0.0,1.0,1.0,10,0.02246374369754983,0.054832123681907326,-0.01676079464830938,0.061688282043409044,10
{},always_otfs,0,0.0010735865474356802,0.002358147008453579,-0.000613330200397332,0.0027605032952686924,10,0.0010735865474356802,0.002358147008453579,-0.000613330200397332,0.0027605032952686924,10,0.003125,0.006588078458684124,-0.001587827422612707,0.007837827422612707,10,0.05292691064889865,0.06419691974479799,0.007003200766278188,0.0988506205315191,10,1.0,0.0,1.0,1.0,10,-0.0006371572946593301,0.0024354487564926673,-0.0023793723817970747,0.0011050577924784145,10
{},always_afdm,0,0.02262787114717164,0.052358101550982805,-0.014826858381762727,0.060082600676106004,10,0.02262787114717164,0.052358101550982805,-0.014826858381762727,0.060082600676106004,10,0.0078125,0.01327869664998121,-0.0016865073510882941,0.017311507351088294,10,0.07448119524863464,0.07751834909930592,0.019027908879631128,0.12993448161763815,10,1.0,0.0,1.0,1.0,10,0.02091712730507663,0.05164246066547871,-0.01602566357420477,0.05785991818435803,10
{},linucb,0,0.02417448753964484,0.05448834000219516,-0.014804122776766186,0.06315309785605587,10,0.02417448753964484,0.05448834000219516,-0.014804122776766186,0.06315309785605587,10,0.0125,0.02057126839388698,-0.0022157989105067166,0.027215798910506718,10,0.07602781164110782,0.08343827718992439,0.01633966382952602,0.1357159594526896,10,1.0,0.0,1.0,1.0,10,0.02246374369754983,0.054832123681907326,-0.01676079464830938,0.061688282043409044,10
{},uncertainty_aware,0,0.02417448753964484,0.05448834000219516,-0.014804122776766186,0.06315309785605587,10,0.02417448753964484,0.05448834000219516,-0.014804122776766186,0.06315309785605587,10,0.0125,0.02057126839388698,-0.0022157989105067166,0.027215798910506718,10,0.07602781164110782,0.08343827718992439,0.01633966382952602,0.1357159594526896,10,1.0,0.0,1.0,1.0,10,0.02246374369754983,0.054832123681907326,-0.01676079464830938,0.061688282043409044,10
{},always_ofdm,1,0.0697833450676281,0.07894646516651165,0.013308446007396058,0.12625824412786013,10,0.04560885752798323,0.048710221701437954,0.010763664041636478,0.08045405101432998,10,0.021875,0.02234126103075752,0.005893024633159428,0.03785697536684057,10,0.13982117379815623,0.07931345223710186,0.08308374800256907,0.1965585995937434,10,1.0,0.0,1.0,1.0,10,0.10094964362216734,0.11164966239686619,0.02108028657530242,0.18081900066903225,10
{},always_otfs,1,0.0010735865474356802,0.002358147008453579,-0.000613330200397332,0.0027605032952686924,10,0.0,0.0,0.0,0.0,10,0.0125,0.027362344867841035,-0.007073842365244696,0.0320738423652447,10,0.06085458729876393,0.0778704452645879,0.0051494265063539504,0.11655974809117392,10,1.0,0.0,1.0,1.0,10,-0.00111784386943405,0.0036227708523184337,-0.003709418017453306,0.0014737302785852058,10
{},always_afdm,1,0.031669423073394334,0.05658993272352796,-0.008812576109796938,0.0721514222565856,10,0.00904155192622268,0.028591897669546357,-0.011411859526999232,0.029494963379444593,10,0.0078125,0.01327869664998121,-0.0016865073510882941,0.017311507351088294,10,0.07259317023683085,0.07832462646939123,0.016563107782994697,0.128623232690667,10,1.0,0.0,1.0,1.0,10,0.03217502366836884,0.07105382755708615,-0.018653822571497364,0.08300386990823505,10
{},linucb,1,0.06224532999680728,0.05862023161317258,0.020310942481688264,0.10417971751192628,10,0.0380708424571624,0.03979364033198648,0.009604187031259731,0.06653749788306507,10,0.0125,0.027362344867841035,-0.007073842365244696,0.0320738423652447,10,0.13228315872733543,0.07787044526458792,0.07657799793492544,0.18798831951974543,10,1.0,0.0,1.0,1.0,10,0.09341162855134652,0.05461198457056468,0.0543445682390644,0.13247868886362862,10
{},uncertainty_aware,1,0.06224532999680728,0.05862023161317258,0.020310942481688264,0.10417971751192628,10,0.0380708424571624,0.03979364033198648,0.009604187031259731,0.06653749788306507,10,0.0125,0.027362344867841035,-0.007073842365244696,0.0320738423652447,10,0.13228315872733543,0.07787044526458792,0.07657799793492544,0.18798831951974543,10,1.0,0.0,1.0,1.0,10,0.09341162855134652,0.05461198457056468,0.0543445682390644,0.13247868886362862,10
{},always_ofdm,2,0.11238418645386423,0.10440219576345423,0.037699354714130634,0.18706901819359784,10,0.04260084138623612,0.04494360305102376,0.010450124563687643,0.0747515582087846,10,0.021875,0.023524145397158785,0.00504684013266864,0.03870315986733136,10,0.1383497594438156,0.08002212329068499,0.08110538091597372,0.1955941379716575,10,1.0,0.0,1.0,1.0,10,0.17448849734468092,0.14958883681361287,0.06747908987130011,0.2814979048180617,10
{},always_otfs,2,0.02232446073882018,0.04444274401722759,-0.009467963114975556,0.05411688459261592,10,0.0212508741913845,0.044947701460535006,-0.010902774456711409,0.05340452283948041,10,0.015625,0.02329237476562281,-0.0010373611454568207,0.03228736114545682,10,0.09327146918022332,0.08948843215304621,0.029255301233472697,0.15728763712697394,10,1.0,0.0,1.0,1.0,10,0.027342719589487217,0.06292756795192495,-0.017672950721972835,0.07235838990094727,10
{},always_afdm,2,0.04843606108135294,0.05857051785767536,0.0065372366445514765,0.09033488551815441,10,0.0167666380079586,0.035349263958290585,-0.008520702086209295,0.042053978102126494,10,0.009375,0.015095184110613996,-0.001423444200693182,0.020173444200693183,10,0.09025900120218813,0.08283922418428015,0.03099939009524702,0.14951861230912925,10,1.0,0.0,1.0,1.0,10,0.05762311914925494,0.07593263456809216,0.0033041846210812645,0.11194205367742863,10
{},linucb,2,0.15191230763872807,0.10393165888772253,0.07756407770257132,0.22626053757488482,10,0.08966697764192075,0.07832621795653709,0.033635776706764015,0.14569817857707748,10,0.009375,0.015095184110613996,-0.001423444200693182,0.020173444200693183,10,0.16168757263075959,0.08283922418428018,0.10242796152381844,0.22094718373770073,10,1.0,0.0,1.0,1.0,10,0.19028829546080409,0.08755062056928539,0.12765835441300097,0.25291823650860723,10
{},uncertainty_aware,2,0.15191230763872807,0.10393165888772253,0.07756407770257132,0.22626053757488482,10,0.08966697764192075,0.07832621795653709,0.033635776706764015,0.14569817857707748,10,0.009375,0.015095184110613996,-0.001423444200693182,0.020173444200693183,10,0.16168757263075959,0.08283922418428018,0.10242796152381844,0.22094718373770073,10,1.0,0.0,1.0,1.0,10,0.19028829546080409,0.08755062056928539,0.12765835441300097,0.25291823650860723,10
{},always_ofdm,3,0.16082220195150748,0.13089650162300911,0.06718448554577396,0.254459918357241,10,0.0484380154976432,0.05180420672388043,0.011379518458467734,0.08549651253681867,10,0.021875,0.02109214242845478,0.006786590251715194,0.036963409748284805,10,0.12389609620155988,0.08793233553264944,0.060993092718595196,0.18679909968452457,10,1.0,0.0,1.0,1.0,10,0.24850951849314007,0.18848312480835436,0.11367681349922157,0.3833422234870586,10
{},always_otfs,3,0.02232446073882018,0.04444274401722759,-0.009467963114975556,0.05411688459261592,10,0.0,0.0,0.0,0.0,10,0.0046875,0.01482317653203928,-0.005916361700878591,0.015291361700878591,10,0.04190727039976966,0.05545833076059671,0.002234770495591211,0.08157977030394811,10,1.0,0.0,1.0,1.0,10,0.01937491493615618,0.056514779287846095,-0.021053322717811324,0.059803152590123684,10
{},always_afdm,3,0.056303736995743904,0.06977762221389555,0.006387833061588313,0.1062196409298995,10,0.00786767591439096,0.024879775781523363,-0.00993024351036323,0.02566559533914515,10,0.0046875,0.010546071214227388,-0.0028567048741424015,0.0122317048741424,10,0.05585143149873313,0.06696613800175495,0.007946742211809514,0.10375612078565674,10,1.0,0.0,1.0,1.0,10,0.06359947559488736,0.08664943182971216,0.0016142061355368803,0.12558474505423783,10
{},linucb,3,0.2015425807536745,0.10471318113240866,0.12663528348259803,0.27644987802475096,10,0.04963027311494645,0.03443329228253256,0.024998179684721775,0.07426236654517113,10,0.003125,0.009882117688026186,-0.00394424113391906,0.01019424113391906,10,0.09761402869928866,0.03874901188612585,0.06989465544632426,0.12533340195225307,10,0.5340212548133014,0.005891885422248959,0.5298064538872036,0.5382360557393993,10,0.23802724910699205,0.09469425494756006,0.17028705987283443,0.30576743834114967,10
{},uncertainty_aware,3,0.16655828181107996,0.09535803579969532,0.09834325236028456,0.23477331126187534,10,0.014645974172351889,0.030983005309729243,-0.007517932644236336,0.036809880988940114,10,0.0046875,0.010546071214227388,-0.0028567048741424015,0.0122317048741424,10,0.06262972975669406,0.06685906287325641,0.014801637402401466,0.11045782211098666,10,0.5340212548133014,0.005891885422248959,0.5298064538872036,0.5382360557393993,10,0.2030429501643974,0.07717871157435302,0.14783262584440177,0.25825327448439306,10
{},always_ofdm,4,0.17738122523508332,0.13897448768108417,0.07796486571622828,0.27679758475393834,10,0.01655902328357586,0.03491283720432243,-0.00841611591818284,0.041534162485334564,10,0.0171875,0.024923929404177914,-0.0006420050236445214,0.03501700502364452,10,0.10947557027853512,0.0884045398060625,0.04623477220754721,0.17271636834952303,10,1.0,0.0,1.0,1.0,10,0.28680744070547454,0.20787190968778627,0.13810483454933212,0.435510046861617,10
{},always_otfs,4,0.02232446073882018,0.04444274401722759,-0.009467963114975556,0.05411688459261592,10,0.0,0.0,0.0,0.0,10,0.009375,0.01976423537605237,-0.004763482267838121,0.023513482267838122,10,0.07217027945372083,0.08012072473903625,0.01485536569886041,0.12948519320858126,10,1.0,0.0,1.0,1.0,10,0.02036754632367636,0.05351974915401761,-0.017918175840413757,0.058653268487766475,10
{},always_afdm,4,0.056303736995743904,0.06977762221389555,0.006387833061588313,0.1062196409298995,10,0.0,0.0,0.0,0.0,10,0.00625,0.01092509216843908,-0.001565340131252025,0.014065340131252026,10,0.07202789082690657,0.07597282610279425,0.01768020500682148,0.12637557664699167,10,1.0,0.0,1.0,1.0,10,0.06444971835559322,0.08707350522398537,0.002161085065003489,0.12673835164618297,10
{},linucb,4,0.2714113075114338,0.09534366999098287,0.20320655474111093,0.3396160602817566,10,0.06986872675775921,0.06621735168056839,0.022499686936806006,0.1172377665787124,10,0.015625,0.02551551815399144,-0.0026277021213286372,0.03387770212132864,10,0.14250753984123682,0.11267148852799723,0.061907212414747975,0.22310786726772566,10,0.5089477994694434,0.012703826360297222,0.49986002955012804,0.5180355693887587,10,0.30935714088202826,0.08707305740903962,0.24706882793895257,0.37164545382510394,10
{},uncertainty_aware,4,0.17355064752197563,0.11023960484320273,0.0946899848839649,0.25241131015998636,10,0.006992365710895671,0.022111801879292767,-0.008825464467302367,0.022810195889093707,10,0.009375,0.01976423537605237,-0.004763482267838121,0.023513482267838122,10,0.08116266139537627,0.07797904179117206,0.025379815327707958,0.13694550746304457,10,0.5323012811592027,0.01141622210715034,0.524134607834556,0.5404679544838494,10,0.21302796349357306,0.0899309809171239,0.14869521523220286,0.27736071175494326,10
{},always_ofdm,5,0.23551744827147286,0.16290643929223816,0.11898120189380003,0.3520536946491457,10,0.05813622303638951,0.05355100806632074,0.019828139593509667,0.09644430647926935,10,0.01875,0.03277527650531723,-0.004696020393756068,0.04219602039375607,10,0.12336189139961129,0.08929691663405621,0.05948272540197411,0.18724105739724847,10,1.0,0.0,1.0,1.0,10,0.3714921324939563,0.2363596378842325,0.2024106332365673,0.5405736317513453,10
{},always_otfs,5,0.04025942433553044,0.050934894367469556,0.0038227958939744885,0.07669605277708638,10,0.01793496359671026,0.03786543702582739,-0.009152338277981956,0.04502226547140248,10,0.0046875,0.010546071214227388,-0.0028567048741424015,0.0122317048741424,10,0.05610250236422846,0.06738199835402613,0.007900324502380915,0.104304680226076,10,1.0,0.0,1.0,1.0,10,0.03779284907677522,0.06057655406743011,-0.005541007216336977,0.08112670536988742,10
{},always_afdm,5,0.07439925476608342,0.0880074120201914,0.011442544799278254,0.13735596473288858,10,0.01809551777033949,0.03816162319085268,-0.00920366292296177,0.04539469846364075,10,0.003125,0.006588078458684124,-0.001587827422612707,0.007837827422612707,10,0.05647613803941511,0.06667889530024508,0.008776929802711324,0.10417534627611891,10,1.0,0.0,1.0,1.0,10,0.08224865678387877,0.09498022717854852,0.01430389533936266,0.15019341822839488,10
{},linucb,5,0.3493716505316247,0.13343030957655458,0.2539213571078743,0.44482194395537517,10,0.07796034302019086,0.08734724845897165,0.015475885615986104,0.1404448004243956,10,0.00625,0.01092509216843908,-0.001565340131252025,0.014065340131252026,10,0.129814302344921,0.07589230833102742,0.0755242154689241,0.1841043892209179,10,0.5191525888825457,0.017063401432904433,0.5069461668278662,0.5313590109372252,10,0.40049424361581953,0.1212737964905839,0.3137401957808558,0.48724829145078324,10
{},uncertainty_aware,5,0.2075832208912473,0.1259829971110733,0.11746041387073194,0.2977060279117627,10,0.034032573369271665,0.0446082238862921,0.002121772348338588,0.06594337439020474,10,0.00625,0.01092509216843908,-0.001565340131252025,0.014065340131252026,10,0.07963933568568382,0.0761736738924697,0.025147972012201897,0.13413069935916574,10,0.5294904772042737,0.014558753300242028,0.519075772488365,0.5399051819201823,10,0.25399009956812724,0.10593411561113111,0.17820939838593736,0.3297708007503171,10
{},always_ofdm,6,0.2910047678126372,0.16776695079042908,0.17099152096809772,0.41101801465717663,10,0.05548731954116428,0.04804922026177524,0.021114977999548493,0.08985966108278007,10,0.0171875,0.01719538960335331,0.004886659296081107,0.029488340703918897,10,0.1230649770691485,0.085027583640965,0.06223990791208298,0.18389004622621402,10,1.0,0.0,1.0,1.0,10,0.45517103310382934,0.24459452314757243,0.2801986518032885,0.6301434144043702,10
{},always_otfs,6,0.057624716804459485,0.06583509846270363,0.010529124462742089,0.10472030914617689,10,0.01736529246892905,0.036727744192859305,-0.008908152980806005,0.0436387379186641,10,0.0046875,0.010546071214227388,-0.0028567048741424015,0.0122317048741424,10,0.05651244142843215,0.06643620679264735,0.008986842091642404,0.10403804076522188,10,1.0,0.0,1.0,1.0,10,0.05491921404593203,0.0912505990421501,-0.010357532154443044,0.1201959602463071,10
{},always_afdm,6,0.09174852782362779,0.12062095594575188,0.005461493980918844,0.17803556166633672,10,0.017349273057544377,0.03657987190882899,-0.008818390932605322,0.043516937047694076,10,0.003125,0.006588078458684124,-0.001587827422612707,0.007837827422612707,10,0.05636514456611243,0.06660268970871716,0.00872045052558306,0.10400983860664179,10,1.0,0.0,1.0,1.0,10,0.09922772489071587,0.1381395095851677,0.00040867271912364833,0.19804677706230808,10
{},linucb,6,0.4229729187980493,0.15754318745403006,0.3102733116613933,0.5356725259347054,10,0.07360126826642466,0.07379513586452699,0.02081140819738745,0.12639112833546187,10,0.0125,0.017738944131173336,-0.00018967618917617966,0.025189676189176183,10,0.13408614907468683,0.10216215980733058,0.06100374252582848,0.2071685556235452,10,0.5084285386944498,0.020007967463603452,0.4941157009945711,0.5227413763943286,10,0.4951943162312311,0.13384397420323743,0.39944810496002,0.5909405275024422,10
{},uncertainty_aware,6,0.24899002486799987,0.15479300809616992,0.1382577775276957,0.35972227220830405,10,0.041406803976752546,0.07765337805736972,-0.014143076289910309,0.0969566842434154,10,0.0078125,0.01327869664998121,-0.0016865073510882941,0.017311507351088294,10,0.08050288848332368,0.09132600341893275,0.015172201241275385,0.14583357572537198,10,0.5247536179208324,0.015835125769996062,0.5134258513440718,0.536081384497593,10,0.29510691159217556,0.15901923723116312,0.18135140205386485,0.40886242113048626,10
{},always_ofdm,7,0.3272302937007694,0.17724629232839417,0.2004359344228245,0.4540246529787143,10,0.03622552588813216,0.04697924756806057,0.0026185967021841033,0.06983245507408022,10,0.009375,0.013176156917368247,-5.06548452254129e-05,0.01880065484522541,10,0.08863786274428934,0.08430848691451538,0.02832720439656316,0.1489485210920155,10,1.0,0.0,1.0,1.0,10,0.5125132888723343,0.26656869830401997,0.3218215296202313,0.7032050481244372,10
{},always_otfs,7,0.057624716804459485,0.06583509846270363,0.010529124462742089,0.10472030914617689,10,0.0,0.0,0.0,0.0,10,0.0,0.0,0.0,0.0,10,0.023586069374407787,0.002062933529853749,0.022110335627232004,0.02506180312158357,10,1.0,0.0,1.0,1.0,10,0.047209676444555336,0.09022116719229906,-0.01733065857278445,0.11175001146189512,10
{},always_afdm,7,0.10869079803343107,0.14285129814966901,0.006501135372665959,0.2108804606941962,10,0.016942270209803278,0.03573717229753764,-0.008622562793735463,0.042507103213342015,10,0.003125,0.006588078458684124,-0.001587827422612707,0.007837827422612707,10,0.05725479098890771,0.06516762349607486,0.01063668147414256,0.10387290050367287,10,1.0,0.0,1.0,1.0,10,0.12518690890383907,0.1867287959864001,-0.008390824851920053,0.2587646426595982,10
{},linucb,7,0.5236272696291557,0.15773087846240802,0.41079339643346463,0.6364611428248468,10,0.10065435083110626,0.08223102253059517,0.041829820977362216,0.1594788806848503,10,0.009375,0.013176156917368247,-5.06548452254129e-05,0.01880065484522541,10,0.14027908667831956,0.09203588498851656,0.07444058075303565,0.20611759260360346,10,0.4879312377413082,0.012334344629308122,0.47910777912989244,0.49675469635272396,10,0.6041777959337662,0.1674509692625149,0.48439058865738494,0.7239650032101475,10
{},uncertainty_aware,7,0.27594369516833706,0.17321055504666888,0.15203632842562895,0.39985106191104514,10,0.026953670300337206,0.04361768793061974,-0.004248543984075894,0.05815588458475031,10,0.00625,0.01092509216843908,-0.001565340131252025,0.014065340131252026,10,0.07343450909229857,0.07744249264695878,0.018035487160345365,0.12883353102425177,10,0.5230790530952426,0.02028097518115742,0.5085709174392236,0.5375871887512617,10,0.33724581370868967,0.20026143691159945,0.19398741181082874,0.4805042156065506,10
{},always_ofdm,8,0.3744296545574196,0.19700320481023864,0.23350205149458003,0.5153572576202592,10,0.0471993608566502,0.05044914827875753,0.01111021423421122,0.08328850747908917,10,0.01875,0.01613743060919757,0.007205977568802894,0.030294022431197103,10,0.13959619535504839,0.07920000870111625,0.08293992217636825,0.19625246853372852,10,1.0,0.0,1.0,1.0,10,0.5943781546040465,0.30316929558241057,0.3775039053255488,0.8112524038825443,10
{},always_otfs,8,0.06519142411454423,0.07651170711801018,0.010458246038718415,0.11992460219037004,10,0.00756670731008474,0.02392802948771374,-0.009550373830643928,0.024683788450813406,10,0.0078125,0.01327869664998121,-0.0016865073510882941,0.017311507351088294,10,0.07109096746468298,0.07680982089803357,0.016144531637547144,0.1260374032918188,10,1.0,0.0,1.0,1.0,10,0.06056931428590219,0.12018393297948397,-0.025405092159811488,0.14654372073161587,10
{},always_afdm,8,0.12936624821803533,0.17817207933825355,0.0019096208091132216,0.25682287562695744,10,0.02067545018460426,0.04382681729539194,-0.010676366235143585,0.052027266604352106,10,0.015625,0.020833333333333332,0.0007217311252429165,0.030528268874757084,10,0.09466136833793175,0.08874848325550781,0.031174527945113675,0.1581482087307498,10,1.0,0.0,1.0,1.0,10,0.1621169476184347,0.2506171915750886,-0.017163791134207768,0.34139768637107715,10
{},linucb,8,0.6042604360761946,0.2000532187855459,0.46115098445275804,0.7473698876996312,10,0.08063316644703902,0.09155187243973255,0.015140902241112766,0.1461254306529653,10,0.0171875,0.01719538960335331,0.004886659296081107,0.029488340703918897,10,0.15906967733352348,0.09313821439064314,0.09244261245775431,0.22569674220929264,10,0.4583133109423307,0.04901019822258653,0.42325352717994597,0.4933730947047154,10,0.7055161436439535,0.2113058409006538,0.5543570510799974,0.8566752362079096,10
{},uncertainty_aware,8,0.29451081841653626,0.19568443864645924,0.15452660383634004,0.4344950329967325,10,0.018567123248199154,0.03914494835135021,-0.009435485889496106,0.046569732385894416,10,0.0109375,0.01811721576138134,-0.0020227754121849434,0.023897775412184942,10,0.08990664166856974,0.0938422726553636,0.02277592385091462,0.15703735948622485,10,0.5238091599801321,0.01831850249521089,0.5107048927128184,0.5369134272474458,10,0.3694211257539233,0.2368538271903556,0.1999861047635335,0.538856146744313,10
{},always_ofdm,9,0.41237377188974655,0.21389961738393048,0.25935920340588825,0.5653883403736049,10,0.03794411733232694,0.04960898084727068,0.0024559902841885667,0.07343224438046532,10,0.0171875,0.020104436526686233,0.0028056524896307687,0.03156934751036923,10,0.10654218871960759,0.08990766715430831,0.04222611811947209,0.17085825931974308,10,1.0,0.0,1.0,1.0,10,0.6480898805533861,0.3286722485460906,0.41297191774922404,0.8832078433575482,10
{},always_otfs,9,0.09157879491654301,0.10356441263402286,0.017493277124168677,0.16566431270891735,10,0.026387370801998773,0.04322169983641588,-0.0045315706645364315,0.05730631226853398,10,0.009375,0.015095184110613996,-0.001423444200693182,0.020173444200693183,10,0.08685614100306152,0.08113612674020039,0.028814852414313953,0.1448974295918091,10,1.0,0.0,1.0,1.0,10,0.09459499251869577,0.138230477716622,-0.004289134333957112,0.19347911937134865,10
{},always_afdm,9,0.15691700980271012,0.18776158481208666,0.022600463428068512,0.2912335561773517,10,0.027550761584674788,0.0445545661917911,-0.0043216550339375895,0.059423178203287165,10,0.0125,0.02057126839388698,-0.0022157989105067166,0.027215798910506718,10,0.09065776874922309,0.08697718328024688,0.028438040026284903,0.15287749747216128,10,1.0,0.0,1.0,1.0,10,0.19994425359738982,0.25679974731325683,0.016240780900790897,0.38364772629398874,10
{},linucb,9,0.6415365753286493,0.21184047980345805,0.4899950251333621,0.7930781255239364,10,0.03727613925245456,0.04130286916366792,0.007729846559091858,0.06682243194581726,10,0.0078125,0.01518477055949297,-0.0030500304855817263,0.018675030485581726,10,0.10587421063973519,0.07720719652882338,0.05064350941084239,0.161104911868628,10,0.3967340767025802,0.07850518525091219,0.3405748502774462,0.4528933031277142,10,0.7585598915134207,0.22657295199893712,0.5964793655908164,0.9206404174360251,10
{},uncertainty_aware,9,0.3269045170220294,0.21880556183435002,0.17038044729516835,0.48342858674889044,10,0.032393698605493036,0.04318438887292902,0.0015014477943572357,0.06328594941662884,10,0.009375,0.013176156917368247,-5.06548452254129e-05,0.01880065484522541,10,0.10254762730527489,0.0941052611201426,0.03522877887314485,0.16986647573740493,10,0.5173991939227705,0.023053796857474315,0.5009075011315239,0.533890886714017,10,0.4191382902889302,0.2724623841874153,0.22423044213841434,0.614046138439446,10
{},always_ofdm,10,0.45795569137890135,0.21160855999159198,0.3065800466226681,0.6093313361351347,10,0.045581919489154736,0.048218324565997096,0.011088608015681484,0.08007523096262799,10,0.025,0.02352414539715878,0.008171840132668647,0.041828159867331356,10,0.14223998983303582,0.0811466024819039,0.08419120735011529,0.20028877231595635,10,1.0,0.0,1.0,1.0,10,0.7101256521853574,0.3224216385349846,0.4794791064192798,0.940772197951435,10
{},always_otfs,10,0.10196492324385209,0.11838500190911655,0.01727739456272276,0.18665245192498142,10,0.01038612832730906,0.032843821585091415,-0.013108926262634994,0.033881182917253116,10,0.0140625,0.022642776165921,-0.0021351663010397755,0.030260166301039775,10,0.07687826512404436,0.08573313219765441,0.01554847693444096,0.13820805331364777,10,1.0,0.0,1.0,1.0,10,0.0912690394416755,0.1580844130142569,-0.021817737137186197,0.2043558160205372,10
{},always_afdm,10,0.16522448204326007,0.18193646957029827,0.03507497208500973,0.2953739920015104,10,0.00830747224054989,0.026270533878759866,-0.010485335593621631,0.027100280074721414,10,0.0078125,0.01327869664998121,-0.0016865073510882941,0.017311507351088294,10,0.07467561446529962,0.07733138826629479,0.01935607181933996,0.12999515711125928,10,1.0,0.0,1.0,1.0,10,0.19441564986162485,0.23398662324117753,0.027031703017156683,0.361799596706093,10
{},linucb,10,0.648916882974346,0.2255357892079266,0.4875782986169252,0.8102554673317668,10,0.00738030764569676,0.023338581993156752,-0.009315108159083041,0.02407572345047656,10,0.0078125,0.016876928902103804,-0.00426052764199417,0.01988552764199417,10,0.08684532312148642,0.08452543355433033,0.02637947049673766,0.14731117574623517,10,0.3850129402312019,0.09212638670293366,0.31910969327950595,0.4509161871828979,10,0.7652009964338425,0.23432825366782473,0.5975726619043766,0.9328293309633084,10
{},uncertainty_aware,10,0.3403964594178385,0.2208776046681819,0.18239013954029218,0.4984027792953849,10,0.013491942395809201,0.0293805632759517,-0.007525646445470255,0.03450953123708866,10,0.009375,0.01679637030895531,-0.00264039949604869,0.02139039949604869,10,0.08188562495421765,0.09484694566890742,0.014036207358063851,0.14973504255037146,10,0.5036956841793768,0.06471789425583563,0.4573992915824417,0.549992076776312,10,0.4208196970420833,0.26079921887080215,0.23425517474649035,0.6073842193376762,10
{},always_ofdm,11,0.5009182047168175,0.2342413293607502,0.3333520520907155,0.6684843573429194,10,0.04296251333791608,0.045989167515328014,0.010063844755171553,0.0758611819206606,10,0.015625,0.01473139127471974,0.005086797516812859,0.02616320248318714,10,0.1343017793921419,0.07756366175330759,0.07881607830316964,0.18978748048111418,10,1.0,0.0,1.0,1.0,10,0.7817424811785085,0.3552049126977818,0.5276441938391649,1.0358407685178521,10
{},always_otfs,11,0.1281714747789684,0.14255410763953608,0.0261944094020211,0.23014854015591568,10,0.026206551535116297,0.04253082770682947,-0.0042181697823644,0.05663127285259699,10,0.0140625,0.018706546870904138,0.0006806425087041521,0.027444357491295847,10,0.1061225222572364,0.08563739023280521,0.04486122374338077,0.167383820771092,10,1.0,0.0,1.0,1.0,10,0.13470661129992123,0.19524375061328955,-0.004962354052360646,0.27437557665220313,10
{},always_afdm,11,0.18233941666038964,0.20071927989182817,0.038753493624763796,0.32592533969601545,10,0.017114934617129603,0.03610146549419738,-0.00871049804044425,0.042940367274703455,10,0.00625,0.008068715304598786,0.0004779887844014461,0.012022011215598555,10,0.0871890049572287,0.07739341876515145,0.031825088365530024,0.14255292154892737,10,1.0,0.0,1.0,1.0,10,0.2189197044198629,0.2675615649521461,0.027517691154297363,0.4103217176854284,10
{},linucb,11,0.7354104204955629,0.2396832461654344,0.5639513551014161,0.9068694858897097,10,0.08649353752121684,0.08390973106548436,0.026468131923898262,0.14651894311853542,10,0.0125,0.016137430609197572,0.0009559775688028922,0.02404402243119711,10,0.15665871866172104,0.09812280194396979,0.08646589465617614,0.22685154266726593,10,0.31504407274199847,0.004510888003822964,0.31181717785632374,0.3182709676276732,10,0.8591747646965728,0.245564143624851,0.6835087586914231,1.0348407707017226,10
{},uncertainty_aware,11,0.3668432521952506,0.24621617240672908,0.19071081289808117,0.54297569149242,10,0.026446792777412093,0.04287564210548104,-0.0042245939014282155,0.0571181794562524,10,0.0109375,0.014823176532039276,0.0003336382991214106,0.021541361700878586,10,0.10403831373838601,0.08096778836489898,0.04611744716895316,0.16195918030781886,10,0.5206309932528829,0.018687271710405046,0.507262924380764,0.5339990621250017,10,0.4621730603814786,0.2970245271186041,0.24969451365926418,0.674651607103693,10
{},always_ofdm,12,0.5476968684512629,0.266145318103225,0.3573079771496573,0.7380857597528685,10,0.046778663734445426,0.049712144793367226,0.011216737645017884,0.08234058982387296,10,0.03125,0.03608439182435161,0.005436781110060882,0.05706321888993912,10,0.16133712115066334,0.07567108193287729,0.10720529010637006,0.21546895219495663,10,1.0,0.0,1.0,1.0,10,0.8526192373027974,0.4164511877222087,0.5547080041586689,1.150530470446926,10
{},always_otfs,12,0.14512959159055333,0.14485290309750293,0.04150806700729481,0.24875111617381185,10,0.0169581168115849,0.03606124731808666,-0.008838545495961896,0.0427547791191317,10,0.0328125,0.0548484734037532,-0.006423734232292644,0.07204873423229265,10,0.11659297970217397,0.10505560915761566,0.041440724178461716,0.1917452352258862,10,1.0,0.0,1.0,1.0,10,0.1608392259757207,0.18676296876703508,0.027237046485337507,0.29444140546610387,10
{},always_afdm,12,0.18233941666038964,0.20071927989182817,0.038753493624763796,0.32592533969601545,10,0.0,0.0,0.0,0.0,10,0.0203125,0.04169920604426687,-0.009517315017997033,0.050142315017997034,10,0.08346802994004482,0.09299630440032002,0.01694248135588204,0.14999357852420758,10,1.0,0.0,1.0,1.0,10,0.21192736933353312,0.2714062101953933,0.01777506254213551,0.40607967612493073,10
{},linucb,12,0.8004055997087859,0.23863595228027457,0.6296957232279875,0.9711154761895843,10,0.06499517921322291,0.07264780617176222,0.013026069363350455,0.11696428906309536,10,0.03125,0.05560978256266308,-0.00853084199671101,0.071030841996711,10,0.16173543995471457,0.10795624792404077,0.08450819245766261,0.23896268745176652,10,0.33310012916745946,0.05624223242068496,0.2928668597971211,0.3733333985377978,10,0.9304498396249128,0.24368203084725829,0.7561302159930628,1.1047694632567626,10
{},uncertainty_aware,12,0.47351181522186003,0.2832777033901915,0.2708671537891699,0.6761564766545501,10,0.10666856302660936,0.09914120608203128,0.03574721658781506,0.17758990946540365,10,0.028125,0.037413093741808276,0.0013612850174083042,0.054888714982591694,10,0.1944226288319048,0.09720836247173667,0.1248839554179302,0.26396130224587944,10,0.9031824926690175,0.204217748783681,0.7570939157512193,1.0492710695868157,10,0.5661353241870086,0.36365246319921646,0.30599402325777847,0.8262766251162388,10
{},always_ofdm,13,0.5862175983855901,0.26676948976726345,0.3953822015735924,0.7770529951975877,10,0.03852072993432711,0.050097881464012325,0.002682864453660644,0.07435859541499358,10,0.0234375,0.03146626555623586,0.0009278896286836411,0.04594711037131636,10,0.11166058528593052,0.09380249660773356,0.04455832153864049,0.17876284903322054,10,1.0,0.0,1.0,1.0,10,0.9156842139924215,0.42719340824478935,0.6100884592118152,1.2212799687730278,10
{},always_otfs,13,0.16576471128907547,0.1721385533696946,0.042624208349221995,0.28890521422892895,10,0.02063511969852214,0.04350490024995756,-0.01048641113961886,0.05175665053666314,10,0.025,0.05006506183624132,-0.010814387733288508,0.06081438773328851,10,0.0824621011901414,0.10048153863262808,0.010581938604956723,0.15434226377532606,10,1.0,0.0,1.0,1.0,10,0.19470571856955565,0.22871505756559102,0.03109282263648938,0.3583186145026219,10
{},always_afdm,13,0.18233941666038964,0.20071927989182817,0.038753493624763796,0.32592533969601545,10,0.0,0.0,0.0,0.0,10,0.00625,0.01976423537605237,-0.00788848226783812,0.02038848226783812,10,0.04393855807317425,0.05961654735177105,0.0012914492139039432,0.08658566693244454,10,1.0,0.0,1.0,1.0,10,0.20727031881040098,0.2707272171940826,0.01360373435160872,0.40093690326919323,10
{},linucb,13,0.8247021206862188,0.2425446035473626,0.6511961635284089,0.9982080778440288,10,0.02429652097743294,0.03390061715405488,4.548037901299512e-05,0.04854756157585288,10,0.009375,0.02964635306407856,-0.011832723401757181,0.030582723401757182,10,0.08704893596710203,0.08397532473125059,0.026976607487988483,0.1471212644462156,10,0.3239250537463748,0.06402201572658846,0.27812646266106567,0.36972364483168396,10,0.9689031669957086,0.23050062114599637,0.8040129558243181,1.133793378167099,10
{},uncertainty_aware,13,0.5613561882919658,0.30434675654044047,0.3436396341856097,0.7790727423983218,10,0.08784437307010581,0.07480983034107291,0.03432864429980325,0.14136010184040837,10,0.025,0.05006506183624132,-0.010814387733288508,0.06081438773328851,10,0.1538555833329546,0.10046335853575218,0.08198842600562163,0.22572274066028758,10,1.0,0.0,1.0,1.0,10,0.6713952989236569,0.39338818888265775,0.38998234127220216,0.9528082565751117,10
{},always_ofdm,14,0.6240205541060948,0.2739446734313507,0.42805234010825755,0.8199887681039321,10,0.037802955720504884,0.047223093907664264,0.004021589371521347,0.07158432206948842,10,0.028125,0.0530125443749978,-0.009797889722668002,0.06604788972266801,10,0.1159636685117444,0.10225603085699334,0.04281411065923742,0.18911322636425137,10,1.0,0.0,1.0,1.0,10,0.974044047763783,0.4366959406910986,0.661650590773331,1.286437504754235,10
{},always_otfs,14,0.20104271249593103,0.18366104196912234,0.069659517762305,0.33242590722955706,10,0.035278001206855605,0.04571891833101159,0.00257265724444955,0.06798334516926166,10,0.0140625,0.020104436526686233,-0.0003193475103692323,0.028444347510369235,10,0.10563817325786137,0.08769969732154793,0.04290158912580494,0.1683747573899178,10,1.0,0.0,1.0,1.0,10,0.24274005708703403,0.2463254699411552,0.06652943104380538,0.4189506831302627,10
{},always_afdm,14,0.20121927204149154,0.20534390515184126,0.05432509138850722,0.34811345269447586,10,0.018879855381101866,0.03997206285678779,-0.009714435830101294,0.047474146592305026,10,0.0203125,0.048886250126072145,-0.014658616635559066,0.05528361663555907,10,0.08386149013236244,0.09588841123887573,0.015267052948382723,0.15245592731634217,10,1.0,0.0,1.0,1.0,10,0.23352797420238042,0.253882121394866,0.05191164535559295,0.4151443030491679,10
{},linucb,14,0.9037861405816667,0.2236894863131557,0.7437683217505666,1.0638039594127668,10,0.07908401989544778,0.0894459612054654,0.015098233834352964,0.1430698059565426,10,0.0234375,0.047877021642839156,-0.010811658070358214,0.057686658070358214,10,0.15026862111221329,0.11340057473281784,0.0691467368340452,0.23139050539038136,10,0.2868229487780744,0.03353309644669336,0.26283481665575925,0.31081108090038956,10,1.0615679533675386,0.21564626546401672,0.9073039081172594,1.2158319986178179,10
{},uncertainty_aware,14,0.6454775110292128,0.28566704903442597,0.4411236146891264,0.8498314073692992,10,0.08412132273724686,0.05757370676655182,0.04293557399844639,0.12530707147604733,10,0.0203125,0.04888625012607214,-0.01465861663555906,0.05528361663555906,10,0.15483918776940436,0.09667334976167084,0.08568323939236688,0.22399513614644184,10,1.0,0.0,1.0,1.0,10,0.7686306519526782,0.3805365691850769,0.4964111892050237,1.0408501147003326,10
{},always_ofdm,15,0.6725895610166566,0.287511188425938,0.4669164468272469,0.8782626752060663,10,0.04856900691056163,0.05269295023351928,0.0108747410641137,0.08626327275700957,10,0.0375,0.047278357157959236,0.003679100703270592,0.07132089929672941,10,0.16540537951631676,0.081523769535374,0.10708678797698512,0.2237239710556484,10,1.0,0.0,1.0,1.0,10,1.0359904857605702,0.4561744425375799,0.7096629479559313,1.362318023565209,10
{},always_otfs,15,0.2177743902961077,0.19197446439188454,0.08044413141996043,0.355104649172255,10,0.0167316778001766,0.03532756313587898,-0.008540138460813525,0.04200349406116673,10,0.0265625,0.05755149415233862,-0.014607358791823,0.067732358791823,10,0.11466997610090754,0.10135900779496361,0.04216210989065433,0.18717784231116075,10,1.0,0.0,1.0,1.0,10,0.25395109166841207,0.268384665573838,0.06196026768879595,0.4459419156480282,10
{},always_afdm,15,0.20121927204149154,0.20534390515184126,0.05432509138850722,0.34811345269447586,10,0.0,0.0,0.0,0.0,10,0.0109375,0.024484706819881578,-0.006577804114702095,0.028452804114702093,10,0.07522518870259029,0.08348863634378503,0.015501016122514553,0.13494936128266602,10,1.0,0.0,1.0,1.0,10,0.20529422138544112,0.24614616885865548,0.029211859609829832,0.3813765831610524,10
{},linucb,15,0.9890303753585437,0.3050308020167049,0.7708244845967317,1.2072362661203555,10,0.08524423477687718,0.09869201701928774,0.014644218836210907,0.15584425071754343,10,0.0296875,0.05073782865815647,-0.006608156125465343,0.06598315612546535,10,0.16740182367825954,0.11731319791930386,0.08348101738310856,0.2513226299734105,10,0.28437144887824906,0.032049529247056695,0.2614445967976918,0.30729830095880634,10,1.1255108355262688,0.24836473810514892,0.9478414049187651,1.3031802661337726,10
{},uncertainty_aware,15,0.6593284733764271,0.28246164517263783,0.45726758482535257,0.8613893619275016,10,0.01385096234721426,0.029237062605286593,-0.007063972298290951,0.034765896992719474,10,0.0109375,0.024484706819881578,-0.006577804114702095,0.028452804114702093,10,0.08951090298830458,0.09324167466840153,0.02280982708834549,0.15621197888826366,10,0.6278227863542502,0.1961866558174527,0.4874793072524778,0.7681662654560225,10,0.7546826134214533,0.37122698990479547,0.4891228225037941,1.0202424043391125,10
{},always_ofdm,16,0.719879640426409,0.3007697794208822,0.5047219016050912,0.9350373792477267,10,0.04729007940975241,0.05069138589050183,0.011027646438862025,0.08355251238064279,10,0.028125,0.031075903937867293,0.005894637508216383,0.050355362491783615,10,0.14290571832980709,0.08553662933640661,0.08171649981904378,0.2040949368405704,10,1.0,0.0,1.0,1.0,10,1.1227018569876217,0.47832960745802183,0.780525468953834,1.4648782450214095,10
{},always_otfs,16,0.235930342227927,0.20533038903439635,0.08904583042289904,0.38281485403295495,10,0.01815595193181932,0.03835157566668479,-0.00927911257687802,0.04559101644051666,10,0.0140625,0.020104436526686233,-0.0003193475103692323,0.028444347510369235,10,0.0916707658794328,0.0863850936679176,0.029874592549638326,0.15346693920922727,10,1.0,0.0,1.0,1.0,10,0.2894275104450893,0.29770036291291047,0.07646549992010371,0.5023895209700748,10
{},always_afdm,16,0.21174915900505292,0.19665537992766,0.07107037487404055,0.3524279431360653,10,0.01052988696356137,0.03329842630896837,-0.013290372255102984,0.034350146182225726,10,0.0125,0.023058274605394436,-0.003994895979144476,0.028994895979144477,10,0.07639511625707426,0.08369336334492568,0.016524490802890285,0.13626574171125824,10,1.0,0.0,1.0,1.0,10,0.22549499053975985,0.2299309391885845,0.061012305290820884,0.3899776757886988,10
{},linucb,16,1.0570985523781193,0.27908252165165187,0.8574549431739698,1.256742161582269,10,0.06806817701957549,0.08895752098817845,0.004431800041079334,0.13170455399807163,10,0.0265625,0.03379401707814236,0.0023877165020629552,0.05073728349793705,10,0.1429508678353517,0.11603101592260566,0.05994727928627272,0.2259544563844307,10,0.29938134736069993,0.02627882608561175,0.28058260763909104,0.3181800870823088,10,1.212267356258865,0.21571119097766786,1.0579568660940206,1.3665778464237095,10
{},uncertainty_aware,16,0.6698583603399885,0.27818925590050764,0.47085375495980275,0.8688629657201742,10,0.01052988696356137,0.03329842630896837,-0.013290372255102984,0.034350146182225726,10,0.0125,0.023058274605394436,-0.003994895979144476,0.028994895979144477,10,0.07639511625707426,0.08369336334492568,0.016524490802890285,0.13626574171125824,10,0.5356067453226251,0.00387775004564839,0.532832770047774,0.5383807205974762,10,0.774883382575772,0.360832778592589,0.5167591625026018,1.0330076026489423,10
{},always_ofdm,17,0.7564347595547146,0.29446840591903717,0.5457847517851536,0.9670847673242756,10,0.03655511912830555,0.04766478772606272,0.0024577840559983216,0.07065245420061278,10,0.0171875,0.018706546870904138,0.003805642508704153,0.03056935749129585,10,0.122676444536763,0.08408308147056448,0.06252703153001447,0.18282585754351155,10,1.0,0.0,1.0,1.0,10,1.1702406343079637,0.47022842987485114,0.833859479604935,1.5066217890109923,10
{},always_otfs,17,0.26021631806943873,0.20661234136108003,0.1124147528143698,0.40801788332450767,10,0.024285975841511757,0.03916506432189173,-0.0037310233946310292,0.052302975077654544,10,0.0109375,0.014823176532039278,0.0003336382991214089,0.02154136170087859,10,0.1014577017974084,0.08426504390907896,0.041178120703638056,0.16173728289117875,10,1.0,0.0,1.0,1.0,10,0.31574754502607644,0.2680592205449874,0.12398953039536822,0.5075055596567847,10
{},always_afdm,17,0.2201267012869832,0.19641524978120653,0.07961969591457232,0.3606337066593941,10,0.008377542281930269,0.02649211480526412,-0.010573774998251368,0.027328859562111906,10,0.009375,0.019764235376052368,-0.0047634822678381174,0.023513482267838115,10,0.07397282924798945,0.0798305250949969,0.01686551181260794,0.13108014668337098,10,1.0,0.0,1.0,1.0,10,0.22433015257132802,0.24108076177242124,0.05187136473649667,0.39678894040615936,10
{},linucb,17,1.1006498961299784,0.2752455806282337,0.903751069184801,1.297548723075156,10,0.04355134375185896,0.037914474958191106,0.016428962253594977,0.07067372525012294,10,0.0078125,0.01518477055949297,-0.0030500304855817263,0.018675030485581726,10,0.12328692760729318,0.08443441484646051,0.06288618584379323,0.18368766937079312,10,0.27082618590802715,0.037816714754167695,0.24377373784684214,0.29787863396921216,10,1.2604166166497368,0.22859263662605148,1.0968912953812078,1.4239419379182658,10
{},uncertainty_aware,17,0.6874884117065378,0.29623126237559544,0.47557733239651173,0.8993994910165639,10,0.01763005136654939,0.0372245838612322,-0.008998811771125173,0.04425891450422395,10,0.0125,0.023058274605394436,-0.003994895979144476,0.028994895979144477,10,0.08322533833260856,0.09682024144304358,0.013964309976868858,0.15248636668834825,10,0.5340702551725991,0.001889609040024059,0.5327185102961999,0.5354220000489983,10,0.7829710536919594,0.373663985064978,0.5156679414566034,1.0502741659273154,10
{},always_ofdm,18,0.8044475803534666,0.32848520631928296,0.5694634194979629,1.0394317412089704,10,0.04801282079875207,0.050880549254528055,0.011615068509045541,0.08441057308845859,10,0.021875,0.015095184110613998,0.011076555799306817,0.03267344420069318,10,0.15373780340881013,0.06977838139441364,0.10382135638962803,0.20365425042799223,10,1.0,0.0,1.0,1.0,10,1.2470637606570656,0.5107250325195299,0.8817130815831002,1.612414439731031,10
{},always_otfs,18,0.28959227692996914,0.21574260377831483,0.1352593154012455,0.4439252384586928,10,0.02937595886053032,0.048298338788325346,-0.005174591339462728,0.06392650906052337,10,0.015625,0.01948779888944761,0.0016842684819217482,0.029565731518078252,10,0.12037762194206811,0.08431370920554462,0.06006322779238909,0.18069201609174712,10,1.0,0.0,1.0,1.0,10,0.35921048990843657,0.30144854362483553,0.1435671924262831,0.57485378739059,10
{},always_afdm,18,0.23672326948744882,0.21850792799572497,0.08041211418250402,0.3930344247923936,10,0.01659656820046563,0.03505173586358942,-0.008477933116432235,0.04167106951736349,10,0.009375,0.01092509216843908,0.0015596598687479743,0.017190340131252025,10,0.10238700967210419,0.08302852127466163,0.04299198358427518,0.16178203575993322,10,1.0,0.0,1.0,1.0,10,0.2498024851837241,0.26317501688954203,0.06153841936819218,0.43806655099925607,10
{},linucb,18,1.157478938037016,0.30307447738850257,0.9406725176083437,1.3742853584656884,10,0.056829041907037636,0.09065123660613084,-0.008018946235541072,0.12167703004961634,10,0.0078125,0.008235098073355155,0.0019214657217341159,0.013703534278265884,10,0.14905503056790975,0.08106566851883784,0.09106414475439753,0.20704591638142197,10,0.27116289588938486,0.03707522870788304,0.24464087499210357,0.29768491678666614,10,1.3325569701579387,0.24288314368636835,1.158808835973737,1.5063051043421405,10
{},uncertainty_aware,18,0.6953407437793658,0.3004578036767004,0.48040617896114934,0.9102753085975823,10,0.007852332072828,0.02483125429412765,-0.009910877170828836,0.025615541316484837,10,0.0078125,0.011048543456039806,-9.115186239035643e-05,0.015716151862390358,10,0.08649991640160941,0.08131518692737365,0.028330535871379882,0.14466929693183894,10,0.5308935300187745,0.010492321237488778,0.5233877755616888,0.5383992844758602,10,0.7925562930338605,0.3752506497366097,0.5241181492681651,1.060994436799556,10
{},always_ofdm,19,0.8338158499017558,0.32893011640392794,0.5985134195446574,1.0691182802588544,10,0.029368269548289215,0.04767953293552252,-0.00473961361143533,0.06347615270801377,10,0.025,0.02352414539715878,0.008171840132668647,0.041828159867331356,10,0.12873471177768603,0.09063166737851064,0.06390072261723029,0.19356870093814177,10,1.0,0.0,1.0,1.0,10,1.2906924071832453,0.5009604981738677,0.9323268551872099,1.6490579591792807,10
{},always_otfs,19,0.3182615841383289,0.24876726494987614,0.14030420317260386,0.49621896510405394,10,0.02866930720835979,0.04655240462994088,-0.004632276934031999,0.06197089135075158,10,0.01875,0.02057126839388698,0.004034201089493282,0.03346579891050672,10,0.12203955795941282,0.08627672832621146,0.06032090452517762,0.183758211393648,10,1.0,0.0,1.0,1.0,10,0.39614398261634315,0.35436608271925346,0.14264575809508984,0.6496422071375965,10
{},always_afdm,19,0.2456412073908274,0.2145391266378897,0.09216916154570595,0.3991132532359488,10,0.0089179379033786,0.028200995806622983,-0.01125583920263737,0.029091715009394573,10,0.009375,0.015095184110613998,-0.001423444200693182,0.020173444200693183,10,0.08837319898207208,0.0818550775641652,0.029817603956335273,0.1469287940078089,10,1.0,0.0,1.0,1.0,10,0.25306961891429,0.24576536596095272,0.07725966712137075,0.42887957070720917,10
{},linucb,19,1.2020610282005089,0.30345160310905817,0.9849848282832112,1.4191372281178065,10,0.04458209016349287,0.07497674627059693,-0.009053043069714162,0.0982172233966999,10,0.0109375,0.01482317653203928,0.0003336382991214089,0.02154136170087859,10,0.13182484354027407,0.08597120271793486,0.07032474995987582,0.19332493712067234,10,0.25727626615856736,0.04188696724431937,0.2273121348694361,0.2872403974476986,10,1.3792757484467062,0.2617548842578017,1.1920275843167092,1.5665239125767032,10
{},uncertainty_aware,19,0.7126762756285866,0.31651846601518174,0.48625260509179064,0.9390999461653826,10,0.017335531849220782,0.036565532926219654,-0.008821874650694481,0.04349293834913605,10,0.0109375,0.014823176532039278,0.0003336382991214089,0.02154136170087859,10,0.10393365007077142,0.08271394540048534,0.044763658006991745,0.16310364213455109,10,0.5141555888531363,0.0680835359587423,0.4654515612209445,0.562859616485328,10,0.8113838778531258,0.38809840331550066,0.5337550048383344,1.0890127508679173,10
{},always_ofdm,20,0.8902964534594947,0.33128380296242144,0.6533102971682461,1.1272826097507433,10,0.05648060355773873,0.051890306404545374,0.019360514517396205,0.09360069259808125,10,0.01875,0.02833639689319884,-0.0015206372083763318,0.03902063720837633,10,0.12233100398693479,0.08695399825904979,0.06012786082902544,0.18453414714484415,10,1.0,0.0,1.0,1.0,10,1.3827745661687725,0.4849371488181003,1.0358714277914491,1.7296777045460958,10
{},always_otfs,20,0.32682260907422234,0.2625744123638553,0.13898818985390826,0.5146570282945364,10,0.00856102493589342,0.027072337902920195,-0.010805358944210435,0.027927408815997277,10,0.0015625,0.004941058844013093,-0.00197212056695953,0.00509712056695953,10,0.03861239837807077,0.05044886191408873,0.002523456608575246,0.0747013401475663,10,1.0,0.0,1.0,1.0,10,0.4045075359930063,0.3711730118810429,0.1389863586274101,0.6700287133586025,10
{},always_afdm,20,0.25403590267301185,0.2352417159028402,0.085754116625368,0.42231768872065567,10,0.008394695282184469,0.026546357354772836,-0.010595424780386638,0.027384815344755578,10,0.0015625,0.004941058844013093,-0.00197212056695953,0.00509712056695953,10,0.03942737136964296,0.049493216943319575,0.004022056829660184,0.07483268590962573,10,1.0,0.0,1.0,1.0,10,0.26224814528252527,0.28971418953161826,0.0549990990382673,0.46949719152678326,10
{},linucb,20,1.2769531056291366,0.29078128773068496,1.0689407033188085,1.4849655079394646,10,0.07489207742862754,0.08650762324730933,0.013008251718027337,0.13677590313922774,10,0.003125,0.006588078458684124,-0.001587827422612707,0.007837827422612707,10,0.10451520135632535,0.08388865093781483,0.04450487557391427,0.16452552713873642,10,0.24950540163372845,0.038731473187122396,0.22179857481021822,0.2772122284572387,10,1.4535421048016242,0.26631016985862244,1.2630352856583307,1.6440489239449176,10
{},uncertainty_aware,20,0.7360519843529524,0.3408115218020774,0.4922501085914406,0.9798538601144642,10,0.02337570872436567,0.03805492133715688,-0.0038471420610125366,0.05059855950974387,10,0.003125,0.006588078458684124,-0.001587827422612707,0.007837827422612707,10,0.06155124195468133,0.06678702507867759,0.013774682334232853,0.10932780157512981,10,0.5160024526533633,0.0687315392264024,0.46683487140854785,0.5651700338981788,10,0.8426862748063995,0.4408768859126944,0.52730194977812,1.158070599834679,10
{},always_ofdm,21,0.9546620049460259,0.3486922834786905,0.7052225718947007,1.2041014379973511,10,0.06436555148653103,0.04506744649064941,0.032126242404185,0.09660486056887707,10,0.021875,0.018340434230894802,0.008755043714104453,0.034994956285895544,10,0.1387583122864505,0.08089163918414304,0.08089191955935676,0.19662470501354423,10,1.0,0.0,1.0,1.0,10,1.4967536479017864,0.5043909339461177,1.1359341099855225,1.8575731858180504,10
{},always_otfs,21,0.3445783030135567,0.285157819015652,0.1405886878841368,0.5485679181429766,10,0.01775569393933433,0.03786231936181337,-0.009329377692874903,0.04484076557154356,10,0.00625,0.015095184110613998,-0.004548444200693181,0.01704844420069318,10,0.05663143967007743,0.0699129731978152,0.006618711474842609,0.10664416786531225,10,1.0,0.0,1.0,1.0,10,0.4363597451096474,0.4085565265524391,0.14409601235375147,0.7286234778655434,10
{},always_afdm,21,0.2626616365376211,0.2263659106501583,0.10072921907369084,0.42459405400155137,10,0.00862573386460923,0.027276965502611626,-0.010887031782089709,0.028138499511308167,10,0.0015625,0.004941058844013093,-0.00197212056695953,0.00509712056695953,10,0.04117300006124124,0.04835980048262153,0.006578482813779672,0.07576751730870282,10,1.0,0.0,1.0,1.0,10,0.2786419147903302,0.2731717268178429,0.08322663349042603,0.47405719609023433,10
{},linucb,21,1.321585560929569,0.30669146589719654,1.102191702792322,1.540979419066816,10,0.04463245530043265,0.0712770326234355,-0.006356062225098144,0.09562097282596345,10,0.003125,0.006588078458684124,-0.001587827422612707,0.007837827422612707,10,0.07699761630254906,0.07842095075313904,0.020898647607119528,0.1330965849979786,10,0.2352576865377905,0.03452136440525145,0.2105625901063538,0.2599527829692272,10,1.505760490550737,0.31113982312411087,1.2831844693509136,1.7283365117505602,10
{},uncertainty_aware,21,0.7540386567405062,0.33833617768866353,0.5120075354852226,0.9960697779957898,10,0.01798667238755384,0.03795881048008862,-0.00916742483248013,0.04514076960758781,10,0.0046875,0.010546071214227388,-0.0028567048741424015,0.0122317048741424,10,0.05748759661863547,0.06711454092165052,0.009476746278095721,0.10549844695917522,10,0.511441861435507,0.06780946547853571,0.4629338920140585,0.5599498308569554,10,0.8753946408715987,0.4397934690229341,0.5607853455974736,1.1900039361457238,10
{},always_ofdm,22,0.9966529508463988,0.3694059151002833,0.7323958783664688,1.2609100233263288,10,0.041990945900373215,0.04435164917046575,0.010263687374308508,0.07371820442643792,10,0.015625,0.01275775907699572,0.006498648939335681,0.02475135106066432,10,0.13387440363527087,0.0768079610724125,0.07892929824723699,0.18881950902330474,10,1.0,0.0,1.0,1.0,10,1.555610040014426,0.545258136893786,1.1655558662411205,1.9456642137877314,10
{},always_otfs,22,0.3615154179833626,0.2954328720463598,0.15017547270902953,0.5728553632576957,10,0.01693711496980593,0.03592425799493062,-0.008761551079374524,0.04263578101898638,10,0.015625,0.02946278254943948,-0.005451404966374283,0.03670140496637428,10,0.09207969785411699,0.09028514850682874,0.027493593361574184,0.15666580234665978,10,1.0,0.0,1.0,1.0,10,0.4534214314411331,0.418420076518547,0.15410174009942085,0.7527411227828453,10
{},always_afdm,22,0.2895809930954153,0.22402299145261906,0.1293245990596174,0.4498373871312132,10,0.026919356557794188,0.04340032074261042,-0.004127362607541173,0.05796607572312955,10,0.0140625,0.020104436526686233,-0.0003193475103692323,0.028444347510369235,10,0.10659313701301569,0.08835257476261928,0.04338951249472488,0.16979676153130652,10,1.0,0.0,1.0,1.0,10,0.31021704028071456,0.26087610066761874,0.12359752006082408,0.49683656050060504,10
{},linucb,22,1.3624930188278992,0.33702611372745767,1.1213990608745508,1.6035869767812476,10,0.040907457898330106,0.0743036467999587,-0.01224616898013877,0.09406108477679898,10,0.0140625,0.0289519627285152,-0.006648486479760371,0.03477348647976037,10,0.11353606853537346,0.10828505656473726,0.036073605506450626,0.1909985315642963,10,0.23342734025642478,0.047192836311323406,0.1996676188879423,0.2671870616249073,10,1.5442785475634788,0.35944503905140246,1.2871470565548095,1.801410038572148,10
{},uncertainty_aware,22,0.7885889065534547,0.35008414246316644,0.5381537975654227,1.0390240155414867,10,0.03455024981294855,0.04482641050107035,0.0024833674903396233,0.06661713213555748,10,0.0171875,0.020104436526686233,0.0028056524896307687,0.03156934751036923,10,0.12218617797887905,0.08632458033895406,0.06043329327686299,0.1839390626808951,10,0.5116655727287596,0.06755698368544523,0.4633382179016347,0.5599929275558844,10,0.9225628073278465,0.46689242989503993,0.5885680832487528,1.2565575314069402,10
{},always_ofdm,23,1.0151384738206297,0.3825710547155427,0.7414636277986231,1.2888133198426364,10,0.0184855229742308,0.03897868745385255,-0.009398150282243688,0.04636919623070529,10,0.0140625,0.021411254990723404,-0.001254189123491298,0.0293791891234913,10,0.09195891494128955,0.08661340950575713,0.029999414300150053,0.15391841558242905,10,1.0,0.0,1.0,1.0,10,1.5781949298387108,0.573510735519714,1.1679300645262312,1.9884597951511904,10
{},always_otfs,23,0.3706367881427894,0.31027817780497075,0.14867715087252548,0.5925964254130534,10,0.00912137015942676,0.028844305085281734,-0.011512602681764125,0.029755343000617645,10,0.0078125,0.01327869664998121,-0.0016865073510882941,0.017311507351088294,10,0.07155220013728085,0.07813008903680106,0.01566130137932132,0.1274430988952404,10,1.0,0.0,1.0,1.0,10,0.45559960646140907,0.4596597391295011,0.12677883767032166,0.7844203752524965,10
{},always_afdm,23,0.2895809930954153,0.22402299145261906,0.1293245990596174,0.4498373871312132,10,0.0,0.0,0.0,0.0,10,0.0046875,0.010546071214227388,-0.0028567048741424015,0.0122317048741424,10,0.05624819592169741,0.06659163100063428,0.00861141280436644,0.10388497903902838,10,1.0,0.0,1.0,1.0,10,0.29709121108540715,0.256118603758978,0.11387499913433102,0.48030742303648327,10
{},linucb,23,1.4157913577417993,0.36585114006329766,1.154077218133812,1.6775054973497867,10,0.05329833891390025,0.03820327929571417,0.02596935923830975,0.08062731858949074,10,0.009375,0.021092142428454776,-0.005713409748284803,0.0244634097482848,10,0.10885199829886669,0.07609328252935439,0.054418143142171124,0.16328585345556224,10,0.2416866097953835,0.04703679616839474,0.20803851282075644,0.2753347067700106,10,1.5837565207453408,0.38269987045873444,1.3099895254918419,1.8575235159988397,10
{},uncertainty_aware,23,0.7885889065534547,0.35008414246316644,0.5381537975654227,1.0390240155414867,10,0.0,0.0,0.0,0.0,10,0.0046875,0.010546071214227388,-0.0028567048741424015,0.0122317048741424,10,0.056786527672556694,0.06631653886063117,0.009346533617360063,0.10422652172775332,10,0.5119574672125271,0.06819455795933853,0.4631740192254922,0.560740915199562,10,0.9099753098833983,0.47568760215299455,0.5696888985902197,1.2502617211765767,10
{},always_ofdm,24,1.0701895370875367,0.39113361066403013,0.7903894075348681,1.3499896666402054,10,0.05505106326690701,0.047744283156524986,0.020896860589424075,0.08920526594438993,10,0.0296875,0.022642776165920996,0.013489833698960226,0.04588516630103977,10,0.15874872622316313,0.07220495447670629,0.10709641339167758,0.2104010390546487,10,1.0,0.0,1.0,1.0,10,1.6760014822810718,0.5778409594028678,1.2626389614093023,2.0893640031528413,10
{},always_otfs,24,0.3788612799939258,0.324082707922019,0.14702647677050745,0.6106960832173443,10,0.00822449185113645,0.02600812684708568,-0.010380601300747042,0.02682958500301994,10,0.0046875,0.007547592055306998,-0.000711722100346591,0.010086722100346592,10,0.06976985757120543,0.0743414386763678,0.016589196012957053,0.12295051912945382,10,1.0,0.0,1.0,1.0,10,0.46442729025181234,0.48320450267804427,0.11876361225641208,0.8100909682472126,10
{},always_afdm,24,0.29787908643994443,0.24519481956968758,0.12247727894820346,0.4732808939316854,10,0.008298093344529061,0.02624087520539616,-0.010473497952829283,0.027069684641887404,10,0.0109375,0.024484706819881578,-0.006577804114702095,0.028452804114702093,10,0.07485500568423027,0.08232678230373394,0.015961973415455535,0.133748037953005,10,1.0,0.0,1.0,1.0,10,0.3110040429888352,0.28459763335592525,0.10741516053973654,0.5145929254379339,10
{},linucb,24,1.4896314961106873,0.37593839202174834,1.2207013711517778,1.758561621069597,10,0.07384013836888804,0.0775957749558508,0.018331464878703102,0.129348811859073,10,0.015625,0.024429248749080364,-0.0018506318007616568,0.03310063180076166,10,0.1421842584696541,0.11494404672585196,0.05995824084206945,0.22441027609723874,10,0.23392892933261406,0.049216680790283206,0.1987214368394613,0.2691364218257668,10,1.6649986054341928,0.3811374530903661,1.3923492962351924,1.937647914633193,10
{},uncertainty_aware,24,0.8511062665028971,0.393462955775839,0.5696398238380658,1.1325727091677285,10,0.06251735994944244,0.09451088996357736,-0.00509165787710672,0.1301263777759916,10,0.0171875,0.02381068635554679,0.00015436107923726475,0.03422063892076274,10,0.1364069297626579,0.10045979693256268,0.06454232025276292,0.20827153927255287,10,0.6043993793354437,0.21885461797434297,0.4478402169600576,0.7609585417108299,10,0.9854400658652539,0.5138675247622473,0.617841383263446,1.3530387484670618,10
{},always_ofdm,25,1.1166429247590028,0.41824533238111405,0.8174482378427842,1.4158376116752214,10,0.046453387671465805,0.04912719476431904,0.01130990962497596,0.08159686571795566,10,0.0328125,0.027999333449407526,0.012782983453895995,0.05284201654610401,10,0.1607153447323933,0.07455150378045824,0.10738441165122664,0.21404627781355995,10,1.0,0.0,1.0,1.0,10,1.7311763077632238,0.6236472848500906,1.285045915644834,2.1773066998816137,10
{},always_otfs,25,0.4186895517220467,0.32690380984603606,0.18483665375478567,0.6525424496893077,10,0.0398282717281209,0.04202440420786997,0.00976582395797566,0.06989071949826614,10,0.01875,0.021850184336878156,0.0031193197374959555,0.03438068026250404,10,0.15077416298533353,0.06834329413243054,0.10188431554970695,0.1996640104209601,10,1.0,0.0,1.0,1.0,10,0.509660933986905,0.4934101955702422,0.15669654310067482,0.8626253248731353,10
{},always_afdm,25,0.29787908643994443,0.24519481956968758,0.12247727894820346,0.4732808939316854,10,0.0,0.0,0.0,0.0,10,0.009375,0.01679637030895531,-0.00264039949604869,0.02139039949604869,10,0.07390682349108325,0.0808656285480872,0.016059037652121216,0.1317546093300453,10,1.0,0.0,1.0,1.0,10,0.2793703472296777,0.27396810293635077,0.08338537277363475,0.4753553216857206,10
{},linucb,25,1.536844823546373,0.4214625077738374,1.235348707995194,1.838340939097552,10,0.0472133274356855,0.07251843725627653,-0.004663237467074047,0.09908989233844505,10,0.0125,0.012325166214790868,0.0036831072307951847,0.021316892769204815,10,0.14018548321585922,0.07598784625434397,0.08582705262663404,0.1945439138050844,10,0.21819396899972418,0.04449474736631973,0.18636434419102085,0.25002359380842754,10,1.6996435693998113,0.4150195578526333,1.4027564625697027,1.99653067622992,10
{},uncertainty_aware,25,0.9296221497968415,0.4204072342305514,0.628880931462559,1.2303633681311241,10,0.07851588329394452,0.09953300955430669,0.0073142575354678,0.14971750905242123,10,0.025,0.025727268823392643,0.006595820574967562,0.04340417942503244,10,0.1697878354432,0.1088800543698071,0.09189973662537256,0.24767593426102746,10,0.697205000356916,0.26899679808217813,0.5047762831600788,0.8896337175537532,10,1.0496873820582133,0.5505977691581099,0.6558134654691856,1.443561298647241,10
{},always_ofdm,26,1.1777397508967127,0.43777586311643585,0.8645737639413641,1.4909057378520614,10,0.06109682613770995,0.053646196698281044,0.022720648849585717,0.09947300342583418,10,0.0421875,0.03612196017583271,0.01634740633038228,0.06802759366961772,10,0.16968658389844699,0.07940079592739833,0.11288667619081172,0.22648649160608225,10,1.0,0.0,1.0,1.0,10,1.8220362059290522,0.6508207159135819,1.3564671122399958,2.2876052996181087,10
{},always_otfs,26,0.44430974063323436,0.3644177533000189,0.18362098414531064,0.704998497121158,10,0.025620188911187596,0.041378281431826765,-0.003980050468998776,0.05522042829137397,10,0.025,0.040477831724428016,-0.003956096463503495,0.053956096463503495,10,0.11288995304421882,0.09635854908525472,0.04395919950506541,0.18182070658337224,10,1.0,0.0,1.0,1.0,10,0.5437242012985053,0.5525963931851734,0.1484205552092434,0.9390278473877671,10
{},always_afdm,26,0.3063390601590081,0.24860461725141356,0.1284980303476214,0.48418008997039474,10,0.00845997371906365,0.02675278589740658,-0.010677816427073617,0.027597763865200915,10,0.015625,0.03125,-0.006729903312135625,0.037979903312135625,10,0.07952652998924079,0.08864117877363734,0.016116450598572266,0.14293660937990932,10,1.0,0.0,1.0,1.0,10,0.28007019148629986,0.2840935005246396,0.07684194393959681,0.4832984390330029,10
{},linucb,26,1.6000852519005595,0.4137147947389097,1.304131516374532,1.896038987426587,10,0.06324042835418636,0.0699358216237246,0.01321135537968629,0.11326950132868643,10,0.0234375,0.043106628534497,-0.007399124416026467,0.05427412441602647,10,0.14788926765091104,0.11033166330701367,0.06896275035505847,0.2268157849467636,10,0.21874683230279532,0.03449231809417395,0.1940725143505814,0.24342115025500924,10,1.7687061513181035,0.3961166853931858,1.4853413448448773,2.0520709577913294,10
{},uncertainty_aware,26,0.9637046208263902,0.3969725317805613,0.6797275787294899,1.2476816629232905,10,0.03408247102954852,0.04689890224555802,0.0005330174249165223,0.06763192463418052,10,0.0234375,0.038450060052691144,-0.004068015994359006,0.050943015994359006,10,0.13418800937099623,0.1034646767461505,0.06017383833478626,0.2082021804072062,10,0.856449320261552,0.2315574981321617,0.690803064839328,1.022095575683776,10,1.1050487056965907,0.543265625235258,0.7164198888984755,1.493677522494706,10
{},always_ofdm,27,1.2252183483518622,0.4211387851240372,0.9239538100338426,1.5264828866698816,10,0.047478597455149575,0.050238430577687856,0.011540189195384777,0.08341700571491437,10,0.028125,0.017738944131173332,0.015435323810823822,0.04081467618917618,10,0.15741437804244304,0.07109278126511655,0.10655766599852344,0.20827109008636263,10,1.0,0.0,1.0,1.0,10,1.8929513520877126,0.6233081292195297,1.4470635772918494,2.3388391268835758,10
{},always_otfs,27,0.46132690008494526,0.3758019448989173,0.1924943835176552,0.7301594166522354,10,0.017017159451710877,0.035902420444581015,-0.00866588495501712,0.042700203858438875,10,0.0140625,0.01719538960335331,0.0017616592960811063,0.026363340703918894,10,0.10591134938171827,0.08728805962217633,0.04346923312067246,0.16835346564276407,10,1.0,0.0,1.0,1.0,10,0.5631363187964408,0.553091815147648,0.16747826918494435,0.9587943684079372,10
{},always_afdm,27,0.319702865598326,0.23388794662353468,0.1523895077537482,0.4870162234429038,10,0.01336380543931796,0.04226006339559186,-0.016867222758223735,0.043594833636859655,10,0.0203125,0.03214854033752284,-0.0026851803478916796,0.04331018034789168,10,0.0978185807460666,0.09420667913181026,0.030427182238898495,0.16520997925323472,10,1.0,0.0,1.0,1.0,10,0.29138954034858366,0.2693263443919051,0.09872507992324031,0.484054000773927,10
{},linucb,27,1.6881498074955896,0.39939355869948456,1.402440867072654,1.9738587479185252,10,0.0880645555950301,0.09823396731100668,0.01779220867646862,0.15833690251359156,10,0.0234375,0.025779934730759544,0.004995645654422502,0.0418793543455775,10,0.17086677908869252,0.10171007369018892,0.09810777546583291,0.24362578271155214,10,0.2074492427807087,0.03832851788477091,0.18003067281554022,0.23486781274587717,10,1.8530736985230132,0.38296307336739266,1.5791184192511296,2.1270289777948967,10
{},uncertainty_aware,27,1.0396218715571666,0.4119137355174846,0.7449565361832793,1.3342872069310538,10,0.07591725073077624,0.07239156030494669,0.024131448131361248,0.12770305333019122,10,0.0203125,0.02448470681988158,0.0027971958852979067,0.037827804114702095,10,0.17532566186517862,0.0732627247816643,0.12291666574109195,0.2277346579892653,10,0.857375441049463,0.2300874193838287,0.6927808166122056,1.0219700654867203,10,1.1938751356779866,0.5445306156034757,0.8043413992839581,1.5834088720720152,10
{},always_ofdm,28,1.2938891747987848,0.4487208693559644,0.9728936020439041,1.6148847475536656,10,0.06867082644692293,0.04789729272691473,0.03440716731657939,0.10293448557726648,10,0.03125,0.020833333333333332,0.016346731125242916,0.046153268874757084,10,0.16046515115215626,0.07365697450333474,0.10777412576698868,0.21315617653732383,10,1.0,0.0,1.0,1.0,10,1.9936645899171972,0.6527088632297255,1.5267447970060142,2.4605843828283804,10
{},always_otfs,28,0.4882669096737137,0.38623180228818693,0.21197332259453605,0.7645604967528914,10,0.026940009588768486,0.04360601369806967,-0.004253853452767804,0.05813387263030478,10,0.009375,0.013176156917368247,-5.06548452254129e-05,0.01880065484522541,10,0.0867190536306757,0.08311275473031329,0.027263770558631016,0.14617433670272037,10,1.0,0.0,1.0,1.0,10,0.5901034591044444,0.5555221311972611,0.192706866123123,0.9875000520857657,10
{},always_afdm,28,0.3389250195457714,0.2400719454460002,0.16718789543691917,0.5106621436546237,10,0.019222153947445357,0.04064534350816752,-0.009853773227390623,0.04829808112228134,10,0.0125,0.023058274605394436,-0.003994895979144476,0.028994895979144477,10,0.07677956870024467,0.08266579604304969,0.017644020611825482,0.13591511678866386,10,1.0,0.0,1.0,1.0,10,0.30841719572615606,0.2722742095222415,0.11364395962190432,0.5031904318304078,10
{},linucb,28,1.7620081654093531,0.38189425768713814,1.4888174708155681,2.0351988600031383,10,0.07385835791376358,0.11040485053022751,-0.005120514367645115,0.15283723019517226,10,0.009375,0.015095184110613998,-0.001423444200693182,0.020173444200693183,10,0.1312406522063874,0.10972568472084329,0.052747625877032855,0.20973367853574193,10,0.20798957124270384,0.03419562050062217,0.1835274979630273,0.23245164452238037,10,1.9245624374067283,0.36675494378667206,1.6622017555635669,2.1869231192498897,10
{},uncertainty_aware,28,1.1387352479898252,0.43271303147732554,0.8291909926113704,1.4482795033682798,10,0.09911337643265838,0.07457017611779108,0.04576908596602975,0.15245766689928703,10,0.0203125,0.022158382693940257,0.00446134791435732,0.03616365208564268,10,0.16735889461526057,0.09983292064547891,0.09594272538653131,0.23877506384398983,10,0.8156734832543078,0.23798222440789116,0.6454312555216559,0.9859157109869596,10,1.301482116970575,0.5525151607526232,0.9062365810629281,1.6967276528782218,10
{},always_ofdm,29,1.3234112218777905,0.47580406158151606,0.9830415005281515,1.6637809432274295,10,0.029522047079005454,0.04819330880351845,-0.004953369196020133,0.06399746335403105,10,0.0171875,0.020104436526686233,0.0028056524896307687,0.03156934751036923,10,0.1083901498891731,0.08946103264012432,0.044393582373211865,0.17238671740513434,10,1.0,0.0,1.0,1.0,10,2.025640025453154,0.6844103208475313,1.536042375905177,2.515237675001131,10
{},always_otfs,29,0.4882669096737137,0.38623180228818693,0.21197332259453605,0.7645604967528914,10,0.0,0.0,0.0,0.0,10,0.003125,0.006588078458684124,-0.001587827422612707,0.007837827422612707,10,0.05360954645675141,0.06577959603582198,0.006553658159402925,0.10066543475409989,10,1.0,0.0,1.0,1.0,10,0.5672982912079798,0.5346800638749669,0.18481121502073544,0.9497853673952241,10
{},always_afdm,29,0.3389250195457714,0.2400719454460002,0.16718789543691917,0.5106621436546237,10,0.0,0.0,0.0,0.0,10,0.0125,0.03439077920670662,-0.012101681407837787,0.03710168140783779,10,0.06346760744987337,0.08048574078312612,0.005891576947076711,0.12104363795267004,10,1.0,0.0,1.0,1.0,10,0.2954700888228134,0.25982641487580754,0.1096014685832129,0.4813387090624139,10
{},linucb,29,1.8566633242500425,0.4162194564117063,1.5589178616992156,2.1544087868008694,10,0.09465515884068956,0.0876423739218592,0.031959581398475184,0.15735073628290394,10,0.015625,0.020833333333333332,0.0007217311252429165,0.030528268874757084,10,0.1505002081099455,0.10569670329332152,0.07488934146886743,0.22611107475102354,10,0.23502108324567952,0.05984403200446166,0.19221124166910064,0.2778309248222584,10,1.9986479311634582,0.4010367180857134,1.711763545325944,2.2855323170009725,10
{},uncertainty_aware,29,1.1611518559987284,0.434141951806351,0.8505854125947981,1.4717182994026587,10,0.0224166080089033,0.036208478973732534,-0.0034853774802898717,0.048318593498096474,10,0.0125,0.03439077920670662,-0.012101681407837787,0.03710168140783779,10,0.0839168953071882,0.0774479992015491,0.028513934223380603,0.13931985639099578,10,0.6728743902260989,0.2260351899885317,0.5111785560714162,0.8345702243807815,10,1.3089842979245467,0.5290759516487428,0.9305061621202655,1.687462433728828,10
{},always_ofdm,30,1.3676134506175233,0.5143389664448981,0.9996775189522604,1.735549382282786,10,0.044202228739732674,0.04680259905109761,0.01072166629032667,0.07768279118913868,10,0.0171875,0.018706546870904138,0.003805642508704153,0.03056935749129585,10,0.1209206475065944,0.08351646163093676,0.06117656991519357,0.18066472509799522,10,1.0,0.0,1.0,1.0,10,2.107241021761033,0.7439387735841159,1.5750592824451397,2.6394227610769265,10
{},always_otfs,30,0.4957638299566307,0.3843235449592573,0.22083532793610572,0.7706923319771557,10,0.00749692028291699,0.023707343530731607,-0.009462291634429864,0.024456132200263842,10,0.003125,0.006588078458684124,-0.001587827422612707,0.007837827422612707,10,0.05433022342754525,0.06571630828733478,0.007319608458141537,0.10134083839694896,10,1.0,0.0,1.0,1.0,10,0.5823088634368093,0.5329214751535053,0.2010798058362558,0.9635379210373629,10
{},always_afdm,30,0.3720772186016851,0.2560629372291176,0.18890082808717698,0.5552536091161931,10,0.03315219905591365,0.04287603666964724,0.0024805301228721897,0.0638238679889551,10,0.0078125,0.008235098073355155,0.0019214657217341159,0.013703534278265884,10,0.10086626287467419,0.08026637156008559,0.04344715966054088,0.1582853660888075,10,1.0,0.0,1.0,1.0,10,0.357016700498772,0.26171404880708843,0.16979774829045183,0.5442356527070922,10
{},linucb,30,1.9037094284196776,0.3983745158096113,1.618729467365511,2.1886893894738444,10,0.04704610416963524,0.054064592024240334,0.008370624895652788,0.08572158344361769,10,0.009375,0.015095184110613996,-0.001423444200693182,0.020173444200693183,10,0.12337093100059823,0.07382867864232422,0.07055707587381774,0.17618478612737873,10,0.2387150568624446,0.04102373577958787,0.20936844416307546,0.26806166956181376,10,2.082699210965341,0.38687979095726016,1.8059420807167397,2.359456341213942,10
{},uncertainty_aware,30,1.1989225529926961,0.4217730764390715,0.8972042700020583,1.5006408359833339,10,0.03777069699396812,0.040271324975738994,0.008962326559272513,0.06657906742866374,10,0.0046875,0.007547592055306998,-0.000711722100346591,0.010086722100346592,10,0.09888920318362511,0.07940574373820379,0.04208575602536064,0.1556926503418896,10,0.5845486754827915,0.1460066414666722,0.48010181618944403,0.6889955347761391,10,1.3685538499094563,0.5124612658446731,1.0019611443359429,1.7351465554829697,10
{},always_ofdm,31,1.407842488456882,0.5438214912129087,1.0188160290928505,1.7968689478209137,10,0.04022903783935867,0.0525499346306315,0.0026370791921006,0.07782099648661674,10,0.028125,0.023058274605394433,0.011630104020855528,0.044619895979144474,10,0.14503429425627906,0.08200057609614199,0.08637461585088149,0.20369397266167663,10,1.0,0.0,1.0,1.0,10,2.167496766726703,0.7986185528337514,1.5961994697066648,2.7387940637467407,10
{},always_otfs,31,0.5212537930571518,0.39838250744949705,0.23626811512820278,0.8062394709861008,10,0.02548996310052105,0.041148190218077946,-0.003945678940902864,0.054925605141944965,10,0.0140625,0.013681172433920518,0.004275578817377652,0.02384942118262235,10,0.11860174304630103,0.08347377083376556,0.05888820461147876,0.1783152814811233,10,1.0,0.0,1.0,1.0,10,0.6161320571925011,0.5588728450340229,0.21633850792806147,1.0159256064569406,10
{},always_afdm,31,0.39305053790057537,0.2529108730363602,0.21212899827447487,0.5739720775266759,10,0.02097331929889027,0.04487421812396237,-0.01112776253691334,0.05307440113469388,10,0.0125,0.019207384286026852,-0.0012401349949812297,0.02624013499498123,10,0.10490612553590539,0.08502552126275592,0.0440825317153345,0.1657297193564763,10,1.0,0.0,1.0,1.0,10,0.37714427674406803,0.26321929032533775,0.1888485396204878,0.5654400138676483,10
{},linucb,31,1.9534258518789223,0.39865945598359764,1.668242056903501,2.2386096468543437,10,0.049716423459244305,0.05083649408110356,0.013350186342091508,0.0860826605763971,10,0.009375,0.013176156917368247,-5.06548452254129e-05,0.01880065484522541,10,0.1451273635838557,0.08444888892394423,0.08471626768906995,0.20553845947864144,10,0.2399069808817178,0.04824852318009725,0.2053920666210967,0.2744218951423389,10,2.143048025258587,0.41222736170242025,1.8481583352274074,2.4379377152897668,10
{},uncertainty_aware,31,1.2556887885465446,0.43091014082297435,0.9474342434484218,1.5639433336446675,10,0.05676623555384826,0.101572291446003,-0.01589420458911038,0.12942667569680688,10,0.015625,0.02209708691207961,-0.00018230372478071286,0.031432303724780716,10,0.12769505219409477,0.11455192109583862,0.0457495443439552,0.20964056004423434,10,0.5404966061206242,0.006835369714044306,0.5356068771906991,0.5453863350505493,10,1.4114703528129418,0.533761002869775,1.0296407332627862,1.7932999723630973,10
{},always_ofdm,32,1.4252959421355953,0.5469399076177262,1.0340387020606303,1.8165531822105603,10,0.01745345367871317,0.03700881851613316,-0.009021060229271835,0.043927967586698174,10,0.0171875,0.020104436526686233,0.0028056524896307687,0.03156934751036923,10,0.10915974315796421,0.08928631910374359,0.04528815817682259,0.17303132813910582,10,1.0,0.0,1.0,1.0,10,2.1975920713323847,0.798038508701127,1.6267097128883976,2.7684744297763717,10
{},always_otfs,32,0.5369924460608393,0.3931523235534832,0.2557482163014928,0.8182366758201858,10,0.015738653003687618,0.033195472765060095,-0.008007957686345976,0.03948526369372121,10,0.015625,0.020833333333333332,0.0007217311252429165,0.030528268874757084,10,0.10677037505676683,0.08759336603728198,0.044109855743232645,0.169430894370301,10,1.0,0.0,1.0,1.0,10,0.6438379936969854,0.5508005551919724,0.24981901271819607,1.0378569746757746,10
{},always_afdm,32,0.40137253400692413,0.24712082215662695,0.22459294726366466,0.5781521207501836,10,0.00832199610634886,0.026316462375115236,-0.01050366699487214,0.02714765920756986,10,0.00625,0.008068715304598786,0.0004779887844014461,0.012022011215598555,10,0.08727912758205084,0.07986295466688348,0.030148611428462015,0.14440964373563966,10,1.0,0.0,1.0,1.0,10,0.3853589657738365,0.25289097547767714,0.2044516600037522,0.5662662715439208,10
{},linucb,32,2.03220231192853,0.4055886965263879,1.7420616368775694,2.3223429869794905,10,0.07877646004960827,0.09047545889505708,0.01405421570656501,0.14349870439265153,10,0.0109375,0.01054607121422739,0.003393295125857597,0.018481704874142402,10,0.16833476560527,0.08581003513261802,0.10694996437004961,0.22971956684049039,10,0.2083356140450323,0.0420322546135593,0.1782675504329624,0.23840367765710221,10,2.232318352311575,0.4088939839384283,1.9398132170841347,2.524823487539015,10
{},uncertainty_aware,32,1.2887352062868196,0.43513878147063,0.9774556738984532,1.600014738675186,10,0.03304641774027509,0.04303061758810681,0.0022641682796795543,0.06382866720087063,10,0.0140625,0.015537951968933645,0.0029473187541081917,0.025177681245891807,10,0.12860496054722384,0.07650841733640455,0.07387413583938882,0.18333578525505886,10,0.5326453181886254,0.020084115307180957,0.5182780076029674,0.5470126287742834,10,1.4610108748078834,0.5319137259752509,1.0805027175414983,1.8415190320742685,10
{},always_ofdm,33,1.485251631450621,0.553401202998197,1.0893722591036057,1.8811310037976363,10,0.059955689315025894,0.05317743687932419,0.021914842600642297,0.0979965360294095,10,0.0328125,0.022642776165921,0.016614833698960225,0.04901016630103978,10,0.17482795507085347,0.05408774251178584,0.13613591493572835,0.21351999520597859,10,1.0,0.0,1.0,1.0,10,2.2818476813033515,0.7998487795595733,1.7096703330990652,2.8540250295076377,10
{},always_otfs,33,0.5893410636594671,0.40066159889967295,0.3027250219222558,0.8759571053966785,10,0.052348617598627724,0.05648782687094647,0.011939660542222445,0.09275757465503301,10,0.0328125,0.027999333449407526,0.012782983453895995,0.05284201654610401,10,0.16098757333764274,0.07443763045077494,0.10773810032927295,0.21423704634601254,10,1.0,0.0,1.0,1.0,10,0.714253221934742,0.5568563047349632,0.3159022186994386,1.1126042251700454,10
{},always_afdm,33,0.42166838435070614,0.2468194944533072,0.24510435446098205,0.5982324142404303,10,0.02029585034378187,0.043298677301717776,-0.010678157484162523,0.05126985817172627,10,0.0234375,0.02969206836195672,0.002197073844196363,0.04467792615580364,10,0.11395888547408388,0.09573185726615915,0.04547644025564687,0.1824413306925209,10,1.0,0.0,1.0,1.0,10,0.4087455061480343,0.26765448338472475,0.21727702304003002,0.6002139892560385,10
{},linucb,33,2.0661291625701717,0.4167322746550266,1.7680168519474688,2.3642414731928745,10,0.033926850641641346,0.06078743279845665,-0.009557859208036742,0.07741156049131943,10,0.021875,0.02775606790515464,0.002019505140966306,0.04173049485903369,10,0.14162587753586567,0.08680673893296519,0.07952807735384212,0.2037236777178892,10,0.20017824603772985,0.041964840506008266,0.1701584075730576,0.2301980845024021,10,2.283371884747554,0.4144015199573626,1.9869268955939898,2.5798168739011182,10
{},uncertainty_aware,33,1.3135000884264023,0.4332435835954877,1.0035762989262336,1.623423877926571,10,0.02476488213958286,0.05495916539850114,-0.014550536375590346,0.06408030065475606,10,0.0140625,0.020104436526686233,-0.0003193475103692323,0.028444347510369235,10,0.12608962536995427,0.08562979311435173,0.06483376150724995,0.1873454892326586,10,0.533462716572352,0.022062475500183497,0.5176801723600972,0.5492452607846068,10,1.4965281550779517,0.5131152839259854,1.12946759315333,1.8635887170025733,10
{},always_ofdm,34,1.5316483163634746,0.5680313668220529,1.1253031552893231,1.9379934774376262,10,0.04639668491285383,0.04905144503028466,0.011307394961732255,0.08148597486397541,10,0.0359375,0.022158382693940257,0.020086347914357316,0.05178865208564268,10,0.1791985111833476,0.05643235063987983,0.13882923943195405,0.21956778293474113,10,1.0,0.0,1.0,1.0,10,2.349677376949787,0.8254020006880417,1.759220355541004,2.9401343983585706,10
{},always_otfs,34,0.6064019706643602,0.40832291454007374,0.31430535387483166,0.8984985874538887,10,0.017060907004893,0.036038491437716036,-0.008719476726478825,0.042841290736264824,10,0.0265625,0.030414169418034234,0.00480551386690984,0.04831948613309016,10,0.1261848189550232,0.09022333528731759,0.06164293297593908,0.19072670493410732,10,1.0,0.0,1.0,1.0,10,0.729069225352853,0.5545968385538222,0.33233454685407576,1.1258039038516303,10
{},always_afdm,34,0.4308466542260758,0.24999669992563664,0.2520097884599769,0.6096835199921747,10,0.00917826987536979,0.0290242377858783,-0.01158441906580598,0.02994095881654556,10,0.015625,0.020833333333333332,0.0007217311252429165,0.030528268874757084,10,0.10676736979940493,0.08721807724248566,0.04437531591696834,0.16915942368184153,10,1.0,0.0,1.0,1.0,10,0.40414406041052675,0.26705858532652754,0.21310185709371893,0.5951862637273346,10
{},linucb,34,2.1290712447409854,0.43109728156424926,1.8206828272212,2.437459662260771,10,0.06294208217081368,0.07214137511924028,0.011335251271769743,0.11454891306985762,10,0.021875,0.024650332429581735,0.004241214461590367,0.03950878553840963,10,0.16767403923770602,0.08497832191159668,0.10688420979894506,0.22846386867646698,10,0.19697655304667405,0.025418413394811747,0.17879331548542893,0.21515979060791918,10,2.339677108448348,0.4096565471145796,2.046626468386596,2.6327277485101,10
{},uncertainty_aware,34,1.3225099888642482,0.43864588268439036,1.0087216274026183,1.6362983503258781,10,0.00900990043784556,0.028491806874940313,-0.011371910374229056,0.029391711249920176,10,0.01875,0.023058274605394433,0.0022551040208555265,0.03524489597914447,10,0.10888596490619133,0.08981098811901272,0.044639054321618826,0.17313287549076384,10,0.4988598338385001,0.09139735135167977,0.4334781073600332,0.5642415603169669,10,1.4940453044472304,0.49723267578065494,1.1383464759444777,1.849744132949983,10
{},always_ofdm,35,1.5942649054340374,0.5992770798273198,1.1655679077790384,2.0229619030890365,10,0.06261658907056253,0.04390371615591937,0.03120976251987375,0.0940234156212513,10,0.015625,0.01275775907699572,0.006498648939335681,0.02475135106066432,10,0.1356816435092449,0.0776768491657629,0.08011497302310178,0.191248313995388,10,1.0,0.0,1.0,1.0,10,2.4547244559430097,0.8703487964329559,1.8321144337960549,3.0773344780899645,10
{},always_otfs,35,0.6333758843451981,0.40915767607260195,0.3406821151285221,0.9260696535618741,10,0.026973913680837864,0.043455242763388365,-0.0041120943313518385,0.058059921693027566,10,0.0078125,0.01327869664998121,-0.0016865073510882941,0.017311507351088294,10,0.07164206260301367,0.0792356337553252,0.014960304795778957,0.1283238204102484,10,1.0,0.0,1.0,1.0,10,0.7700767234398449,0.5670798753480399,0.3644122183626175,1.1757412285170723,10
{},always_afdm,35,0.4500383900816141,0.280617493520437,0.24929672815063122,0.650780052012597,10,0.01919173585553812,0.040755995976472364,-0.009963347326664384,0.04834681903774063,10,0.00625,0.015095184110614,-0.004548444200693183,0.017048444200693184,10,0.05766610101365923,0.06968289289900646,0.0078179623491091,0.10751423967820936,10,1.0,0.0,1.0,1.0,10,0.4311755969081644,0.2879859075934083,0.2251628890838999,0.6371883047324289,10
{},linucb,35,2.204945177016737,0.4505432285034821,1.8826459670604885,2.5272443869729857,10,0.07587393227575169,0.09741567537191073,0.006186956146937095,0.14556090840456629,10,0.0078125,0.01518477055949297,-0.0030500304855817263,0.018675030485581726,10,0.11395313828326406,0.10191606351210424,0.04104677841873401,0.18685949814779412,10,0.21364722580807607,0.054799437370162456,0.17444606984105485,0.2528483817750973,10,2.42299568221559,0.40829513301422393,2.130918939132437,2.715072425298743,10
{},uncertainty_aware,35,1.3476665127431764,0.44688876497883684,1.0279815485069652,1.6673514769793876,10,0.0251565238789284,0.04072244236023583,-0.00397455649217842,0.05428760425003522,10,0.003125,0.006588078458684124,-0.001587827422612707,0.007837827422612707,10,0.0627763494086304,0.06682581679655694,0.014972039864901782,0.11058065895235902,10,0.5479295014141685,0.18303957054775633,0.41699088055369105,0.678868122274646,10,1.5261870893398393,0.5198730492685597,1.1542923133083587,1.8980818653713198,10
{},always_ofdm,36,1.6515939612754367,0.6048830693808231,1.2188866802784406,2.0843012422724327,10,0.05732905584139934,0.04977732610534213,0.021720501850309173,0.09293760983248951,10,0.0265625,0.01811721576138134,0.013602224587815057,0.03952277541218494,10,0.15751551163700997,0.07122557363117404,0.1065638056569686,0.20846721761705134,10,1.0,0.0,1.0,1.0,10,2.5481287177909406,0.8877758183849934,1.9130521551397852,3.1832052804420963,10
{},always_otfs,36,0.6661256790437415,0.4304764732141003,0.3581813610645302,0.9740699970229529,10,0.03274979469854348,0.04238010520118831,0.002432893766361053,0.06306669563072591,10,0.0125,0.012325166214790868,0.0036831072307951847,0.021316892769204815,10,0.11823635245235234,0.08072184948808848,0.06049141995689689,0.1759812849478078,10,1.0,0.0,1.0,1.0,10,0.8242018261031177,0.5974310479219147,0.3968254001203251,1.2515782520859102,10
{},always_afdm,36,0.4586419608298852,0.2768137230655789,0.2606213523625795,0.6566625692971908,10,0.00860357074827111,0.02720687957493588,-0.010859058446052384,0.028066199942594603,10,0.0078125,0.01518477055949297,-0.0030500304855817263,0.018675030485581726,10,0.07460249447934128,0.07814282510544358,0.01870248488672318,0.13050250407195937,10,1.0,0.0,1.0,1.0,10,0.4416668415984262,0.2918647674194101,0.2328793646102705,0.6504543185865819,10
{},linucb,36,2.3110115117380365,0.4701254600579922,1.9747040172046062,2.647319006271467,10,0.10606633472129896,0.08250357730817587,0.04704683092515245,0.16508583851744546,10,0.015625,0.01473139127471974,0.005086797516812859,0.02616320248318714,10,0.18586241096666758,0.09867766030352224,0.11527266520177148,0.2564521567315637,10,0.20209219432515985,0.032768109592694016,0.1786513008318434,0.22553308781847628,10,2.5447468433931784,0.4207997782428635,2.243724815988784,2.845768870797573,10
{},uncertainty_aware,36,1.3861233374023514,0.4895839241343031,1.035896096212006,1.7363505785926967,10,0.03845682465917479,0.07570383255274732,-0.01569843476721791,0.0926120840855675,10,0.0109375,0.016552342272990316,-0.0009033323552663612,0.02277833235526636,10,0.11089654070185255,0.08751481752954733,0.04829221160578143,0.17350086979792367,10,0.6331707652731287,0.2668244045694102,0.4422960847781743,0.824045445768083,10,1.5729723802526123,0.5521921890010836,1.1779578844178684,1.9679868760873562,10
{},always_ofdm,37,1.6972340319997847,0.5821259799543254,1.2808061920842282,2.1136618719153413,10,0.04564007072434799,0.04879155685812109,0.010736693571968312,0.08054344787672767,10,0.015625,0.01647019614671031,0.0038429314434682317,0.02740706855653177,10,0.12077251337150727,0.08372984725188064,0.060875788902525624,0.1806692378404889,10,1.0,0.0,1.0,1.0,10,2.608226798779354,0.864790029398854,1.989593279019024,3.226860318539684,10
{},always_otfs,37,0.6661256790437415,0.4304764732141003,0.3581813610645302,0.9740699970229529,10,0.0,0.0,0.0,0.0,10,0.0015625,0.004941058844013093,-0.00197212056695953,0.00509712056695953,10,0.039267150703458584,0.04973174783117336,0.0036912014455580747,0.0748430999613591,10,1.0,0.0,1.0,1.0,10,0.8027945444234822,0.59830510418377,0.374792856257549,1.2307962325894155,10
{},always_afdm,37,0.4673934798747557,0.2719588652842273,0.2728458274489311,0.6619411323005804,10,0.00875151904487058,0.027674733168132352,-0.011045792448337468,0.028548830538078628,10,0.0046875,0.010546071214227388,-0.0028567048741424015,0.0122317048741424,10,0.056054773893457456,0.06859878163270683,0.00698216171011453,0.10512738607680039,10,1.0,0.0,1.0,1.0,10,0.4370471831087895,0.28001853850442576,0.23673398778488663,0.6373603784326923,10
{},linucb,37,2.362418672070617,0.49090123964895854,2.011249080129497,2.7135882640117366,10,0.051407160332581026,0.035767895776711994,0.025820349076038918,0.07699397158912313,10,0.0046875,0.010546071214227388,-0.0028567048741424015,0.0122317048741424,10,0.1053366326479381,0.06823848963793877,0.05652175783122483,0.1541515074646514,10,0.19718799817563698,0.03819195585142125,0.169867118804121,0.22450887754715296,10,2.589409043658023,0.43722360368268437,2.2766381193025054,2.9021799680135403,10
{},uncertainty_aware,37,1.4230922688897312,0.46893685799971957,1.0876350490471582,1.758549488732304,10,0.03696893148737962,0.03897970290075172,0.009084531823953149,0.06485333115080609,10,0.0046875,0.010546071214227388,-0.0028567048741424015,0.0122317048741424,10,0.09884172227500856,0.05419791177102561,0.06007087179945865,0.1376125727505585,10,0.6784193840723283,0.2887197560770715,0.47188171266732615,0.8849570554773304,10,1.6111396701445269,0.5506503376913515,1.217228148292207,2.005051191996847,10
{},always_ofdm,38,1.7446158717277824,0.6173167768485571,1.303014052226704,2.186217691228861,10,0.047381839727997546,0.05019995947764154,0.011470952035331848,0.08329272742066324,10,0.01875,0.017738944131173332,0.006060323810823821,0.031439676189176174,10,0.1389524302434993,0.07949779267650921,0.08208313524152916,0.19582172524546942,10,1.0,0.0,1.0,1.0,10,2.6863106478064376,0.9161640413047486,2.0309263738408987,3.3416949217719765,10
{},always_otfs,38,0.6661256790437415,0.4304764732141003,0.3581813610645302,0.9740699970229529,10,0.0,0.0,0.0,0.0,10,0.00625,0.013176156917368249,-0.003175654845225414,0.015675654845225415,10,0.055246951950555165,0.07001119143950785,0.005163962657831471,0.10532994124327885,10,1.0,0.0,1.0,1.0,10,0.7971729151576221,0.5841876168349982,0.3792702690618359,1.2150755612534083,10
{},always_afdm,38,0.48593229754793815,0.2834522363670026,0.28316278274496354,0.6887018123509128,10,0.01853881767318244,0.039266631807182914,-0.009550838564987271,0.04662847391135215,10,0.0109375,0.016552342272990316,-0.0009033323552663612,0.02277833235526636,10,0.0899129266720709,0.08371454103241745,0.030027151612886827,0.14979870173125498,10,1.0,0.0,1.0,1.0,10,0.46609152856444497,0.2791305522263805,0.2664135603569646,0.6657694967719253,10
{},linucb,38,2.4492355310599523,0.4852339627123555,2.10212006481358,2.7963509973063245,10,0.08681685898933486,0.08523236584780532,0.025845297466382595,0.14778842051228713,10,0.0125,0.016137430609197572,0.0009559775688028922,0.02404402243119711,10,0.15429826552918252,0.08656469987038871,0.09237360966209199,0.21622292139627305,10,0.204962270561301,0.047603958526468655,0.17090845007700914,0.23901609104559288,10,2.6828387279707897,0.43695527654201793,2.3702597532884124,2.995417702653167,10
{},uncertainty_aware,38,1.5113258908415748,0.5348619201702951,1.1287087224975698,1.8939430591855797,10,0.08823362195184367,0.0890602708862742,0.024523742124155118,0.15194350177953223,10,0.015625,0.018042195912175804,0.002718390555030441,0.02853160944496956,10,0.1498044243697333,0.10756152888646811,0.072859541862134,0.22674930687733258,10,0.7233982086413462,0.3016385461727655,0.5076189915243756,0.9391774257583168,10,1.7000755132978447,0.6067130011147606,1.2660591779974892,2.1340918485982,10
{},always_ofdm,39,1.7937888738511814,0.6230899636644568,1.3480571652917883,2.2395205824105746,10,0.04917300212339912,0.053117340885870695,0.011175145492954702,0.08717085875384353,10,0.03125,0.02329237476562281,0.01458763885454318,0.04791236114545682,10,0.1610150930972744,0.07264188655985003,0.10905021788266411,0.2129799683118847,10,1.0,0.0,1.0,1.0,10,2.746369433096897,0.916992611407869,2.0903924357859958,3.4023464304077984,10
{},always_otfs,39,0.6902170583268183,0.44551331610123274,0.3715160309440352,1.0089180857096016,10,0.024091379283076773,0.038969712151026306,-0.003785873428537624,0.05196863199469117,10,0.01875,0.02185018433687816,0.0031193197374959486,0.03438068026250405,10,0.121440708182513,0.08575173611701635,0.06009761155071559,0.1827838048143104,10,1.0,0.0,1.0,1.0,10,0.8176573155333203,0.5875093078692405,0.3973784748166293,1.2379361562500113,10
{},always_afdm,39,0.49423682725673856,0.30298196289745005,0.27749658770814467,0.7109770668053325,10,0.00830452970880037,0.02626122877634403,-0.010481621656097052,0.027090681073697793,10,0.0078125,0.011048543456039806,-9.115186239035643e-05,0.015716151862390358,10,0.08929579890133624,0.08117207893557196,0.031228791661344173,0.1473628061413283,10,1.0,0.0,1.0,1.0,10,0.4544310196589666,0.3255928261300342,0.22151594294658578,0.6873460963713474,10
{},linucb,39,2.5211237475139625,0.49462954289425975,2.167287088098698,2.874960406929227,10,0.07188821645401029,0.07348323083130626,0.019321479804500052,0.12445495310352053,10,0.0125,0.012325166214790868,0.0036831072307951847,0.021316892769204815,10,0.1748846622423823,0.07516516232843531,0.12111474428100148,0.2286545802037631,10,0.21834128195150226,0.038858915174425315,0.19054328862226202,0.2461392752807425,10,2.7567670824063577,0.44664269394281503,2.4372581467851284,3.076276018027587,10
{},uncertainty_aware,39,1.6003483512866983,0.5308407412617974,1.220607761045102,1.9800889415282945,10,0.08902246044512327,0.08529254877774456,0.028007846647616352,0.1500370742426302,10,0.0234375,0.025779934730759544,0.004995645654422502,0.0418793543455775,10,0.17708577623476074,0.08923617041920825,0.1132500654614277,0.2409214870080938,10,0.795179910747,0.2728738814351486,0.599977695198523,0.9903821262954771,10,1.776204981725791,0.5670428356430449,1.3705669732573276,2.181842990194254,10
{},always_ofdm,40,1.8472161635144217,0.6260375662886065,1.399375867061734,2.2950564599671095,10,0.05342728966324053,0.046454588680563395,0.020195678835751733,0.08665890049072933,10,0.025,0.016796370308955314,0.01298460050395131,0.03701539949604869,10,0.15564929650013815,0.06756189370217772,0.10731842925863519,0.2039801637416411,10,1.0,0.0,1.0,1.0,10,2.8433260086798215,0.9232768936206952,2.1828535066887955,3.5037985106708476,10
{},always_otfs,40,0.728239535984572,0.46999253243570377,0.39202713214374246,1.0644519398254015,10,0.03802247765775371,0.0506125389448289,0.0018164483939665452,0.07422850692154087,10,0.01875,0.024206145913796356,0.001433966353204339,0.036066033646795656,10,0.12443006157235419,0.08684822073862586,0.06230258709417841,0.18655753605052997,10,1.0,0.0,1.0,1.0,10,0.8833946561884611,0.6248502971470663,0.4364036809154409,1.3303856314614815,10
{},always_afdm,40,0.5017262708535692,0.3009404746902719,0.286446423992474,0.7170061177146645,10,0.00748944359683074,0.023683700173348966,-0.009452854881531688,0.024431742075193167,10,0.009375,0.01679637030895531,-0.00264039949604869,0.02139039949604869,10,0.07436428799428549,0.07912978838959463,0.017758247400393008,0.13097032858817798,10,1.0,0.0,1.0,1.0,10,0.47010258673603855,0.3387274883228046,0.2277915387162355,0.7124136347558416,10
{},linucb,40,2.573352277434672,0.4851417389125971,2.2263027841203535,2.9204017707489904,10,0.052228529920709296,0.07708954648751457,-0.0029180095386434277,0.10737506938006203,10,0.0109375,0.01811721576138134,-0.0020227754121849434,0.023897775412184942,10,0.1259860519273414,0.09941786966440684,0.054866792284259294,0.19710531157042355,10,0.19319062771033124,0.03266685177659619,0.16982216969504568,0.2165590857256168,10,2.8240604134164853,0.44554589567135605,2.5053360800132203,3.1427847468197503,10
{},uncertainty_aware,40,1.6524168746485537,0.5248549843302122,1.2769582369655343,2.027875512331573,10,0.05206852336185534,0.05237843815222811,0.014599245904775814,0.08953780081893487,10,0.0125,0.01613743060919757,0.0009559775688028956,0.024044022431197104,10,0.14072351797639712,0.08664899985106486,0.07873855753595523,0.20270847841683903,10,0.8157274768410916,0.2378986354134495,0.6455450450728782,0.9859099086093049,10,1.8582357787849748,0.5643051628239476,1.4545561834739893,2.2619153740959606,10
{},always_ofdm,41,1.8943099860108223,0.6392026095557344,1.4370519849393593,2.3515679870822854,10,0.04709382249640041,0.0505373401925423,0.010941587179383164,0.08324605781341765,10,0.028125,0.027362344867841035,0.008551157634755304,0.0476988423652447,10,0.1448490281344129,0.08444112506646077,0.08444348616869504,0.20525457010013073,10,1.0,0.0,1.0,1.0,10,2.8917973541561595,0.9664344330684548,2.200451808275714,3.583142900036605,10
{},always_otfs,41,0.7548125997274375,0.4668717879585679,0.4208326420001521,1.088792557454723,10,0.026573063742865367,0.042817082467054096,-0.004056431894214049,0.057202559379944784,10,0.0140625,0.01719538960335331,0.0017616592960811063,0.026363340703918894,10,0.10414407387867268,0.08544115166611195,0.04302315597872233,0.16526499177862303,10,1.0,0.0,1.0,1.0,10,0.891161047409059,0.614433201251586,0.4516220136252134,1.3307000811929046,10
{},always_afdm,41,0.5017262708535692,0.3009404746902719,0.286446423992474,0.7170061177146645,10,0.0,0.0,0.0,0.0,10,0.0140625,0.03163821364268217,-0.008570114622427202,0.0366951146224272,10,0.06468133815165948,0.08202034965705324,0.006007514592908068,0.12335516171041089,10,1.0,0.0,1.0,1.0,10,0.4384062422296232,0.31696030887984566,0.21166649634822826,0.6651459881110182,10
{},linucb,41,2.6158950865041373,0.5078344599893321,2.252612198451909,2.9791779745563653,10,0.04254280906946568,0.053972532646576796,0.003933185107055828,0.08115243303187553,10,0.015625,0.02946278254943948,-0.005451404966374283,0.03670140496637428,10,0.12844662886952737,0.09266869955946574,0.06215543467070492,0.19473782306834983,10,0.1726474069284058,0.027800422713567752,0.15276018255086,0.1925346313059516,10,2.8561293596279382,0.4736904340809806,2.5172716363074943,3.194987082948382,10
{},uncertainty_aware,41,1.702194613122066,0.5434518638097251,1.3134325692735442,2.0909566569705875,10,0.04977773847351256,0.07924808333644952,-0.006912925227556092,0.1064684021745812,10,0.0171875,0.03163821364268217,-0.005445114622427201,0.039820114622427204,10,0.11696851725132236,0.10676422177811289,0.04059399388987857,0.19334304061276614,10,0.7259458596966541,0.2359009227692418,0.5571925054646549,0.8946992139286534,10,1.8788266133782223,0.5549832041692612,1.4818155455682045,2.27583768118824,10
{},always_ofdm,42,1.9319864476833974,0.6650618105027188,1.4562298886311689,2.4077430067356262,10,0.037676461672574976,0.0488605411799401,0.002723736109177151,0.07262918723597281,10,0.015625,0.018042195912175804,0.002718390555030441,0.02853160944496956,10,0.10508054776031772,0.08909542281459837,0.041345521757943676,0.16881557376269177,10,1.0,0.0,1.0,1.0,10,2.941713437318435,1.0142445523581283,2.2161665924279954,3.6672602822088742,10
{},always_otfs,42,0.7812792907008992,0.4858281292445357,0.4337387833224247,1.1288197980793737,10,0.02646669097346168,0.042722710964985214,-0.00409529535788427,0.05702867730480763,10,0.009375,0.015095184110613998,-0.001423444200693182,0.020173444200693183,10,0.08771887872358818,0.08492267942537593,0.026968853521611588,0.14846890392556478,10,1.0,0.0,1.0,1.0,10,0.9237154615346039,0.6728371858823726,0.4423967340078882,1.4050341890613196,10
{},always_afdm,42,0.5192471200309994,0.31986129862568735,0.2904321311007152,0.7480621089612836,10,0.01752084917743015,0.03694535469523603,-0.008908265447995684,0.043949963802855985,10,0.0046875,0.007547592055306998,-0.000711722100346591,0.010086722100346592,10,0.07011810515729726,0.07550968672953365,0.016101729286309256,0.12413448102828525,10,1.0,0.0,1.0,1.0,10,0.4533598827888775,0.3242778104995635,0.22138551158923656,0.6853342539885184,10
{},linucb,42,2.7138012055263463,0.5697468516530406,2.3062288605312293,3.1213735505214633,10,0.09790611902220878,0.09908875060405686,0.0270222969718404,0.16878994107257717,10,0.009375,0.01092509216843908,0.0015596598687479743,0.017190340131252025,10,0.15266408178415797,0.0980917220384666,0.08249349100365223,0.22283467256466372,10,0.1846652056238051,0.019682603970554765,0.17058511894563522,0.19874529230197496,10,2.953628976814053,0.5007024531760907,2.595448019089233,3.3118099345388727,10
{},uncertainty_aware,42,1.7197830207863603,0.5559325223496544,1.3220928516600177,2.117473189912703,10,0.017588407664294523,0.03677601181426207,-0.008719566361746634,0.043896381690335676,10,0.0046875,0.010546071214227388,-0.0028567048741424015,0.0122317048741424,10,0.07032313516844728,0.06737925781775561,0.022122917768146948,0.1185233525687476,10,0.584875079488713,0.14636159774187285,0.4801742997725768,0.6895758592048492,10,1.8939852839486264,0.5638390795958999,1.49063910449359,2.297331463403663,10
{},always_ofdm,43,1.9764029044266231,0.6825002981742471,1.4881716027885743,2.464634206064672,10,0.044416456743225384,0.047002655036938505,0.010792782862763792,0.07804013062368698,10,0.0171875,0.020104436526686233,0.0028056524896307687,0.03156934751036923,10,0.12151991606579497,0.0861483463992426,0.05989310152962104,0.1831467306019689,10,1.0,0.0,1.0,1.0,10,3.017247047563573,1.0449078445813067,2.269765004820944,3.7647290903062016,10
{},always_otfs,43,0.7923646480327806,0.5021500672311069,0.43314812959649907,1.1515811664690623,10,0.01108535733188152,0.03505497784559267,-0.01399146315923146,0.036162177822994496,10,0.00625,0.015095184110614,-0.004548444200693183,0.017048444200693184,10,0.05653487780889564,0.07138633861389063,0.0054681674882268855,0.1076015881295644,10,1.0,0.0,1.0,1.0,10,0.9342640335228429,0.7013494016446103,0.43254889554558085,1.435979171500105,10
{},always_afdm,43,0.5356198739780311,0.3256648274888224,0.3026532905964006,0.7685864573596617,10,0.016372753947031783,0.03452625727144501,-0.008325842630026545,0.04107135052409011,10,0.0078125,0.01518477055949297,-0.0030500304855817263,0.018675030485581726,10,0.07230780233628323,0.07684249407295475,0.01733799352782696,0.1272776111447395,10,1.0,0.0,1.0,1.0,10,0.47968137930450405,0.34039760952309367,0.23617559855023665,0.7231871600587715,10
{},linucb,43,2.763598313336316,0.6027784479380016,2.3323965878229336,3.1948000388496984,10,0.0497971078099693,0.04469712260515148,0.017822712476566645,0.08177150314337195,10,0.0140625,0.020104436526686233,-0.0003193475103692323,0.028444347510369235,10,0.1266239422841498,0.06061182220747774,0.08326485668349318,0.16998302788480643,10,0.19792716799296411,0.06405233394283068,0.15210688856228882,0.2437474474236394,10,3.0342666132775458,0.5598461286700782,2.6337768188425685,3.434756407712523,10
{},uncertainty_aware,43,1.7775502859965655,0.5981328058463828,1.3496718526361726,2.2054287193569584,10,0.05776726521020511,0.07876522376346207,0.001422018439295611,0.1141125119811146,10,0.015625,0.01948779888944761,0.0016842684819217482,0.029565731518078252,10,0.12036512180824666,0.09354127803987446,0.05344972256744701,0.1872805210490463,10,0.5410848299018974,0.013661647345935175,0.5313118761258054,0.5508577836779894,10,1.9683640999362164,0.6198505066791082,1.5249497593029446,2.4117784405694884,10
{},always_ofdm,44,1.995719551857108,0.7059134182088115,1.4907395131115995,2.5006995906026166,10,0.01931664743048505,0.04074109931745062,-0.009827779323810095,0.0484610741847802,10,0.0171875,0.020104436526686233,0.0028056524896307687,0.03156934751036923,10,0.108058507858802,0.0876074737129144,0.045387896522076726,0.17072911919552727,10,1.0,0.0,1.0,1.0,10,3.0519086815985945,1.0883783994980698,2.273329677189114,3.830487686008075,10
{},always_otfs,44,0.8065608026909452,0.5257324852684314,0.4304744386517596,1.1826471667301308,10,0.01419615465816454,0.044892182735809,-0.017917778286786958,0.046310087603116036,10,0.01875,0.03439077920670662,-0.005851681407837789,0.04335168140783779,10,0.09403030091614989,0.09318604254347553,0.027369021840951413,0.16069157999134837,10,1.0,0.0,1.0,1.0,10,0.954897460615212,0.7377683464059686,0.4271297789941044,1.4826651422363195,10
{},always_afdm,44,0.5356198739780311,0.3256648274888224,0.3026532905964006,0.7685864573596617,10,0.0,0.0,0.0,0.0,10,0.00625,0.01092509216843908,-0.001565340131252025,0.014065340131252026,10,0.07384960378133634,0.07587773642273629,0.019569941020568936,0.12812926654210374,10,1.0,0.0,1.0,1.0,10,0.48013410926205946,0.338422559009034,0.23804119453270045,0.7222270239914185,10
{},linucb,44,2.8073004553219265,0.6213687871641512,2.362800002258452,3.251800908385401,10,0.04370214198561094,0.05582170116205401,0.0037697025553182564,0.08363458141590363,10,0.0109375,0.016552342272990316,-0.0009033323552663612,0.02277833235526636,10,0.12520822352768793,0.11735564626438472,0.04125705151573558,0.20915939553964027,10,0.19446196732826562,0.04013460177901102,0.16575140277655817,0.22317253187997307,10,3.086077962981453,0.5934809879467222,2.6615272396809826,3.510628686281924,10
{},uncertainty_aware,44,1.799413707781487,0.6163552305280305,1.3584997370812248,2.2403276784817487,10,0.02186342178492142,0.048593194660367794,-0.01289805559940841,0.05662489916925125,10,0.0203125,0.03536301082659991,-0.004984674011348677,0.045609674011348675,10,0.10335783317487104,0.09088190271612423,0.0383448364375311,0.16837082991221097,10,0.5450060210486092,0.01592545728207838,0.5336136352008521,0.5563984068963662,10,1.998325059287307,0.6406732787677473,1.540015004838606,2.456635113736008,10
{},always_ofdm,45,2.0210991558024416,0.7065319658804667,1.5156766347083315,2.526521676896552,10,0.025379603945333673,0.040892551332505744,-0.0038731650538570035,0.054632372944524346,10,0.009375,0.01092509216843908,0.0015596598687479743,0.017190340131252025,10,0.10122651488606682,0.08356104311817728,0.04145054561988925,0.16100248415224439,10,1.0,0.0,1.0,1.0,10,3.0898870392467535,1.0747968922281683,2.3210236598565275,3.8587504186369794,10
{},always_otfs,45,0.8229793276618211,0.5537657590114282,0.4268391676531212,1.2191194876705211,10,0.01641852497087585,0.03461329739521417,-0.008342336359818826,0.041179386301570524,10,0.0078125,0.011048543456039806,-9.115186239035643e-05,0.015716151862390358,10,0.08630587414288125,0.08004471831780142,0.029045332106350623,0.14356641617941188,10,1.0,0.0,1.0,1.0,10,0.9779551775201849,0.7778569032077106,0.4215098699398454,1.5344004851005244,10
{},always_afdm,45,0.5444005008797882,0.3272616626280364,0.3102916104535961,0.7785093913059803,10,0.00878062690175696,0.027766780293699528,-0.011082531138401946,0.028643784941915867,10,0.009375,0.01679637030895531,-0.00264039949604869,0.02139039949604869,10,0.07504498735501758,0.08002289923212186,0.017800053752110183,0.13228992095792497,10,1.0,0.0,1.0,1.0,10,0.4919309393791688,0.34866217690216383,0.24251304327527765,0.74134883548306,10
{},linucb,45,2.869810946038469,0.6002268294626344,2.440434538422888,3.2991873536540504,10,0.06251049071654288,0.07010102355037692,0.012363239402929486,0.11265774203015627,10,0.0109375,0.016552342272990316,-0.0009033323552663612,0.02277833235526636,10,0.13304491847196448,0.0870993505562804,0.07073779654442994,0.19535204039949902,10,0.18314473293503988,0.03539575232693859,0.1578241370653115,0.20846532880476826,10,3.1558747242155096,0.5736406415730827,2.745516929710623,3.5662325187203963,10
{},uncertainty_aware,45,1.8163987390029228,0.6290256167258269,1.3664209200345279,2.2663765579713178,10,0.016985031221435458,0.035833338057256046,-0.008648594622437462,0.042618657065308374,10,0.0109375,0.016552342272990316,-0.0009033323552663612,0.02277833235526636,10,0.08894052945882217,0.0841500889754052,0.02874318217073278,0.14913787674691154,10,0.5383345817310238,0.015099218500168692,0.5275332515019012,0.5491359119601463,10,2.024017431508221,0.6493007319939604,1.5595356688130568,2.488499194203385,10
{},always_ofdm,46,2.055651121434681,0.7320952009970532,1.5319417635605173,2.579360479308845,10,0.03455196563223964,0.04469254261913041,0.0025808466234664845,0.0665230846410128,10,0.01875,0.02057126839388698,0.004034201089493282,0.03346579891050672,10,0.12356641211155502,0.08567356230958471,0.062279237652771234,0.1848535865703388,10,1.0,0.0,1.0,1.0,10,3.1544338806572325,1.1157196258423516,2.3562961411641794,3.9525716201502856,10
{},always_otfs,46,0.8333981534087794,0.5500662262987344,0.43990447967503477,1.226891827142524,10,0.01041882574695817,0.03294721990479295,-0.013150195545051964,0.0339878470389683,10,0.0109375,0.019557274328665195,-0.0030529312533191244,0.024927931253319123,10,0.07504624595857384,0.08301109558025352,0.01566368546158132,0.13442880645556637,10,1.0,0.0,1.0,1.0,10,0.9939818527776833,0.7729674877621229,0.44103422230259093,1.5469294832527756,10
{},always_afdm,46,0.5516789869188525,0.34482530883928403,0.3050058208811085,0.7983521529565966,10,0.007278486039064271,0.02301659380118038,-0.009186593288938533,0.023743565367067072,10,0.0171875,0.03330891032358226,-0.0066402590309208795,0.04101525903092088,10,0.07918818003210173,0.0900634945338664,0.014760637239857294,0.14361572282434618,10,1.0,0.0,1.0,1.0,10,0.512099548710195,0.3763817153686567,0.24285228933348868,0.7813468080869014,10
{},linucb,46,2.9196106197378655,0.592311933585786,2.4958961875479666,3.3433250519277644,10,0.049799673699396085,0.0740501987792805,-0.0031726473871715663,0.10277199478596374,10,0.0140625,0.022642776165921,-0.0021351663010397755,0.030260166301039775,10,0.128077476202504,0.09375655122101847,0.061008079804898904,0.1951468726001091,10,0.19612147308071964,0.03311707243069914,0.17243094661130295,0.21981199955013633,10,3.224932629716938,0.5655943534810451,2.820330802966262,3.629534456467614,10
{},uncertainty_aware,46,1.859917080217365,0.6015274221909049,1.4296102846117373,2.290223875822993,10,0.04351834121444205,0.07309275263082315,-0.008769064157714702,0.0958057465865988,10,0.015625,0.02329237476562281,-0.0010373611454568207,0.03228736114545682,10,0.11469667142697726,0.1062958892716323,0.038657172958343186,0.19073616989561132,10,0.6323669001613332,0.19422203976431263,0.4934288227207902,0.7713049776018763,10,2.079694532234123,0.6202058303073301,1.6360260083895417,2.523363056078704,10
{},always_ofdm,47,2.092919363407531,0.7430165707857413,1.5613973282321765,2.6244413985828854,10,0.03726824197284943,0.04858942913581095,0.0025094582825160028,0.07202702566318285,10,0.0140625,0.015537951968933646,0.0029473187541081917,0.025177681245891807,10,0.11955710726592188,0.08340505543462412,0.05989272486642319,0.17922148966542056,10,1.0,0.0,1.0,1.0,10,3.2017191281589676,1.134765865205794,2.389956529804169,4.013481726513766,10
{},always_otfs,47,0.8333981534087794,0.5500662262987344,0.43990447967503477,1.226891827142524,10,0.0,0.0,0.0,0.0,10,0.0078125,0.01983274246318726,-0.006374989285729207,0.02199998928572921,10,0.057164360748582756,0.0705372709598652,0.006705036837872401,0.10762368465929312,10,1.0,0.0,1.0,1.0,10,0.9788743537620785,0.7760894534109762,0.42369340359982066,1.5340553039243363,10
{},always_afdm,47,0.5713797940755603,0.3687834998665642,0.3075679706314635,0.835191617519657,10,0.0197008071567078,0.041605887794061935,-0.01006225200655039,0.04946386631996599,10,0.0125,0.017738944131173336,-0.00018967618917617966,0.025189676189176183,10,0.0898708085354456,0.08610899367664376,0.02827214524115218,0.15146947182973902,10,1.0,0.0,1.0,1.0,10,0.529698497481453,0.41870990460535756,0.23017147561629148,0.8292255193466146,10
{},linucb,47,2.987783551182325,0.5820306555112367,2.5714239022654413,3.4041432000992087,10,0.06817293144445909,0.06526099317724739,0.02148802928345723,0.11485783360546095,10,0.00625,0.01092509216843908,-0.001565340131252025,0.014065340131252026,10,0.12781221178721644,0.09047716032631649,0.06308875031357168,0.19253567326086118,10,0.1773358881984632,0.024889447698634385,0.15953104990100947,0.1951407264959169,10,3.2804729817399667,0.5656553154294615,2.8758275454384887,3.6851184180414447,10
{},uncertainty_aware,47,1.8874901791427612,0.6099290586221942,1.4511732148944074,2.323807143391115,10,0.02757309892539648,0.04501233779180659,-0.004626787768652316,0.059772985619445274,10,0.0109375,0.016552342272990316,-0.0009033323552663612,0.02277833235526636,10,0.10215575838177035,0.07844494410296717,0.046039625877843486,0.1582718908856972,10,0.625887656054268,0.19813534603630595,0.4841501679468071,0.7676251441617289,10,2.109578430851706,0.6292953766251871,1.6594076372763449,2.5597492244270668,10
{},always_ofdm,48,2.1398090849621303,0.7666071730574041,1.5914113495353177,2.6882068203889427,10,0.0468897215545991,0.051510200956415064,0.01004154357158038,0.08373789953761782,10,0.01875,0.02833639689319884,-0.0015206372083763318,0.03902063720837633,10,0.12134764185201583,0.08751766702979999,0.05874127434626035,0.1839540093577713,10,1.0,0.0,1.0,1.0,10,3.268824313773718,1.1582736850195408,2.440245234170426,4.09740339337701,10
{},always_otfs,48,0.8524800589159669,0.5463623783555954,0.4616359583870774,1.2433241594448563,10,0.01908190550718765,0.04074481606201859,-0.01006518004600199,0.048228991060377285,10,0.0109375,0.020898336091394666,-0.004012269046644548,0.025887269046644547,10,0.0746798468480852,0.08127640106427092,0.01653821205288092,0.13282148164328947,10,1.0,0.0,1.0,1.0,10,0.9993117443728989,0.768715809281251,0.4494055814611403,1.5492179072846577,10
{},always_afdm,48,0.582232145724894,0.3560807644718119,0.32750731177037584,0.8369569796794122,10,0.01085235164933368,0.03431814918097936,-0.013697373368018,0.035402076666685364,10,0.00625,0.015095184110614,-0.004548444200693183,0.017048444200693184,10,0.057689746151488676,0.07055137065484711,0.007220335926600686,0.10815915637637666,10,1.0,0.0,1.0,1.0,10,0.533145787395677,0.38698323483138236,0.2563146578573401,0.8099769169340139,10
{},linucb,48,3.0331707419241196,0.6000150742832141,2.6039458148385157,3.4623956690097235,10,0.045387190741795355,0.0411017470955018,0.015984772108841944,0.07478960937474877,10,0.0078125,0.01983274246318726,-0.006374989285729207,0.02199998928572921,10,0.10078413859596085,0.0756052289905392,0.04669941590874877,0.15486886128317293,10,0.1639184973718757,0.021248570544381368,0.14871818569057205,0.17911880905317934,10,3.3270146640986624,0.5676396520890151,2.920949718863967,3.733079609333358,10
{},uncertainty_aware,48,1.9476615492038198,0.5805123902039434,1.532388001859631,2.362935096548009,10,0.06017137006105855,0.0620712890221017,0.015768244795499868,0.10457449532661722,10,0.01875,0.03107590393786729,-0.003480362491783618,0.04098036249178362,10,0.12281096225940072,0.09078916292018722,0.05786430757554427,0.18775761694325716,10,0.7189353570163515,0.24270045613403077,0.5453179096343523,0.8925528043983506,10,2.1781469368738415,0.5808676913769197,1.7626192223818582,2.593674651365825,10
{},always_ofdm,49,2.1816074931972746,0.7858626566781513,1.6194352145842152,2.743779771810334,10,0.04179840823514443,0.05400820705389591,0.003163264339091809,0.08043355213119704,10,0.025,0.028716768233521296,0.004457261526483958,0.045542738473516045,10,0.11430074259676026,0.09417765023219572,0.04693011011340466,0.18167137508011588,10,1.0,0.0,1.0,1.0,10,3.336854536307149,1.1770543957469901,2.494840545585607,4.178868527028691,10
{},always_otfs,49,0.8709770573028605,0.557494835917064,0.4721692763767523,1.2697848382289685,10,0.01849699838689344,0.03939803839487427,-0.00968666046127364,0.04668065723506053,10,0.0078125,0.01518477055949297,-0.0030500304855817263,0.018675030485581726,10,0.07267150615959708,0.0790514459206824,0.016121508391873138,0.129221503927321,10,1.0,0.0,1.0,1.0,10,1.0257127304691671,0.7968558508723979,0.45567639447038255,1.5957490664679517,10
{},always_afdm,49,0.5991995568236633,0.37691352969738445,0.3295718603941981,0.8688272532531285,10,0.01696741109876931,0.03579635418155271,-0.008639758074209015,0.04257458027174764,10,0.0046875,0.007547592055306998,-0.000711722100346591,0.010086722100346592,10,0.07145648901079364,0.07347004971913888,0.018899181560900938,0.12401379646068635,10,1.0,0.0,1.0,1.0,10,0.5583317563431416,0.4059852559069534,0.267907399800659,0.8487561128856242,10
{},linucb,49,3.103524493740282,0.6752400517131101,2.620486859547385,3.5865621279331794,10,0.07035375181616227,0.11342519200822572,-0.010785742599975473,0.1514932462323,10,0.009375,0.015095184110613998,-0.001423444200693182,0.020173444200693183,10,0.11675562197903619,0.10980618823580891,0.03820500690429467,0.1953062370537777,10,0.17383430611131037,0.03133116039568982,0.1514213441496253,0.19624726807299545,10,3.397499766014369,0.6233264007243042,2.9515989205713824,3.843400611457356,10
{},uncertainty_aware,49,1.9725557510172422,0.5801671460091076,1.5575291764920816,2.387582325542403,10,0.02489420181342239,0.04105056135723052,-0.004471600748170549,0.054260004375015325,10,0.00625,0.015095184110614,-0.004548444200693183,0.017048444200693184,10,0.0795145299047199,0.08292265596409748,0.02019523529790755,0.13883382451153226,10,0.6330525746429032,0.19371222475515523,0.49447919688993747,0.771625952395869,10,2.2113909467152326,0.5944700901638773,1.7861326623129918,2.6366492311174734,10
{},always_ofdm,50,2.2212830504354595,0.8281490009864949,1.628860943392426,2.813705157478493,10,0.03967555723818489,0.05411502100752726,0.0009640032427461614,0.07838711123362362,10,0.028125,0.04468252206151503,-0.003838950733681134,0.06008895073368113,10,0.11439198102331156,0.10048744932917261,0.04250759018053456,0.18627637186608859,10,1.0,0.0,1.0,1.0,10,3.395476484460981,1.2269658343301522,2.517758001461161,4.2731949674608005,10
{},always_otfs,50,0.8891877318409334,0.5560719302297605,0.49139783632480777,1.286977627357059,10,0.01821067453807283,0.038504383555492724,-0.009333702149172764,0.04575505122531842,10,0.0109375,0.019557274328665195,-0.0030529312533191244,0.024927931253319123,10,0.07395564158373663,0.08147779416742265,0.015669938841374347,0.1322413443260989,10,1.0,0.0,1.0,1.0,10,1.0438983391834238,0.7745091481704997,0.4898478712885104,1.5979488070783372,10
{},always_afdm,50,0.6108889543243701,0.3796087621458842,0.3393332047496267,0.8824447038991134,10,0.01168939750070673,0.03696512057731298,-0.014753856784965807,0.03813265178637927,10,0.0078125,0.016876928902103804,-0.00426052764199417,0.01988552764199417,10,0.059842420978896735,0.07332580459144987,0.007388300277251542,0.11229654168054193,10,1.0,0.0,1.0,1.0,10,0.5624041444525586,0.38505054658220084,0.28695557680039624,0.837852712104721,10
{},linucb,50,3.2049615730205914,0.714595826314557,2.6937705136760286,3.716152632365154,10,0.10143707928030918,0.08047021426233915,0.043872155781383454,0.1590020027792349,10,0.0265625,0.04543505934909248,-0.005939783479363397,0.05906478347936339,10,0.1498495250540029,0.10702794702114035,0.07328634401867597,0.22641270608932984,10,0.1905863072962571,0.04760453628902016,0.156532073505534,0.22464054108698023,10,3.4915792581988923,0.6523374554147655,3.024925154433079,3.9582333619647057,10
{},uncertainty_aware,50,1.9800714150145917,0.5776357826389353,1.5668556687578497,2.393287161271334,10,0.00751566399734929,0.02376661636014944,-0.009485949147859076,0.024517277142557654,10,0.0046875,0.01482317653203928,-0.005916361700878591,0.015291361700878591,10,0.05605223767606358,0.05944055168657767,0.013531028531313376,0.09857344682081379,10,0.632884766898919,0.19427649563645374,0.4939077340741682,0.7718617997236699,10,2.2116731515218158,0.5829049427790319,1.794688075170097,2.6286582278735344,10
{},always_ofdm,51,2.2398917716564104,0.852088711162867,1.6303442276113496,2.8494393157014715,10,0.01860872122095073,0.03957309704590842,-0.009700167042186632,0.046917609484088095,10,0.0125,0.023058274605394436,-0.003994895979144476,0.028994895979144477,10,0.07504735766554059,0.08491958972406138,0.014299542702736805,0.13579517262834437,10,1.0,0.0,1.0,1.0,10,3.4011370517878285,1.2564356015666747,2.5023371672774934,4.299936936298163,10
{},always_otfs,51,0.8974307829470242,0.5718763299249202,0.4883351009639661,1.3065264649300823,10,0.00824305110609069,0.026066816364416837,-0.010404025997324769,0.026890128209506148,10,0.0046875,0.010546071214227388,-0.0028567048741424015,0.0122317048741424,10,0.054769948646771094,0.06640650671776642,0.007265595463655794,0.1022743018298864,10,1.0,0.0,1.0,1.0,10,1.0292814974915019,0.8016687540231414,0.45580221798597986,1.602760776997024,10
{},always_afdm,51,0.6108889543243701,0.3796087621458842,0.3393332047496267,0.8824447038991134,10,0.0,0.0,0.0,0.0,10,0.003125,0.009882117688026186,-0.00394424113391906,0.01019424113391906,10,0.04406340279297495,0.054746895620576295,0.004899832929372891,0.08322697265657701,10,1.0,0.0,1.0,1.0,10,0.5370807569068408,0.3647373890055528,0.2761633468095629,0.7979981670041186,10
{},linucb,51,3.259658290681281,0.7266046541674483,2.7398766333993274,3.779439947963235,10,0.05469671766068949,0.06860261517586771,0.005621363125772022,0.10377207219560695,10,0.003125,0.006588078458684124,-0.001587827422612707,0.007837827422612707,10,0.10523430265735392,0.08156738494287318,0.04688451053506026,0.16358409477964758,10,0.20881045670187012,0.03242194504834579,0.1856171944059615,0.23200371899777875,10,3.527426770517554,0.6500617649973982,3.062400597607696,3.992452943427412,10
{},uncertainty_aware,51,2.034386344888563,0.580438067269224,1.6191659649689991,2.449606724808127,10,0.054314929873971476,0.07171911652870558,0.0030101645737794364,0.10561969517416352,10,0.0109375,0.020898336091394666,-0.004012269046644548,0.025887269046644547,10,0.10337862982770865,0.09936767252568601,0.032295279054471326,0.17446198060094598,10,0.7317219552246438,0.2309544481020378,0.5665070958061253,0.8969368146431622,10,2.245664991010832,0.5856910775108336,1.8266868339377051,2.664643148083959,10
{},always_ofdm,52,2.2807605982367978,0.8514581594676953,1.6716641237014607,2.889857072772135,10,0.04086882658038765,0.053837536155347275,0.0023557732902630343,0.07938187987051226,10,0.015625,0.02551551815399144,-0.0026277021213286372,0.03387770212132864,10,0.09189637577594331,0.09130186088482607,0.026582959062396286,0.15720979248949035,10,1.0,0.0,1.0,1.0,10,3.461654242110491,1.255452652406488,2.563557517070131,4.359750967150851,10
{},always_otfs,52,0.9290804375533034,0.5714578662046607,0.5202841064824386,1.3378767686241682,10,0.03164965460627928,0.054419409847634076,-0.007279646048035632,0.0705789552605942,10,0.0140625,0.03411358936211003,-0.010340891738235781,0.03846589173823578,10,0.0756594589971619,0.08853109286946186,0.01232813031829727,0.13899078767602652,10,1.0,0.0,1.0,1.0,10,1.0735617710353822,0.8151337315086299,0.4904502268966384,1.656673315174126,10
{},always_afdm,52,0.6365853970114065,0.4026204558331046,0.3485680734390217,0.9246027205837912,10,0.02569644268703645,0.041442479605352835,-0.00394972129993364,0.055342606674006534,10,0.0046875,0.007547592055306998,-0.000711722100346591,0.010086722100346592,10,0.07176489783906087,0.07282250078529205,0.01967081899096089,0.12385897668716085,10,1.0,0.0,1.0,1.0,10,0.5774664692926201,0.4183759954717485,0.2781783116321584,0.8767546269530819,10
{},linucb,52,3.3703743467775062,0.7431346098599806,2.8387678715352185,3.901980822019794,10,0.11071605609622463,0.08530425482072616,0.04969306830002902,0.17173904389242023,10,0.00625,0.01092509216843908,-0.001565340131252025,0.014065340131252026,10,0.14154643854886537,0.07681353585348065,0.08659734520269502,0.1964955318950357,10,0.1911707047638765,0.03925123443709398,0.16309206314073396,0.219249346387019,10,3.6375940236131385,0.6663014977374709,3.160950645736264,4.114237401490013,10
{},uncertainty_aware,52,2.1089099114625123,0.6039435444792176,1.6768747260922279,2.5409450968327967,10,0.07452356657394876,0.08188291263156132,0.01594805954052149,0.13309907360737605,10,0.021875,0.03911454865733039,-0.006105862506638249,0.049855862506638246,10,0.1332534594171777,0.10851569706269368,0.055626006115241156,0.21088091271911424,10,0.7702553667010081,0.24233651952659113,0.596898263884483,0.9436124695175333,10,2.347539264974728,0.6251749824812012,1.9003160238056616,2.794762506143795,10
{},always_ofdm,53,2.317587977319112,0.8631227287714306,1.7001471725769681,2.9350287820612557,10,0.03682737908231422,0.047988469706608056,0.0024984958698798937,0.07115626229474854,10,0.021875,0.02109214242845478,0.006786590251715194,0.036963409748284805,10,0.12542486597349498,0.08693847630916031,0.06323282654963347,0.18761690539735648,10,1.0,0.0,1.0,1.0,10,3.517832865048083,1.2855913204281768,2.5981762357011178,4.437489494395048,10
{},always_otfs,53,0.9529560375795573,0.5698035544130371,0.5453431298734883,1.3605689452856262,10,0.02387560002625385,0.03848173199379048,-0.0036525727098966204,0.05140377276240432,10,0.0078125,0.008235098073355155,0.0019214657217341159,0.013703534278265884,10,0.10045564026827114,0.08061065664792007,0.04279025033892663,0.15812103019761564,10,1.0,0.0,1.0,1.0,10,1.1047711682677508,0.8284148099935426,0.5121589129158516,1.69738342361965,10
{},always_afdm,53,0.6542923761279857,0.4144492505153358,0.3578132425901487,0.9507715096658228,10,0.01770697911657933,0.037613145784226844,-0.00919984447611356,0.04461380270927222,10,0.0078125,0.011048543456039806,-9.115186239035643e-05,0.015716151862390358,10,0.08745625702100902,0.08138395453470569,0.029237683107966227,0.1456748309340518,10,1.0,0.0,1.0,1.0,10,0.5956764832777263,0.44748549175341024,0.27556464642233586,0.9157883201331167,10
{},linucb,53,3.4350889360781194,0.7115318921950735,2.9260896831654226,3.944088188990816,10,0.06471458930061343,0.07951434126144857,0.007833456154122578,0.12159572244710427,10,0.0140625,0.017195389603353314,0.0017616592960811046,0.026363340703918894,10,0.15570870879443963,0.10000063449315554,0.08417256430654502,0.22724485328233424,10,0.18318786119059308,0.043396172179754486,0.15214410972834663,0.21423161265283952,10,3.724056489371675,0.6490864817604242,3.259727992060681,4.188384986682669,10
{},uncertainty_aware,53,2.1531197279248993,0.6163511168798538,1.7122086999512693,2.594030755898529,10,0.04420981646238708,0.056160483060138225,0.004035027061676022,0.08438460586309814,10,0.0078125,0.011048543456039806,-9.115186239035643e-05,0.015716151862390358,10,0.12292264648612561,0.09009640555943073,0.05847156056446057,0.18737373240779065,10,0.7553480341206179,0.26451795290550717,0.5661232897517648,0.944572778489471,10,2.4012156684249506,0.6478121404186907,1.937798779993352,2.864632556856549,10
{},always_ofdm,54,2.356403667212034,0.876507025861341,1.729388313114823,2.9834190213092446,10,0.03881568989292193,0.05066867827034703,0.002569500974927842,0.07506187881091603,10,0.025,0.03310468454598064,0.0013183352894672769,0.04868166471053273,10,0.1114824300119402,0.09517968412017153,0.043394985666786776,0.17956987435709365,10,1.0,0.0,1.0,1.0,10,3.5752409578866144,1.2894495699949915,2.6528243030670016,4.497657612706227,10
{},always_otfs,54,0.9738025035681371,0.5902026766315969,0.5515969429069213,1.396008064229353,10,0.02084646598857986,0.04550467091950885,-0.011705614608417583,0.0533985465855773,10,0.0109375,0.024484706819881574,-0.006577804114702091,0.02845280411470209,10,0.07541445760320478,0.08291324733678218,0.016101893522918312,0.13472702168349127,10,1.0,0.0,1.0,1.0,10,1.1261112886975462,0.8540607437336991,0.5151530375341067,1.7370695398609857,10
{},always_afdm,54,0.6631798596639451,0.41454372689750724,0.3666331417936689,0.9597265775342213,10,0.008887483535959289,0.028104690640878335,-0.011217401004658893,0.02899236807657747,10,0.003125,0.006588078458684124,-0.001587827422612707,0.007837827422612707,10,0.056262864925490985,0.06593869186538767,0.009093166327748738,0.10343256352323324,10,1.0,0.0,1.0,1.0,10,0.597865011029808,0.4648280384702234,0.26534706361312,0.9303829584464961,10
{},linucb,54,3.48769331354629,0.7389352396049623,2.9590908868167314,4.016295740275849,10,0.05260437746817054,0.07305266198918477,0.00034565121337531285,0.10486310372296576,10,0.0046875,0.010546071214227388,-0.0028567048741424015,0.0122317048741424,10,0.11386130381738938,0.08160729297992202,0.05548296320518838,0.17223964442959036,10,0.19271050839989468,0.05430864531813021,0.1538604439166989,0.23156057288309045,10,3.7838434560156555,0.6811396032834495,3.296585536864682,4.271101375166629,10
{},uncertainty_aware,54,2.1531197279248993,0.6163511168798538,1.7122086999512693,2.594030755898529,10,0.0,0.0,0.0,0.0,10,0.0015625,0.004941058844013093,-0.00197212056695953,0.00509712056695953,10,0.04757864027723954,0.05103594487296573,0.011069724658723294,0.08408755589575578,10,0.5772477944468212,0.1626116504486729,0.4609224273042011,0.6935731615894413,10,2.394719971528781,0.6713686593069422,1.9144517646294266,2.874988178428135,10
{},always_ofdm,55,2.398892378820004,0.8968014939231026,1.757359236841452,3.0404255207985558,10,0.042488711607969944,0.05561971887576519,0.002700761601061287,0.0822766616148786,10,0.0203125,0.025568620226319953,0.0020218109445088693,0.038603189055491136,10,0.11041647417752871,0.0912910329602877,0.04511080329457774,0.17572214506047967,10,1.0,0.0,1.0,1.0,10,3.6374614139247745,1.3062280363006389,2.7030421673615246,4.571880660488024,10
{},always_otfs,55,0.9738025035681371,0.5902026766315969,0.5515969429069213,1.396008064229353,10,0.0,0.0,0.0,0.0,10,0.0015625,0.004941058844013093,-0.00197212056695953,0.00509712056695953,10,0.038440048826633266,0.04923510197171883,0.003219378614124066,0.07366071903914247,10,1.0,0.0,1.0,1.0,10,1.116355319384812,0.838589476648107,0.5164645459754408,1.716246092794183,10
{},always_afdm,55,0.6718767890497566,0.41728396434698883,0.3733698233959458,0.9703837547035673,10,0.00869692938581151,0.02750210550881364,-0.010976891719138297,0.028370750490761317,10,0.00625,0.015095184110614,-0.004548444200693183,0.017048444200693184,10,0.058092862395717135,0.06948917027473499,0.008383304548285786,0.10780242024314848,10,1.0,0.0,1.0,1.0,10,0.6077618552861578,0.4607562570451557,0.2781566848315669,0.9373670257407487,10
{},linucb,55,3.5264573220561743,0.7338464900470762,3.001495167465695,4.051419476646654,10,0.03876400850988472,0.04093774812083999,0.009478907676030646,0.0680491093437388,10,0.00625,0.015095184110614,-0.004548444200693183,0.017048444200693184,10,0.09220588487297975,0.08062878448298096,0.034527527071633805,0.14988424267432568,10,0.17931234116603686,0.045968999451872564,0.14642809994676562,0.2121965823853081,10,3.8278533227492675,0.6977993899969634,3.3286777101204885,4.3270289353780464,10
{},uncertainty_aware,55,2.1916626463317224,0.623457897139848,1.745667734019764,2.6376575586436806,10,0.03854291840682352,0.07342841876865937,-0.013984608055140797,0.09107044486878785,10,0.0078125,0.01518477055949297,-0.0030500304855817263,0.018675030485581726,10,0.08729209715256472,0.09036254238782987,0.02265062841276652,0.15193356589236293,10,0.5786580949596145,0.16323851717803944,0.4618842943730077,0.6954318955462213,10,2.4338160505419784,0.667387193671408,1.956396012580959,2.911236088502998,10
{},always_ofdm,56,2.410646707052793,0.8910973199785297,1.7731940852984502,3.048099328807136,10,0.01175432823278945,0.03717044958083655,-0.014835809573553372,0.038344466039132274,10,0.0296875,0.039287546178429396,0.0015828825219247125,0.057792117478075285,10,0.10209587080872969,0.10175475236865134,0.02930490598468155,0.17488683563277782,10,1.0,0.0,1.0,1.0,10,3.6528455344745177,1.2976525217885406,2.7245608414399003,4.581130227509135,10
{},always_otfs,56,0.9846799364745337,0.5833394031920501,0.5673840658659839,1.4019758070830834,10,0.01087743290639651,0.03439746307987809,-0.013729029856273244,0.03548389566906626,10,0.0125,0.01920738428602685,-0.0012401349949812263,0.026240134994981228,10,0.08864214287266266,0.08575201890144905,0.027298843949068417,0.1499854417962569,10,1.0,0.0,1.0,1.0,10,1.1182857119984873,0.8190753834026235,0.5323544799563732,1.7042169440406014,10
{},always_afdm,56,0.6718767890497566,0.41728396434698883,0.3733698233959458,0.9703837547035673,10,0.0,0.0,0.0,0.0,10,0.009375,0.01679637030895531,-0.00264039949604869,0.02139039949604869,10,0.07328486974557108,0.07980540917350662,0.016195519158077896,0.13037422033306426,10,1.0,0.0,1.0,1.0,10,0.5943349747727416,0.46023738922821994,0.2651009799942908,0.9235689695511924,10
{},linucb,56,3.5801057522570305,0.7312482283221251,3.05700228213506,4.103209222379001,10,0.05364843020085595,0.03890381951266634,0.025818314243146148,0.08147854615856574,10,0.015625,0.02209708691207961,-0.00018230372478071286,0.031432303724780716,10,0.13427061623306966,0.08863641343047082,0.07086394576354471,0.1976772867025946,10,0.17515501875757836,0.04167691426949056,0.1453411503146143,0.2049688872005424,10,3.87541218872335,0.685393831306104,3.3851109781767215,4.365713399269979,10
{},uncertainty_aware,56,2.2256510334969053,0.5989238554063882,1.7972067173707835,2.6540953496230273,10,0.03398838716518262,0.04169322589251406,0.004162850090040814,0.06381392424032442,10,0.0140625,0.020104436526686233,-0.0003193475103692323,0.028444347510369235,10,0.11970193394438296,0.0843098304759324,0.05939031447071849,0.18001355341804742,10,0.6610594907919247,0.24263827584087116,0.48748652451205376,0.8346324570717957,10,2.466806234227374,0.6295366483205412,2.016462845278522,2.917149623176226,10
{},always_ofdm,57,2.4658523103612557,0.926504776802161,1.8030707198446443,3.128633900877867,10,0.05520560330846237,0.048904186241594066,0.020221655948798094,0.09018955066812664,10,0.0203125,0.019557274328665195,0.006322068746680877,0.034302931253319124,10,0.13828712251058942,0.08028629141766253,0.08085376948877214,0.19572047553240668,10,1.0,0.0,1.0,1.0,10,3.750906426975739,1.350573674325094,2.7847642220012356,4.717048631950242,10
{},always_otfs,57,1.0111775546791502,0.5927967371944936,0.587116314879714,1.4352387944785863,10,0.02649761820461659,0.04326880448648298,-0.004455019898648278,0.05745025630788146,10,0.009375,0.015095184110613998,-0.001423444200693182,0.020173444200693183,10,0.08643252236388096,0.08206403171845539,0.027727450540837723,0.1451375941869242,10,1.0,0.0,1.0,1.0,10,1.1644920043530003,0.8413169897416132,0.5626500856160158,1.7663339230899848,10
{},always_afdm,57,0.6898289021968232,0.4376090241587659,0.37678226464203174,1.0028755397516147,10,0.0179521131470666,0.037926118408415456,-0.009178597573724905,0.045082823867858106,10,0.0078125,0.01327869664998121,-0.0016865073510882941,0.017311507351088294,10,0.07266538131028896,0.07832773383820804,0.016633095978710252,0.12869766664186766,10,1.0,0.0,1.0,1.0,10,0.6267741260736626,0.502591698034013,0.2672416839926249,0.9863065681547003,10
{},linucb,57,3.664058673143188,0.7030625828356608,3.161117999169699,4.166999347116677,10,0.08395292088615774,0.08135425716642061,0.025755591190607358,0.14215025058170813,10,0.01875,0.023058274605394433,0.0022551040208555265,0.03524489597914447,10,0.1443733816995822,0.10608544145508203,0.06848442852986752,0.22026233486929686,10,0.1904396018720974,0.05002070218581136,0.15465694712109118,0.22622225662310363,10,3.9795593404135636,0.6704842643343879,3.4999237915654478,4.4591948892616795,10
{},uncertainty_aware,57,2.25749604697768,0.5931946700078083,1.83315014319212,2.68184195076324,10,0.031845013480775106,0.041744693591496455,0.001982658631730916,0.061707368329819295,10,0.00625,0.01092509216843908,-0.001565340131252025,0.014065340131252026,10,0.09229033057428801,0.06953061565396619,0.042551124488602314,0.1420295366599737,10,0.6682818814943812,0.23862250075843774,0.4975816276526248,0.8389821353361375,10,2.518870334792294,0.6344962762101148,2.0649790417815033,2.972761627803085,10
{},always_ofdm,58,2.4734859296609746,0.9362195305028065,1.8037548229946307,3.1432170363273184,10,0.00763361929971848,0.02413962377772994,-0.009634827277640971,0.024902065877077932,10,0.0171875,0.025989531145572186,-0.0014042905883841147,0.03577929058838412,10,0.10866909140436853,0.08947030393148217,0.04466589160610704,0.17267229120263003,10,1.0,0.0,1.0,1.0,10,3.7706894375136164,1.3658899911682925,2.7935905995110257,4.747788275516207,10
{},always_otfs,58,1.0195988458249914,0.6118455134745734,0.5819109323629734,1.4572867592870093,10,0.00842129114584115,0.026630460860267244,-0.010628992940203212,0.027471575231885516,10,0.015625,0.01948779888944761,0.0016842684819217482,0.029565731518078252,10,0.10723610672747788,0.0881271212440279,0.04419376194069077,0.170278451514265,10,1.0,0.0,1.0,1.0,10,1.182842030213987,0.876218824119322,0.5560328432232474,1.8096512172047268,10
{},always_afdm,58,0.6898289021968232,0.4376090241587659,0.37678226464203174,1.0028755397516147,10,0.0,0.0,0.0,0.0,10,0.0125,0.017738944131173336,-0.00018967618917617966,0.025189676189176183,10,0.09131993916705113,0.08591415391472265,0.0298606558420091,0.15277922249209314,10,1.0,0.0,1.0,1.0,10,0.6292079843742224,0.5026118988898951,0.26966109147142264,0.9887548772770223,10
{},linucb,58,3.7013375049997506,0.6951235314203594,3.2040760862831936,4.1985989237163075,10,0.0372788318565621,0.03956650674624115,0.008974658009804248,0.06558300570331994,10,0.0125,0.017738944131173332,-0.00018967618917617793,0.02518967618917618,10,0.1335828227343666,0.0890420232215652,0.06988599649964582,0.1972796489690874,10,0.18844203369418017,0.0431480920724142,0.15757574804995791,0.21930831933840242,10,4.02425608228144,0.6760815279564838,3.54061649224662,4.507895672316259,10
{},uncertainty_aware,58,2.281807297372885,0.5716876430051564,1.8728465938809498,2.6907680008648205,10,0.02431125039520492,0.03981997307498234,-0.0041742423402534555,0.05279674313066329,10,0.0171875,0.027013130166437374,-0.0021365292169229326,0.03651152921692294,10,0.1162598006843264,0.09656460958223441,0.04718164034560718,0.18533796102304562,10,0.6885612423072727,0.21494294328046382,0.5348003234381329,0.8423221611764125,10,2.546244054610129,0.6151685202995653,2.1061790052672067,2.9863091039530514,10
{},always_ofdm,59,2.5177982510108947,0.9451557275677376,1.8416745740608795,3.19392192796091,10,0.0443123213499204,0.04687549353795502,0.010779613325932469,0.07784502937390833,10,0.01875,0.019207384286026846,0.005009865005018774,0.032490134994981226,10,0.13807809640275676,0.08021563381474181,0.0806952887851494,0.19546090402036412,10,1.0,0.0,1.0,1.0,10,3.843654231992324,1.382121809271029,2.854943850813194,4.832364613171454,10
{},always_otfs,59,1.0279882082874863,0.6106102913395846,0.5911839195101622,1.4647924970648103,10,0.008389362462495201,0.026529493498203754,-0.010588693923817621,0.02736741884880802,10,0.0046875,0.007547592055306998,-0.000711722100346591,0.010086722100346592,10,0.0687246743502236,0.0759248025658551,0.01441134249893792,0.12303800620150929,10,1.0,0.0,1.0,1.0,10,1.1864534026401612,0.8685872583770854,0.5651035089066345,1.8078032963736879,10
{},always_afdm,59,0.6983449824379744,0.43350980980353615,0.388230746181323,1.0084592186946257,10,0.00851608024115102,0.026930210298793212,-0.010748631675809023,0.027780792158111065,10,0.009375,0.01976423537605237,-0.004763482267838121,0.023513482267838122,10,0.07463960329399674,0.07955184090329939,0.017731644519735815,0.13154756206825768,10,1.0,0.0,1.0,1.0,10,0.6387342857441698,0.4684111548877987,0.303653131253209,0.9738154402351307,10
{},linucb,59,3.7333915448916137,0.6901118845694156,3.239715242360254,4.2270678474229735,10,0.03205403989186329,0.041557382263471256,0.0023256794948917775,0.061782400288834805,10,0.00625,0.008068715304598786,0.0004779887844014461,0.012022011215598555,10,0.09932444048596806,0.0745092263794169,0.04602375083560358,0.15262513013633253,10,0.17020430474581497,0.06193180382098662,0.12590096118215713,0.2145076483094728,10,4.058467220843357,0.672939817045998,3.5770750754049723,4.539859366281742,10
{},uncertainty_aware,59,2.293963107815193,0.5691164273377715,1.8868417412077068,2.701084474422679,10,0.01215581044230766,0.02808615433111383,-0.007935814021108946,0.032247434905724265,10,0.0046875,0.007547592055306998,-0.000711722100346591,0.010086722100346592,10,0.07836872556967686,0.08720353663142452,0.01598707341378014,0.14075037772557358,10,0.596082141421187,0.1421416116361411,0.49440015790896086,0.6977641249334131,10,2.559499478255757,0.5965849822691575,2.132728291180584,2.98627066533093,10
{},always_ofdm,60,2.552976564100585,0.9491503570866725,1.873995301337335,3.231957826863835,10,0.03517831308968985,0.04562527820359584,0.0025399552391082783,0.06781667094027141,10,0.015625,0.01473139127471974,0.005086797516812859,0.02616320248318714,10,0.1209147224502023,0.08301070114733393,0.061532444113522745,0.18029700078688185,10,1.0,0.0,1.0,1.0,10,3.9011445624730414,1.391146798632327,2.905978092827836,4.8963110321182475,10
{},always_otfs,60,1.0453446548953598,0.604072290430896,0.613217370219424,1.4774719395712954,10,0.01735644660787308,0.03665607670475915,-0.008865731009314693,0.043578624225060855,10,0.009375,0.013176156917368247,-5.06548452254129e-05,0.01880065484522541,10,0.08766964661819647,0.08213871722533975,0.028911148002026266,0.14642814523436667,10,1.0,0.0,1.0,1.0,10,1.2106986572888732,0.8664873957313094,0.5908509148006293,1.830546399777117,10
{},always_afdm,60,0.7064192110377387,0.45556382040259913,0.3805284859943076,1.0323099360811698,10,0.00807422859976442,0.025532952724127637,-0.010190945461714085,0.026339402661242926,10,0.0046875,0.007547592055306998,-0.000711722100346591,0.010086722100346592,10,0.0708929565361081,0.0732695738637564,0.018479060873847174,0.12330685219836901,10,1.0,0.0,1.0,1.0,10,0.6462028503107935,0.49126420468821996,0.2947736088222059,0.9976320917993811,10
{},linucb,60,3.815157819535316,0.6876054924085682,3.323274481945334,4.3070411571252984,10,0.08176627464370213,0.08437193134271252,0.021410230886118653,0.1421223184012856,10,0.0078125,0.011048543456039806,-9.115186239035643e-05,0.015716151862390358,10,0.1442813363570113,0.08224872318842699,0.08544414421544672,0.20311852849857587,10,0.1918980709666728,0.0379222272716795,0.1647701437974175,0.2190259981359281,10,4.139324165230884,0.6534052518447877,3.6719062059146648,4.606742124547104,10
{},uncertainty_aware,60,2.309192342323794,0.5913507631589141,1.8861654900365896,2.7322191946109986,10,0.015229234508601211,0.04815906806801497,-0.019221687419815836,0.04968015643701826,10,0.0046875,0.007547592055306998,-0.000711722100346591,0.010086722100346592,10,0.08519081958780203,0.08488992593833959,0.02446422481897209,0.14591741435663197,10,0.6465997945432249,0.18642423776581363,0.5132399286138378,0.779959660472612,10,2.5812659058740746,0.6168072175033713,2.140028603169586,3.0225032085785632,10
{},always_ofdm,61,2.582579125857621,0.9494323452104727,1.9033961409426037,3.2617621107726387,10,0.029602561757036305,0.04784142907803323,-0.0046211349262861474,0.06382625844035876,10,0.0109375,0.01811721576138134,-0.0020227754121849434,0.023897775412184942,10,0.07571359681897379,0.0818925097371346,0.01713122442979717,0.1342959692081504,10,1.0,0.0,1.0,1.0,10,3.931648510102383,1.394883426638922,2.93380901780755,4.929488002397216,10
{},always_otfs,61,1.0535309107847037,0.5982735408142398,0.6255518016931403,1.4815100198762672,10,0.00818625588934431,0.02588721411929534,-0.010332341507692473,0.026704853286381093,10,0.0015625,0.004941058844013093,-0.00197212056695953,0.00509712056695953,10,0.039326024378133165,0.04964176272400934,0.0038144465880785364,0.0748376021681878,10,1.0,0.0,1.0,1.0,10,1.2048150324773745,0.8533533270442832,0.5943628367281201,1.8152672282266291,10
{},always_afdm,61,0.7236838243515634,0.4574833149077898,0.3964199756578375,1.0509476730452894,10,0.017264613313824638,0.0363972410689177,-0.00877240444374807,0.043301631071397347,10,0.003125,0.006588078458684124,-0.001587827422612707,0.007837827422612707,10,0.05513171308817694,0.06572813699856896,0.008112636368502908,0.10215078980785097,10,1.0,0.0,1.0,1.0,10,0.6561249142093384,0.5003959753212339,0.2981631975345227,1.014086630884154,10
{},linucb,61,3.8976810143163823,0.6853640510059121,3.407401107313158,4.387960921319606,10,0.08252319478106653,0.083518185000533,0.02277788436532345,0.1422685051968096,10,0.0046875,0.007547592055306998,-0.000711722100346591,0.010086722100346592,10,0.11389120139035695,0.08647962741530915,0.05202740269151697,0.17575500008919692,10,0.20093049351517242,0.0383008198513913,0.17353173752946435,0.2283292495008805,10,4.208005717431609,0.6476023671295125,3.744738891771116,4.671272543092102,10
{},uncertainty_aware,61,2.348391253049406,0.5972981020043959,1.9211099308468336,2.7756725752519786,10,0.039198910725612525,0.04165735278632852,0.009399035724719802,0.06899878572650525,10,0.003125,0.006588078458684124,-0.001587827422612707,0.007837827422612707,10,0.07732679579237275,0.06266395047186903,0.032499706065809944,0.12215388551893556,10,0.6921629093513673,0.2125558139519845,0.5401096399328424,0.8442161787698921,10,2.6133830524768156,0.6135790720881829,2.1744550258886166,3.0523110790650145,10
{},always_ofdm,62,2.6422307890979226,0.9633191428481103,1.9531137875907587,3.3313477906050863,10,0.05965166324030163,0.04166640744734934,0.029845310925116282,0.08945801555548699,10,0.0140625,0.011529137302697216,0.005815052010427764,0.022309947989572237,10,0.1336892725581912,0.0748352326986562,0.08015537203596305,0.18722317308041936,10,1.0,0.0,1.0,1.0,10,4.0424589095301515,1.4248286650533528,3.0231978841340883,5.061719934926215,10
{},always_otfs,62,1.0614722738796303,0.5975097056045794,0.6340395795803344,1.4889049681789261,10,0.0079413630949264,0.025112795106371374,-0.010023248313086552,0.02590597450293935,10,0.0015625,0.004941058844013093,-0.00197212056695953,0.00509712056695953,10,0.037728786460682874,0.04935169942748548,0.002424707452970326,0.07303286546839542,10,1.0,0.0,1.0,1.0,10,1.219664945807635,0.8545597727523367,0.6083497107894243,1.8309801808258457,10
{},always_afdm,62,0.7485345895688955,0.4796019976518706,0.40544798842282626,1.0916211907149647,10,0.0248507652173321,0.040025006044296485,-0.0037813992686804403,0.053482929703344645,10,0.0046875,0.007547592055306998,-0.000711722100346591,0.010086722100346592,10,0.07082427151648656,0.07370226596945245,0.018100846568249326,0.12354769646472379,10,1.0,0.0,1.0,1.0,10,0.7040703125954024,0.522724071598835,0.3301360380508323,1.0780045871399726,10
{},linucb,62,3.957968261989643,0.6683601490931145,3.479852213648487,4.4360843103307985,10,0.06028724767326029,0.07115476924986516,0.009386192096362468,0.1111883032501581,10,0.0046875,0.010546071214227388,-0.0028567048741424015,0.0122317048741424,10,0.09897117962925477,0.07424661717882351,0.045858349284110846,0.1520840099743987,10,0.19933475636086917,0.045188149921575736,0.1670091012456335,0.23166041147610483,10,4.284098023930442,0.6266298185191506,3.8358340557545474,4.732361992106337,10
{},uncertainty_aware,62,2.415921278901644,0.6376247314763099,1.9597920238111048,2.872050533992183,10,0.0675300258522377,0.08334801588481935,0.007906447088606314,0.1271536046158691,10,0.00625,0.008068715304598786,0.0004779887844014461,0.012022011215598555,10,0.11404600661425253,0.10448669965698666,0.03930072443069761,0.18879128879780743,10,0.7324134754534889,0.23034108514792362,0.5676373894600735,0.8971895614469043,10,2.704550185960645,0.6491206783374308,2.240197225892128,3.168903146029162,10
{},always_ofdm,63,2.6588592240716213,0.9674621735583385,1.9667784769341738,3.350939971209069,10,0.01662843497369873,0.03507226404162096,-0.008460751317121356,0.04171762126451882,10,0.0078125,0.011048543456039806,-9.115186239035643e-05,0.015716151862390358,10,0.08659108233236208,0.08126804463418479,0.028455425367129333,0.14472673929759483,10,1.0,0.0,1.0,1.0,10,4.0518394643505,1.435907662989113,3.0246530012696597,5.079025927431339,10
{},always_otfs,63,1.0718402003859975,0.6214921087452315,0.6272515283778397,1.5164288723941552,10,0.01036792650636705,0.03278626237335212,-0.01308595270395605,0.03382180571669015,10,0.009375,0.01679637030895531,-0.00264039949604869,0.02139039949604869,10,0.07296707329466014,0.08057027763180746,0.015330568773348797,0.13060357781597148,10,1.0,0.0,1.0,1.0,10,1.215421491590281,0.8804262386176935,0.5856025015817758,1.8452404815987862,10
{},always_afdm,63,0.7654930221044307,0.4798413328941158,0.422235210839975,1.1087508333688865,10,0.01695843253553532,0.03578094142125001,-0.008637711012920126,0.04255457608399077,10,0.009375,0.015095184110613998,-0.001423444200693182,0.020173444200693183,10,0.08821515164478144,0.08251248550676998,0.02918927530725072,0.14724102798231217,10,1.0,0.0,1.0,1.0,10,0.71507493672817,0.5298442770356893,0.33604717405229045,1.0941026994040497,10
{},linucb,63,4.005417065717425,0.663934867613634,3.5304666730435574,4.480367458391292,10,0.04744880372778184,0.041898967919631235,0.017476087672689725,0.07742151978287395,10,0.0109375,0.019557274328665195,-0.0030529312533191244,0.024927931253319123,10,0.11736440167144628,0.0779160658910918,0.06162660584881122,0.17310219749408134,10,0.19188148957377177,0.0662491998524706,0.14448966694310522,0.23927331220443832,10,4.324251898089874,0.6335366411967184,3.871047086613144,4.777456709566604,10
{},uncertainty_aware,63,2.4568348095673045,0.6416946700917042,1.9977940957812943,2.9158755233533147,10,0.04091353066566035,0.043405908798488095,0.009862814045961843,0.07196424728535886,10,0.009375,0.015095184110613998,-0.001423444200693182,0.020173444200693183,10,0.10954504069878745,0.08782323496945914,0.046720083057148185,0.1723699983404267,10,0.6838970339763011,0.21822762326398346,0.5277863965969888,0.8400076713556134,10,2.736884699147419,0.656965754777734,2.2669197094693248,3.206849688825513,10
{},always_ofdm,64,2.6881692883744495,0.9567905940715059,2.0037225293207115,3.3726160474281874,10,0.0293100643028281,0.04886479771041209,-0.005645706199038418,0.06426583480469461,10,0.0140625,0.024923929404177914,-0.0037670050236445225,0.031892005023644525,10,0.09071080513647621,0.0891042346734937,0.026969475509986796,0.15445213476296563,10,1.0,0.0,1.0,1.0,10,4.101086869901385,1.4185593986370222,3.0863106075317246,5.115863132271046,10
{},always_otfs,64,1.0825829926627448,0.6170269775866373,0.6411884830650312,1.5239775022604585,10,0.01074279227674735,0.03397169202458755,-0.013559092221150365,0.03504467677464507,10,0.00625,0.015095184110614,-0.004548444200693183,0.017048444200693184,10,0.05712121507471161,0.06886948001906851,0.00785495693124496,0.10638747321817826,10,1.0,0.0,1.0,1.0,10,1.2310793070794017,0.8667731611487369,0.6110271403263084,1.851131473832495,10
{},always_afdm,64,0.8026131161831914,0.4939177077717141,0.4492856729387649,1.155940559427618,10,0.037120094078760574,0.048278805976331635,0.002583516810720596,0.07165667134680055,10,0.015625,0.01948779888944761,0.0016842684819217482,0.029565731518078252,10,0.10780319363781739,0.08720574903081893,0.04541995882673507,0.1701864284488997,10,1.0,0.0,1.0,1.0,10,0.7814147307803966,0.5724060060250534,0.37194014134117126,1.1908893202196218,10
{},linucb,64,4.068373736826946,0.6464440384669754,3.6059355295746034,4.530811944079289,10,0.06295667110952143,0.09653794097283057,-0.006102411655287646,0.1320157538743305,10,0.0078125,0.011048543456039806,-9.115186239035643e-05,0.015716151862390358,10,0.1089923184107467,0.09944310639087976,0.03785500550109763,0.18012963132039578,10,0.1709165670054879,0.03605363256159041,0.14512535196658813,0.19670778204438769,10,4.3917808169150305,0.6043590091344359,3.9594484260344416,4.8241132077956195,10
{},uncertainty_aware,64,2.5010537583786627,0.6430755251083855,2.041025240420301,2.9610822763370246,10,0.044218948811357725,0.04673110312825572,0.010789531464106675,0.07764836615860878,10,0.0140625,0.020104436526686233,-0.0003193475103692323,0.028444347510369235,10,0.11437145236496549,0.07427004654002847,0.061241861664480694,0.16750104306545027,10,0.6438220739178812,0.18788382634056885,0.5094180812216412,0.7782260666141211,10,2.809792751926794,0.6629980080852228,2.3355125481865167,3.2840729556670714,10
{},always_ofdm,65,2.7126937076967,0.9676733167671949,2.020461917806645,3.4049254975867553,10,0.024524419322250697,0.03951238216029859,-0.0037410361281693845,0.052789874772670775,10,0.0109375,0.014823176532039278,0.0003336382991214089,0.02154136170087859,10,0.10478597668427998,0.08447079540053311,0.04435920984018052,0.16521274352837945,10,1.0,0.0,1.0,1.0,10,4.132707829314121,1.4275620584078037,3.111491452105169,5.153924206523074,10
{},always_otfs,65,1.1101608958661104,0.6446497335854147,0.6490062570022406,1.5713155347299803,10,0.027577903203365662,0.044524924634864356,-0.0042733091227949195,0.05942911552952625,10,0.0140625,0.017195389603353314,0.0017616592960811046,0.026363340703918894,10,0.1044518462495895,0.08562224803724536,0.043201379809899444,0.16570231268927957,10,1.0,0.0,1.0,1.0,10,1.2623661360574476,0.9110159345818729,0.6106645957888831,1.9140676763260123,10
{},always_afdm,65,0.8188735750599087,0.49541855247192573,0.4644724921943698,1.1732746579254476,10,0.016260458876717183,0.034280502567005953,-0.008262335375341542,0.04078325312877591,10,0.00625,0.008068715304598786,0.0004779887844014461,0.012022011215598555,10,0.08764945337485783,0.07939117616509464,0.03085642723062048,0.14444247951909517,10,1.0,0.0,1.0,1.0,10,0.7958991668837111,0.5646825985145227,0.3919495703449061,1.1998487634225161,10
{},linucb,65,4.173891250895149,0.6977128831967488,3.674777521503319,4.673004980286979,10,0.10551751406820302,0.07295747747906771,0.05332687871006315,0.1577081494263429,10,0.0125,0.012325166214790868,0.0036831072307951847,0.021316892769204815,10,0.1828906764654127,0.07725948659993376,0.1276225691730365,0.23815878375778893,10,0.1708500392180927,0.03373441226596529,0.14671789443417665,0.19498218400200873,10,4.501506476108899,0.6593395986404114,4.029843340829901,4.973169611387897,10
{},uncertainty_aware,65,2.5247767510742505,0.6553224484120341,2.055987311953514,2.993566190194987,10,0.02372299269558801,0.03824124912311092,-0.003633148958249944,0.05107913434942596,10,0.00625,0.008068715304598786,0.0004779887844014461,0.012022011215598555,10,0.09483700289795267,0.07610900635178415,0.04039189959629345,0.1492821061996119,10,0.600770626678493,0.14066143778239215,0.5001474957546096,0.7013937576023764,10,2.8314647375532034,0.6876561086074765,2.339545191315777,3.3233842837906296,10
{},always_ofdm,66,2.721093723790028,0.9631441803912743,2.0321018828846507,3.4100855646954056,10,0.00840001609332804,0.026563183236986126,-0.010602140480283694,0.027402172666939773,10,0.0171875,0.033308910323582255,-0.006640259030920876,0.041015259030920875,10,0.07852208262884942,0.08932915919759048,0.014619851690721233,0.1424243135669776,10,1.0,0.0,1.0,1.0,10,4.146360057899363,1.423546307994676,3.128016375481167,5.1647037403175595,10
{},always_otfs,66,1.1292914638964877,0.6522961400885714,0.6626669153345904,1.5959160124583849,10,0.01913056803037732,0.04033331032071293,-0.009722144048915467,0.04798328010967011,10,0.025,0.0384147685720537,-0.0024802699899624525,0.052480269989962455,10,0.09873986192573997,0.09663176411609124,0.029613662127457835,0.1678660617240221,10,1.0,0.0,1.0,1.0,10,1.2962361439395802,0.9292049999044779,0.6315229301790171,1.9609493577001433,10
{},always_afdm,66,0.8188735750599087,0.49541855247192573,0.4644724921943698,1.1732746579254476,10,0.0,0.0,0.0,0.0,10,0.0140625,0.029874229999374974,-0.007308236741136927,0.03543323674113693,10,0.0622747889029131,0.08200905962831528,0.0036090417441881906,0.12094053606163802,10,1.0,0.0,1.0,1.0,10,0.7933041017430164,0.5648977104995058,0.3892006233601929,1.19740758012584,10
{},linucb,66,4.2252976129653135,0.7239773499639071,3.7073954158894953,4.743199810041132,10,0.05140636207016449,0.035651195093183805,0.025903033453517833,0.07690969068681114,10,0.0171875,0.03642111195218144,-0.00886659395876746,0.04324159395876746,10,0.12899840043527655,0.09264481736504031,0.06272429052916648,0.19527251034138662,10,0.18746975236506822,0.04138636093348365,0.15786373325757463,0.2170757714725618,10,4.565635022500568,0.6670241646131101,4.088474679883476,5.04279536511766,10
{},uncertainty_aware,66,2.541270980879491,0.6682396217843004,2.063241152581055,3.0193008091779268,10,0.01649422980524019,0.03345355815541251,-0.007437004051116702,0.04042546366159708,10,0.0171875,0.03642111195218144,-0.00886659395876746,0.04324159395876746,10,0.08581498764565118,0.09910767248700433,0.014917629695642032,0.15671234559566033,10,0.6474100907767647,0.18599528790098152,0.514357077095508,0.7804631044580214,10,2.8524098711552464,0.6935894080594934,2.356245898179523,3.3485738441309696,10
{},always_ofdm,67,2.76327414312556,0.9837393287774363,2.059549420592287,3.466998865658833,10,0.04218041933553211,0.044590928043580315,0.010281991015127792,0.07407884765593643,10,0.021875,0.02775606790515464,0.002019505140966306,0.04173049485903369,10,0.13794970141633905,0.08144013999829179,0.07969093484390379,0.19620846798877434,10,1.0,0.0,1.0,1.0,10,4.2085887659702435,1.4613537866293784,3.1631992426127065,5.25397828932778,10
{},always_otfs,67,1.1292914638964877,0.6522961400885714,0.6626669153345904,1.5959160124583849,10,0.0,0.0,0.0,0.0,10,0.00625,0.015095184110614,-0.004548444200693183,0.017048444200693184,10,0.056615986152270856,0.06976740376323616,0.006707392057362961,0.10652458024717876,10,1.0,0.0,1.0,1.0,10,1.2771311367463922,0.9032653058912752,0.630974062237398,1.9232882112553864,10
{},always_afdm,67,0.8188735750599087,0.49541855247192573,0.4644724921943698,1.1732746579254476,10,0.0,0.0,0.0,0.0,10,0.00625,0.015095184110614,-0.004548444200693183,0.017048444200693184,10,0.05647057266274776,0.06864458267963292,0.007365196384184765,0.10557594894131075,10,1.0,0.0,1.0,1.0,10,0.7740536810603054,0.5764799825919728,0.3616647443490996,1.186442617771511,10
{},linucb,67,4.304979800305839,0.6858069300411598,3.814383076726233,4.795576523885445,10,0.07968218734052471,0.062064908437974846,0.0352836264698854,0.12408074821116402,10,0.0140625,0.01719538960335331,0.0017616592960811063,0.026363340703918894,10,0.14734231293358424,0.093596390658587,0.08038748850038147,0.21429713736678702,10,0.18746760406438875,0.05332538727663404,0.14932092001154584,0.22561428811723166,10,4.637256342088693,0.6284966920557341,4.187656893035797,5.0868557911415895,10
{},uncertainty_aware,67,2.5556724970518325,0.6711507788344752,2.0755601524531375,3.0357848416505275,10,0.01440151617234176,0.030775869190356332,-0.007614214390773427,0.036417246735456946,10,0.0046875,0.007547592055306998,-0.000711722100346591,0.010086722100346592,10,0.07691188852899282,0.08725900093553572,0.01449055960011432,0.1393332174578713,10,0.5959398735640196,0.14333069716135854,0.49340726950951835,0.6984724776185207,10,2.85360076633878,0.6893365222423071,2.3604791246027608,3.3467224080747995,10
{},always_ofdm,68,2.798975006933814,0.9656752437587413,2.108172552369025,3.489777461498603,10,0.03570086380825386,0.04636751862798837,0.002531539144179376,0.06887018847232834,10,0.021875,0.02109214242845478,0.006786590251715194,0.036963409748284805,10,0.1406145703268537,0.08049345314817308,0.0830330227304592,0.1981961179232482,10,1.0,0.0,1.0,1.0,10,4.269293386781866,1.4391857301290647,3.2397619357341685,5.298824837829564,10
{},always_otfs,68,1.1292914638964877,0.6522961400885714,0.6626669153345904,1.5959160124583849,10,0.0,0.0,0.0,0.0,10,0.00625,0.01092509216843908,-0.001565340131252025,0.014065340131252026,10,0.07075581390886887,0.07649637329140035,0.01603360499180362,0.12547802282593412,10,1.0,0.0,1.0,1.0,10,1.2679770011400298,0.9056212974499136,0.6201345517991134,1.9158194504809463,10
{},always_afdm,68,0.8458266444376159,0.4948932185363581,0.49180136283083536,1.1998519260443965,10,0.02695306937770729,0.043430107630133226,-0.004114958043325415,0.05802109679873999,10,0.0171875,0.01719538960335331,0.004886659296081107,0.029488340703918897,10,0.12377788797827731,0.08328535739212271,0.06419913240011528,0.18335664355643932,10,1.0,0.0,1.0,1.0,10,0.8179216195233513,0.5815912132055769,0.40187632869460477,1.2339669103520978,10
{},linucb,68,4.3571942575764595,0.663195221706137,3.8827729757105063,4.831615539442413,10,0.05221445727062124,0.03854095145803299,0.024643921481755957,0.07978499305948653,10,0.0125,0.014358384116760648,0.002228630763241979,0.022771369236758023,10,0.1551044378447749,0.06573459175383624,0.10808074367134396,0.20212813201820584,10,0.2069758052283827,0.052177628171833405,0.1696501785775699,0.24430143187919548,10,4.712450830418237,0.5955817051858622,4.286397344533219,5.138504316303255,10
{},uncertainty_aware,68,2.6042981469995867,0.6994307865470516,2.1039555035822968,3.1046407904168767,10,0.048625649947754215,0.08487333144989162,-0.012089073839163127,0.10934037373467156,10,0.0171875,0.01719538960335331,0.004886659296081107,0.029488340703918897,10,0.13830761140546707,0.09891746774290694,0.06754631773269974,0.2090689050782344,10,0.6475411009073074,0.18591090304429908,0.5145484525160393,0.7805337492985756,10,2.911998428229016,0.7264447035946218,2.3923311926939506,3.431665663764081,10
{},always_ofdm,69,2.856463747271447,0.9738734210935135,2.1597966699337117,3.5531308246091826,10,0.05748874033763355,0.050368743511830065,0.021457111820490517,0.09352036885477658,10,0.034375,0.03359274061791063,0.01034420100790262,0.058405798992097385,10,0.16436874378176164,0.07618660735930498,0.10986812806346073,0.21886935950006253,10,1.0,0.0,1.0,1.0,10,4.363394041696977,1.4560839302955322,3.3217743464614236,5.40501373693253,10
{},always_otfs,69,1.1600686658872001,0.6622417462221283,0.686329459293423,1.6338078724809773,10,0.030777201990712367,0.05058833762893463,-0.005411514694615826,0.06696591867604056,10,0.01875,0.02927806108865666,-0.002194263193719039,0.039694263193719034,10,0.10744095436140311,0.09116444767746953,0.04222583713471259,0.17265607158809362,10,1.0,0.0,1.0,1.0,10,1.3051498666347823,0.9138954307062631,0.6513884589278686,1.958911274341696,10
{},always_afdm,69,0.8544723996467571,0.493092894565464,0.501734992225572,1.2072098070679422,10,0.00864575520914124,0.027340278553151735,-0.010912301865500754,0.028203812283783235,10,0.0078125,0.01518477055949297,-0.0030500304855817263,0.018675030485581726,10,0.07408949457641159,0.0777010215658122,0.0185055321969589,0.1296734569558643,10,1.0,0.0,1.0,1.0,10,0.8217430252331119,0.567985454104899,0.4154307081382491,1.2280553423279748,10
{},linucb,69,4.46961282120156,0.6545385161709231,4.001384173423329,4.937841468979791,10,0.11241856362509987,0.0768584269630626,0.05743735711367261,0.16739977013652713,10,0.0203125,0.027609079751455358,0.0005621541318135692,0.04006284586818643,10,0.19537146723433194,0.07898625590452484,0.1388681035948678,0.2518748308737961,10,0.2059361201363774,0.05716932744883556,0.1650396469351441,0.2468325933376107,10,4.837554208785919,0.57870369744208,4.423574522299741,5.251533895272098,10
{},uncertainty_aware,69,2.6521894913647825,0.6783626667107528,2.1669180729685786,3.1374609097609865,10,0.0478913443651965,0.08362571324850418,-0.011930887125321588,0.10771357585571459,10,0.01875,0.03359274061791063,-0.005280798992097383,0.042780798992097385,10,0.12461962526783088,0.10582257220247417,0.04891871743334124,0.2003205331023205,10,0.6459867007131136,0.18672974643497575,0.512408287047402,0.7795651143788251,10,2.966349964630196,0.6940386685996541,2.4698646100244805,3.462835319235911,10
{},always_ofdm,70,2.8953668324000086,1.0001463400586956,2.179905241040058,3.6108284237599593,10,0.03890308512856116,0.05128122832129835,0.0022187043013555396,0.07558746595576678,10,0.028125,0.025301995419773165,0.010025042841179919,0.04622495715882008,10,0.1443355670134317,0.08448909487948748,0.08389570951068623,0.20477542451617717,10,1.0,0.0,1.0,1.0,10,4.411766148149564,1.4993796734499432,3.3391745440486047,5.4843577522505225,10
{},always_otfs,70,1.1600686658872001,0.6622417462221283,0.686329459293423,1.6338078724809773,10,0.0,0.0,0.0,0.0,10,0.021875,0.04179667218278933,-0.008024538093289096,0.051774538093289094,10,0.08201831432826216,0.0951604138070055,0.013944655134712602,0.15009197352181172,10,1.0,0.0,1.0,1.0,10,1.2912047204021992,0.9018038600008045,0.6460931013036817,1.9363163395007168,10
{},always_afdm,70,0.8707927924796357,0.5203922036908317,0.4985266357469083,1.2430589492123632,10,0.016320392832878478,0.03440641354871769,-0.008292472709487513,0.04093325837524447,10,0.015625,0.02209708691207961,-0.00018230372478071286,0.031432303724780716,10,0.1069170439830384,0.0879740190971834,0.04398422187431815,0.16984986609175867,10,1.0,0.0,1.0,1.0,10,0.8326966086553057,0.6101670801927835,0.3962093740326567,1.2691838432779547,10
{},linucb,70,4.515408387372992,0.6734138977856,4.033677105003537,4.997139669742447,10,0.045795566171432905,0.07080129597115711,-0.004852629854458772,0.09644376219732459,10,0.015625,0.02329237476562281,-0.0010373611454568207,0.03228736114545682,10,0.14889633081079443,0.09086772773363354,0.08389347424507146,0.2138991873765174,10,0.17427529974007627,0.03036762412482176,0.1525516101039269,0.19599898937622565,10,4.890487079035868,0.6034461533550389,4.458807705841242,5.322166452230494,10
{},uncertainty_aware,70,2.6746971379692823,0.6852290351620992,2.1845138154823474,3.1648804604562173,10,0.02250764660449907,0.03634353897758833,-0.0034909549911751533,0.048506248200173296,10,0.015625,0.02551551815399144,-0.0026277021213286372,0.03387770212132864,10,0.11435603747084333,0.07672938016535163,0.05946714547735428,0.1692449294643324,10,0.6482818353569103,0.1855713479418168,0.5155320900531666,0.781031580660654,10,2.984742541540194,0.717117086138472,2.4717478815688025,3.497737201511585,10
{},always_ofdm,71,2.9500817969017694,1.0106617703524126,2.2270979198617695,3.6730656739417693,10,0.05471496450176078,0.04767544538586445,0.020610005398912702,0.08881992360460886,10,0.0265625,0.020898336091394666,0.011612730953355452,0.04151226904664455,10,0.15745472066037677,0.07123698272993174,0.10649485310274799,0.20841458821800557,10,1.0,0.0,1.0,1.0,10,4.494007500030539,1.4853022396711335,3.431486285401845,5.556528714659232,10
{},always_otfs,71,1.177740810977158,0.666837146978638,0.7007142527164276,1.6547673692378886,10,0.01767214508995797,0.03729867811016318,-0.00900972188038339,0.044354012060299326,10,0.0140625,0.024923929404177914,-0.0037670050236445225,0.031892005023644525,10,0.0917883400355576,0.0878830448523343,0.028920596981157218,0.15465608308995799,10,1.0,0.0,1.0,1.0,10,1.3077796916583548,0.9100546478070947,0.6567658145227631,1.9587935687939466,10
{},always_afdm,71,0.9044153432730768,0.5360530963753478,0.5209460588045386,1.2878846277416152,10,0.033622550793441196,0.04343649298189735,0.0025499555669268627,0.06469514601995553,10,0.015625,0.01948779888944761,0.0016842684819217482,0.029565731518078252,10,0.12239183598251209,0.08354213609434512,0.06262939198640455,0.18215427997861963,10,1.0,0.0,1.0,1.0,10,0.8798750758584157,0.640511399879885,0.4216808225900808,1.3380693291267507,10
{},linucb,71,4.608859754180861,0.6431257992169367,4.148795272291754,5.068924236069967,10,0.09345136680786914,0.07966315810144324,0.03646377650716074,0.15043895710857755,10,0.0203125,0.020898336091394666,0.005362730953355453,0.03526226904664455,10,0.18826633530599457,0.08734221577249907,0.12578547806881366,0.2507471925431755,10,0.1672757021818989,0.03142511863230291,0.14479552654677816,0.18975587781701966,10,5.0035400455624615,0.5809154845047159,4.587978141926451,5.419101949198472,10
{},uncertainty_aware,71,2.723228847085692,0.6579816828063764,2.2525371062763213,3.1939205878950627,10,0.04853170911640969,0.05769362090501266,0.007260178970535616,0.08980323926228376,10,0.015625,0.020833333333333332,0.0007217311252429165,0.030528268874757084,10,0.12974867155931977,0.10104061241348572,0.05746857168404157,0.20202877143459796,10,0.6919063929259675,0.21304237868925452,0.539505056062426,0.8443077297895089,10,3.039277844320112,0.6902024942261691,2.5455367235450446,3.533018965095179,10
{},always_ofdm,72,2.9833206035617477,1.0259056005925054,2.2494319472857836,3.7172092598377118,10,0.033238806659977936,0.05491972459948144,-0.006048397607238833,0.07252601092719471,10,0.021875,0.03227486121839514,-0.0012130448623942115,0.044963044862394205,10,0.09715238610492019,0.0954560046480528,0.028867273961880532,0.16543749824795984,10,1.0,0.0,1.0,1.0,10,4.531275110460518,1.5113949740090937,3.450088278127045,5.612461942793991,10
{},always_otfs,72,1.1938471691788055,0.6610588657040959,0.7209541443325619,1.6667401940250492,10,0.01610635820164763,0.03396182295206407,-0.008188466387064712,0.04040118279035997,10,0.0125,0.02927806108865666,-0.008444263193719038,0.03344426319371904,10,0.07443494527483283,0.08611331141174315,0.012833193258917831,0.13603669729074783,10,1.0,0.0,1.0,1.0,10,1.322329861258248,0.897284200043319,0.6804514121230366,1.9642083103934591,10
{},always_afdm,72,0.9211737560815179,0.5430661134449302,0.5326876614204398,1.3096598507425958,10,0.016758412808440946,0.035354777249011045,-0.00853287125631855,0.04204969687320044,10,0.0125,0.02927806108865666,-0.008444263193719038,0.03344426319371904,10,0.07693444371065312,0.08585448353012995,0.015517846007312465,0.1383510414139938,10,1.0,0.0,1.0,1.0,10,0.896924743894129,0.6407640947332426,0.438549723617337,1.355299764170921,10
{},linucb,72,4.695298890847268,0.631368410680528,4.24364513804407,5.146952643650466,10,0.08643913666640675,0.07844637973655282,0.030321977172079913,0.1425562961607336,10,0.01875,0.035933725647209036,-0.006955438799621318,0.044455438799621314,10,0.13844282667408206,0.10681940748424042,0.06202882583664811,0.21485682751151602,10,0.1710825178562319,0.029987867168930305,0.14963048998107661,0.1925345457313872,10,5.082098096561603,0.5729045906969973,4.672266841134083,5.491929351989124,10
{},uncertainty_aware,72,2.786517959725002,0.7006050407854771,2.2853353054288683,3.287700614021136,10,0.06328911263930952,0.08734098047689642,0.0008091390793688868,0.12576908619925015,10,0.015625,0.02551551815399144,-0.0026277021213286372,0.03387770212132864,10,0.12082320904144306,0.10203333833371328,0.04783295582337643,0.19381346225950968,10,0.6923879882138757,0.2124522702195085,0.5404087895194494,0.844367186908302,10,3.1002162776866147,0.7267858317147825,2.5803050137949657,3.6201275415782637,10
{},always_ofdm,73,3.020818137715946,1.0560277627876808,2.265381384690362,3.77625489074153,10,0.037497534154198445,0.04936085599606844,0.0021869049319149306,0.07280816337648197,10,0.025,0.032274861218395144,0.0019119551376057843,0.04808804486239422,10,0.12677833012070475,0.09290167627398235,0.06032047442021836,0.19323618582119112,10,1.0,0.0,1.0,1.0,10,4.5910510955022,1.5578839760780279,3.476608034486209,5.705494156518191,10
{},always_otfs,73,1.2027967703431621,0.6616268388703596,0.7294974419700158,1.6760960987163085,10,0.0089496011643564,0.028301123829461153,-0.011295803214279811,0.029195005542992612,10,0.0140625,0.03411358936211003,-0.010340891738235781,0.03846589173823578,10,0.07532751930123084,0.088196241848879,0.01223572861241741,0.13841930999004426,10,1.0,0.0,1.0,1.0,10,1.3306550354804556,0.908093302865533,0.6810442199938354,1.9802658509670759,10
{},always_afdm,73,0.9317261569414665,0.5546546617468489,0.5349501142222315,1.3285021996607016,10,0.0105524008599487,0.03336962150055737,-0.013318788330692005,0.034423590050589405,10,0.015625,0.03125,-0.006729903312135625,0.037979903312135625,10,0.07904113934898353,0.08892251455688908,0.015429804462864224,0.14265247423510286,10,1.0,0.0,1.0,1.0,10,0.9089635381640898,0.6333406007150919,0.455898965599745,1.3620281107284347,10
{},linucb,73,4.7169427503369485,0.6154093692208319,4.276705408054898,5.157180092618999,10,0.021643859489680308,0.035157807114095274,-0.0035065206287937384,0.046794239608154355,10,0.0109375,0.029508782237948526,-0.010171811161222542,0.032046811161222544,10,0.08866849798677794,0.09241239746642572,0.02256065126023092,0.15477634471332496,10,0.17003002854758664,0.03867511366451926,0.14236351889778878,0.1976965381973845,10,5.103764249469357,0.5619734093775984,4.70175269008928,5.505775808849434,10
{},uncertainty_aware,73,2.8175247998022606,0.7194693486730915,2.3028474325820314,3.3322021670224897,10,0.03100684007725879,0.04354088911329156,-0.0001404356428068576,0.06215411579732444,10,0.0171875,0.03330891032358226,-0.0066402590309208795,0.04101525903092088,10,0.1079682492922994,0.09089884991250281,0.04294312926099289,0.1729933693236059,10,0.736162731565219,0.22776982718152375,0.5732260127151453,0.8990994504152928,10,3.1411821818998917,0.7480558614384115,2.6060552553548675,3.676309108444916,10
{},always_ofdm,74,3.0412047371889894,1.071248961415533,2.274879394607551,3.807530079770428,10,0.020386599473043547,0.04384884850645492,-0.010980977125685486,0.05175417607177258,10,0.0234375,0.023581732130566187,0.006568145065232348,0.040306854934767655,10,0.12670922967020895,0.08653197394865586,0.06480798451723485,0.18861047482318305,10,1.0,0.0,1.0,1.0,10,4.610197910587049,1.5696344516547769,3.4873490657185826,5.733046755455515,10
{},always_otfs,74,1.2204062233150075,0.7030559987640698,0.7174702593026003,1.7233421873274146,10,0.01760945297184563,0.05568597974065311,-0.02222589720235737,0.05744480314604863,10,0.0328125,0.04626337081500511,-0.0002823218068133265,0.06590732180681333,10,0.11771467835714941,0.1024810480155654,0.04440415292629203,0.1910252037880068,10,1.0,0.0,1.0,1.0,10,1.340807299252244,0.9457075779649567,0.6642888523095056,2.0173257461949823,10
{},always_afdm,74,0.9317261569414665,0.5546546617468489,0.5349501142222315,1.3285021996607016,10,0.0,0.0,0.0,0.0,10,0.021875,0.035477888262346664,-0.0035043523783523586,0.047254352378352356,10,0.09877636861126557,0.0957736468034741,0.030264028958712275,0.16728870826381886,10,1.0,0.0,1.0,1.0,10,0.9001774921899942,0.6265221219588328,0.4519905654922742,1.3483644188877142,10
{},linucb,74,4.753267933940372,0.6210711439188508,4.308980402027944,5.1975554658528,10,0.03632518360342356,0.0632063183111924,-0.008889892702585195,0.08154025990943231,10,0.0375,0.05060399083954632,0.0013000856823598417,0.07369991431764016,10,0.13913615338028026,0.10997060882449257,0.060467918901937215,0.21780438785862333,10,0.1564606004413219,0.03509605314257384,0.1313543964528479,0.1815668044297959,10,5.1353379882642765,0.5705081127028908,4.7272210699198896,5.543454906608663,10
{},uncertainty_aware,74,2.8531446511969967,0.7453981982870452,2.319918902341093,3.3863704000529005,10,0.03561985139473658,0.048223456877150135,0.00112286848703632,0.07011683430243684,10,0.028125,0.03439077920670662,0.0035233185921622126,0.05272668140783779,10,0.13857703310641728,0.11906450363878833,0.05340341817033621,0.22375064804249833,10,0.6448084327618395,0.18804764283545108,0.5102872528046708,0.7793296127190082,10,3.1721968004209473,0.7780524889711162,2.6156115792140424,3.728782021627852,10
{},always_ofdm,75,3.0827957785235354,1.0717980137844318,2.316077667538256,3.8495138895088146,10,0.04159104133454535,0.043904314073129315,0.010183787059651228,0.07299829560943948,10,0.0234375,0.02240188871625684,0.007412154199643403,0.0394628458003566,10,0.15444162155971813,0.07233237508281218,0.10269815751768951,0.20618508560174675,10,1.0,0.0,1.0,1.0,10,4.689780672528469,1.5755978288829418,3.562665884576822,5.816895460480117,10
{},always_otfs,75,1.23092666135702,0.6999178957480414,0.7302355610088316,1.7316177617052084,10,0.0105204380420123,0.03326854619544106,-0.013278446231088578,0.03431932231511318,10,0.021875,0.03623443152276268,-0.004045550824369887,0.047795550824369884,10,0.09721121116222878,0.09425154442231222,0.029787717959660925,0.16463470436479663,10,1.0,0.0,1.0,1.0,10,1.3631596507961745,0.9368932146622387,0.6929466195139257,2.0333726820784235,10
{},always_afdm,75,0.9317261569414665,0.5546546617468489,0.5349501142222315,1.3285021996607016,10,0.0,0.0,0.0,0.0,10,0.0125,0.02057126839388698,-0.0022157989105067166,0.027215798910506718,10,0.07801346061437371,0.08366108440477177,0.01816592612294681,0.1378609951058006,10,1.0,0.0,1.0,1.0,10,0.9033320931860699,0.6259976446603782,0.45552035494583343,1.3511438314263065,10
{},linucb,75,4.8477815455167,0.6039859422588126,4.415716030601983,5.2798470604314165,10,0.09451361157632748,0.07925312654165288,0.03781934018358829,0.15120788296906668,10,0.0234375,0.035516098169234,-0.0019691860991213825,0.04884418609912138,10,0.18453838886963517,0.09367877678452612,0.11752462895228423,0.2515521487869861,10,0.2081403773727529,0.03606117772776539,0.182343764847123,0.2339369898983828,10,5.245017517515614,0.5612710191043565,4.8435084178681995,5.646526617163029,10
{},uncertainty_aware,75,2.920433195626422,0.7904178037927828,2.355002361067118,3.4858640301857258,10,0.06728854442942506,0.07196648777161557,0.015806820402274435,0.11877026845657568,10,0.01875,0.02185018433687816,0.0031193197374959486,0.03438068026250405,10,0.15282882712270182,0.11000454108010163,0.07413631897097307,0.23152133527443058,10,0.6910592011683108,0.21486416182600843,0.5373546391566794,0.8447637631799422,10,3.250166767925351,0.8248909597141999,2.6600753232064487,3.8402582126442533,10
{},always_ofdm,76,3.1127892760248748,1.0838005332110932,2.337485079878474,3.8880934721712754,10,0.02999349750133982,0.04924019848776023,-0.005230818539116073,0.06521781354179572,10,0.0296875,0.032484304436484736,0.006449628485132971,0.05292537151486702,10,0.1337867412779411,0.09206628921481776,0.06792648547940139,0.19964699707648081,10,1.0,0.0,1.0,1.0,10,4.734141623495227,1.5794874329892221,3.604244380384592,5.8640388666058625,10
{},always_otfs,76,1.2485671068097477,0.7034769086093413,0.7453300420327271,1.7518041715867683,10,0.01764044545272781,0.03743881206861477,-0.009141667312555377,0.044422558218011,10,0.015625,0.018042195912175804,0.002718390555030441,0.02853160944496956,10,0.10760460986469023,0.08713109756332216,0.0452747774964239,0.16993444223295656,10,1.0,0.0,1.0,1.0,10,1.3813384703496818,0.9661290046037371,0.6902114148307577,2.0724655258686058,10
{},always_afdm,76,0.9394458340430131,0.5546006959480463,0.5427083961306385,1.3361832719553877,10,0.007719677101546541,0.02441176244193401,-0.009743445748637738,0.025182799951730818,10,0.015625,0.02946278254943948,-0.005451404966374283,0.03670140496637428,10,0.09323958579044733,0.08903585880870346,0.02954716931103854,0.15693200226985612,10,1.0,0.0,1.0,1.0,10,0.9071458886653347,0.613184617992147,0.4685000375388303,1.345791739791839,10
{},linucb,76,4.878325044270836,0.6184159206323993,4.435936944673312,5.32071314386836,10,0.03054349875413581,0.04012657509369027,0.0018386761472047562,0.059248321361066864,10,0.021875,0.030547663122114956,2.2518223789725483e-05,0.043727481776210275,10,0.1337643372652799,0.09123879954362446,0.06849603191766233,0.19903264261289744,10,0.1895844434922409,0.04588151640900424,0.1567627838718424,0.22240610311263942,10,5.28935606446971,0.5773383422561188,4.876353094244935,5.702359034694485,10
{},uncertainty_aware,76,2.989711952705264,0.8362629006679941,2.391485511490573,3.5879383939199547,10,0.06927875707884157,0.09834248744306016,-0.001071220465623135,0.13962873462330627,10,0.01875,0.023058274605394433,0.0022551040208555265,0.03524489597914447,10,0.14643659001069553,0.1159558823364153,0.06348674879136948,0.2293864312300216,10,0.6932182080820455,0.21268345158869278,0.5410736321986374,0.8453627839654536,10,3.3071775676248643,0.8617729060374304,2.6907023678973476,3.923652767352381,10
{},always_ofdm,77,3.131918891037757,1.105767435269871,2.34090051980044,3.922937262275074,10,0.01912961501288241,0.04032993544715392,-0.009720682827303102,0.04797991285306792,10,0.034375,0.037413093741808276,0.007611285017408306,0.0611387149825917,10,0.1353196695757873,0.0946297117140891,0.06762565178942796,0.20301368736214664,10,1.0,0.0,1.0,1.0,10,4.760459698545221,1.6173303145283278,3.603491288783087,5.917428108307354,10
{},always_otfs,77,1.2485671068097477,0.7034769086093413,0.7453300420327271,1.7518041715867683,10,0.0,0.0,0.0,0.0,10,0.021875,0.030547663122114956,2.2518223789725483e-05,0.043727481776210275,10,0.0960602084943316,0.09398642431343451,0.028826370792565795,0.1632940461960974,10,1.0,0.0,1.0,1.0,10,1.3683970843182212,0.9488509939890294,0.689629973014268,2.0471641956221744,10
{},always_afdm,77,0.9487448861575501,0.577751888253046,0.53544608294793,1.3620436893671704,10,0.009299052114537031,0.029406184762541983,-0.011736865234116472,0.030334969463190534,10,0.0296875,0.03566852847554986,0.004171771828573648,0.05520322817142635,10,0.117543767614639,0.09708241860145887,0.048095189018034515,0.1869923462112435,10,1.0,0.0,1.0,1.0,10,0.9156880617541813,0.6509290967292501,0.45004143710016,1.3813346864082026,10
{},linucb,77,4.945883246312173,0.6510028916708689,4.480183831937038,5.411582660687308,10,0.06755820204133665,0.06915324449727968,0.018088951018707465,0.11702745306396584,10,0.0296875,0.038590903235088965,0.002081230862451336,0.05729376913754866,10,0.16523709527815517,0.11094833154627717,0.08586944009864178,0.24460475045766855,10,0.200013857929926,0.05271050432458289,0.16230703464320737,0.2377206812166446,10,5.345591565222074,0.5846961004788286,4.927325171840092,5.763857958604056,10
{},uncertainty_aware,77,3.035240772496016,0.8850631986174518,2.4021047011288923,3.6683768438631397,10,0.04552881979075182,0.07720469368750008,-0.00970009101331576,0.1007577305948194,10,0.025,0.029646353064078555,0.0037922765982428205,0.04620772340175718,10,0.14387636764778408,0.11506544298498127,0.06156350836787014,0.22618922692769802,10,0.6891947785478836,0.21623269092176742,0.5345112297965551,0.8438783272992121,10,3.342052340746856,0.8995515153798456,2.698551951927607,3.9855527295661046,10
{},always_ofdm,78,3.157385895206241,1.120264634691004,2.3559968522455264,3.9587749381669552,10,0.02546700416848352,0.04111329757570504,-0.003943677180250755,0.05487768551721779,10,0.0171875,0.034113589362110036,-0.007215891738235784,0.04159089173823578,10,0.09315004677170301,0.09203780289705932,0.02731016885729798,0.15898992468610804,10,1.0,0.0,1.0,1.0,10,4.806082528247733,1.6360445378961526,3.6357267695592173,5.976438286936248,10
{},always_otfs,78,1.2656393626909719,0.7028212862074769,0.7628713019268456,1.7684074234550982,10,0.017072255881224012,0.03604421569338691,-0.008712222735973617,0.042856734498421645,10,0.00625,0.01092509216843908,-0.001565340131252025,0.014065340131252026,10,0.07125829893369108,0.07638057711498976,0.0166189256111082,0.12589767225627396,10,1.0,0.0,1.0,1.0,10,1.39212816618272,0.943424366578336,0.7172430302732321,2.067013302092208,10
{},always_afdm,78,0.9766085601866836,0.6088563784758297,0.5410589450889483,1.412158175284419,10,0.027863674029133423,0.04516037725222244,-0.004442113715282629,0.060169461773549475,10,0.009375,0.013176156917368247,-5.06548452254129e-05,0.01880065484522541,10,0.08864887005456604,0.08247704269346885,0.029648347978297934,0.14764939213083414,10,1.0,0.0,1.0,1.0,10,0.956809714739555,0.6787545653805308,0.47125794892347805,1.442361480555632,10
{},linucb,78,5.012812942845228,0.6989876437932708,4.512787304657194,5.512838581033262,10,0.06692969653305676,0.0765890701180784,0.01214117630086417,0.12171821676524935,10,0.00625,0.01092509216843908,-0.001565340131252025,0.014065340131252026,10,0.12050405425251609,0.09657967372307427,0.05141511767661429,0.1895929908284179,10,0.17028747659560922,0.030893450815431694,0.14818763320497905,0.1923873199862394,10,5.418568402405397,0.6222268384204223,4.973454136450057,5.863682668360736,10
{},uncertainty_aware,78,3.09106418976357,0.9715528737882563,2.396057131966323,3.786071247560817,10,0.05582341726755424,0.0970209923535871,-0.01358121963842622,0.12522805417353472,10,0.009375,0.013176156917368247,-5.06548452254129e-05,0.01880065484522541,10,0.110106208500243,0.10063926423083384,0.038113215819130686,0.1820992011813553,10,0.5964663178323387,0.1437496919568312,0.49363398295732297,0.6992986527073545,10,3.4046313321779076,0.9697785413042305,2.710893555376628,4.098369108979187,10
{},always_ofdm,79,3.1851419736158357,1.1282823063622123,2.378017433855175,3.9922665133764963,10,0.02775607840959531,0.0447987603128804,-0.004291024159940055,0.05980318097913068,10,0.01875,0.017738944131173332,0.006060323810823821,0.031439676189176174,10,0.12224395490485711,0.08521318138644894,0.06128611711882379,0.18320179269089043,10,1.0,0.0,1.0,1.0,10,4.840450815218928,1.653360303847495,3.6577081037746417,6.0231935266632135,10
{},always_otfs,79,1.2740939252251775,0.7020667907897302,0.7718655979686728,1.7763222524816822,10,0.00845456253420546,0.02673567422841449,-0.01067098666134533,0.02758011172975625,10,0.009375,0.015095184110613998,-0.001423444200693182,0.020173444200693183,10,0.0880571663245349,0.08236869696414076,0.029134150113976,0.14698018253509382,10,1.0,0.0,1.0,1.0,10,1.392309664573593,0.9340016577737202,0.7241651284806041,2.060454200666582,10
{},always_afdm,79,0.9850498694003564,0.6023705118808991,0.5541399637626239,1.415959775038089,10,0.00844130921367277,0.026693763548970913,-0.010654258887903391,0.027536877315248932,10,0.015625,0.02209708691207961,-0.00018230372478071286,0.031432303724780716,10,0.0932402743869401,0.09030085271441594,0.02864293578104672,0.1578376129928335,10,1.0,0.0,1.0,1.0,10,0.9621743211928335,0.650334618669118,0.4969529605245864,1.4273956818610807,10
{},linucb,79,5.067526760760991,0.7373482140652672,4.540059623711233,5.594993897810749,10,0.05471381791576184,0.05516985557557701,0.0152476807273935,0.09417995510413019,10,0.0140625,0.015537951968933646,0.0029473187541081917,0.025177681245891807,10,0.14226497857875037,0.10229479053581222,0.0690876937223264,0.21544226343517434,10,0.1672455760603628,0.029981404628110237,0.14579817120841337,0.18869298091231224,10,5.472957713050486,0.6465272270139878,5.010459996296539,5.935455429804434,10
{},uncertainty_aware,79,3.120375784594729,0.9555378790350973,2.4368251638935208,3.803926405295937,10,0.029311594831159127,0.07221008447477381,-0.022344387779871733,0.08096757744218999,10,0.0140625,0.021411254990723404,-0.001254189123491298,0.0293791891234913,10,0.10672116294356113,0.09567020316304639,0.038282822413568354,0.1751595034735539,10,0.665579500807994,0.24134438337390357,0.49293212943997455,0.8382268721760134,10,3.4234768271878075,0.9435950915564028,2.748469561986235,4.098484092389381,10
{},always_ofdm,80,3.1942115784325904,1.1336947574974368,2.3832152043740225,4.005207952491158,10,0.0090696048167546,0.0286806086985786,-0.011447266683722857,0.029586476317232057,10,0.0234375,0.02780489128133154,0.003547079001644495,0.0433279209983555,10,0.11311227944919475,0.09283300901022373,0.0467035453500534,0.1795210135483361,10,1.0,0.0,1.0,1.0,10,4.858319228514762,1.6634931292470292,3.668327930443745,6.048310526585778,10
{},always_otfs,80,1.2838163175171204,0.6870596534472904,0.7923234495976457,1.7753091854365952,10,0.00972239229194303,0.03074490394820469,-0.012271187071353376,0.031715971655239435,10,0.021875,0.030547663122114956,2.2518223789725483e-05,0.043727481776210275,10,0.11166473653250346,0.09416331748153851,0.04430435708131229,0.17902511598369464,10,1.0,0.0,1.0,1.0,10,1.408730534952736,0.9092279578928948,0.7583080361563781,2.0591530337490935,10
{},always_afdm,80,0.9928373961325514,0.6027838064145069,0.5616318373959952,1.4240429548691076,10,0.0077875267321949,0.02462632181318399,-0.009829082645957566,0.025404136110347364,10,0.01875,0.02927806108865666,-0.002194263193719039,0.039694263193719034,10,0.10962903782280846,0.09136694447968416,0.044269063110213155,0.17498901253540378,10,1.0,0.0,1.0,1.0,10,0.9765594928622809,0.649392462101077,0.5120121104015041,1.4411068753230578,10
{},linucb,80,5.110671076737115,0.7262717991272233,4.591127529606879,5.630214623867351,10,0.04314431597612495,0.037476567923799366,0.016335194299093966,0.06995343765315593,10,0.01875,0.031075903937867286,-0.003480362491783611,0.040980362491783606,10,0.14491505879552205,0.10420929494937864,0.0703682199853082,0.2194618976057359,10,0.18058779064414052,0.0490031544697271,0.14553304567900785,0.21564253560927318,10,5.522628905692647,0.638818545151862,5.065645647744838,5.979612163640456,10
{},uncertainty_aware,80,3.1670859719019746,0.9361994814602227,2.4973692074567015,3.8368027363472477,10,0.046710187307245556,0.07519725682334075,-0.007082689672710071,0.10050306428720118,10,0.0234375,0.02969206836195672,0.002197073844196363,0.04467792615580364,10,0.14919072086415053,0.10194441436426341,0.07626408002173778,0.22211736170656327,10,0.6511102893435355,0.25792665974520756,0.4666006720562965,0.8356199066307746,10,3.477423681898596,0.9275335096398744,2.8139061802421095,4.140941183555083,10
{},always_ofdm,81,3.2233276834435536,1.1489176147047504,2.40144153335286,4.045213833534247,10,0.029116105010962658,0.04829575609865675,-0.00543259764413994,0.06366480766606525,10,0.0171875,0.024923929404177914,-0.0006420050236445214,0.03501700502364452,10,0.10738774397945802,0.08972059940263104,0.04320549358737258,0.17156999437154347,10,1.0,0.0,1.0,1.0,10,4.899817758353963,1.6929276331785277,3.6887702846212083,6.110865232086718,10
{},always_otfs,81,1.2930827123221267,0.6946063348968149,0.7961912737104404,1.789974150933813,10,0.00926639480500631,0.02930291328217178,-0.011695646576972725,0.030228436186985348,10,0.0109375,0.01811721576138134,-0.0020227754121849434,0.023897775412184942,10,0.0739846237762048,0.08126933659178948,0.01584804260017729,0.13212120495223229,10,1.0,0.0,1.0,1.0,10,1.4168259445886844,0.9184042384187693,0.7598391301468558,2.073812759030513,10
{},always_afdm,81,0.9928373961325514,0.6027838064145069,0.5616318373959952,1.4240429548691076,10,0.0,0.0,0.0,0.0,10,0.009375,0.01976423537605237,-0.004763482267838121,0.023513482267838122,10,0.06069542084807198,0.07505687171000153,0.007002969328441522,0.11438787236770244,10,1.0,0.0,1.0,1.0,10,0.9713656995700966,0.6492156198722211,0.5069448224190022,1.435786576721191,10
{},linucb,81,5.153738767528185,0.7228340092443145,4.636654467132025,5.670823067924345,10,0.04306769079106786,0.03791351054665214,0.015945999191258494,0.07018938239087723,10,0.009375,0.015095184110613996,-0.001423444200693182,0.020173444200693183,10,0.11598205368458661,0.07519756675140792,0.06218895499544777,0.16977515237372545,10,0.18368058151649183,0.027959461729869777,0.16367958748031278,0.20368157555267088,10,5.5727217452369775,0.6345939009218834,5.118760615714428,6.026682874759527,10
{},uncertainty_aware,81,3.1970559990130027,0.941182569160336,2.523774548368308,3.8703374496576974,10,0.02997002711102791,0.03870548824712304,0.0022817887937979127,0.0576582654282579,10,0.0078125,0.016876928902103804,-0.00426052764199417,0.01988552764199417,10,0.08806341125817527,0.06661500681944761,0.04040990608742305,0.13571691642892747,10,0.6485646378473522,0.26060926270357565,0.4621360020078198,0.8349932736868846,10,3.499597879016515,0.9353421120474006,2.8304944397016873,4.168701318331343,10
{},always_ofdm,82,3.2574206445276146,1.1727115077820878,2.4185133687036995,4.09632792035153,10,0.034092961084061145,0.05544079322227385,-0.00556699322096401,0.0737529153890863,10,0.021875,0.02775606790515464,0.002019505140966306,0.04173049485903369,10,0.11261974871250333,0.09278550855679658,0.04624499439075867,0.17899450303424796,10,1.0,0.0,1.0,1.0,10,4.9429153036780775,1.7092709941623294,3.7201764937984994,6.165654113557656,10
{},always_otfs,82,1.2930827123221267,0.6946063348968149,0.7961912737104404,1.789974150933813,10,0.0,0.0,0.0,0.0,10,0.0078125,0.01983274246318726,-0.006374989285729207,0.02199998928572921,10,0.057223833175118234,0.07302876425550868,0.004982202329145667,0.10946546402109081,10,1.0,0.0,1.0,1.0,10,1.404527574375413,0.9183048288355143,0.7476118732654874,2.0614432754853387,10
{},always_afdm,82,1.0257869458855338,0.6153947340586634,0.585560072967811,1.4660138188032565,10,0.0329495497529824,0.05529574605283586,-0.006606644057691229,0.07250574356365602,10,0.021875,0.03227486121839514,-0.0012130448623942115,0.044963044862394205,10,0.11258757249357446,0.09323166150157333,0.045893659581656726,0.17928148540549219,10,1.0,0.0,1.0,1.0,10,1.014431068675281,0.6419224426000381,0.55522741625244,1.4736347210981222,10
{},linucb,82,5.2489889989539895,0.7244209171071584,4.730769493058977,5.767208504849002,10,0.09525023142580549,0.09217530840917107,0.029311987993699856,0.16118847485791113,10,0.0203125,0.025568620226319953,0.0020218109445088693,0.038603189055491136,10,0.1598588219541089,0.10324345219430398,0.0860029054288365,0.2337147384793813,10,0.187255639416529,0.04360430646024851,0.15606299765935824,0.21844828117369977,10,5.663058363802697,0.6497409306895937,5.198261701930605,6.127855025674789,10
{},uncertainty_aware,82,3.2326381057424727,0.9530567064807612,2.5508624089629577,3.9144138025219877,10,0.03558210672947058,0.06158435767591997,-0.008472688834854802,0.07963690229379597,10,0.0109375,0.012863634411696322,0.0017354102874837796,0.02013958971251622,10,0.11213802920930631,0.09565792603325653,0.04370847120889443,0.1805675872097182,10,0.6591825771821076,0.18105030907831976,0.5296669882516081,0.7886981661126071,10,3.5422137048374323,0.9506141656270594,2.8621852965257717,4.222242113149093,10
{},always_ofdm,83,3.3133182277296185,1.1633035984544677,2.481140964814128,4.145495490645109,10,0.055897583202003956,0.04977775700002887,0.020288720967423866,0.09150644543658404,10,0.0265625,0.029508782237948526,0.005453188838777458,0.047671811161222544,10,0.1438835765032456,0.08244607395545514,0.08490520812758534,0.20286194487890585,10,1.0,0.0,1.0,1.0,10,5.038339944559697,1.6946497752372698,3.826060524612128,6.250619364507266,10
{},always_otfs,83,1.3018455002428373,0.7001351412619851,0.8009989918159542,1.8026920086697205,10,0.008762787920710741,0.027710368482456896,-0.011060015540696435,0.028585591382117918,10,0.00625,0.015095184110614,-0.004548444200693183,0.017048444200693184,10,0.057340487769936076,0.07116725843517116,0.006430497968079436,0.10825047757179271,10,1.0,0.0,1.0,1.0,10,1.4134091265237227,0.933380610088335,0.7457088611814223,2.0811093918660233,10
{},always_afdm,83,1.0644184584219314,0.6184079433573851,0.6220360654231798,1.506800851420683,10,0.03863151253639781,0.050659241338765905,0.002392074392581614,0.074870950680214,10,0.0171875,0.022642776165921,0.0009898336989602255,0.03338516630103978,10,0.11018827466625244,0.08840290977761875,0.04694864264736873,0.17342790668513616,10,1.0,0.0,1.0,1.0,10,1.0761604077199076,0.6399933225649115,0.6183367646366749,1.5339840508031404,10
{},linucb,83,5.355004034564251,0.7151761181262372,4.843397859464715,5.866610209663787,10,0.10601503561026104,0.09704347056462635,0.0365943187607794,0.1754357524597427,10,0.021875,0.023524145397158785,0.00504684013266864,0.03870315986733136,10,0.1710500732369134,0.09845958781633415,0.10061632713173334,0.24148381934209345,10,0.1891865865011479,0.0455446954094988,0.15660587410882748,0.2217672988934683,10,5.785649501417984,0.6630232452861994,5.3113512440717,6.259947758764268,10
{},uncertainty_aware,83,3.2769512679554706,0.9674744476121293,2.5848617404888796,3.9690407954220617,10,0.04431316221299819,0.04854188567490781,0.009588389065756417,0.07903793536023997,10,0.0140625,0.020104436526686233,-0.0003193475103692323,0.028444347510369235,10,0.11485662047655151,0.0752201771201598,0.06104734730397908,0.16866589364912393,10,0.6557540242391305,0.18204598009259873,0.5255261751724742,0.7859818733057868,10,3.6086113896923573,0.9670067292758489,2.9168564477676817,4.300366331617033,10
{},always_ofdm,84,3.3407636415686803,1.1737891108148568,2.5010854949733594,4.180441788164001,10,0.02744541383906169,0.0441978236398167,-0.004171804531335893,0.05906263220945927,10,0.015625,0.020833333333333332,0.0007217311252429165,0.030528268874757084,10,0.10590628829718488,0.08651078155218063,0.04402020327138378,0.16779237332298597,10,1.0,0.0,1.0,1.0,10,5.064055446451217,1.727758439668369,3.828091514754811,6.300019378147623,10
{},always_otfs,84,1.3113957550684476,0.6917220334864063,0.8165676213896491,1.8062238887472462,10,0.00955025482561029,0.03020055748394268,-0.012053922535225955,0.031154432186446535,10,0.0140625,0.025989531145572186,-0.004529290588384116,0.032654290588384115,10,0.0754215803451629,0.08498584692196279,0.014626367838268914,0.1362167928520569,10,1.0,0.0,1.0,1.0,10,1.4086399204632214,0.9296981414838786,0.743573934468204,2.0737059064582386,10
{},always_afdm,84,1.0967522574526312,0.6603189996757977,0.6243885008792369,1.5691160140260254,10,0.03233379903069963,0.052437348431806426,-0.0051776203017099565,0.06984521836310921,10,0.0265625,0.03298154208122409,0.0029689261020512947,0.050156073897948704,10,0.11542170389553814,0.09679807802824962,0.04617653029163157,0.18466687749944471,10,1.0,0.0,1.0,1.0,10,1.1113913252097811,0.725599153553941,0.5923289597356755,1.6304536906838867,10
{},linucb,84,5.397613493442154,0.7051283044658657,4.893195091234648,5.902031895649659,10,0.04260945887790321,0.03838420292112846,0.015151054237416153,0.07006786351839027,10,0.0125,0.02185018433687816,-0.00313068026250405,0.02813068026250405,10,0.1233386582593647,0.08939974338598654,0.059385934434613805,0.1872913820841156,10,0.16561414510322053,0.03326234163647372,0.14181969930422555,0.1894085909022155,10,5.828797373271685,0.6834814076824693,5.339864228171399,6.317730518371972,10
{},uncertainty_aware,84,3.345331590006393,1.0285182069928023,2.609573987699347,4.0810891923134385,10,0.06838032205092129,0.1012487603286659,-0.004048677872948131,0.1408093219747907,10,0.025,0.029646353064078555,0.0037922765982428205,0.04620772340175718,10,0.13610908822153175,0.10585240218431709,0.060386841303525285,0.21183133513953822,10,0.6538353812188565,0.18284291529175664,0.5230374390538574,0.7846333233838557,10,3.664529691508225,1.0581765973483006,2.907555754839875,4.421503628176574,10
{},always_ofdm,85,3.3653604962688006,1.1934260280157138,2.5116349453415254,4.219086047196075,10,0.024596854700120806,0.03992042538439154,-0.003960497288595918,0.05315420668883753,10,0.0109375,0.01054607121422739,0.003393295125857597,0.018481704874142402,10,0.11732794299522938,0.07963534550179482,0.06036024862975296,0.1742956373607058,10,1.0,0.0,1.0,1.0,10,5.099959530165213,1.7545837603108863,3.8448059200918303,6.355113140238596,10
{},always_otfs,85,1.327048494496709,0.7054158949465492,0.8224243624527496,1.8316726265406682,10,0.015652739428261238,0.03299951796235924,-0.007953693640398718,0.039259172496921194,10,0.0109375,0.012863634411696322,0.0017354102874837796,0.02013958971251622,10,0.1026319326433425,0.0838232652554848,0.042668380960338974,0.16259548432634602,10,1.0,0.0,1.0,1.0,10,1.4298479938253303,0.9385588677968173,0.7584434260702797,2.101252561580381,10
{},always_afdm,85,1.105969347180141,0.6610654874400315,0.6330715854293663,1.5788671089309159,10,0.00921708972750997,0.029146996937072234,-0.011633415820245647,0.030067595275265587,10,0.0140625,0.018706546870904138,0.0006806425087041521,0.027444357491295847,10,0.0934765284057104,0.08746956878133802,0.030904568314158137,0.15604848849726266,10,1.0,0.0,1.0,1.0,10,1.1234439943342582,0.7171828582915645,0.6104022837989306,1.6364857048695858,10
{},linucb,85,5.440974791062239,0.7166159600887118,4.928338615071314,5.953610967053163,10,0.04336129762008542,0.03748888710419139,0.016543363332284886,0.07017923190788596,10,0.009375,0.01092509216843908,0.0015596598687479743,0.017190340131252025,10,0.13001622074014557,0.07517168063951381,0.07624163985991939,0.18379080162037176,10,0.14660392050865603,0.020825840835282387,0.1317060114441228,0.16150182957318926,10,5.877389734730596,0.6866882019540325,5.3861625872020635,6.368616882259129,10
{},uncertainty_aware,85,3.39765441208451,1.0430012793824712,2.651536243923585,4.143772580245435,10,0.052322822078117594,0.09448676428433733,-0.01526893727717555,0.11991458143341074,10,0.015625,0.018042195912175804,0.002718390555030441,0.02853160944496956,10,0.128870954462591,0.09973201027619408,0.05752697216341547,0.20021493676176655,10,0.6033164510143068,0.14202311054460137,0.5017192380762807,0.7049136639523328,10,3.7119767866895828,1.0529013035310393,2.9587765678845286,4.465177005494637,10
{},always_ofdm,86,3.3738099508159274,1.188600084486292,2.523536671920334,4.224083229711521,10,0.00844945454712628,0.026719521354985565,-0.01066453957886557,0.02756344867311813,10,0.01875,0.031075903937867286,-0.003480362491783611,0.040980362491783606,10,0.09294847387226285,0.09312608747942261,0.026330084066183604,0.1595668636783421,10,1.0,0.0,1.0,1.0,10,5.097443913095157,1.745929000569115,3.84848154517272,6.346406281017594,10
{},always_otfs,86,1.3443356440131922,0.706209424216522,0.8391438553258539,1.8495274327005304,10,0.01728714951648335,0.03644451623572056,-0.00878368685814353,0.04335798589111023,10,0.015625,0.020833333333333332,0.0007217311252429165,0.030528268874757084,10,0.10582729234961712,0.08739661117266385,0.04330752298727432,0.1683470617119599,10,1.0,0.0,1.0,1.0,10,1.4402111952326289,0.9228393926838198,0.7800516625581728,2.1003707279070847,10
{},always_afdm,86,1.105969347180141,0.6610654874400315,0.6330715854293663,1.5788671089309159,10,0.0,0.0,0.0,0.0,10,0.015625,0.02655739329996242,-0.0033730147021765883,0.03462301470217659,10,0.07757441333770053,0.0868003385843128,0.015481191689286196,0.13966763498611487,10,1.0,0.0,1.0,1.0,10,1.10555431672964,0.7086301364648097,0.5986308548180787,1.6124777786412015,10
{},linucb,86,5.477847487258661,0.7106615612308965,4.969470831611684,5.9862241429056375,10,0.03687269619642183,0.048141830737700404,0.0024341051112860973,0.07131128728155756,10,0.0203125,0.03298154208122409,-0.003281073897948704,0.043906073897948705,10,0.12311804389054795,0.1087560843912786,0.045318627852996105,0.20091745992809978,10,0.14893586922602112,0.028758886106572394,0.12836300144115242,0.1695087370108898,10,5.905043687678825,0.6719265149352251,5.424376414903234,6.385710960454416,10
{},uncertainty_aware,86,3.4354791718760938,1.0623441691449715,2.6755239339417933,4.195434409810394,10,0.03782475979158355,0.040630735294219414,0.008759282703479504,0.06689023687968759,10,0.01875,0.03359274061791062,-0.00528079899209738,0.04278079899209738,10,0.11447855367100321,0.09206568157099214,0.04861873255467054,0.1803383747873359,10,0.6968534085367779,0.20935089906868098,0.547092797113129,0.8466140199604268,10,3.730991249418267,1.0629758476034086,2.9705841359363596,4.491398362900174,10
{},always_ofdm,87,3.383951275067532,1.1974163045543922,2.52737125226151,4.240531297873554,10,0.010141324251604581,0.03206968312537298,-0.01279994504498871,0.03308259354819787,10,0.0125,0.017738944131173336,-0.00018967618917617966,0.025189676189176183,10,0.08919551547045108,0.08547040029145558,0.028053674364370507,0.15033735657653166,10,1.0,0.0,1.0,1.0,10,5.102740196013093,1.7482218894527317,3.8521375941930964,6.353342797833089,10
{},always_otfs,87,1.3611539174284921,0.7062771647941137,0.8559136700511579,1.8663941648058264,10,0.01681827341529992,0.03545638413760719,-0.008545695838912813,0.042182242669512655,10,0.009375,0.01092509216843908,0.0015596598687479743,0.017190340131252025,10,0.10220794458588722,0.08282649053387287,0.042957442583703404,0.16145844658807104,10,1.0,0.0,1.0,1.0,10,1.4585199072660011,0.9076762844918884,0.8092074087528915,2.107832405779111,10
{},always_afdm,87,1.1267211536034107,0.684519082300557,0.6370457007989063,1.6163966064079152,10,0.02075180642326962,0.04390081170210529,-0.010652942406325132,0.05215655525286437,10,0.0171875,0.020104436526686233,0.0028056524896307687,0.03156934751036923,10,0.10829612815454066,0.08924398255651507,0.044454828914834654,0.17213742739424667,10,1.0,0.0,1.0,1.0,10,1.1299512123316657,0.7308311008128563,0.6071461372541282,1.6527562874092032,10
{},linucb,87,5.557295816176319,0.7073953054453385,5.051255699162265,6.063335933190373,10,0.07944832891765782,0.06980580727533466,0.02951226260515607,0.12938439523015957,10,0.015625,0.01647019614671031,0.0038429314434682317,0.02740706855653177,10,0.16444454748348142,0.09931110320812978,0.09340166396222499,0.23548743100473785,10,0.16325725309279304,0.039427175882370415,0.13505275054172244,0.19146175564386364,10,5.985589002609792,0.6823134671350922,5.497491351845856,6.473686653373729,10
{},uncertainty_aware,87,3.472803515478373,1.0774055431004317,2.702074019671361,4.243533011285385,10,0.03732434360227989,0.03986817233484792,0.008804371193413148,0.06584431601114663,10,0.0078125,0.008235098073355155,0.0019214657217341159,0.013703534278265884,10,0.12946341931096061,0.08938855842811308,0.06551869672306769,0.19340814189885353,10,0.732930681401928,0.23096165683859118,0.5677106651639326,0.8981506976399233,10,3.776555436176712,1.0802992139766479,3.003755932924742,4.5493549394286825,10
{},always_ofdm,88,3.3999435946042835,1.1863941689826236,2.551248332598266,4.248638856610301,10,0.015992319536751582,0.03387882829511585,-0.00824313425095272,0.04022777332445589,10,0.015625,0.01647019614671031,0.0038429314434682317,0.02740706855653177,10,0.12061853024725397,0.08426800183582532,0.06033683318015821,0.18090022731434974,10,1.0,0.0,1.0,1.0,10,5.12467219721181,1.738772635663025,3.880829184346717,6.368515210076903,10
{},always_otfs,88,1.3845778352362532,0.6888727596976433,0.8917879492392979,1.8773677212332085,10,0.023423917807761256,0.03792502353745714,-0.0037060096895290585,0.05055384530505157,10,0.0140625,0.013681172433920518,0.004275578817377652,0.02384942118262235,10,0.13381925624153573,0.07661675383703377,0.07901093226980498,0.18862758021326648,10,1.0,0.0,1.0,1.0,10,1.4936526344589998,0.8941969441202964,0.8539826751688759,2.1333225937491234,10
{},always_afdm,88,1.1267211536034107,0.684519082300557,0.6370457007989063,1.6163966064079152,10,0.0,0.0,0.0,0.0,10,0.0109375,0.016552342272990316,-0.0009033323552663612,0.02277833235526636,10,0.09068184517576762,0.08235734290368463,0.03176695117076701,0.1495967391807682,10,1.0,0.0,1.0,1.0,10,1.121946528458896,0.7336322729250985,0.5971376155660042,1.646755441351788,10
{},linucb,88,5.59345133941151,0.7362044189799429,5.066802424075075,6.120100254747946,10,0.03615552323519165,0.038311056663416186,0.008749444275306273,0.06356160219507703,10,0.0109375,0.012863634411696322,0.0017354102874837796,0.02013958971251622,10,0.13806363545094177,0.09849462851694085,0.06760482273859204,0.20852244816329152,10,0.16019789896996262,0.030943363582387046,0.13806235013679394,0.1823334478031313,10,6.024966109012197,0.7293106819030993,5.503248676101749,6.546683541922644,10
{},uncertainty_aware,88,3.5384911166037107,1.0586121360436664,2.781205614321806,4.295776618885616,10,0.06568760112533718,0.0659892841100169,0.01848171101600997,0.1128934912346644,10,0.0140625,0.011529137302697216,0.005815052010427764,0.022309947989572237,10,0.16888212468038985,0.10539106173071094,0.09348990084188231,0.2442743485188974,10,0.7357664394502369,0.2282504868701927,0.5724858773724436,0.8990470015280302,10,3.846751031808565,1.0579700393901736,3.089924857802048,4.603577205815082,10
{},always_ofdm,89,3.456061999162774,1.2023345148407851,2.595963700663278,4.31616029766227,10,0.05611840455849025,0.04908544870036561,0.02100478984714732,0.09123201926983318,10,0.01875,0.01920738428602685,0.005009865005018772,0.032490134994981226,10,0.12337232954015212,0.08453535846418254,0.06289937706259927,0.18384528201770498,10,1.0,0.0,1.0,1.0,10,5.217322795518544,1.7513147065632826,3.9645077256195562,6.470137865417531,10
{},always_otfs,89,1.4250354148131779,0.6728581212651571,0.9437017110158077,1.906369118610548,10,0.04045757957692438,0.05360343305840878,0.0021119935539079676,0.07880316559994079,10,0.0171875,0.0289519627285152,-0.0035234864797603696,0.03789848647976037,10,0.0925912706146482,0.09033704817196503,0.027968039338231665,0.15721450189106473,10,1.0,0.0,1.0,1.0,10,1.5555221738402296,0.8708575226599066,0.9325482308735682,2.1784961168068913,10
{},always_afdm,89,1.1552566496049075,0.6924484676650444,0.6599088562196742,1.6506044429901408,10,0.028535496001496817,0.04594988160941523,-0.004335069137144987,0.06140606114013862,10,0.0078125,0.01327869664998121,-0.0016865073510882941,0.017311507351088294,10,0.07346244758688004,0.07996461895216289,0.01625920518472422,0.13066568998903588,10,1.0,0.0,1.0,1.0,10,1.1646872448123577,0.7284657844084549,0.6435742151595564,1.685800274465159,10
{},linucb,89,5.668407036868074,0.6934156222441462,5.172367382775522,6.164446690960626,10,0.07495569745656373,0.09356354742903622,0.00802436765443508,0.1418870272586924,10,0.015625,0.02551551815399144,-0.0026277021213286372,0.03387770212132864,10,0.1274530006055371,0.09466894664686698,0.059730915839059096,0.1951750853720151,10,0.16399104819809615,0.045300183461069114,0.13158524911668157,0.19639684727951073,10,6.121697378384316,0.7298578778375586,5.599588505083224,6.643806251685408,10
{},uncertainty_aware,89,3.5915093306800165,1.0608738992036788,2.8326058605018867,4.350412800858146,10,0.05301821407630556,0.05980952132902227,0.01023305994973256,0.09580336820287856,10,0.0140625,0.024923929404177914,-0.0037670050236445225,0.031892005023644525,10,0.11979567550153232,0.08505436155004148,0.05895145058228101,0.18063990042078362,10,0.6959054291364088,0.21052464563477086,0.5453051700008275,0.8465056882719902,10,3.935824976076679,1.0714051077734406,3.1693879331197663,4.702262019033591,10
{},always_ofdm,90,3.4942019465600573,1.2170254107607898,2.62359441420903,4.364809478911084,10,0.03813994739728346,0.04980817345752658,0.002509326539776681,0.07377056825479023,10,0.01875,0.02057126839388698,0.004034201089493282,0.03346579891050672,10,0.12339664216085108,0.08609125658132934,0.06181066722018302,0.18498261710151914,10,1.0,0.0,1.0,1.0,10,5.265479592449969,1.7658918404865536,4.002236669129453,6.528722515770485,10
{},always_otfs,90,1.4537507334355153,0.659344817864189,0.9820838645487435,1.925417602322287,10,0.02871531862233751,0.0467866197450173,-0.004753812920111039,0.06218445016478606,10,0.0140625,0.01719538960335331,0.0017616592960811063,0.026363340703918894,10,0.10406315955746533,0.08814856658877343,0.04100547369521319,0.16712084541971745,10,1.0,0.0,1.0,1.0,10,1.5843454881682684,0.8402010973975782,0.9833018307259289,2.185389145610608,10
{},always_afdm,90,1.1773134842091701,0.7142529680861096,0.6663676908661021,1.688259277552238,10,0.02205683460426269,0.0474997524041385,-0.01192244131077404,0.05603611051929942,10,0.0140625,0.02492392940417791,-0.003767005023644519,0.03189200502364452,10,0.09244224085861898,0.08817817994117981,0.029363370880213485,0.15552111083702447,10,1.0,0.0,1.0,1.0,10,1.1818896404415506,0.7668148976859022,0.6333433077671982,1.7304359731159031,10
{},linucb,90,5.766519131667563,0.7420578233801217,5.235682943069917,6.297355320265209,10,0.09811209479948822,0.09086195080636686,0.03311337079858087,0.16311081880039557,10,0.0203125,0.025568620226319953,0.0020218109445088693,0.038603189055491136,10,0.17433874464767035,0.07755207518603374,0.11886133208961414,0.22981615720572657,10,0.18267060602130797,0.038287700385023916,0.1552812351364687,0.21005997690614725,10,6.220796277802559,0.7635845176362417,5.674560819805698,6.76703173579942,10
{},uncertainty_aware,90,3.6842138152369635,1.0639564223421418,2.9231052408438654,4.4453223896300615,10,0.09270448455694758,0.09826141838867614,0.022412500320398432,0.16299646879349672,10,0.0203125,0.025568620226319953,0.0020218109445088693,0.038603189055491136,10,0.1626179857497044,0.10707272456873518,0.08602277278647229,0.2392131987129365,10,0.7384028449404956,0.22594736793384362,0.5767698348991321,0.900035854981859,10,4.023203116596957,1.1028433225315948,3.234276529600854,4.812129703593059,10
{},always_ofdm,91,3.529310411179059,1.247958049946517,2.6365750017660763,4.422045820592042,10,0.03510846461900133,0.04561367959878472,0.0024784039104712233,0.06773852532753144,10,0.009375,0.013176156917368247,-5.06548452254129e-05,0.01880065484522541,10,0.08740831742667633,0.0812211910460138,0.029306177499312032,0.14551045735404064,10,1.0,0.0,1.0,1.0,10,5.315453666406622,1.7986742255740278,4.028759637519012,6.602147695294232,10
{},always_otfs,91,1.4712549028858368,0.6713368761050792,0.9910094323194298,1.9515003734522438,10,0.01750416945032143,0.03696423020361402,-0.008938447900376643,0.0439467868010195,10,0.0046875,0.010546071214227388,-0.0028567048741424015,0.0122317048741424,10,0.05424593699062328,0.06734006661137952,0.006073755290458109,0.10241811869078846,10,1.0,0.0,1.0,1.0,10,1.601157181688868,0.857433462695706,0.9877862327239989,2.2145281306537368,10
{},always_afdm,91,1.1852181450719566,0.7311502022740258,0.6621847985604604,1.7082514915834528,10,0.00790466086278646,0.024996732457596926,-0.009976924327898392,0.02578624605347131,10,0.0015625,0.004941058844013093,-0.00197212056695953,0.00509712056695953,10,0.039119985815159755,0.04899721200537611,0.004069491832939157,0.07417047979738035,10,1.0,0.0,1.0,1.0,10,1.1835753827866866,0.7740638477838072,0.6298434635986329,1.7373073019747403,10
{},linucb,91,5.841998050124039,0.8007911861523224,5.269146544855381,6.414849555392697,10,0.0754789184564771,0.07362798431625947,0.022808631401839696,0.1281492055111145,10,0.0078125,0.01327869664998121,-0.0016865073510882941,0.017311507351088294,10,0.11369149314803415,0.08857286650813646,0.05033028140825538,0.1770527048878129,10,0.1934914435267174,0.049780332892723884,0.15788073860950885,0.22910214844392596,10,6.2970535274805695,0.8147524648963683,5.71421472504593,6.879892329915209,10
{},uncertainty_aware,91,3.719567671478257,1.074177996921277,2.9511470231198995,4.487988319836615,10,0.03535385624129304,0.051471941210123544,-0.001466952367994677,0.07217466485058074,10,0.0015625,0.004941058844013093,-0.00197212056695953,0.00509712056695953,10,0.07362101419136143,0.07117102609029799,0.022708329171390436,0.12453369921133242,10,0.700462717384248,0.2074877014133843,0.552034957270537,0.8488904774979591,10,4.059389887318295,1.0912375565494437,3.2787655651668084,4.840014209469781,10
{},always_ofdm,92,3.5562175074998996,1.2585136175639628,2.65593109989515,4.4565039151046495,10,0.026907096320840818,0.04336417993938935,-0.004113769271322388,0.05792796191300402,10,0.009375,0.013176156917368247,-5.06548452254129e-05,0.01880065484522541,10,0.08806253556536667,0.08276619095012976,0.028855169286841703,0.14726990184389163,10,1.0,0.0,1.0,1.0,10,5.3567151388529854,1.807270756406146,4.063871522267078,6.649558755438893,10
{},always_otfs,92,1.4876140477284185,0.6735664821690984,1.005773613066482,1.969454482390355,10,0.016359144842581753,0.03460683318790907,-0.008397092272775478,0.041115381957938985,10,0.0046875,0.007547592055306998,-0.000711722100346591,0.010086722100346592,10,0.06988835216644244,0.07507956417308907,0.01617966743662843,0.12359703689625645,10,1.0,0.0,1.0,1.0,10,1.6242444707363082,0.8526771306743879,1.0142759967300625,2.234212944742554,10
{},always_afdm,92,1.1934630916330362,0.743706420503303,0.66144756769813,1.7254786155679425,10,0.00824494656107938,0.026072810319383428,-0.010406418359415612,0.026896311481574373,10,0.003125,0.006588078458684124,-0.001587827422612707,0.007837827422612707,10,0.05647938702453942,0.06504206179271523,0.009951098941400234,0.10300767510767861,10,1.0,0.0,1.0,1.0,10,1.1932537066922237,0.7841425098450661,0.6323119469955258,1.7541954663889217,10
{},linucb,92,5.884123409522858,0.8093238570215492,5.305167999221373,6.463078819824343,10,0.042125359398818486,0.03642431235401675,0.016068976010496196,0.06818174278714077,10,0.003125,0.006588078458684124,-0.001587827422612707,0.007837827422612707,10,0.08935005031592737,0.07574920146484801,0.03516233592494626,0.1435377647069085,10,0.17033519980131648,0.04242970413647337,0.1399828179282482,0.20068758167438475,10,6.339602514677494,0.7977475649493565,5.76892828485559,6.910276744499398,10
{},uncertainty_aware,92,3.749740682434564,1.0882553717128713,2.9712496868008538,4.528231678068274,10,0.030173010956306378,0.03910997173783055,0.0021954225806404964,0.05815059933197226,10,0.0046875,0.007547592055306998,-0.000711722100346591,0.010086722100346592,10,0.09114612317072582,0.06626349783174795,0.043744072381841526,0.1385481739596101,10,0.7013649693491173,0.20698637764392014,0.5532958346560285,0.8494341040422061,10,4.103734947370018,1.0901654947602613,3.3238775320230696,4.883592362716967,10
{},always_ofdm,93,3.573927959161002,1.2683521539205844,2.666603486628726,4.481252431693278,10,0.017710451661102123,0.03736462291965982,-0.009018589384126741,0.04443949270633099,10,0.0125,0.014358384116760648,0.002228630763241979,0.022771369236758023,10,0.10497998842109421,0.08573379937123805,0.04364972296426027,0.16631025387792814,10,1.0,0.0,1.0,1.0,10,5.384742313031881,1.828387025328629,4.076793027643568,6.692691598420193,10
{},always_otfs,93,1.4960748707205407,0.6666282168461859,1.0191977720729288,1.9729519693681525,10,0.00846082299212236,0.026755471534627522,-0.01067888834314789,0.02760053432739261,10,0.0109375,0.019557274328665195,-0.0030529312533191244,0.024927931253319123,10,0.08951799972210225,0.08537305655647666,0.028445794129093545,0.15059020531511097,10,1.0,0.0,1.0,1.0,10,1.6368096562162104,0.8314976128066052,1.0419920965821867,2.231627215850234,10
{},always_afdm,93,1.202084605976283,0.7378338563275219,0.6742700613803817,1.7298991505721846,10,0.00862151434324686,0.027263622204470803,-0.01088170608297838,0.028124734769472103,10,0.0078125,0.011048543456039806,-9.115186239035643e-05,0.015716151862390358,10,0.08633141144666791,0.08150061881211865,0.02802938093709561,0.1446334419562402,10,1.0,0.0,1.0,1.0,10,1.2026323038966917,0.7668352267399374,0.6540714286931429,1.7511931791002406,10
{},linucb,93,5.921827173021805,0.8180453209968285,5.3366328032352754,6.507021542808335,10,0.03770376349894769,0.0400752141700256,0.00903568228345809,0.06637184471443729,10,0.0125,0.02057126839388698,-0.0022157989105067166,0.027215798910506718,10,0.11898271131710117,0.08591527688856788,0.05752262466496372,0.18044279796923862,10,0.15743088574956488,0.04480087596291428,0.12538226973516714,0.1894795017639626,10,6.3816324117523955,0.7820276554817709,5.8222035277296404,6.9410612957751505,10
{},uncertainty_aware,93,3.779412213570057,1.0867012354826426,3.0020329800214873,4.556791447118627,10,0.029671531135492906,0.03858681634862267,0.0020681855804019003,0.05727487669058391,10,0.0109375,0.019557274328665195,-0.0030529312533191244,0.024927931253319123,10,0.11084955054379597,0.07389086851848421,0.057991207459621864,0.16370789362797009,10,0.6549810949625962,0.18354345182139098,0.523682019153226,0.7862801707719663,10,4.137631683671614,1.0694351970885192,3.3726038299273404,4.902659537415888,10
{},always_ofdm,94,3.5919134006591227,1.2637416448526197,2.687887087628737,4.495939713689508,10,0.01798544149812141,0.0381347438895283,-0.009294510901349307,0.04526539389759213,10,0.0171875,0.020104436526686233,0.0028056524896307687,0.03156934751036923,10,0.1082647194406717,0.08856544151085759,0.04490881922397333,0.17162061965737008,10,1.0,0.0,1.0,1.0,10,5.407963615185034,1.8322885261951,4.097223364208172,6.7187038661618965,10
{},always_otfs,94,1.512428135621865,0.6582121743709798,1.041571511079983,1.9832847601637469,10,0.01635326490132396,0.0344965649033718,-0.00832409103517805,0.041030620837825965,10,0.0078125,0.008235098073355155,0.0019214657217341159,0.013703534278265884,10,0.1022402895855784,0.08173966388251871,0.04376725653405295,0.16071332263710386,10,1.0,0.0,1.0,1.0,10,1.6540065285142713,0.8228317550895214,1.0653881500444757,2.2426249069840667,10
{},always_afdm,94,1.2189094002044787,0.7510763501122424,0.6816217462271698,1.7561970541817877,10,0.01682479422819576,0.03547004986562768,-0.00854895089893179,0.04219853935532331,10,0.009375,0.01092509216843908,0.0015596598687479743,0.017190340131252025,10,0.10337929696185828,0.08146539527274309,0.045102463854431646,0.16165613006928492,10,1.0,0.0,1.0,1.0,10,1.2209681835710327,0.7994916124734212,0.6490463373084172,1.792890029833648,10
{},linucb,94,5.96235534525266,0.8226062496437064,5.373898283660866,6.550812406844454,10,0.040528172230854524,0.04283010828873196,0.009889358482281674,0.07116698597942737,10,0.0109375,0.012863634411696322,0.0017354102874837796,0.02013958971251622,10,0.13288673101574833,0.09229472523512687,0.066863061932504,0.19891040009899263,10,0.1650248557435871,0.03727890344247486,0.1383571347183402,0.191692576768834,10,6.429475725480626,0.7899500226849833,5.864379521367277,6.994571929593975,10
{},uncertainty_aware,94,3.8257059102019104,1.1125748723465032,3.0298177918397435,4.621594028564077,10,0.04629369663185364,0.07330980971737228,-0.006148982026159731,0.098736375289867,10,0.0109375,0.010546071214227388,0.003393295125857598,0.0184817048741424,10,0.1332800483599447,0.09517040412565922,0.06519924252295317,0.20136085419693622,10,0.6533535558316345,0.18597162741787063,0.5203174678403701,0.7863896438228988,10,4.185868314744041,1.0974256719430975,3.4008172815106517,4.97091934797743,10
{},always_ofdm,95,3.621110733369263,1.2653564132929096,2.715929284583544,4.526292182154982,10,0.02919733271013989,0.0473584278131124,-0.0046808456827203415,0.06307551110300012,10,0.0265625,0.020898336091394666,0.011612730953355452,0.04151226904664455,10,0.14396812295972594,0.08210759602900637,0.08523188710627544,0.20270435881317644,10,1.0,0.0,1.0,1.0,10,5.454002829132458,1.8454801235060627,4.133825877918182,6.774179780346734,10
{},always_otfs,95,1.5298573545837748,0.6748485451634549,1.047099787304913,2.0126149218626366,10,0.01742921896191001,0.03690895171330267,-0.00897385453899123,0.04383229246281125,10,0.015625,0.01647019614671031,0.0038429314434682317,0.02740706855653177,10,0.12133780701813723,0.08501344218469568,0.0605228540494747,0.18215275998679975,10,1.0,0.0,1.0,1.0,10,1.6774154265201056,0.8673253785027243,1.056968227269231,2.29786262577098,10
{},always_afdm,95,1.2189094002044787,0.7510763501122424,0.6816217462271698,1.7561970541817877,10,0.0,0.0,0.0,0.0,10,0.0078125,0.011048543456039806,-9.115186239035643e-05,0.015716151862390358,10,0.08950953542264864,0.08196968778448602,0.0308719531843085,0.1481471176609888,10,1.0,0.0,1.0,1.0,10,1.2125488099813784,0.796670679006976,0.6426449379553181,1.7824526820074387,10
{},linucb,95,6.006401106857833,0.8485748709360086,5.399367212685595,6.613435001030071,10,0.04404576160517272,0.038336455932972656,0.01662151310240306,0.07147001010794238,10,0.0125,0.016137430609197572,0.0009559775688028922,0.02404402243119711,10,0.14152295373179377,0.10230794112964955,0.06833626150725043,0.21470964595633713,10,0.14839573922620813,0.02486623531247823,0.1306075060694957,0.16618397238292057,10,6.473069770200117,0.8317806585787888,5.87804973181825,7.068089808581983,10
{},uncertainty_aware,95,3.848839105813269,1.110869108152921,3.054171217646969,4.643506993979569,10,0.02313319561135822,0.038704440823856906,-0.004554293424404856,0.05082068464712129,10,0.0109375,0.016552342272990316,-0.0009033323552663612,0.02277833235526636,10,0.11286775144202861,0.10466361310085562,0.03799591300463985,0.18773958987941736,10,0.6049703430574301,0.1405535581393503,0.5044243845812122,0.7055163015336481,10,4.2008071571737675,1.1050536661975254,3.410299385571634,4.9913149287759015,10
{},always_ofdm,96,3.6860300624286397,1.2806853825170221,2.7698829296467693,4.60217719521051,10,0.06491932905937611,0.047504549614311165,0.030936621426912884,0.09890203669183933,10,0.0203125,0.023350533095270725,0.003608534891788799,0.0370164651082112,10,0.13817116854989467,0.08170749338767544,0.07972114888402441,0.1966211882157649,10,1.0,0.0,1.0,1.0,10,5.56082053803446,1.8618901235518155,4.228904579960186,6.892736496108735,10
{},always_otfs,96,1.5386075162065038,0.6636684133315045,1.063847733443488,2.01336729896952,10,0.00875016162272908,0.027670440622418864,-0.011044079168258555,0.028544402413716714,10,0.0015625,0.004941058844013093,-0.00197212056695953,0.00509712056695953,10,0.03903769934990636,0.05058500589307201,0.0028513660448364272,0.07522403265497629,10,1.0,0.0,1.0,1.0,10,1.6850996662221192,0.8362735430598355,1.0868656118989284,2.28333372054531,10
{},always_afdm,96,1.26564145069162,0.7843914634912587,0.7045216002848473,1.8267613010983927,10,0.046732050487141207,0.050029894318281885,0.010942820080691446,0.08252128089359097,10,0.0140625,0.020104436526686233,-0.0003193475103692323,0.028444347510369235,10,0.10648355602875419,0.08773083371542986,0.04372469826230674,0.16924241379520163,10,1.0,0.0,1.0,1.0,10,1.2876789063622396,0.8471180604361283,0.6816871516418073,1.893670661082672,10
{},linucb,96,6.118282905415503,0.9324538201952082,5.451245625623651,6.785320185207356,10,0.11188179855766993,0.09077695213040626,0.046943878946610854,0.176819718168729,10,0.0078125,0.011048543456039806,-9.115186239035643e-05,0.015716151862390358,10,0.15037811534842,0.09142667115757025,0.08497541474432714,0.21578081595251286,10,0.16750594290061635,0.03531146551998613,0.14224564218032512,0.19276624362090758,10,6.592094425900645,0.8881348325378564,5.956761039995891,7.2274278118053985,10
{},uncertainty_aware,96,3.9140962489260205,1.1275266065332357,3.1075123042568724,4.720680193595168,10,0.06525714311275166,0.08033615230147614,0.007788121763359621,0.1227261644621437,10,0.009375,0.01092509216843908,0.0015596598687479743,0.017190340131252025,10,0.12529494662202906,0.09668577010178594,0.05613011326891551,0.1944597799751426,10,0.6542878450845226,0.18337765127435757,0.5231073758414895,0.7854683143275558,10,4.294748644147903,1.139756409772836,3.4794160252724287,5.110081263023378,10
{},always_ofdm,97,3.7326349593491424,1.2756273998525385,2.8201060893966794,4.645163829301605,10,0.04660489692050336,0.04965324411494363,0.011085105838153538,0.08212468800285319,10,0.025,0.024650332429581735,0.0073662144615903695,0.04263378553840963,10,0.14375360462464853,0.08292388643869625,0.08443342978933432,0.20307377945996274,10,1.0,0.0,1.0,1.0,10,5.643003322549946,1.8528068013054375,4.317585181773936,6.9684214633259565,10
{},always_otfs,97,1.5386075162065038,0.6636684133315045,1.063847733443488,2.01336729896952,10,0.0,0.0,0.0,0.0,10,0.0125,0.03439077920670662,-0.012101681407837787,0.03710168140783779,10,0.061854180641945124,0.08096779714141061,0.003933307794174064,0.11977505348971618,10,1.0,0.0,1.0,1.0,10,1.6853830267549028,0.8360320237898249,1.0873217449094434,2.2834443086003624,10
{},always_afdm,97,1.2964038082347304,0.7719037465568553,0.7442171323770107,1.8485904840924503,10,0.030762357543110387,0.050139223387742904,-0.005105082168203594,0.06662979725442436,10,0.015625,0.02209708691207961,-0.00018230372478071286,0.031432303724780716,10,0.10729932224766621,0.08797729258393254,0.044364158427593295,0.1702344860677391,10,1.0,0.0,1.0,1.0,10,1.3334074085007441,0.8340322501286512,0.7367766785542189,1.9300381384472693,10
{},linucb,97,6.1630631240005105,0.9607340705356446,5.475795371824548,6.850330876176473,10,0.04478021858500871,0.07230938563848899,-0.006946799799258475,0.0965072369692759,10,0.0125,0.025301995419773165,-0.005599957158820081,0.030599957158820083,10,0.11229948739302456,0.09714293260859821,0.04280761968350391,0.1817913551025452,10,0.182139049461051,0.06322547470098548,0.13691026949930996,0.22736782942279204,10,6.642823093184508,0.9174908764138763,5.986489658560547,7.299156527808469,10
{},uncertainty_aware,97,3.9811048681672503,1.1706244695800156,3.1436905695342485,4.818519166800252,10,0.0670086192412303,0.08203125533102884,0.008326994233285992,0.12569024424917463,10,0.0234375,0.036271844471833646,-0.00250981443586119,0.04938481443586119,10,0.14120034350585892,0.11601171293295605,0.05821056348373199,0.22419012352798584,10,0.6505024210427062,0.1871664388063244,0.516611616473358,0.7843932256120544,10,4.374378167544601,1.1805310924802908,3.5298770978048655,5.218879237284337,10
{},always_ofdm,98,3.7686420417458515,1.2446326767374762,2.8782854610229447,4.658998622468758,10,0.036007082396708856,0.047267083194644975,0.002194248007494168,0.06981991678592354,10,0.0171875,0.01719538960335331,0.004886659296081107,0.029488340703918897,10,0.13812381463858106,0.0778284529868171,0.0824486933120726,0.1937989359650895,10,1.0,0.0,1.0,1.0,10,5.68451329561219,1.8064676982196748,4.392244152245885,6.9767824389784945,10
{},always_otfs,98,1.5576766745278445,0.6539366352179539,1.0898785864459033,2.0254747626097855,10,0.01906915832134078,0.040927255237194544,-0.010208436355733794,0.04834675299841536,10,0.0171875,0.024923929404177914,-0.0006420050236445214,0.03501700502364452,10,0.1073678619328996,0.0892752906382141,0.04350416624073694,0.17123155762506226,10,1.0,0.0,1.0,1.0,10,1.696137047111464,0.8263396679931306,1.105009258920466,2.2872648353024623,10
{},always_afdm,98,1.3045275947491661,0.7844058357530316,0.7433974630456794,1.8656577264526528,10,0.00812378651443592,0.025689668610577854,-0.010253495338692834,0.026501068367564676,10,0.0125,0.024206145913796356,-0.0048160336467956595,0.02981603364679566,10,0.09164886737647304,0.08550468465400547,0.030482500714874995,0.1528152340380711,10,1.0,0.0,1.0,1.0,10,1.328442434300879,0.8597647589327824,0.7134037764729128,1.9434810921288452,10
{},linucb,98,6.225830997565408,0.9452652248957624,5.549628990945603,6.902033004185213,10,0.062767873564897,0.06735455248145843,0.014585329297531632,0.11095041783226238,10,0.01875,0.02833639689319884,-0.0015206372083763318,0.03902063720837633,10,0.159706367798689,0.11428943148508848,0.07794863370434972,0.24146410189302825,10,0.17455785377390284,0.03474075398557967,0.14970581549107648,0.1994098920567292,10,6.705915619406859,0.9079064930288823,6.0564384396269935,7.355392799186725,10
{},uncertainty_aware,98,4.023671772235923,1.2042475514016322,3.162204969821217,4.88513857465063,10,0.04256690406867303,0.07579963820003115,-0.01165689058913684,0.0967906987264829,10,0.0140625,0.02381068635554679,-0.0029706389207627363,0.03109563892076274,10,0.12800316010048088,0.10252293905020685,0.05466266762869375,0.201343652572268,10,0.6250410510334774,0.21178048242127667,0.47354242037987493,0.7765396816870799,10,4.405767486068744,1.224710836319232,3.5296621314690264,5.281872840668463,10
{},always_ofdm,99,3.8081219322423054,1.2591555755919572,2.9073762955288753,4.7088675689557355,10,0.03947989049645403,0.052348988303752085,0.0020316801918621383,0.07692810080104592,10,0.015625,0.02655739329996242,-0.0033730147021765883,0.03462301470217659,10,0.09156490659161148,0.08913485239633237,0.027801674365643778,0.15532813881757918,10,1.0,0.0,1.0,1.0,10,5.7458157691641105,1.840331590686963,4.429321856457684,7.062309681870537,10
{},always_otfs,99,1.5874047649537937,0.663270608754898,1.1129295544418871,2.0618799754657005,10,0.029728090425949,0.0490826759487983,-0.005383540778411664,0.06483972163030967,10,0.0125,0.025301995419773165,-0.005599957158820081,0.030599957158820083,10,0.07454520647512028,0.08332456611394812,0.014938402667025473,0.13415201028321508,10,1.0,0.0,1.0,1.0,10,1.7404198205468948,0.8370280838848136,1.1416460002337057,2.339193640860084,10
{},always_afdm,99,1.3328557760141906,0.769754943753372,0.7822062610815497,1.8835052909468315,10,0.0283281812650243,0.04561359247538021,-0.004301817119176713,0.060958179649225314,10,0.0078125,0.01327869664998121,-0.0016865073510882941,0.017311507351088294,10,0.0731062893885984,0.07895156990216684,0.01662773862046217,0.1295848401567346,10,1.0,0.0,1.0,1.0,10,1.371286290649787,0.8380411526886807,0.7717877645715102,1.9707848167280635,10
{},linucb,99,6.331482833384614,0.9463512255202932,5.654503948718143,7.008461718051085,10,0.1056518358192047,0.08935367430078238,0.041732067832707165,0.16957160380570224,10,0.0171875,0.024923929404177914,-0.0006420050236445214,0.03501700502364452,10,0.14991937659301227,0.09716720551021384,0.08041014509569251,0.21942860809033204,10,0.16370935052555752,0.053992284600094406,0.1250855968667921,0.20233310418432293,10,6.82557256296018,0.9231832408468913,6.165167056127659,7.485978069792701,10
{},uncertainty_aware,99,4.046510348529877,1.212845444547497,3.1788929838763265,4.914127713183427,10,0.022838576293953212,0.051832036729349815,-0.01423982913182847,0.05991698171973489,10,0.0015625,0.004941058844013093,-0.00197212056695953,0.00509712056695953,10,0.054211101623698466,0.07263099984961084,0.0022540142924412643,0.10616818895495567,10,0.5781634577938238,0.16826417711580732,0.45779451666358584,0.6985323989240618,10,4.429716154652752,1.2407821340961533,3.542114086200118,5.317318223105386,10
{},always_ofdm,100,3.8698751628760135,1.2560133387313803,2.9713773470010483,4.768372978750978,10,0.06175323063370797,0.05413788010420561,0.02302532422559573,0.10048113704182021,10,0.025,0.027756067905154645,0.005144505140966309,0.044855494859033694,10,0.12920061603091398,0.08970191348392449,0.06503173273982,0.19336949932200798,10,1.0,0.0,1.0,1.0,10,5.836411513701783,1.8264354043736737,4.529858333841469,7.142964693562098,10
{},always_otfs,100,1.595186664055607,0.660183955508471,1.1229195122599231,2.0674538158512905,10,0.00778189910181316,0.02460852568334813,-0.009821979691961361,0.025385777895587682,10,0.0015625,0.004941058844013093,-0.00197212056695953,0.00509712056695953,10,0.03831816773955155,0.04876563548277801,0.0034333336220362665,0.07320300185706684,10,1.0,0.0,1.0,1.0,10,1.7401331167932053,0.8248580294141226,1.1500652289918794,2.330201004594531,10
{},always_afdm,100,1.3589564135927397,0.7901738588758866,0.7937000867144182,1.9242127404710612,10,0.026100637578549014,0.042040190610337924,-0.003973103103622384,0.056174378260720415,10,0.0046875,0.007547592055306998,-0.000711722100346591,0.010086722100346592,10,0.07338647020385757,0.07490491858512491,0.019802719401494098,0.12697022100622102,10,1.0,0.0,1.0,1.0,10,1.4060678893604042,0.8647930861402814,0.7874321829389844,2.024703595781824,10
{},linucb,100,6.4214598665546605,0.9212551199211586,5.762433654341943,7.080486078767378,10,0.08997703317004725,0.08937708337335876,0.026040519341819432,0.15391354699827509,10,0.0140625,0.0214112549907234,-0.0012541891234912946,0.029379189123491294,10,0.13550822598054363,0.0901492862415457,0.07101931149773427,0.19999714046335298,10,0.16688343111924336,0.028892163942661815,0.1462152221139129,0.18755164012457382,10,6.922475917447483,0.8897571130880702,6.285982021947683,7.558969812947282,10
{},uncertainty_aware,100,4.122350504281779,1.2218465084784906,3.2482941663839497,4.996406842179608,10,0.07584015575190281,0.06284823310017794,0.030881238174525538,0.12079907332928008,10,0.0125,0.02057126839388698,-0.0022157989105067166,0.027215798910506718,10,0.13512697012266947,0.08824234379068124,0.07200220009140833,0.1982517401539306,10,0.6924407580834455,0.27892743548813714,0.4929080908373894,0.8919734253295016,10,4.52623825328218,1.2463344573430257,3.6346642920506165,5.417812214513744,10
{},always_ofdm,101,3.8973453661279365,1.252601048265118,3.0012885558032503,4.793402176452623,10,0.02747020325192307,0.04493303515248305,-0.004672953751422522,0.059613360255268665,10,0.0109375,0.016552342272990316,-0.0009033323552663612,0.02277833235526636,10,0.08994565877396515,0.08347819151079079,0.03022895797730374,0.14966235957062657,10,1.0,0.0,1.0,1.0,10,5.86473438876968,1.82987036626287,4.555723985200123,7.173744792339237,10
{},always_otfs,101,1.6271550355635565,0.6528491750449712,1.1601348696263456,2.094175201500767,10,0.03196837150794953,0.04130590858942683,0.0024199045403799566,0.06151683847551911,10,0.0078125,0.008235098073355155,0.0019214657217341159,0.013703534278265884,10,0.10015719422823863,0.0803227386852641,0.04269776840183815,0.1576166200546391,10,1.0,0.0,1.0,1.0,10,1.7786675273153751,0.8200673712080359,1.1920266699460031,2.365308384684747,10
{},always_afdm,101,1.3670169712043228,0.7800327204563682,0.8090151777289875,1.925018764679658,10,0.00806055761158309,0.02548972126360939,-0.010173690526057724,0.026294805749223903,10,0.003125,0.006588078458684124,-0.001587827422612707,0.007837827422612707,10,0.05534473439087726,0.06425498241008801,0.009379488979661496,0.10130997980209303,10,1.0,0.0,1.0,1.0,10,1.399789840045213,0.8571075444675835,0.7866520389356189,2.012927641154807,10
{},linucb,101,6.4857748505411505,0.9418828113457967,5.811992476813222,7.159557224269079,10,0.06431498398648998,0.06499957599451188,0.017817088412501986,0.11081287956047797,10,0.0046875,0.007547592055306998,-0.000711722100346591,0.010086722100346592,10,0.11939861835571079,0.08031294121701539,0.06194620121588324,0.17685103549553835,10,0.15622480082283427,0.027279036818422177,0.13671055344606578,0.17573904819960276,10,6.980251752097127,0.9131577661502567,6.327018037824655,7.633485466369598,10
{},uncertainty_aware,101,4.158797847472127,1.1825921743475556,3.312822368584836,5.004773326359418,10,0.03644734319034806,0.07123319645283399,-0.014509815827810864,0.08740450220850698,10,0.0046875,0.010546071214227388,-0.0028567048741424015,0.0122317048741424,10,0.09117797732921397,0.07509235138034094,0.03746014518238402,0.1448958094760439,10,0.7781694150608197,0.23559161063805598,0.6096373293979703,0.9467015007236691,10,4.555793446905326,1.2112152774626905,3.6893422335338064,5.422244660276845,10
{},always_ofdm,102,3.9543084353592866,1.232007414573807,3.072983423115074,4.835633447603499,10,0.05696306923135017,0.05051011025598224,0.020830313037500797,0.09309582542519955,10,0.0234375,0.02240188871625684,0.007412154199643403,0.0394628458003566,10,0.1401408691918689,0.08179742756867281,0.08162651448853778,0.19865522389520004,10,1.0,0.0,1.0,1.0,10,5.935870786343281,1.7878524134786133,4.656918215473434,7.2148233572131275,10
{},always_otfs,102,1.666400594542297,0.6416580180673132,1.2073861000350536,2.1254150890495405,10,0.039245558978740644,0.05151435051549347,0.0023944125799783902,0.0760967053775029,10,0.0171875,0.022642776165921,0.0009898336989602255,0.03338516630103978,10,0.107847012589912,0.08838087197967347,0.044623145461981206,0.1710708797178428,10,1.0,0.0,1.0,1.0,10,1.817510068287019,0.827227207478078,1.2257473725961265,2.4092727639779117,10
{},always_afdm,102,1.3753322635972558,0.7749073201510961,0.8209969606262517,1.9296675665682599,10,0.00831529239293318,0.026295263371940658,-0.010495205854966815,0.027125790640833175,10,0.003125,0.006588078458684124,-0.001587827422612707,0.007837827422612707,10,0.05574866220139176,0.06530367695491317,0.009033225905263016,0.1024640984975205,10,1.0,0.0,1.0,1.0,10,1.386534030628337,0.8450547721669854,0.7820182634202806,1.9910497978363932,10
{},linucb,102,6.55951772472338,0.9490842862295336,5.880583726204068,7.238451723242691,10,0.07374287418222814,0.06687114597000594,0.025906138101230033,0.12157961026322624,10,0.015625,0.02209708691207961,-0.00018230372478071286,0.031432303724780716,10,0.14199398254882467,0.07015618327081345,0.09180727234826462,0.1921806927493847,10,0.14096047130132722,0.020316045304994167,0.12642724799002764,0.1554936946126268,10,7.053241263027682,0.9134173273583069,6.399821869852505,7.7066606562028594,10
{},uncertainty_aware,102,4.232500284836291,1.1930321591491613,3.3790564907227587,5.085944078949824,10,0.07370243736416349,0.10137259293620254,0.0011848529293061877,0.14622002179902077,10,0.015625,0.02329237476562281,-0.0010373611454568207,0.03228736114545682,10,0.13575461078005496,0.09217680340291576,0.06981529789384966,0.20169392366626027,10,0.8289570221550902,0.22112567204522116,0.6707732455662284,0.9871407987439519,10,4.6225435860671125,1.2064115964365865,3.759528719091782,5.485558453042443,10
{},always_ofdm,103,3.993407532129411,1.2476422095041972,3.1008980613580324,4.88591700290079,10,0.03909909677012381,0.05104134797732214,0.00258631600359243,0.07561187753665519,10,0.0140625,0.020104436526686233,-0.0003193475103692323,0.028444347510369235,10,0.09134038229638684,0.08725320060854448,0.028923202671478514,0.15375756192129517,10,1.0,0.0,1.0,1.0,10,5.982756899519396,1.8224795934597915,4.679033536315112,7.28648026272368,10
{},always_otfs,103,1.692693867445136,0.6565913122603055,1.2229967378077797,2.162390997082492,10,0.026293272902838886,0.058221290855114766,-0.015355729585923246,0.06794227539160103,10,0.0171875,0.044469529596117836,-0.01462408510263577,0.04899908510263577,10,0.06360940534232114,0.08826109276203949,0.00047122310491869157,0.1267475875797236,10,1.0,0.0,1.0,1.0,10,1.8366652045090686,0.8225847671730616,1.2482235105510082,2.4251068984671287,10
{},always_afdm,103,1.3941964947012908,0.7666556751508852,0.8457640629669517,1.94262892643563,10,0.018864231104034852,0.039948149874480476,-0.009712953790131994,0.0474414159982017,10,0.00625,0.015095184110614,-0.004548444200693183,0.017048444200693184,10,0.057603473891061664,0.06882326882398067,0.008370273245135076,0.10683667453698825,10,1.0,0.0,1.0,1.0,10,1.399683235399127,0.8333289809761513,0.8035555938976112,1.9958108769006428,10
{},linucb,103,6.619545794629252,0.9533445519241875,5.937564185623924,7.301527403634579,10,0.06002806990587343,0.051320356788276594,0.023315698259594182,0.09674044155215267,10,0.0140625,0.044469529596117836,-0.017749085102635773,0.04587408510263577,10,0.09082793012063213,0.07074512461830132,0.040219916659924554,0.1414359435813397,10,0.1577993026157197,0.033516944516526,0.1338227248881948,0.1817758803432446,10,7.099614924028043,0.9305982240037777,6.433905057786457,7.76532479026963,10
{},uncertainty_aware,103,4.281775092769182,1.2219056631162748,3.407676438192693,5.155873747345671,10,0.0492748079328908,0.0578880566623137,0.00786418682526037,0.09068542904052124,10,0.0078125,0.01327869664998121,-0.0016865073510882941,0.017311507351088294,10,0.10154942664133002,0.08314522202662965,0.04207091786464665,0.16102793541801338,10,0.7526126527998134,0.2137429267028531,0.5997101740767679,0.9055151315228589,10,4.679638743588171,1.2482217486661,3.786714695475035,5.572562791701308,10
{},always_ofdm,104,4.038832024796968,1.2489056394857638,3.145418750663043,4.932245298930893,10,0.04542449266755729,0.048580121895491164,0.010672366975862324,0.08017661835925226,10,0.01875,0.02057126839388698,0.004034201089493282,0.03346579891050672,10,0.1225620310671248,0.08569688794453464,0.061258170454293014,0.18386589167995657,10,1.0,0.0,1.0,1.0,10,6.047422241755192,1.8181294370968302,4.746810792947281,7.348033690563103,10
{},always_otfs,104,1.700906510595797,0.6546228070674647,1.2326175647426134,2.1691954564489806,10,0.008212643150661,0.02597065796627013,-0.010365646378571437,0.026790932679893437,10,0.0046875,0.010546071214227388,-0.0028567048741424015,0.0122317048741424,10,0.05577846093361079,0.06731986517433992,0.007620730470942777,0.1039361913962788,10,1.0,0.0,1.0,1.0,10,1.8345469766113514,0.8309768242202447,1.2401019666891404,2.4289919865335623,10
{},always_afdm,104,1.4117988135511648,0.776083616249559,0.856622039042638,1.9669755880596915,10,0.017602318849874298,0.037122921067836344,-0.008953819106462473,0.04415845680621107,10,0.0109375,0.024484706819881578,-0.006577804114702095,0.028452804114702093,10,0.07509549600904274,0.08335274342484872,0.01546853536700301,0.13472245665108246,10,1.0,0.0,1.0,1.0,10,1.4168820425768416,0.84551144146849,0.8120395938302011,2.021724491323482,10
{},linucb,104,6.6819213433003295,0.9642930121867682,5.992107677636226,7.371735008964433,10,0.06237554867107705,0.033201660548840266,0.038624511507183545,0.08612658583497056,10,0.0078125,0.01518477055949297,-0.0030500304855817263,0.018675030485581726,10,0.11638098525393689,0.07540569661286627,0.06243899943106143,0.17032297107681235,10,0.15602296703690383,0.028326895304404093,0.13575912685568967,0.17628680721811799,10,7.1580992204506515,0.9437248622907067,6.482999122858099,7.833199318043204,10
{},uncertainty_aware,104,4.335688954059227,1.253506504397223,3.43898441943737,5.232393488681084,10,0.053913861290045016,0.07269021254476424,0.0019144157483876462,0.10591330683170239,10,0.0078125,0.01518477055949297,-0.0030500304855817263,0.018675030485581726,10,0.10989440618204897,0.07937901659202637,0.05311007847237988,0.16667873389171806,10,0.7098480774065312,0.20197587966188366,0.5653632370473328,0.8543329177657296,10,4.731636460938892,1.2669387086979937,3.825323106207833,5.637949815669952,10
{},always_ofdm,105,4.048420477402923,1.2585453213960194,3.148111390242965,4.94872956456288,10,0.009588452605955169,0.03032134947139531,-0.012102134137293368,0.0312790393492037,10,0.0078125,0.01327869664998121,-0.0016865073510882941,0.017311507351088294,10,0.0713426309160968,0.07875553997326037,0.015004311511384226,0.12768095032080937,10,1.0,0.0,1.0,1.0,10,6.05499185342767,1.8444678594994008,4.735539032261242,7.374444674594098,10
{},always_otfs,105,1.7092834812799882,0.6649488013761479,1.2336077640868917,2.1849591984730847,10,0.00837697068419132,0.026490307254503635,-0.010573053552070876,0.02732699492045352,10,0.0046875,0.007547592055306998,-0.000711722100346591,0.010086722100346592,10,0.0696612100286387,0.07431189146213724,0.01650168527414287,0.12282073478313454,10,1.0,0.0,1.0,1.0,10,1.8404351673963706,0.8478021427539277,1.2339540496656358,2.4469162851271054,10
{},always_afdm,105,1.4117988135511648,0.776083616249559,0.856622039042638,1.9669755880596915,10,0.0,0.0,0.0,0.0,10,0.00625,0.015095184110614,-0.004548444200693183,0.017048444200693184,10,0.0583234780570811,0.06927454279865412,0.008767455456879049,0.10787950065728316,10,1.0,0.0,1.0,1.0,10,1.411432501390303,0.8450688556955926,0.8069066594327969,2.015958343347809,10
{},linucb,105,6.734011151379592,0.9781740162406103,6.034267613603521,7.433754689155664,10,0.052089808079262404,0.036965927597759206,0.02564597648594039,0.07853363967258442,10,0.009375,0.01679637030895531,-0.00264039949604869,0.02139039949604869,10,0.11637585086969035,0.07437611751116055,0.06317038156748134,0.16958132017189936,10,0.16482208285693745,0.03418176879034051,0.14036991849387065,0.18927424722000424,10,7.210702052076722,0.9617955838851405,6.522674938995399,7.898729165158045,10
{},uncertainty_aware,105,4.359389443439091,1.2459525122173394,3.4680887092908956,5.250690177587286,10,0.023700489379863878,0.03877956848181962,-0.004040742744853554,0.05144172150458131,10,0.00625,0.01092509216843908,-0.001565340131252025,0.014065340131252026,10,0.08692643725720636,0.08560007739725112,0.025691830737946363,0.14816104377646636,10,0.6203340945728021,0.1377840823760424,0.5217692997098339,0.7188988894357703,10,4.7547898789524785,1.2676709614611663,3.847952702150354,5.661627055754603,10
{},always_ofdm,106,4.0933827293238085,1.236832616608434,3.2086059754813365,4.97815948316628,10,0.044962251920885904,0.04772091425857992,0.010824766345933316,0.07909973749583848,10,0.0140625,0.013681172433920521,0.004275578817377649,0.02384942118262235,10,0.11927227003077738,0.08360925912392417,0.059461809111909604,0.17908273094964516,10,1.0,0.0,1.0,1.0,10,6.1264963044179535,1.8042908085980005,4.8357844140760875,7.417208194759819,10
{},always_otfs,106,1.7294452702468335,0.6618917390241912,1.2559564437192463,2.2029340967744204,10,0.020161788966845208,0.04271306733231107,-0.01039329872526848,0.050716876658958895,10,0.015625,0.02655739329996242,-0.0033730147021765883,0.03462301470217659,10,0.07732475263265456,0.0866304880746182,0.015353034719335898,0.13929647054597322,10,1.0,0.0,1.0,1.0,10,1.8699921009885316,0.8451011287445442,1.2654431722825805,2.4745410296944828,10
{},always_afdm,106,1.4289606572737454,0.7699875563701684,0.8781447412992592,1.9797765732482318,10,0.017161843722580488,0.03619058083020112,-0.008727338206033119,0.04305102565119409,10,0.00625,0.01092509216843908,-0.001565340131252025,0.014065340131252026,10,0.07140315617016803,0.07745809839530209,0.015992970558364322,0.12681334178197173,10,1.0,0.0,1.0,1.0,10,1.4350678385199773,0.811323236099771,0.8546821585871976,2.015453518452757,10
{},linucb,106,6.8606504114653974,0.9570052920610526,6.176050066722135,7.5452507562086595,10,0.12663926008580492,0.10199155927592701,0.0536788938052514,0.19959962636635845,10,0.0171875,0.021411254990723404,0.001870810876508703,0.0325041891234913,10,0.1725170395552372,0.09876450456000774,0.10186516915171877,0.24316890995875562,10,0.17246546366053525,0.041901526491047066,0.14249091731371136,0.20244001000735914,10,7.335451272591466,0.9404392304966992,6.662701574393292,8.00820097078964,10
{},uncertainty_aware,106,4.407118590141047,1.2528949811552976,3.5108515128934736,5.30338566738862,10,0.047729146701956,0.07829805755750412,-0.008281909497277105,0.1037402029011891,10,0.00625,0.01092509216843908,-0.001565340131252025,0.014065340131252026,10,0.10065254574048221,0.0835104120734432,0.04091279574181257,0.16039229573915187,10,0.6184524879729022,0.13851538117470052,0.5193645534639729,0.7175404224818315,10,4.807674605652467,1.2501374635087033,3.91338013769677,5.701969073608165,10
{},always_ofdm,107,4.122166598426263,1.2674954610248736,3.215454967073245,5.028878229779282,10,0.028783869102455138,0.047051501878519114,-0.00487474770346686,0.062442485908377136,10,0.0203125,0.032148540337522846,-0.00268518034789169,0.04331018034789169,10,0.09602913272905801,0.09215909954402829,0.030102484420570494,0.16195578103754554,10,1.0,0.0,1.0,1.0,10,6.1635292250512945,1.8350603411783593,4.850806137084035,7.476252313018554,10
{},always_otfs,107,1.753248504083586,0.6545519762831575,1.285010227521113,2.221486780646059,10,0.02380323383675251,0.038372954769212375,-0.0036471243605817674,0.05125359203408679,10,0.0171875,0.038590903235088965,-0.010418769137548661,0.044793769137548664,10,0.09258479188635557,0.0927427093798077,0.026240654251440537,0.1589289295212706,10,1.0,0.0,1.0,1.0,10,1.9035806807791702,0.859903089200677,1.2884430674387584,2.518718294119582,10
{},always_afdm,107,1.4475258583446529,0.8039246244670455,0.8724328263380691,2.0226188903512368,10,0.01856520107090709,0.03914885459123124,-0.00944020242246351,0.04657060456427769,10,0.0140625,0.02987422999937497,-0.007308236741136927,0.03543323674113693,10,0.0771153649750309,0.08673234492505355,0.015070783060331085,0.1391599468897307,10,1.0,0.0,1.0,1.0,10,1.4531869913992912,0.8615650876416818,0.8368604559963647,2.0695135268022176,10
{},linucb,107,6.944330367497825,0.9944861172201529,6.232917855634859,7.655742879360791,10,0.08367995603242803,0.0847084102595383,0.023083209757973754,0.1442767023068823,10,0.0171875,0.028951962728515204,-0.0035234864797603765,0.03789848647976038,10,0.15053332974716344,0.08000079595468249,0.09330420787641727,0.2077624516179096,10,0.16909902461683105,0.030503103458113766,0.14727841890399254,0.19091963032966955,10,7.4269883902429115,0.9848704054353866,6.722454544211171,8.131522236274652,10
{},uncertainty_aware,107,4.423722721060803,1.2621315434012443,3.5208482052230003,5.326597236898605,10,0.01660413091975567,0.035434957124105486,-0.00874451037237392,0.04195277221188526,10,0.0125,0.030190368221227996,-0.009096888401386363,0.03409688840138636,10,0.08258080506513871,0.07668436029977611,0.02772411834339577,0.13743749178688164,10,0.6573998302994897,0.18322380398797541,0.5263294167752375,0.7884702438237419,10,4.83125919862189,1.2686291910231096,3.9237365456851077,5.738781851558672,10
{},always_ofdm,108,4.138368736349784,1.263483548911649,3.2345270540331788,5.0422104186663885,10,0.016202137923519773,0.03416770644933888,-0.008239966846797137,0.04064424269383668,10,0.01875,0.02057126839388698,0.004034201089493282,0.03346579891050672,10,0.12274707935470361,0.08633945995135951,0.06098355041919488,0.18451060829021235,10,1.0,0.0,1.0,1.0,10,6.170084407437307,1.81683153659351,4.870401420717732,7.469767394156882,10
{},always_otfs,108,1.7695792715629992,0.6453258656932971,1.3079409569263951,2.231217586199603,10,0.0163307674794133,0.03443864832077402,-0.008305157429756144,0.04096669238858275,10,0.021875,0.025727268823392643,0.003470820574967559,0.04027917942503244,10,0.12461123330585828,0.08768280537690433,0.061886732943058215,0.18733573366865836,10,1.0,0.0,1.0,1.0,10,1.9120000171163365,0.8271180378600616,1.3203154166656161,2.503684617567057,10
{},always_afdm,108,1.4475258583446529,0.8039246244670455,0.8724328263380691,2.0226188903512368,10,0.0,0.0,0.0,0.0,10,0.01875,0.026352313834736494,-0.0001013096904508258,0.03760130969045082,10,0.09513491869424254,0.09141462457463685,0.029740835696444645,0.16052900169204043,10,1.0,0.0,1.0,1.0,10,1.432130013124842,0.8377806201167189,0.832817860821153,2.031442165428531,10
{},linucb,108,7.013959748831508,1.0466026185958646,6.265265337793475,7.76265415986954,10,0.0696293813336824,0.06668970008137434,0.02192244382218011,0.1173363188451847,10,0.025,0.027756067905154645,0.005144505140966309,0.044855494859033694,10,0.17026566149870326,0.11578513446253061,0.08743796595014344,0.2530933570472631,10,0.13713782383091705,0.027226266193370825,0.11766132628521236,0.15661432137662173,10,7.481062154772924,1.0078278460305734,6.760105545067599,8.202018764478249,10
{},uncertainty_aware,108,4.452268023642247,1.2614215349663578,3.549901417241651,5.354634630042844,10,0.028545302581445477,0.038195924616558526,0.0012215841263802964,0.05586902103651066,10,0.0171875,0.025989531145572186,-0.0014042905883841147,0.03577929058838412,10,0.12220716227938389,0.11635213748454157,0.03897385720331227,0.2054404673554555,10,0.6115765732610201,0.22620667728552032,0.44975806448414735,0.7733950820378929,10,4.837274463932581,1.24800385279446,3.9445062891360085,5.730042638729154,10
{},always_ofdm,109,4.154181209651965,1.2607738320050463,3.2522779420377717,5.0560844772661575,10,0.015812473302181117,0.0333362323504553,-0.00803483072934899,0.039659777333711226,10,0.015625,0.028527216536727403,-0.004782141358172721,0.03603214135817272,10,0.10572148818228992,0.08811316480983487,0.04268912722708576,0.16875384913749408,10,1.0,0.0,1.0,1.0,10,6.191221334652097,1.8214417128898095,4.88824042648114,7.494202242823054,10
{},always_otfs,109,1.7862444608565604,0.6403003931625756,1.3282011527006627,2.244287769012458,10,0.016665189293561082,0.035144038369596856,-0.008475341258449228,0.041805719845571396,10,0.0125,0.016137430609197572,0.0009559775688028922,0.02404402243119711,10,0.10565007796604889,0.0849845678613553,0.044855780443993645,0.16644437548810415,10,1.0,0.0,1.0,1.0,10,1.933065534114886,0.8142535963424299,1.3505836007454866,2.5155474674842853,10
{},always_afdm,109,1.4553619492524585,0.8014086948649756,0.882068704861696,2.028655193643221,10,0.00783609090780574,0.024779895220802647,-0.009890378268062893,0.025562560083674375,10,0.015625,0.03375385780420761,-0.00852105528398834,0.03977105528398834,10,0.09276058769900966,0.08962154839818746,0.028649194126998012,0.1568719812710213,10,1.0,0.0,1.0,1.0,10,1.440306039856352,0.8325480566994006,0.8447370379292638,2.0358750417834406,10
{},linucb,109,7.048167215465615,1.0692616924078833,6.283263479492856,7.813070951438375,10,0.03420746663410882,0.036243479370785,0.00828044336917183,0.06013448989904581,10,0.0078125,0.01518477055949297,-0.0030500304855817263,0.018675030485581726,10,0.11626241523090744,0.08783608560722216,0.05342826479679803,0.17909656566501686,10,0.1562906574455412,0.06082539670700579,0.11277878985170416,0.19980252503937823,10,7.512740009036331,1.0187766430699325,6.783951101756636,8.241528916316025,10
{},uncertainty_aware,109,4.485865876472712,1.2620747621081325,3.583031979525068,5.388699773420356,10,0.03359785283046385,0.04412310691941945,0.0020340835819952358,0.06516162207893246,10,0.015625,0.03375385780420761,-0.00852105528398834,0.03977105528398834,10,0.12126614847225685,0.10522635359754959,0.04599174973427875,0.19654054721023495,10,0.6492646000579294,0.20288189463760323,0.5041316356289212,0.7943975644869377,10,4.8739560514373395,1.234675233242335,3.9907225966846704,5.7571895061900085,10
{},always_ofdm,110,4.180383581458748,1.2662130301080166,3.274589345918556,5.086177816998939,10,0.02620237180678342,0.042406281082833015,-0.004133254223103882,0.056537997836670725,10,0.0234375,0.025779934730759544,0.004995645654422502,0.0418793543455775,10,0.12777134341167068,0.09067866166641932,0.06290373656281746,0.1926389502605239,10,1.0,0.0,1.0,1.0,10,6.23111322044491,1.820190854531843,4.929027122438738,7.533199318451082,10
{},always_otfs,110,1.794814154219085,0.6394872557736704,1.3373525295098578,2.252275778928312,10,0.00856969336252476,0.02709974987480529,-0.010816299860973856,0.027955686586023376,10,0.0234375,0.03914920931867945,-0.004568157250100419,0.051443157250100416,10,0.09781133182173411,0.0968697601183817,0.028514879939615878,0.16710778370385235,10,1.0,0.0,1.0,1.0,10,1.942997408317762,0.8009598874427628,1.370025221415938,2.5159695952195857,10
{},always_afdm,110,1.4648391415801079,0.8060774865244573,0.8882060448331143,2.0414722383271013,10,0.00947719232764941,0.029969513578844895,-0.011961706180088617,0.030916090835387437,10,0.0109375,0.014823176532039278,0.0003336382991214089,0.02154136170087859,10,0.09192447582202147,0.08408791049473045,0.031771608339486626,0.1520773433045563,10,1.0,0.0,1.0,1.0,10,1.4443510580595156,0.8547280876540756,0.8329154178139654,2.0557866983050657,10
{},linucb,110,7.103272017177501,1.1217001103974595,6.300856096756795,7.9056879375982065,10,0.05510480171188638,0.0689785067843673,0.0057605505189256626,0.1044490529048471,10,0.015625,0.020833333333333332,0.0007217311252429165,0.030528268874757084,10,0.15202396361693113,0.09569679294407135,0.08356660190345344,0.22048132533040882,10,0.16453535871072378,0.03477061171229263,0.1396619614968962,0.18940875592455136,10,7.576884515034405,1.0737269021790463,6.808786560415157,8.344982469653653,10
{},uncertainty_aware,110,4.514976558822507,1.2768625829028464,3.6015640921448466,5.428389025500167,10,0.02911068234979518,0.03802686079591921,0.0019079048663771143,0.056313459833213245,10,0.0140625,0.021411254990723404,-0.001254189123491298,0.0293791891234913,10,0.12127266277648655,0.0866169579672363,0.05931062371892229,0.1832347018340508,10,0.7086241298027387,0.20334813254861459,0.563157638864255,0.8540906207412224,10,4.9073492565949675,1.261299724488433,4.005069788160976,5.809628725028959,10
{},always_ofdm,111,4.209105288413452,1.2676058297390012,3.302314704038578,5.115895872788327,10,0.028721706954704863,0.047070424051145414,-0.004950445958081667,0.062393859867491394,10,0.0203125,0.028574722342385842,-0.00012862496432502687,0.040753624964325025,10,0.11065626718281503,0.09167337381375179,0.04507708612989704,0.176235448235733,10,1.0,0.0,1.0,1.0,10,6.269726757904505,1.8449099208113648,4.949957705125693,7.589495810683316,10
{},always_otfs,111,1.8182583699134522,0.6585892929957189,1.3471319709589866,2.289384768867918,10,0.02344421569436724,0.03776052213734297,-0.003568034590306645,0.05045646597904113,10,0.0125,0.019207384286026852,-0.0012401349949812297,0.02624013499498123,10,0.1053878591403871,0.08424192242789771,0.04512481815785645,0.16565090012291778,10,1.0,0.0,1.0,1.0,10,1.9763425377349289,0.8219291411410581,1.3883698503866078,2.56431522508325,10
{},always_afdm,111,1.4924680029900703,0.7945664661011946,0.9240693941978304,2.06086661178231,10,0.027628861409962447,0.044933304843615775,-0.004514488518797429,0.05977221133872232,10,0.0140625,0.01719538960335331,0.0017616592960811063,0.026363340703918894,10,0.10673503787527101,0.08624882244361196,0.045036347106871065,0.16843372864367095,10,1.0,0.0,1.0,1.0,10,1.4790433662115665,0.8614062023758704,0.862830490480798,2.095256241942335,10
{},linucb,111,7.179739534151979,1.1598061298951257,6.350064209523891,8.009414858780067,10,0.07646751697447675,0.0785543413053163,0.02027312642635362,0.13266190752259988,10,0.0171875,0.024923929404177914,-0.0006420050236445214,0.03501700502364452,10,0.15896104360557256,0.09069158932107749,0.0940841888696814,0.22383789834146373,10,0.15996918789927403,0.02505020174951519,0.14204935308135713,0.17788902271719093,10,7.663802828916758,1.1382970098154348,6.849514201879409,8.478091455954107,10
{},uncertainty_aware,111,4.537252045531342,1.2898717309927976,3.61453339492651,5.459970696136174,10,0.02227548670883449,0.03590556893428717,-0.0034098099917482354,0.047960783409417215,10,0.0078125,0.011048543456039806,-9.115186239035643e-05,0.015716151862390358,10,0.12286867988572876,0.053844636181677466,0.08435054754273615,0.16138681222872137,10,0.7319400357033147,0.24347893693357722,0.5577656967051807,0.9061143747014486,10,4.958175206757476,1.2969348024428193,4.0304039392133815,5.88594647430157,10
{},always_ofdm,112,4.218627292831338,1.2821455338083159,3.3014356307394532,5.135818954923224,10,0.00952200441788607,0.03011122185070573,-0.012018266080763274,0.031062274916535414,10,0.01875,0.031075903937867286,-0.003480362491783611,0.040980362491783606,10,0.09418038814609524,0.09296850536347846,0.027674725794916893,0.16068605049727358,10,1.0,0.0,1.0,1.0,10,6.2771231354662556,1.8603660918529261,4.946297403992727,7.607948866939784,10
{},always_otfs,112,1.8352932737181558,0.6709075698944647,1.3553549103142957,2.315231637122016,10,0.017034903804703662,0.03592570246125513,-0.0086647955534375,0.042734603162844824,10,0.0125,0.019207384286026852,-0.0012401349949812297,0.02624013499498123,10,0.10485627045401466,0.08590229028611848,0.04340547385762471,0.1663070670504046,10,1.0,0.0,1.0,1.0,10,1.9944147976045987,0.8470095907329688,1.388500637435412,2.6003289577737854,10
{},always_afdm,112,1.5096801083005205,0.7893056903520589,0.9450448317712808,2.07431538482976,10,0.01721210531044992,0.036286755170561416,-0.008745875596719292,0.043170086217619134,10,0.0203125,0.04298058549120366,-0.010433958654554789,0.05105895865455479,10,0.10936774578911046,0.09538030347709056,0.04113678700151005,0.17759870457671087,10,1.0,0.0,1.0,1.0,10,1.5016271014163325,0.840904951885163,0.9000799368054884,2.1031742660271764,10
{},linucb,112,7.226150741116236,1.145611788915774,6.40662943633368,8.04567204589879,10,0.04641120696425673,0.07460391098669772,-0.006957215973816884,0.09977962990233033,10,0.0140625,0.022642776165921,-0.0021351663010397755,0.030260166301039775,10,0.1262149733332704,0.09659504531543818,0.057115040582615045,0.19531490608392574,10,0.15266047580777017,0.0333613037552289,0.12879523677369245,0.1765257148418479,10,7.703233791665684,1.1266906686444458,6.89724784093826,8.509219742393109,10
{},uncertainty_aware,112,4.596911688232453,1.25790912644883,3.6970577075215223,5.496765668943383,10,0.05965964270111092,0.06852024724045755,0.010643210637621116,0.10867607476460073,10,0.0203125,0.04298058549120366,-0.010433958654554789,0.05105895865455479,10,0.14533287095510086,0.10386593363798893,0.07103165803023885,0.21963408387996286,10,0.8452596954678595,0.19986358918951658,0.7022858966855223,0.9882334942501967,10,5.016724067128233,1.2644771375248411,4.11217161433547,5.921276519920996,10
{},always_ofdm,113,4.2385843121664,1.285914411927633,3.3186965570840323,5.158472067248767,10,0.01995701933506047,0.04213083484689021,-0.01018156432771665,0.050095602997837586,10,0.0203125,0.026608416196760003,0.0012779857162357328,0.03934701428376427,10,0.1085279263507608,0.0927278948746916,0.04219438637438937,0.17486146632713223,10,1.0,0.0,1.0,1.0,10,6.308265189510948,1.852637482966161,4.982968171778249,7.633562207243647,10
{},always_otfs,113,1.8612761055400528,0.6826665748714605,1.3729258567183473,2.3496263543617584,10,0.02598283182189697,0.041878846597974966,-0.003975490306790723,0.05594115395058466,10,0.0125,0.012325166214790868,0.0036831072307951847,0.021316892769204815,10,0.11749929297071263,0.08056911614232153,0.05986361932892628,0.17513496661249897,10,1.0,0.0,1.0,1.0,10,2.0345282182692435,0.8812415252313461,1.404126007351302,2.664930429187185,10
{},always_afdm,113,1.5369413461572516,0.8102271011448139,0.9573397939343957,2.1165428983801076,10,0.027261237856731336,0.04406870872882735,-0.004263617270423948,0.05878609298388662,10,0.021875,0.028716768233521296,0.001332261526483955,0.04241773847351604,10,0.12547379270733153,0.08779402806549025,0.06266972842614894,0.18827785698851413,10,1.0,0.0,1.0,1.0,10,1.5497150218175963,0.8805288122930512,0.9198226550220514,2.1796073886131415,10
{},linucb,113,7.287392417221601,1.1340412883263846,6.476148149941407,8.098636684501795,10,0.06124167610536431,0.043950156212383226,0.02980162833956962,0.092681723871159,10,0.0203125,0.02950878223794853,-0.0007968111612225437,0.041421811161222545,10,0.14468957676525296,0.10660942067957113,0.0684257914387056,0.22095336209180033,10,0.16678139032354494,0.03570410236381836,0.14124021412547286,0.19232256652161703,10,7.770537496124868,1.1244901108606424,6.966125729605114,8.574949262644623,10
{},uncertainty_aware,113,4.6412744584532515,1.2751626318676639,3.729078063488451,5.553470853418052,10,0.04436277022079929,0.03899258104396435,0.016469158088689356,0.07225638235290922,10,0.015625,0.028527216536727403,-0.004782141358172721,0.03603214135817272,10,0.14242816243574707,0.08602505152965759,0.08088954773600371,0.20396677713549044,10,0.7988023475134692,0.21220512389054544,0.6469999466522562,0.9506047483746822,10,5.081766357257912,1.3057653675212233,4.147678084001202,6.015854630514622,10
{},always_ofdm,114,4.29311195714618,1.2786721757359651,3.378404985738321,5.207818928554039,10,0.054527644979780555,0.047921134835276824,0.020246930232566865,0.08880835972699425,10,0.0296875,0.0289519627285152,0.008976513520239628,0.05039848647976037,10,0.15830150780069474,0.07286879807017915,0.10617430987012227,0.2104287057312672,10,1.0,0.0,1.0,1.0,10,6.401438220468305,1.8285549841040902,5.093368784610044,7.709507656326565,10
{},always_otfs,114,1.8701265138178595,0.6832083152552012,1.3813887272713923,2.358864300364327,10,0.00885040827780651,0.027987448380276825,-0.011170606202016696,0.028871422757629717,10,0.0109375,0.01811721576138134,-0.0020227754121849434,0.023897775412184942,10,0.07419140426976797,0.0810724302891829,0.016195681377142716,0.13218712716239323,10,1.0,0.0,1.0,1.0,10,2.0435911456956743,0.8713092470359579,1.4202940585770012,2.6668882328143475,10
{},always_afdm,114,1.5724754031179429,0.7983295183922655,1.0013848688816902,2.1435659373541958,10,0.035534056960691465,0.04636987020449768,0.002363050080121089,0.06870506384126185,10,0.01875,0.025301995419773165,0.0006500428411799174,0.036849957158820085,10,0.12339539694210336,0.08550217499030542,0.06223082558576485,0.18455996829844187,10,1.0,0.0,1.0,1.0,10,1.607981941916362,0.8508771347606646,0.999301107417749,2.216662776414975,10
{},linucb,114,7.335567545147453,1.1818271510471419,6.490139330961354,8.18099575933355,10,0.04817512792585207,0.08592247470980863,-0.013290107737418025,0.10964036358912216,10,0.01875,0.031075903937867286,-0.003480362491783611,0.040980362491783606,10,0.12871236455697743,0.11353922833193225,0.0474912934691427,0.20993343564481215,10,0.17093961310515615,0.03275157791097249,0.14751054566452682,0.1943686805457855,10,7.83412138383851,1.1436459816174214,7.016006332882673,8.652236434794347,10
{},uncertainty_aware,114,4.727441742927862,1.2764765222246528,3.814305447422478,5.6405780384332465,10,0.08616728447461022,0.08201067343599171,0.027500382867419043,0.1448341860818014,10,0.01875,0.025301995419773165,0.0006500428411799174,0.036849957158820085,10,0.1668874086385554,0.0642905334684399,0.1208967315322324,0.21287808574487838,10,0.7633621539702787,0.20520230299053388,0.6165692694012885,0.9101550385392689,10,5.183525289053131,1.3082680050763593,4.247646736738169,6.119403841368094,10
{},always_ofdm,115,4.319445228023855,1.2798603297951796,3.4038883024043587,5.235002153643351,10,0.02633327087767484,0.04243330570421691,-0.004021687401751149,0.05668822915710083,10,0.021875,0.01976423537605237,0.007736517732161878,0.03601348226783812,10,0.13840353206137973,0.08018831481505875,0.08104026727886034,0.19576679684389914,10,1.0,0.0,1.0,1.0,10,6.424525498956586,1.8286887059991446,5.116360404217217,7.732690593695955,10
{},always_otfs,115,1.8871860463565049,0.6826649413383042,1.3988369660940239,2.3755351266189857,10,0.0170595325386454,0.03599739267957102,-0.008691450912259844,0.04281051598955064,10,0.0296875,0.03330891032358225,0.005859740969079125,0.05351525903092087,10,0.13037237285832948,0.09327114260355719,0.06365021686745155,0.19709452884920742,10,1.0,0.0,1.0,1.0,10,2.058647264980906,0.8936912186725781,1.419339079882342,2.6979554500794705,10
{},always_afdm,115,1.5974624395610961,0.7976716775471687,1.0268424963164247,2.1680823828057676,10,0.02498703644315296,0.040269710515706575,-0.003820179076409018,0.05379425196271494,10,0.021875,0.024650332429581735,0.004241214461590367,0.03950878553840963,10,0.1405765705625277,0.08228423425520817,0.08171397533410221,0.1994391657909532,10,1.0,0.0,1.0,1.0,10,1.633242258905792,0.8335531284008895,1.0369542719960303,2.2295302458155537,10
{},linucb,115,7.412254956804444,1.1714137852891882,6.574276015727881,8.250233897881007,10,0.07668741165699036,0.07304735058358082,0.024432484952874423,0.1289423383611063,10,0.0265625,0.02556862022631995,0.008271810944508871,0.04485318905549113,10,0.1994893663090644,0.0672274039687196,0.1513977786083729,0.24758095400975588,10,0.1564710064738965,0.03760863630677343,0.1295674087670423,0.1833746041807507,10,7.918294496574477,1.1272924865060938,7.111878031283576,8.724710961865378,10
{},uncertainty_aware,115,4.735881488547291,1.267888817485537,3.8288884669336216,5.64287451016096,10,0.00843974561942807,0.026688819029821325,-0.010652285386227645,0.027531776625083784,10,0.0203125,0.026608416196760003,0.0012779857162357328,0.03934701428376427,10,0.12475416401412157,0.08210472212842351,0.06601998402530013,0.183488344002943,10,0.6271771345543561,0.13466465896105645,0.5308438407739997,0.7235104283347125,10,5.192963199494154,1.2976775977941957,4.264660568165717,6.121265830822591,10
{},always_ofdm,116,4.36184209097438,1.2469266410671231,3.4698445070261696,5.253839674922591,10,0.04239686295052504,0.056286505510165376,0.0021319225198774827,0.0826618033811726,10,0.03125,0.028527216536727403,0.01084285864182728,0.05165714135817272,10,0.14542805967380298,0.08576304550432123,0.08407687279369454,0.20677924655391144,10,1.0,0.0,1.0,1.0,10,6.464696362267477,1.7678105722966264,5.200080860895886,7.729311863639069,10
{},always_otfs,116,1.9051830258802098,0.6961739531841732,1.4071701807007082,2.4031958710597117,10,0.017996979523705083,0.03800153204338214,-0.009187678861665528,0.04518163790907569,10,0.0140625,0.01719538960335331,0.0017616592960811063,0.026363340703918894,10,0.10403999607648866,0.08580163998190662,0.04266120037030648,0.16541879178267083,10,1.0,0.0,1.0,1.0,10,2.0574300646944814,0.916700595453572,1.401661963013145,2.713198166375818,10
{},always_afdm,116,1.6233158617850296,0.8151756936770225,1.040174299719336,2.2064574238507233,10,0.02585342222393352,0.041630095859662306,-0.003926954346232511,0.05563379879409955,10,0.0125,0.014358384116760648,0.002228630763241979,0.022771369236758023,10,0.11843234587879728,0.08166580630456143,0.060012147355723154,0.1768525444018714,10,1.0,0.0,1.0,1.0,10,1.646417408421676,0.8479821726912319,1.0398075050320061,2.253027311811346,10
{},linucb,116,7.471723992584849,1.221439216890681,6.5979590135371105,8.345488971632587,10,0.059469035780406056,0.0799071143675356,0.0023069296799893627,0.11663114188082274,10,0.015625,0.02209708691207961,-0.00018230372478071286,0.031432303724780716,10,0.14840470446410772,0.10576742495145314,0.07274324659648225,0.2240661623317332,10,0.1452722638523126,0.027656973872413452,0.12548765659394254,0.16505687111068265,10,7.96144200467567,1.1821684864461568,7.115769613854629,8.807114395496711,10
{},uncertainty_aware,116,4.782581487578409,1.3070926174943938,3.847543756887419,5.7176192182694,10,0.0466999990311193,0.09846933285817192,-0.023740718257038544,0.11714071631927714,10,0.015625,0.01948779888944761,0.0016842684819217482,0.029565731518078252,10,0.13406048887328587,0.09466143153637856,0.06634378009299502,0.2017771976535767,10,0.5914948710611665,0.03485413456543564,0.5665617251975352,0.6164280169247978,10,5.221766492004527,1.321565515334425,4.2763754738940065,6.167157510115047,10
{},always_ofdm,117,4.393565997993843,1.2728232990760993,3.4830430608968928,5.3040889350907925,10,0.03172390701946301,0.051791131139426745,-0.005325236310073679,0.06877305034899969,10,0.01875,0.024206145913796356,0.001433966353204339,0.036066033646795656,10,0.12274106515793722,0.08517849618547892,0.061808039669953393,0.18367409064592105,10,1.0,0.0,1.0,1.0,10,6.507621805147451,1.7984680320675224,5.22107527820869,7.794168332086213,10
{},always_otfs,117,1.921232147581847,0.7016858113421561,1.4192763566042041,2.42318793855949,10,0.016049121701636748,0.03387647983323731,-0.008184652097644286,0.04028289550091778,10,0.0109375,0.014823176532039276,0.0003336382991214106,0.021541361700878586,10,0.10222339930498017,0.08250446528026717,0.04320326029186582,0.16124353831809451,10,1.0,0.0,1.0,1.0,10,2.0798378417214978,0.9192365007068306,1.4222556627043108,2.7374200207386847,10
{},always_afdm,117,1.6345182790142108,0.8150726502265644,1.0514504297924192,2.217586128236002,10,0.01120241722918123,0.03542515374372516,-0.01413921114709126,0.03654404560545372,10,0.015625,0.02329237476562281,-0.0010373611454568207,0.03228736114545682,10,0.09368644178271103,0.08764648752323626,0.030987921647343097,0.15638496191807896,10,1.0,0.0,1.0,1.0,10,1.6602882279264228,0.8313359238676724,1.0655863335914866,2.254990122261359,10
{},linucb,117,7.510133894246725,1.2698306123961347,6.6017517962337475,8.418515992259703,10,0.038409901661876675,0.0762850571110985,-0.016161140766262558,0.09298094409001591,10,0.0109375,0.016552342272990316,-0.0009033323552663612,0.02277833235526636,10,0.13185038645197433,0.08321015708983279,0.07232542592938782,0.19137534697456085,10,0.14319702729850875,0.028583687161091248,0.12274948928921188,0.16364456530780563,10,8.013476768849682,1.2252332140899946,7.136997727704114,8.88995580999525,10
{},uncertainty_aware,117,4.853010438209763,1.3444539980343646,3.891245985932246,5.81477489048728,10,0.07042895063135347,0.0815670773195225,0.01207937856954816,0.1287785226931588,10,0.01875,0.023058274605394433,0.0022551040208555265,0.03524489597914447,10,0.1652292507457706,0.10241611997176937,0.09196517203943502,0.2384933294521062,10,0.6075140660318394,0.16383050601707097,0.4903167821409634,0.7247113499227155,10,5.307180120472333,1.3494186127507382,4.341864196771887,6.2724960441727795,10
{},always_ofdm,118,4.447877089150859,1.276636897845861,3.5346260678372916,5.361128110464427,10,0.054311091157016024,0.04826928739287042,0.019781323073390256,0.08884085924064179,10,0.0171875,0.018706546870904138,0.003805642508704153,0.03056935749129585,10,0.13694261746904782,0.07798089051218042,0.08115844890603893,0.1927267860320567,10,1.0,0.0,1.0,1.0,10,6.589361733882036,1.8042103042936755,5.298707432850231,7.880016034913842,10
{},always_otfs,118,1.9574471217699205,0.7036164841030591,1.4541102106995623,2.460784032840279,10,0.03621497418807381,0.04747731448475845,0.002251749393621605,0.07017819898252602,10,0.0125,0.016137430609197572,0.0009559775688028922,0.02404402243119711,10,0.10435506493180102,0.08483406675618853,0.043668429414685704,0.16504170044891633,10,1.0,0.0,1.0,1.0,10,2.1289902179188367,0.9037650826156214,1.4824756246786293,2.775504811159044,10
{},always_afdm,118,1.6603871822963812,0.8171754413853094,1.0758150868973302,2.244959277695432,10,0.02586890328217036,0.041800421714902766,-0.0040333170648103045,0.05577112362915102,10,0.0078125,0.011048543456039806,-9.115186239035643e-05,0.015716151862390358,10,0.08802601011280971,0.08044737392987458,0.03047742560344758,0.14557459462217184,10,1.0,0.0,1.0,1.0,10,1.693111549304771,0.8564016520666557,1.0804787131990654,2.3057443854104767,10
{},linucb,118,7.600348990516703,1.282222855157028,6.683102016064035,8.51759596496937,10,0.0902150962699775,0.09927969579011696,0.01919468026209581,0.16123551227785918,10,0.0171875,0.0214112549907234,0.0018708108765087064,0.032504189123491296,10,0.15319288533465683,0.1131537152230121,0.07224759371163716,0.2341381769576765,10,0.1536132906801912,0.047438271665714134,0.1196779954359716,0.1875485859244108,10,8.111466965449875,1.2444846451408424,7.221216280151925,9.001717650747825,10
{},uncertainty_aware,118,4.912330114668402,1.3502288302113943,3.9464345963121232,5.87822563302468,10,0.059319676458638414,0.07445557107328671,0.00605736950205709,0.11258198341521974,10,0.0140625,0.018706546870904138,0.0006806425087041521,0.027444357491295847,10,0.12722191643533387,0.0921840743737505,0.061277402209928694,0.19316643066073905,10,0.5905130619181596,0.16631950699272516,0.4715352539903376,0.7094908698459815,10,5.379199348173205,1.3615327512174258,4.4052174918605145,6.353181204485895,10
{},always_ofdm,119,4.465831618503314,1.289192215800035,3.543599063784349,5.388064173222279,10,0.01795452935245533,0.038463137580922624,-0.009560341742037324,0.045469400446947986,10,0.0234375,0.023581732130566187,0.006568145065232348,0.040306854934767655,10,0.12565312926217512,0.08699581133104971,0.06342007483445003,0.1878861836899002,10,1.0,0.0,1.0,1.0,10,6.620866740654205,1.8370191168838248,5.30674242895876,7.93499105234965,10
{},always_otfs,119,1.9653770385555043,0.7116089087390142,1.456322691326224,2.4744313857847846,10,0.00792991678558366,0.025076598698045453,-0.010008801271761372,0.02586863484292869,10,0.009375,0.01092509216843908,0.0015596598687479743,0.017190340131252025,10,0.10253974240711325,0.08156463219569599,0.04419191948152323,0.16088756533270326,10,1.0,0.0,1.0,1.0,10,2.1373818378359424,0.9273096334640457,1.474024487547921,2.8007391881239636,10
{},always_afdm,119,1.670264211886907,0.8371178319533056,1.0714261896731232,2.269102234100691,10,0.00987702959052584,0.031233910022941902,-0.012466363645404077,0.03222042282645576,10,0.0140625,0.01719538960335331,0.0017616592960811063,0.026363340703918894,10,0.10534621784123532,0.08600007124759806,0.04382547295877677,0.1668669627236939,10,1.0,0.0,1.0,1.0,10,1.7043096446559989,0.8737424358722556,1.0792719590997066,2.329347330212291,10
{},linucb,119,7.66818660536525,1.3203870324332556,6.7236386231366705,8.61273458759383,10,0.06783761484854568,0.07021998435311963,0.017605264103148374,0.11806996559394299,10,0.0125,0.012325166214790868,0.0036831072307951847,0.021316892769204815,10,0.16212527166590238,0.08244059274527232,0.10315082431179957,0.2210997190200052,10,0.1405273533092028,0.0350605941520782,0.11544651515445925,0.16560819146394634,10,8.17944411462577,1.2585929018722113,7.279100990443579,9.079787238807961,10
{},uncertainty_aware,119,4.938101047832557,1.3701732877230577,3.957938124059119,5.918263971605995,10,0.025770933164155067,0.0421755636272598,-0.004399647540555874,0.055941513868866005,10,0.015625,0.02209708691207961,-0.00018230372478071286,0.031432303724780716,10,0.12130692911985538,0.10138121028922539,0.048783180202001855,0.19383067803770893,10,0.6421086051764521,0.20656199902578962,0.4943430526585967,0.7898741576943075,10,5.406358154803053,1.3761785783261287,4.421899304924241,6.390817004681865,10
