engine,family,n,modulation,seed,episode,waveform,method,work,p95_frame,reference_diff,conservative_diff,ber,reference_ber,unmet,coverage,iterations,checks,check_s,hits,rebuilds,violations,unknown,reference_unknown,cpu_s,elapsed_s,cpu_repeat_min,cpu_repeat_max,elapsed_min,elapsed_max,cpu_repeat_span,wall_repeat_span
synthetic,abrupt,128,16qam,1181300,synthetic:abrupt:128:16qam:1181300,afdm,gray,39673984.067961454,714608.0,0.0,0.0,0.0,0.0,0.0,0.943203125,12.87,2.45,0.04676569966250099,0.0,0,0,0,0,0.125,0.12619255000000001,0.125,0.125,0.1229013,0.1294838,0.0,0.05216235031307319
synthetic,abrupt,128,16qam,1181300,synthetic:abrupt:128:16qam:1181300,afdm,merged_absolute,43380664.067961454,782488.0,0.0,0.0,0.0,0.0,0.0,0.99822265625,9.82,1.92,0.06340929990983568,0.61,39,0,0,0,0.171875,0.17832925000000002,0.140625,0.203125,0.15086000000000002,0.20579850000000002,0.36363636363636365,0.30807340915749937
synthetic,abrupt,128,16qam,1181300,synthetic:abrupt:128:16qam:1181300,afdm,phase_absolute,44047176.067961454,802968.0,0.0,0.0,0.0,0.0,0.0,0.99958984375,9.4,1.85,0.03987889987183735,0.61,39,0,0,0,0.1328125,0.1472138,0.125,0.140625,0.14186120000000002,0.15256640000000002,0.11764705882352941,0.0727187260976892
synthetic,abrupt,128,16qam,1181300,synthetic:abrupt:128:16qam:1181300,afdm,phase_relative,41932128.067961454,672247.9999999997,0.0,0.0,0.0,0.0,0.0,0.999296875,9.99,1.95,0.0419734999013599,0.88,12,0,0,0,0.1328125,0.1388955,0.125,0.140625,0.13134,0.146451,0.11764705882352941,0.10879402140458104
synthetic,abrupt,128,16qam,1181300,synthetic:abrupt:128:16qam:1181300,afdm,r6_deep,37942512.067961454,698576.0,0.0,0.0,0.0,0.0,0.0,0.99822265625,9.82,1.92,0.04483960015932098,0.61,39,0,0,0,0.15625,0.1479588,0.15625,0.15625,0.1428848,0.1530328,0.0,0.06858666061092676
synthetic,abrupt,128,16qam,1181300,synthetic:abrupt:128:16qam:1181300,afdm,radau,39043896.067961454,719240.3999999999,0.0,0.0,0.0,0.0,0.0,0.99890625,13.77,2.54,0.03626550003536977,0.0,0,0,0,0,0.1171875,0.11485130000000002,0.109375,0.125,0.110575,0.11912760000000001,0.13333333333333333,0.07446672349376983
synthetic,abrupt,128,16qam,1181300,synthetic:abrupt:128:16qam:1181300,afdm,relative_radau,40868552.067961454,698324.4,0.0,0.0,0.0,0.0,0.0,0.99880859375,10.37,2.36,0.05110730029991828,0.88,12,0,0,0,0.15625,0.15983920000000001,0.125,0.1875,0.13129960000000002,0.1883788,0.4,0.35710388940885585
synthetic,abrupt,128,16qam,1181300,synthetic:abrupt:128:16qam:1181300,afdm,residual,21238000.067961454,336112.0,0.0,0.0,0.0,0.0,,0.0,7.5,1.0,0.012886099895695224,0.0,0,0,0,0,0.0859375,0.08831030000000001,0.078125,0.09375,0.0798901,0.09673050000000001,0.18181818181818182,0.19069576255544374
synthetic,abrupt,128,16qam,1181300,synthetic:abrupt:128:16qam:1181300,afdm,stable,28778272.067961454,389687.1999999999,0.0,0.0,0.0,0.0,,0.0,10.44,5.22,0.04496270016534254,0.0,0,0,0,0,0.1328125,0.13501905000000003,0.125,0.140625,0.1275804,0.14245770000000002,0.11764705882352941,0.11018667365827271
synthetic,abrupt,128,16qam,1181300,synthetic:abrupt:128:16qam:1181300,ofdm,gray,39632064.067961454,736128.0,0.0,0.0,0.000625,0.000625,0.0,0.98001953125,13.33,2.47,0.050631700112717226,0.0,0,0,0,0,0.1328125,0.14769145,0.109375,0.15625,0.1352217,0.1601612,0.35294117647058826,0.16886217854858898
synthetic,abrupt,128,16qam,1181300,synthetic:abrupt:128:16qam:1181300,ofdm,merged_absolute,43052480.067961454,770944.8,1.953125e-05,1.953125e-05,0.00060546875,0.000625,0.0,0.994140625,9.95,1.94,0.0529897001106292,0.61,39,0,0,0,0.140625,0.15160665,0.125,0.15625,0.1413749,0.16183840000000002,0.2222222222222222,0.13497758838415083
synthetic,abrupt,128,16qam,1181300,synthetic:abrupt:128:16qam:1181300,ofdm,phase_absolute,43625152.067961454,791424.8,1.953125e-05,1.953125e-05,0.00060546875,0.000625,0.0,0.99203125,9.4,1.85,0.05464089979068376,0.61,39,0,0,0,0.15625,0.17420155,0.140625,0.171875,0.1720962,0.17630690000000002,0.2,0.024171426718074616
synthetic,abrupt,128,16qam,1181300,synthetic:abrupt:128:16qam:1181300,ofdm,phase_relative,41973152.067961454,789515.2,1.953125e-05,1.953125e-05,0.00060546875,0.000625,0.0,0.99091796875,10.16,1.97,0.04973979981150478,0.88,12,0,0,0,0.140625,0.1426879,0.140625,0.140625,0.1419813,0.1433945,0.0,0.009904133426870836
synthetic,abrupt,128,16qam,1181300,synthetic:abrupt:128:16qam:1181300,ofdm,r6_deep,37614328.067961454,687032.8,1.953125e-05,1.953125e-05,0.00060546875,0.000625,0.0,0.994140625,9.95,1.94,0.049696199857862666,0.61,39,0,0,0,0.140625,0.1584174,0.125,0.15625,0.15797080000000002,0.158864,0.2222222222222222,0.005638269533523355
synthetic,abrupt,128,16qam,1181300,synthetic:abrupt:128:16qam:1181300,ofdm,radau,38884160.067961454,768568.0,0.0,0.0,0.000625,0.000625,0.0,0.9973828125,14.15,2.53,0.03321010008221492,0.0,0,0,0,0,0.1171875,0.11546100000000001,0.109375,0.125,0.10877260000000001,0.1221494,0.13333333333333333,0.11585557027914181
synthetic,abrupt,128,16qam,1181300,synthetic:abrupt:128:16qam:1181300,ofdm,relative_radau,41079840.067961454,719464.0,0.0,0.0,0.000625,0.000625,0.0,0.99744140625,10.77,2.43,0.03718159976415336,0.88,12,0,0,0,0.109375,0.12928055,0.09375,0.125,0.1223535,0.1362076,0.2857142857142857,0.10716306513238077
synthetic,abrupt,128,16qam,1181300,synthetic:abrupt:128:16qam:1181300,ofdm,residual,20898752.067961454,331504.0,0.000234375,0.000234375,0.0007421875,0.000625,,0.0,7.6,1.0,0.009367499966174364,0.0,0,0,0,0,0.078125,0.07516195,0.078125,0.078125,0.0746263,0.0756976,0.0,0.014253222541458773
synthetic,abrupt,128,16qam,1181300,synthetic:abrupt:128:16qam:1181300,ofdm,stable,31892176.067961454,537136.0,1.953125e-05,1.953125e-05,0.00060546875,0.000625,,0.0,12.58,6.29,0.06709620071342215,0.0,0,0,0,0,0.1484375,0.14645685000000003,0.125,0.171875,0.12266070000000001,0.17025300000000002,0.3157894736842105,0.32495782887587704
synthetic,abrupt,128,16qam,1181300,synthetic:abrupt:128:16qam:1181300,otfs,gray,39997424.067961454,720752.0,0.0,0.0,0.0,0.0,0.0,0.94751953125,12.85,2.45,0.05510089997551404,0.0,0,0,0,0,0.1640625,0.16741915000000002,0.140625,0.1875,0.1409561,0.1938822,0.2857142857142857,0.31612930778826676
synthetic,abrupt,128,16qam,1181300,synthetic:abrupt:128:16qam:1181300,otfs,merged_absolute,43720872.067961454,787608.0,0.0,0.0,0.0,0.0,0.0,0.99904296875,9.82,1.92,0.048428199806949124,0.61,39,0,0,0,0.171875,0.17081915,0.15625,0.1875,0.1546846,0.1869537,0.18181818181818182,0.1889079766525006
synthetic,abrupt,128,16qam,1181300,synthetic:abrupt:128:16qam:1181300,otfs,phase_absolute,44428656.067961454,808088.0,0.0,0.0,0.0,0.0,0.0,0.999609375,9.4,1.85,0.051564899971708655,0.61,39,0,0,0,0.1640625,0.1623658,0.140625,0.1875,0.14873640000000002,0.17599520000000002,0.2857142857142857,0.1678851088098602
synthetic,abrupt,128,16qam,1181300,synthetic:abrupt:128:16qam:1181300,otfs,phase_relative,41993952.067961454,677367.9999999997,0.0,0.0,0.0,0.0,0.0,0.99810546875,9.83,1.92,0.0460865999921225,0.88,12,0,0,0,0.1484375,0.145733,0.140625,0.15625,0.136692,0.15477400000000002,0.10526315789473684,0.12407622158330656
synthetic,abrupt,128,16qam,1181300,synthetic:abrupt:128:16qam:1181300,otfs,r6_deep,38282720.067961454,703696.0,0.0,0.0,0.0,0.0,0.0,0.99904296875,9.82,1.92,0.04927679998218082,0.61,39,0,0,0,0.1484375,0.15130205000000002,0.140625,0.15625,0.1467737,0.1558304,0.10526315789473684,0.059858409056585814
synthetic,abrupt,128,16qam,1181300,synthetic:abrupt:128:16qam:1181300,otfs,radau,39162968.067961454,709248.0,0.0,0.0,0.0,0.0,0.0,0.99859375,13.64,2.51,0.03844410038436763,0.0,0,0,0,0,0.1171875,0.12674035,0.109375,0.125,0.11666480000000001,0.13681590000000002,0.13333333333333333,0.15899514243096224
synthetic,abrupt,128,16qam,1181300,synthetic:abrupt:128:16qam:1181300,otfs,relative_radau,41126752.067961454,695743.2,0.0,0.0,0.0,0.0,0.0,0.99869140625,10.29,2.35,0.04500629985705018,0.88,12,0,0,0,0.140625,0.1509408,0.140625,0.140625,0.1487979,0.15308370000000002,0.0,0.028393913375310095
synthetic,abrupt,128,16qam,1181300,synthetic:abrupt:128:16qam:1181300,otfs,residual,21494624.067961454,324097.99999999994,0.0,0.0,0.0,0.0,,0.0,7.48,1.0,0.014381299988599494,0.0,0,0,0,0,0.0859375,0.08906720000000001,0.078125,0.09375,0.0819397,0.09619470000000001,0.18181818181818182,0.1600476943251837
synthetic,abrupt,128,16qam,1181300,synthetic:abrupt:128:16qam:1181300,otfs,stable,29252672.067961454,434188.064563383,0.0,0.0,0.0,0.0,,0.0,10.32,5.16,0.06392990000313148,0.0,0,0,0,0,0.140625,0.13970480000000002,0.125,0.15625,0.12195280000000001,0.1574568,0.2222222222222222,0.2541358636210065
synthetic,abrupt,128,16qam,1181301,synthetic:abrupt:128:16qam:1181301,afdm,gray,75831480.06796145,1218296.0,1.953125e-05,1.953125e-05,0.0015625,0.00154296875,0.0,0.98021484375,32.15,4.4,0.08319950019358657,0.0,0,0,0,0,0.21875,0.21751845000000003,0.203125,0.23437500000000003,0.20585240000000002,0.2291845,0.142857142857143,0.10726492396392118
synthetic,abrupt,128,16qam,1181301,synthetic:abrupt:128:16qam:1181301,afdm,merged_absolute,75272152.06796145,1275768.0,0.00013671875,0.00013671875,0.0015625,0.00154296875,0.0,0.987890625,25.26,3.32,0.07784820010419935,0.36,55,0,0,0,0.2265625,0.2186787,0.21875,0.23437500000000003,0.21267970000000003,0.2246777,0.06896551724137943,0.05486588314271111
synthetic,abrupt,128,16qam,1181301,synthetic:abrupt:128:16qam:1181301,afdm,phase_absolute,75347824.06796145,1296248.0,0.00013671875,0.00013671875,0.0015625,0.00154296875,0.0,0.99279296875,24.86,3.22,0.0681519998179283,0.38,53,0,0,0,0.21875,0.22114465,0.1875,0.25,0.1985278,0.24376150000000002,0.2857142857142857,0.20454349675653477
synthetic,abrupt,128,16qam,1181301,synthetic:abrupt:128:16qam:1181301,afdm,phase_relative,73637880.06796145,1260172.4,0.0001171875,0.0001171875,0.00154296875,0.00154296875,0.0,0.9968359375,26.49,3.3,0.07173130020964891,0.88,12,0,0,0,0.1875,0.2045729,0.1875,0.1875,0.189062,0.22008380000000002,0.0,0.1516417863754193
synthetic,abrupt,128,16qam,1181301,synthetic:abrupt:128:16qam:1181301,afdm,r6_deep,69371664.06796145,1204455.2,0.00013671875,0.00013671875,0.0015625,0.00154296875,0.0,0.987890625,25.26,3.32,0.09447660014848225,0.36,55,0,0,0,0.234375,0.23738035000000002,0.21875,0.25,0.2185777,0.256183,0.13333333333333333,0.15841791454094653
synthetic,abrupt,128,16qam,1181301,synthetic:abrupt:128:16qam:1181301,afdm,radau,77146992.06796145,1205564.8,1.953125e-05,1.953125e-05,0.0015625,0.00154296875,0.0,0.99501953125,34.69,4.61,0.06864049992873333,0.0,0,0,0,0,0.1875,0.19732205000000003,0.171875,0.203125,0.1938696,0.20077450000000002,0.16666666666666666,0.03499304816669003
synthetic,abrupt,128,16qam,1181301,synthetic:abrupt:128:16qam:1181301,afdm,relative_radau,83308320.06796145,1281029.2,1.953125e-05,1.953125e-05,0.0015625,0.00154296875,0.0,0.9956640625,33.93,4.55,0.06264429981820285,0.88,12,0,0,0,0.21875,0.21983955,0.203125,0.23437500000000003,0.1961054,0.2435737,0.142857142857143,0.2159224761877469
synthetic,abrupt,128,16qam,1181301,synthetic:abrupt:128:16qam:1181301,afdm,residual,27868032.067961454,399632.0,0.00181640625,0.00181640625,0.0025390625,0.00154296875,,0.0,12.16,1.0,0.010398999962490052,0.0,0,0,0,0,0.0703125,0.0892857,0.046875,0.09375,0.0887793,0.0897921,0.6666666666666666,0.011343361814937827
synthetic,abrupt,128,16qam,1181301,synthetic:abrupt:128:16qam:1181301,afdm,stable,43895984.067961454,690042.3999999999,0.000703125,0.000703125,0.00154296875,0.00154296875,,0.0,18.14,9.07,0.09532350025256164,0.0,0,0,0,0,0.1953125,0.20939230000000003,0.1875,0.203125,0.19961210000000001,0.21917250000000002,0.08,0.09341508737427309
synthetic,abrupt,128,16qam,1181301,synthetic:abrupt:128:16qam:1181301,ofdm,gray,75456064.06796145,1209662.8,3.90625e-05,3.90625e-05,0.00734375,0.0073828125,0.0,0.98765625,32.29,4.47,0.0826266998774372,0.0,0,0,0,0,0.203125,0.21053865,0.171875,0.23437500000000003,0.19839590000000001,0.2226814,0.3076923076923078,0.11534936696896265
synthetic,abrupt,128,16qam,1181301,synthetic:abrupt:128:16qam:1181301,ofdm,merged_absolute,77111792.06796145,1274882.4,0.000234375,0.000234375,0.007421875,0.0073828125,0.0,0.9643359375,26.03,3.39,0.10389439997379668,0.36,55,0,0,0,0.2421875,0.25291295,0.23437500000000003,0.25,0.2486334,0.2571925,0.06451612903225795,0.033842078865475196
synthetic,abrupt,128,16qam,1181301,synthetic:abrupt:128:16qam:1181301,ofdm,phase_absolute,77066976.06796145,1295362.4,0.000234375,0.000234375,0.007421875,0.0073828125,0.0,0.9892578125,25.87,3.35,0.0866740001947619,0.38,53,0,0,0,0.2265625,0.23677395,0.203125,0.25,0.22683560000000003,0.24671230000000002,0.20689655172413793,0.08394800188111909
synthetic,abrupt,128,16qam,1181301,synthetic:abrupt:128:16qam:1181301,ofdm,phase_relative,75887776.06796145,1267693.5999999999,0.00013671875,0.00013671875,0.00740234375,0.0073828125,0.0,0.9905859375,27.86,3.45,0.09324259962886572,0.88,12,0,0,0,0.25,0.26052995,0.21875,0.28125,0.22920690000000002,0.29185300000000003,0.25,0.24045642353211216
synthetic,abrupt,128,16qam,1181301,synthetic:abrupt:128:16qam:1181301,ofdm,r6_deep,71211304.06796145,1191997.2,0.000234375,0.000234375,0.007421875,0.0073828125,0.0,0.9643359375,26.03,3.39,0.09665320016210899,0.36,55,0,0,0,0.2421875,0.27385550000000003,0.21875,0.265625,0.242066,0.305645,0.1935483870967742,0.2321625820916505
synthetic,abrupt,128,16qam,1181301,synthetic:abrupt:128:16qam:1181301,ofdm,radau,76146552.06796145,1206668.7999999998,1.953125e-05,1.953125e-05,0.00736328125,0.0073828125,0.0,0.99396484375,34.65,4.62,0.07110959978308529,0.0,0,0,0,0,0.171875,0.18383575000000002,0.171875,0.171875,0.16619140000000002,0.20148010000000002,0.0,0.19195776664767328
synthetic,abrupt,128,16qam,1181301,synthetic:abrupt:128:16qam:1181301,ofdm,relative_radau,82258576.06796145,1312693.6,3.90625e-05,3.90625e-05,0.00734375,0.0073828125,0.0,0.99515625,33.81,4.57,0.07278940032119863,0.88,12,0,0,0,0.21875,0.22073745,0.21875,0.21875,0.21137070000000002,0.2301042,0.0,0.08486779203075866
synthetic,abrupt,128,16qam,1181301,synthetic:abrupt:128:16qam:1181301,ofdm,residual,27602040.067961454,395024.0,0.0028125,0.0028125,0.00859375,0.0073828125,,0.0,12.31,1.0,0.014805099897785112,0.0,0,0,0,0,0.125,0.1192349,0.125,0.125,0.1138257,0.12464410000000001,0.0,0.09073182432324768
synthetic,abrupt,128,16qam,1181301,synthetic:abrupt:128:16qam:1181301,ofdm,stable,47892480.067961454,847266.3999999998,0.00111328125,0.00111328125,0.00783203125,0.0073828125,,0.0,21.12,10.56,0.07944020023569465,0.0,0,0,0,0,0.1796875,0.17685,0.171875,0.1875,0.17194800000000002,0.18175200000000002,0.08695652173913043,0.05543681085665823
synthetic,abrupt,128,16qam,1181301,synthetic:abrupt:128:16qam:1181301,otfs,gray,76534312.06796145,1243596.4,5.859375e-05,5.859375e-05,0.00279296875,0.0028125,0.0,0.9815625,32.43,4.34,0.1173809997853823,0.0,0,0,0,0,0.25,0.2535683,0.21875,0.28125,0.22718780000000002,0.2799488,0.25,0.2080741165200854
synthetic,abrupt,128,16qam,1181301,synthetic:abrupt:128:16qam:1181301,otfs,merged_absolute,77518552.06796145,1358570.4,0.00029296875,0.00029296875,0.00271484375,0.0028125,0.0,0.98478515625,26.12,3.36,0.11090770023292862,0.36,55,0,0,0,0.2578125,0.26815835,0.25,0.265625,0.24867630000000002,0.2876404,0.06060606060606061,0.1453025796138737
synthetic,abrupt,128,16qam,1181301,synthetic:abrupt:128:16qam:1181301,otfs,phase_absolute,77551416.06796145,1376498.4,0.00029296875,0.00029296875,0.00271484375,0.0028125,0.0,0.9933203125,25.76,3.27,0.08701560026383959,0.38,53,0,0,0,0.21875,0.22457855000000002,0.21875,0.21875,0.21596600000000002,0.2331911,0.0,0.07669966699847333
synthetic,abrupt,128,16qam,1181301,synthetic:abrupt:128:16qam:1181301,otfs,phase_relative,75507968.06796145,1379815.2,0.00017578125,0.00017578125,0.00279296875,0.0028125,0.0,0.996328125,27.09,3.36,0.0810537000943441,0.88,12,0,0,0,0.1953125,0.21477775000000002,0.1875,0.203125,0.2002568,0.22929870000000002,0.08,0.13521838272353634
synthetic,abrupt,128,16qam,1181301,synthetic:abrupt:128:16qam:1181301,otfs,r6_deep,71618064.06796145,1275364.4,0.00029296875,0.00029296875,0.00271484375,0.0028125,0.0,0.98478515625,26.12,3.36,0.09104930004104972,0.36,55,0,0,0,0.21875,0.2361019,0.21875,0.21875,0.2353935,0.2368103,0.0,0.006000798807633466
synthetic,abrupt,128,16qam,1181301,synthetic:abrupt:128:16qam:1181301,otfs,radau,78348432.06796145,1255314.4033980728,3.90625e-05,3.90625e-05,0.0028125,0.0028125,0.0,0.99517578125,35.0,4.62,0.07769850047770888,0.0,0,0,0,0,0.2265625,0.23644890000000002,0.1875,0.265625,0.2060587,0.2668391,0.3448275862068966,0.25705511846322815
synthetic,abrupt,128,16qam,1181301,synthetic:abrupt:128:16qam:1181301,otfs,relative_radau,84353632.06796145,1321471.5999999996,3.90625e-05,3.90625e-05,0.0028125,0.0028125,0.0,0.99564453125,34.17,4.55,0.07073220028541982,0.88,12,0,0,0,0.203125,0.2097564,0.1875,0.21875,0.2012904,0.2182224,0.15384615384615385,0.08072220919123327
synthetic,abrupt,128,16qam,1181301,synthetic:abrupt:128:16qam:1181301,otfs,residual,28085208.067961454,386824.0,0.00373046875,0.00373046875,0.00525390625,0.0028125,,0.0,12.11,1.0,0.013031800073804334,0.0,0,0,0,0,0.09375,0.0925982,0.09375,0.09375,0.089614,0.09558240000000001,0.0,0.06445481661630585
synthetic,abrupt,128,16qam,1181301,synthetic:abrupt:128:16qam:1181301,otfs,stable,48847376.067961454,832511.2,0.00091796875,0.00091796875,0.00283203125,0.0028125,,0.0,20.02,10.01,0.11512969993054867,0.0,0,0,0,0,0.2109375,0.21075285,0.1875,0.23437500000000003,0.1884192,0.2330865,0.22222222222222235,0.21194161787135973
synthetic,abrupt,128,qpsk,1181200,synthetic:abrupt:128:qpsk:1181200,afdm,gray,36317560.067961454,731728.0,0.0,0.0,0.0,0.0,0.0,0.8529296875,15.07,2.92,0.040245499985758215,0.0,0,0,0,0,0.125,0.1253355,0.125,0.125,0.1243361,0.1263349,0.0,0.015947596650589778
synthetic,abrupt,128,qpsk,1181200,synthetic:abrupt:128:qpsk:1181200,afdm,merged_absolute,33508728.067961454,692620.0,0.0,0.0,0.0,0.0,0.0,0.9998046875,8.52,1.67,0.034657299896935,0.7,30,0,0,0,0.125,0.1338181,0.125,0.125,0.12634410000000001,0.1412921,0.0,0.11170387264503075
synthetic,abrupt,128,qpsk,1181200,synthetic:abrupt:128:qpsk:1181200,afdm,phase_absolute,35277156.067961454,713100.0,0.0,0.0,0.0,0.0,0.0,0.9999609375,8.52,1.67,0.03051939990837127,0.7,30,0,0,0,0.1328125,0.12541925,0.125,0.140625,0.12302320000000001,0.12781530000000002,0.11764705882352941,0.03820864819395752
synthetic,abrupt,128,qpsk,1181200,synthetic:abrupt:128:qpsk:1181200,afdm,phase_relative,33032968.067961454,583917.7999999996,0.0,0.0,0.0,0.0,0.0,1.0,8.76,1.69,0.03245559989591129,0.9,10,0,0,0,0.125,0.11624100000000001,0.125,0.125,0.11094240000000001,0.12153960000000001,0.0,0.09116576767233592
synthetic,abrupt,128,qpsk,1181200,synthetic:abrupt:128:qpsk:1181200,afdm,r6_deep,28347056.067961454,608708.0,0.0,0.0,0.0,0.0,0.0,0.9998046875,8.52,1.67,0.03480769999441691,0.7,30,0,0,0,0.140625,0.14108575,0.140625,0.140625,0.140068,0.14210350000000002,0.0,0.014427396104851293
synthetic,abrupt,128,qpsk,1181200,synthetic:abrupt:128:qpsk:1181200,afdm,radau,36886672.067961454,749664.0,0.0,0.0,0.0,0.0,0.0,0.9999609375,15.66,3.0,0.034053299692459404,0.0,0,0,0,0,0.1171875,0.11255430000000001,0.109375,0.125,0.1108824,0.11422620000000001,0.13333333333333333,0.02970832744728551
synthetic,abrupt,128,qpsk,1181200,synthetic:abrupt:128:qpsk:1181200,afdm,relative_radau,33509312.067961454,647834.7999999999,0.0,0.0,0.0,0.0,0.0,0.9998046875,9.68,2.16,0.027068199909990653,0.9,10,0,0,0,0.125,0.11660790000000001,0.125,0.125,0.11611250000000001,0.11710330000000001,0.0,0.008496851414012256
synthetic,abrupt,128,qpsk,1181200,synthetic:abrupt:128:qpsk:1181200,afdm,residual,21050632.067961454,352512.0,0.0,0.0,0.0,0.0,,0.0,8.41,1.0,0.009722800023155287,0.0,0,0,0,0,0.078125,0.0766154,0.078125,0.078125,0.07620890000000001,0.0770219,0.0,0.010611443652320477
synthetic,abrupt,128,qpsk,1181200,synthetic:abrupt:128:qpsk:1181200,afdm,stable,22405664.067961454,278224.0,0.0,0.0,0.0,0.0,,0.0,8.44,4.22,0.03260219981893897,0.0,0,0,0,0,0.1171875,0.11642940000000002,0.109375,0.125,0.1012464,0.13161240000000002,0.13333333333333333,0.2608104138645395
synthetic,abrupt,128,qpsk,1181200,synthetic:abrupt:128:qpsk:1181200,ofdm,gray,35972720.067961454,736344.0,0.0,0.0,0.0,0.0,0.0,0.935625,15.33,2.93,0.0410426001471933,0.0,0,0,0,0,0.125,0.12703975,0.125,0.125,0.1256056,0.1284739,0.0,0.022577972642420896
synthetic,abrupt,128,qpsk,1181200,synthetic:abrupt:128:qpsk:1181200,ofdm,merged_absolute,34254688.067961454,681994.2,0.0,0.0,0.0,0.0,0.0,0.9962109375,9.16,1.79,0.037218299839878455,0.7,30,0,0,0,0.1328125,0.13441445000000002,0.125,0.140625,0.13323780000000002,0.13559110000000002,0.11764705882352941,0.017507790271060905
synthetic,abrupt,128,qpsk,1181200,synthetic:abrupt:128:qpsk:1181200,ofdm,phase_absolute,35951772.067961454,702474.2,0.0,0.0,0.0,0.0,0.0,0.9955078125,9.12,1.78,0.04615190008189529,0.7,30,0,0,0,0.1484375,0.1538214,0.125,0.171875,0.1433039,0.1643389,0.3157894736842105,0.13674950299503189
synthetic,abrupt,128,qpsk,1181200,synthetic:abrupt:128:qpsk:1181200,ofdm,phase_relative,33473236.067961454,702256.4,0.0,0.0,0.0,0.0,0.0,0.9945703125,9.23,1.79,0.05810880000353791,0.9,10,0,0,0,0.1953125,0.1973144,0.1875,0.203125,0.19520710000000002,0.1994217,0.08,0.021359819658372553
synthetic,abrupt,128,qpsk,1181200,synthetic:abrupt:128:qpsk:1181200,ofdm,r6_deep,29093016.067961454,598082.2,0.0,0.0,0.0,0.0,0.0,0.9962109375,9.16,1.79,0.037541900033829734,0.7,30,0,0,0,0.1328125,0.1424955,0.109375,0.15625,0.1408498,0.1441412,0.35294117647058826,0.023098273278805294
synthetic,abrupt,128,qpsk,1181200,synthetic:abrupt:128:qpsk:1181200,ofdm,radau,36220024.067961454,754280.0,0.0,0.0,0.0,0.0,0.0,0.99953125,15.78,2.97,0.0389158001053147,0.0,0,0,0,0,0.125,0.1315938,0.125,0.125,0.1308437,0.13234390000000001,0.0,0.01140023314168302
synthetic,abrupt,128,qpsk,1181200,synthetic:abrupt:128:qpsk:1181200,ofdm,relative_radau,33073120.067961454,647117.2,0.0,0.0,0.0,0.0,0.0,0.9993359375,9.87,2.13,0.03459660036605783,0.9,10,0,0,0,0.125,0.14019885,0.109375,0.140625,0.1334594,0.14693830000000002,0.25,0.09614130215761409
synthetic,abrupt,128,qpsk,1181200,synthetic:abrupt:128:qpsk:1181200,ofdm,residual,20752880.067961454,332024.0,0.0,0.0,0.0,0.0,,0.0,8.54,1.0,0.011478899890789762,0.0,0,0,0,0,0.0859375,0.08954045000000001,0.078125,0.09375,0.08707720000000001,0.09200370000000001,0.18181818181818182,0.055019826234958616
synthetic,abrupt,128,qpsk,1181200,synthetic:abrupt:128:qpsk:1181200,ofdm,stable,20584000.067961454,228672.0,0.0,0.0,0.0,0.0,,0.0,8.0,4.0,0.03425949966185726,0.0,0,0,0,0,0.109375,0.1100776,0.109375,0.109375,0.1093393,0.11081590000000001,0.0,0.013414173274126693
synthetic,abrupt,128,qpsk,1181200,synthetic:abrupt:128:qpsk:1181200,otfs,gray,36886864.067961454,724296.3999999999,0.0,0.0,0.0,0.0,0.0,0.8647265625,15.08,2.94,0.04689249992952682,0.0,0,0,0,0,0.1171875,0.13076425,0.109375,0.125,0.1263774,0.1351511,0.13333333333333333,0.06709555555130699
synthetic,abrupt,128,qpsk,1181200,synthetic:abrupt:128:qpsk:1181200,otfs,merged_absolute,34497836.067961454,696208.8,0.0,0.0,0.0,0.0,0.0,0.99984375,8.84,1.71,0.034685600199736655,0.7,30,0,0,0,0.15625,0.16368125,0.109375,0.203125,0.12830650000000002,0.199056,0.6,0.4322394898621558
synthetic,abrupt,128,qpsk,1181200,synthetic:abrupt:128:qpsk:1181200,otfs,phase_absolute,36354064.067961454,716688.8,0.0,0.0,0.0,0.0,0.0,0.999921875,8.88,1.72,0.0359040999901481,0.7,30,0,0,0,0.140625,0.13322795,0.140625,0.140625,0.1310997,0.1353562,0.0,0.03194900169221245
synthetic,abrupt,128,qpsk,1181200,synthetic:abrupt:128:qpsk:1181200,otfs,phase_relative,33667404.067961454,589077.3999999997,0.0,0.0,0.0,0.0,0.0,0.999921875,8.88,1.72,0.03637759984121658,0.9,10,0,0,0,0.1328125,0.12755745000000002,0.125,0.140625,0.12567350000000002,0.1294414,0.11764705882352941,0.029538847005800055
synthetic,abrupt,128,qpsk,1181200,synthetic:abrupt:128:qpsk:1181200,otfs,r6_deep,29336164.067961454,612296.8,0.0,0.0,0.0,0.0,0.0,0.99984375,8.84,1.71,0.03621049984940328,0.7,30,0,0,0,0.140625,0.15399155,0.109375,0.171875,0.1333263,0.1746568,0.4444444444444444,0.2683945969762626
synthetic,abrupt,128,qpsk,1181200,synthetic:abrupt:128:qpsk:1181200,otfs,radau,37294408.067961454,756832.0,0.0,0.0,0.0,0.0,0.0,0.9997265625,15.62,2.99,0.04783790005603805,0.0,0,0,0,0,0.140625,0.1380686,0.140625,0.140625,0.1306999,0.14543730000000002,0.0,0.10673969316701995
synthetic,abrupt,128,qpsk,1181200,synthetic:abrupt:128:qpsk:1181200,otfs,relative_radau,34193920.067961454,669398.0,0.0,0.0,0.0,0.0,0.0,0.9999609375,9.82,2.18,0.04103620004025288,0.9,10,0,0,0,0.140625,0.14821905000000002,0.125,0.15625,0.1279752,0.1684629,0.2222222222222222,0.2731612434434034
synthetic,abrupt,128,qpsk,1181200,synthetic:abrupt:128:qpsk:1181200,otfs,residual,21388704.067961454,371464.0,0.0,0.0,0.0,0.0,,0.0,8.44,1.0,0.012691999872913584,0.0,0,0,0,0,0.078125,0.09161735000000001,0.078125,0.078125,0.08919690000000001,0.0940378,0.0,0.052838245157712974
synthetic,abrupt,128,qpsk,1181200,synthetic:abrupt:128:qpsk:1181200,otfs,stable,23484880.067961454,326752.0,0.0,0.0,0.0,0.0,,0.0,8.66,4.33,0.040176999871619046,0.0,0,0,0,0,0.109375,0.11510765,0.109375,0.109375,0.11114510000000001,0.1190702,0.0,0.0688494639583033
synthetic,abrupt,128,qpsk,1181201,synthetic:abrupt:128:qpsk:1181201,afdm,gray,48185448.067961454,974056.0,0.0,0.0,0.0,0.0,0.0,0.6108203125,21.63,3.78,0.05651750025572255,0.0,0,0,0,0,0.140625,0.15215240000000002,0.140625,0.140625,0.1408107,0.1634941,0.0,0.14908341899306216
synthetic,abrupt,128,qpsk,1181201,synthetic:abrupt:128:qpsk:1181201,afdm,merged_absolute,41286880.067961454,694424.0,0.0,0.0,0.0,0.0,0.0,0.999921875,10.48,2.05,0.04296290018828586,0.41,59,0,0,0,0.15625,0.17223645,0.140625,0.171875,0.1625947,0.18187820000000002,0.2,0.1119594603813537
synthetic,abrupt,128,qpsk,1181201,synthetic:abrupt:128:qpsk:1181201,afdm,phase_absolute,40347544.067961454,714904.0,0.0,0.0,0.0,0.0,0.0,0.9999609375,10.18,1.98,0.04446940025081858,0.58,42,0,0,0,0.140625,0.16231085,0.125,0.15625,0.157839,0.1667827,0.2222222222222222,0.05510229291510702
synthetic,abrupt,128,qpsk,1181201,synthetic:abrupt:128:qpsk:1181201,afdm,phase_relative,39417768.067961454,779433.8645633829,0.0,0.0,0.0,0.0,0.0,0.99984375,11.41,2.09,0.05156869991333224,0.82,18,0,0,0,0.1796875,0.17704445000000002,0.171875,0.1875,0.17234880000000002,0.18174010000000002,0.08695652173913043,0.05304487093495441
synthetic,abrupt,128,qpsk,1181201,synthetic:abrupt:128:qpsk:1181201,afdm,r6_deep,35234328.067961454,610512.0,0.0,0.0,0.0,0.0,0.0,0.999921875,10.48,2.05,0.043886300118174404,0.41,59,0,0,0,0.171875,0.18155685,0.171875,0.171875,0.1689725,0.1941412,0.0,0.13862710219966923
synthetic,abrupt,128,qpsk,1181201,synthetic:abrupt:128:qpsk:1181201,afdm,radau,49975816.067961454,1022600.0,0.0,0.0,0.0,0.0,0.0,0.9998828125,23.16,3.93,0.048963600187562406,0.0,0,0,0,0,0.15625,0.1594722,0.140625,0.171875,0.1489157,0.1700287,0.2,0.13239298134721908
synthetic,abrupt,128,qpsk,1181201,synthetic:abrupt:128:qpsk:1181201,afdm,relative_radau,48243120.067961454,1064128.0,0.0,0.0,0.0,0.0,0.0,0.9995703125,17.1,3.36,0.04312249965732917,0.82,18,0,0,0,0.140625,0.1546286,0.140625,0.140625,0.1494831,0.1597741,0.0,0.06655301800572465
synthetic,abrupt,128,qpsk,1181201,synthetic:abrupt:128:qpsk:1181201,afdm,residual,24676096.067961454,384272.0,0.0,0.0,0.0,0.0,,0.0,10.96,1.0,0.009834299999056384,0.0,0,0,0,0,0.09375,0.08363335000000001,0.09375,0.09375,0.08250060000000001,0.08476610000000001,0.0,0.027088476068458378
synthetic,abrupt,128,qpsk,1181201,synthetic:abrupt:128:qpsk:1181201,afdm,stable,22961552.067961454,278224.0,0.0,0.0,0.0,0.0,,0.0,8.74,4.37,0.038521500304341316,0.0,0,0,0,0,0.1171875,0.1158102,0.109375,0.125,0.11366290000000001,0.1179575,0.13333333333333333,0.037083089399724684
synthetic,abrupt,128,qpsk,1181201,synthetic:abrupt:128:qpsk:1181201,ofdm,gray,50272560.067961454,1069344.0,0.0,0.0,0.0004296875,0.0004296875,0.0,0.83515625,23.37,3.93,0.053835100203286856,0.0,0,0,0,0,0.140625,0.1491475,0.140625,0.140625,0.1467631,0.1515319,0.0,0.03197371729328343
synthetic,abrupt,128,qpsk,1181201,synthetic:abrupt:128:qpsk:1181201,ofdm,merged_absolute,51046568.067961454,1125354.2,0.0,0.0,0.0004296875,0.0004296875,0.0,0.9804296875,16.17,2.55,0.06460570014314726,0.41,59,0,0,0,0.15625,0.18165565,0.15625,0.15625,0.1734254,0.18988590000000002,0.0,0.09061375189816566
synthetic,abrupt,128,qpsk,1181201,synthetic:abrupt:128:qpsk:1181201,ofdm,phase_absolute,50986528.067961454,1145834.2,0.0,0.0,0.0004296875,0.0004296875,0.0,0.9800390625,16.35,2.54,0.07570020001730882,0.58,42,0,0,0,0.21875,0.21195340000000001,0.21875,0.21875,0.20857900000000001,0.2153278,0.0,0.031840961267901334
synthetic,abrupt,128,qpsk,1181201,synthetic:abrupt:128:qpsk:1181201,ofdm,phase_relative,50127724.067961454,1145750.6,0.0,0.0,0.0004296875,0.0004296875,0.0,0.9798046875,17.53,2.67,0.1045142998918891,0.82,18,0,0,0,0.21875,0.23795360000000002,0.171875,0.265625,0.19019930000000002,0.2857079,0.42857142857142855,0.40137488989450043
synthetic,abrupt,128,qpsk,1181201,synthetic:abrupt:128:qpsk:1181201,ofdm,r6_deep,44994016.067961454,1041442.2,0.0,0.0,0.0004296875,0.0004296875,0.0,0.9804296875,16.17,2.55,0.07432799992966466,0.41,59,0,0,0,0.1953125,0.19637965000000002,0.171875,0.21875,0.17417470000000002,0.21858460000000002,0.24,0.22614308559975535
synthetic,abrupt,128,qpsk,1181201,synthetic:abrupt:128:qpsk:1181201,ofdm,radau,51025256.067961454,1087152.0,0.0,0.0,0.0004296875,0.0004296875,0.0,0.998671875,24.41,3.96,0.046982500032754615,0.0,0,0,0,0,0.1796875,0.18892580000000003,0.125,0.23437500000000003,0.14624820000000002,0.23160340000000001,0.6086956521739132,0.45179218508006835
synthetic,abrupt,128,qpsk,1181201,synthetic:abrupt:128:qpsk:1181201,ofdm,relative_radau,49324664.067961454,1144232.4,0.0,0.0,0.0004296875,0.0004296875,0.0,0.998515625,18.45,3.3,0.044688699999824166,0.82,18,0,0,0,0.1640625,0.16249190000000002,0.15625,0.171875,0.1538148,0.17116900000000002,0.09523809523809523,0.10680040051227176
synthetic,abrupt,128,qpsk,1181201,synthetic:abrupt:128:qpsk:1181201,ofdm,residual,24491552.067961454,396337.99999999994,7.8125e-05,7.8125e-05,0.0004296875,0.0004296875,,0.0,11.16,1.0,0.010353799996664748,0.0,0,0,0,0,0.078125,0.08867560000000001,0.078125,0.078125,0.085388,0.09196320000000001,0.0,0.07414892033434228
synthetic,abrupt,128,qpsk,1181201,synthetic:abrupt:128:qpsk:1181201,ofdm,stable,20972000.067961454,267472.0,0.00015625,0.00015625,0.0005078125,0.0004296875,,0.0,8.2,4.1,0.032658500189427286,0.0,0,0,0,0,0.09375,0.1045822,0.09375,0.09375,0.1013429,0.1078215,0.0,0.06194744421134764
synthetic,abrupt,128,qpsk,1181201,synthetic:abrupt:128:qpsk:1181201,otfs,gray,49249048.067961454,970848.7999999999,0.0,0.0,0.0,0.0,0.0,0.556953125,21.91,3.8,0.07593349969829433,0.0,0,0,0,0,0.171875,0.1776261,0.15625,0.1875,0.150974,0.20427820000000002,0.18181818181818182,0.3000921598796574
synthetic,abrupt,128,qpsk,1181201,synthetic:abrupt:128:qpsk:1181201,otfs,merged_absolute,42856496.067961454,748312.0645633825,0.0,0.0,0.0,0.0,0.0,1.0,11.09,2.11,0.04414189999806695,0.41,59,0,0,0,0.1484375,0.15375149999999999,0.140625,0.15625,0.1528755,0.1546275,0.10526315789473684,0.011395010780382655
synthetic,abrupt,128,qpsk,1181201,synthetic:abrupt:128:qpsk:1181201,otfs,phase_absolute,42603976.067961454,788734.4645633826,0.0,0.0,0.0,0.0,0.0,1.0,11.17,2.09,0.04676119991927408,0.58,42,0,0,0,0.15625,0.16034185,0.15625,0.15625,0.1596498,0.1610339,0.0,0.008632181804064248
synthetic,abrupt,128,qpsk,1181201,synthetic:abrupt:128:qpsk:1181201,otfs,phase_relative,42116740.067961454,815307.7999999997,0.0,0.0,0.0,0.0,0.0,0.9998046875,12.6,2.22,0.052481000137049705,0.82,18,0,0,0,0.1484375,0.15213675000000002,0.140625,0.15625,0.14594690000000002,0.1583266,0.10526315789473684,0.08137218653612617
synthetic,abrupt,128,qpsk,1181201,synthetic:abrupt:128:qpsk:1181201,otfs,r6_deep,36803944.067961454,659536.0645633825,0.0,0.0,0.0,0.0,0.0,1.0,11.09,2.11,0.06692190014291555,0.41,59,0,0,0,0.171875,0.19560165000000002,0.15625,0.1875,0.1700588,0.22114450000000002,0.18181818181818182,0.2611721322391708
synthetic,abrupt,128,qpsk,1181201,synthetic:abrupt:128:qpsk:1181201,otfs,radau,51335712.067961454,1046928.3999999999,0.0,0.0,0.0,0.0,0.0,1.0,23.58,3.98,0.06370160030201077,0.0,0,0,0,0,0.203125,0.20312725,0.171875,0.23437500000000003,0.1818312,0.22442330000000002,0.3076923076923078,0.20968186198552888
synthetic,abrupt,128,qpsk,1181201,synthetic:abrupt:128:qpsk:1181201,otfs,relative_radau,49220672.067961454,1118189.2,0.0,0.0,0.0,0.0,0.0,0.999453125,17.43,3.33,0.04765219983528368,0.82,18,0,0,0,0.15625,0.15688760000000002,0.15625,0.15625,0.1546719,0.1591033,0.0,0.02824569946891916
synthetic,abrupt,128,qpsk,1181201,synthetic:abrupt:128:qpsk:1181201,otfs,residual,24827704.067961454,403224.0,0.0,0.0,0.0,0.0,,0.0,10.87,1.0,0.01251530004083179,0.0,0,0,0,0,0.0859375,0.08784165000000001,0.078125,0.09375,0.08537470000000001,0.0903086,0.18181818181818182,0.056168116149912836
synthetic,abrupt,128,qpsk,1181201,synthetic:abrupt:128:qpsk:1181201,otfs,stable,23563904.067961454,285392.0,0.0,0.0,0.0,0.0,,0.0,8.72,4.36,0.058176700316835195,0.0,0,0,0,0,0.1328125,0.1449567,0.109375,0.15625,0.13316150000000002,0.1567519,0.35294117647058826,0.16274101162623034
synthetic,abrupt,256,16qam,1181500,synthetic:abrupt:256:16qam:1181500,afdm,gray,102937268.13592291,2316144.0,0.0,0.0,0.0,0.0,0.0,0.82771484375,18.06,3.21,0.09381919939187355,0.0,0,0,0,0,0.1796875,0.1976654,0.15625,0.203125,0.1680787,0.2272521,0.2608695652173913,0.2993614461610379
synthetic,abrupt,256,16qam,1181500,synthetic:abrupt:256:16qam:1181500,afdm,merged_absolute,96658820.13592291,2083512.8,0.0,0.0,0.0,0.0,0.0,0.98607421875,12.1,2.07,0.05807680016732775,0.64,36,0,0,0,0.15625,0.17058565000000003,0.140625,0.171875,0.16753120000000002,0.17364010000000002,0.2,0.03581133583041715
synthetic,abrupt,256,16qam,1181500,synthetic:abrupt:256:16qam:1181500,afdm,phase_absolute,98231764.13592291,2124472.8,0.0,0.0,0.0,0.0,0.0,0.991015625,12.06,2.06,0.1043607001483906,0.7,30,0,0,0,0.2734375,0.29357940000000005,0.23437500000000003,0.3125,0.25739280000000003,0.329766,0.2857142857142856,0.24652002150014599
synthetic,abrupt,256,16qam,1181500,synthetic:abrupt:256:16qam:1181500,afdm,phase_relative,97285052.13592291,2285146.4,0.0,0.0,0.0,0.0,0.0,0.999658203125,13.13,2.17,0.08336180006153882,0.89,11,0,0,0,0.1953125,0.20047425000000002,0.15625,0.23437500000000003,0.1731212,0.2278273,0.40000000000000013,0.2728834251780466
synthetic,abrupt,256,16qam,1181500,synthetic:abrupt:256:16qam:1181500,afdm,r6_deep,85875900.13592291,1914608.8,0.0,0.0,0.0,0.0,0.0,0.98607421875,12.1,2.07,0.06781870016129687,0.64,36,0,0,0,0.1875,0.18980345,0.171875,0.203125,0.16874740000000002,0.2108595,0.16666666666666666,0.221872152481949
synthetic,abrupt,256,16qam,1181500,synthetic:abrupt:256:16qam:1181500,afdm,radau,107373100.13592291,2489288.4,0.0,0.0,0.0,0.0,0.0,0.998896484375,20.48,3.46,0.06020299982628785,0.0,0,0,0,0,0.15625,0.1634162,0.15625,0.15625,0.1571799,0.1696525,0.0,0.07632413432695168
synthetic,abrupt,256,16qam,1181500,synthetic:abrupt:256:16qam:1181500,afdm,relative_radau,107991596.13592291,2603456.8,0.0,0.0,0.0,0.0,0.0,0.997958984375,17.48,2.78,0.0583959000359755,0.89,11,0,0,0,0.2109375,0.2128683,0.1875,0.23437500000000003,0.19817990000000002,0.2275567,0.22222222222222235,0.1380045784177352
synthetic,abrupt,256,16qam,1181500,synthetic:abrupt:256:16qam:1181500,afdm,residual,45048292.13592291,739763.5999999999,6.8359375e-05,6.8359375e-05,6.8359375e-05,0.0,,0.0,8.25,1.0,0.014160599996102974,0.0,0,0,0,0,0.1015625,0.1022548,0.09375,0.109375,0.09403600000000001,0.1104736,0.15384615384615385,0.16075137793042474
synthetic,abrupt,256,16qam,1181500,synthetic:abrupt:256:16qam:1181500,afdm,stable,62279564.13592291,1129392.0,0.0,0.0,0.0,0.0,,0.0,11.34,5.67,0.05148939962964505,0.0,0,0,0,0,0.1328125,0.13249670000000002,0.125,0.140625,0.1272272,0.1377662,0.11764705882352941,0.07954160367767643
synthetic,abrupt,256,16qam,1181500,synthetic:abrupt:256:16qam:1181500,ofdm,gray,104215836.13592291,2390936.0,2.9296875e-05,2.9296875e-05,0.00109375,0.001064453125,0.0,0.90046875,18.56,3.36,0.08358430006774142,0.0,0,0,0,0,0.1875,0.18017695,0.171875,0.203125,0.16504190000000002,0.195312,0.16666666666666666,0.16800206685705354
synthetic,abrupt,256,16qam,1181500,synthetic:abrupt:256:16qam:1181500,ofdm,merged_absolute,97421612.13592291,2079278.8,0.00013671875,0.00013671875,0.001123046875,0.001064453125,0.0,0.970322265625,12.28,2.07,0.0787039001006633,0.64,36,0,0,0,0.1875,0.19733415,0.1875,0.1875,0.1840381,0.21063020000000002,0.0,0.13475670582106547
synthetic,abrupt,256,16qam,1181500,synthetic:abrupt:256:16qam:1181500,ofdm,phase_absolute,98303436.13592291,2120238.8,0.00013671875,0.00013671875,0.001123046875,0.001064453125,0.0,0.98869140625,12.32,2.08,0.0618228001112584,0.7,30,0,0,0,0.1796875,0.17965465000000003,0.171875,0.1875,0.17913590000000001,0.1801734,0.08695652173913043,0.005774968808210623
synthetic,abrupt,256,16qam,1181500,synthetic:abrupt:256:16qam:1181500,ofdm,phase_relative,98767684.13592291,2312382.4,8.7890625e-05,8.7890625e-05,0.00111328125,0.001064453125,0.0,0.99146484375,13.67,2.21,0.0729064000188373,0.89,11,0,0,0,0.203125,0.21439835000000002,0.171875,0.23437500000000003,0.1934613,0.23533540000000003,0.3076923076923078,0.19530980532266234
synthetic,abrupt,256,16qam,1181500,synthetic:abrupt:256:16qam:1181500,ofdm,r6_deep,86638692.13592291,1910374.8,0.00013671875,0.00013671875,0.001123046875,0.001064453125,0.0,0.970322265625,12.28,2.07,0.08228009985759854,0.64,36,0,0,0,0.203125,0.20242755,0.171875,0.23437500000000003,0.1823101,0.22254500000000002,0.3076923076923078,0.19876197681590285
synthetic,abrupt,256,16qam,1181500,synthetic:abrupt:256:16qam:1181500,ofdm,radau,106152252.13592291,2443738.729126766,1.953125e-05,1.953125e-05,0.001083984375,0.001064453125,0.0,0.9976953125,20.61,3.47,0.05442679987754673,0.0,0,0,0,0,0.15625,0.15535385000000002,0.15625,0.15625,0.1514924,0.1592153,0.0,0.049711674348591965
synthetic,abrupt,256,16qam,1181500,synthetic:abrupt:256:16qam:1181500,ofdm,relative_radau,107093340.13592291,2591228.6067961454,2.9296875e-05,2.9296875e-05,0.00109375,0.001064453125,0.0,0.997314453125,17.7,2.78,0.049653599970042706,0.89,11,0,0,0,0.1640625,0.16218110000000002,0.15625,0.171875,0.1519885,0.17237370000000002,0.09523809523809523,0.12569405436268477
synthetic,abrupt,256,16qam,1181500,synthetic:abrupt:256:16qam:1181500,ofdm,residual,44102756.13592291,728960.0,0.00099609375,0.00099609375,0.001669921875,0.001064453125,,0.0,8.25,1.0,0.011258999962592497,0.0,0,0,0,0,0.0859375,0.08948675,0.078125,0.09375,0.0876789,0.0912946,0.18181818181818182,0.04040486440730051
synthetic,abrupt,256,16qam,1181500,synthetic:abrupt:256:16qam:1181500,ofdm,stable,71174812.13592291,1504256.0,0.000302734375,0.000302734375,0.00125,0.001064453125,,0.0,14.08,7.04,0.06266830026288517,0.0,0,0,0,0,0.15625,0.1549489,0.15625,0.15625,0.1509383,0.1589595,0.0,0.05176674374584141
synthetic,abrupt,256,16qam,1181500,synthetic:abrupt:256:16qam:1181500,otfs,gray,105727356.13592291,2426248.4,9.765625e-06,9.765625e-06,0.0001171875,0.000107421875,0.0,0.845634765625,18.34,3.3,0.0948279000876937,0.0,0,0,0,0,0.1953125,0.19657935,0.1875,0.203125,0.1845621,0.20859660000000002,0.08,0.12226360500225487
synthetic,abrupt,256,16qam,1181500,synthetic:abrupt:256:16qam:1181500,otfs,merged_absolute,100457076.13592291,2091928.8,3.90625e-05,3.90625e-05,0.000146484375,0.000107421875,0.0,0.981591796875,12.72,2.12,0.07837709970772266,0.64,36,0,0,0,0.28125,0.2796879,0.21875,0.34375,0.2201738,0.339202,0.4444444444444444,0.4255750785071503
synthetic,abrupt,256,16qam,1181500,synthetic:abrupt:256:16qam:1181500,otfs,phase_absolute,101568180.13592291,2132888.8,3.90625e-05,3.90625e-05,0.000146484375,0.000107421875,0.0,0.995146484375,12.72,2.12,0.06639370007906109,0.7,30,0,0,0,0.1953125,0.20382505,0.1875,0.203125,0.1970055,0.21064460000000002,0.08,0.0669157201237042
synthetic,abrupt,256,16qam,1181500,synthetic:abrupt:256:16qam:1181500,otfs,phase_relative,101028868.13592291,2361114.4,1.953125e-05,1.953125e-05,0.000126953125,0.000107421875,0.0,0.99900390625,13.85,2.23,0.07742049990338273,0.89,11,0,0,0,0.21875,0.21035475000000003,0.21875,0.21875,0.20872410000000002,0.21198540000000002,0.0,0.0155038096358651
synthetic,abrupt,256,16qam,1181500,synthetic:abrupt:256:16qam:1181500,otfs,r6_deep,89674156.13592291,1923024.8,3.90625e-05,3.90625e-05,0.000146484375,0.000107421875,0.0,0.981591796875,12.72,2.12,0.06843240023590624,0.64,36,0,0,0,0.1796875,0.1882724,0.171875,0.1875,0.1838905,0.1926543,0.08695652173913043,0.046548511624645926
synthetic,abrupt,256,16qam,1181500,synthetic:abrupt:256:16qam:1181500,otfs,radau,109631004.13592291,2552811.1291267658,0.0,0.0,0.000107421875,0.000107421875,0.0,0.998662109375,20.74,3.5,0.07418300016433932,0.0,0,0,0,0,0.171875,0.1781173,0.15625,0.1875,0.162005,0.1942296,0.18181818181818182,0.1809178558174865
synthetic,abrupt,256,16qam,1181500,synthetic:abrupt:256:16qam:1181500,otfs,relative_radau,110483092.13592291,2697567.929126766,0.0,0.0,0.000107421875,0.000107421875,0.0,0.998134765625,17.84,2.83,0.0658821000251919,0.89,11,0,0,0,0.21875,0.21790915,0.21875,0.21875,0.2156132,0.22020510000000001,0.0,0.02107254330531788
synthetic,abrupt,256,16qam,1181500,synthetic:abrupt:256:16qam:1181500,otfs,residual,45607004.13592291,745907.5999999999,0.000771484375,0.000771484375,0.00083984375,0.000107421875,,0.0,8.24,1.0,0.015336999989813194,0.0,0,0,0,0,0.0859375,0.09859085000000001,0.078125,0.09375,0.09698000000000001,0.1002017,0.18181818181818182,0.03267747463380216
synthetic,abrupt,256,16qam,1181500,synthetic:abrupt:256:16qam:1181500,otfs,stable,70151820.13592291,1596416.0,7.8125e-05,7.8125e-05,0.000185546875,0.000107421875,,0.0,12.78,6.39,0.07119259992032312,0.0,0,0,0,0,0.171875,0.1642228,0.171875,0.171875,0.16416060000000002,0.16428500000000001,0.0,0.0007575074837354906
synthetic,abrupt,256,16qam,1181501,synthetic:abrupt:256:16qam:1181501,afdm,gray,132341012.13592291,2502561.1999999997,9.765625e-06,9.765625e-06,2.9296875e-05,3.90625e-05,0.0,0.568037109375,24.86,4.05,0.1614104003238026,0.0,0,0,0,0,0.2890625,0.2833702,0.23437500000000003,0.34375,0.22645500000000002,0.3402854,0.3783783783783783,0.40170208441113425
synthetic,abrupt,256,16qam,1181501,synthetic:abrupt:256:16qam:1181501,afdm,merged_absolute,127123252.13592291,2194329.9291267646,9.765625e-06,9.765625e-06,2.9296875e-05,3.90625e-05,0.0,0.99873046875,18.41,2.9,0.09263619963894598,0.55,45,0,0,0,0.234375,0.23712235000000004,0.21875,0.25,0.22619940000000002,0.24804530000000002,0.13333333333333333,0.0921292320188291
synthetic,abrupt,256,16qam,1181501,synthetic:abrupt:256:16qam:1181501,afdm,phase_absolute,129686668.13592291,2275174.729126765,9.765625e-06,9.765625e-06,2.9296875e-05,3.90625e-05,0.0,0.9988671875,18.41,2.9,0.07464069969137199,0.59,41,0,0,0,0.203125,0.2132861,0.203125,0.203125,0.2029294,0.2236428,0.0,0.09711556449295099
synthetic,abrupt,256,16qam,1181501,synthetic:abrupt:256:16qam:1181501,afdm,phase_relative,129188620.13592291,2357941.2,9.765625e-06,9.765625e-06,2.9296875e-05,3.90625e-05,0.0,0.99900390625,20.24,3.06,0.082420800201362,0.9,10,0,0,0,0.2109375,0.20888785,0.203125,0.21875,0.2028008,0.21497490000000002,0.07407407407407407,0.058280555810211174
synthetic,abrupt,256,16qam,1181501,synthetic:abrupt:256:16qam:1181501,afdm,r6_deep,115787372.13592291,2015697.9291267649,9.765625e-06,9.765625e-06,2.9296875e-05,3.90625e-05,0.0,0.99873046875,18.41,2.9,0.0805812003382016,0.55,45,0,0,0,0.265625,0.29200195,0.1875,0.34375,0.2155293,0.36847460000000004,0.5882352941176471,0.5237817761148514
synthetic,abrupt,256,16qam,1181501,synthetic:abrupt:256:16qam:1181501,afdm,radau,138168892.1359229,2887216.8,0.0,0.0,3.90625e-05,3.90625e-05,0.0,0.9965234375,28.7,4.38,0.09747870001592673,0.0,0,0,0,0,0.2109375,0.22190875,0.1875,0.23437500000000003,0.18152870000000002,0.2622888,0.22222222222222235,0.3639338241506925
synthetic,abrupt,256,16qam,1181501,synthetic:abrupt:256:16qam:1181501,afdm,relative_radau,138081068.1359229,2999848.8,0.0,0.0,3.90625e-05,3.90625e-05,0.0,0.997197265625,24.45,4.01,0.07429630038677715,0.9,10,0,0,0,0.1953125,0.2174257,0.1875,0.203125,0.2109627,0.22388870000000002,0.08,0.05945019379033859
synthetic,abrupt,256,16qam,1181501,synthetic:abrupt:256:16qam:1181501,afdm,residual,54346804.13592291,801680.0,0.000146484375,0.000146484375,0.000166015625,3.90625e-05,,0.0,11.55,1.0,0.019922600069548935,0.0,0,0,0,0,0.109375,0.11834585,0.078125,0.140625,0.0853271,0.15136460000000002,0.5714285714285714,0.558004357567249
synthetic,abrupt,256,16qam,1181501,synthetic:abrupt:256:16qam:1181501,afdm,stable,74254524.13592291,1305757.5999999999,2.9296875e-05,2.9296875e-05,6.8359375e-05,3.90625e-05,,0.0,14.28,7.14,0.07546510000247508,0.0,0,0,0,0,0.15625,0.16812110000000002,0.140625,0.171875,0.1536673,0.1825749,0.2,0.17194510385668427
synthetic,abrupt,256,16qam,1181501,synthetic:abrupt:256:16qam:1181501,ofdm,gray,134917956.1359229,2669024.4,3.90625e-05,3.90625e-05,0.0019921875,0.00197265625,0.0,0.710048828125,25.73,4.24,0.10598389996448532,0.0,0,0,0,0,0.2421875,0.2429348,0.21875,0.265625,0.2218245,0.26404510000000003,0.1935483870967742,0.17379395623846408
synthetic,abrupt,256,16qam,1181501,synthetic:abrupt:256:16qam:1181501,ofdm,merged_absolute,131776748.13592291,2549084.4,0.00013671875,0.00013671875,0.00201171875,0.00197265625,0.0,0.99380859375,19.97,3.02,0.08603179969941266,0.55,45,0,0,0,0.2265625,0.2387919,0.21875,0.23437500000000003,0.2154192,0.2621646,0.06896551724137943,0.19575789631055332
synthetic,abrupt,256,16qam,1181501,synthetic:abrupt:256:16qam:1181501,ofdm,phase_absolute,134181140.13592291,2590044.4,0.00013671875,0.00013671875,0.00201171875,0.00197265625,0.0,0.995810546875,19.97,3.02,0.10037369999918155,0.59,41,0,0,0,0.2421875,0.23846645,0.23437500000000003,0.25,0.2205174,0.2564155,0.06451612903225795,0.15053731877167634
synthetic,abrupt,256,16qam,1181501,synthetic:abrupt:256:16qam:1181501,ofdm,phase_relative,131753948.13592291,2653018.8,8.7890625e-05,8.7890625e-05,0.001982421875,0.00197265625,0.0,0.995810546875,21.25,3.14,0.0958949001505971,0.9,10,0,0,0,0.203125,0.21239765,0.1875,0.21875,0.2028879,0.2219074,0.15384615384615385,0.08954665929684248
synthetic,abrupt,256,16qam,1181501,synthetic:abrupt:256:16qam:1181501,ofdm,r6_deep,120440868.13592291,2380180.4,0.00013671875,0.00013671875,0.00201171875,0.00197265625,0.0,0.99380859375,19.97,3.02,0.09044149998226203,0.55,45,0,0,0,0.25,0.2490633,0.21875,0.28125,0.2249979,0.2731287,0.25,0.19324725882938196
synthetic,abrupt,256,16qam,1181501,synthetic:abrupt:256:16qam:1181501,ofdm,radau,138993772.1359229,2887240.0,9.765625e-06,9.765625e-06,0.001982421875,0.00197265625,0.0,0.995732421875,29.38,4.48,0.08533809951040894,0.0,0,0,0,0,0.203125,0.20504840000000002,0.1875,0.21875,0.18565810000000002,0.22443870000000002,0.15384615384615385,0.18912900563964408
synthetic,abrupt,256,16qam,1181501,synthetic:abrupt:256:16qam:1181501,ofdm,relative_radau,138768660.1359229,3032136.4,3.90625e-05,3.90625e-05,0.0019921875,0.00197265625,0.0,0.995595703125,24.99,4.12,0.06446989945834503,0.9,10,0,0,0,0.2109375,0.20966805,0.203125,0.21875,0.1910859,0.22825020000000001,0.07407407407407407,0.1772530435610004
synthetic,abrupt,256,16qam,1181501,synthetic:abrupt:256:16qam:1181501,ofdm,residual,53646076.13592291,792464.0,0.001318359375,0.001318359375,0.002705078125,0.00197265625,,0.0,11.64,1.0,0.011190699937287718,0.0,0,0,0,0,0.09375,0.0947308,0.09375,0.09375,0.0925658,0.0968958,0.0,0.04570847074024499
synthetic,abrupt,256,16qam,1181501,synthetic:abrupt:256:16qam:1181501,ofdm,stable,88764668.13592291,1674323.9999999998,0.000322265625,0.000322265625,0.002119140625,0.00197265625,,0.0,18.68,9.34,0.07618689996888861,0.0,0,0,0,0,0.25,0.2605795,0.171875,0.328125,0.1717828,0.3493762,0.625,0.6815325073538018
synthetic,abrupt,256,16qam,1181501,synthetic:abrupt:256:16qam:1181501,otfs,gray,140768244.1359229,2912391.6,5.859375e-05,5.859375e-05,0.001298828125,0.001259765625,0.0,0.599306640625,26.39,4.28,0.1363791994517669,0.0,0,0,0,0,0.2578125,0.25236460000000005,0.23437500000000003,0.28125,0.22654600000000003,0.2781832,0.1818181818181817,0.2046134838245934
synthetic,abrupt,256,16qam,1181501,synthetic:abrupt:256:16qam:1181501,otfs,merged_absolute,142581492.1359229,3082848.0,0.00013671875,0.00013671875,0.001298828125,0.001259765625,0.0,0.998544921875,21.99,3.2,0.1160348002158571,0.55,45,0,0,0,0.25,0.26021935,0.21875,0.28125,0.22608470000000003,0.294354,0.25,0.2623528957396903
synthetic,abrupt,256,16qam,1181501,synthetic:abrupt:256:16qam:1181501,otfs,phase_absolute,145153532.1359229,3123808.0,0.00013671875,0.00013671875,0.001298828125,0.001259765625,0.0,0.998642578125,21.99,3.2,0.08968039977480657,0.59,41,0,0,0,0.265625,0.26912010000000003,0.21875,0.3125,0.2256653,0.31257490000000004,0.35294117647058826,0.322939832439123
synthetic,abrupt,256,16qam,1181501,synthetic:abrupt:256:16qam:1181501,otfs,phase_relative,142676892.1359229,3103519.1999999997,8.7890625e-05,8.7890625e-05,0.00130859375,0.001259765625,0.0,0.9982421875,23.04,3.37,0.0979407999839168,0.9,10,0,0,0,0.234375,0.2380946,0.21875,0.25,0.22228620000000002,0.253903,0.13333333333333333,0.13279091587965444
synthetic,abrupt,256,16qam,1181501,synthetic:abrupt:256:16qam:1181501,otfs,r6_deep,131245612.13592291,2913944.0,0.00013671875,0.00013671875,0.001298828125,0.001259765625,0.0,0.998544921875,21.99,3.2,0.10207970012561418,0.55,45,0,0,0,0.2421875,0.25037795,0.23437500000000003,0.25,0.24621330000000002,0.2545426,0.06451612903225795,0.03326690708986148
synthetic,abrupt,256,16qam,1181501,synthetic:abrupt:256:16qam:1181501,otfs,radau,144441988.1359229,3092080.0,3.90625e-05,3.90625e-05,0.001279296875,0.001259765625,0.0,0.996123046875,30.0,4.49,0.11298850039020181,0.0,0,0,0,0,0.2578125,0.2569747,0.23437500000000003,0.28125,0.23218470000000002,0.28176470000000003,0.1818181818181817,0.19293728137439217
synthetic,abrupt,256,16qam,1181501,synthetic:abrupt:256:16qam:1181501,otfs,relative_radau,144612308.1359229,3282243.2,3.90625e-05,3.90625e-05,0.001279296875,0.001259765625,0.0,0.996728515625,25.82,4.13,0.06991009972989559,0.9,10,0,0,0,0.203125,0.21215320000000001,0.171875,0.23437500000000003,0.1961205,0.22818590000000002,0.3076923076923078,0.15114266482900102
synthetic,abrupt,256,16qam,1181501,synthetic:abrupt:256:16qam:1181501,otfs,residual,54587996.13592291,777659.5999999999,0.00228515625,0.00228515625,0.002841796875,0.001259765625,,0.0,11.44,1.0,0.013716000044951215,0.0,0,0,0,0,0.09375,0.0983348,0.09375,0.09375,0.0964531,0.1002165,0.0,0.03827129358070592
synthetic,abrupt,256,16qam,1181501,synthetic:abrupt:256:16qam:1181501,otfs,stable,90762668.13592291,2036816.0,0.00044921875,0.00044921875,0.001416015625,0.001259765625,,0.0,17.62,8.81,0.08696510046138428,0.0,0,0,0,0,0.2109375,0.21253945000000002,0.1875,0.23437500000000003,0.1801208,0.2449581,0.22222222222222235,0.30506007237715166
synthetic,abrupt,256,qpsk,1181400,synthetic:abrupt:256:qpsk:1181400,afdm,gray,108438108.13592291,2023370.2067961455,0.0,0.0,0.0,0.0,0.0,0.36552734375,24.86,4.18,0.07230089997756295,0.0,0,0,0,0,0.203125,0.20008530000000002,0.203125,0.203125,0.19478830000000003,0.20538230000000002,0.0,0.05294741792625441
synthetic,abrupt,256,qpsk,1181400,synthetic:abrupt:256:qpsk:1181400,afdm,merged_absolute,86218228.13592291,1403928.0,0.0,0.0,0.0,0.0,0.0,0.9674609375,10.95,2.02,0.0443419000657741,0.36,64,0,0,0,0.171875,0.1629219,0.171875,0.171875,0.1613893,0.1644545,0.0,0.01881392249906237
synthetic,abrupt,256,qpsk,1181400,synthetic:abrupt:256:qpsk:1181400,afdm,phase_absolute,90107552.13592291,1444888.0,0.0,0.0,0.0,0.0,0.0,0.95267578125,10.99,2.03,0.053204499767161906,0.36,64,0,0,0,0.1796875,0.18613605,0.171875,0.1875,0.1756741,0.19659800000000002,0.08695652173913043,0.11241186218360186
synthetic,abrupt,256,qpsk,1181400,synthetic:abrupt:256:qpsk:1181400,afdm,phase_relative,92184296.13592291,1622176.0,0.0,0.0,0.0,0.0,0.0,0.95265625,14.64,2.36,0.06682759989053011,0.8,20,0,0,0,0.171875,0.1852204,0.15625,0.1875,0.16703400000000002,0.20340680000000003,0.18181818181818182,0.19637577718221108
synthetic,abrupt,256,qpsk,1181400,synthetic:abrupt:256:qpsk:1181400,afdm,r6_deep,73714988.13592291,1235024.0,0.0,0.0,0.0,0.0,0.0,0.9674609375,10.95,2.02,0.04758250038139522,0.36,64,0,0,0,0.171875,0.1699173,0.171875,0.171875,0.1659002,0.17393440000000002,0.0,0.04728300178969428
synthetic,abrupt,256,qpsk,1181400,synthetic:abrupt:256:qpsk:1181400,afdm,radau,122617692.13592291,2540270.4,0.0,0.0,0.0,0.0,0.0,0.99953125,29.68,4.56,0.06631409961846657,0.0,0,0,0,0,0.1640625,0.18604725,0.15625,0.171875,0.17821620000000002,0.1938783,0.09523809523809523,0.08418345339691925
synthetic,abrupt,256,qpsk,1181400,synthetic:abrupt:256:qpsk:1181400,afdm,relative_radau,120072108.13592291,2637019.2,0.0,0.0,0.0,0.0,0.0,0.99935546875,23.77,3.97,0.055241799767827615,0.8,20,0,0,0,0.2109375,0.21312390000000003,0.1875,0.23437500000000003,0.18981430000000002,0.23643350000000002,0.22222222222222235,0.21874224336172524
synthetic,abrupt,256,qpsk,1181400,synthetic:abrupt:256:qpsk:1181400,afdm,residual,51753972.13592291,802712.0,0.0,0.0,0.0,0.0,,0.0,11.71,1.0,0.012482000078307465,0.0,0,0,0,0,0.1015625,0.1039379,0.09375,0.109375,0.10271640000000001,0.1051594,0.15384615384615385,0.023504419465854003
synthetic,abrupt,256,qpsk,1181400,synthetic:abrupt:256:qpsk:1181400,afdm,stable,46773964.13592291,564048.0,0.0,0.0,0.0,0.0,,0.0,8.78,4.39,0.037009099789429456,0.0,0,0,0,0,0.1171875,0.11827670000000001,0.109375,0.125,0.1101082,0.1264452,0.13333333333333333,0.1381252605120028
synthetic,abrupt,256,qpsk,1181400,synthetic:abrupt:256:qpsk:1181400,ofdm,gray,113756228.13592291,2302537.1999999997,0.0,0.0,0.00017578125,0.00017578125,0.0,0.4276953125,26.46,4.59,0.07584619979024865,0.0,0,0,0,0,0.1796875,0.19075895,0.171875,0.1875,0.1813814,0.20013650000000002,0.08695652173913043,0.09831832267896223
synthetic,abrupt,256,qpsk,1181400,synthetic:abrupt:256:qpsk:1181400,ofdm,merged_absolute,108931876.13592291,2272711.0,1.953125e-05,1.953125e-05,0.0001953125,0.00017578125,0.0,0.94763671875,17.64,2.57,0.090679100016132,0.36,64,0,0,0,0.2421875,0.24890705000000002,0.21875,0.265625,0.234826,0.2629881,0.1935483870967742,0.11314303873674929
synthetic,abrupt,256,qpsk,1181400,synthetic:abrupt:256:qpsk:1181400,ofdm,phase_absolute,112743524.13592291,2313671.0,1.953125e-05,1.953125e-05,0.0001953125,0.00017578125,0.0,0.9504296875,17.72,2.59,0.0702539001358673,0.36,64,0,0,0,0.2109375,0.20859955000000002,0.203125,0.21875,0.2047092,0.2124899,0.07407407407407407,0.03729969695524272
synthetic,abrupt,256,qpsk,1181400,synthetic:abrupt:256:qpsk:1181400,ofdm,phase_relative,108381532.13592291,2314007.6,0.0,0.0,0.00017578125,0.00017578125,0.0,0.94978515625,19.44,2.78,0.09018649981589988,0.8,20,0,0,0,0.21875,0.23079120000000003,0.203125,0.23437500000000003,0.21587040000000002,0.245712,0.142857142857143,0.12930129051714273
synthetic,abrupt,256,qpsk,1181400,synthetic:abrupt:256:qpsk:1181400,ofdm,r6_deep,96428636.13592291,2103807.0,1.953125e-05,1.953125e-05,0.0001953125,0.00017578125,0.0,0.94763671875,17.64,2.57,0.07265779984300025,0.36,64,0,0,0,0.2109375,0.2191573,0.203125,0.21875,0.21201050000000002,0.2263041,0.07407407407407407,0.06522073414848599
synthetic,abrupt,256,qpsk,1181400,synthetic:abrupt:256:qpsk:1181400,ofdm,radau,122641484.13592291,2512468.8,0.0,0.0,0.00017578125,0.00017578125,0.0,0.9976171875,30.36,4.58,0.07423169998219237,0.0,0,0,0,0,0.1875,0.1962929,0.171875,0.203125,0.1702254,0.2223604,0.16666666666666666,0.2655979915727977
synthetic,abrupt,256,qpsk,1181400,synthetic:abrupt:256:qpsk:1181400,ofdm,relative_radau,119720820.13592291,2655517.2,0.0,0.0,0.00017578125,0.00017578125,0.0,0.99701171875,24.33,3.94,0.05658440006664023,0.8,20,0,0,0,0.1953125,0.19200250000000002,0.1875,0.203125,0.18907290000000002,0.19493210000000002,0.08,0.030516269319409945
synthetic,abrupt,256,qpsk,1181400,synthetic:abrupt:256:qpsk:1181400,ofdm,residual,50815612.13592291,761744.0,5.859375e-05,5.859375e-05,0.000234375,0.00017578125,,0.0,11.72,1.0,0.01378940005088225,0.0,0,0,0,0,0.1015625,0.1019458,0.078125,0.125,0.0898686,0.11402300000000001,0.46153846153846156,0.23693374322434083
synthetic,abrupt,256,qpsk,1181400,synthetic:abrupt:256:qpsk:1181400,ofdm,stable,42764188.13592291,542544.0,0.0001171875,0.0001171875,0.00021484375,0.00017578125,,0.0,8.24,4.12,0.042429100401932374,0.0,0,0,0,0,0.1171875,0.11804540000000001,0.109375,0.125,0.1070267,0.12906410000000001,0.13333333333333333,0.18668580054792488
synthetic,abrupt,256,qpsk,1181400,synthetic:abrupt:256:qpsk:1181400,otfs,gray,109920396.13592291,2194336.4,0.0,0.0,0.0,0.0,0.0,0.3764453125,25.06,4.12,0.06909429986262694,0.0,0,0,0,0,0.171875,0.17935455,0.171875,0.171875,0.17621,0.18249910000000003,0.0,0.03506518234413356
synthetic,abrupt,256,qpsk,1181400,synthetic:abrupt:256:qpsk:1181400,otfs,merged_absolute,100934636.13592291,1864942.2,0.0,0.0,0.0,0.0,0.0,0.96658203125,14.84,2.34,0.05821509996894747,0.36,64,0,0,0,0.2265625,0.22782625,0.1875,0.265625,0.1854933,0.27015920000000004,0.3448275862068966,0.37162486763487546
synthetic,abrupt,256,qpsk,1181400,synthetic:abrupt:256:qpsk:1181400,otfs,phase_absolute,105040336.13592291,1905902.2,0.0,0.0,0.0,0.0,0.0,0.95880859375,14.96,2.37,0.06622970022726804,0.36,64,0,0,0,0.1953125,0.20511870000000001,0.171875,0.21875,0.1911113,0.21912610000000002,0.24,0.13657847870525702
synthetic,abrupt,256,qpsk,1181400,synthetic:abrupt:256:qpsk:1181400,otfs,phase_relative,104113124.13592291,2079700.8,0.0,0.0,0.0,0.0,0.0,0.95923828125,17.68,2.63,0.08562409950536676,0.8,20,0,0,0,0.265625,0.27326635,0.23437500000000003,0.296875,0.2402139,0.3063188,0.2352941176470587,0.24190647695920114
synthetic,abrupt,256,qpsk,1181400,synthetic:abrupt:256:qpsk:1181400,otfs,r6_deep,88431396.13592291,1696038.2,0.0,0.0,0.0,0.0,0.0,0.96658203125,14.84,2.34,0.05870850005885586,0.36,64,0,0,0,0.1875,0.19339875,0.1875,0.1875,0.1922444,0.1945531,0.0,0.01193751252270243
synthetic,abrupt,256,qpsk,1181400,synthetic:abrupt:256:qpsk:1181400,otfs,radau,122986508.13592291,2588200.0,0.0,0.0,0.0,0.0,0.0,0.9991796875,29.5,4.48,0.06325460018706508,0.0,0,0,0,0,0.171875,0.1808857,0.171875,0.171875,0.1746678,0.1871036,0.0,0.06874949208256925
synthetic,abrupt,256,qpsk,1181400,synthetic:abrupt:256:qpsk:1181400,otfs,relative_radau,122356756.13592291,2713038.8,0.0,0.0,0.0,0.0,0.0,0.9993359375,24.03,4.04,0.07019340008264408,0.8,20,0,0,0,0.1953125,0.20385060000000002,0.171875,0.21875,0.18755570000000002,0.22014550000000002,0.24,0.15987100356829953
synthetic,abrupt,256,qpsk,1181400,synthetic:abrupt:256:qpsk:1181400,otfs,residual,51995164.13592291,777104.0,0.0,0.0,0.0,0.0,,0.0,11.6,1.0,0.013132999825756997,0.0,0,0,0,0,0.1171875,0.11888989999999999,0.09375,0.140625,0.0945894,0.1431904,0.4,0.4087899813188504
synthetic,abrupt,256,qpsk,1181400,synthetic:abrupt:256:qpsk:1181400,otfs,stable,48243052.13592291,582051.0067961453,0.0,0.0,0.0,0.0,,0.0,8.82,4.41,0.05116600022302009,0.0,0,0,0,0,0.1484375,0.1489897,0.125,0.171875,0.1362506,0.1617288,0.3157894736842105,0.1710064521238717
synthetic,abrupt,256,qpsk,1181401,synthetic:abrupt:256:qpsk:1181401,afdm,gray,121886220.13592291,1995120.7999999998,0.0,0.0,0.0,0.0,0.0,0.00455078125,29.16,4.58,0.07507879994227551,0.0,0,0,0,0,0.1875,0.19219960000000003,0.1875,0.1875,0.188534,0.19586520000000002,0.0,0.03814367979954177
synthetic,abrupt,256,qpsk,1181401,synthetic:abrupt:256:qpsk:1181401,afdm,merged_absolute,111037488.13592291,1403928.0,0.0,0.0,0.0,0.0,0.0,0.99994140625,15.2,2.61,0.06176339986268431,0.0,100,0,0,0,0.25,0.2479995,0.21875,0.28125,0.2169065,0.2790925,0.25,0.25075050554537415
synthetic,abrupt,256,qpsk,1181401,synthetic:abrupt:256:qpsk:1181401,afdm,phase_absolute,114578480.13592291,1444888.0,0.0,0.0,0.0,0.0,0.0,0.99994140625,15.2,2.61,0.08777900025597773,0.0,100,0,0,0,0.265625,0.2606364,0.21875,0.3125,0.211515,0.3097578,0.35294117647058826,0.37693430388080873
synthetic,abrupt,256,qpsk,1181401,synthetic:abrupt:256:qpsk:1181401,afdm,phase_relative,112529856.13592291,1621883.4,0.0,0.0,0.0,0.0,0.0,0.999765625,19.22,2.98,0.07861869988846593,0.65,35,0,0,0,0.2109375,0.20862035,0.203125,0.21875,0.1914382,0.22580250000000002,0.07407407407407407,0.16472170619980273
synthetic,abrupt,256,qpsk,1181401,synthetic:abrupt:256:qpsk:1181401,afdm,r6_deep,96322408.13592291,1235024.0,0.0,0.0,0.0,0.0,0.0,0.99994140625,15.2,2.61,0.05697100007091649,0.0,100,0,0,0,0.2109375,0.22381755000000003,0.1875,0.23437500000000003,0.19953140000000003,0.2481037,0.22222222222222235,0.21701738759985523
synthetic,abrupt,256,qpsk,1181401,synthetic:abrupt:256:qpsk:1181401,afdm,radau,135918492.1359229,2325480.4,0.0,0.0,0.0,0.0,0.0,0.9994921875,34.21,4.95,0.06893359997775406,0.0,0,0,0,0,0.203125,0.2105698,0.1875,0.21875,0.2021202,0.2190194,0.15384615384615385,0.08025462340753518
synthetic,abrupt,256,qpsk,1181401,synthetic:abrupt:256:qpsk:1181401,afdm,relative_radau,128765548.13592291,2357887.9999999995,0.0,0.0,0.0,0.0,0.0,0.99916015625,25.04,4.66,0.0887112999043893,0.65,35,0,0,0,0.2421875,0.24372095000000002,0.203125,0.28125,0.200882,0.28655990000000003,0.3225806451612903,0.3515409733960089
synthetic,abrupt,256,qpsk,1181401,synthetic:abrupt:256:qpsk:1181401,afdm,residual,59056172.13592291,802712.0,0.0,0.0,0.0,0.0,,0.0,14.34,1.0,0.01084629973047413,0.0,0,0,0,0,0.09375,0.09587880000000001,0.09375,0.09375,0.0935006,0.09825700000000001,0.0,0.0496084640191576
synthetic,abrupt,256,qpsk,1181401,synthetic:abrupt:256:qpsk:1181401,afdm,stable,50461148.13592291,645984.0,0.0,0.0,0.0,0.0,,0.0,9.76,4.88,0.046360900363652036,0.0,0,0,0,0,0.1484375,0.14880290000000002,0.125,0.171875,0.13020220000000002,0.1674036,0.3157894736842105,0.2500045362019154
synthetic,abrupt,256,qpsk,1181401,synthetic:abrupt:256:qpsk:1181401,ofdm,gray,125768076.13592291,2091716.7999999998,1.953125e-05,1.953125e-05,7.8125e-05,5.859375e-05,0.0,0.0130859375,30.69,4.85,0.0770333003019914,0.0,0,0,0,0,0.1953125,0.19737490000000002,0.1875,0.203125,0.19251000000000001,0.20223980000000003,0.08,0.04929603510882088
synthetic,abrupt,256,qpsk,1181401,synthetic:abrupt:256:qpsk:1181401,ofdm,merged_absolute,132824020.13592291,1834711.6,1.953125e-05,1.953125e-05,7.8125e-05,5.859375e-05,0.0,0.9962109375,22.0,3.2,0.0971941000316292,0.0,100,0,0,0,0.265625,0.26616545,0.23437500000000003,0.296875,0.2376269,0.294704,0.2352941176470587,0.2144421824846163
synthetic,abrupt,256,qpsk,1181401,synthetic:abrupt:256:qpsk:1181401,ofdm,phase_absolute,136365012.1359229,1875671.6,1.953125e-05,1.953125e-05,7.8125e-05,5.859375e-05,0.0,0.9962109375,22.0,3.2,0.07440379992476664,0.0,100,0,0,0,0.234375,0.24975365000000002,0.21875,0.25,0.23772910000000003,0.2617782,0.13333333333333333,0.0962912854326653
synthetic,abrupt,256,qpsk,1181401,synthetic:abrupt:256:qpsk:1181401,ofdm,phase_relative,125788364.13592291,1959342.5999999999,1.953125e-05,1.953125e-05,7.8125e-05,5.859375e-05,0.0,0.99568359375,23.52,3.34,0.09598279974306934,0.65,35,0,0,0,0.234375,0.24217255000000001,0.21875,0.25,0.2244238,0.2599213,0.13333333333333333,0.14657937078335267
synthetic,abrupt,256,qpsk,1181401,synthetic:abrupt:256:qpsk:1181401,ofdm,r6_deep,118108940.13592291,1665807.6,1.953125e-05,1.953125e-05,7.8125e-05,5.859375e-05,0.0,0.9962109375,22.0,3.2,0.07842699988395907,0.0,100,0,0,0,0.2578125,0.2664541,0.23437500000000003,0.28125,0.24013700000000002,0.2927712,0.1818181818181817,0.1975357106533545
synthetic,abrupt,256,qpsk,1181401,synthetic:abrupt:256:qpsk:1181401,ofdm,radau,137932772.1359229,2358828.8,1.953125e-05,1.953125e-05,7.8125e-05,5.859375e-05,0.0,0.99736328125,35.46,5.07,0.06813939989660867,0.0,0,0,0,0,0.1953125,0.2017718,0.1875,0.203125,0.20009970000000002,0.2034439,0.08,0.01657416943299307
synthetic,abrupt,256,qpsk,1181401,synthetic:abrupt:256:qpsk:1181401,ofdm,relative_radau,128216372.13592291,2441192.4,1.953125e-05,1.953125e-05,7.8125e-05,5.859375e-05,0.0,0.9966015625,25.78,4.53,0.08061900042230263,0.65,35,0,0,0,0.2421875,0.2432802,0.21875,0.265625,0.2193137,0.2672467,0.1935483870967742,0.197027953775112
synthetic,abrupt,256,qpsk,1181401,synthetic:abrupt:256:qpsk:1181401,ofdm,residual,58454796.13592291,763331.5999999999,1.953125e-05,1.953125e-05,7.8125e-05,5.859375e-05,,0.0,14.46,1.0,0.011331599904224277,0.0,0,0,0,0,0.09375,0.0974142,0.09375,0.09375,0.0942531,0.1005753,0.0,0.06490018908947566
synthetic,abrupt,256,qpsk,1181401,synthetic:abrupt:256:qpsk:1181401,ofdm,stable,41817820.13592291,463680.0,1.953125e-05,1.953125e-05,7.8125e-05,5.859375e-05,,0.0,8.0,4.0,0.038841899775434285,0.0,0,0,0,0,0.109375,0.1144887,0.109375,0.109375,0.1093631,0.1196143,0.0,0.08953896760116939
synthetic,abrupt,256,qpsk,1181401,synthetic:abrupt:256:qpsk:1181401,otfs,gray,123752796.13592291,1950048.7999999998,0.0,0.0,0.0,0.0,0.0,0.01787109375,29.32,4.6,0.0827609997941181,0.0,0,0,0,0,0.2109375,0.2203797,0.203125,0.21875,0.2071925,0.23356690000000002,0.07407407407407407,0.11967708459535982
synthetic,abrupt,256,qpsk,1181401,synthetic:abrupt:256:qpsk:1181401,otfs,merged_absolute,119698180.13592291,1864808.0,0.0,0.0,0.0,0.0,0.0,0.999921875,17.34,2.78,0.06401429980178364,0.0,100,0,0,0,0.2109375,0.2229354,0.203125,0.21875,0.2103685,0.23550230000000003,0.07407407407407407,0.11274028261101651
synthetic,abrupt,256,qpsk,1181401,synthetic:abrupt:256:qpsk:1181401,otfs,phase_absolute,123239172.13592291,1905768.0,0.0,0.0,0.0,0.0,0.0,0.999921875,17.34,2.78,0.0789312998240348,0.0,100,0,0,0,0.234375,0.24330220000000002,0.203125,0.265625,0.22259410000000002,0.26401030000000003,0.26666666666666666,0.1702253411600882
synthetic,abrupt,256,qpsk,1181401,synthetic:abrupt:256:qpsk:1181401,otfs,phase_relative,120584476.13592291,1910431.3999999997,0.0,0.0,0.0,0.0,0.0,0.99990234375,21.15,3.15,0.12635169958230108,0.65,35,0,0,0,0.265625,0.27271695,0.1875,0.34375,0.2043316,0.3411023,0.5882352941176471,0.5015115488787918
synthetic,abrupt,256,qpsk,1181401,synthetic:abrupt:256:qpsk:1181401,otfs,r6_deep,104983100.13592291,1695904.0,0.0,0.0,0.0,0.0,0.0,0.999921875,17.34,2.78,0.06654369964962825,0.0,100,0,0,0,0.234375,0.24220175,0.203125,0.265625,0.2126258,0.2717777,0.26666666666666666,0.24422573329878916
synthetic,abrupt,256,qpsk,1181401,synthetic:abrupt:256:qpsk:1181401,otfs,radau,136836476.1359229,2311648.0,0.0,0.0,0.0,0.0,0.0,0.99890625,34.06,4.94,0.08570779996807687,0.0,0,0,0,0,0.1953125,0.21890865000000004,0.1875,0.203125,0.21013620000000002,0.22768110000000003,0.08,0.08014712986444346
synthetic,abrupt,256,qpsk,1181401,synthetic:abrupt:256:qpsk:1181401,otfs,relative_radau,129628156.13592291,2370530.4,0.0,0.0,0.0,0.0,0.0,0.9988671875,24.99,4.61,0.06970370002090931,0.65,35,0,0,0,0.2109375,0.21147145,0.203125,0.21875,0.2113875,0.2115554,0.07407407407407407,0.0007939606031925284
synthetic,abrupt,256,qpsk,1181401,synthetic:abrupt:256:qpsk:1181401,otfs,residual,59657908.13592291,808856.0,0.0,0.0,0.0,0.0,,0.0,14.35,1.0,0.021270299999741837,0.0,0,0,0,0,0.1328125,0.13168435,0.109375,0.15625,0.0990545,0.16431420000000002,0.35294117647058826,0.4955767333020212
synthetic,abrupt,256,qpsk,1181401,synthetic:abrupt:256:qpsk:1181401,otfs,stable,53913068.13592291,746352.0,0.0,0.0,0.0,0.0,,0.0,10.26,5.13,0.07769320017541759,0.0,0,0,0,0,0.171875,0.18040965,0.15625,0.1875,0.1670385,0.1937808,0.18181818181818182,0.14823098431818915
synthetic,high,128,16qam,1180900,synthetic:high:128:16qam:1180900,afdm,gray,135360680.0,1511537.5999999999,9.765625e-05,9.765625e-05,0.02779296875,0.027890625,0.0,0.9840625,66.79,7.56,0.81553460037685,0.0,0,0,0,0,1.8750000000000002,1.9128532500000002,1.8593750000000002,1.8906250000000002,1.9124302000000002,1.9132763000000002,0.016666666666666663,0.0004423235290004399
synthetic,high,128,16qam,1180900,synthetic:high:128:16qam:1180900,afdm,merged_absolute,152558184.0,1685852.8,9.765625e-05,9.765625e-05,0.02779296875,0.027890625,0.0,0.9840625,66.79,7.56,0.9351338999986183,0.0,100,0,0,0,2.203125,2.3311432,2.171875,2.234375,2.2994067,2.3628797,0.028368794326241134,0.027228271519312976
synthetic,high,128,16qam,1180900,synthetic:high:128:16qam:1180900,afdm,phase_absolute,154180200.0,1702236.8,9.765625e-05,9.765625e-05,0.02779296875,0.027890625,0.0,0.9840625,66.79,7.56,0.9072872006508987,0.0,100,0,0,0,2.140625,2.2979276000000004,2.078125,2.203125,2.2811437000000003,2.3147115,0.058394160583941604,0.014607857967326603
synthetic,high,128,16qam,1180900,synthetic:high:128:16qam:1180900,afdm,phase_relative,154180200.0,1702236.8,9.765625e-05,9.765625e-05,0.02779296875,0.027890625,0.0,0.9840625,66.79,7.56,0.9133445000916254,0.0,100,0,0,0,2.140625,2.2980787000000005,2.046875,2.234375,2.2575098000000002,2.3386476000000003,0.08759124087591241,0.035306797804618276
synthetic,high,128,16qam,1180900,synthetic:high:128:16qam:1180900,afdm,r6_deep,145617544.0,1616060.8,9.765625e-05,9.765625e-05,0.02779296875,0.027890625,0.0,0.9840625,66.79,7.56,0.9101596997643355,0.0,100,0,0,0,2.171875,2.2943323,2.171875,2.171875,2.2884641,2.3002005000000003,0.0,0.0051153880368594385
synthetic,high,128,16qam,1180900,synthetic:high:128:16qam:1180900,afdm,radau,136642320.0,1492048.0,3.90625e-05,3.90625e-05,0.0278515625,0.027890625,0.0,0.99166015625,71.09,7.91,0.6489552995772101,0.0,0,0,0,0,1.671875,1.7934783000000003,1.625,1.71875,1.7882555000000002,1.7987011000000002,0.056074766355140186,0.005824213206259558
synthetic,high,128,16qam,1180900,synthetic:high:128:16qam:1180900,afdm,relative_radau,152034576.0,1646544.0,3.90625e-05,3.90625e-05,0.0278515625,0.027890625,0.0,0.99166015625,71.09,7.91,0.63371269981144,0.0,100,0,0,0,1.9609375000000002,2.08187725,1.9375000000000002,1.9843750000000002,2.0587493,2.1050052,0.023904382470119518,0.02221836085676992
synthetic,high,128,16qam,1180900,synthetic:high:128:16qam:1180900,afdm,residual,34413744.0,387547.6,0.0180859375,0.0180859375,0.03390625,0.027890625,,0.0,17.88,1.0,0.059460600110469386,0.0,0,0,0,0,0.5390625,0.5875957,0.5,0.578125,0.5869803,0.5882111,0.14492753623188406,0.002094637520322181
synthetic,high,128,16qam,1180900,synthetic:high:128:16qam:1180900,afdm,stable,81951024.0,1147584.0,0.00310546875,0.00310546875,0.02779296875,0.027890625,,0.0,38.84,19.42,0.9112644999986514,0.0,0,0,0,0,1.546875,1.6918948500000002,1.5,1.59375,1.6769872000000001,1.7068025,0.06060606060606061,0.017622430850238638
synthetic,high,128,16qam,1180900,synthetic:high:128:16qam:1180900,ofdm,gray,131115848.0,1456682.0,0.00017578125,0.00017578125,0.0299609375,0.02986328125,0.0,0.9843359375,65.29,7.42,0.7715529997367412,0.0,0,0,0,0,1.78125,1.8197469000000002,1.734375,1.8281250000000002,1.8195093000000002,1.8199845000000001,0.05263157894736854,0.00026113521611159104
synthetic,high,128,16qam,1180900,synthetic:high:128:16qam:1180900,ofdm,merged_absolute,148237160.0,1630643.5999999999,0.00017578125,0.00017578125,0.0299609375,0.02986328125,0.0,0.9843359375,65.29,7.42,0.8790890004893299,0.0,100,0,0,0,2.125,2.23578605,2.125,2.125,2.23308,2.2384921,0.0,0.002420669902650135
synthetic,high,128,16qam,1180900,synthetic:high:128:16qam:1180900,ofdm,phase_absolute,149859176.0,1647027.5999999999,0.00017578125,0.00017578125,0.0299609375,0.02986328125,0.0,0.9843359375,65.29,7.42,0.8575197003374342,0.0,100,0,0,0,2.140625,2.23409955,2.140625,2.140625,2.2146727,2.2535264,0.0,0.017391212490956466
synthetic,high,128,16qam,1180900,synthetic:high:128:16qam:1180900,ofdm,phase_relative,149859176.0,1647027.5999999999,0.00017578125,0.00017578125,0.0299609375,0.02986328125,0.0,0.9843359375,65.29,7.42,0.8670352999761235,0.0,100,0,0,0,2.15625,2.25952375,2.140625,2.171875,2.2407876,2.2782599,0.014492753623188406,0.016584158498002124
synthetic,high,128,16qam,1180900,synthetic:high:128:16qam:1180900,ofdm,r6_deep,141296520.0,1560851.5999999999,0.00017578125,0.00017578125,0.0299609375,0.02986328125,0.0,0.9843359375,65.29,7.42,0.8603825000463985,0.0,100,0,0,0,2.0390625,2.1856743,2.03125,2.046875,2.1785561,2.1927925,0.007662835249042145,0.006513504779737633
synthetic,high,128,16qam,1180900,synthetic:high:128:16qam:1180900,ofdm,radau,132427752.0,1446672.8,0.00013671875,0.00013671875,0.029921875,0.02986328125,0.0,0.9916796875,69.55,7.76,0.5803264998830855,0.0,0,0,0,0,1.6171875,1.67031615,1.578125,1.65625,1.6240233000000002,1.716609,0.04830917874396135,0.0554300453839232
synthetic,high,128,16qam,1180900,synthetic:high:128:16qam:1180900,ofdm,relative_radau,147820008.0,1601168.8,0.00013671875,0.00013671875,0.029921875,0.02986328125,0.0,0.9916796875,69.55,7.76,0.6122334999672603,0.0,100,0,0,0,1.8906250000000002,2.01395185,1.8125000000000002,1.9687500000000002,2.0111639,2.0167398000000003,0.08264462809917354,0.0027686362015061027
synthetic,high,128,16qam,1180900,synthetic:high:128:16qam:1180900,ofdm,residual,34009432.0,382248.0,0.0162109375,0.0162109375,0.03771484375,0.02986328125,,0.0,17.93,1.0,0.0553692999528721,0.0,0,0,0,0,0.5078125,0.57866375,0.45312500000000006,0.5625,0.5738709000000001,0.5834566,0.21538461538461529,0.016565233263704387
synthetic,high,128,16qam,1180900,synthetic:high:128:16qam:1180900,ofdm,stable,78832000.0,1064752.0,0.00330078125,0.00330078125,0.0305859375,0.02986328125,,0.0,38.94,19.47,0.8830470999528188,0.0,0,0,0,0,1.625,1.6573829,1.609375,1.640625,1.6410029000000002,1.6737629,0.019230769230769232,0.019766102329159967
synthetic,high,128,16qam,1180900,synthetic:high:128:16qam:1180900,otfs,gray,136524768.0,1562004.8,0.00015625,0.00015625,0.027734375,0.02765625,0.0,0.98380859375,66.63,7.67,0.89518670013058,0.0,0,0,0,0,1.8359375,1.9255053500000001,1.734375,1.9375000000000002,1.8589435,1.9920672000000001,0.11063829787234054,0.06913701901685189
synthetic,high,128,16qam,1180900,synthetic:high:128:16qam:1180900,otfs,merged_absolute,153744256.0,1737182.4,0.00015625,0.00015625,0.027734375,0.02765625,0.0,0.98380859375,66.63,7.67,0.986189699935494,0.0,100,0,0,0,2.140625,2.3002543500000003,2.125,2.15625,2.2600649,2.3404438,0.014598540145985401,0.03494348353259278
synthetic,high,128,16qam,1180900,synthetic:high:128:16qam:1180900,otfs,phase_absolute,155366272.0,1753566.4,0.00015625,0.00015625,0.027734375,0.02765625,0.0,0.98380859375,66.63,7.67,0.992418499867199,0.0,100,0,0,0,2.1796875,2.3992059,1.9843750000000002,2.375,2.3967187,2.4016931,0.17921146953405007,0.002073352687237075
synthetic,high,128,16qam,1180900,synthetic:high:128:16qam:1180900,otfs,phase_relative,155366272.0,1753566.4,0.00015625,0.00015625,0.027734375,0.02765625,0.0,0.98380859375,66.63,7.67,0.9736547005595639,0.0,100,0,0,0,2.2734375,2.36519835,2.21875,2.328125,2.3535362,2.3768605000000003,0.048109965635738834,0.009861456228396268
synthetic,high,128,16qam,1180900,synthetic:high:128:16qam:1180900,otfs,r6_deep,146803616.0,1667390.4,0.00015625,0.00015625,0.027734375,0.02765625,0.0,0.98380859375,66.63,7.67,0.9903550001909025,0.0,100,0,0,0,2.2890625,2.3702551,2.265625,2.3125,2.3641073,2.3764029,0.020477815699658702,0.005187458514486416
synthetic,high,128,16qam,1180900,synthetic:high:128:16qam:1180900,otfs,radau,136813928.0,1503974.0,0.0001171875,0.0001171875,0.0276953125,0.02765625,0.0,0.991875,70.6,7.87,0.6791825999098364,0.0,0,0,0,0,1.75,1.8280668500000001,1.71875,1.78125,1.7637638000000002,1.8923699,0.03571428571428571,0.07035087365650759
synthetic,high,128,16qam,1180900,synthetic:high:128:16qam:1180900,otfs,relative_radau,152206184.0,1653536.8,0.0001171875,0.0001171875,0.0276953125,0.02765625,0.0,0.991875,70.6,7.87,0.7108717997907661,0.0,100,0,0,0,2.0625,2.1173584500000002,2.0625,2.0625,2.1156482000000003,2.1190687,0.0,0.0016154562776084635
synthetic,high,128,16qam,1180900,synthetic:high:128:16qam:1180900,otfs,residual,34486960.0,389928.0,0.0182421875,0.0182421875,0.034765625,0.02765625,,0.0,17.72,1.0,0.07333899996592663,0.0,0,0,0,0,0.5703125,0.6240375,0.5625,0.578125,0.6103104,0.6377646,0.0273972602739726,0.04399447148608855
synthetic,high,128,16qam,1180900,synthetic:high:128:16qam:1180900,otfs,stable,84131760.0,1138992.0,0.00287109375,0.00287109375,0.02814453125,0.02765625,,0.0,38.84,19.42,1.1302579996699933,0.0,0,0,0,0,1.828125,1.92337925,1.78125,1.8750000000000002,1.9174701,1.9292884000000001,0.051282051282051405,0.006144550015292126
synthetic,high,128,16qam,1180901,synthetic:high:128:16qam:1180901,afdm,gray,32429864.0,349256.0,0.0,0.0,0.0,0.0,0.0,0.82193359375,9.06,2.53,0.257715600047959,0.0,0,0,0,0,0.609375,0.6491683,0.5625,0.65625,0.6487267,0.6496099000000001,0.15384615384615385,0.0013605100557129543
synthetic,high,128,16qam,1180901,synthetic:high:128:16qam:1180901,afdm,merged_absolute,47140136.0,499656.0,0.0,0.0,0.0,0.0,0.0,0.82193359375,9.06,2.53,0.28788500020164065,0.0,100,0,0,0,0.8671875,0.938023,0.796875,0.9375000000000001,0.9163512,0.9596948000000001,0.16216216216216228,0.046207395767481216
synthetic,high,128,16qam,1180901,synthetic:high:128:16qam:1180901,afdm,phase_absolute,48762152.0,516040.0,0.0,0.0,0.0,0.0,0.0,0.82193359375,9.06,2.53,0.3017755002947524,0.0,100,0,0,0,0.875,0.974338,0.859375,0.890625,0.9474362000000001,1.0012398,0.03571428571428571,0.05522067290816939
synthetic,high,128,16qam,1180901,synthetic:high:128:16qam:1180901,afdm,phase_relative,48762152.0,516040.0,0.0,0.0,0.0,0.0,0.0,0.82193359375,9.06,2.53,0.28267050004797056,0.0,100,0,0,0,0.9453125000000001,0.9859014,0.9062500000000001,0.9843750000000001,0.9503486000000001,1.0214542,0.08264462809917354,0.07212242522426672
synthetic,high,128,16qam,1180901,synthetic:high:128:16qam:1180901,afdm,r6_deep,40199496.0,429864.0,0.0,0.0,0.0,0.0,0.0,0.82193359375,9.06,2.53,0.2822350998176262,0.0,100,0,0,0,0.8046875,0.94544835,0.796875,0.8125,0.9239384,0.9669583,0.019417475728155338,0.045502115477804785
synthetic,high,128,16qam,1180901,synthetic:high:128:16qam:1180901,afdm,radau,33244608.0,339016.0,0.0,0.0,0.0,0.0,0.0,0.9994921875,9.8,2.9,0.22615280005265959,0.0,0,0,0,0,0.5859375,0.6281333,0.578125,0.59375,0.6269408000000001,0.6293258,0.02666666666666667,0.0037969647525453124
synthetic,high,128,16qam,1180901,synthetic:high:128:16qam:1180901,afdm,relative_radau,48636864.0,493512.0,0.0,0.0,0.0,0.0,0.0,0.9994921875,9.8,2.9,0.214484499883838,0.0,100,0,0,0,0.8203125,0.8866732000000002,0.78125,0.859375,0.8483248000000001,0.9250216000000001,0.09523809523809523,0.08649951301110713
synthetic,high,128,16qam,1180901,synthetic:high:128:16qam:1180901,afdm,residual,17607864.0,179376.0,0.0,0.0,0.0,0.0,,0.0,5.73,1.0,0.059478199953446165,0.0,0,0,0,0,0.375,0.4287073,0.359375,0.390625,0.4263442,0.4310704,0.08333333333333333,0.01102430492786107
synthetic,high,128,16qam,1180901,synthetic:high:128:16qam:1180901,afdm,stable,23600112.0,266960.0,0.0,0.0,0.0,0.0,,0.0,8.36,4.18,0.20286050011054613,0.0,0,0,0,0,0.5703125,0.583326,0.5625,0.578125,0.5790773,0.5875747,0.0273972602739726,0.01456715455851443
synthetic,high,128,16qam,1180901,synthetic:high:128:16qam:1180901,ofdm,gray,31834832.0,341576.0,0.0,0.0,0.0,0.0,0.0,0.844375,9.12,2.56,0.2670841999934055,0.0,0,0,0,0,0.6640625,0.6857255500000001,0.65625,0.671875,0.6795969000000001,0.6918542000000001,0.023529411764705882,0.01787493553361111
synthetic,high,128,16qam,1180901,synthetic:high:128:16qam:1180901,ofdm,merged_absolute,46563536.0,491976.0,0.0,0.0,0.0,0.0,0.0,0.844375,9.12,2.56,0.2844271000067238,0.0,100,0,0,0,0.9609375000000001,0.96733,0.9531250000000001,0.9687500000000001,0.9593416,0.9753184,0.016260162601626015,0.01651639047687967
synthetic,high,128,16qam,1180901,synthetic:high:128:16qam:1180901,ofdm,phase_absolute,48185552.0,508360.0,0.0,0.0,0.0,0.0,0.0,0.844375,9.12,2.56,0.28934660024242476,0.0,100,0,0,0,0.9531250000000001,0.9914113500000001,0.9375000000000001,0.9687500000000001,0.9895733000000001,0.9932494000000001,0.032786885245901634,0.0037079462525821997
synthetic,high,128,16qam,1180901,synthetic:high:128:16qam:1180901,ofdm,phase_relative,48185552.0,508360.0,0.0,0.0,0.0,0.0,0.0,0.844375,9.12,2.56,0.290366199798882,0.0,100,0,0,0,0.8984375,0.9808058000000001,0.828125,0.9687500000000001,0.9776955,0.9839161000000001,0.1565217391304349,0.006342336066936003
synthetic,high,128,16qam,1180901,synthetic:high:128:16qam:1180901,ofdm,r6_deep,39622896.0,422184.0,0.0,0.0,0.0,0.0,0.0,0.844375,9.12,2.56,0.28881359996739775,0.0,100,0,0,0,0.9140625,0.9672881000000001,0.890625,0.9375000000000001,0.9549664000000001,0.9796098000000001,0.051282051282051405,0.02547679434906723
synthetic,high,128,16qam,1180901,synthetic:high:128:16qam:1180901,ofdm,radau,32410760.0,331336.0,0.0,0.0,0.0,0.0,0.0,0.9995703125,9.78,2.89,0.2357327000645455,0.0,0,0,0,0,0.6328125,0.65302095,0.625,0.640625,0.6463672,0.6596747000000001,0.024691358024691357,0.020378366115206607
synthetic,high,128,16qam,1180901,synthetic:high:128:16qam:1180901,ofdm,relative_radau,47803016.0,485832.0,0.0,0.0,0.0,0.0,0.0,0.9995703125,9.78,2.89,0.2354551997850649,0.0,100,0,0,0,0.90625,0.9344056500000001,0.890625,0.9218750000000001,0.9263178000000001,0.9424935000000001,0.03448275862068978,0.017311218098905987
synthetic,high,128,16qam,1180901,synthetic:high:128:16qam:1180901,ofdm,residual,17189720.0,174768.0,0.0,0.0,0.0,0.0,,0.0,5.77,1.0,0.05721130012534559,0.0,0,0,0,0,0.390625,0.41971325000000004,0.34375,0.4375,0.4002523,0.4391742,0.24,0.09273450385471511
synthetic,high,128,16qam,1180901,synthetic:high:128:16qam:1180901,ofdm,stable,23667248.0,256208.0,0.0,0.0,0.0,0.0,,0.0,8.92,4.46,0.21951109980000183,0.0,0,0,0,0,0.5859375,0.6173046,0.5625,0.609375,0.6026513,0.6319579000000001,0.08,0.0474751038628257
synthetic,high,128,16qam,1180901,synthetic:high:128:16qam:1180901,otfs,gray,33203960.0,354376.0,0.0,0.0,0.0,0.0,0.0,0.86662109375,9.18,2.59,0.3029085999878589,0.0,0,0,0,0,0.6953125,0.741743,0.6875,0.703125,0.7381798,0.7453062,0.02247191011235955,0.009607640382180859
synthetic,high,128,16qam,1180901,synthetic:high:128:16qam:1180901,otfs,merged_absolute,47951096.0,504776.0,0.0,0.0,0.0,0.0,0.0,0.86662109375,9.18,2.59,0.3288631998875644,0.0,100,0,0,0,0.8984375,1.01836125,0.796875,1.0,1.0133233000000001,1.0233992,0.22608695652173913,0.009894229577175992
synthetic,high,128,16qam,1180901,synthetic:high:128:16qam:1180901,otfs,phase_absolute,49573112.0,521160.0,0.0,0.0,0.0,0.0,0.0,0.86662109375,9.18,2.59,0.32620879987371154,0.0,100,0,0,0,0.9765625,1.0498688,0.9531250000000001,1.0,1.0377597,1.0619779,0.04799999999999988,0.023067834761829255
synthetic,high,128,16qam,1180901,synthetic:high:128:16qam:1180901,otfs,phase_relative,49573112.0,521160.0,0.0,0.0,0.0,0.0,0.0,0.86662109375,9.18,2.59,0.3274318001640495,0.0,100,0,0,0,0.9843750000000001,1.04201725,0.9843750000000001,0.9843750000000001,1.0343213,1.0497132,0.0,0.014771252587229255
synthetic,high,128,16qam,1180901,synthetic:high:128:16qam:1180901,otfs,r6_deep,41010456.0,434984.0,0.0,0.0,0.0,0.0,0.0,0.86662109375,9.18,2.59,0.3317068998585455,0.0,100,0,0,0,0.9453125000000001,1.0250844,0.9218750000000001,0.9687500000000001,1.0179292,1.0322396,0.04958677685950413,0.01396021634901483
synthetic,high,128,16qam,1180901,synthetic:high:128:16qam:1180901,otfs,radau,33804792.0,344136.0,0.0,0.0,0.0,0.0,0.0,0.9996875,9.82,2.91,0.2758026998490095,0.0,0,0,0,0,0.703125,0.7164005500000001,0.703125,0.703125,0.7152546000000001,0.7175465000000001,0.0,0.003199187940321951
synthetic,high,128,16qam,1180901,synthetic:high:128:16qam:1180901,otfs,relative_radau,49197048.0,498632.0,0.0,0.0,0.0,0.0,0.0,0.9996875,9.82,2.91,0.2692430997849442,0.0,100,0,0,0,0.9765625000000001,0.9872578000000001,0.9687500000000001,0.9843750000000001,0.9733683000000001,1.0011473,0.015999999999999997,0.028137534086841234
synthetic,high,128,16qam,1180901,synthetic:high:128:16qam:1180901,otfs,residual,17874728.0,182448.0,0.0,0.0,0.0,0.0,,0.0,5.71,1.0,0.0674525999056641,0.0,0,0,0,0,0.4375,0.45096225,0.4375,0.4375,0.44521710000000003,0.45670740000000004,0.0,0.025479516300976432
synthetic,high,128,16qam,1180901,synthetic:high:128:16qam:1180901,otfs,stable,24220272.0,274128.0,0.0,0.0,0.0,0.0,,0.0,8.36,4.18,0.2527582999318838,0.0,0,0,0,0,0.5859375,0.6698190500000001,0.546875,0.625,0.6584017000000001,0.6812364000000001,0.13333333333333333,0.03409084886433132
synthetic,high,128,qpsk,1180800,synthetic:high:128:qpsk:1180800,afdm,gray,28761376.0,287824.0,0.0,0.0,0.0,0.0,0.0,0.951953125,10.94,3.0,0.2380094999098219,0.0,0,0,0,0,0.640625,0.6649189500000001,0.640625,0.640625,0.6577532,0.6720847000000001,0.0,0.021553754784699775
synthetic,high,128,qpsk,1180800,synthetic:high:128:qpsk:1180800,afdm,merged_absolute,43146016.0,432080.0,0.0,0.0,0.0,0.0,0.0,0.951953125,10.94,3.0,0.25751270016189665,0.0,100,0,0,0,0.9375000000000001,0.97095025,0.9218750000000001,0.9531250000000001,0.9608098,0.9810907000000001,0.033333333333333326,0.020887681938389784
synthetic,high,128,qpsk,1180800,synthetic:high:128:qpsk:1180800,afdm,phase_absolute,44768032.0,448464.0,0.0,0.0,0.0,0.0,0.0,0.951953125,10.94,3.0,0.26601040008245036,0.0,100,0,0,0,0.953125,0.9896179,0.9062500000000001,1.0,0.9798247000000001,0.9994111000000001,0.0983606557377048,0.019791881290748686
synthetic,high,128,qpsk,1180800,synthetic:high:128:qpsk:1180800,afdm,phase_relative,44768032.0,448464.0,0.0,0.0,0.0,0.0,0.0,0.951953125,10.94,3.0,0.2632599998614751,0.0,100,0,0,0,0.9531250000000001,0.98636045,0.9218750000000001,0.9843750000000001,0.9813236000000001,0.9913973,0.06557377049180327,0.010213000734163624
synthetic,high,128,qpsk,1180800,synthetic:high:128:qpsk:1180800,afdm,r6_deep,36205376.0,362288.0,0.0,0.0,0.0,0.0,0.0,0.951953125,10.94,3.0,0.26419779981370084,0.0,100,0,0,0,0.9531250000000001,0.96453915,0.9375000000000001,0.9687500000000001,0.9619237,0.9671546000000001,0.032786885245901634,0.005423211696487424
synthetic,high,128,qpsk,1180800,synthetic:high:128:qpsk:1180800,afdm,radau,28327256.0,282704.0,0.0,0.0,0.0,0.0,0.0,1.0,11.01,3.0,0.2564720999507699,0.0,0,0,0,0,0.6171875,0.70735705,0.578125,0.65625,0.6419594000000001,0.7727547,0.12658227848101267,0.1849070423486978
synthetic,high,128,qpsk,1180800,synthetic:high:128:qpsk:1180800,afdm,relative_radau,43719512.0,437200.0,0.0,0.0,0.0,0.0,0.0,1.0,11.01,3.0,0.2215948000375647,0.0,100,0,0,0,0.8984375,0.92309925,0.890625,0.9062500000000001,0.8992027,0.9469958,0.017391304347826212,0.051774606035049894
synthetic,high,128,qpsk,1180800,synthetic:high:128:qpsk:1180800,afdm,residual,17828336.0,177848.0,0.0,0.0,0.0,0.0,,0.0,7.0,1.0,0.05793030030326918,0.0,0,0,0,0,0.421875,0.45297830000000006,0.390625,0.45312500000000006,0.4362441,0.46971250000000003,0.14814814814814828,0.07388521701812208
synthetic,high,128,qpsk,1180800,synthetic:high:128:qpsk:1180800,afdm,stable,20657936.0,206144.0,0.0,0.0,0.0,0.0,,0.0,8.0,4.0,0.19641000020783395,0.0,0,0,0,0,0.5703125,0.5872289,0.546875,0.59375,0.5822550000000001,0.5922028,0.0821917808219178,0.016940242552776184
synthetic,high,128,qpsk,1180800,synthetic:high:128:qpsk:1180800,ofdm,gray,27948424.0,280144.0,0.0,0.0,0.0,0.0,0.0,0.929140625,10.91,3.0,0.3420416999142617,0.0,0,0,0,0,0.6640625,0.7909939,0.65625,0.671875,0.6612552,0.9207326,0.023529411764705882,0.3280396979041178
synthetic,high,128,qpsk,1180800,synthetic:high:128:qpsk:1180800,ofdm,merged_absolute,42333064.0,424400.0,0.0,0.0,0.0,0.0,0.0,0.929140625,10.91,3.0,0.2525061000196729,0.0,100,0,0,0,0.9296875000000001,0.9516402500000001,0.9062500000000001,0.9531250000000001,0.9292346,0.9740459,0.050420168067226885,0.04708848748253344
synthetic,high,128,qpsk,1180800,synthetic:high:128:qpsk:1180800,ofdm,phase_absolute,43955080.0,440784.0,0.0,0.0,0.0,0.0,0.0,0.929140625,10.91,3.0,0.29233150006621145,0.0,100,0,0,0,0.9296875,1.02081475,0.828125,1.03125,0.9665462,1.0750833,0.2184873949579832,0.10632399267349922
synthetic,high,128,qpsk,1180800,synthetic:high:128:qpsk:1180800,ofdm,phase_relative,43955080.0,440784.0,0.0,0.0,0.0,0.0,0.0,0.929140625,10.91,3.0,0.2624133999051992,0.0,100,0,0,0,0.9140625,0.9786348500000001,0.890625,0.9375000000000001,0.9785569000000001,0.9787128,0.051282051282051405,0.00015930354411554688
synthetic,high,128,qpsk,1180800,synthetic:high:128:qpsk:1180800,ofdm,r6_deep,35392424.0,354608.0,0.0,0.0,0.0,0.0,0.0,0.929140625,10.91,3.0,0.2566254000994377,0.0,100,0,0,0,0.9140625000000001,0.9484088500000001,0.9062500000000001,0.9218750000000001,0.9367644,0.9600533000000001,0.017094017094017092,0.02455575989194961
synthetic,high,128,qpsk,1180800,synthetic:high:128:qpsk:1180800,ofdm,radau,27533264.0,275024.0,0.0,0.0,0.0,0.0,0.0,1.0,11.0,3.0,0.20263349986635149,0.0,0,0,0,0,0.6328125,0.6417725000000001,0.609375,0.65625,0.6172364,0.6663086,0.07407407407407407,0.07646354432450753
synthetic,high,128,qpsk,1180800,synthetic:high:128:qpsk:1180800,ofdm,relative_radau,42925520.0,429520.0,0.0,0.0,0.0,0.0,0.0,1.0,11.0,3.0,0.2219066998513881,0.0,100,0,0,0,0.890625,0.9421978000000001,0.828125,0.9531250000000001,0.8668685,1.0175271000000001,0.1403508771929826,0.15990124366666963
synthetic,high,128,qpsk,1180800,synthetic:high:128:qpsk:1180800,ofdm,residual,17354864.0,173240.0,0.0,0.0,0.0,0.0,,0.0,7.0,1.0,0.058620800089556724,0.0,0,0,0,0,0.4296875,0.44862540000000006,0.421875,0.4375,0.44092820000000005,0.4563226,0.03636363636363636,0.03431459743474171
synthetic,high,128,qpsk,1180800,synthetic:high:128:qpsk:1180800,ofdm,stable,19723664.0,196928.0,0.0,0.0,0.0,0.0,,0.0,8.0,4.0,0.18772329989587888,0.0,0,0,0,0,0.5703125,0.57826325,0.5625,0.578125,0.5733976000000001,0.5831289000000001,0.0273972602739726,0.016828494634580353
synthetic,high,128,qpsk,1180800,synthetic:high:128:qpsk:1180800,otfs,gray,29249944.0,292944.0,0.0,0.0,0.0,0.0,0.0,0.933515625,10.93,3.0,0.28436430013971403,0.0,0,0,0,0,0.7109375,0.7349048,0.703125,0.71875,0.7191295000000001,0.7506801000000001,0.02197802197802198,0.042931547052080736
synthetic,high,128,qpsk,1180800,synthetic:high:128:qpsk:1180800,otfs,merged_absolute,43634584.0,437200.0,0.0,0.0,0.0,0.0,0.0,0.933515625,10.93,3.0,0.3082976999285165,0.0,100,0,0,0,0.984375,1.0287573,0.9687500000000001,1.0,1.0138420000000001,1.0436726,0.03174603174603163,0.028996732271061334
synthetic,high,128,qpsk,1180800,synthetic:high:128:qpsk:1180800,otfs,phase_absolute,45256600.0,453584.0,0.0,0.0,0.0,0.0,0.0,0.933515625,10.93,3.0,0.2985274003003724,0.0,100,0,0,0,1.0078125,1.05369365,0.9843750000000001,1.03125,1.0327707000000002,1.0746166000000001,0.04651162790697663,0.03971353533353835
synthetic,high,128,qpsk,1180800,synthetic:high:128:qpsk:1180800,otfs,phase_relative,45256600.0,453584.0,0.0,0.0,0.0,0.0,0.0,0.933515625,10.93,3.0,0.2965816998912487,0.0,100,0,0,0,0.984375,1.03627665,0.9531250000000001,1.015625,1.0250772000000001,1.0474761000000001,0.06349206349206338,0.021614787904368972
synthetic,high,128,qpsk,1180800,synthetic:high:128:qpsk:1180800,otfs,r6_deep,36693944.0,367408.0,0.0,0.0,0.0,0.0,0.0,0.933515625,10.93,3.0,0.42355400024098344,0.0,100,0,0,0,1.0,1.1830743,0.9531250000000001,1.046875,0.9917073000000001,1.3744413,0.09374999999999989,0.32350799945531733
synthetic,high,128,qpsk,1180800,synthetic:high:128:qpsk:1180800,otfs,radau,28813264.0,287824.0,0.0,0.0,0.0,0.0,0.0,1.0,11.0,3.0,0.2717992999823764,0.0,0,0,0,0,0.6796875,0.7282616500000001,0.671875,0.6875,0.6981833000000001,0.75834,0.022988505747126436,0.08260314132976787
synthetic,high,128,qpsk,1180800,synthetic:high:128:qpsk:1180800,otfs,relative_radau,44205520.0,442320.0,0.0,0.0,0.0,0.0,0.0,1.0,11.0,3.0,0.2901479999709409,0.0,100,0,0,0,0.9765625,1.0485453,0.9531250000000001,1.0,1.0026625,1.0944281,0.04799999999999988,0.08751705815666715
synthetic,high,128,qpsk,1180800,synthetic:high:128:qpsk:1180800,otfs,residual,18122864.0,180920.0,0.0,0.0,0.0,0.0,,0.0,7.0,1.0,0.10123319996637292,0.0,0,0,0,0,0.47656250000000006,0.56740925,0.46875000000000006,0.48437500000000006,0.4715016,0.6633169,0.032786885245901634,0.33805458758382945
synthetic,high,128,qpsk,1180800,synthetic:high:128:qpsk:1180800,otfs,stable,21259664.0,212288.0,0.0,0.0,0.0,0.0,,0.0,8.0,4.0,0.24439379980321974,0.0,0,0,0,0,0.625,0.6663928,0.609375,0.640625,0.6557389,0.6770467,0.05,0.031974835262325745
synthetic,high,128,qpsk,1180801,synthetic:high:128:qpsk:1180801,afdm,gray,83610576.0,919230.0,0.0,0.0,3.90625e-05,3.90625e-05,0.0,0.9212890625,46.31,5.73,0.4442417002574075,0.0,0,0,0,0,1.2421875,1.2704918,1.203125,1.28125,1.2485617,1.2924219000000001,0.06289308176100629,0.03452222202457358
synthetic,high,128,qpsk,1180801,synthetic:high:128:qpsk:1180801,afdm,merged_absolute,98753888.0,1071711.6,0.0,0.0,3.90625e-05,3.90625e-05,0.0,0.9212890625,46.31,5.73,0.5411817001586314,0.0,100,0,0,0,1.53125,1.6683333500000002,1.421875,1.640625,1.6593739,1.6772928,0.14285714285714285,0.01074059929330068
synthetic,high,128,qpsk,1180801,synthetic:high:128:qpsk:1180801,afdm,phase_absolute,100375904.0,1088095.6,0.0,0.0,3.90625e-05,3.90625e-05,0.0,0.9212890625,46.31,5.73,0.5263929995999206,0.0,100,0,0,0,1.5390625,1.66203165,1.5,1.578125,1.6458072000000001,1.6782561,0.050761421319796954,0.019523635425354197
synthetic,high,128,qpsk,1180801,synthetic:high:128:qpsk:1180801,afdm,phase_relative,100375904.0,1088095.6,0.0,0.0,3.90625e-05,3.90625e-05,0.0,0.9212890625,46.31,5.73,0.5256336999300402,0.0,100,0,0,0,1.5546875,1.66848385,1.546875,1.5625,1.6530831000000001,1.6838846,0.010050251256281407,0.018460772035641775
synthetic,high,128,qpsk,1180801,synthetic:high:128:qpsk:1180801,afdm,r6_deep,91813248.0,1001919.6,0.0,0.0,3.90625e-05,3.90625e-05,0.0,0.9212890625,46.31,5.73,0.5260271000443026,0.0,100,0,0,0,1.59375,1.6434145,1.578125,1.609375,1.6409794000000002,1.6458496,0.0196078431372549,0.0029634641777834046
synthetic,high,128,qpsk,1180801,synthetic:high:128:qpsk:1180801,afdm,radau,88055776.0,929572.0,0.0,0.0,3.90625e-05,3.90625e-05,0.0,0.9975,49.62,6.32,0.4593810003134422,0.0,0,0,0,0,1.3046875,1.3383229,1.28125,1.328125,1.3194105,1.3572353000000001,0.03592814371257485,0.028262835523475013
synthetic,high,128,qpsk,1180801,synthetic:high:128:qpsk:1180801,afdm,relative_radau,103448032.0,1084068.0,0.0,0.0,3.90625e-05,3.90625e-05,0.0,0.9975,49.62,6.32,0.4540460000280291,0.0,100,0,0,0,1.515625,1.6306999500000001,1.453125,1.578125,1.6198549000000002,1.641545,0.08247422680412371,0.013301098095943292
synthetic,high,128,qpsk,1180801,synthetic:high:128:qpsk:1180801,afdm,residual,27344752.0,316168.0,0.000546875,0.000546875,0.0005078125,3.90625e-05,,0.0,13.88,1.0,0.05792030011070892,0.0,0,0,0,0,0.4921875,0.5362843,0.48437500000000006,0.5,0.5362659000000001,0.5363027,0.03174603174603163,6.862031948343068e-05
synthetic,high,128,qpsk,1180801,synthetic:high:128:qpsk:1180801,afdm,stable,27289856.0,352915.9999999999,0.0005078125,0.0005078125,0.00046875,3.90625e-05,,0.0,11.66,5.83,0.27408420044230297,0.0,0,0,0,0,0.6953125,0.6946341500000001,0.6875,0.703125,0.6808850000000001,0.7083833,0.02247191011235955,0.03958673785330015
synthetic,high,128,qpsk,1180801,synthetic:high:128:qpsk:1180801,ofdm,gray,83575864.0,934074.0,0.0,0.0,0.000234375,0.000234375,0.0,0.943046875,46.96,5.85,0.467636700021103,0.0,0,0,0,0,1.2890625,1.31661335,1.265625,1.3125,1.3146795,1.3185472,0.03636363636363636,0.0029376126256049507
synthetic,high,128,qpsk,1180801,synthetic:high:128:qpsk:1180801,ofdm,merged_absolute,98721048.0,1087026.0,0.0,0.0,0.000234375,0.000234375,0.0,0.943046875,46.96,5.85,0.5226648998796009,0.0,100,0,0,0,1.6171875,1.6604517000000003,1.609375,1.625,1.6535297000000002,1.6673737000000002,0.00966183574879227,0.008337490334708299
synthetic,high,128,qpsk,1180801,synthetic:high:128:qpsk:1180801,ofdm,phase_absolute,100343064.0,1103410.0,0.0,0.0,0.000234375,0.000234375,0.0,0.943046875,46.96,5.85,0.5304373001563363,0.0,100,0,0,0,1.515625,1.6902253500000002,1.484375,1.546875,1.6846211000000002,1.6958296000000002,0.041237113402061855,0.0066313642734088405
synthetic,high,128,qpsk,1180801,synthetic:high:128:qpsk:1180801,ofdm,phase_relative,100343064.0,1103410.0,0.0,0.0,0.000234375,0.000234375,0.0,0.943046875,46.96,5.85,0.5201279995089862,0.0,100,0,0,0,1.625,1.6787843500000001,1.578125,1.671875,1.6498304000000001,1.7077383000000002,0.057692307692307696,0.03449394795704404
synthetic,high,128,qpsk,1180801,synthetic:high:128:qpsk:1180801,ofdm,r6_deep,91780408.0,1017234.0,0.0,0.0,0.000234375,0.000234375,0.0,0.943046875,46.96,5.85,0.5340958003653213,0.0,100,0,0,0,1.640625,1.66378935,1.625,1.65625,1.6537409,1.6738378,0.01904761904761905,0.012078993052816435
synthetic,high,128,qpsk,1180801,synthetic:high:128:qpsk:1180801,ofdm,radau,87485048.0,944816.0,0.0,0.0,0.000234375,0.000234375,0.0,0.9966015625,50.09,6.36,0.43973709986312315,0.0,0,0,0,0,1.265625,1.30881655,1.21875,1.3125,1.3051762,1.3124569000000001,0.07407407407407407,0.005562811686634112
synthetic,high,128,qpsk,1180801,synthetic:high:128:qpsk:1180801,ofdm,relative_radau,102877304.0,1099312.0,0.0,0.0,0.000234375,0.000234375,0.0,0.9966015625,50.09,6.36,0.4344330000458285,0.0,100,0,0,0,1.484375,1.5829728,1.40625,1.5625,1.565479,1.6004666,0.10526315789473684,0.02210246442642603
synthetic,high,128,qpsk,1180801,synthetic:high:128:qpsk:1180801,ofdm,residual,26691464.0,325392.0,0.0007421875,0.0007421875,0.0006640625,0.000234375,,0.0,13.75,1.0,0.05022769997594878,0.0,0,0,0,0,0.46875,0.48983765,0.40625,0.53125,0.4590733,0.520602,0.26666666666666666,0.12561039356611317
synthetic,high,128,qpsk,1180801,synthetic:high:128:qpsk:1180801,ofdm,stable,26490944.0,337479.1999999999,0.000703125,0.000703125,0.000625,0.000234375,,0.0,11.9,5.95,0.27526689996011555,0.0,0,0,0,0,0.71875,0.7143272500000001,0.71875,0.71875,0.7070749000000001,0.7215796000000001,0.0,0.020305399241034184
synthetic,high,128,qpsk,1180801,synthetic:high:128:qpsk:1180801,otfs,gray,84015784.0,927473.2,0.0,0.0,3.90625e-05,3.90625e-05,0.0,0.903671875,46.09,5.7,0.5425029999169055,0.0,0,0,0,0,1.2890625,1.38325325,1.21875,1.359375,1.3542778,1.4122287,0.10909090909090909,0.041894642213925776
synthetic,high,128,qpsk,1180801,synthetic:high:128:qpsk:1180801,otfs,merged_absolute,99150984.0,1080706.4,0.0,0.0,3.90625e-05,3.90625e-05,0.0,0.903671875,46.09,5.7,0.5823503998981323,0.0,100,0,0,0,1.6328125,1.7166531,1.609375,1.65625,1.7124592,1.720847,0.028708133971291867,0.004886135702082119
synthetic,high,128,qpsk,1180801,synthetic:high:128:qpsk:1180801,otfs,phase_absolute,100773000.0,1097090.4,0.0,0.0,3.90625e-05,3.90625e-05,0.0,0.903671875,46.09,5.7,0.5894720002543181,0.0,100,0,0,0,1.6640625,1.75457785,1.65625,1.671875,1.7525257,1.7566300000000001,0.009389671361502348,0.002339195151699915
synthetic,high,128,qpsk,1180801,synthetic:high:128:qpsk:1180801,otfs,phase_relative,100773000.0,1097090.4,0.0,0.0,3.90625e-05,3.90625e-05,0.0,0.903671875,46.09,5.7,0.5928651999565773,0.0,100,0,0,0,1.6953125,1.7412996,1.6875,1.703125,1.7360706000000001,1.7465286000000002,0.009216589861751152,0.006005859072155118
synthetic,high,128,qpsk,1180801,synthetic:high:128:qpsk:1180801,otfs,r6_deep,92210344.0,1010914.4,0.0,0.0,3.90625e-05,3.90625e-05,0.0,0.903671875,46.09,5.7,0.5861147998948582,0.0,100,0,0,0,1.65625,1.7357862500000003,1.640625,1.671875,1.6889268000000002,1.7826457000000002,0.018867924528301886,0.05399218941848401
synthetic,high,128,qpsk,1180801,synthetic:high:128:qpsk:1180801,otfs,radau,88669248.0,939322.0,0.0,0.0,3.90625e-05,3.90625e-05,0.0,0.9973828125,49.47,6.31,0.5181968998804223,0.0,0,0,0,0,1.375,1.41186035,1.375,1.375,1.4016183,1.4221024,0.0,0.014508587906728881
synthetic,high,128,qpsk,1180801,synthetic:high:128:qpsk:1180801,otfs,relative_radau,104061504.0,1093818.0,0.0,0.0,3.90625e-05,3.90625e-05,0.0,0.9973828125,49.47,6.31,0.5275052004144527,0.0,100,0,0,0,1.625,1.7088431000000002,1.5625,1.6875,1.6969881,1.7206981000000001,0.07692307692307693,0.013874884124821124
synthetic,high,128,qpsk,1180801,synthetic:high:128:qpsk:1180801,otfs,residual,27777600.0,333072.0,0.000546875,0.000546875,0.0005078125,3.90625e-05,,0.0,13.98,1.0,0.06646030000410974,0.0,0,0,0,0,0.5546875,0.5657118999999999,0.53125,0.578125,0.5449575,0.5864663,0.08450704225352113,0.07337445084680032
synthetic,high,128,qpsk,1180801,synthetic:high:128:qpsk:1180801,otfs,stable,28414352.0,400471.1999999999,0.0006640625,0.0006640625,0.000625,3.90625e-05,,0.0,11.84,5.92,0.3200536000658758,0.0,0,0,0,0,0.7578125,0.7666797000000001,0.71875,0.796875,0.7252115,0.8081479,0.10309278350515463,0.10817607405021942
synthetic,high,256,16qam,1181100,synthetic:high:256:16qam:1181100,afdm,gray,55292688.0,552080.0,0.0,0.0,0.0,0.0,0.0,1.0,8.0,2.0,0.20252899985644035,0.0,0,0,0,0,0.609375,0.6165462,0.609375,0.609375,0.6141631000000001,0.6189293,0.0,0.007730483133299568
synthetic,high,256,16qam,1181100,synthetic:high:256:16qam:1181100,afdm,merged_absolute,84189968.0,841872.0,0.0,0.0,0.0,0.0,0.0,1.0,8.0,2.0,0.22684810002101585,0.0,100,0,0,0,0.8828125,1.03231405,0.859375,0.9062500000000001,0.94423,1.1203981,0.05309734513274349,0.1706535913174872
synthetic,high,256,16qam,1181100,synthetic:high:256:16qam:1181100,afdm,phase_absolute,87434000.0,874640.0,0.0,0.0,0.0,0.0,0.0,1.0,8.0,2.0,0.22269030002644286,0.0,100,0,0,0,0.8203125,0.9659873000000001,0.796875,0.84375,0.9478187,0.9841559000000001,0.05714285714285714,0.03761664361425877
synthetic,high,256,16qam,1181100,synthetic:high:256:16qam:1181100,afdm,phase_relative,87434000.0,874640.0,0.0,0.0,0.0,0.0,0.0,1.0,8.0,2.0,0.22331240013591014,0.0,100,0,0,0,0.8828125,0.9436051000000001,0.875,0.890625,0.9374008,0.9498094,0.017699115044247787,0.01315020446583003
synthetic,high,256,16qam,1181100,synthetic:high:256:16qam:1181100,afdm,r6_deep,70223152.0,701424.0,0.0,0.0,0.0,0.0,0.0,1.0,8.0,2.0,0.22457980026956648,0.0,100,0,0,0,0.8984375,1.01534765,0.875,0.9218750000000001,0.9108324000000001,1.1198629,0.05217391304347838,0.20587086600338306
synthetic,high,256,16qam,1181100,synthetic:high:256:16qam:1181100,afdm,radau,54268688.0,541840.0,0.0,0.0,0.0,0.0,0.0,1.0,8.0,2.0,0.19103060002089478,0.0,0,0,0,0,0.578125,0.6795639,0.546875,0.609375,0.6088957,0.7502321000000001,0.10810810810810811,0.2079810301871539
synthetic,high,256,16qam,1181100,synthetic:high:256:16qam:1181100,afdm,relative_radau,85181200.0,852112.0,0.0,0.0,0.0,0.0,0.0,1.0,8.0,2.0,0.18643460000748746,0.0,100,0,0,0,0.8828125,0.9018756000000001,0.875,0.890625,0.8901784,0.9135728000000001,0.017699115044247787,0.025939719402542916
synthetic,high,256,16qam,1181100,synthetic:high:256:16qam:1181100,afdm,residual,30705488.0,306208.0,0.0,0.0,0.0,0.0,,0.0,4.0,1.0,0.061653300013858825,0.0,0,0,0,0,0.4375,0.4427006,0.4375,0.4375,0.4296201,0.45578110000000005,0.0,0.059094114622840005
synthetic,high,256,16qam,1181100,synthetic:high:256:16qam:1181100,afdm,stable,46478288.0,463936.0,0.0,0.0,0.0,0.0,,0.0,8.0,4.0,0.20925670009455644,0.0,0,0,0,0,0.6171875,0.6374593500000001,0.609375,0.625,0.6185224,0.6563963,0.02531645569620253,0.059413827720936264
synthetic,high,256,16qam,1181100,synthetic:high:256:16qam:1181100,ofdm,gray,54039952.0,539792.0,0.0,0.0,0.0,0.0,0.0,1.0,8.0,2.0,0.21028300002217293,0.0,0,0,0,0,0.5703125,0.634268,0.5,0.640625,0.5959426,0.6725934,0.2465753424657534,0.12084923092446728
synthetic,high,256,16qam,1181100,synthetic:high:256:16qam:1181100,ofdm,merged_absolute,82937232.0,829584.0,0.0,0.0,0.0,0.0,0.0,1.0,8.0,2.0,0.22902270025224425,0.0,100,0,0,0,0.890625,0.9496180000000001,0.875,0.9062500000000001,0.9270768,0.9721592000000001,0.03508771929824574,0.04747424753953703
synthetic,high,256,16qam,1181100,synthetic:high:256:16qam:1181100,ofdm,phase_absolute,86181264.0,862352.0,0.0,0.0,0.0,0.0,0.0,1.0,8.0,2.0,0.22331710017169826,0.0,100,0,0,0,0.9062500000000001,0.9629901500000001,0.9062500000000001,0.9062500000000001,0.9524140000000001,0.9735663000000001,0.0,0.021965229862423837
synthetic,high,256,16qam,1181100,synthetic:high:256:16qam:1181100,ofdm,phase_relative,86181264.0,862352.0,0.0,0.0,0.0,0.0,0.0,1.0,8.0,2.0,0.20431919989641756,0.0,100,0,0,0,0.8984375,0.91059665,0.875,0.9218750000000001,0.8824854000000001,0.9387079,0.05217391304347838,0.06174248499596386
synthetic,high,256,16qam,1181100,synthetic:high:256:16qam:1181100,ofdm,r6_deep,68970416.0,689136.0,0.0,0.0,0.0,0.0,0.0,1.0,8.0,2.0,0.22434869984863326,0.0,100,0,0,0,0.875,0.92263835,0.875,0.875,0.9199966,0.9252801,0.0,0.005726512452034967
synthetic,high,256,16qam,1181100,synthetic:high:256:16qam:1181100,ofdm,radau,53015952.0,529552.0,0.0,0.0,0.0,0.0,0.0,1.0,8.0,2.0,0.18459080017055385,0.0,0,0,0,0,0.5625,0.58199725,0.515625,0.609375,0.5633028,0.6006917,0.16666666666666666,0.0642423997707894
synthetic,high,256,16qam,1181100,synthetic:high:256:16qam:1181100,ofdm,relative_radau,83928464.0,839824.0,0.0,0.0,0.0,0.0,0.0,1.0,8.0,2.0,0.18636479979613796,0.0,100,0,0,0,0.8828125,0.91593475,0.859375,0.9062500000000001,0.909621,0.9222485,0.05309734513274349,0.01378646240903079
synthetic,high,256,16qam,1181100,synthetic:high:256:16qam:1181100,ofdm,residual,29759952.0,296992.0,0.0,0.0,0.0,0.0,,0.0,4.0,1.0,0.06610510009340942,0.0,0,0,0,0,0.4375,0.44566255000000005,0.421875,0.45312500000000006,0.42099800000000004,0.47032710000000005,0.07142857142857155,0.11068711068497905
synthetic,high,256,16qam,1181100,synthetic:high:256:16qam:1181100,ofdm,stable,44611152.0,445504.0,0.0,0.0,0.0,0.0,,0.0,8.0,4.0,0.20460709973121993,0.0,0,0,0,0,0.6171875,0.6186103000000001,0.609375,0.625,0.6130366,0.6241840000000001,0.02531645569620253,0.018020068531028385
synthetic,high,256,16qam,1181100,synthetic:high:256:16qam:1181100,otfs,gray,56087952.0,560272.0,0.0,0.0,0.0,0.0,0.0,1.0,8.0,2.0,0.22704189983778633,0.0,0,0,0,0,0.609375,0.65771855,0.5625,0.65625,0.6533731,0.662064,0.15384615384615385,0.013213706683504587
synthetic,high,256,16qam,1181100,synthetic:high:256:16qam:1181100,otfs,merged_absolute,84985232.0,850064.0,0.0,0.0,0.0,0.0,0.0,1.0,8.0,2.0,0.242329499888001,0.0,100,0,0,0,0.90625,0.92423975,0.890625,0.9218750000000001,0.9054647,0.9430148,0.03448275862068978,0.04062809460424098
synthetic,high,256,16qam,1181100,synthetic:high:256:16qam:1181100,otfs,phase_absolute,88229264.0,882832.0,0.0,0.0,0.0,0.0,0.0,1.0,8.0,2.0,0.2503603001823649,0.0,100,0,0,0,0.9765625,0.99101865,0.9375000000000001,1.015625,0.9762381000000001,1.0057992,0.07999999999999989,0.02982900473164647
synthetic,high,256,16qam,1181100,synthetic:high:256:16qam:1181100,otfs,phase_relative,88229264.0,882832.0,0.0,0.0,0.0,0.0,0.0,1.0,8.0,2.0,0.25979349997942336,0.0,100,0,0,0,0.9296875,1.0165766999999999,0.890625,0.9687500000000001,0.9976616,1.0354918,0.08403361344537827,0.03721332586119663
synthetic,high,256,16qam,1181100,synthetic:high:256:16qam:1181100,otfs,r6_deep,71018416.0,709616.0,0.0,0.0,0.0,0.0,0.0,1.0,8.0,2.0,0.24689299968304113,0.0,100,0,0,0,0.9296875000000001,0.9633984,0.9218750000000001,0.9375000000000001,0.9528723,0.9739245000000001,0.01680672268907563,0.02185201885325954
synthetic,high,256,16qam,1181100,synthetic:high:256:16qam:1181100,otfs,radau,55063952.0,550032.0,0.0,0.0,0.0,0.0,0.0,1.0,8.0,2.0,0.20715150007163174,0.0,0,0,0,0,0.59375,0.62697705,0.59375,0.59375,0.6210364,0.6329177,0.0,0.018950135415642378
synthetic,high,256,16qam,1181100,synthetic:high:256:16qam:1181100,otfs,relative_radau,85976464.0,860304.0,0.0,0.0,0.0,0.0,0.0,1.0,8.0,2.0,0.1921587001415901,0.0,100,0,0,0,0.84375,0.9019883000000001,0.734375,0.9531250000000001,0.8608830000000001,0.9430936000000001,0.2592592592592594,0.09114375430368667
synthetic,high,256,16qam,1181100,synthetic:high:256:16qam:1181100,otfs,residual,31295952.0,312352.0,0.0,0.0,0.0,0.0,,0.0,4.0,1.0,0.0739915001031477,0.0,0,0,0,0,0.4140625,0.45614635000000003,0.40625,0.421875,0.4531235,0.45916920000000006,0.03773584905660377,0.013253860301633549
synthetic,high,256,16qam,1181100,synthetic:high:256:16qam:1181100,otfs,stable,47683152.0,476224.0,0.0,0.0,0.0,0.0,,0.0,8.0,4.0,0.2578532001352869,0.0,0,0,0,0,0.6015625,0.69411595,0.5625,0.640625,0.6883816,0.6998503,0.12987012987012986,0.01652274378653883
synthetic,high,256,16qam,1181101,synthetic:high:256:16qam:1181101,afdm,gray,74001648.0,757448.0,0.0,0.0,0.0,0.0,0.0,0.980732421875,10.0,3.0,0.1197446001751814,0.0,0,0,0,0,0.23437500000000003,0.24714895000000003,0.23437500000000003,0.23437500000000003,0.2354687,0.25882920000000004,0.0,0.09451992411863384
synthetic,high,256,16qam,1181101,synthetic:high:256:16qam:1181101,afdm,merged_absolute,104127728.0,1059528.0,0.0,0.0,0.0,0.0,0.0,0.980732421875,10.0,3.0,0.07760939988656901,0.0,100,0,0,0,0.2109375,0.21455315000000003,0.203125,0.21875,0.21090730000000002,0.218199,0.07407407407407407,0.0339855182736771
synthetic,high,256,16qam,1181101,synthetic:high:256:16qam:1181101,afdm,phase_absolute,107371760.0,1092296.0,0.0,0.0,0.0,0.0,0.0,0.980732421875,10.0,3.0,0.1307908001181204,0.0,100,0,0,0,0.296875,0.29033475000000003,0.23437500000000003,0.359375,0.2192514,0.3614181,0.4210526315789473,0.4896647748848527
synthetic,high,256,16qam,1181101,synthetic:high:256:16qam:1181101,afdm,phase_relative,107371760.0,1092296.0,0.0,0.0,0.0,0.0,0.0,0.980732421875,10.0,3.0,0.0869385001133196,0.0,100,0,0,0,0.2265625,0.22837800000000003,0.21875,0.23437500000000003,0.2171672,0.23958880000000002,0.06896551724137943,0.09817758277942713
synthetic,high,256,16qam,1181101,synthetic:high:256:16qam:1181101,afdm,r6_deep,90160912.0,919080.0,0.0,0.0,0.0,0.0,0.0,0.980732421875,10.0,3.0,0.07921840000199154,0.0,100,0,0,0,0.21875,0.2206209,0.203125,0.23437500000000003,0.2136345,0.2276073,0.142857142857143,0.06333398150401892
synthetic,high,256,16qam,1181101,synthetic:high:256:16qam:1181101,afdm,radau,73103288.0,824576.0,0.0,0.0,0.0,0.0,0.0,0.998212890625,10.97,3.24,0.06614990011439659,0.0,0,0,0,0,0.1484375,0.152621,0.125,0.171875,0.1304118,0.17483020000000002,0.3157894736842105,0.29103727534218765
synthetic,high,256,16qam,1181101,synthetic:high:256:16qam:1181101,afdm,relative_radau,104015800.0,1134848.0,0.0,0.0,0.0,0.0,0.0,0.998212890625,10.97,3.24,0.05212629967718385,0.0,100,0,0,0,0.203125,0.2064313,0.1875,0.21875,0.1887511,0.22411150000000002,0.15384615384615385,0.17129379120317514
synthetic,high,256,16qam,1181101,synthetic:high:256:16qam:1181101,afdm,residual,36457936.0,389176.0,0.0,0.0,0.0,0.0,,0.0,6.08,1.0,0.011556900077266619,0.0,0,0,0,0,0.0859375,0.0790775,0.078125,0.09375,0.0743911,0.0837639,0.18181818181818182,0.11852676172109641
synthetic,high,256,16qam,1181101,synthetic:high:256:16qam:1181101,afdm,stable,54262288.0,541776.0,0.0,0.0,0.0,0.0,,0.0,10.0,5.0,0.04690900008426979,0.0,0,0,0,0,0.125,0.13548725,0.109375,0.140625,0.1306137,0.1403608,0.25,0.07194108670742087
synthetic,high,256,16qam,1181101,synthetic:high:256:16qam:1181101,ofdm,gray,72495472.0,742088.0,0.0,0.0,0.0,0.0,0.0,0.979541015625,10.0,3.0,0.38341309974202886,0.0,0,0,0,0,0.7734375,0.83288205,0.765625,0.78125,0.8283592000000001,0.8374049,0.020202020202020204,0.010860721515129224
synthetic,high,256,16qam,1181101,synthetic:high:256:16qam:1181101,ofdm,merged_absolute,102621552.0,1044168.0,0.0,0.0,0.0,0.0,0.0,0.979541015625,10.0,3.0,0.43486600011237897,0.0,100,0,0,0,1.1328125,1.18828365,1.078125,1.1875,1.1799415,1.1966258,0.09655172413793103,0.014040671181497865
synthetic,high,256,16qam,1181101,synthetic:high:256:16qam:1181101,ofdm,phase_absolute,105865584.0,1076936.0,0.0,0.0,0.0,0.0,0.0,0.979541015625,10.0,3.0,0.42065129993716255,0.0,100,0,0,0,1.1953125,1.2479781,1.15625,1.234375,1.1813951,1.3145611000000001,0.06535947712418301,0.10670539811555997
synthetic,high,256,16qam,1181101,synthetic:high:256:16qam:1181101,ofdm,phase_relative,105865584.0,1076936.0,0.0,0.0,0.0,0.0,0.0,0.979541015625,10.0,3.0,0.42621459998190403,0.0,100,0,0,0,1.1640625,1.1838735500000002,1.140625,1.1875,1.1731033000000002,1.1946438000000001,0.040268456375838924,0.018194933065275393
synthetic,high,256,16qam,1181101,synthetic:high:256:16qam:1181101,ofdm,r6_deep,88654736.0,903720.0,0.0,0.0,0.0,0.0,0.0,0.979541015625,10.0,3.0,0.45070210003177635,0.0,100,0,0,0,0.6328125,0.7158222000000001,0.21875,1.046875,0.21818620000000002,1.2134582,1.308641975308642,1.3903899599649185
synthetic,high,256,16qam,1181101,synthetic:high:256:16qam:1181101,ofdm,radau,71522888.0,806144.0,0.0,0.0,0.0,0.0,0.0,0.99857421875,10.99,3.24,0.2844014003931079,0.0,0,0,0,0,0.75,0.78563425,0.75,0.75,0.7453166,0.8259519000000001,0.0,0.10263720045300988
synthetic,high,256,16qam,1181101,synthetic:high:256:16qam:1181101,ofdm,relative_radau,102435400.0,1116416.0,0.0,0.0,0.0,0.0,0.0,0.99857421875,10.99,3.24,0.2888741002534516,0.0,100,0,0,0,1.0078125,1.0459734,1.0,1.015625,1.0364861,1.0554607,0.015503875968992248,0.01814061428330773
synthetic,high,256,16qam,1181101,synthetic:high:256:16qam:1181101,ofdm,residual,35484744.0,379960.0,0.0,0.0,0.0,0.0,,0.0,6.07,1.0,0.060412200022256,0.0,0,0,0,0,0.4453125,0.44415005,0.4375,0.45312500000000006,0.4364717,0.4518284,0.03508771929824574,0.03457547736401245
synthetic,high,256,16qam,1181101,synthetic:high:256:16qam:1181101,ofdm,stable,52087952.0,520272.0,0.0,0.0,0.0,0.0,,0.0,10.0,5.0,0.25455729963141493,0.0,0,0,0,0,0.671875,0.680667,0.671875,0.671875,0.6655893,0.6957447,0.0,0.04430272071365285
synthetic,high,256,16qam,1181101,synthetic:high:256:16qam:1181101,otfs,gray,75324272.0,767688.0,0.0,0.0,0.0,0.0,0.0,0.9794140625,10.0,3.0,0.07725949978339486,0.0,0,0,0,0,0.1875,0.1814851,0.171875,0.203125,0.159582,0.20338820000000002,0.16666666666666666,0.2413762892931707
synthetic,high,256,16qam,1181101,synthetic:high:256:16qam:1181101,otfs,merged_absolute,105450352.0,1069768.0,0.0,0.0,0.0,0.0,0.0,0.9794140625,10.0,3.0,0.09965150011703372,0.0,100,0,0,0,0.234375,0.26006450000000003,0.21875,0.25,0.25881560000000003,0.26131340000000003,0.13333333333333333,0.009604540412090055
synthetic,high,256,16qam,1181101,synthetic:high:256:16qam:1181101,otfs,phase_absolute,108694384.0,1102536.0,0.0,0.0,0.0,0.0,0.0,0.9794140625,10.0,3.0,0.12837969968677498,0.0,100,0,0,0,0.296875,0.31470995,0.265625,0.328125,0.27929780000000004,0.35012210000000005,0.21052631578947367,0.22504626879448839
synthetic,high,256,16qam,1181101,synthetic:high:256:16qam:1181101,otfs,phase_relative,108694384.0,1102536.0,0.0,0.0,0.0,0.0,0.0,0.9794140625,10.0,3.0,0.09807450001244433,0.0,100,0,0,0,0.2421875,0.24302895000000002,0.21875,0.265625,0.22559680000000001,0.2604611,0.1935483870967742,0.14345739468487184
synthetic,high,256,16qam,1181101,synthetic:high:256:16qam:1181101,otfs,r6_deep,91483536.0,929320.0,0.0,0.0,0.0,0.0,0.0,0.9794140625,10.0,3.0,0.09323659993242472,0.0,100,0,0,0,0.28125,0.27843755000000003,0.25,0.3125,0.24027120000000002,0.3166039,0.2222222222222222,0.27414657254382524
synthetic,high,256,16qam,1181101,synthetic:high:256:16qam:1181101,otfs,radau,75156416.0,836864.0,0.0,0.0,0.0,0.0,0.0,0.9986328125,11.11,3.31,0.057139200100209564,0.0,0,0,0,0,0.15625,0.16669545000000002,0.125,0.1875,0.1382682,0.1951227,0.4,0.34106809753955486
synthetic,high,256,16qam,1181101,synthetic:high:256:16qam:1181101,otfs,relative_radau,106068928.0,1147136.0,0.0,0.0,0.0,0.0,0.0,0.9986328125,11.11,3.31,0.06275890028337017,0.0,100,0,0,0,0.265625,0.27588080000000004,0.21875,0.3125,0.21496890000000002,0.3367927,0.35294117647058826,0.4415812916302982
synthetic,high,256,16qam,1181101,synthetic:high:256:16qam:1181101,otfs,residual,36993088.0,395320.0,0.0,0.0,0.0,0.0,,0.0,6.06,1.0,0.012552500033052638,0.0,0,0,0,0,0.0859375,0.08855975,0.078125,0.09375,0.08068890000000001,0.0964306,0.18181818181818182,0.17775230846970544
synthetic,high,256,16qam,1181101,synthetic:high:256:16qam:1181101,otfs,stable,55671952.0,556112.0,0.0,0.0,0.0,0.0,,0.0,10.0,5.0,0.05897480031126179,0.0,0,0,0,0,0.1484375,0.1387567,0.140625,0.15625,0.1292812,0.1482322,0.10526315789473684,0.13657718870512195
synthetic,high,256,qpsk,1181000,synthetic:high:256:qpsk:1181000,afdm,gray,105526152.0,1151400.0,0.0,0.0,0.0,0.0,0.0,0.01046875,25.48,4.47,0.3662619001988787,0.0,0,0,0,0,0.984375,1.0104405500000002,0.9531250000000001,1.015625,0.9713651000000001,1.0495160000000001,0.06349206349206338,0.07734339244401861
synthetic,high,256,qpsk,1181000,synthetic:high:256:qpsk:1181000,afdm,merged_absolute,135326600.0,1453480.0,0.0,0.0,0.0,0.0,0.0,0.01046875,25.48,4.47,0.4485344998538494,0.0,100,0,0,0,1.328125,1.4927740000000003,1.265625,1.390625,1.4026032000000002,1.5829448000000002,0.09411764705882353,0.12080971399555455
synthetic,high,256,qpsk,1181000,synthetic:high:256:qpsk:1181000,afdm,phase_absolute,138570632.0,1486248.0,0.0,0.0,0.0,0.0,0.0,0.01046875,25.48,4.47,0.467403500166256,0.0,100,0,0,0,1.421875,1.4744317500000002,1.421875,1.421875,1.4704616000000001,1.4784019000000002,0.0,0.005385328958088437
synthetic,high,256,qpsk,1181000,synthetic:high:256:qpsk:1181000,afdm,phase_relative,138570632.0,1486248.0,0.0,0.0,0.0,0.0,0.0,0.01046875,25.48,4.47,0.4915372001705691,0.0,100,0,0,0,1.3671875,1.5244719,1.265625,1.46875,1.4833727,1.5655711,0.14857142857142858,0.05391926213923655
synthetic,high,256,qpsk,1181000,synthetic:high:256:qpsk:1181000,afdm,r6_deep,121359784.0,1313032.0,0.0,0.0,0.0,0.0,0.0,0.01046875,25.48,4.47,0.47158439955092035,0.0,100,0,0,0,1.34375,1.4298849,1.328125,1.359375,1.4127071,1.4470627,0.023255813953488372,0.024026829012600972
synthetic,high,256,qpsk,1181000,synthetic:high:256:qpsk:1181000,afdm,radau,113489448.0,1205696.0,0.0,0.0,0.0,0.0,0.0,0.999296875,28.81,4.74,0.483253899787087,0.0,0,0,0,0,1.046875,1.16438015,0.9843750000000001,1.109375,1.0268916000000001,1.3018687,0.11940298507462677,0.2361574954708734
synthetic,high,256,qpsk,1181000,synthetic:high:256:qpsk:1181000,afdm,relative_radau,144401960.0,1515968.0,0.0,0.0,0.0,0.0,0.0,0.999296875,28.81,4.74,0.39497720025246963,0.0,100,0,0,0,1.3828125,1.4271192,1.34375,1.421875,1.3799063,1.4743321,0.05649717514124294,0.06616532101873482
synthetic,high,256,qpsk,1181000,synthetic:high:256:qpsk:1181000,afdm,residual,55593512.0,579704.0,0.0,0.0,0.0,0.0,,0.0,14.11,1.0,0.06356060001417063,0.0,0,0,0,0,0.546875,0.5883197,0.546875,0.546875,0.5864152,0.5902242000000001,0.0,0.0064743709925063914
synthetic,high,256,qpsk,1181000,synthetic:high:256:qpsk:1181000,afdm,stable,56647552.0,566368.0,0.0,0.0,0.0,0.0,,0.0,11.98,5.99,0.3372331002028659,0.0,0,0,0,0,0.734375,0.81036485,0.671875,0.796875,0.7840932,0.8366365,0.1702127659574468,0.06483906600835408
synthetic,high,256,qpsk,1181000,synthetic:high:256:qpsk:1181000,ofdm,gray,102022928.0,1129896.0,0.0,0.0,0.0,0.0,0.0,0.011796875,25.18,4.34,0.3728074000682682,0.0,0,0,0,0,0.9687500000000001,1.0072319,0.9531250000000001,0.9843750000000001,0.9968892,1.0175746,0.03225806451612903,0.020536879342284608
synthetic,high,256,qpsk,1181000,synthetic:high:256:qpsk:1181000,ofdm,merged_absolute,131743504.0,1431976.0,0.0,0.0,0.0,0.0,0.0,0.011796875,25.18,4.34,0.4333254999364726,0.0,100,0,0,0,1.3203125,1.36750305,1.296875,1.34375,1.3669557,1.3680504,0.03550295857988166,0.0008005100975825195
synthetic,high,256,qpsk,1181000,synthetic:high:256:qpsk:1181000,ofdm,phase_absolute,134987536.0,1464744.0,0.0,0.0,0.0,0.0,0.0,0.011796875,25.18,4.34,0.45743029983714223,0.0,100,0,0,0,1.359375,1.4289851000000002,1.328125,1.390625,1.3860327000000001,1.4719375000000001,0.04597701149425287,0.060115952223714575
synthetic,high,256,qpsk,1181000,synthetic:high:256:qpsk:1181000,ofdm,phase_relative,134987536.0,1464744.0,0.0,0.0,0.0,0.0,0.0,0.011796875,25.18,4.34,0.43484419971355237,0.0,100,0,0,0,1.3671875,1.42242985,1.34375,1.390625,1.4090907000000001,1.435769,0.03428571428571429,0.01875544161281481
synthetic,high,256,qpsk,1181000,synthetic:high:256:qpsk:1181000,ofdm,r6_deep,117776688.0,1291528.0,0.0,0.0,0.0,0.0,0.0,0.011796875,25.18,4.34,0.42021899999235757,0.0,100,0,0,0,1.296875,1.3420830500000003,1.28125,1.3125,1.3131396000000002,1.3710265000000001,0.024096385542168676,0.04313212956530518
synthetic,high,256,qpsk,1181000,synthetic:high:256:qpsk:1181000,ofdm,radau,110935992.0,1184192.0,0.0,0.0,0.0,0.0,0.0,0.99958984375,28.71,4.7,0.3681262000463903,0.0,0,0,0,0,1.046875,1.07301505,1.046875,1.046875,1.0683775,1.0776526,0.0,0.008643960772032024
synthetic,high,256,qpsk,1181000,synthetic:high:256:qpsk:1181000,ofdm,relative_radau,141848504.0,1494464.0,0.0,0.0,0.0,0.0,0.0,0.99958984375,28.71,4.7,0.35827660030918196,0.0,100,0,0,0,1.3359375,1.3636303500000002,1.328125,1.34375,1.3554839,1.3717768000000001,0.011695906432748537,0.011948179358137674
synthetic,high,256,qpsk,1181000,synthetic:high:256:qpsk:1181000,ofdm,residual,54620320.0,570488.0,0.0,0.0,0.0,0.0,,0.0,14.1,1.0,0.05594559997553006,0.0,0,0,0,0,0.5,0.53695575,0.45312500000000006,0.546875,0.5158593,0.5580522,0.1874999999999999,0.07857798338131211
synthetic,high,256,qpsk,1181000,synthetic:high:256:qpsk:1181000,ofdm,stable,49787424.0,541792.0,0.0,0.0,0.0,0.0,,0.0,10.74,5.37,0.2798641999543179,0.0,0,0,0,0,0.6796875,0.7328765,0.65625,0.703125,0.7322334,0.7335196,0.06896551724137931,0.0017550023776175317
synthetic,high,256,qpsk,1181000,synthetic:high:256:qpsk:1181000,otfs,gray,105747472.0,1140435.5999999999,0.0,0.0,0.0,0.0,0.0,0.00146484375,25.25,4.39,0.4398794002190698,0.0,0,0,0,0,1.0546875,1.1294013,0.9687500000000001,1.140625,1.0878018,1.1710008,0.16296296296296287,0.07366646381582881
synthetic,high,256,qpsk,1181000,synthetic:high:256:qpsk:1181000,otfs,merged_absolute,135498768.0,1442515.5999999999,0.0,0.0,0.0,0.0,0.0,0.00146484375,25.25,4.39,0.4784400003263727,0.0,100,0,0,0,1.3984375,1.4265423,1.375,1.421875,1.4011548,1.4519298,0.0335195530726257,0.03559305602084145
synthetic,high,256,qpsk,1181000,synthetic:high:256:qpsk:1181000,otfs,phase_absolute,138742800.0,1475283.5999999999,0.0,0.0,0.0,0.0,0.0,0.00146484375,25.25,4.39,0.48779629956698045,0.0,100,0,0,0,1.5703125,1.6052376000000002,1.40625,1.734375,1.444063,1.7664122000000002,0.208955223880597,0.20081089553347123
synthetic,high,256,qpsk,1181000,synthetic:high:256:qpsk:1181000,otfs,phase_relative,138742800.0,1475283.5999999999,0.0,0.0,0.0,0.0,0.0,0.00146484375,25.25,4.39,0.5118780002812855,0.0,100,0,0,0,1.4609375,1.4931106500000002,1.4375,1.484375,1.4770061,1.5092152,0.03208556149732621,0.02157181050178698
synthetic,high,256,qpsk,1181000,synthetic:high:256:qpsk:1181000,otfs,r6_deep,121531952.0,1302067.5999999999,0.0,0.0,0.0,0.0,0.0,0.00146484375,25.25,4.39,0.4983494002080988,0.0,100,0,0,0,1.3203125,1.4586947000000001,1.234375,1.40625,1.4355894,1.4818,0.1301775147928994,0.031679418592526584
synthetic,high,256,qpsk,1181000,synthetic:high:256:qpsk:1181000,otfs,radau,114446312.0,1220032.0,0.0,0.0,0.0,0.0,0.0,0.9997265625,28.72,4.71,0.4298097001737915,0.0,0,0,0,0,1.0546875,1.10607775,1.046875,1.0625,1.0690532000000001,1.1431023,0.014814814814814815,0.06694746368417578
synthetic,high,256,qpsk,1181000,synthetic:high:256:qpsk:1181000,otfs,relative_radau,145358824.0,1530304.0,0.0,0.0,0.0,0.0,0.0,0.9997265625,28.72,4.71,0.4111298000498209,0.0,100,0,0,0,1.3828125,1.42014685,1.359375,1.40625,1.3885619,1.4517318000000001,0.03389830508474576,0.04448124502054144
synthetic,high,256,qpsk,1181000,synthetic:high:256:qpsk:1181000,otfs,residual,56045696.0,585848.0,0.0,0.0,0.0,0.0,,0.0,14.06,1.0,0.07860060015809722,0.0,0,0,0,0,0.546875,0.60982245,0.515625,0.578125,0.6096376,0.6100073,0.11428571428571428,0.0006062420299548308
synthetic,high,256,qpsk,1181000,synthetic:high:256:qpsk:1181000,otfs,stable,53106112.0,582752.0,0.0,0.0,0.0,0.0,,0.0,10.62,5.31,0.3454495002224576,0.0,0,0,0,0,0.7734375,0.8350315500000001,0.71875,0.828125,0.8215929000000001,0.8484702000000001,0.1414141414141414,0.032187167059735636
synthetic,high,256,qpsk,1181001,synthetic:high:256:qpsk:1181001,afdm,gray,58153792.0,585936.0,0.0,0.0,0.0,0.0,0.0,0.97697265625,10.98,3.0,0.2580656994250603,0.0,0,0,0,0,0.6953125,0.71262645,0.6875,0.703125,0.7111444,0.7141085,0.02247191011235955,0.004159402166450635
synthetic,high,256,qpsk,1181001,synthetic:high:256:qpsk:1181001,afdm,merged_absolute,87051072.0,875728.0,0.0,0.0,0.0,0.0,0.0,0.97697265625,10.98,3.0,0.28376619960181415,0.0,100,0,0,0,1.03125,1.0345483,1.015625,1.046875,1.0239634,1.0451332,0.030303030303030304,0.020462843542442644
synthetic,high,256,qpsk,1181001,synthetic:high:256:qpsk:1181001,afdm,phase_absolute,90295104.0,908496.0,0.0,0.0,0.0,0.0,0.0,0.97697265625,10.98,3.0,0.29774910034029745,0.0,100,0,0,0,1.03125,1.0854213000000001,1.0,1.0625,1.0719695,1.0988731,0.06060606060606061,0.024786320297934105
synthetic,high,256,qpsk,1181001,synthetic:high:256:qpsk:1181001,afdm,phase_relative,90295104.0,908496.0,0.0,0.0,0.0,0.0,0.0,0.97697265625,10.98,3.0,0.2871678002993576,0.0,100,0,0,0,0.984375,1.06706545,0.9531250000000001,1.015625,1.0667873,1.0673436,0.06349206349206338,0.0005213363435204036
synthetic,high,256,qpsk,1181001,synthetic:high:256:qpsk:1181001,afdm,r6_deep,73084256.0,735280.0,0.0,0.0,0.0,0.0,0.0,0.97697265625,10.98,3.0,0.30124430035357364,0.0,100,0,0,0,0.9765625,1.0558361500000002,0.9375000000000001,1.015625,1.0478325000000002,1.0638398,0.07999999999999989,0.015160780391919553
synthetic,high,256,qpsk,1181001,synthetic:high:256:qpsk:1181001,afdm,radau,59645504.0,597208.0,0.0,0.0,0.0,0.0,0.0,1.0,11.94,3.0,0.2453424003033433,0.0,0,0,0,0,0.6953125,0.7110034000000001,0.671875,0.71875,0.6804562000000001,0.7415506000000001,0.06741573033707865,0.08592701525759228
synthetic,high,256,qpsk,1181001,synthetic:high:256:qpsk:1181001,afdm,relative_radau,90558016.0,907480.0,0.0,0.0,0.0,0.0,0.0,1.0,11.94,3.0,0.23294189979787916,0.0,100,0,0,0,0.9609375000000001,1.0299673500000002,0.9531250000000001,0.9687500000000001,1.0090759,1.0508588,0.016260162601626015,0.040567208271213705
synthetic,high,256,qpsk,1181001,synthetic:high:256:qpsk:1181001,afdm,residual,35930096.0,358456.0,0.0,0.0,0.0,0.0,,0.0,7.0,1.0,0.055857100029243156,0.0,0,0,0,0,0.4296875,0.45467995000000005,0.421875,0.4375,0.4303197,0.4790402,0.03636363636363636,0.10715339438213625
synthetic,high,256,qpsk,1181001,synthetic:high:256:qpsk:1181001,afdm,stable,41972496.0,418880.0,0.0,0.0,0.0,0.0,,0.0,8.0,4.0,0.21782709963736124,0.0,0,0,0,0,0.6328125,0.63730905,0.609375,0.65625,0.6252738,0.6493443,0.07407407407407407,0.03776895997318725
synthetic,high,256,qpsk,1181001,synthetic:high:256:qpsk:1181001,ofdm,gray,56598976.0,570576.0,0.0,0.0,0.0,0.0,0.0,0.9722265625,10.98,3.0,0.25919570002588443,0.0,0,0,0,0,0.7109375,0.71982005,0.703125,0.71875,0.7133311,0.7263090000000001,0.02197802197802198,0.018029367200872073
synthetic,high,256,qpsk,1181001,synthetic:high:256:qpsk:1181001,ofdm,merged_absolute,85496256.0,860368.0,0.0,0.0,0.0,0.0,0.0,0.9722265625,10.98,3.0,0.3073877999559045,0.0,100,0,0,0,1.0546875,1.09462875,1.046875,1.0625,1.0532639000000001,1.1359936000000002,0.014814814814814815,0.07557786144389138
synthetic,high,256,qpsk,1181001,synthetic:high:256:qpsk:1181001,ofdm,phase_absolute,88740288.0,893136.0,0.0,0.0,0.0,0.0,0.0,0.9722265625,10.98,3.0,0.2992409002035856,0.0,100,0,0,0,1.0546875,1.0770944500000001,1.03125,1.078125,1.0635991,1.0905898,0.044444444444444446,0.025058805195774643
synthetic,high,256,qpsk,1181001,synthetic:high:256:qpsk:1181001,ofdm,phase_relative,88740288.0,893136.0,0.0,0.0,0.0,0.0,0.0,0.9722265625,10.98,3.0,0.29412479972233996,0.0,100,0,0,0,1.0625,1.096799,1.046875,1.078125,1.0865465,1.1070515,0.029411764705882353,0.01869531245013899
synthetic,high,256,qpsk,1181001,synthetic:high:256:qpsk:1181001,ofdm,r6_deep,71529440.0,719920.0,0.0,0.0,0.0,0.0,0.0,0.9722265625,10.98,3.0,0.28015579999191687,0.0,100,0,0,0,0.9921875,1.0180206,0.9687500000000001,1.015625,1.0040559,1.0319853,0.047244094488188865,0.027435004753342027
synthetic,high,256,qpsk,1181001,synthetic:high:256:qpsk:1181001,ofdm,radau,58005672.0,581848.0,0.0,0.0,0.0,0.0,0.0,1.0,11.91,3.0,0.21599290013546124,0.0,0,0,0,0,0.6015625,0.6745319000000001,0.5625,0.640625,0.6744388,0.674625,0.12987012987012986,0.0002760432827565682
synthetic,high,256,qpsk,1181001,synthetic:high:256:qpsk:1181001,ofdm,relative_radau,88918184.0,892120.0,0.0,0.0,0.0,0.0,0.0,1.0,11.91,3.0,0.23245040015899576,0.0,100,0,0,0,0.9609375000000001,1.0388575,0.9375000000000001,0.9843750000000001,1.0138224,1.0638926,0.048780487804878044,0.04819737066922071
synthetic,high,256,qpsk,1181001,synthetic:high:256:qpsk:1181001,ofdm,residual,34984560.0,349240.0,0.0,0.0,0.0,0.0,,0.0,7.0,1.0,0.06057249984587543,0.0,0,0,0,0,0.46093750000000006,0.46213550000000003,0.45312500000000006,0.46875000000000006,0.4488801,0.4753909,0.033898305084745756,0.05736585914737128
synthetic,high,256,qpsk,1181001,synthetic:high:256:qpsk:1181001,ofdm,stable,40105360.0,400448.0,0.0,0.0,0.0,0.0,,0.0,8.0,4.0,0.21622000017669052,0.0,0,0,0,0,0.609375,0.6576855,0.59375,0.625,0.6534809,0.6618901,0.05128205128205128,0.012786050475493234
synthetic,high,256,qpsk,1181001,synthetic:high:256:qpsk:1181001,otfs,gray,59137464.0,596176.0,0.0,0.0,0.0,0.0,0.0,0.96421875,10.97,3.0,0.2991260997951031,0.0,0,0,0,0,0.734375,0.79887905,0.71875,0.75,0.7876476,0.8101105000000001,0.0425531914893617,0.028118023623225647
synthetic,high,256,qpsk,1181001,synthetic:high:256:qpsk:1181001,otfs,merged_absolute,88034744.0,885968.0,0.0,0.0,0.0,0.0,0.0,0.96421875,10.97,3.0,0.3315094001009129,0.0,100,0,0,0,1.0390625,1.1297776000000002,1.015625,1.0625,1.1202567,1.1392985,0.045112781954887216,0.016854467640356724
synthetic,high,256,qpsk,1181001,synthetic:high:256:qpsk:1181001,otfs,phase_absolute,91278776.0,918736.0,0.0,0.0,0.0,0.0,0.0,0.96421875,10.97,3.0,0.32921019959030673,0.0,100,0,0,0,1.046875,1.1249565000000001,1.015625,1.078125,1.1181461000000001,1.1317669000000001,0.05970149253731343,0.012107845947821081
synthetic,high,256,qpsk,1181001,synthetic:high:256:qpsk:1181001,otfs,phase_relative,91278776.0,918736.0,0.0,0.0,0.0,0.0,0.0,0.96421875,10.97,3.0,0.3375483999843709,0.0,100,0,0,0,1.0390625,1.126674,1.0,1.078125,1.0836545,1.1696935000000002,0.07518796992481203,0.07636547927794571
synthetic,high,256,qpsk,1181001,synthetic:high:256:qpsk:1181001,otfs,r6_deep,74067928.0,745520.0,0.0,0.0,0.0,0.0,0.0,0.96421875,10.97,3.0,0.3134253997413907,0.0,100,0,0,0,1.0078125,1.10481395,0.9843750000000001,1.03125,1.0286276,1.1810003,0.04651162790697663,0.1379170673940168
synthetic,high,256,qpsk,1181001,synthetic:high:256:qpsk:1181001,otfs,radau,60592304.0,607448.0,0.0,0.0,0.0,0.0,0.0,0.99994140625,11.92,3.0,0.2646944001899101,0.0,0,0,0,0,0.671875,0.76455015,0.671875,0.671875,0.7397926,0.7893077000000001,0.0,0.0647637045130395
synthetic,high,256,qpsk,1181001,synthetic:high:256:qpsk:1181001,otfs,relative_radau,91504816.0,917720.0,0.0,0.0,0.0,0.0,0.0,0.99994140625,11.92,3.0,0.2760032001242507,0.0,100,0,0,0,1.0390625,1.09559805,1.03125,1.046875,1.075757,1.1154391000000001,0.015037593984962405,0.036219578886618184
synthetic,high,256,qpsk,1181001,synthetic:high:256:qpsk:1181001,otfs,residual,36520560.0,364600.0,0.0,0.0,0.0,0.0,,0.0,7.0,1.0,0.07609119979315437,0.0,0,0,0,0,0.4609375,0.5180291,0.4375,0.48437500000000006,0.505024,0.5310342,0.1016949152542374,0.050209920639593376
synthetic,high,256,qpsk,1181001,synthetic:high:256:qpsk:1181001,otfs,stable,43177360.0,431168.0,0.0,0.0,0.0,0.0,,0.0,8.0,4.0,0.2539361001981888,0.0,0,0,0,0,0.65625,0.6805263500000001,0.640625,0.671875,0.6790836,0.6819691,0.047619047619047616,0.00424010032822386
synthetic,moderate,128,16qam,1180500,synthetic:moderate:128:16qam:1180500,afdm,gray,27450128.0,274064.0,0.0,0.0,0.0,0.0,0.0,1.0,8.0,2.0,0.19985240008099936,0.0,0,0,0,0,0.5078125,0.5823078500000001,0.390625,0.625,0.5339972000000001,0.6306185000000001,0.46153846153846156,0.16592821134044478
synthetic,moderate,128,16qam,1180500,synthetic:moderate:128:16qam:1180500,afdm,merged_absolute,28163568.0,340936.0,0.0,0.0,0.0,0.0,0.0,1.0,4.0,1.0,0.10501150021445937,0.5,50,0,0,0,0.59375,0.63796085,0.59375,0.59375,0.6307148,0.6452069,0.0,0.02271628423593706
synthetic,moderate,128,16qam,1180500,synthetic:moderate:128:16qam:1180500,afdm,phase_absolute,29785584.0,357320.0,0.0,0.0,0.0,0.0,0.0,1.0,4.0,1.0,0.10223459993721917,0.5,50,0,0,0,0.6015625,0.6436606500000001,0.578125,0.625,0.6350989,0.6522224000000001,0.07792207792207792,0.026603304085778847
synthetic,moderate,128,16qam,1180500,synthetic:moderate:128:16qam:1180500,afdm,phase_relative,29785584.0,357320.0,0.0,0.0,0.0,0.0,0.0,1.0,4.0,1.0,0.10150719972443767,0.5,50,0,0,0,0.5859375,0.64235335,0.546875,0.625,0.6277325,0.6569742000000001,0.13333333333333333,0.04552276406747164
synthetic,moderate,128,16qam,1180500,synthetic:moderate:128:16qam:1180500,afdm,r6_deep,22758928.0,271144.0,0.0,0.0,0.0,0.0,0.0,1.0,4.0,1.0,0.1027969001152087,0.5,50,0,0,0,0.6171875,0.65049745,0.609375,0.625,0.6446479,0.656347,0.02531645569620253,0.017984851439463694
synthetic,moderate,128,16qam,1180500,synthetic:moderate:128:16qam:1180500,afdm,radau,26938128.0,268944.0,0.0,0.0,0.0,0.0,0.0,1.0,8.0,2.0,0.16635849984595552,0.0,0,0,0,0,0.53125,0.54902905,0.5,0.5625,0.5404849,0.5575732,0.11764705882352941,0.031124582569902165
synthetic,moderate,128,16qam,1180500,synthetic:moderate:128:16qam:1180500,afdm,relative_radau,27929584.0,327240.0,0.0,0.0,0.0,0.0,0.0,1.0,4.0,1.0,0.09046900024986826,0.5,50,0,0,0,0.59375,0.6472628500000001,0.578125,0.609375,0.6062157,0.6883100000000001,0.05263157894736842,0.12683301691113597
synthetic,moderate,128,16qam,1180500,synthetic:moderate:128:16qam:1180500,afdm,residual,15214928.0,151712.0,0.0,0.0,0.0,0.0,,0.0,4.0,1.0,0.061260099842911586,0.0,0,0,0,0,0.4140625,0.42214725000000003,0.390625,0.4375,0.414254,0.43004050000000005,0.11320754716981132,0.037395719147761915
synthetic,moderate,128,16qam,1180500,synthetic:moderate:128:16qam:1180500,afdm,stable,22910928.0,228672.0,0.0,0.0,0.0,0.0,,0.0,8.0,4.0,0.20166980035719462,0.0,0,0,0,0,0.5859375,0.5894945,0.5625,0.609375,0.5790937,0.5998953,0.08,0.03528718249279675
synthetic,moderate,128,16qam,1180500,synthetic:moderate:128:16qam:1180500,ofdm,gray,26823056.0,267920.0,0.0,0.0,0.0,0.0,0.0,1.0,8.0,2.0,0.17641390004428104,0.0,0,0,0,0,0.5703125,0.5772704,0.5625,0.578125,0.5660615,0.5884793,0.0273972602739726,0.03883414081165437
synthetic,moderate,128,16qam,1180500,synthetic:moderate:128:16qam:1180500,ofdm,merged_absolute,27690096.0,336328.0,0.0,0.0,0.0,0.0,0.0,1.0,4.0,1.0,0.10083899996243417,0.5,50,0,0,0,0.59375,0.6056303000000001,0.578125,0.609375,0.5947532,0.6165074,0.05263157894736842,0.03591993333226567
synthetic,moderate,128,16qam,1180500,synthetic:moderate:128:16qam:1180500,ofdm,phase_absolute,29312112.0,352712.0,0.0,0.0,0.0,0.0,0.0,1.0,4.0,1.0,0.10588969991658814,0.5,50,0,0,0,0.5703125,0.6644606500000001,0.53125,0.609375,0.6404917,0.6884296000000001,0.136986301369863,0.07214558153293213
synthetic,moderate,128,16qam,1180500,synthetic:moderate:128:16qam:1180500,ofdm,phase_relative,29312112.0,352712.0,0.0,0.0,0.0,0.0,0.0,1.0,4.0,1.0,0.10091819995432161,0.5,50,0,0,0,0.6328125,0.6355823500000001,0.625,0.640625,0.6239617000000001,0.6472030000000001,0.024691358024691357,0.036566937392141265
synthetic,moderate,128,16qam,1180500,synthetic:moderate:128:16qam:1180500,ofdm,r6_deep,22285456.0,266536.0,0.0,0.0,0.0,0.0,0.0,1.0,4.0,1.0,0.10065270017366856,0.5,50,0,0,0,0.5703125,0.6129501,0.546875,0.59375,0.6119005000000001,0.6139997,0.0821917808219178,0.0034247486051474135
synthetic,moderate,128,16qam,1180500,synthetic:moderate:128:16qam:1180500,ofdm,radau,26311056.0,262800.0,0.0,0.0,0.0,0.0,0.0,1.0,8.0,2.0,0.1641091004712507,0.0,0,0,0,0,0.4609375,0.5045596,0.421875,0.5,0.45347240000000005,0.5556468,0.1694915254237288,0.20250214246245626
synthetic,moderate,128,16qam,1180500,synthetic:moderate:128:16qam:1180500,ofdm,relative_radau,27456112.0,322632.0,0.0,0.0,0.0,0.0,0.0,1.0,4.0,1.0,0.0757694001076743,0.5,50,0,0,0,0.5078125,0.5288933,0.45312500000000006,0.5625,0.5027176,0.555069,0.21538461538461529,0.09898291394502454
synthetic,moderate,128,16qam,1180500,synthetic:moderate:128:16qam:1180500,ofdm,residual,14741456.0,147104.0,0.0,0.0,0.0,0.0,,0.0,4.0,1.0,0.056347800069488585,0.0,0,0,0,0,0.375,0.39763040000000005,0.359375,0.390625,0.388554,0.40670680000000003,0.08333333333333333,0.04565244508468171
synthetic,moderate,128,16qam,1180500,synthetic:moderate:128:16qam:1180500,ofdm,stable,21976656.0,219456.0,0.0,0.0,0.0,0.0,,0.0,8.0,4.0,0.2005552999326028,0.0,0,0,0,0,0.578125,0.5992131,0.578125,0.578125,0.5940827000000001,0.6043435,0.0,0.01712379118547301
synthetic,moderate,128,16qam,1180500,synthetic:moderate:128:16qam:1180500,otfs,gray,27847056.0,278160.0,0.0,0.0,0.0,0.0,0.0,1.0,8.0,2.0,0.1998885000066366,0.0,0,0,0,0,0.5390625,0.6435139000000001,0.515625,0.5625,0.5941516,0.6928762,0.08695652173913043,0.15341486796167114
synthetic,moderate,128,16qam,1180500,synthetic:moderate:128:16qam:1180500,otfs,merged_absolute,28458096.0,344008.0,0.0,0.0,0.0,0.0,0.0,1.0,4.0,1.0,0.12108780004200526,0.5,50,0,0,0,0.578125,0.6525845,0.5625,0.59375,0.6405919,0.6645771,0.05405405405405406,0.03675416746796781
synthetic,moderate,128,16qam,1180500,synthetic:moderate:128:16qam:1180500,otfs,phase_absolute,30080112.0,360392.0,0.0,0.0,0.0,0.0,0.0,1.0,4.0,1.0,0.1182197000598535,0.5,50,0,0,0,0.578125,0.65647845,0.53125,0.625,0.6454269,0.6675300000000001,0.16216216216216217,0.03366919355844817
synthetic,moderate,128,16qam,1180500,synthetic:moderate:128:16qam:1180500,otfs,phase_relative,30080112.0,360392.0,0.0,0.0,0.0,0.0,0.0,1.0,4.0,1.0,0.11250859993742779,0.5,50,0,0,0,0.6015625,0.61459995,0.578125,0.625,0.5854612,0.6437387,0.07792207792207792,0.09482184305416878
synthetic,moderate,128,16qam,1180500,synthetic:moderate:128:16qam:1180500,otfs,r6_deep,23053456.0,274216.0,0.0,0.0,0.0,0.0,0.0,1.0,4.0,1.0,0.1147620000410825,0.5,50,0,0,0,0.640625,0.6573004,0.625,0.65625,0.6524231,0.6621777000000001,0.04878048780487805,0.014840398697460183
synthetic,moderate,128,16qam,1180500,synthetic:moderate:128:16qam:1180500,otfs,radau,27335056.0,273040.0,0.0,0.0,0.0,0.0,0.0,1.0,8.0,2.0,0.1801010000926908,0.0,0,0,0,0,0.5703125,0.5661280500000001,0.5625,0.578125,0.5651766,0.5670795000000001,0.0273972602739726,0.003361253695166739
synthetic,moderate,128,16qam,1180500,synthetic:moderate:128:16qam:1180500,otfs,relative_radau,28224112.0,330312.0,0.0,0.0,0.0,0.0,0.0,1.0,4.0,1.0,0.09774430000106804,0.5,50,0,0,0,0.6171875,0.63267495,0.609375,0.625,0.6307391,0.6346108,0.02531645569620253,0.006119572143641903
synthetic,moderate,128,16qam,1180500,synthetic:moderate:128:16qam:1180500,otfs,residual,15509456.0,154784.0,0.0,0.0,0.0,0.0,,0.0,4.0,1.0,0.07430059983744286,0.0,0,0,0,0,0.421875,0.44294195000000003,0.390625,0.45312500000000006,0.4214464,0.4644375,0.14814814814814828,0.0970580907949676
synthetic,moderate,128,16qam,1180500,synthetic:moderate:128:16qam:1180500,otfs,stable,23512656.0,234816.0,0.0,0.0,0.0,0.0,,0.0,8.0,4.0,0.24013909968198277,0.0,0,0,0,0,0.6171875,0.6462508499999999,0.609375,0.625,0.6398581,0.6526436,0.02531645569620253,0.01978411324333269
synthetic,moderate,128,16qam,1180501,synthetic:moderate:128:16qam:1180501,afdm,gray,56876624.0,664448.0,0.0,0.0,0.0,0.0,0.0,0.81234375,21.99,3.73,0.43660649986122735,0.0,0,0,0,0,0.9140625,0.99721325,0.890625,0.9375000000000001,0.988156,1.0062705,0.051282051282051405,0.01816512165276588
synthetic,moderate,128,16qam,1180501,synthetic:moderate:128:16qam:1180501,afdm,merged_absolute,72749432.0,820992.0,0.0,0.0,0.0,0.0,0.0,0.90513671875,21.75,3.62,0.4453193999361247,0.0,100,0,0,0,1.2109375,1.2710783,1.1875,1.234375,1.2537694000000001,1.2883872,0.03870967741935484,0.027234986231768663
synthetic,moderate,128,16qam,1180501,synthetic:moderate:128:16qam:1180501,afdm,phase_absolute,74371448.0,837094.8,0.0,0.0,0.0,0.0,0.0,0.90513671875,21.75,3.62,0.4574381001002621,0.0,100,0,0,0,1.296875,1.3842593500000002,1.265625,1.328125,1.3329792,1.4355395000000002,0.04819277108433735,0.07409037908972776
synthetic,moderate,128,16qam,1180501,synthetic:moderate:128:16qam:1180501,afdm,phase_relative,74371448.0,837094.8,0.0,0.0,0.0,0.0,0.0,0.90513671875,21.75,3.62,0.47502260032342747,0.0,100,0,0,0,1.2578125,1.3448209500000001,1.25,1.265625,1.3169793,1.3726626000000002,0.012422360248447204,0.04140573509060823
synthetic,moderate,128,16qam,1180501,synthetic:moderate:128:16qam:1180501,afdm,r6_deep,65808792.0,751200.0,0.0,0.0,0.0,0.0,0.0,0.90513671875,21.75,3.62,0.46390000003157184,0.0,100,0,0,0,1.3125,1.3473004,1.3125,1.3125,1.3090879,1.3855129000000002,0.0,0.05672454339062038
synthetic,moderate,128,16qam,1180501,synthetic:moderate:128:16qam:1180501,afdm,radau,57170480.0,679626.0,0.0,0.0,0.0,0.0,0.0,0.9980078125,23.98,4.06,0.31982270008302294,0.0,0,0,0,0,0.890625,0.9208577500000001,0.859375,0.9218750000000001,0.8919315000000001,0.9497840000000001,0.07017543859649135,0.06282457849760179
synthetic,moderate,128,16qam,1180501,synthetic:moderate:128:16qam:1180501,afdm,relative_radau,71723280.0,830157.6,0.0,0.0,0.0,0.0,0.0,0.99802734375,23.4,4.04,0.3272449004580267,0.0,100,0,0,0,1.140625,1.21175545,1.125,1.15625,1.1998202,1.2236907000000001,0.0273972602739726,0.01969910677934242
synthetic,moderate,128,16qam,1180501,synthetic:moderate:128:16qam:1180501,afdm,residual,26377352.0,303864.0,0.0,0.0,0.0,0.0,,0.0,12.07,1.0,0.058945099997799844,0.0,0,0,0,0,0.515625,0.52595185,0.48437500000000006,0.546875,0.5063025,0.5456012,0.1212121212121211,0.0747191972040787
synthetic,moderate,128,16qam,1180501,synthetic:moderate:128:16qam:1180501,afdm,stable,30913120.0,343808.0,0.0,0.0,0.0,0.0,,0.0,12.18,6.09,0.27129640022758394,0.0,0,0,0,0,0.6484375,0.7143751,0.640625,0.65625,0.6744095,0.7543407000000001,0.024096385542168676,0.11188967812567947
synthetic,moderate,128,16qam,1180501,synthetic:moderate:128:16qam:1180501,ofdm,gray,57263384.0,689366.0,1.953125e-05,1.953125e-05,0.0007421875,0.00072265625,0.0,0.93935546875,22.86,3.83,0.43349970027338713,0.0,0,0,0,0,0.9609375,1.00682665,0.9218750000000001,1.0,0.9973562,1.0162971,0.08130081300812997,0.018812473825558788
synthetic,moderate,128,16qam,1180501,synthetic:moderate:128:16qam:1180501,ofdm,merged_absolute,73293056.0,849795.6,1.953125e-05,1.953125e-05,0.0007421875,0.00072265625,0.0,0.97369140625,22.61,3.71,0.4838171000883449,0.0,100,0,0,0,1.3125,1.34622295,1.296875,1.328125,1.327418,1.3650279,0.023809523809523808,0.02793734871330197
synthetic,moderate,128,16qam,1180501,synthetic:moderate:128:16qam:1180501,ofdm,phase_absolute,74915072.0,855575.6,1.953125e-05,1.953125e-05,0.0007421875,0.00072265625,0.0,0.97369140625,22.61,3.71,0.4880413999198936,0.0,100,0,0,0,1.296875,1.36850455,1.234375,1.359375,1.3515333,1.3854758,0.0963855421686747,0.02480262122621367
synthetic,moderate,128,16qam,1180501,synthetic:moderate:128:16qam:1180501,ofdm,phase_relative,74915072.0,855575.6,1.953125e-05,1.953125e-05,0.0007421875,0.00072265625,0.0,0.97369140625,22.61,3.71,0.47520829987479374,0.0,100,0,0,0,1.2109375,1.3506467,1.1875,1.234375,1.3446722,1.3566212000000002,0.03870967741935484,0.008846873131219445
synthetic,moderate,128,16qam,1180501,synthetic:moderate:128:16qam:1180501,ofdm,r6_deep,66352416.0,780494.0,1.953125e-05,1.953125e-05,0.0007421875,0.00072265625,0.0,0.97369140625,22.61,3.71,0.4794697998731863,0.0,100,0,0,0,1.265625,1.30308035,1.25,1.28125,1.2701486000000002,1.3360121,0.024691358024691357,0.050544465657854365
synthetic,moderate,128,16qam,1180501,synthetic:moderate:128:16qam:1180501,ofdm,radau,56763432.0,681528.0,0.0,0.0,0.00072265625,0.00072265625,0.0,0.99498046875,24.54,4.01,0.3015504994255025,0.0,0,0,0,0,0.8515625,0.87228055,0.84375,0.859375,0.8705611000000001,0.874,0.01834862385321101,0.003942424257883443
synthetic,moderate,128,16qam,1180501,synthetic:moderate:128:16qam:1180501,ofdm,relative_radau,71279344.0,836024.0,1.953125e-05,1.953125e-05,0.0007421875,0.00072265625,0.0,0.99486328125,23.93,3.99,0.32015030016191304,0.0,100,0,0,0,1.15625,1.19737235,1.125,1.1875,1.1918989,1.2028458,0.05405405405405406,0.009142435934820094
synthetic,moderate,128,16qam,1180501,synthetic:moderate:128:16qam:1180501,ofdm,residual,25986872.0,285424.0,0.00044921875,0.00044921875,0.0009765625,0.00072265625,,0.0,12.13,1.0,0.05697639999561943,0.0,0,0,0,0,0.4296875,0.5060374,0.421875,0.4375,0.4982382,0.5138366,0.03636363636363636,0.030824599130419923
synthetic,moderate,128,16qam,1180501,synthetic:moderate:128:16qam:1180501,ofdm,stable,39103088.0,478557.5999999999,0.0001171875,0.0001171875,0.00076171875,0.00072265625,,0.0,17.32,8.66,0.4085278996208217,0.0,0,0,0,0,0.8203125,0.91977525,0.8125,0.828125,0.9190297000000001,0.9205208,0.01904761904761905,0.0016211569076249523
synthetic,moderate,128,16qam,1180501,synthetic:moderate:128:16qam:1180501,otfs,gray,57622128.0,670592.0,0.0,0.0,0.0,0.0,0.0,0.825859375,21.99,3.77,0.4877984004560858,0.0,0,0,0,0,1.0703125,1.07756895,1.0625,1.078125,1.0735194000000001,1.0816185,0.014598540145985401,0.007516085165594196
synthetic,moderate,128,16qam,1180501,synthetic:moderate:128:16qam:1180501,otfs,merged_absolute,73317112.0,826908.0,0.0,0.0,0.0,0.0,0.0,0.91072265625,21.68,3.63,0.5903575998381712,0.0,100,0,0,0,1.3125,1.5061469,1.296875,1.328125,1.3604466000000002,1.6518472000000002,0.023809523809523808,0.19347422220236285
synthetic,moderate,128,16qam,1180501,synthetic:moderate:128:16qam:1180501,otfs,phase_absolute,74939128.0,843292.0,0.0,0.0,0.0,0.0,0.0,0.91072265625,21.68,3.63,0.5194809996464755,0.0,100,0,0,0,1.328125,1.4384420000000002,1.265625,1.390625,1.4319426000000002,1.4449414,0.09411764705882353,0.009036721675256884
synthetic,moderate,128,16qam,1180501,synthetic:moderate:128:16qam:1180501,otfs,phase_relative,74939128.0,843292.0,0.0,0.0,0.0,0.0,0.0,0.91072265625,21.68,3.63,0.5041174004727509,0.0,100,0,0,0,1.34375,1.4062676,1.328125,1.359375,1.3850805000000002,1.4274547000000002,0.023255813953488372,0.030132387320876926
synthetic,moderate,128,16qam,1180501,synthetic:moderate:128:16qam:1180501,otfs,r6_deep,66376472.0,757344.0,0.0,0.0,0.0,0.0,0.0,0.91072265625,21.68,3.63,0.5793874001828954,0.0,100,0,0,0,1.3046875,1.4221020500000001,1.265625,1.34375,1.3445495,1.4996546000000002,0.059880239520958084,0.1090674892142938
synthetic,moderate,128,16qam,1180501,synthetic:moderate:128:16qam:1180501,otfs,radau,57338456.0,686128.0,0.0,0.0,0.0,0.0,0.0,0.9974609375,23.85,4.0,0.37393919998430647,0.0,0,0,0,0,0.9453125000000001,0.9611378,0.9375000000000001,0.9531250000000001,0.9539478,0.9683278000000001,0.016528925619834708,0.014961434250114872
synthetic,moderate,128,16qam,1180501,synthetic:moderate:128:16qam:1180501,otfs,relative_radau,71893704.0,840624.0,0.0,0.0,0.0,0.0,0.0,0.99734375,23.24,3.99,0.39775889943121,0.0,100,0,0,0,1.2109375,1.3219039000000001,1.15625,1.265625,1.3037276,1.3400802,0.09032258064516129,0.02750018363664716
synthetic,moderate,128,16qam,1180501,synthetic:moderate:128:16qam:1180501,otfs,residual,26727208.0,306936.0,0.0,0.0,0.0,0.0,,0.0,12.11,1.0,0.06851859990274534,0.0,0,0,0,0,0.5625,0.5555242,0.546875,0.578125,0.5392083000000001,0.5718401000000001,0.05555555555555555,0.05874055531694206
synthetic,moderate,128,16qam,1180501,synthetic:moderate:128:16qam:1180501,otfs,stable,32397168.0,392064.0,0.0,0.0,0.0,0.0,,0.0,12.52,6.26,0.38270800007740036,0.0,0,0,0,0,0.828125,0.8522474500000001,0.8125,0.84375,0.8520167000000001,0.8524782000000001,0.03773584905660377,0.0005415093937799444
synthetic,moderate,128,qpsk,1180400,synthetic:moderate:128:qpsk:1180400,afdm,gray,22073936.0,220304.0,0.0,0.0,0.0,0.0,0.0,1.0,8.0,2.0,0.15658890013583004,0.0,0,0,0,0,0.46093750000000006,0.5360874,0.45312500000000006,0.46875000000000006,0.5313036,0.5408712,0.033898305084745756,0.017847089858855122
synthetic,moderate,128,qpsk,1180400,synthetic:moderate:128:qpsk:1180400,afdm,merged_absolute,30819376.0,308168.0,0.0,0.0,0.0,0.0,0.0,1.0,4.0,1.0,0.0906721998762805,0.0,100,0,0,0,0.6953125,0.7422006000000001,0.6875,0.703125,0.7276453,0.7567559,0.02247191011235955,0.03922201086875972
synthetic,moderate,128,qpsk,1180400,synthetic:moderate:128:qpsk:1180400,afdm,phase_absolute,24610096.0,324552.0,0.0,0.0,0.0,0.0,0.0,1.0,4.0,1.0,0.09082680000574328,0.66,34,0,0,0,0.5390625,0.5860079499999999,0.53125,0.546875,0.585206,0.5868099,0.028985507246376812,0.0027369935851552724
synthetic,moderate,128,qpsk,1180400,synthetic:moderate:128:qpsk:1180400,afdm,phase_relative,24610096.0,324552.0,0.0,0.0,0.0,0.0,0.0,1.0,4.0,1.0,0.09439910011133179,0.66,34,0,0,0,0.5625,0.5836826,0.5625,0.5625,0.5735881,0.5937771000000001,0.0,0.03458900436641423
synthetic,moderate,128,qpsk,1180400,synthetic:moderate:128:qpsk:1180400,afdm,r6_deep,23878736.0,238376.0,0.0,0.0,0.0,0.0,0.0,1.0,4.0,1.0,0.09302219981327653,0.0,100,0,0,0,0.703125,0.7342047500000001,0.6875,0.71875,0.7320863000000001,0.7363232000000001,0.044444444444444446,0.005770733572617158
synthetic,moderate,128,qpsk,1180400,synthetic:moderate:128:qpsk:1180400,afdm,radau,21817936.0,217744.0,0.0,0.0,0.0,0.0,0.0,1.0,8.0,2.0,0.14605960037442856,0.0,0,0,0,0,0.5,0.5341513,0.5,0.5,0.5312426,0.53706,0.0,0.010890921729479967
synthetic,moderate,128,qpsk,1180400,synthetic:moderate:128:qpsk:1180400,afdm,relative_radau,23122736.0,294472.0,0.0,0.0,0.0,0.0,0.0,1.0,4.0,1.0,0.07239199988543987,0.66,34,0,0,0,0.53125,0.5555131500000001,0.5,0.5625,0.5490911,0.5619352000000001,0.11764705882352941,0.023121144836985446
synthetic,moderate,128,qpsk,1180400,synthetic:moderate:128:qpsk:1180400,afdm,residual,14218184.0,150184.0,0.0,0.0,0.0,0.0,,0.0,4.39,1.0,0.05412579973926768,0.0,0,0,0,0,0.390625,0.40647920000000004,0.390625,0.390625,0.4039165,0.4090419,0.0,0.01260925528292715
synthetic,moderate,128,qpsk,1180400,synthetic:moderate:128:qpsk:1180400,afdm,stable,20657936.0,206144.0,0.0,0.0,0.0,0.0,,0.0,8.0,4.0,0.19118870017700829,0.0,0,0,0,0,0.578125,0.58214835,0.578125,0.578125,0.5813744000000001,0.5829223,0.0,0.002658944236464701
synthetic,moderate,128,qpsk,1180400,synthetic:moderate:128:qpsk:1180400,ofdm,gray,21446864.0,214160.0,0.0,0.0,0.0,0.0,0.0,1.0,8.0,2.0,0.1671136999502778,0.0,0,0,0,0,0.5234375,0.5739762500000001,0.5,0.546875,0.5732827,0.5746698,0.08955223880597014,0.00241665051472073
synthetic,moderate,128,qpsk,1180400,synthetic:moderate:128:qpsk:1180400,ofdm,merged_absolute,30345904.0,303560.0,0.0,0.0,0.0,0.0,0.0,1.0,4.0,1.0,0.09247719994164072,0.0,100,0,0,0,0.6875,0.7235951,0.671875,0.703125,0.7206848,0.7265054000000001,0.045454545454545456,0.00804400140354746
synthetic,moderate,128,qpsk,1180400,synthetic:moderate:128:qpsk:1180400,ofdm,phase_absolute,24136624.0,319944.0,0.0,0.0,0.0,0.0,0.0,1.0,4.0,1.0,0.09505830006673932,0.66,34,0,0,0,0.5390625,0.5654826500000001,0.53125,0.546875,0.5455313,0.585434,0.028985507246376812,0.07056396867348619
synthetic,moderate,128,qpsk,1180400,synthetic:moderate:128:qpsk:1180400,ofdm,phase_relative,24136624.0,319944.0,0.0,0.0,0.0,0.0,0.0,1.0,4.0,1.0,0.08845080010360107,0.66,34,0,0,0,0.5546875,0.57135695,0.546875,0.5625,0.5651875000000001,0.5775264,0.028169014084507043,0.021595781761296385
synthetic,moderate,128,qpsk,1180400,synthetic:moderate:128:qpsk:1180400,ofdm,r6_deep,23405264.0,233768.0,0.0,0.0,0.0,0.0,0.0,1.0,4.0,1.0,0.09945259991218336,0.0,100,0,0,0,0.6875,0.73081625,0.671875,0.703125,0.7002758,0.7613567,0.045454545454545456,0.08357901182410762
synthetic,moderate,128,qpsk,1180400,synthetic:moderate:128:qpsk:1180400,ofdm,radau,21190864.0,211600.0,0.0,0.0,0.0,0.0,0.0,1.0,8.0,2.0,0.14181029988685623,0.0,0,0,0,0,0.5,0.5133942499999999,0.48437500000000006,0.515625,0.5049228,0.5218657,0.06249999999999989,0.033001733073558935
synthetic,moderate,128,qpsk,1180400,synthetic:moderate:128:qpsk:1180400,ofdm,relative_radau,22649264.0,289864.0,0.0,0.0,0.0,0.0,0.0,1.0,4.0,1.0,0.07071249990258366,0.66,34,0,0,0,0.53125,0.57278355,0.5,0.5625,0.5470325,0.5985346,0.11764705882352941,0.08991546632231319
synthetic,moderate,128,qpsk,1180400,synthetic:moderate:128:qpsk:1180400,ofdm,residual,13883032.0,145576.0,0.0,0.0,0.0,0.0,,0.0,4.49,1.0,0.05084089995943941,0.0,0,0,0,0,0.3828125,0.39220585,0.375,0.390625,0.3797496,0.4046621,0.04081632653061224,0.063518940372766
synthetic,moderate,128,qpsk,1180400,synthetic:moderate:128:qpsk:1180400,ofdm,stable,19723664.0,196928.0,0.0,0.0,0.0,0.0,,0.0,8.0,4.0,0.1908799003867898,0.0,0,0,0,0,0.5703125,0.5683588,0.546875,0.59375,0.5556948,0.5810228000000001,0.0821917808219178,0.04456339903596111
synthetic,moderate,128,qpsk,1180400,synthetic:moderate:128:qpsk:1180400,otfs,gray,22470864.0,224400.0,0.0,0.0,0.0,0.0,0.0,1.0,8.0,2.0,0.18502260037348606,0.0,0,0,0,0,0.546875,0.5741694500000001,0.546875,0.546875,0.5496574000000001,0.5986815000000001,0.0,0.08538263399419807
synthetic,moderate,128,qpsk,1180400,synthetic:moderate:128:qpsk:1180400,otfs,merged_absolute,31113904.0,311240.0,0.0,0.0,0.0,0.0,0.0,1.0,4.0,1.0,0.10642379999626428,0.0,100,0,0,0,0.734375,0.75222155,0.734375,0.734375,0.7467985,0.7576446,0.0,0.01441875734615682
synthetic,moderate,128,qpsk,1180400,synthetic:moderate:128:qpsk:1180400,otfs,phase_absolute,24904624.0,327624.0,0.0,0.0,0.0,0.0,0.0,1.0,4.0,1.0,0.10584209999069571,0.66,34,0,0,0,0.59375,0.6085579000000001,0.578125,0.609375,0.6022395,0.6148763,0.05263157894736842,0.02076515644608344
synthetic,moderate,128,qpsk,1180400,synthetic:moderate:128:qpsk:1180400,otfs,phase_relative,24904624.0,327624.0,0.0,0.0,0.0,0.0,0.0,1.0,4.0,1.0,0.10600060014985502,0.66,34,0,0,0,0.578125,0.6080194000000001,0.578125,0.578125,0.6079663000000001,0.6080725,0.0,0.0001746654794237572
synthetic,moderate,128,qpsk,1180400,synthetic:moderate:128:qpsk:1180400,otfs,r6_deep,24173264.0,241448.0,0.0,0.0,0.0,0.0,0.0,1.0,4.0,1.0,0.11244230016018264,0.0,100,0,0,0,0.703125,0.7352876,0.671875,0.734375,0.7147384,0.7558368000000001,0.08888888888888889,0.0558943194472477
synthetic,moderate,128,qpsk,1180400,synthetic:moderate:128:qpsk:1180400,otfs,radau,22214864.0,221840.0,0.0,0.0,0.0,0.0,0.0,1.0,8.0,2.0,0.1664056998270098,0.0,0,0,0,0,0.515625,0.5670545499999999,0.48437500000000006,0.546875,0.5593606,0.5747485,0.1212121212121211,0.027136542683591926
synthetic,moderate,128,qpsk,1180400,synthetic:moderate:128:qpsk:1180400,otfs,relative_radau,23417264.0,297544.0,0.0,0.0,0.0,0.0,0.0,1.0,4.0,1.0,0.08848299994133413,0.66,34,0,0,0,0.5859375,0.6099579,0.578125,0.59375,0.5890243000000001,0.6308915,0.02666666666666667,0.06863949134850125
synthetic,moderate,128,qpsk,1180400,synthetic:moderate:128:qpsk:1180400,otfs,residual,14485048.0,153256.0,0.0,0.0,0.0,0.0,,0.0,4.37,1.0,0.06999509979505092,0.0,0,0,0,0,0.390625,0.44269405000000006,0.375,0.40625,0.4415256,0.44386250000000005,0.08,0.005278815019086049
synthetic,moderate,128,qpsk,1180400,synthetic:moderate:128:qpsk:1180400,otfs,stable,21259664.0,212288.0,0.0,0.0,0.0,0.0,,0.0,8.0,4.0,0.24202019983204082,0.0,0,0,0,0,0.640625,0.6447407,0.640625,0.640625,0.6401165000000001,0.6493649,0.0,0.014344371310822992
synthetic,moderate,128,qpsk,1180401,synthetic:moderate:128:qpsk:1180401,afdm,gray,54509816.0,706556.0,0.0,0.0,0.0,0.0,0.0,0.5562890625,27.62,4.23,0.34388050046982244,0.0,0,0,0,0,0.984375,1.04503985,0.9218750000000001,1.046875,0.9771245000000001,1.1129552,0.12698412698412687,0.12997657457751488
synthetic,moderate,128,qpsk,1180401,synthetic:moderate:128:qpsk:1180401,afdm,merged_absolute,68182568.0,859874.4,0.0,0.0,0.0,0.0,0.0,0.7912109375,25.71,3.82,0.39470879995496944,0.0,100,0,0,0,1.2421875,1.2844701,1.21875,1.265625,1.2499881000000002,1.3189521000000002,0.03773584905660377,0.05369062308262374
synthetic,moderate,128,qpsk,1180401,synthetic:moderate:128:qpsk:1180401,afdm,phase_absolute,69804584.0,876258.4,0.0,0.0,0.0,0.0,0.0,0.7912109375,25.71,3.82,0.42135920003056526,0.0,100,0,0,0,1.2890625,1.3895122,1.265625,1.3125,1.3876638000000001,1.3913606,0.03636363636363636,0.0026605020092662335
synthetic,moderate,128,qpsk,1180401,synthetic:moderate:128:qpsk:1180401,afdm,phase_relative,69804584.0,876258.4,0.0,0.0,0.0,0.0,0.0,0.7912109375,25.71,3.82,0.40906259970506653,0.0,100,0,0,0,1.3046875,1.3602143500000001,1.296875,1.3125,1.3589333000000001,1.3614954000000001,0.011976047904191617,0.0018836001840445305
synthetic,moderate,128,qpsk,1180401,synthetic:moderate:128:qpsk:1180401,afdm,r6_deep,61241928.0,790082.4,0.0,0.0,0.0,0.0,0.0,0.7912109375,25.71,3.82,0.3827469003445003,0.0,100,0,0,0,1.1640625,1.2461723,1.140625,1.1875,1.2334349,1.2589097,0.040268456375838924,0.020442438015995074
synthetic,moderate,128,qpsk,1180401,synthetic:moderate:128:qpsk:1180401,afdm,radau,56995696.0,732888.0,0.0,0.0,0.0,0.0,0.0,0.9996484375,29.68,4.52,0.3210847996233497,0.0,0,0,0,0,0.984375,1.03209025,0.9531250000000001,1.015625,0.9647142000000001,1.0994663,0.06349206349206338,0.13056232243255853
synthetic,moderate,128,qpsk,1180401,synthetic:moderate:128:qpsk:1180401,afdm,relative_radau,69565536.0,887384.0,0.0,0.0,0.0,0.0,0.0,0.99953125,27.71,4.43,0.3145807998080272,0.0,100,0,0,0,1.109375,1.2209322500000002,1.046875,1.171875,1.2117661000000002,1.2300984000000001,0.11267605633802817,0.01501500185616357
synthetic,moderate,128,qpsk,1180401,synthetic:moderate:128:qpsk:1180401,afdm,residual,27469240.0,330000.0,0.0,0.0,0.0,0.0,,0.0,13.97,1.0,0.059213200031081215,0.0,0,0,0,0,0.6171875,0.61496835,0.5625,0.671875,0.5582194,0.6717173000000001,0.17721518987341772,0.1845589289269928
synthetic,moderate,128,qpsk,1180401,synthetic:moderate:128:qpsk:1180401,afdm,stable,22324976.0,242384.0,0.0,0.0,0.0,0.0,,0.0,8.92,4.46,0.21648100012680516,0.0,0,0,0,0,0.53125,0.62938035,0.46875000000000006,0.59375,0.6180192,0.6407415000000001,0.2352941176470587,0.0361026523945339
synthetic,moderate,128,qpsk,1180401,synthetic:moderate:128:qpsk:1180401,ofdm,gray,55431136.0,705787.2,0.0,0.0,0.0,0.0,0.0,0.6771484375,28.85,4.33,0.3395318998082075,0.0,0,0,0,0,0.921875,0.97851025,0.875,0.9687500000000001,0.9761697,0.9808508,0.1016949152542374,0.004783904920771135
synthetic,moderate,128,qpsk,1180401,synthetic:moderate:128:qpsk:1180401,ofdm,merged_absolute,70115936.0,856340.7999999999,0.0,0.0,0.0,0.0,0.0,0.840703125,27.46,4.0,0.4161876004363876,0.0,100,0,0,0,1.3203125,1.32291085,1.3125,1.328125,1.3125789,1.3332428,0.011834319526627219,0.015620024584423024
synthetic,moderate,128,qpsk,1180401,synthetic:moderate:128:qpsk:1180401,ofdm,phase_absolute,71737952.0,872724.7999999999,0.0,0.0,0.0,0.0,0.0,0.840703125,27.46,4.0,0.40316099987830967,0.0,100,0,0,0,1.3125,1.3214146000000002,1.3125,1.3125,1.3139646,1.3288646000000002,0.0,0.011275794894350443
synthetic,moderate,128,qpsk,1180401,synthetic:moderate:128:qpsk:1180401,ofdm,phase_relative,71737952.0,872724.7999999999,0.0,0.0,0.0,0.0,0.0,0.840703125,27.46,4.0,0.41065230008098297,0.0,100,0,0,0,1.2890625,1.3227597500000001,1.25,1.328125,1.3024797000000001,1.3430398000000001,0.06060606060606061,0.03066324024449639
synthetic,moderate,128,qpsk,1180401,synthetic:moderate:128:qpsk:1180401,ofdm,r6_deep,63175296.0,786548.7999999999,0.0,0.0,0.0,0.0,0.0,0.840703125,27.46,4.0,0.4198826000210829,0.0,100,0,0,0,1.2421875,1.3072917,1.21875,1.265625,1.2839205,1.3306629,0.03773584905660377,0.03575514171779724
synthetic,moderate,128,qpsk,1180401,synthetic:moderate:128:qpsk:1180401,ofdm,radau,57182912.0,721552.0,0.0,0.0,0.0,0.0,0.0,0.9984765625,30.67,4.47,0.3107119998894632,0.0,0,0,0,0,0.8828125,0.9578799,0.859375,0.9062500000000001,0.9501673,0.9655925000000001,0.05309734513274349,0.01610348019621252
synthetic,moderate,128,qpsk,1180401,synthetic:moderate:128:qpsk:1180401,ofdm,relative_radau,70010744.0,876048.0,0.0,0.0,0.0,0.0,0.0,0.998359375,28.76,4.45,0.3167639999592211,0.0,100,0,0,0,1.2109375,1.2366354,1.171875,1.25,1.207649,1.2656218000000001,0.06451612903225806,0.04687946018689111
synthetic,moderate,128,qpsk,1180401,synthetic:moderate:128:qpsk:1180401,ofdm,residual,27078760.0,298419.6,0.0002734375,0.0002734375,0.0002734375,0.0,,0.0,14.03,1.0,0.05787439999403432,0.0,0,0,0,0,0.515625,0.53237775,0.5,0.53125,0.5256097000000001,0.5391458,0.06060606060606061,0.025425743280969085
synthetic,moderate,128,qpsk,1180401,synthetic:moderate:128:qpsk:1180401,ofdm,stable,22465280.0,335744.0,0.0005859375,0.0005859375,0.0005859375,0.0,,0.0,9.58,4.79,0.2424584997643251,0.0,0,0,0,0,0.625,0.65560475,0.5625,0.6875,0.6303202,0.6808893,0.2,0.07713351680261626
synthetic,moderate,128,qpsk,1180401,synthetic:moderate:128:qpsk:1180401,otfs,gray,55417472.0,712850.0,0.0,0.0,0.0,0.0,0.0,0.5784375,27.75,4.27,0.3964345997083001,0.0,0,0,0,0,1.0078125,1.0301735,1.0,1.015625,1.0224705,1.0378765,0.015503875968992248,0.014954762474476415
synthetic,moderate,128,qpsk,1180401,synthetic:moderate:128:qpsk:1180401,otfs,merged_absolute,69498396.0,863250.0,0.0,0.0,0.0,0.0,0.0,0.785234375,26.14,3.87,0.42899399957968853,0.0,100,0,0,0,1.3359375,1.3441928500000002,1.296875,1.375,1.3139555,1.3744302000000002,0.05847953216374269,0.044989601008516074
synthetic,moderate,128,qpsk,1180401,synthetic:moderate:128:qpsk:1180401,otfs,phase_absolute,71120412.0,879634.0,0.0,0.0,0.0,0.0,0.0,0.785234375,26.14,3.87,0.4474198000098113,0.0,100,0,0,0,1.265625,1.3744694000000002,1.234375,1.296875,1.3586417000000002,1.3902971000000002,0.04938271604938271,0.023030996543102377
synthetic,moderate,128,qpsk,1180401,synthetic:moderate:128:qpsk:1180401,otfs,phase_relative,71120412.0,879634.0,0.0,0.0,0.0,0.0,0.0,0.785234375,26.14,3.87,0.44279049985925667,0.0,100,0,0,0,1.2890625,1.3654585000000001,1.265625,1.3125,1.3579217000000001,1.3729953000000001,0.03636363636363636,0.011039222356446585
synthetic,moderate,128,qpsk,1180401,synthetic:moderate:128:qpsk:1180401,otfs,r6_deep,62557756.0,793458.0,0.0,0.0,0.0,0.0,0.0,0.785234375,26.14,3.87,0.4524651000392623,0.0,100,0,0,0,1.234375,1.3644481000000002,1.1875,1.28125,1.3502806,1.3786156,0.0759493670886076,0.02076663817407199
synthetic,moderate,128,qpsk,1180401,synthetic:moderate:128:qpsk:1180401,otfs,radau,57428544.0,740107.2,0.0,0.0,0.0,0.0,0.0,0.9997265625,29.65,4.45,0.3747416002152022,0.0,0,0,0,0,0.9765625,1.028658,0.9531250000000001,1.0,1.0124539000000001,1.0448621,0.04799999999999988,0.0315053205244113
synthetic,moderate,128,qpsk,1180401,synthetic:moderate:128:qpsk:1180401,otfs,relative_radau,70225848.0,894603.2,0.0,0.0,0.0,0.0,0.0,0.9996875,27.76,4.41,0.3605307000107132,0.0,100,0,0,0,1.2734375,1.3068172,1.234375,1.3125,1.2813881,1.3322463,0.06134969325153374,0.03891760836940313
synthetic,moderate,128,qpsk,1180401,synthetic:moderate:128:qpsk:1180401,otfs,residual,27473296.0,319240.0,0.0,0.0,0.0,0.0,,0.0,13.76,1.0,0.06872430013027042,0.0,0,0,0,0,0.4921875,0.5555383,0.45312500000000006,0.53125,0.5486253,0.5624513,0.1587301587301586,0.024887573008017635
synthetic,moderate,128,qpsk,1180401,synthetic:moderate:128:qpsk:1180401,otfs,stable,23681824.0,249552.0,0.0,0.0,0.0,0.0,,0.0,9.3,4.65,0.27593279993743636,0.0,0,0,0,0,0.6796875,0.693378,0.65625,0.703125,0.689515,0.697241,0.06896551724137931,0.011142551393323714
synthetic,moderate,256,16qam,1180700,synthetic:moderate:256:16qam:1180700,afdm,gray,89397024.0,1003942.3999999999,0.0,0.0,0.0,0.0,0.0,0.475341796875,14.93,3.05,0.43975249980576336,0.0,0,0,0,0,0.8984375,0.9581653000000001,0.890625,0.9062500000000001,0.9437315000000001,0.9725991,0.017391304347826212,0.030127995660039025
synthetic,moderate,256,16qam,1180700,synthetic:moderate:256:16qam:1180700,afdm,merged_absolute,123272968.0,1348756.0,0.0,0.0,0.0,0.0,0.0,0.792978515625,14.71,3.0,0.47544600008404814,0.0,100,0,0,0,1.234375,1.3150747000000003,1.203125,1.265625,1.3107524000000002,1.3193970000000002,0.05063291139240506,0.006573466891272413
synthetic,moderate,256,16qam,1180700,synthetic:moderate:256:16qam:1180700,afdm,phase_absolute,126517000.0,1381524.0,0.0,0.0,0.0,0.0,0.0,0.792978515625,14.71,3.0,0.44865000012214296,0.0,100,0,0,0,1.28125,1.3123758,1.25,1.3125,1.271476,1.3532756000000001,0.04878048780487805,0.062329402904259645
synthetic,moderate,256,16qam,1180700,synthetic:moderate:256:16qam:1180700,afdm,phase_relative,126517000.0,1381524.0,0.0,0.0,0.0,0.0,0.0,0.792978515625,14.71,3.0,0.4593082999926992,0.0,100,0,0,0,1.2578125,1.30385155,1.234375,1.28125,1.2926782,1.3150249,0.037267080745341616,0.017138991014736257
synthetic,moderate,256,16qam,1180700,synthetic:moderate:256:16qam:1180700,afdm,r6_deep,109306152.0,1216136.0,0.0,0.0,0.0,0.0,0.0,0.792978515625,14.71,3.0,0.4722544999967795,0.0,100,0,0,0,1.2890625,1.3109434,1.28125,1.296875,1.3017561,1.3201307,0.012121212121212121,0.014016318324650796
synthetic,moderate,256,16qam,1180700,synthetic:moderate:256:16qam:1180700,afdm,radau,89848792.0,1011000.0,0.0,0.0,0.0,0.0,0.0,0.998779296875,16.96,3.33,0.30533739997190423,0.0,0,0,0,0,0.8203125,0.8357773500000001,0.8125,0.828125,0.8196314,0.8519233,0.01904761904761905,0.038636964737079844
synthetic,moderate,256,16qam,1180700,synthetic:moderate:256:16qam:1180700,afdm,relative_radau,118825344.0,1321323.2,0.0,0.0,0.0,0.0,0.0,0.998759765625,16.21,3.33,0.29427609997219406,0.0,100,0,0,0,1.09375,1.1270014000000002,1.09375,1.09375,1.1241515,1.1298513000000001,0.0,0.005057491499123375
synthetic,moderate,256,16qam,1180700,synthetic:moderate:256:16qam:1180700,afdm,residual,44727080.0,472144.0,0.0,0.0,0.0,0.0,,0.0,9.07,1.0,0.06280189999961294,0.0,0,0,0,0,0.484375,0.5090222,0.46875000000000006,0.5,0.5032972,0.5147472000000001,0.06451612903225795,0.022494107329700103
synthetic,moderate,256,16qam,1180700,synthetic:moderate:256:16qam:1180700,afdm,stable,54729328.0,619616.0,0.0,0.0,0.0,0.0,,0.0,10.12,5.06,0.24719219995313324,0.0,0,0,0,0,0.65625,0.6988899500000001,0.59375,0.71875,0.6685134,0.7292665,0.19047619047619047,0.08692799202506775
synthetic,moderate,256,16qam,1180700,synthetic:moderate:256:16qam:1180700,ofdm,gray,88534152.0,998483.6,0.0,0.0,3.90625e-05,3.90625e-05,0.0,0.527548828125,15.07,3.08,0.49063770013162866,0.0,0,0,0,0,0.9218750000000001,1.0220140500000001,0.9062500000000001,0.9375000000000001,0.9707719,1.0732562,0.033898305084745756,0.10027680147841418
synthetic,moderate,256,16qam,1180700,synthetic:moderate:256:16qam:1180700,ofdm,merged_absolute,121961312.0,1333242.4,0.0,0.0,3.90625e-05,3.90625e-05,0.0,0.759189453125,14.66,2.97,0.47098530011135153,0.0,100,0,0,0,1.2421875,1.3204049000000002,1.1875,1.296875,1.2580382,1.3827716,0.0880503144654088,0.09446602326301574
synthetic,moderate,256,16qam,1180700,synthetic:moderate:256:16qam:1180700,ofdm,phase_absolute,125205344.0,1366010.4,0.0,0.0,3.90625e-05,3.90625e-05,0.0,0.759189453125,14.66,2.97,0.6072915000549983,0.0,100,0,0,0,1.375,1.4930945000000002,1.296875,1.453125,1.3287282,1.6574608000000002,0.11363636363636363,0.2201686497405222
synthetic,moderate,256,16qam,1180700,synthetic:moderate:256:16qam:1180700,ofdm,phase_relative,125205344.0,1366010.4,0.0,0.0,3.90625e-05,3.90625e-05,0.0,0.759189453125,14.66,2.97,0.49167609988944605,0.0,100,0,0,0,1.2109375,1.30165215,1.171875,1.25,1.2766993,1.326605,0.06451612903225806,0.03834027393570552
synthetic,moderate,256,16qam,1180700,synthetic:moderate:256:16qam:1180700,ofdm,r6_deep,107994496.0,1195697.6,0.0,0.0,3.90625e-05,3.90625e-05,0.0,0.759189453125,14.66,2.97,0.49706429967773147,0.0,100,0,0,0,1.1875,1.2986392,1.171875,1.203125,1.2972515,1.3000269,0.02631578947368421,0.002137160190451654
synthetic,moderate,256,16qam,1180700,synthetic:moderate:256:16qam:1180700,ofdm,radau,89145280.0,1019200.0,0.0,0.0,3.90625e-05,3.90625e-05,0.0,0.997978515625,17.16,3.38,0.3467934998043347,0.0,0,0,0,0,0.8515625,0.90613935,0.796875,0.9062500000000001,0.8417059,0.9705728,0.12844036697247718,0.14221532262118405
synthetic,moderate,256,16qam,1180700,synthetic:moderate:256:16qam:1180700,ofdm,relative_radau,117818608.0,1329472.0,0.0,0.0,3.90625e-05,3.90625e-05,0.0,0.998076171875,16.36,3.36,0.3006634000921622,0.0,100,0,0,0,1.125,1.1578474500000002,1.125,1.125,1.1505571,1.1651378000000001,0.0,0.01259293700564785
synthetic,moderate,256,16qam,1180700,synthetic:moderate:256:16qam:1180700,ofdm,residual,43753888.0,462928.0,2.9296875e-05,2.9296875e-05,6.8359375e-05,3.90625e-05,,0.0,9.06,1.0,0.06264099993859418,0.0,0,0,0,0,0.484375,0.49869235,0.46875000000000006,0.5,0.49544140000000003,0.5019433,0.06451612903225795,0.013037898014677685
synthetic,moderate,256,16qam,1180700,synthetic:moderate:256:16qam:1180700,ofdm,stable,62779776.0,673546.3999999998,0.0,0.0,3.90625e-05,3.90625e-05,,0.0,12.86,6.43,0.333402299991576,0.0,0,0,0,0,0.7734375,0.8198077500000001,0.765625,0.78125,0.8162883000000001,0.8233272,0.020202020202020204,0.0085860373971824
synthetic,moderate,256,16qam,1180700,synthetic:moderate:256:16qam:1180700,otfs,gray,90120512.0,954112.0,0.0,0.0,0.0,0.0,0.0,0.455703125,14.86,3.04,0.46942540031159297,0.0,0,0,0,0,0.8984375,0.9747097500000002,0.859375,0.9375000000000001,0.9712537000000001,0.9781658000000001,0.08695652173913056,0.007091444401782146
synthetic,moderate,256,16qam,1180700,synthetic:moderate:256:16qam:1180700,otfs,merged_absolute,123663432.0,1304824.0,0.0,0.0,0.0,0.0,0.0,0.752216796875,14.62,2.97,0.5035451000439934,0.0,100,0,0,0,1.1953125,1.3229211,1.09375,1.296875,1.3054836,1.3403586,0.16993464052287582,0.02636211638018321
synthetic,moderate,256,16qam,1180700,synthetic:moderate:256:16qam:1180700,otfs,phase_absolute,126907464.0,1337592.0,0.0,0.0,0.0,0.0,0.0,0.752216796875,14.62,2.97,0.5049701002717484,0.0,100,0,0,0,1.2421875,1.3751110500000001,1.109375,1.375,1.3470002,1.4032219000000001,0.2138364779874214,0.04088520705291404
synthetic,moderate,256,16qam,1180700,synthetic:moderate:256:16qam:1180700,otfs,phase_relative,126907464.0,1337592.0,0.0,0.0,0.0,0.0,0.0,0.752216796875,14.62,2.97,0.4997469997906592,0.0,100,0,0,0,1.3203125,1.3646428,1.3125,1.328125,1.3565517,1.3727339,0.011834319526627219,0.011858194686550968
synthetic,moderate,256,16qam,1180700,synthetic:moderate:256:16qam:1180700,otfs,r6_deep,109696616.0,1164376.0,0.0,0.0,0.0,0.0,0.0,0.752216796875,14.62,2.97,0.5072364999214187,0.0,100,0,0,0,1.3046875,1.3220907,1.296875,1.3125,1.3148143,1.3293671,0.011976047904191617,0.011007414241700604
synthetic,moderate,256,16qam,1180700,synthetic:moderate:256:16qam:1180700,otfs,radau,91617144.0,1023288.0,0.0,0.0,0.0,0.0,0.0,0.998994140625,17.02,3.39,0.3532440001145005,0.0,0,0,0,0,0.8828125,0.9052419500000001,0.84375,0.9218750000000001,0.8828449,0.9276390000000001,0.08849557522123906,0.049483013905840374
synthetic,moderate,256,16qam,1180700,synthetic:moderate:256:16qam:1180700,otfs,relative_radau,119276320.0,1333560.0,0.0,0.0,0.0,0.0,0.0,0.9984765625,16.08,3.3,0.34664669958874583,0.0,100,0,0,0,1.09375,1.2190218000000002,1.015625,1.171875,1.2176535000000002,1.2203901000000001,0.14285714285714285,0.002244914734092514
synthetic,moderate,256,16qam,1180700,synthetic:moderate:256:16qam:1180700,otfs,residual,45317544.0,478288.0,0.0,0.0,0.0,0.0,,0.0,9.07,1.0,0.07536129996879026,0.0,0,0,0,0,0.5078125,0.51571195,0.5,0.515625,0.5078076,0.5236163,0.03076923076923077,0.030654127754844555
synthetic,moderate,256,16qam,1180700,synthetic:moderate:256:16qam:1180700,otfs,stable,57109936.0,636000.0,0.0,0.0,0.0,0.0,,0.0,10.36,5.18,0.3388380996475462,0.0,0,0,0,0,0.7578125,0.8005664000000001,0.75,0.765625,0.7944153,0.8067175000000001,0.020618556701030927,0.015366870255858901
synthetic,moderate,256,16qam,1180701,synthetic:moderate:256:16qam:1180701,afdm,gray,160445416.0,1906035.5999999999,1.953125e-05,1.953125e-05,0.000107421875,0.000107421875,0.0,0.666455078125,34.83,4.88,0.6440109999384731,0.0,0,0,0,0,1.359375,1.4159944000000002,1.359375,1.359375,1.4062991,1.4256897000000002,0.0,0.013693980710658278
synthetic,moderate,256,16qam,1180701,synthetic:moderate:256:16qam:1180701,afdm,merged_absolute,192863784.0,2243278.4,1.953125e-05,1.953125e-05,0.000107421875,0.000107421875,0.0,0.666455078125,34.83,4.88,0.6993649997166358,0.0,100,0,0,0,1.734375,1.7868088000000002,1.6875,1.78125,1.7537115,1.8199061,0.05405405405405406,0.03704626930424788
synthetic,moderate,256,16qam,1180701,synthetic:moderate:256:16qam:1180701,afdm,phase_absolute,196107816.0,2276046.4,1.953125e-05,1.953125e-05,0.000107421875,0.000107421875,0.0,0.666455078125,34.83,4.88,0.7193796998180915,0.0,100,0,0,0,1.7265625,1.8084164,1.703125,1.75,1.8021872,1.8146456000000002,0.027149321266968326,0.006889121332896611
synthetic,moderate,256,16qam,1180701,synthetic:moderate:256:16qam:1180701,afdm,phase_relative,196107816.0,2276046.4,1.953125e-05,1.953125e-05,0.000107421875,0.000107421875,0.0,0.666455078125,34.83,4.88,0.6841427003382705,0.0,100,0,0,0,1.703125,1.7397198,1.6875,1.71875,1.7254150000000001,1.7540246000000002,0.01834862385321101,0.016444947054117573
synthetic,moderate,256,16qam,1180701,synthetic:moderate:256:16qam:1180701,afdm,r6_deep,178896968.0,2104278.0,1.953125e-05,1.953125e-05,0.000107421875,0.000107421875,0.0,0.666455078125,34.83,4.88,0.699965200125007,0.0,100,0,0,0,1.765625,1.8597844500000003,1.71875,1.8125000000000002,1.7362045000000002,1.9833644000000001,0.05309734513274349,0.13289706772201476
synthetic,moderate,256,16qam,1180701,synthetic:moderate:256:16qam:1180701,afdm,radau,172945632.0,2093106.4,1.953125e-05,1.953125e-05,0.000107421875,0.000107421875,0.0,0.994921875,40.95,5.51,0.4720748998806812,0.0,0,0,0,0,1.2890625,1.2992778500000002,1.28125,1.296875,1.2766878000000002,1.3218679,0.012121212121212121,0.034773239611527146
synthetic,moderate,256,16qam,1180701,synthetic:moderate:256:16qam:1180701,afdm,relative_radau,203858144.0,2402968.0,1.953125e-05,1.953125e-05,0.000107421875,0.000107421875,0.0,0.994921875,40.95,5.51,0.4942284001444932,0.0,100,0,0,0,1.6171875,1.77299405,1.5625,1.671875,1.6715549,1.8744332000000001,0.06763285024154589,0.11442694914853214
synthetic,moderate,256,16qam,1180701,synthetic:moderate:256:16qam:1180701,afdm,residual,60850528.0,665736.0,0.000107421875,0.000107421875,9.765625e-05,0.000107421875,,0.0,14.9,1.0,0.06649210007162765,0.0,0,0,0,0,0.5546875,0.5800200500000001,0.546875,0.5625,0.5631805000000001,0.5968596,0.028169014084507043,0.05806540653206722
synthetic,moderate,256,16qam,1180701,synthetic:moderate:256:16qam:1180701,afdm,stable,82051168.0,1012707.9999999998,5.859375e-05,5.859375e-05,8.7890625e-05,0.000107421875,,0.0,17.14,8.57,0.4569557000941131,0.0,0,0,0,0,0.9296875,1.02451925,0.875,0.9843750000000001,1.0044548,1.0445837,0.11764705882352954,0.039168517331421564
synthetic,moderate,256,16qam,1180701,synthetic:moderate:256:16qam:1180701,ofdm,gray,172465504.0,2084591.2,9.765625e-05,9.765625e-05,0.00365234375,0.0036328125,0.0,0.95353515625,38.25,5.41,0.6972948003385682,0.0,0,0,0,0,1.4453125,1.5072981,1.421875,1.46875,1.5041199,1.5104763,0.032432432432432434,0.004217082208224133
synthetic,moderate,256,16qam,1180701,synthetic:moderate:256:16qam:1180701,ofdm,merged_absolute,205204960.0,2421253.5999999996,9.765625e-05,9.765625e-05,0.00365234375,0.0036328125,0.0,0.95353515625,38.25,5.41,0.7752410001994576,0.0,100,0,0,0,1.8046875,1.9103010500000002,1.734375,1.8750000000000002,1.9039756,1.9166265,0.07792207792207805,0.006622464035184354
synthetic,moderate,256,16qam,1180701,synthetic:moderate:256:16qam:1180701,ofdm,phase_absolute,208448992.0,2454021.5999999996,9.765625e-05,9.765625e-05,0.00365234375,0.0036328125,0.0,0.95353515625,38.25,5.41,0.7614185994898435,0.0,100,0,0,0,1.7968750000000002,1.8913603500000002,1.7968750000000002,1.7968750000000002,1.882589,1.9001317000000002,0.0,0.009275175933554983
synthetic,moderate,256,16qam,1180701,synthetic:moderate:256:16qam:1180701,ofdm,phase_relative,208448992.0,2454021.5999999996,9.765625e-05,9.765625e-05,0.00365234375,0.0036328125,0.0,0.95353515625,38.25,5.41,0.7631189999810886,0.0,100,0,0,0,1.8281250000000002,1.9231943,1.8281250000000002,1.8281250000000002,1.9109509000000002,1.9354377,0.0,0.01273235886774405
synthetic,moderate,256,16qam,1180701,synthetic:moderate:256:16qam:1180701,ofdm,r6_deep,191238144.0,2280805.5999999996,9.765625e-05,9.765625e-05,0.00365234375,0.0036328125,0.0,0.95353515625,38.25,5.41,0.7675619999936316,0.0,100,0,0,0,1.765625,1.86761035,1.71875,1.8125000000000002,1.8560850000000002,1.8791357000000002,0.05309734513274349,0.01234234967695482
synthetic,moderate,256,16qam,1180701,synthetic:moderate:256:16qam:1180701,ofdm,radau,176909096.0,2101219.6,3.90625e-05,3.90625e-05,0.0036328125,0.0036328125,0.0,0.9924609375,43.09,5.58,0.4947685000661295,0.0,0,0,0,0,1.28125,1.37441675,1.25,1.3125,1.3624604,1.3863731000000001,0.04878048780487805,0.017398434645095908
synthetic,moderate,256,16qam,1180701,synthetic:moderate:256:16qam:1180701,ofdm,relative_radau,207821608.0,2411491.6,3.90625e-05,3.90625e-05,0.0036328125,0.0036328125,0.0,0.9924609375,43.09,5.58,0.5047804001078475,0.0,100,0,0,0,1.6484375,1.70589105,1.625,1.671875,1.7058526,1.7059295,0.02843601895734597,4.5079080519266676e-05
synthetic,moderate,256,16qam,1180701,synthetic:moderate:256:16qam:1180701,ofdm,residual,59711400.0,656520.0,0.00375,0.00375,0.005859375,0.0036328125,,0.0,14.83,1.0,0.0653295001538936,0.0,0,0,0,0,0.546875,0.59020345,0.515625,0.578125,0.5763865,0.6040204,0.11428571428571428,0.046820973344022285
synthetic,moderate,256,16qam,1180701,synthetic:moderate:256:16qam:1180701,ofdm,stable,120201600.0,1567024.0,0.000810546875,0.000810546875,0.003837890625,0.0036328125,,0.0,28.22,14.11,0.7137272997351829,0.0,0,0,0,0,1.2109375,1.39706735,1.15625,1.265625,1.3853332,1.4088015,0.09032258064516129,0.016798259582832566
synthetic,moderate,256,16qam,1180701,synthetic:moderate:256:16qam:1180701,otfs,gray,162830248.0,1947720.0,0.0,0.0,0.00013671875,0.00013671875,0.0,0.678564453125,35.13,4.9,0.7151196000631899,0.0,0,0,0,0,1.4609375,1.4934232500000002,1.453125,1.46875,1.4822030000000002,1.5046435,0.0106951871657754,0.015026215776404887
synthetic,moderate,256,16qam,1180701,synthetic:moderate:256:16qam:1180701,otfs,merged_absolute,195251464.0,2283361.2,0.0,0.0,0.00013671875,0.00013671875,0.0,0.678564453125,35.13,4.9,0.7916957997367717,0.0,100,0,0,0,1.796875,1.8755201500000003,1.765625,1.8281250000000002,1.8560917000000001,1.8949486000000002,0.0347826086956523,0.020717932569266226
synthetic,moderate,256,16qam,1180701,synthetic:moderate:256:16qam:1180701,otfs,phase_absolute,198495496.0,2286029.1999999997,0.0,0.0,0.00013671875,0.00013671875,0.0,0.678564453125,35.13,4.9,0.7865210998861585,0.0,100,0,0,0,1.796875,1.87570315,1.78125,1.8125000000000002,1.8473237,1.9040826000000002,0.017391304347826212,0.03026006540533888
synthetic,moderate,256,16qam,1180701,synthetic:moderate:256:16qam:1180701,otfs,phase_relative,198495496.0,2286029.1999999997,0.0,0.0,0.00013671875,0.00013671875,0.0,0.678564453125,35.13,4.9,0.826859100459842,0.0,100,0,0,0,1.8203125,1.97070795,1.703125,1.9375000000000002,1.9293269000000002,2.012089,0.12875536480686708,0.041996126315926134
synthetic,moderate,256,16qam,1180701,synthetic:moderate:256:16qam:1180701,otfs,r6_deep,181284648.0,2142998.4,0.0,0.0,0.00013671875,0.00013671875,0.0,0.678564453125,35.13,4.9,0.7504074001044501,0.0,100,0,0,0,1.7265625,1.7975900500000002,1.71875,1.734375,1.7759545,1.8192256000000002,0.00904977375565611,0.024071728701435632
synthetic,moderate,256,16qam,1180701,synthetic:moderate:256:16qam:1180701,otfs,radau,175508648.0,2095367.2,0.0,0.0,0.00013671875,0.00013671875,0.0,0.995048828125,41.31,5.52,0.6525599997257814,0.0,0,0,0,0,1.375,1.5754356500000002,1.28125,1.46875,1.4234659,1.7274054,0.13636363636363635,0.1929240968998004
synthetic,moderate,256,16qam,1180701,synthetic:moderate:256:16qam:1180701,otfs,relative_radau,206421160.0,2405639.1999999997,0.0,0.0,0.00013671875,0.00013671875,0.0,0.995048828125,41.31,5.52,0.5738814999931492,0.0,100,0,0,0,1.65625,1.7354778000000002,1.625,1.6875,1.7073839000000002,1.7635717000000002,0.03773584905660377,0.03237598314423844
synthetic,moderate,256,16qam,1180701,synthetic:moderate:256:16qam:1180701,otfs,residual,61413336.0,671880.0,0.00041015625,0.00041015625,0.00044921875,0.00013671875,,0.0,14.89,1.0,0.07933710003271699,0.0,0,0,0,0,0.53125,0.6021126000000001,0.5,0.5625,0.5849920000000001,0.6192332,0.11764705882352941,0.05686843291437509
synthetic,moderate,256,16qam,1180701,synthetic:moderate:256:16qam:1180701,otfs,stable,87786928.0,1195216.0,0.000107421875,0.000107421875,0.000205078125,0.00013671875,,0.0,18.04,9.02,0.5629881999630015,0.0,0,0,0,0,1.0390625,1.1382683500000002,0.9843750000000001,1.09375,1.1251187,1.151418,0.10526315789473674,0.023104657175085315
synthetic,moderate,256,qpsk,1180600,synthetic:moderate:256:qpsk:1180600,afdm,gray,72145120.0,803163.6,0.0,0.0,0.0,0.0,0.0,0.12603515625,15.67,3.19,0.2709038998000324,0.0,0,0,0,0,0.765625,0.7869271000000001,0.765625,0.765625,0.7744487000000001,0.7994055000000001,0.0,0.031714246465778084
synthetic,moderate,256,qpsk,1180600,synthetic:moderate:256:qpsk:1180600,afdm,merged_absolute,100074928.0,1145088.0,0.0,0.0,0.0,0.0,0.0,0.99994140625,12.82,2.62,0.3261828000540845,0.0,100,0,0,0,1.03125,1.1152901000000002,0.9843750000000001,1.078125,1.0852765,1.1453037000000001,0.0909090909090908,0.05382205042436955
synthetic,moderate,256,qpsk,1180600,synthetic:moderate:256:qpsk:1180600,afdm,phase_absolute,103318960.0,1177856.0,0.0,0.0,0.0,0.0,0.0,0.99994140625,12.82,2.62,0.3183832000067923,0.0,100,0,0,0,1.09375,1.15942685,1.078125,1.109375,1.1346994000000001,1.1841543,0.02857142857142857,0.0426546099048853
synthetic,moderate,256,qpsk,1180600,synthetic:moderate:256:qpsk:1180600,afdm,phase_relative,103318960.0,1177856.0,0.0,0.0,0.0,0.0,0.0,0.99994140625,12.82,2.62,0.33194620022550225,0.0,100,0,0,0,1.140625,1.1746296,1.109375,1.171875,1.1604751,1.1887841000000001,0.0547945205479452,0.02410036321236936
synthetic,moderate,256,qpsk,1180600,synthetic:moderate:256:qpsk:1180600,afdm,r6_deep,86108112.0,1004640.0,0.0,0.0,0.0,0.0,0.0,0.99994140625,12.82,2.62,0.3273060999053996,0.0,100,0,0,0,1.0703125,1.1354919,1.046875,1.09375,1.1299749000000001,1.1410089,0.043795620437956206,0.009717374470042443
synthetic,moderate,256,qpsk,1180600,synthetic:moderate:256:qpsk:1180600,afdm,radau,75961440.0,834872.0,0.0,0.0,0.0,0.0,0.0,0.99958984375,17.47,3.31,0.2593958003271837,0.0,0,0,0,0,0.7734375,0.8145527000000001,0.765625,0.78125,0.7953809000000001,0.8337245000000001,0.020202020202020204,0.0470731973511352
synthetic,moderate,256,qpsk,1180600,synthetic:moderate:256:qpsk:1180600,afdm,relative_radau,94395608.0,1066272.0,0.0,0.0,0.0,0.0,0.0,0.99978515625,12.9,3.23,0.23947570016025566,0.0,100,0,0,0,1.0390625,1.04308405,1.015625,1.0625,1.0184024,1.0677657,0.045112781954887216,0.04732437429179365
synthetic,moderate,256,qpsk,1180600,synthetic:moderate:256:qpsk:1180600,afdm,residual,42954720.0,441424.0,0.0,0.0,0.0,0.0,,0.0,9.54,1.0,0.06301460022223182,0.0,0,0,0,0,0.4453125,0.51064665,0.4375,0.45312500000000006,0.5089258,0.5123675000000001,0.03508771929824574,0.006739885594079787
synthetic,moderate,256,qpsk,1180600,synthetic:moderate:256:qpsk:1180600,afdm,stable,42193728.0,418880.0,0.0,0.0,0.0,0.0,,0.0,8.06,4.03,0.20988350006518885,0.0,0,0,0,0,0.609375,0.6320427000000001,0.609375,0.609375,0.6228450000000001,0.6412404,0.0,0.029104679161708457
synthetic,moderate,256,qpsk,1180600,synthetic:moderate:256:qpsk:1180600,ofdm,gray,70671224.0,805168.0,0.0,0.0,0.0,0.0,0.0,0.16634765625,15.75,3.18,0.28271989987115376,0.0,0,0,0,0,0.78125,0.7940904,0.78125,0.78125,0.7890534,0.7991274,0.0,0.01268621305584355
synthetic,moderate,256,qpsk,1180600,synthetic:moderate:256:qpsk:1180600,ofdm,merged_absolute,100902260.0,1127847.0,0.0,0.0,0.0,0.0,0.0,0.9726171875,13.37,2.68,0.39465640028356574,0.0,100,0,0,0,1.1796875,1.23278425,1.15625,1.203125,1.1971346,1.2684339,0.039735099337748346,0.05783599198318762
synthetic,moderate,256,qpsk,1180600,synthetic:moderate:256:qpsk:1180600,ofdm,phase_absolute,104146292.0,1160615.0,0.0,0.0,0.0,0.0,0.0,0.9726171875,13.37,2.68,0.39705959981074557,0.0,100,0,0,0,1.203125,1.2444171000000002,1.1875,1.21875,1.2197138,1.2691204,0.025974025974025976,0.039702604536694296
synthetic,moderate,256,qpsk,1180600,synthetic:moderate:256:qpsk:1180600,ofdm,phase_relative,104146292.0,1160615.0,0.0,0.0,0.0,0.0,0.0,0.9726171875,13.37,2.68,0.3999079998466186,0.0,100,0,0,0,1.1796875,1.21457045,1.15625,1.203125,1.198301,1.2308399,0.039735099337748346,0.02679045912898674
synthetic,moderate,256,qpsk,1180600,synthetic:moderate:256:qpsk:1180600,ofdm,r6_deep,86935444.0,987616.8,0.0,0.0,0.0,0.0,0.0,0.9726171875,13.37,2.68,0.39537880022544414,0.0,100,0,0,0,1.0546875,1.1839949500000002,1.015625,1.09375,1.1751571,1.1928328000000001,0.07407407407407407,0.014928864350308308
synthetic,moderate,256,qpsk,1180600,synthetic:moderate:256:qpsk:1180600,ofdm,radau,74476256.0,817771.6,0.0,0.0,0.0,0.0,0.0,0.99947265625,17.57,3.29,0.2396671001042705,0.0,0,0,0,0,0.765625,0.7688871500000001,0.75,0.78125,0.7603752,0.7773991,0.04081632653061224,0.022140960477750188
synthetic,moderate,256,qpsk,1180600,synthetic:moderate:256:qpsk:1180600,ofdm,relative_radau,93019992.0,1047840.0,0.0,0.0,0.0,0.0,0.0,0.99943359375,13.05,3.2,0.25244280020706356,0.0,100,0,0,0,1.0390625,1.0590857,1.03125,1.046875,1.0477569,1.0704145,0.015037593984962405,0.021393547283284114
synthetic,moderate,256,qpsk,1180600,synthetic:moderate:256:qpsk:1180600,ofdm,residual,42036840.0,432208.0,0.0,0.0,0.0,0.0,,0.0,9.55,1.0,0.06098960025701672,0.0,0,0,0,0,0.46093750000000006,0.5151364,0.45312500000000006,0.46875000000000006,0.514671,0.5156018,0.033898305084745756,0.0018069000753975243
synthetic,moderate,256,qpsk,1180600,synthetic:moderate:256:qpsk:1180600,ofdm,stable,40105360.0,400448.0,0.0,0.0,0.0,0.0,,0.0,8.0,4.0,0.20131449957261793,0.0,0,0,0,0,0.5859375,0.61977865,0.5625,0.609375,0.6082606,0.6312967,0.08,0.037168269671761046
synthetic,moderate,256,qpsk,1180600,synthetic:moderate:256:qpsk:1180600,otfs,gray,72577544.0,814376.0,0.0,0.0,0.0,0.0,0.0,0.10349609375,15.59,3.12,0.3044478001538664,0.0,0,0,0,0,0.7890625,0.79992555,0.78125,0.796875,0.7957017000000001,0.8041494,0.019801980198019802,0.010560607796563001
synthetic,moderate,256,qpsk,1180600,synthetic:moderate:256:qpsk:1180600,otfs,merged_absolute,102851576.0,1155328.0,0.0,0.0,0.0,0.0,0.0,0.99994140625,13.35,2.68,0.36516580026363954,0.0,100,0,0,0,1.03125,1.11456695,0.9218750000000001,1.140625,1.0539347000000001,1.1751992,0.21212121212121202,0.10879965532801766
synthetic,moderate,256,qpsk,1180600,synthetic:moderate:256:qpsk:1180600,otfs,phase_absolute,106095608.0,1188096.0,0.0,0.0,0.0,0.0,0.0,0.99994140625,13.35,2.68,0.35979340036283247,0.0,100,0,0,0,1.140625,1.2135171000000002,1.125,1.15625,1.1751891,1.2518451000000002,0.0273972602739726,0.06316845473376521
synthetic,moderate,256,qpsk,1180600,synthetic:moderate:256:qpsk:1180600,otfs,phase_relative,106095608.0,1188096.0,0.0,0.0,0.0,0.0,0.0,0.99994140625,13.35,2.68,0.36751850016298704,0.0,100,0,0,0,1.109375,1.21601905,1.09375,1.125,1.2038371,1.228201,0.028169014084507043,0.020035788090655315
synthetic,moderate,256,qpsk,1180600,synthetic:moderate:256:qpsk:1180600,otfs,r6_deep,88884760.0,1014880.0,0.0,0.0,0.0,0.0,0.0,0.99994140625,13.35,2.68,0.3746528999763541,0.0,100,0,0,0,1.140625,1.1827252000000001,1.109375,1.171875,1.1797019,1.1857485,0.0547945205479452,0.005112430173974583
synthetic,moderate,256,qpsk,1180600,synthetic:moderate:256:qpsk:1180600,otfs,radau,76412240.0,847160.0,0.0,0.0,0.0,0.0,0.0,0.99970703125,17.42,3.22,0.28840240006684326,0.0,0,0,0,0,0.796875,0.8457828000000001,0.78125,0.8125,0.8332248000000001,0.8583408,0.0392156862745098,0.02969556723073573
synthetic,moderate,256,qpsk,1180600,synthetic:moderate:256:qpsk:1180600,otfs,relative_radau,95069760.0,1053259.5999999999,0.0,0.0,0.0,0.0,0.0,0.99962890625,12.9,3.16,0.2873706003301777,0.0,100,0,0,0,1.0625,1.1166928,1.03125,1.09375,1.1148533,1.1185323,0.058823529411764705,0.003294549763372691
synthetic,moderate,256,qpsk,1180600,synthetic:moderate:256:qpsk:1180600,otfs,residual,43600496.0,447568.0,0.0,0.0,0.0,0.0,,0.0,9.56,1.0,0.07269710008404218,0.0,0,0,0,0,0.5234375,0.5305254500000001,0.515625,0.53125,0.5272386,0.5338123,0.029850746268656716,0.012390922999075755
synthetic,moderate,256,qpsk,1180600,synthetic:moderate:256:qpsk:1180600,otfs,stable,43177360.0,431168.0,0.0,0.0,0.0,0.0,,0.0,8.0,4.0,0.26913890035939403,0.0,0,0,0,0,0.609375,0.70095635,0.578125,0.640625,0.6912657000000001,0.710647,0.10256410256410256,0.02764979588243966
synthetic,moderate,256,qpsk,1180601,synthetic:moderate:256:qpsk:1180601,afdm,gray,66605264.0,719096.0,0.0,0.0,0.0,0.0,0.0,0.05556640625,13.94,3.02,0.2543462998000905,0.0,0,0,0,0,0.734375,0.74721475,0.703125,0.765625,0.7316520000000001,0.7627775,0.0851063829787234,0.04165536079152602
synthetic,moderate,256,qpsk,1180601,synthetic:moderate:256:qpsk:1180601,afdm,merged_absolute,98085952.0,1071387.5999999999,0.0,0.0,0.0,0.0,0.0,0.62654296875,13.09,2.8,0.32469730015145615,0.0,100,0,0,0,1.1484375,1.14425525,1.125,1.171875,1.1243493,1.1641612000000001,0.04081632653061224,0.034792848885771
synthetic,moderate,256,qpsk,1180601,synthetic:moderate:256:qpsk:1180601,afdm,phase_absolute,101329984.0,1104155.5999999999,0.0,0.0,0.0,0.0,0.0,0.62654296875,13.09,2.8,0.3081984998425469,0.0,100,0,0,0,1.03125,1.1318818000000002,0.9843750000000001,1.078125,1.1109718000000002,1.1527918000000001,0.0909090909090908,0.036947320824488886
synthetic,moderate,256,qpsk,1180601,synthetic:moderate:256:qpsk:1180601,afdm,phase_relative,101329984.0,1104155.5999999999,0.0,0.0,0.0,0.0,0.0,0.62654296875,13.09,2.8,0.32993260014336556,0.0,100,0,0,0,1.1484375,1.1761408500000001,1.140625,1.15625,1.168411,1.1838707000000002,0.013605442176870748,0.013144429087723697
synthetic,moderate,256,qpsk,1180601,synthetic:moderate:256:qpsk:1180601,afdm,r6_deep,84119136.0,930939.6,0.0,0.0,0.0,0.0,0.0,0.62654296875,13.09,2.8,0.31825669974205084,0.0,100,0,0,0,1.09375,1.13042785,1.0625,1.125,1.1183745,1.1424812,0.05714285714285714,0.021325288473740208
synthetic,moderate,256,qpsk,1180601,synthetic:moderate:256:qpsk:1180601,afdm,radau,70704496.0,781608.0,0.0,0.0,0.0,0.0,0.0,0.99986328125,15.65,3.23,0.25050700013525784,0.0,0,0,0,0,0.78125,0.8097089500000001,0.765625,0.796875,0.7702384000000001,0.8491795000000001,0.04,0.09749317949369335
synthetic,moderate,256,qpsk,1180601,synthetic:moderate:256:qpsk:1180601,afdm,relative_radau,98210920.0,1092904.0,0.0,0.0,0.0,0.0,0.0,0.9998828125,14.54,3.13,0.23394390026805922,0.0,100,0,0,0,0.9453125,1.03925045,0.859375,1.03125,1.0237951,1.0547058,0.18181818181818182,0.029743263522281814
synthetic,moderate,256,qpsk,1180601,synthetic:moderate:256:qpsk:1180601,afdm,residual,40493336.0,441424.0,0.0,0.0,0.0,0.0,,0.0,8.65,1.0,0.06116260006092489,0.0,0,0,0,0,0.484375,0.49681395000000006,0.46875000000000006,0.5,0.49652660000000004,0.4971013,0.06451612903225795,0.0011567710608769812
synthetic,moderate,256,qpsk,1180601,synthetic:moderate:256:qpsk:1180601,afdm,stable,41972496.0,418880.0,0.0,0.0,0.0,0.0,,0.0,8.0,4.0,0.20834210014436394,0.0,0,0,0,0,0.5,0.6053251000000001,0.421875,0.578125,0.5931983000000001,0.6174519,0.3125,0.040067064788821716
synthetic,moderate,256,qpsk,1180601,synthetic:moderate:256:qpsk:1180601,ofdm,gray,65807616.0,726603.6,0.0,0.0,0.0,0.0,0.0,0.12787109375,14.08,3.1,0.26873280000290833,0.0,0,0,0,0,0.7421875,0.7576513500000001,0.734375,0.75,0.7526320000000001,0.7626707,0.021052631578947368,0.013249761912256812
synthetic,moderate,256,qpsk,1180601,synthetic:moderate:256:qpsk:1180601,ofdm,merged_absolute,97592028.0,1054952.0,0.0,0.0,0.0,0.0,0.0,0.63212890625,13.24,2.86,0.35097659996245056,0.0,100,0,0,0,1.140625,1.2867666,1.109375,1.171875,1.1536801,1.4198531,0.0547945205479452,0.20685414122498982
synthetic,moderate,256,qpsk,1180601,synthetic:moderate:256:qpsk:1180601,ofdm,phase_absolute,100836060.0,1087720.0,0.0,0.0,0.0,0.0,0.0,0.63212890625,13.24,2.86,0.3541691001446452,0.0,100,0,0,0,1.1171875,1.1811627500000002,1.09375,1.140625,1.1803613000000002,1.1819642000000001,0.04195804195804196,0.0013570526161614583
synthetic,moderate,256,qpsk,1180601,synthetic:moderate:256:qpsk:1180601,ofdm,phase_relative,100836060.0,1087720.0,0.0,0.0,0.0,0.0,0.0,0.63212890625,13.24,2.86,0.3639039004629012,0.0,100,0,0,0,1.1640625,1.1933787500000002,1.140625,1.1875,1.1876372000000002,1.1991203000000001,0.040268456375838924,0.009622343283722764
synthetic,moderate,256,qpsk,1180601,synthetic:moderate:256:qpsk:1180601,ofdm,r6_deep,83625212.0,914504.0,0.0,0.0,0.0,0.0,0.0,0.63212890625,13.24,2.86,0.3466561996319797,0.0,100,0,0,0,1.1328125,1.2127911500000002,1.09375,1.171875,1.1254119,1.3001704,0.06896551724137931,0.14409612075417932
synthetic,moderate,256,qpsk,1180601,synthetic:moderate:256:qpsk:1180601,ofdm,radau,68710096.0,763176.0,0.0,0.0,0.0,0.0,0.0,0.999609375,15.64,3.16,0.23727880016667768,0.0,0,0,0,0,0.6796875,0.710774,0.625,0.734375,0.6761927000000001,0.7453553,0.16091954022988506,0.09730603539240315
synthetic,moderate,256,qpsk,1180601,synthetic:moderate:256:qpsk:1180601,ofdm,relative_radau,96872272.0,1074472.0,0.0,0.0,0.0,0.0,0.0,0.99970703125,14.62,3.14,0.23952609990374185,0.0,100,0,0,0,0.96875,1.0515249500000001,0.9062500000000001,1.03125,1.0412041,1.0618458000000002,0.12903225806451601,0.01963025223509922
synthetic,moderate,256,qpsk,1180601,synthetic:moderate:256:qpsk:1180601,ofdm,residual,39630768.0,432208.0,0.0,0.0,0.0,0.0,,0.0,8.68,1.0,0.05975389984087087,0.0,0,0,0,0,0.453125,0.47710615,0.4375,0.46875000000000006,0.4736118,0.48060050000000004,0.06896551724137943,0.014648102943129142
synthetic,moderate,256,qpsk,1180601,synthetic:moderate:256:qpsk:1180601,ofdm,stable,40105360.0,400448.0,0.0,0.0,0.0,0.0,,0.0,8.0,4.0,0.18040790036320686,0.0,0,0,0,0,0.578125,0.5843112000000001,0.53125,0.625,0.5488951000000001,0.6197273000000001,0.16216216216216217,0.1212234165629548
synthetic,moderate,256,qpsk,1180601,synthetic:moderate:256:qpsk:1180601,otfs,gray,68685256.0,782624.0,0.0,0.0,0.0,0.0,0.0,0.21220703125,14.08,3.15,0.3259165999479592,0.0,0,0,0,0,0.796875,0.8571223000000001,0.796875,0.796875,0.8518190000000001,0.8624256,0.0,0.012374663452345025
synthetic,moderate,256,qpsk,1180601,synthetic:moderate:256:qpsk:1180601,otfs,merged_absolute,99735864.0,1102064.0,0.0,0.0,0.0,0.0,0.0,0.67919921875,13.17,2.87,0.37132370003382675,0.0,100,0,0,0,1.0,1.19154885,0.9531250000000001,1.046875,1.1849714,1.1981263,0.09374999999999989,0.011040168432876226
synthetic,moderate,256,qpsk,1180601,synthetic:moderate:256:qpsk:1180601,otfs,phase_absolute,102979896.0,1134832.0,0.0,0.0,0.0,0.0,0.0,0.67919921875,13.17,2.87,0.3688027000753209,0.0,100,0,0,0,1.171875,1.22468305,1.171875,1.171875,1.2085695,1.2407966000000001,0.0,0.026314645246376243
synthetic,moderate,256,qpsk,1180601,synthetic:moderate:256:qpsk:1180601,otfs,phase_relative,102979896.0,1134832.0,0.0,0.0,0.0,0.0,0.0,0.67919921875,13.17,2.87,0.3343413002148736,0.0,100,0,0,0,1.09375,1.15697605,1.015625,1.171875,1.1084092,1.2055429,0.14285714285714285,0.08395480615177807
synthetic,moderate,256,qpsk,1180601,synthetic:moderate:256:qpsk:1180601,otfs,r6_deep,85769048.0,961616.0,0.0,0.0,0.0,0.0,0.0,0.67919921875,13.17,2.87,0.36601009985315613,0.0,100,0,0,0,1.15625,1.1682494500000002,1.15625,1.15625,1.1510124000000002,1.1854865,0.0,0.02950919429065423
synthetic,moderate,256,qpsk,1180601,synthetic:moderate:256:qpsk:1180601,otfs,radau,71858192.0,795227.6,0.0,0.0,0.0,0.0,0.0,0.99978515625,15.69,3.23,0.29573210011585616,0.0,0,0,0,0,0.765625,0.8290311,0.703125,0.828125,0.8277261,0.8303361,0.16326530612244897,0.0031482534249921397
synthetic,moderate,256,qpsk,1180601,synthetic:moderate:256:qpsk:1180601,otfs,relative_radau,99450712.0,1106472.4,0.0,0.0,0.0,0.0,0.0,0.9996875,14.58,3.15,0.28968910008552484,0.0,100,0,0,0,1.0703125,1.13339495,1.03125,1.109375,1.1260166,1.1407733,0.072992700729927,0.013019909785198845
synthetic,moderate,256,qpsk,1180601,synthetic:moderate:256:qpsk:1180601,otfs,residual,41083800.0,447568.0,0.0,0.0,0.0,0.0,,0.0,8.65,1.0,0.07169429995701648,0.0,0,0,0,0,0.5,0.5157966,0.5,0.5,0.5107538,0.5208394000000001,0.0,0.019553444128945455
synthetic,moderate,256,qpsk,1180601,synthetic:moderate:256:qpsk:1180601,otfs,stable,43177360.0,431168.0,0.0,0.0,0.0,0.0,,0.0,8.0,4.0,0.2552816001116298,0.0,0,0,0,0,0.6640625,0.6844516,0.640625,0.6875,0.6827176,0.6861856000000001,0.07058823529411765,0.005066830145477089
synthetic,slow,128,16qam,1180100,synthetic:slow:128:16qam:1180100,afdm,gray,45384272.0,491048.0,0.0,0.0,0.0,0.0,0.0,0.7580859375,16.01,3.07,0.36196909999125637,0.0,0,0,0,0,0.8046875,0.8446263,0.796875,0.8125,0.84116,0.8480926000000001,0.019417475728155338,0.008207890282365191
synthetic,slow,128,16qam,1180100,synthetic:slow:128:16qam:1180100,afdm,merged_absolute,41518448.0,533840.8,0.0,0.0,0.0,0.0,0.0,0.99919921875,10.95,2.36,0.33808980003232136,0.94,6,0,0,0,0.7734375,0.8032661000000001,0.734375,0.8125,0.7314953000000001,0.8750369,0.10101010101010101,0.17869744534220966
synthetic,slow,128,16qam,1180100,synthetic:slow:128:16qam:1180100,afdm,phase_absolute,42998928.0,550484.4,0.0,0.0,0.0,0.0,0.0,0.99876953125,11.15,2.39,0.3157440001377836,0.99,1,0,0,0,0.7578125,0.8173537500000001,0.75,0.765625,0.8156936,0.8190139000000001,0.020618556701030927,0.0040622557858210765
synthetic,slow,128,16qam,1180100,synthetic:slow:128:16qam:1180100,afdm,phase_relative,37480296.0,527266.0,0.0,0.0,0.0,0.0,0.0,0.9984765625,8.61,2.07,0.3036123000783846,0.99,1,0,0,0,0.7421875,0.7704849500000001,0.71875,0.765625,0.7151477,0.8258222000000001,0.06315789473684211,0.14364264999595386
synthetic,slow,128,16qam,1180100,synthetic:slow:128:16qam:1180100,afdm,r6_deep,37465488.0,494768.8,0.0,0.0,0.0,0.0,0.0,0.99919921875,10.95,2.36,0.3144064002262894,0.94,6,0,0,0,0.8203125,0.8503081000000001,0.78125,0.859375,0.8373790000000001,0.8632372,0.09523809523809523,0.030410388893155244
synthetic,slow,128,16qam,1180100,synthetic:slow:128:16qam:1180100,afdm,radau,45989384.0,502328.0,0.0,0.0,0.0,0.0,0.0,0.99919921875,17.64,3.43,0.28112199969473295,0.0,0,0,0,0,0.75,0.7951818500000001,0.734375,0.765625,0.7936727,0.796691,0.041666666666666664,0.003795735528923389
synthetic,slow,128,16qam,1180100,synthetic:slow:128:16qam:1180100,afdm,relative_radau,40859808.0,468480.0,0.0,0.0,0.0,0.0,0.0,0.9984375,10.41,3.09,0.2539203998167068,0.99,1,0,0,0,0.7578125,0.763773,0.75,0.765625,0.757981,0.769565,0.020618556701030927,0.01516681003387137
synthetic,slow,128,16qam,1180100,synthetic:slow:128:16qam:1180100,afdm,residual,23195992.0,234704.0,0.0,0.0,0.0,0.0,,0.0,9.77,1.0,0.062128699908498675,0.0,0,0,0,0,0.46875000000000006,0.5053116,0.45312500000000006,0.48437500000000006,0.5052854,0.5053378000000001,0.06666666666666665,0.00010369839125019791
synthetic,slow,128,16qam,1180100,synthetic:slow:128:16qam:1180100,afdm,stable,27160896.0,305248.0,0.0,0.0,0.0,0.0,,0.0,10.22,5.11,0.2762075001082849,0.0,0,0,0,0,0.640625,0.7098874000000001,0.59375,0.6875,0.6974060000000001,0.7223688,0.14634146341463414,0.035164450024045994
synthetic,slow,128,16qam,1180100,synthetic:slow:128:16qam:1180100,ofdm,gray,44889920.0,462582.79999999993,0.0,0.0,1.953125e-05,1.953125e-05,0.0,0.8835546875,16.46,3.04,0.34546720003709197,0.0,0,0,0,0,0.796875,0.8394772500000001,0.78125,0.8125,0.82857,0.8503845000000001,0.0392156862745098,0.025985814386274397
synthetic,slow,128,16qam,1180100,synthetic:slow:128:16qam:1180100,ofdm,merged_absolute,43514544.0,523824.4,5.859375e-05,5.859375e-05,7.8125e-05,1.953125e-05,0.0,0.98318359375,11.9,2.46,0.4001050003571436,0.94,6,0,0,0,0.875,0.9037855,0.859375,0.890625,0.8784929,0.9290781,0.03571428571428571,0.055970360223747774
synthetic,slow,128,16qam,1180100,synthetic:slow:128:16qam:1180100,ofdm,phase_absolute,43898384.0,538096.4,7.8125e-05,7.8125e-05,9.765625e-05,1.953125e-05,0.0,0.97900390625,11.49,2.41,0.4228712003096007,0.99,1,0,0,0,0.90625,0.948613,0.890625,0.9218750000000001,0.9456478,0.9515782,0.03448275862068978,0.00625165373023562
synthetic,slow,128,16qam,1180100,synthetic:slow:128:16qam:1180100,ofdm,phase_relative,39115968.0,533221.2,9.765625e-05,9.765625e-05,0.0001171875,1.953125e-05,0.0,0.97515625,9.07,2.12,0.445422800083179,0.99,1,0,0,0,0.875,0.9432250500000001,0.84375,0.9062500000000001,0.9404071,0.9460430000000001,0.07142857142857155,0.0059751381708957226
synthetic,slow,128,16qam,1180100,synthetic:slow:128:16qam:1180100,ofdm,r6_deep,39461584.0,484752.4,5.859375e-05,5.859375e-05,7.8125e-05,1.953125e-05,0.0,0.98318359375,11.9,2.46,0.4376977000501938,0.94,6,0,0,0,0.8828125,0.99581105,0.859375,0.9062500000000001,0.9818857000000001,1.0097364,0.05309734513274349,0.02796785595018241
synthetic,slow,128,16qam,1180100,synthetic:slow:128:16qam:1180100,ofdm,radau,44464584.0,493112.0,0.0,0.0,1.953125e-05,1.953125e-05,0.0,0.99693359375,17.76,3.23,0.2238363996730186,0.0,0,0,0,0,0.6640625,0.7069605000000001,0.625,0.703125,0.6634453,0.7504757000000001,0.11764705882352941,0.12310503910755984
synthetic,slow,128,16qam,1180100,synthetic:slow:128:16qam:1180100,ofdm,relative_radau,40400248.0,459264.0,3.90625e-05,3.90625e-05,5.859375e-05,1.953125e-05,0.0,0.99591796875,10.63,3.1,0.23714690026827157,0.99,1,0,0,0,0.7265625,0.7329678500000001,0.703125,0.75,0.7152453000000001,0.7506904000000001,0.06451612903225806,0.04835832840417217
synthetic,slow,128,16qam,1180100,synthetic:slow:128:16qam:1180100,ofdm,residual,22971496.0,230096.0,3.90625e-05,3.90625e-05,5.859375e-05,1.953125e-05,,0.0,9.95,1.0,0.05284939974080771,0.0,0,0,0,0,0.4609375,0.4708713,0.4375,0.48437500000000006,0.4510962,0.49064640000000004,0.1016949152542374,0.08399365176854065
synthetic,slow,128,16qam,1180100,synthetic:slow:128:16qam:1180100,ofdm,stable,32561232.0,366464.0,0.0,0.0,1.953125e-05,1.953125e-05,,0.0,13.76,6.88,0.3106830000469927,0.0,0,0,0,0,0.7578125,0.7766279,0.734375,0.78125,0.7573753000000001,0.7958805000000001,0.061855670103092786,0.04957998547309466
synthetic,slow,128,16qam,1180100,synthetic:slow:128:16qam:1180100,otfs,gray,45615288.0,474496.0,0.0,0.0,0.0,0.0,0.0,0.76611328125,16.07,3.02,0.3949141998018604,0.0,0,0,0,0,0.859375,0.8944962000000001,0.84375,0.875,0.8855195,0.9034729,0.03636363636363636,0.02007096285037321
synthetic,slow,128,16qam,1180100,synthetic:slow:128:16qam:1180100,otfs,merged_absolute,43322680.0,539392.0,0.0,0.0,0.0,0.0,0.0,0.9988671875,11.61,2.44,0.35861710004974157,0.94,6,0,0,0,0.8359375,0.8651126500000001,0.796875,0.875,0.8372453000000001,0.8929800000000001,0.09345794392523364,0.06442478907226708
synthetic,slow,128,16qam,1180100,synthetic:slow:128:16qam:1180100,otfs,phase_absolute,44627272.0,555776.0,0.0,0.0,0.0,0.0,0.0,0.9990625,11.77,2.45,0.33728880013222806,0.99,1,0,0,0,0.8359375,0.8651337000000001,0.828125,0.84375,0.8468299,0.8834375000000001,0.018691588785046728,0.04231438447028484
synthetic,slow,128,16qam,1180100,synthetic:slow:128:16qam:1180100,otfs,phase_relative,39663464.0,545339.2,0.0,0.0,0.0,0.0,0.0,0.99830078125,9.49,2.17,0.3045045999751892,0.99,1,0,0,0,0.7734375,0.8020942500000001,0.765625,0.78125,0.7933070000000001,0.8108815,0.020202020202020204,0.021910766720993118
synthetic,slow,128,16qam,1180100,synthetic:slow:128:16qam:1180100,otfs,r6_deep,39269720.0,500320.0,0.0,0.0,0.0,0.0,0.0,0.9988671875,11.61,2.44,0.34449659986421466,0.94,6,0,0,0,0.9140625000000001,0.9123136000000001,0.9062500000000001,0.9218750000000001,0.8932751000000001,0.9313521,0.017094017094017092,0.041736744908768116
synthetic,slow,128,16qam,1180100,synthetic:slow:128:16qam:1180100,otfs,radau,46221552.0,508472.0,0.0,0.0,0.0,0.0,0.0,0.99916015625,17.64,3.36,0.32587190010235645,0.0,0,0,0,0,0.75,0.86786805,0.71875,0.78125,0.865151,0.8705851,0.08333333333333333,0.006261435710186586
synthetic,slow,128,16qam,1180100,synthetic:slow:128:16qam:1180100,otfs,relative_radau,41172712.0,432302.3999999999,0.0,0.0,0.0,0.0,0.0,0.998671875,10.43,3.04,0.2871124999364838,0.99,1,0,0,0,0.765625,0.81053735,0.765625,0.765625,0.7974656,0.8236091000000001,0.0,0.03225452843104651
synthetic,slow,128,16qam,1180100,synthetic:slow:128:16qam:1180100,otfs,residual,23490520.0,237776.0,0.0,0.0,0.0,0.0,,0.0,9.77,1.0,0.07214010009192862,0.0,0,0,0,0,0.4453125,0.46402865000000004,0.375,0.515625,0.4049146,0.5231427000000001,0.3157894736842105,0.25478620770506316
synthetic,slow,128,16qam,1180100,synthetic:slow:128:16qam:1180100,otfs,stable,28859088.0,313440.0,0.0,0.0,0.0,0.0,,0.0,10.72,5.36,0.32048049991135485,0.0,0,0,0,0,0.7421875,0.7577655000000001,0.734375,0.75,0.7552536000000001,0.7602774,0.021052631578947368,0.006629755511434489
synthetic,slow,128,16qam,1180101,synthetic:slow:128:16qam:1180101,afdm,gray,27450128.0,274064.0,0.0,0.0,0.0,0.0,0.0,0.99994140625,8.0,2.0,0.1815739999874495,0.0,0,0,0,0,0.53125,0.5721827,0.5,0.5625,0.5616764000000001,0.582689,0.11764705882352941,0.03672358496682954
synthetic,slow,128,16qam,1180101,synthetic:slow:128:16qam:1180101,afdm,merged_absolute,22349424.0,222280.0,0.0,0.0,0.0,0.0,0.0,0.99994140625,4.0,1.0,0.11031549985636957,0.99,1,0,0,0,0.484375,0.52224685,0.46875000000000006,0.5,0.4956798,0.5488139000000001,0.06451612903225795,0.10174135085735811
synthetic,slow,128,16qam,1180101,synthetic:slow:128:16qam:1180101,afdm,phase_absolute,23971440.0,238664.0,0.0,0.0,0.0,0.0,0.0,1.0,4.0,1.0,0.09849500001291744,0.99,1,0,0,0,0.5,0.52313255,0.48437500000000006,0.515625,0.49259850000000005,0.5536666,0.06249999999999989,0.11673542393796746
synthetic,slow,128,16qam,1180101,synthetic:slow:128:16qam:1180101,afdm,phase_relative,23971440.0,238664.0,0.0,0.0,0.0,0.0,0.0,1.0,4.0,1.0,0.10513100001844577,0.99,1,0,0,0,0.4921875,0.51185535,0.48437500000000006,0.5,0.5021219,0.5215888000000001,0.03174603174603163,0.03803203385487729
synthetic,slow,128,16qam,1180101,synthetic:slow:128:16qam:1180101,afdm,r6_deep,18450064.0,183208.0,0.0,0.0,0.0,0.0,0.0,0.99994140625,4.0,1.0,0.10802859993418679,0.99,1,0,0,0,0.515625,0.5466756500000001,0.515625,0.515625,0.5352136000000001,0.5581377000000001,0.0,0.04193364017585199
synthetic,slow,128,16qam,1180101,synthetic:slow:128:16qam:1180101,afdm,radau,26938128.0,268944.0,0.0,0.0,0.0,0.0,0.0,0.99994140625,8.0,2.0,0.16806579986587167,0.0,0,0,0,0,0.515625,0.5522989,0.48437500000000006,0.546875,0.548571,0.5560268,0.1212121212121211,0.013499574234169236
synthetic,slow,128,16qam,1180101,synthetic:slow:128:16qam:1180101,afdm,relative_radau,23244400.0,231624.0,0.0,0.0,0.0,0.0,0.0,0.99984375,4.0,1.0,0.08226409993949346,0.99,1,0,0,0,0.484375,0.49407225000000005,0.45312500000000006,0.515625,0.4819687,0.5061758000000001,0.12903225806451601,0.04899506094503392
synthetic,slow,128,16qam,1180101,synthetic:slow:128:16qam:1180101,afdm,residual,16598128.0,165544.0,0.0,0.0,0.0,0.0,,0.0,5.0,1.0,0.058266900159651414,0.0,0,0,0,0,0.4140625,0.42065105,0.390625,0.4375,0.4161358,0.42516630000000005,0.11320754716981132,0.021467912655870114
synthetic,slow,128,16qam,1180101,synthetic:slow:128:16qam:1180101,afdm,stable,22987504.0,228672.0,0.0,0.0,0.0,0.0,,0.0,8.04,4.02,0.21155210011056624,0.0,0,0,0,0,0.5859375,0.6104485000000001,0.578125,0.59375,0.5964299000000001,0.6244671,0.02666666666666667,0.04592885394918651
synthetic,slow,128,16qam,1180101,synthetic:slow:128:16qam:1180101,ofdm,gray,26823056.0,267920.0,0.0,0.0,0.0,0.0,0.0,0.99970703125,8.0,2.0,0.18206100005772896,0.0,0,0,0,0,0.546875,0.5615062,0.53125,0.5625,0.5530359,0.5699765,0.05714285714285714,0.030169925105012152
synthetic,slow,128,16qam,1180101,synthetic:slow:128:16qam:1180101,ofdm,merged_absolute,21888560.0,217672.0,0.0,0.0,0.0,0.0,0.0,0.9991015625,4.0,1.0,0.1023340001120232,0.99,1,0,0,0,0.47656250000000006,0.48744430000000005,0.46875000000000006,0.48437500000000006,0.48334010000000005,0.49154850000000005,0.032786885245901634,0.01683966762971688
synthetic,slow,128,16qam,1180101,synthetic:slow:128:16qam:1180101,ofdm,phase_absolute,23497968.0,234056.0,0.0,0.0,0.0,0.0,0.0,0.99984375,4.0,1.0,0.09780640018288977,0.99,1,0,0,0,0.4921875,0.49915434999999997,0.48437500000000006,0.5,0.4938771,0.5044316,0.03174603174603163,0.021144762136200892
synthetic,slow,128,16qam,1180101,synthetic:slow:128:16qam:1180101,ofdm,phase_relative,23497968.0,234056.0,0.0,0.0,0.0,0.0,0.0,0.99984375,4.0,1.0,0.09739529999205843,0.99,1,0,0,0,0.47656250000000006,0.49685305,0.46875000000000006,0.48437500000000006,0.4914659,0.5022402,0.032786885245901634,0.021685083748605376
synthetic,slow,128,16qam,1180101,synthetic:slow:128:16qam:1180101,ofdm,r6_deep,17989200.0,178600.0,0.0,0.0,0.0,0.0,0.0,0.9991015625,4.0,1.0,0.09871470008511096,0.99,1,0,0,0,0.53125,0.52887585,0.515625,0.546875,0.5160003000000001,0.5417514,0.058823529411764705,0.048690255000299054
synthetic,slow,128,16qam,1180101,synthetic:slow:128:16qam:1180101,ofdm,radau,26311056.0,262800.0,0.0,0.0,0.0,0.0,0.0,0.99970703125,8.0,2.0,0.15500439977040514,0.0,0,0,0,0,0.515625,0.5231047,0.515625,0.515625,0.5216642,0.5245452,0.0,0.005507501653110787
synthetic,slow,128,16qam,1180101,synthetic:slow:128:16qam:1180101,ofdm,relative_radau,22770928.0,227016.0,0.0,0.0,0.0,0.0,0.0,0.99916015625,4.0,1.0,0.08590410012402572,0.99,1,0,0,0,0.4921875,0.49229635000000005,0.48437500000000006,0.5,0.47351530000000003,0.5110774,0.03174603174603163,0.07629977350025037
synthetic,slow,128,16qam,1180101,synthetic:slow:128:16qam:1180101,ofdm,residual,16124656.0,160936.0,0.0,0.0,0.0,0.0,,0.0,5.0,1.0,0.055147399863926694,0.0,0,0,0,0,0.390625,0.40427165000000004,0.390625,0.390625,0.39922680000000005,0.4093165,0.0,0.024957723352602088
synthetic,slow,128,16qam,1180101,synthetic:slow:128:16qam:1180101,ofdm,stable,23152720.0,256208.0,0.0,0.0,0.0,0.0,,0.0,8.64,4.32,0.19813700002850965,0.0,0,0,0,0,0.5703125,0.5775431500000001,0.5625,0.578125,0.5774105,0.5776758000000001,0.0273972602739726,0.0004593596166797646
synthetic,slow,128,16qam,1180101,synthetic:slow:128:16qam:1180101,otfs,gray,27847056.0,278160.0,0.0,0.0,0.0,0.0,0.0,0.99998046875,8.0,2.0,0.20495419995859265,0.0,0,0,0,0,0.5859375,0.6044874,0.578125,0.59375,0.6037285,0.6052463,0.02666666666666667,0.0025108877372795753
synthetic,slow,128,16qam,1180101,synthetic:slow:128:16qam:1180101,otfs,merged_absolute,22643952.0,225352.0,0.0,0.0,0.0,0.0,0.0,0.99994140625,4.0,1.0,0.1165509000129532,0.99,1,0,0,0,0.4921875,0.5185886500000001,0.48437500000000006,0.5,0.5068980000000001,0.5302793,0.03174603174603163,0.04508640904501079
synthetic,slow,128,16qam,1180101,synthetic:slow:128:16qam:1180101,otfs,phase_absolute,24265968.0,241736.0,0.0,0.0,0.0,0.0,0.0,1.0,4.0,1.0,0.12083310008165427,0.99,1,0,0,0,0.5234375,0.55108545,0.515625,0.53125,0.5462259,0.555945,0.029850746268656716,0.017636284899193003
synthetic,slow,128,16qam,1180101,synthetic:slow:128:16qam:1180101,otfs,phase_relative,24265968.0,241736.0,0.0,0.0,0.0,0.0,0.0,1.0,4.0,1.0,0.11365419992944226,0.99,1,0,0,0,0.5078125,0.53210455,0.5,0.515625,0.5289387,0.5352704,0.03076923076923077,0.011899353238005672
synthetic,slow,128,16qam,1180101,synthetic:slow:128:16qam:1180101,otfs,r6_deep,18744592.0,186280.0,0.0,0.0,0.0,0.0,0.0,0.99994140625,4.0,1.0,0.11496550016454421,0.99,1,0,0,0,0.546875,0.5738103999999999,0.53125,0.5625,0.5659782,0.5816426,0.05714285714285714,0.02729891267219978
synthetic,slow,128,16qam,1180101,synthetic:slow:128:16qam:1180101,otfs,radau,27335056.0,273040.0,0.0,0.0,0.0,0.0,0.0,0.99998046875,8.0,2.0,0.1909373999806121,0.0,0,0,0,0,0.5546875,0.58144375,0.546875,0.5625,0.569011,0.5938765,0.028169014084507043,0.042765099805441166
synthetic,slow,128,16qam,1180101,synthetic:slow:128:16qam:1180101,otfs,relative_radau,23538928.0,234696.0,0.0,0.0,0.0,0.0,0.0,0.9997265625,4.0,1.0,0.09570729994447902,0.99,1,0,0,0,0.5234375,0.51806675,0.515625,0.53125,0.5155346000000001,0.5205989000000001,0.029850746268656716,0.009775381261198526
synthetic,slow,128,16qam,1180101,synthetic:slow:128:16qam:1180101,otfs,residual,16892656.0,168616.0,0.0,0.0,0.0,0.0,,0.0,5.0,1.0,0.06753890012623742,0.0,0,0,0,0,0.421875,0.44063280000000005,0.40625,0.4375,0.4358309,0.4454347,0.07407407407407407,0.021795472329794775
synthetic,slow,128,16qam,1180101,synthetic:slow:128:16qam:1180101,otfs,stable,23512656.0,234816.0,0.0,0.0,0.0,0.0,,0.0,8.0,4.0,0.25078489995212294,0.0,0,0,0,0,0.609375,0.6520001,0.59375,0.625,0.6333588,0.6706414,0.05128205128205128,0.057181893070261884
synthetic,slow,128,qpsk,1180000,synthetic:slow:128:qpsk:1180000,afdm,gray,22073936.0,220304.0,0.0,0.0,0.0,0.0,0.0,1.0,8.0,2.0,0.1485013002238702,0.0,0,0,0,0,0.48437500000000006,0.54458335,0.48437500000000006,0.48437500000000006,0.5320137,0.557153,0.0,0.0461624469422357
synthetic,slow,128,qpsk,1180000,synthetic:slow:128:qpsk:1180000,afdm,merged_absolute,19072432.0,189512.0,0.0,0.0,0.0,0.0,0.0,1.0,4.0,1.0,0.10569429997121915,0.99,1,0,0,0,0.46875000000000006,0.516394,0.45312500000000006,0.48437500000000006,0.4835515,0.5492365,0.06666666666666665,0.12719938651494786
synthetic,slow,128,qpsk,1180000,synthetic:slow:128:qpsk:1180000,afdm,phase_absolute,20694448.0,205896.0,0.0,0.0,0.0,0.0,0.0,1.0,4.0,1.0,0.019478000001981854,0.99,1,0,0,0,0.2890625,0.29933325,0.09375,0.48437500000000006,0.1036059,0.4950606,1.3513513513513515,1.3077554865688996
synthetic,slow,128,qpsk,1180000,synthetic:slow:128:qpsk:1180000,afdm,phase_relative,20694448.0,205896.0,0.0,0.0,0.0,0.0,0.0,1.0,4.0,1.0,0.097351999982493,0.99,1,0,0,0,0.5,0.51927705,0.48437500000000006,0.515625,0.5164995,0.5220546,0.06249999999999989,0.010697757584318495
synthetic,slow,128,qpsk,1180000,synthetic:slow:128:qpsk:1180000,afdm,r6_deep,15173072.0,150440.0,0.0,0.0,0.0,0.0,0.0,1.0,4.0,1.0,0.0972198000526987,0.99,1,0,0,0,0.5078125,0.53823425,0.48437500000000006,0.53125,0.5361642,0.5403043000000001,0.0923076923076922,0.0076920039926855095
synthetic,slow,128,qpsk,1180000,synthetic:slow:128:qpsk:1180000,afdm,radau,21817936.0,217744.0,0.0,0.0,0.0,0.0,0.0,1.0,8.0,2.0,0.15935950010316446,0.0,0,0,0,0,0.5546875,0.5641050000000001,0.515625,0.59375,0.538564,0.589646,0.14084507042253522,0.09055406351654383
synthetic,slow,128,qpsk,1180000,synthetic:slow:128:qpsk:1180000,afdm,relative_radau,19967408.0,198856.0,0.0,0.0,0.0,0.0,0.0,1.0,4.0,1.0,0.012655899918172508,0.99,1,0,0,0,0.28125,0.29143375000000005,0.078125,0.48437500000000006,0.0806202,0.5022473000000001,1.4444444444444446,1.4467339489678184
synthetic,slow,128,qpsk,1180000,synthetic:slow:128:qpsk:1180000,afdm,residual,14771464.0,150184.0,0.0,0.0,0.0,0.0,,0.0,4.79,1.0,0.018079399887938052,0.0,0,0,0,0,0.2734375,0.27974600000000005,0.125,0.421875,0.129699,0.42979300000000004,1.0857142857142856,1.0727374117949853
synthetic,slow,128,qpsk,1180000,synthetic:slow:128:qpsk:1180000,afdm,stable,20657936.0,206144.0,0.0,0.0,0.0,0.0,,0.0,8.0,4.0,0.19698170031188056,0.0,0,0,0,0,0.546875,0.5637484500000001,0.546875,0.546875,0.5312423000000001,0.5962546000000001,0.0,0.1153214700634654
synthetic,slow,128,qpsk,1180000,synthetic:slow:128:qpsk:1180000,ofdm,gray,21446864.0,214160.0,0.0,0.0,0.0,0.0,0.0,1.0,8.0,2.0,0.02747830029693432,0.0,0,0,0,0,0.09375,0.09584745,0.09375,0.09375,0.09556110000000001,0.0961338,0.0,0.005975119838868905
synthetic,slow,128,qpsk,1180000,synthetic:slow:128:qpsk:1180000,ofdm,merged_absolute,18598960.0,184904.0,0.0,0.0,0.0,0.0,0.0,1.0,4.0,1.0,0.023483300145016983,0.99,1,0,0,0,0.09375,0.1039999,0.09375,0.09375,0.0913753,0.1166245,0.0,0.242781002674041
synthetic,slow,128,qpsk,1180000,synthetic:slow:128:qpsk:1180000,ofdm,phase_absolute,20220976.0,201288.0,0.0,0.0,0.0,0.0,0.0,1.0,4.0,1.0,0.015559699822915718,0.99,1,0,0,0,0.0859375,0.09372485,0.078125,0.09375,0.08374090000000001,0.1037088,0.18181818181818182,0.2130480870334815
synthetic,slow,128,qpsk,1180000,synthetic:slow:128:qpsk:1180000,ofdm,phase_relative,20220976.0,201288.0,0.0,0.0,0.0,0.0,0.0,1.0,4.0,1.0,0.015962500037858263,0.99,1,0,0,0,0.09375,0.09049000000000001,0.09375,0.09375,0.087177,0.09380300000000001,0.0,0.0732235606144326
synthetic,slow,128,qpsk,1180000,synthetic:slow:128:qpsk:1180000,ofdm,r6_deep,14699600.0,145832.0,0.0,0.0,0.0,0.0,0.0,1.0,4.0,1.0,0.017772599880117923,0.99,1,0,0,0,0.1015625,0.10355605000000001,0.09375,0.109375,0.10219700000000001,0.10491510000000001,0.15384615384615385,0.026247621457172236
synthetic,slow,128,qpsk,1180000,synthetic:slow:128:qpsk:1180000,ofdm,radau,21190864.0,211600.0,0.0,0.0,0.0,0.0,0.0,1.0,8.0,2.0,0.03214029988157563,0.0,0,0,0,0,0.109375,0.11792100000000001,0.109375,0.109375,0.11653200000000001,0.11931000000000001,0.0,0.02355814485969422
synthetic,slow,128,qpsk,1180000,synthetic:slow:128:qpsk:1180000,ofdm,relative_radau,19493936.0,194248.0,0.0,0.0,0.0,0.0,0.0,1.0,4.0,1.0,0.015453999949386343,0.99,1,0,0,0,0.09375,0.09161745,0.078125,0.109375,0.0821027,0.1011322,0.3333333333333333,0.2077060647289354
synthetic,slow,128,qpsk,1180000,synthetic:slow:128:qpsk:1180000,ofdm,residual,14450144.0,145576.0,0.0,0.0,0.0,0.0,,0.0,4.9,1.0,0.009070700063602999,0.0,0,0,0,0,0.0625,0.06653890000000001,0.0625,0.0625,0.0663353,0.06674250000000001,0.0,0.006119728459592964
synthetic,slow,128,qpsk,1180000,synthetic:slow:128:qpsk:1180000,ofdm,stable,19723664.0,196928.0,0.0,0.0,0.0,0.0,,0.0,8.0,4.0,0.03547809986048378,0.0,0,0,0,0,0.109375,0.10801240000000001,0.109375,0.109375,0.104342,0.11168280000000001,0.0,0.06796256726079605
synthetic,slow,128,qpsk,1180000,synthetic:slow:128:qpsk:1180000,otfs,gray,22470864.0,224400.0,0.0,0.0,0.0,0.0,0.0,1.0,8.0,2.0,0.02851430032751523,0.0,0,0,0,0,0.109375,0.10372165,0.09375,0.125,0.0916778,0.11576550000000001,0.2857142857142857,0.23223406106632516
synthetic,slow,128,qpsk,1180000,synthetic:slow:128:qpsk:1180000,otfs,merged_absolute,19366960.0,192584.0,0.0,0.0,0.0,0.0,0.0,1.0,4.0,1.0,0.024991200072690845,0.99,1,0,0,0,0.1015625,0.1085517,0.09375,0.109375,0.0963663,0.12073710000000001,0.15384615384615385,0.22450869032912438
synthetic,slow,128,qpsk,1180000,synthetic:slow:128:qpsk:1180000,otfs,phase_absolute,20988976.0,208968.0,0.0,0.0,0.0,0.0,0.0,1.0,4.0,1.0,0.01775229995837435,0.99,1,0,0,0,0.1015625,0.11132225000000001,0.078125,0.125,0.0879341,0.1347104,0.46153846153846156,0.4201882373020668
synthetic,slow,128,qpsk,1180000,synthetic:slow:128:qpsk:1180000,otfs,phase_relative,20988976.0,208968.0,0.0,0.0,0.0,0.0,0.0,1.0,4.0,1.0,0.019680699973832816,0.99,1,0,0,0,0.0859375,0.0926476,0.078125,0.09375,0.0867765,0.0985187,0.18181818181818182,0.12674046602394443
synthetic,slow,128,qpsk,1180000,synthetic:slow:128:qpsk:1180000,otfs,r6_deep,15467600.0,153512.0,0.0,0.0,0.0,0.0,0.0,1.0,4.0,1.0,0.018636100401636213,0.99,1,0,0,0,0.09375,0.0952994,0.09375,0.09375,0.0932139,0.09738490000000001,0.0,0.04376732697162845
synthetic,slow,128,qpsk,1180000,synthetic:slow:128:qpsk:1180000,otfs,radau,22214864.0,221840.0,0.0,0.0,0.0,0.0,0.0,1.0,8.0,2.0,0.03159410000080243,0.0,0,0,0,0,0.1015625,0.10262645000000001,0.09375,0.109375,0.0968696,0.1083833,0.15384615384615385,0.11219037587288658
synthetic,slow,128,qpsk,1180000,synthetic:slow:128:qpsk:1180000,otfs,relative_radau,20261936.0,201928.0,0.0,0.0,0.0,0.0,0.0,1.0,4.0,1.0,0.018110800068825483,0.99,1,0,0,0,0.09375,0.09562365,0.09375,0.09375,0.0870736,0.10417370000000001,0.0,0.17882709978127803
synthetic,slow,128,qpsk,1180000,synthetic:slow:128:qpsk:1180000,otfs,residual,15135152.0,153256.0,0.0,0.0,0.0,0.0,,0.0,4.84,1.0,0.011130099941510707,0.0,0,0,0,0,0.0703125,0.07154365000000001,0.0625,0.078125,0.07099230000000001,0.072095,0.2222222222222222,0.01541296816698614
synthetic,slow,128,qpsk,1180000,synthetic:slow:128:qpsk:1180000,otfs,stable,21259664.0,212288.0,0.0,0.0,0.0,0.0,,0.0,8.0,4.0,0.045072399952914566,0.0,0,0,0,0,0.109375,0.1152271,0.09375,0.125,0.1030747,0.1273795,0.2857142857142857,0.21092954695553393
synthetic,slow,128,qpsk,1180001,synthetic:slow:128:qpsk:1180001,afdm,gray,72487896.0,786650.0,0.0,0.0,0.0,0.0,0.0,0.5128515625,39.1,5.19,0.4036353998235427,0.0,0,0,0,0,1.1484375,1.1649147000000002,1.109375,1.1875,1.1294956,1.2003338000000001,0.06802721088435375,0.060809774312230815
synthetic,slow,128,qpsk,1180001,synthetic:slow:128:qpsk:1180001,afdm,merged_absolute,59608304.0,604824.0,0.0,0.0,0.0,0.0,0.0,1.0,20.32,3.04,0.3563986000372097,0.12,88,0,0,0,1.1171875,1.15008885,1.09375,1.140625,1.1309112000000001,1.1692665,0.04195804195804196,0.033349858143568535
synthetic,slow,128,qpsk,1180001,synthetic:slow:128:qpsk:1180001,afdm,phase_absolute,61230276.0,621208.0,0.0,0.0,0.0,0.0,0.0,1.0,20.32,3.04,0.35029079983360134,0.12,88,0,0,0,1.1640625,1.17222195,1.15625,1.171875,1.1664524,1.1779915,0.013422818791946308,0.009843784276518644
synthetic,slow,128,qpsk,1180001,synthetic:slow:128:qpsk:1180001,afdm,phase_relative,54215304.0,698818.4,0.0,0.0,0.0,0.0,0.0,0.999921875,22.2,3.21,0.3677327999903355,0.98,2,0,0,0,0.9687500000000001,0.9820388500000001,0.9531250000000001,0.9843750000000001,0.9763359,0.9877418000000001,0.03225806451612903,0.011614509955487075
synthetic,slow,128,qpsk,1180001,synthetic:slow:128:qpsk:1180001,afdm,r6_deep,53036304.0,536418.3999999999,0.0,0.0,0.0,0.0,0.0,1.0,20.32,3.04,0.3654254999710247,0.12,88,0,0,0,1.1484375,1.1676269500000003,1.125,1.171875,1.1401617000000002,1.1950922000000002,0.04081632653061224,0.047044563334205314
synthetic,slow,128,qpsk,1180001,synthetic:slow:128:qpsk:1180001,afdm,radau,78502496.0,915504.0,0.0,0.0,0.0,0.0,0.0,0.9986328125,43.33,5.85,0.403979300026549,0.0,0,0,0,0,1.1640625,1.20006125,1.15625,1.171875,1.1891952000000001,1.2109273,0.013422818791946308,0.01810915901167538
synthetic,slow,128,qpsk,1180001,synthetic:slow:128:qpsk:1180001,afdm,relative_radau,80985344.0,922282.0,0.0,0.0,0.0,0.0,0.0,0.99890625,41.01,5.65,0.3941403003409505,0.98,2,0,0,0,1.234375,1.2494746500000002,1.203125,1.265625,1.2342987,1.2646506000000002,0.05063291139240506,0.024291729328002047
synthetic,slow,128,qpsk,1180001,synthetic:slow:128:qpsk:1180001,afdm,residual,29544040.0,330000.0,0.0,0.0,0.0,0.0,,0.0,15.47,1.0,0.05689550016541034,0.0,0,0,0,0,0.546875,0.5494702,0.53125,0.5625,0.5454803,0.5534601,0.05714285714285714,0.014522716609563141
synthetic,slow,128,qpsk,1180001,synthetic:slow:128:qpsk:1180001,afdm,stable,24173216.0,242384.0,0.0,0.0,0.0,0.0,,0.0,9.94,4.97,0.2376528996101115,0.0,0,0,0,0,0.609375,0.6399885000000001,0.59375,0.625,0.6343679,0.6456091,0.05128205128205128,0.017564690615534593
synthetic,slow,128,qpsk,1180001,synthetic:slow:128:qpsk:1180001,ofdm,gray,81242400.0,906280.0,0.0,0.0,0.0011328125,0.0011328125,0.0,0.9119921875,44.68,6.14,0.5141837001428939,0.0,0,0,0,0,1.2734375,1.3093811,1.21875,1.328125,1.2572438000000001,1.3615184,0.08588957055214724,0.0796365550106076
synthetic,slow,128,qpsk,1180001,synthetic:slow:128:qpsk:1180001,ofdm,merged_absolute,79809472.0,867922.4,0.0,0.0,0.0011328125,0.0011328125,0.0,0.9932421875,33.52,4.13,0.4903324001643341,0.12,88,0,0,0,1.3515625,1.4343682000000002,1.265625,1.4375,1.4205234,1.4482130000000002,0.12716763005780346,0.019304387813394216
synthetic,slow,128,qpsk,1180001,synthetic:slow:128:qpsk:1180001,ofdm,phase_absolute,81431312.0,884264.6,0.0,0.0,0.0011328125,0.0011328125,0.0,0.9932421875,33.52,4.13,0.5072351004637312,0.12,88,0,0,0,1.453125,1.4850055000000002,1.4375,1.46875,1.4799132000000002,1.4900978,0.021505376344086023,0.006858291097238276
synthetic,slow,128,qpsk,1180001,synthetic:slow:128:qpsk:1180001,ofdm,phase_relative,76781808.0,884867.4,0.0,0.0,0.0011328125,0.0011328125,0.0,0.99265625,36.58,4.47,0.5547457998909522,0.98,2,0,0,0,1.28125,1.3355730000000001,1.28125,1.28125,1.3184257000000001,1.3527203,0.0,0.025677817685742337
synthetic,slow,128,qpsk,1180001,synthetic:slow:128:qpsk:1180001,ofdm,r6_deep,73237472.0,828850.4,0.0,0.0,0.0011328125,0.0011328125,0.0,0.9932421875,33.52,4.13,0.48413950006943196,0.12,88,0,0,0,1.34375,1.4018231500000002,1.3125,1.375,1.3846569000000002,1.4189894,0.046511627906976744,0.024491320463640418
synthetic,slow,128,qpsk,1180001,synthetic:slow:128:qpsk:1180001,ofdm,radau,83118744.0,954960.0,0.0,0.0,0.0011328125,0.0011328125,0.0,0.994140625,47.27,6.1,0.42379289981909096,0.0,0,0,0,0,1.2265625,1.24843505,1.1875,1.265625,1.2197415,1.2771286000000002,0.06369426751592357,0.045967229132184435
synthetic,slow,128,qpsk,1180001,synthetic:slow:128:qpsk:1180001,ofdm,relative_radau,84780544.0,975058.0,0.0,0.0,0.0011328125,0.0011328125,0.0,0.99390625,44.61,5.73,0.400065600319067,0.98,2,0,0,0,1.2578125,1.2854998000000002,1.25,1.265625,1.2848549,1.2861447000000001,0.012422360248447204,0.0010033451580467913
synthetic,slow,128,qpsk,1180001,synthetic:slow:128:qpsk:1180001,ofdm,residual,29153560.0,297728.0,0.0,0.0,0.0011328125,0.0011328125,,0.0,15.53,1.0,0.05477690012776293,0.0,0,0,0,0,0.515625,0.5553092500000001,0.5,0.53125,0.5428268,0.5677917,0.06060606060606061,0.04495675157581105
synthetic,slow,128,qpsk,1180001,synthetic:slow:128:qpsk:1180001,ofdm,stable,19723664.0,196928.0,0.0,0.0,0.0011328125,0.0011328125,,0.0,8.0,4.0,0.18992989996331744,0.0,0,0,0,0,0.546875,0.5778493,0.515625,0.578125,0.5750662000000001,0.5806324,0.11428571428571428,0.009632615285680827
synthetic,slow,128,qpsk,1180001,synthetic:slow:128:qpsk:1180001,otfs,gray,73918576.0,808827.9999999999,0.0,0.0,0.0,0.0,0.0,0.63171875,39.66,5.18,0.48001879994990304,0.0,0,0,0,0,1.1796875,1.2709352000000003,1.125,1.234375,1.2469834000000002,1.2948870000000001,0.09271523178807947,0.03769161480459423
synthetic,slow,128,qpsk,1180001,synthetic:slow:128:qpsk:1180001,otfs,merged_absolute,61793444.0,689753.2,0.0,0.0,0.0,0.0,0.0,0.999765625,21.48,3.14,0.395186699955957,0.12,88,0,0,0,1.203125,1.2136582000000002,1.1875,1.21875,1.2045708000000002,1.2227456,0.025974025974025976,0.014975221194896497
synthetic,slow,128,qpsk,1180001,synthetic:slow:128:qpsk:1180001,otfs,phase_absolute,63415416.0,706137.2,0.0,0.0,0.0,0.0,0.0,0.999765625,21.48,3.14,0.4034561001462862,0.12,88,0,0,0,1.1953125,1.2498916000000002,1.171875,1.21875,1.2497324,1.2500508000000001,0.0392156862745098,0.00025474209123419334
synthetic,slow,128,qpsk,1180001,synthetic:slow:128:qpsk:1180001,otfs,phase_relative,61917904.0,706438.6,0.0,0.0,0.0,0.0,0.0,0.99984375,26.52,3.61,0.45277289988007396,0.98,2,0,0,0,1.109375,1.1567646500000002,1.078125,1.140625,1.1342876000000002,1.1792417000000002,0.056338028169014086,0.038861924074183964
synthetic,slow,128,qpsk,1180001,synthetic:slow:128:qpsk:1180001,otfs,r6_deep,55221444.0,650681.2,0.0,0.0,0.0,0.0,0.0,0.999765625,21.48,3.14,0.4027351998083759,0.12,88,0,0,0,1.2109375,1.23711495,1.1875,1.234375,1.2215880000000001,1.2526419,0.03870967741935484,0.02510187109128368
synthetic,slow,128,qpsk,1180001,synthetic:slow:128:qpsk:1180001,otfs,radau,79695728.0,938040.0,0.0,0.0,0.0,0.0,0.0,0.998125,43.71,5.81,0.47781220005708747,0.0,0,0,0,0,1.203125,1.2933276500000002,1.1875,1.21875,1.2766148000000002,1.3100405000000002,0.025974025974025976,0.025844726972318266
synthetic,slow,128,qpsk,1180001,synthetic:slow:128:qpsk:1180001,otfs,relative_radau,82067320.0,944818.0,0.0,0.0,0.0,0.0,0.0,0.9985546875,41.4,5.57,0.468958599929465,0.98,2,0,0,0,1.3046875,1.3555167,1.296875,1.3125,1.3409118,1.3701216,0.011976047904191617,0.021548830789026845
synthetic,slow,128,qpsk,1180001,synthetic:slow:128:qpsk:1180001,otfs,residual,29603424.0,319240.0,0.0,0.0,0.0,0.0,,0.0,15.3,1.0,0.0694018999056425,0.0,0,0,0,0,0.5703125,0.5849791,0.5625,0.578125,0.567287,0.6026712000000001,0.0273972602739726,0.06048797298912062
synthetic,slow,128,qpsk,1180001,synthetic:slow:128:qpsk:1180001,otfs,stable,25097856.0,286816.0,0.0,0.0,0.0,0.0,,0.0,10.06,5.03,0.29878749983618036,0.0,0,0,0,0,0.6796875,0.7250263000000001,0.65625,0.703125,0.7158028000000001,0.7342498000000001,0.06896551724137931,0.025443214956478114
synthetic,slow,256,16qam,1180300,synthetic:slow:256:16qam:1180300,afdm,gray,92689128.0,943872.0,0.0,0.0,0.0,0.0,0.0,0.59060546875,16.24,3.03,0.4277744999853894,0.0,0,0,0,0,0.8828125,0.9448659500000001,0.875,0.890625,0.9348963,0.9548356,0.017699115044247787,0.021102781828469946
synthetic,slow,256,16qam,1180300,synthetic:slow:256:16qam:1180300,afdm,merged_absolute,97109696.0,1077504.0,0.0,0.0,0.0,0.0,0.0,0.98455078125,13.07,2.62,0.4430437000701204,0.84,16,0,0,0,0.9687500000000001,1.00745095,0.9687500000000001,0.9687500000000001,0.9831563000000001,1.0317456,0.0,0.04822994112021032
synthetic,slow,256,16qam,1180300,synthetic:slow:256:16qam:1180300,afdm,phase_absolute,100211520.0,1110272.0,0.0,0.0,0.0,0.0,0.0,0.987236328125,13.37,2.65,0.4343723996425979,0.89,11,0,0,0,1.015625,1.03038935,0.9843750000000001,1.046875,1.0086379,1.0521408,0.06153846153846143,0.042219865723573335
synthetic,slow,256,16qam,1180300,synthetic:slow:256:16qam:1180300,afdm,phase_relative,101996960.0,1110272.0,0.0,0.0,0.0,0.0,0.0,0.988173828125,14.22,2.75,0.444569500599755,0.96,4,0,0,0,1.0078125,1.03311345,1.0,1.015625,1.0242415,1.0419854000000002,0.015503875968992248,0.017175170839175642
synthetic,slow,256,16qam,1180300,synthetic:slow:256:16qam:1180300,afdm,r6_deep,88303840.0,998496.0,0.0,0.0,0.0,0.0,0.0,0.98455078125,13.07,2.62,0.4388999001530465,0.84,16,0,0,0,1.0390625,1.0566594500000002,1.03125,1.046875,1.0530786,1.0602403,0.015037593984962405,0.006777680358605543
synthetic,slow,256,16qam,1180300,synthetic:slow:256:16qam:1180300,afdm,radau,92526224.0,1011000.0,0.0,0.0,0.0,0.0,0.0,0.998896484375,18.23,3.25,0.29650229969411157,0.0,0,0,0,0,0.8203125,0.8305712000000001,0.796875,0.84375,0.8168691,0.8442733,0.05714285714285714,0.03299440192484399
synthetic,slow,256,16qam,1180300,synthetic:slow:256:16qam:1180300,afdm,relative_radau,88713960.0,1023256.0,0.0,0.0,0.0,0.0,0.0,0.99814453125,12.39,3.16,0.29094839966273867,0.96,4,0,0,0,0.7734375,0.8389380500000001,0.75,0.796875,0.8213504,0.8565257000000001,0.06060606060606061,0.041928364078849464
synthetic,slow,256,16qam,1180300,synthetic:slow:256:16qam:1180300,afdm,residual,46497064.0,472144.0,0.0,0.0,0.0,0.0,,0.0,9.71,1.0,0.06257230011397041,0.0,0,0,0,0,0.4765625,0.5124394000000001,0.45312500000000006,0.5,0.5059344,0.5189444000000001,0.0983606557377048,0.025388367873352583
synthetic,slow,256,16qam,1180300,synthetic:slow:256:16qam:1180300,afdm,stable,59477568.0,619616.0,0.0,0.0,0.0,0.0,,0.0,11.34,5.67,0.2992787998227868,0.0,0,0,0,0,0.65625,0.7391851,0.65625,0.65625,0.6785433000000001,0.7998269,0.0,0.1640774414960474
synthetic,slow,256,16qam,1180300,synthetic:slow:256:16qam:1180300,ofdm,gray,91720760.0,930217.9999999999,0.0,0.0,0.00013671875,0.00013671875,0.0,0.67294921875,16.45,3.04,0.4504901001055259,0.0,0,0,0,0,0.9609375000000001,0.9820909,0.9375000000000001,0.9843750000000001,0.9757467000000001,0.9884351,0.048780487804878044,0.012919781661758533
synthetic,slow,256,16qam,1180300,synthetic:slow:256:16qam:1180300,ofdm,merged_absolute,97937480.0,1062056.0,4.8828125e-05,4.8828125e-05,0.000166015625,0.00013671875,0.0,0.9649609375,13.32,2.63,0.5256686002830975,0.84,16,0,0,0,1.0546875,1.1334065,1.046875,1.0625,1.1035884,1.1632246000000002,0.014814814814814815,0.052616779593199915
synthetic,slow,256,16qam,1180300,synthetic:slow:256:16qam:1180300,ofdm,phase_absolute,100892872.0,1094824.0,5.859375e-05,5.859375e-05,0.00017578125,0.00013671875,0.0,0.96546875,13.57,2.66,0.5281280997442082,0.89,11,0,0,0,1.0703125,1.1284201500000002,1.03125,1.109375,1.1263391,1.1305012,0.072992700729927,0.0036884311220426688
synthetic,slow,256,16qam,1180300,synthetic:slow:256:16qam:1180300,ofdm,phase_relative,102572656.0,1094489.6,3.90625e-05,3.90625e-05,0.00015625,0.00013671875,0.0,0.97884765625,14.63,2.79,0.4845362999185454,0.96,4,0,0,0,1.0390625,1.08127505,1.015625,1.0625,1.0742524,1.0882977,0.045112781954887216,0.012989571894773712
synthetic,slow,256,16qam,1180300,synthetic:slow:256:16qam:1180300,ofdm,r6_deep,89131624.0,983048.0,4.8828125e-05,4.8828125e-05,0.000166015625,0.00013671875,0.0,0.9649609375,13.32,2.63,0.5363146003510337,0.84,16,0,0,0,1.046875,1.140454,0.9375000000000001,1.15625,1.1200009,1.1609071,0.2089552238805969,0.03586834716700542
synthetic,slow,256,16qam,1180300,synthetic:slow:256:16qam:1180300,ofdm,radau,89730808.0,1019200.0,0.0,0.0,0.00013671875,0.00013671875,0.0,0.995537109375,18.21,3.12,0.29143399983877316,0.0,0,0,0,0,0.765625,0.8121032,0.703125,0.828125,0.7701926,0.8540138,0.16326530612244897,0.10321496085719159
synthetic,slow,256,16qam,1180300,synthetic:slow:256:16qam:1180300,ofdm,relative_radau,87249256.0,1004824.0,0.0,0.0,0.00013671875,0.00013671875,0.0,0.9952734375,12.54,3.13,0.28177299987873994,0.96,4,0,0,0,0.8046875,0.82574265,0.796875,0.8125,0.7991542,0.8523311,0.019417475728155338,0.06439887778595423
synthetic,slow,256,16qam,1180300,synthetic:slow:256:16qam:1180300,ofdm,residual,45523872.0,462928.0,4.8828125e-05,4.8828125e-05,0.000166015625,0.00013671875,,0.0,9.7,1.0,0.06378919997951016,0.0,0,0,0,0,0.46875000000000006,0.5069138,0.46875000000000006,0.46875000000000006,0.49974300000000005,0.5140846,0.0,0.028291989683452996
synthetic,slow,256,16qam,1180300,synthetic:slow:256:16qam:1180300,ofdm,stable,67340624.0,744576.0,0.0,0.0,0.00013671875,0.00013671875,,0.0,14.08,7.04,0.36216869941563345,0.0,0,0,0,0,0.8046875,0.8554678,0.78125,0.828125,0.8526227000000001,0.8583129,0.05825242718446602,0.0066515653774460925
synthetic,slow,256,16qam,1180300,synthetic:slow:256:16qam:1180300,otfs,gray,93923248.0,991545.5999999999,0.0,0.0,0.0,0.0,0.0,0.59052734375,16.23,3.05,0.47784280017367564,0.0,0,0,0,0,1.0,1.0212684,0.9843750000000001,1.015625,1.0059995000000002,1.0365373,0.03124999999999989,0.02990183579556543
synthetic,slow,256,16qam,1180300,synthetic:slow:256:16qam:1180300,otfs,merged_absolute,97185576.0,1087744.0,0.0,0.0,0.0,0.0,0.0,0.98189453125,12.84,2.59,0.487162500154227,0.84,16,0,0,0,1.046875,1.073376,1.046875,1.046875,1.0674287,1.0793233,0.0,0.011081484959604069
synthetic,slow,256,16qam,1180300,synthetic:slow:256:16qam:1180300,otfs,phase_absolute,100582544.0,1120512.0,0.0,0.0,0.0,0.0,0.0,0.985966796875,13.24,2.64,0.48030569971888326,0.89,11,0,0,0,1.0546875,1.09814745,1.046875,1.0625,1.0865334,1.1097615,0.014814814814814815,0.021152077528386635
synthetic,slow,256,16qam,1180300,synthetic:slow:256:16qam:1180300,otfs,phase_relative,103005240.0,1120512.0,0.0,0.0,0.0,0.0,0.0,0.988837890625,14.22,2.76,0.5015627003449481,0.96,4,0,0,0,1.046875,1.10008955,1.03125,1.0625,1.0854719000000002,1.1147072,0.029850746268656716,0.02657538197685802
synthetic,slow,256,16qam,1180300,synthetic:slow:256:16qam:1180300,otfs,r6_deep,88379720.0,1008736.0,0.0,0.0,0.0,0.0,0.0,0.98189453125,12.84,2.59,0.4515719999326393,0.84,16,0,0,0,0.9765625,1.0824292,0.9375000000000001,1.015625,1.0227205000000001,1.1421379,0.07999999999999989,0.11032352046674267
synthetic,slow,256,16qam,1180300,synthetic:slow:256:16qam:1180300,otfs,radau,93274280.0,1023288.0,0.0,0.0,0.0,0.0,0.0,0.998515625,18.15,3.24,0.3381799999915529,0.0,0,0,0,0,0.8125,0.9027455500000001,0.8125,0.8125,0.8923922000000001,0.9130989,0.0,0.022937471140123553
synthetic,slow,256,16qam,1180300,synthetic:slow:256:16qam:1180300,otfs,relative_radau,89210016.0,1008912.0,0.0,0.0,0.0,0.0,0.0,0.997646484375,12.29,3.13,0.32263230002718046,0.96,4,0,0,0,0.84375,0.8991476,0.796875,0.890625,0.8909708000000001,0.9073244,0.1111111111111111,0.018187892621856487
synthetic,slow,256,16qam,1180300,synthetic:slow:256:16qam:1180300,otfs,residual,46728000.0,478288.0,0.0,0.0,0.0,0.0,,0.0,9.58,1.0,0.07090629986487329,0.0,0,0,0,0,0.5078125,0.51928865,0.46875000000000006,0.546875,0.5017438000000001,0.5368335000000001,0.15384615384615374,0.0675726303665601
synthetic,slow,256,16qam,1180300,synthetic:slow:256:16qam:1180300,otfs,stable,60545120.0,636000.0,0.0,0.0,0.0,0.0,,0.0,11.22,5.61,0.3600965992663987,0.0,0,0,0,0,0.828125,0.8351465,0.828125,0.828125,0.8248529,0.8454401,0.0,0.024651004344746732
synthetic,slow,256,16qam,1180301,synthetic:slow:256:16qam:1180301,afdm,gray,184554976.0,2065827.5999999999,9.765625e-06,9.765625e-06,7.8125e-05,8.7890625e-05,0.0,0.69583984375,42.52,5.26,0.683116699627135,0.0,0,0,0,0,1.453125,1.5259421,1.421875,1.484375,1.5119327,1.5399515000000001,0.043010752688172046,0.018361640326982342
synthetic,slow,256,16qam,1180301,synthetic:slow:256:16qam:1180301,afdm,merged_absolute,176222312.0,1848557.6,5.859375e-05,5.859375e-05,6.8359375e-05,8.7890625e-05,0.0,0.99830078125,29.77,3.82,0.6053736998001114,0.0,100,0,0,0,1.53125,1.6536467,1.46875,1.59375,1.6086578,1.6986356,0.08163265306122448,0.0544117434516091
synthetic,slow,256,16qam,1180301,synthetic:slow:256:16qam:1180301,afdm,phase_absolute,179339928.0,1882535.6,5.859375e-05,5.859375e-05,6.8359375e-05,8.7890625e-05,0.0,0.998154296875,30.09,3.85,0.5856732000538614,0.06,94,0,0,0,1.5625,1.6223250500000002,1.53125,1.59375,1.6101149000000001,1.6345352000000002,0.04,0.015052655446576541
synthetic,slow,256,16qam,1180301,synthetic:slow:256:16qam:1180301,afdm,phase_relative,174752680.0,2092552.4,3.90625e-05,3.90625e-05,8.7890625e-05,8.7890625e-05,0.0,0.997724609375,34.5,4.25,0.6393729001574684,0.97,3,0,0,0,1.4296875,1.49815915,1.40625,1.453125,1.4919616,1.5043567,0.03278688524590164,0.008273553580739397
synthetic,slow,256,16qam,1180301,synthetic:slow:256:16qam:1180301,afdm,r6_deep,162255496.0,1709319.6,5.859375e-05,5.859375e-05,6.8359375e-05,8.7890625e-05,0.0,0.99830078125,29.77,3.82,0.6271277001942508,0.0,100,0,0,0,1.5546875,1.6428965500000001,1.484375,1.625,1.5538505,1.7319426,0.09045226130653267,0.1084012867395698
synthetic,slow,256,16qam,1180301,synthetic:slow:256:16qam:1180301,afdm,radau,205681432.0,2207432.0,9.765625e-06,9.765625e-06,7.8125e-05,8.7890625e-05,0.0,0.994990234375,50.86,6.23,0.5665680995443836,0.0,0,0,0,0,1.296875,1.52495745,1.28125,1.3125,1.5139974,1.5359175,0.024096385542168676,0.01437423713035403
synthetic,slow,256,16qam,1180301,synthetic:slow:256:16qam:1180301,afdm,relative_radau,210258184.0,2326216.0,9.765625e-06,9.765625e-06,7.8125e-05,8.7890625e-05,0.0,0.994248046875,48.54,6.05,0.5491251001076307,0.97,3,0,0,0,1.4453125,1.5650948500000001,1.390625,1.5,1.5550882000000001,1.5751015000000002,0.07567567567567568,0.012787276119399416
synthetic,slow,256,16qam,1180301,synthetic:slow:256:16qam:1180301,afdm,residual,62565200.0,693392.0,0.000302734375,0.000302734375,0.0002734375,8.7890625e-05,,0.0,15.52,1.0,0.06274239998310804,0.0,0,0,0,0,0.5625,0.58436815,0.5625,0.5625,0.5821746,0.5865617000000001,0.0,0.007507424899868496
synthetic,slow,256,16qam,1180301,synthetic:slow:256:16qam:1180301,afdm,stable,87967008.0,1164496.0,0.000107421875,0.000107421875,7.8125e-05,8.7890625e-05,,0.0,18.66,9.33,0.4713038000045344,0.0,0,0,0,0,1.0,1.0476334500000002,0.9843750000000001,1.015625,1.024253,1.0710139,0.03124999999999989,0.044634790918522106
synthetic,slow,256,16qam,1180301,synthetic:slow:256:16qam:1180301,ofdm,gray,191816616.0,2095284.4,0.000107421875,0.000107421875,0.0053125,0.005361328125,0.0,0.878642578125,44.32,5.75,0.868751099857036,0.0,0,0,0,0,1.5859375,1.74173145,1.46875,1.703125,1.6036719000000002,1.8797910000000002,0.1477832512315271,0.15853138553592752
synthetic,slow,256,16qam,1180301,synthetic:slow:256:16qam:1180301,ofdm,merged_absolute,180630744.0,1848882.4,0.000556640625,0.000556640625,0.005390625,0.005361328125,0.0,0.9883984375,31.21,3.94,0.7325831999769434,0.0,100,0,0,0,1.6484375,1.72989565,1.59375,1.703125,1.6147403,1.8450510000000002,0.06635071090047394,0.13313560271684607
synthetic,slow,256,16qam,1180301,synthetic:slow:256:16qam:1180301,ofdm,phase_absolute,184982112.0,2005731.2,0.000498046875,0.000498046875,0.005390625,0.005361328125,0.0,0.988623046875,31.89,4.0,0.7303112002264243,0.06,94,0,0,0,1.6484375,1.7681442,1.609375,1.6875,1.7242423,1.8120461,0.04739336492890995,0.04965873258527223
synthetic,slow,256,16qam,1180301,synthetic:slow:256:16qam:1180301,ofdm,phase_relative,182878536.0,2069431.2,0.000380859375,0.000380859375,0.0053515625,0.005361328125,0.0,0.988310546875,37.01,4.48,0.7793811999436002,0.97,3,0,0,0,1.6171875,1.6737487500000001,1.59375,1.640625,1.6689897,1.6785078,0.028985507246376812,0.005686695807838526
synthetic,slow,256,16qam,1180301,synthetic:slow:256:16qam:1180301,ofdm,r6_deep,166663928.0,1710366.7999999998,0.000556640625,0.000556640625,0.005390625,0.005361328125,0.0,0.9883984375,31.21,3.94,0.703033300145762,0.0,100,0,0,0,1.578125,1.73998735,1.484375,1.671875,1.7207603,1.7592144,0.1188118811881188,0.022100218142390545
synthetic,slow,256,16qam,1180301,synthetic:slow:256:16qam:1180301,ofdm,radau,205556936.0,2179784.0,4.8828125e-05,4.8828125e-05,0.0053515625,0.005361328125,0.0,0.992724609375,51.58,6.29,0.5668454002297949,0.0,0,0,0,0,1.484375,1.57591875,1.46875,1.5,1.5608235000000001,1.5910140000000002,0.021052631578947368,0.019157396280741
synthetic,slow,256,16qam,1180301,synthetic:slow:256:16qam:1180301,ofdm,relative_radau,210412312.0,2298568.0,5.859375e-05,5.859375e-05,0.005341796875,0.005361328125,0.0,0.992294921875,49.28,6.13,0.5509704000432976,0.97,3,0,0,0,1.5234375,1.5651763,1.5,1.546875,1.5564722000000002,1.5738804000000002,0.03076923076923077,0.011122197544136072
synthetic,slow,256,16qam,1180301,synthetic:slow:256:16qam:1180301,ofdm,residual,61204824.0,656520.0,0.00275390625,0.00275390625,0.007080078125,0.005361328125,,0.0,15.37,1.0,0.07049070001812652,0.0,0,0,0,0,0.5546875,0.63213535,0.546875,0.5625,0.6177899,0.6464808000000001,0.028169014084507043,0.045387273469202565
synthetic,slow,256,16qam,1180301,synthetic:slow:256:16qam:1180301,ofdm,stable,118108096.0,1641792.0,0.0009765625,0.0009765625,0.005849609375,0.005361328125,,0.0,27.66,13.83,0.7038321997970343,0.0,0,0,0,0,1.3671875,1.3893999000000001,1.359375,1.375,1.380821,1.3979788000000002,0.011428571428571429,0.012349072430478877
synthetic,slow,256,16qam,1180301,synthetic:slow:256:16qam:1180301,otfs,gray,196507600.0,2261168.0,7.8125e-05,7.8125e-05,0.00130859375,0.0012890625,0.0,0.8581640625,45.27,5.57,0.8412153001700062,0.0,0,0,0,0,1.5546875,1.74190565,1.484375,1.625,1.6773328,1.8064785,0.09045226130653267,0.07414046794095881
synthetic,slow,256,16qam,1180301,synthetic:slow:256:16qam:1180301,otfs,merged_absolute,194236464.0,2300012.4,0.000322265625,0.000322265625,0.001298828125,0.0012890625,0.0,0.996259765625,34.3,4.21,0.6944530000037048,0.0,100,0,0,0,1.7265625,1.7907116,1.71875,1.734375,1.7811851,1.8002381,0.00904977375565611,0.01063990427045873
synthetic,slow,256,16qam,1180301,synthetic:slow:256:16qam:1180301,otfs,phase_absolute,198228640.0,2332780.4,0.000322265625,0.000322265625,0.001298828125,0.0012890625,0.0,0.99625,34.86,4.26,0.6939748998556752,0.06,94,0,0,0,1.7421875,1.8611017,1.65625,1.8281250000000002,1.8089683,1.9132351,0.0986547085201795,0.05602423553747761
synthetic,slow,256,16qam,1180301,synthetic:slow:256:16qam:1180301,otfs,phase_relative,192517368.0,2311029.6,0.00015625,0.00015625,0.00126953125,0.0012890625,0.0,0.99583984375,38.95,4.65,0.7640994000830688,0.97,3,0,0,0,1.59375,1.63863725,1.546875,1.640625,1.5932762,1.6839983,0.058823529411764705,0.055364358402080774
synthetic,slow,256,16qam,1180301,synthetic:slow:256:16qam:1180301,otfs,r6_deep,180269648.0,2159564.4,0.000322265625,0.000322265625,0.001298828125,0.0012890625,0.0,0.996259765625,34.3,4.21,0.6889722000923939,0.0,100,0,0,0,1.7265625,1.7931856000000002,1.703125,1.75,1.7673575000000001,1.8190137000000002,0.027149321266968326,0.02880694558332391
synthetic,slow,256,16qam,1180301,synthetic:slow:256:16qam:1180301,otfs,radau,213292360.0,2360355.6,9.765625e-06,9.765625e-06,0.001298828125,0.0012890625,0.0,0.9934765625,52.62,6.37,0.6593280999513809,0.0,0,0,0,0,1.5703125,1.6711186000000002,1.5625,1.578125,1.6699591,1.6722781000000002,0.009950248756218905,0.001387693249300308
synthetic,slow,256,16qam,1180301,synthetic:slow:256:16qam:1180301,otfs,relative_radau,218432544.0,2452507.6,2.9296875e-05,2.9296875e-05,0.001318359375,0.0012890625,0.0,0.993134765625,50.39,6.23,0.6523507997044362,0.97,3,0,0,0,1.6640625,1.7036411,1.625,1.703125,1.6752471000000002,1.7320351,0.046948356807511735,0.03333331181080325
synthetic,slow,256,16qam,1180301,synthetic:slow:256:16qam:1180301,otfs,residual,62464264.0,673262.7999999999,0.00322265625,0.00322265625,0.003359375,0.0012890625,,0.0,15.27,1.0,0.07854820013744757,0.0,0,0,0,0,0.578125,0.6257002500000001,0.578125,0.578125,0.6227436000000001,0.6286569000000001,0.0,0.009450691445304697
synthetic,slow,256,16qam,1180301,synthetic:slow:256:16qam:1180301,otfs,stable,113590752.0,1678538.3999999997,0.001025390625,0.001025390625,0.001455078125,0.0012890625,,0.0,24.5,12.25,0.7845237004221417,0.0,0,0,0,0,1.28125,1.42294185,1.234375,1.328125,1.4094358,1.4364479,0.07317073170731707,0.0189832774965471
synthetic,slow,256,qpsk,1180200,synthetic:slow:256:qpsk:1180200,afdm,gray,65488824.0,698064.3999999999,0.0,0.0,0.0,0.0,0.0,0.1728515625,13.49,3.04,0.27063020001514815,0.0,0,0,0,0,0.734375,0.7666259500000001,0.71875,0.75,0.7603277,0.7729242000000001,0.0425531914893617,0.016431090025063735
synthetic,slow,256,qpsk,1180200,synthetic:slow:256:qpsk:1180200,afdm,merged_absolute,59424676.0,819344.0,0.0,0.0,0.0,0.0,0.0,0.99169921875,7.96,1.99,0.23976320002111606,0.92,8,0,0,0,0.6953125,0.7166103500000001,0.6875,0.703125,0.7098633000000001,0.7233574,0.02247191011235955,0.01883045646773027
synthetic,slow,256,qpsk,1180200,synthetic:slow:256:qpsk:1180200,afdm,phase_absolute,62424996.0,852112.0,0.0,0.0,0.0,0.0,0.0,0.99169921875,7.96,1.99,0.24077379997470416,0.93,7,0,0,0,0.75,0.78324645,0.75,0.75,0.7490237000000001,0.8174692,0.0,0.08738692655421539
synthetic,slow,256,qpsk,1180200,synthetic:slow:256:qpsk:1180200,afdm,phase_relative,61937572.0,614536.1999999996,0.0,0.0,0.0,0.0,0.0,0.99169921875,7.96,1.99,0.24078830014332198,0.95,5,0,0,0,0.6875,0.7411271,0.671875,0.703125,0.7374022,0.7448520000000001,0.045454545454545456,0.010051987034342775
synthetic,slow,256,qpsk,1180200,synthetic:slow:256:qpsk:1180200,afdm,r6_deep,51110340.0,678896.0,0.0,0.0,0.0,0.0,0.0,0.99169921875,7.96,1.99,0.23637660025269724,0.92,8,0,0,0,0.7421875,0.75391675,0.734375,0.75,0.7526523,0.7551812,0.021052631578947368,0.003354349137354947
synthetic,slow,256,qpsk,1180200,synthetic:slow:256:qpsk:1180200,afdm,radau,67340128.0,709336.3999999999,0.0,0.0,0.0,0.0,0.0,1.0,14.81,3.01,0.2344547999673523,0.0,0,0,0,0,0.703125,0.73541075,0.6875,0.71875,0.7307587000000001,0.7400628,0.044444444444444446,0.012651569208092113
synthetic,slow,256,qpsk,1180200,synthetic:slow:256:qpsk:1180200,afdm,relative_radau,59471872.0,665618.7999999998,0.0,0.0,0.0,0.0,0.0,0.999921875,8.52,2.26,0.17046469965134747,0.95,5,0,0,0,0.640625,0.67543085,0.609375,0.671875,0.6596148000000001,0.6912469,0.0975609756097561,0.04683247737351638
synthetic,slow,256,qpsk,1180200,synthetic:slow:256:qpsk:1180200,afdm,residual,40050840.0,413768.0,0.0,0.0,0.0,0.0,,0.0,8.49,1.0,0.05931559993769042,0.0,0,0,0,0,0.4375,0.49225405000000005,0.4375,0.4375,0.47379400000000005,0.5107141000000001,0.0,0.07500212542690102
synthetic,slow,256,qpsk,1180200,synthetic:slow:256:qpsk:1180200,afdm,stable,41972496.0,418880.0,0.0,0.0,0.0,0.0,,0.0,8.0,4.0,0.2108668000146281,0.0,0,0,0,0,0.5546875,0.62858345,0.515625,0.59375,0.6206181000000001,0.6365488,0.14084507042253522,0.02534381075416472
synthetic,slow,256,qpsk,1180200,synthetic:slow:256:qpsk:1180200,ofdm,gray,63904224.0,677104.0,0.0,0.0,0.0,0.0,0.0,0.07826171875,13.53,3.01,0.2591717000468634,0.0,0,0,0,0,0.703125,0.7418892,0.703125,0.703125,0.7344178,0.7493606,0.0,0.020141552134739303
synthetic,slow,256,qpsk,1180200,synthetic:slow:256:qpsk:1180200,ofdm,merged_absolute,58238364.0,802761.6,0.0,0.0,0.0,0.0,0.0,0.99763671875,8.0,2.0,0.24353039983543567,0.92,8,0,0,0,0.71875,0.7322873000000001,0.6875,0.75,0.7115585000000001,0.7530161000000001,0.08695652173913043,0.056613845412859104
synthetic,slow,256,qpsk,1180200,synthetic:slow:256:qpsk:1180200,ofdm,phase_absolute,61244580.0,835146.8,0.0,0.0,0.0,0.0,0.0,0.9972265625,8.0,2.0,0.24649870008579455,0.93,7,0,0,0,0.734375,0.7585470000000001,0.71875,0.75,0.7506932000000001,0.7664008,0.0425531914893617,0.020707484176985647
synthetic,slow,256,qpsk,1180200,synthetic:slow:256:qpsk:1180200,ofdm,phase_relative,60826240.0,624032.1999999995,0.0,0.0,0.0,0.0,0.0,0.99515625,8.0,2.0,0.2631409000605345,0.95,5,0,0,0,0.7265625,0.7591091000000001,0.71875,0.734375,0.7461637000000001,0.7720545000000001,0.021505376344086023,0.034106823380196584
synthetic,slow,256,qpsk,1180200,synthetic:slow:256:qpsk:1180200,ofdm,r6_deep,49924028.0,662685.4,0.0,0.0,0.0,0.0,0.0,0.99763671875,8.0,2.0,0.252247899887152,0.92,8,0,0,0,0.71875,0.7689796000000001,0.6875,0.75,0.7504664000000001,0.7874928000000001,0.08695652173913043,0.04815004195169808
synthetic,slow,256,qpsk,1180200,synthetic:slow:256:qpsk:1180200,ofdm,radau,66219672.0,715008.0,0.0,0.0,0.0,0.0,0.0,0.99978515625,14.94,3.03,0.2164996000356041,0.0,0,0,0,0,0.6640625,0.7116578,0.65625,0.671875,0.6738488,0.7494668000000001,0.023529411764705882,0.10625612478356883
synthetic,slow,256,qpsk,1180200,synthetic:slow:256:qpsk:1180200,ofdm,relative_radau,58443560.0,649215.5999999999,0.0,0.0,0.0,0.0,0.0,0.99984375,8.58,2.29,0.1769124999991618,0.95,5,0,0,0,0.65625,0.6979195,0.640625,0.671875,0.6746969,0.7211421,0.047619047619047616,0.06654807610333278
synthetic,slow,256,qpsk,1180200,synthetic:slow:256:qpsk:1180200,ofdm,residual,39132960.0,404552.0,0.0,0.0,0.0,0.0,,0.0,8.5,1.0,0.06314319992088713,0.0,0,0,0,0,0.47656250000000006,0.49539195,0.46875000000000006,0.48437500000000006,0.49420620000000004,0.4965777,0.032786885245901634,0.004787118563392019
synthetic,slow,256,qpsk,1180200,synthetic:slow:256:qpsk:1180200,ofdm,stable,40105360.0,400448.0,0.0,0.0,0.0,0.0,,0.0,8.0,4.0,0.20264640031382442,0.0,0,0,0,0,0.5859375,0.6121625,0.5625,0.609375,0.6098394,0.6144856000000001,0.08,0.007589814795908022
synthetic,slow,256,qpsk,1180200,synthetic:slow:256:qpsk:1180200,otfs,gray,66405840.0,702704.0,0.0,0.0,0.0,0.0,0.0,0.10919921875,13.51,3.01,0.30421400000341237,0.0,0,0,0,0,0.71875,0.81190485,0.65625,0.78125,0.8015371,0.8222726,0.17391304347826086,0.025539322742067643
synthetic,slow,256,qpsk,1180200,synthetic:slow:256:qpsk:1180200,otfs,merged_absolute,60310692.0,827536.0,0.0,0.0,0.0,0.0,0.0,1.0,8.0,2.0,0.2491178002092056,0.92,8,0,0,0,0.7265625,0.7427741000000001,0.71875,0.734375,0.7258703000000001,0.7596779,0.021505376344086023,0.045515318856702104
synthetic,slow,256,qpsk,1180200,synthetic:slow:256:qpsk:1180200,otfs,phase_absolute,63311056.0,860304.0,0.0,0.0,0.0,0.0,0.0,1.0,8.0,2.0,0.26623649994144216,0.93,7,0,0,0,0.7421875,0.77114495,0.71875,0.765625,0.7600477,0.7822422,0.06315789473684211,0.028781229780471238
synthetic,slow,256,qpsk,1180200,synthetic:slow:256:qpsk:1180200,otfs,phase_relative,62823632.0,626071.1999999995,0.0,0.0,0.0,0.0,0.0,1.0,8.0,2.0,0.2587330998503603,0.95,5,0,0,0,0.7421875,0.7722494,0.734375,0.75,0.7706226,0.7738762,0.021052631578947368,0.004213146685513731
synthetic,slow,256,qpsk,1180200,synthetic:slow:256:qpsk:1180200,otfs,r6_deep,51996356.0,687088.0,0.0,0.0,0.0,0.0,0.0,1.0,8.0,2.0,0.2750278999446891,0.92,8,0,0,0,0.7265625,0.8142398500000001,0.71875,0.734375,0.7947736000000001,0.8337061,0.021505376344086023,0.04781453523798905
synthetic,slow,256,qpsk,1180200,synthetic:slow:256:qpsk:1180200,otfs,radau,68395552.0,740608.0,0.0,0.0,0.0,0.0,0.0,0.9996875,14.79,3.03,0.287933700135909,0.0,0,0,0,0,0.609375,0.7452290500000001,0.59375,0.625,0.6634984,0.8269597000000001,0.05128205128205128,0.21934370379147192
synthetic,slow,256,qpsk,1180200,synthetic:slow:256:qpsk:1180200,otfs,relative_radau,60320384.0,674559.5999999999,0.0,0.0,0.0,0.0,0.0,0.99984375,8.52,2.26,0.2045243000611663,0.95,5,0,0,0,0.6875,0.7219176,0.6875,0.6875,0.7209477000000001,0.7228875,0.0,0.002687010262667008
synthetic,slow,256,qpsk,1180200,synthetic:slow:256:qpsk:1180200,otfs,residual,40696616.0,419912.0,0.0,0.0,0.0,0.0,,0.0,8.51,1.0,0.0698534999100957,0.0,0,0,0,0,0.4921875,0.4986333500000001,0.48437500000000006,0.5,0.48708500000000005,0.5101817000000001,0.03174603174603163,0.046320006473694594
synthetic,slow,256,qpsk,1180200,synthetic:slow:256:qpsk:1180200,otfs,stable,43328944.0,431168.0,0.0,0.0,0.0,0.0,,0.0,8.04,4.02,0.2614412001275923,0.0,0,0,0,0,0.65625,0.68441595,0.640625,0.671875,0.6817774000000001,0.6870545,0.047619047619047616,0.0077103696955045
synthetic,slow,256,qpsk,1180201,synthetic:slow:256:qpsk:1180201,afdm,gray,160202184.0,1873560.0,0.0,0.0,0.0,0.0,0.0,0.006953125,43.64,5.59,0.4911040999868419,0.0,0,0,0,0,1.234375,1.3587113,1.203125,1.265625,1.3526507,1.3647719,0.05063291139240506,0.00892110045747021
synthetic,slow,256,qpsk,1180201,synthetic:slow:256:qpsk:1180201,afdm,merged_absolute,122470332.0,1224984.0,0.0,0.0,0.0,0.0,0.0,0.9999609375,20.06,3.01,0.38164870007312857,0.01,99,0,0,0,1.2578125,1.2761998500000002,1.25,1.265625,1.2621009,1.2902988000000002,0.012422360248447204,0.02209520711039114
synthetic,slow,256,qpsk,1180201,synthetic:slow:256:qpsk:1180201,afdm,phase_absolute,125953060.0,1257752.0,0.0,0.0,0.0,0.0,0.0,0.9999609375,20.06,3.01,0.3845796998939477,0.0,100,0,0,0,1.1796875,1.3113526000000002,1.140625,1.21875,1.3111216,1.3115836,0.06622516556291391,0.0003523079910010186
synthetic,slow,256,qpsk,1180201,synthetic:slow:256:qpsk:1180201,afdm,phase_relative,117290464.0,1419680.0,0.0,0.0,0.0,0.0,0.0,0.9995703125,24.23,3.36,0.4179291999898851,0.93,7,0,0,0,1.09375,1.126465,1.078125,1.109375,1.1228642,1.1300658000000001,0.02857142857142857,0.006393096989254119
synthetic,slow,256,qpsk,1180201,synthetic:slow:256:qpsk:1180201,afdm,r6_deep,108564956.0,1084536.0,0.0,0.0,0.0,0.0,0.0,0.9999609375,20.06,3.01,0.38052749991766177,0.01,99,0,0,0,1.1796875,1.26996225,1.125,1.234375,1.2574125,1.282512,0.09271523178807947,0.019763973299206376
synthetic,slow,256,qpsk,1180201,synthetic:slow:256:qpsk:1180201,afdm,radau,185653864.0,2187032.0,0.0,0.0,0.0,0.0,0.0,0.99818359375,52.79,6.36,0.49304939949070103,0.0,0,0,0,0,1.390625,1.43767795,1.359375,1.421875,1.3922213,1.4831346,0.0449438202247191,0.0632362066901005
synthetic,slow,256,qpsk,1180201,synthetic:slow:256:qpsk:1180201,afdm,relative_radau,178827272.0,2307046.4,0.0,0.0,0.0,0.0,0.0,0.99798828125,45.9,6.05,0.4636440003523603,0.93,7,0,0,0,1.4140625,1.47410865,1.390625,1.4375,1.4566595,1.4915578,0.03314917127071823,0.02367417082858855
synthetic,slow,256,qpsk,1180201,synthetic:slow:256:qpsk:1180201,afdm,residual,64277496.0,690328.0,0.0,0.0,0.0,0.0,,0.0,17.25,1.0,0.06553849999909289,0.0,0,0,0,0,0.578125,0.6325623,0.5625,0.59375,0.6247433,0.6403813,0.05405405405405406,0.02472167563574377
synthetic,slow,256,qpsk,1180201,synthetic:slow:256:qpsk:1180201,afdm,stable,48683200.0,492624.0,0.0,0.0,0.0,0.0,,0.0,9.82,4.91,0.25725459994282573,0.0,0,0,0,0,0.671875,0.6921537,0.671875,0.671875,0.6919408,0.6923666,0.0,0.0006151812812674869
synthetic,slow,256,qpsk,1180201,synthetic:slow:256:qpsk:1180201,ofdm,gray,180247280.0,2223235.6,0.0,0.0,0.001015625,0.001015625,0.0,0.28529296875,49.41,6.91,0.6160130997595843,0.0,0,0,0,0,1.5078125,1.5647501,1.453125,1.5625,1.5367716,1.5927286,0.07253886010362694,0.03576098189736498
synthetic,slow,256,qpsk,1180201,synthetic:slow:256:qpsk:1180201,ofdm,merged_absolute,169381956.0,2349910.2,0.0,0.0,0.001015625,0.001015625,0.0,0.9909765625,35.08,4.26,0.5888303998508491,0.01,99,0,0,0,1.6015625,1.66525465,1.578125,1.625,1.660474,1.6700353000000001,0.02926829268292683,0.005741644378534001
synthetic,slow,256,qpsk,1180201,synthetic:slow:256:qpsk:1180201,ofdm,phase_absolute,172476584.0,2382678.2,0.0,0.0,0.001015625,0.001015625,0.0,0.990859375,34.96,4.25,0.597330500400858,0.0,100,0,0,0,1.6171875,1.6804329,1.5625,1.671875,1.6648708,1.6959950000000001,0.06763285024154589,0.01852153692063518
synthetic,slow,256,qpsk,1180201,synthetic:slow:256:qpsk:1180201,ofdm,phase_relative,166119224.0,2282734.8,0.0,0.0,0.001015625,0.001015625,0.0,0.99025390625,39.41,4.76,0.6749124999623746,0.93,7,0,0,0,1.5546875,1.6014911500000002,1.5,1.609375,1.5757094,1.6272729000000001,0.07035175879396985,0.03219718073371813
synthetic,slow,256,qpsk,1180201,synthetic:slow:256:qpsk:1180201,ofdm,r6_deep,155476580.0,2209462.2,0.0,0.0,0.001015625,0.001015625,0.0,0.9909765625,35.08,4.26,0.5975921996578109,0.01,99,0,0,0,1.5078125,1.6382169500000001,1.5,1.515625,1.5967843000000002,1.6796496,0.010362694300518135,0.050582616667468806
synthetic,slow,256,qpsk,1180201,synthetic:slow:256:qpsk:1180201,ofdm,radau,193020464.0,2314080.0,0.0,0.0,0.001015625,0.001015625,0.0,0.99361328125,56.24,6.52,0.45856789985555224,0.0,0,0,0,0,1.390625,1.47867995,1.375,1.40625,1.4262756,1.5310843,0.02247191011235955,0.07087990879973721
synthetic,slow,256,qpsk,1180201,synthetic:slow:256:qpsk:1180201,ofdm,relative_radau,185147872.0,2446152.0,0.0,0.0,0.001015625,0.001015625,0.0,0.9926171875,49.03,6.15,0.44838910005637445,0.93,7,0,0,0,1.4140625,1.4519491000000002,1.40625,1.421875,1.4366483,1.4672499,0.011049723756906077,0.021076220922620497
synthetic,slow,256,qpsk,1180201,synthetic:slow:256:qpsk:1180201,ofdm,residual,63691488.0,653456.0,0.0,0.0,0.001015625,0.001015625,,0.0,17.38,1.0,0.06134950020350516,0.0,0,0,0,0,0.625,0.6214044000000001,0.609375,0.640625,0.6085823,0.6342265,0.05,0.04126813392373791
synthetic,slow,256,qpsk,1180201,synthetic:slow:256:qpsk:1180201,ofdm,stable,40246704.0,400448.0,0.0,0.0,0.001015625,0.001015625,,0.0,8.04,4.02,0.2068348999018781,0.0,0,0,0,0,0.578125,0.6128869,0.5625,0.59375,0.6096916,0.6160822,0.05405405405405406,0.010427046164634982
synthetic,slow,256,qpsk,1180201,synthetic:slow:256:qpsk:1180201,otfs,gray,163542768.0,1917907.5999999999,0.0,0.0,0.0,0.0,0.0,0.0510546875,44.19,5.65,0.5627055998775177,0.0,0,0,0,0,1.3359375,1.4581881,1.3125,1.359375,1.4418191,1.4745571000000002,0.03508771929824561,0.02245115016368612
synthetic,slow,256,qpsk,1180201,synthetic:slow:256:qpsk:1180201,otfs,merged_absolute,140651208.0,1633410.2,0.0,0.0,0.0,0.0,0.0,0.99970703125,25.32,3.45,0.4836830997664947,0.01,99,0,0,0,1.390625,1.4626862,1.375,1.40625,1.4433087,1.4820637,0.02247191011235955,0.026495771957102003
synthetic,slow,256,qpsk,1180201,synthetic:slow:256:qpsk:1180201,otfs,phase_absolute,143737556.0,1666178.2,0.0,0.0,0.0,0.0,0.0,0.99970703125,25.2,3.44,0.4850839999562595,0.0,100,0,0,0,1.4140625,1.4812563500000002,1.375,1.453125,1.4741129000000002,1.4883998,0.055248618784530384,0.009645123209091984
synthetic,slow,256,qpsk,1180201,synthetic:slow:256:qpsk:1180201,otfs,phase_relative,141672052.0,1825446.2,0.0,0.0,0.0,0.0,0.0,0.999453125,31.25,3.97,0.5461759002646431,0.93,7,0,0,0,1.296875,1.38547795,1.296875,1.296875,1.3634698,1.4074861,0.0,0.03176975858764119
synthetic,slow,256,qpsk,1180201,synthetic:slow:256:qpsk:1180201,otfs,r6_deep,126745832.0,1492962.2,0.0,0.0,0.0,0.0,0.0,0.99970703125,25.32,3.45,0.4844750998890959,0.01,99,0,0,0,1.4296875,1.4333776500000002,1.421875,1.4375,1.4307197,1.4360356,0.01092896174863388,0.003708652775491539
synthetic,slow,256,qpsk,1180201,synthetic:slow:256:qpsk:1180201,otfs,radau,188567056.0,2261414.0,0.0,0.0,0.0,0.0,0.0,0.99814453125,53.31,6.33,0.568515599850798,0.0,0,0,0,0,1.4765625,1.5554594500000003,1.40625,1.546875,1.5444490000000002,1.5664699000000002,0.09523809523809523,0.014157167517288866
synthetic,slow,256,qpsk,1180201,synthetic:slow:256:qpsk:1180201,otfs,relative_radau,182769056.0,2430776.0,0.0,0.0,0.0,0.0,0.0,0.9979296875,46.69,6.09,0.523250699887285,0.93,7,0,0,0,1.46875,1.5162569500000003,1.4375,1.5,1.4941216000000002,1.5383923000000002,0.0425531914893617,0.02919735998572009
synthetic,slow,256,qpsk,1180201,synthetic:slow:256:qpsk:1180201,otfs,residual,63982968.0,697854.7999999999,0.0,0.0,0.0,0.0,,0.0,16.93,1.0,0.07597649973467924,0.0,0,0,0,0,0.6015625,0.6458849,0.59375,0.609375,0.6458253,0.6459445,0.025974025974025976,0.00018455300627090985
synthetic,slow,256,qpsk,1180201,synthetic:slow:256:qpsk:1180201,otfs,stable,50150224.0,506960.0,0.0,0.0,0.0,0.0,,0.0,9.84,4.92,0.2858821996487677,0.0,0,0,0,0,0.71875,0.7360117500000001,0.703125,0.734375,0.7111782000000001,0.7608453000000001,0.043478260869565216,0.06748139550761242
tdl,abrupt,128,16qam,1182900,tdl:abrupt:128:16qam:1182900,afdm,gray,458460931.2621499,6271352.0,0.0,0.0,0.0,0.0,0.0,0.99359375,10.86,2.25,0.057905699883122,0.0,0,0,0,0,0.2890625,0.3038149,0.28125,0.296875,0.30227750000000003,0.3053523,0.05405405405405406,0.01012063595300951
tdl,abrupt,128,16qam,1182900,tdl:abrupt:128:16qam:1182900,afdm,merged_absolute,462439115.2621499,6974456.0,0.0,0.0,0.0,0.0,0.0,0.9998828125,7.55,1.47,0.04155920006451197,0.95,5,0,0,0,0.2734375,0.275953,0.265625,0.28125,0.2650212,0.2868848,0.05714285714285714,0.07922943399781841
tdl,abrupt,128,16qam,1182900,tdl:abrupt:128:16qam:1182900,afdm,phase_absolute,495203395.2621499,7302136.0,0.0,0.0,0.0,0.0,0.0,0.999921875,7.65,1.48,0.041892899898812175,0.96,4,0,0,0,0.3671875,0.37218715,0.296875,0.4375,0.30475860000000005,0.43961570000000005,0.3829787234042553,0.362336797495561
tdl,abrupt,128,16qam,1182900,tdl:abrupt:128:16qam:1182900,afdm,phase_relative,489317299.2621499,7298541.2,0.0,0.0,0.0,0.0,0.0,0.999765625,7.34,1.45,0.05789019979420118,0.96,4,0,0,0,0.34375,0.36808395000000005,0.296875,0.390625,0.31567090000000003,0.420497,0.2727272727272727,0.2847885652172554
tdl,abrupt,128,16qam,1182900,tdl:abrupt:128:16qam:1182900,afdm,r6_deep,451809563.2621499,7472521.6,0.0,0.0,0.0,0.0,0.0,0.99984375,7.13,1.43,0.052309000107925385,0.43,57,0,0,0,0.5078125,0.51132105,0.48437500000000006,0.53125,0.47418000000000005,0.5484621000000001,0.0923076923076922,0.1452748718246589
tdl,abrupt,128,16qam,1182900,tdl:abrupt:128:16qam:1182900,afdm,radau,462259907.2621499,6465056.399999999,0.0,0.0,0.0,0.0,0.0,0.9997265625,11.02,2.33,0.0641167999128811,0.0,0,0,0,0,0.4375,0.45573320000000006,0.34375,0.53125,0.3554061,0.5560603000000001,0.42857142857142855,0.44028874789021305
tdl,abrupt,128,16qam,1182900,tdl:abrupt:128:16qam:1182900,afdm,relative_radau,465693699.2621499,6267112.0,0.0,0.0,0.0,0.0,0.0,0.999453125,5.93,1.54,0.03338190010981634,0.96,4,0,0,0,0.3125,0.30723100000000003,0.265625,0.359375,0.25617690000000004,0.3582851,0.3,0.3323499256259947
tdl,abrupt,128,16qam,1182900,tdl:abrupt:128:16qam:1182900,afdm,residual,350447363.2621499,4528576.0,0.0,0.0,0.0,0.0,,0.0,5.95,1.0,0.01642680013901554,0.0,0,0,0,0,0.2265625,0.23029845000000002,0.21875,0.23437500000000003,0.21427890000000002,0.246318,0.06896551724137943,0.13911991157560977
tdl,abrupt,128,16qam,1182900,tdl:abrupt:128:16qam:1182900,afdm,stable,388299083.2621499,4422464.0,0.0,0.0,0.0,0.0,,0.0,8.92,4.46,0.05388859965023585,0.0,0,0,0,0,0.2890625,0.2851773,0.28125,0.296875,0.2723474,0.2980072,0.05405405405405406,0.08997840992252892
tdl,abrupt,128,16qam,1182900,tdl:abrupt:128:16qam:1182900,ofdm,gray,461719851.2621499,6289888.399999999,0.0,0.0,0.0001171875,0.0001171875,0.0,0.9983203125,11.03,2.29,0.04554549985914491,0.0,0,0,0,0,0.296875,0.28482735000000003,0.265625,0.328125,0.25353960000000003,0.31611510000000004,0.21052631578947367,0.219696247568922
tdl,abrupt,128,16qam,1182900,tdl:abrupt:128:16qam:1182900,ofdm,merged_absolute,469498011.2621499,6969106.8,0.0,0.0,0.0001171875,0.0001171875,0.0,0.9999609375,7.95,1.5,0.036428499850444496,0.95,5,0,0,0,0.296875,0.30222475000000004,0.23437500000000003,0.359375,0.24613910000000003,0.35831040000000003,0.4210526315789473,0.371151932460859
tdl,abrupt,128,16qam,1182900,tdl:abrupt:128:16qam:1182900,ofdm,phase_absolute,500368843.2621499,7295057.6,0.0,0.0,0.0001171875,0.0001171875,0.0,0.9999609375,7.95,1.5,0.04253410003730096,0.96,4,0,0,0,0.3125,0.32846115000000004,0.28125,0.34375,0.29727420000000004,0.3596481,0.2,0.18989734402379085
tdl,abrupt,128,16qam,1182900,tdl:abrupt:128:16qam:1182900,ofdm,phase_relative,500355203.2621499,7294164.4,0.0,0.0,0.0001171875,0.0001171875,0.0,0.9999609375,7.95,1.5,0.04210549991694279,0.96,4,0,0,0,0.28125,0.31272095,0.28125,0.28125,0.309356,0.31608590000000003,0.0,0.02152046417101256
tdl,abrupt,128,16qam,1182900,tdl:abrupt:128:16qam:1182900,ofdm,r6_deep,464758467.2621499,7469016.0,0.0,0.0,0.0001171875,0.0001171875,0.0,0.9996875,7.84,1.49,0.06112019985448569,0.43,57,0,0,0,0.515625,0.5474978,0.45312500000000006,0.578125,0.5017868,0.5932088000000001,0.24242424242424232,0.16698149289367029
tdl,abrupt,128,16qam,1182900,tdl:abrupt:128:16qam:1182900,ofdm,radau,463960131.2621499,6789936.0,0.0,0.0,0.0001171875,0.0001171875,0.0,0.9988671875,11.13,2.34,0.05734670007950626,0.0,0,0,0,0,0.3359375,0.3340245,0.328125,0.34375,0.3182163,0.3498327,0.046511627906976744,0.09465293713485086
tdl,abrupt,128,16qam,1182900,tdl:abrupt:128:16qam:1182900,ofdm,relative_radau,469461571.2621499,6431472.0,3.90625e-05,3.90625e-05,7.8125e-05,0.0001171875,0.0,0.9992578125,6.17,1.54,0.038697200012393296,0.96,4,0,0,0,0.265625,0.28846165,0.265625,0.265625,0.27034210000000003,0.3065812,0.0,0.1256288314235184
tdl,abrupt,128,16qam,1182900,tdl:abrupt:128:16qam:1182900,ofdm,residual,350540435.2621499,4526272.0,3.90625e-05,3.90625e-05,7.8125e-05,0.0001171875,,0.0,5.97,1.0,0.01536539988592267,0.0,0,0,0,0,0.2109375,0.2099831,0.203125,0.21875,0.1978822,0.222084,0.07407407407407407,0.11525594202581062
tdl,abrupt,128,16qam,1182900,tdl:abrupt:128:16qam:1182900,ofdm,stable,399699435.2621499,5134541.599999999,3.90625e-05,3.90625e-05,7.8125e-05,0.0001171875,,0.0,9.6,4.8,0.0499845999001991,0.0,0,0,0,0,0.265625,0.26780765,0.25,0.28125,0.24833980000000003,0.2872755,0.11764705882352941,0.14538681027222333
tdl,abrupt,128,16qam,1182900,tdl:abrupt:128:16qam:1182900,otfs,gray,458829611.2621499,6273912.0,0.0,0.0,0.0,0.0,0.0,0.99390625,10.86,2.26,0.055328099930193275,0.0,0,0,0,0,0.3203125,0.31845975000000004,0.28125,0.359375,0.27697720000000003,0.35994230000000005,0.24390243902439024,0.2605198930163074
tdl,abrupt,128,16qam,1182900,tdl:abrupt:128:16qam:1182900,otfs,merged_absolute,462258251.2621499,6976932.4,0.0,0.0,0.0,0.0,0.0,0.9999609375,7.53,1.47,0.055642499966779724,0.95,5,0,0,0,0.328125,0.32816120000000004,0.296875,0.359375,0.2919405,0.36438190000000004,0.19047619047619047,0.22074943655739934
tdl,abrupt,128,16qam,1182900,tdl:abrupt:128:16qam:1182900,otfs,phase_absolute,495023747.2621499,7304696.0,0.0,0.0,0.0,0.0,0.0,0.999921875,7.63,1.48,0.0752250000659842,0.96,4,0,0,0,0.453125,0.44628890000000004,0.4375,0.46875000000000006,0.42854410000000004,0.46403370000000005,0.06896551724137943,0.0795215834406816
tdl,abrupt,128,16qam,1182900,tdl:abrupt:128:16qam:1182900,otfs,phase_relative,489306755.2621499,7301536.8,0.0,0.0,0.0,0.0,0.0,0.999921875,7.33,1.45,0.040561099944170564,0.96,4,0,0,0,0.2890625,0.3009362,0.265625,0.3125,0.2830829,0.3187895,0.16216216216216217,0.11865172750902012
tdl,abrupt,128,16qam,1182900,tdl:abrupt:128:16qam:1182900,otfs,r6_deep,449737003.2621499,7474892.4,0.0,0.0,0.0,0.0,0.0,0.9998046875,7.01,1.42,0.051272999873617664,0.43,57,0,0,0,0.4453125,0.4555503000000001,0.40625,0.48437500000000006,0.42436700000000005,0.48673360000000004,0.1754385964912282,0.13690387208613403
tdl,abrupt,128,16qam,1182900,tdl:abrupt:128:16qam:1182900,otfs,radau,461599355.2621499,6459680.0,0.0,0.0,0.0,0.0,0.0,0.9996875,10.98,2.32,0.07970490015577525,0.0,0,0,0,0,0.3359375,0.33045975000000005,0.25,0.421875,0.2506275,0.41029200000000005,0.5116279069767442,0.4831586902792247
tdl,abrupt,128,16qam,1182900,tdl:abrupt:128:16qam:1182900,otfs,relative_radau,467086075.2621499,6270184.0,0.0,0.0,0.0,0.0,0.0,0.9996875,5.98,1.56,0.04144789988640696,0.96,4,0,0,0,0.2734375,0.2881652,0.265625,0.28125,0.279399,0.2969314,0.05714285714285714,0.06084148953447537
tdl,abrupt,128,16qam,1182900,tdl:abrupt:128:16qam:1182900,otfs,residual,350246515.2621499,4530112.0,0.0,0.0,0.0,0.0,,0.0,5.93,1.0,0.02023740016738884,0.0,0,0,0,0,0.265625,0.26036915000000005,0.25,0.28125,0.2427013,0.27803700000000003,0.11764705882352941,0.13571385089208923
tdl,abrupt,128,16qam,1182900,tdl:abrupt:128:16qam:1182900,otfs,stable,388262715.2621499,4426560.0,0.0,0.0,0.0,0.0,,0.0,8.9,4.45,0.0858461000607349,0.0,0,0,0,0,0.3203125,0.3284965,0.265625,0.375,0.27472640000000004,0.3822666,0.34146341463414637,0.3273709156718564
tdl,abrupt,128,16qam,1182901,tdl:abrupt:128:16qam:1182901,afdm,gray,431487499.2621499,5097024.399999999,0.0,0.0,0.0,0.0,0.0,0.9999609375,9.27,2.25,0.045393100212095305,0.0,0,0,0,0,0.265625,0.2762297,0.23437500000000003,0.296875,0.2433053,0.30915410000000004,0.2352941176470587,0.23838421429701454
tdl,abrupt,128,16qam,1182901,tdl:abrupt:128:16qam:1182901,afdm,merged_absolute,413259411.2621499,4738672.0,0.0,0.0,0.0,0.0,0.0,1.0,5.0,1.25,0.03278360006515868,0.96,4,0,0,0,0.265625,0.26163645,0.265625,0.265625,0.25510130000000003,0.2681716,0.0,0.049955959882501
tdl,abrupt,128,16qam,1182901,tdl:abrupt:128:16qam:1182901,afdm,phase_absolute,445699643.2621499,5066352.0,0.0,0.0,0.0,0.0,0.0,1.0,5.0,1.25,0.033651699777692556,0.96,4,0,0,0,0.2734375,0.27330275000000004,0.265625,0.28125,0.2672025,0.279403,0.05714285714285714,0.04464097049883326
tdl,abrupt,128,16qam,1182901,tdl:abrupt:128:16qam:1182901,afdm,phase_relative,445699643.2621499,5066352.0,0.0,0.0,0.0,0.0,0.0,1.0,5.0,1.25,0.0414721000706777,0.96,4,0,0,0,0.2890625,0.31057310000000005,0.28125,0.296875,0.2926609,0.32848530000000004,0.05405405405405406,0.11534933321656006
tdl,abrupt,128,16qam,1182901,tdl:abrupt:128:16qam:1182901,afdm,r6_deep,393066315.2621499,5241472.0,0.0,0.0,0.0,0.0,0.0,1.0,5.0,1.25,0.03404729999601841,0.61,39,0,0,0,0.3203125,0.36196360000000005,0.296875,0.34375,0.34673940000000003,0.3771878,0.14634146341463414,0.08412006069118547
tdl,abrupt,128,16qam,1182901,tdl:abrupt:128:16qam:1182901,afdm,radau,431167499.2621499,5091904.399999999,0.0,0.0,0.0,0.0,0.0,0.9999609375,9.27,2.25,0.04926680013886653,0.0,0,0,0,0,0.2578125,0.25591145000000004,0.23437500000000003,0.28125,0.2328,0.2790229,0.1818181818181817,0.18062067953583164
tdl,abrupt,128,16qam,1182901,tdl:abrupt:128:16qam:1182901,afdm,relative_radau,444458771.2621499,5041520.0,0.0,0.0,0.0,0.0,0.0,1.0,5.0,1.25,0.02584909985307604,0.96,4,0,0,0,0.2578125,0.25185695,0.25,0.265625,0.24841610000000003,0.2552978,0.06060606060606061,0.02732384395189408
tdl,abrupt,128,16qam,1182901,tdl:abrupt:128:16qam:1182901,afdm,residual,334346763.2621499,3850656.0,0.0,0.0,0.0,0.0,,0.0,5.0,1.0,0.023560499888844788,0.0,0,0,0,0,0.2421875,0.25991165,0.203125,0.28125,0.22127650000000001,0.2985468,0.3225806451612903,0.29729448449117224
tdl,abrupt,128,16qam,1182901,tdl:abrupt:128:16qam:1182901,afdm,stable,380925563.2621499,4071344.0,0.0,0.0,0.0,0.0,,0.0,8.5,4.25,0.0576365000451915,0.0,0,0,0,0,0.3203125,0.32687665,0.28125,0.359375,0.29413110000000003,0.3596222,0.24390243902439024,0.2003541702963487
tdl,abrupt,128,16qam,1182901,tdl:abrupt:128:16qam:1182901,ofdm,gray,431652515.2621499,5253704.0,0.0,0.0,0.0,0.0,0.0,0.9996875,9.3,2.25,0.049532300094142556,0.0,0,0,0,0,0.2421875,0.25132555,0.23437500000000003,0.25,0.23988790000000002,0.26276320000000003,0.06451612903225795,0.09101860117286131
tdl,abrupt,128,16qam,1182901,tdl:abrupt:128:16qam:1182901,ofdm,merged_absolute,412980683.2621499,4735600.0,0.0,0.0,0.0,0.0,0.0,1.0,5.0,1.25,0.03225309986737557,0.96,4,0,0,0,0.25,0.2542207,0.23437500000000003,0.265625,0.2413372,0.2671042,0.12499999999999989,0.10135681319420492
tdl,abrupt,128,16qam,1182901,tdl:abrupt:128:16qam:1182901,ofdm,phase_absolute,445417219.2621499,5063280.0,0.0,0.0,0.0,0.0,0.0,1.0,5.0,1.25,0.03290030010975897,0.96,4,0,0,0,0.265625,0.27385975,0.23437500000000003,0.296875,0.251606,0.29611350000000003,0.2352941176470587,0.16251931873888015
tdl,abrupt,128,16qam,1182901,tdl:abrupt:128:16qam:1182901,ofdm,phase_relative,445415019.2621499,5063280.0,0.0,0.0,0.0,0.0,0.0,1.0,5.0,1.25,0.036031700001331046,0.96,4,0,0,0,0.28125,0.28837665,0.28125,0.28125,0.2877538,0.2889995,0.0,0.004319697867355128
tdl,abrupt,128,16qam,1182901,tdl:abrupt:128:16qam:1182901,ofdm,r6_deep,392777027.2621499,5237256.0,0.0,0.0,0.0,0.0,0.0,1.0,5.0,1.25,0.038108899869257584,0.61,39,0,0,0,0.359375,0.37337735000000005,0.34375,0.375,0.3591048,0.38764990000000005,0.08695652173913043,0.07645107556738523
tdl,abrupt,128,16qam,1182901,tdl:abrupt:128:16qam:1182901,ofdm,radau,431332515.2621499,5248584.0,0.0,0.0,0.0,0.0,0.0,0.9996875,9.3,2.25,0.054323100281180814,0.0,0,0,0,0,0.28125,0.27600515000000003,0.25,0.3125,0.2448854,0.30712490000000003,0.2222222222222222,0.22550122706043718
tdl,abrupt,128,16qam,1182901,tdl:abrupt:128:16qam:1182901,ofdm,relative_radau,444193683.2621499,5038448.0,0.0,0.0,0.0,0.0,0.0,1.0,5.0,1.25,0.029723099491093308,0.96,4,0,0,0,0.234375,0.25482905,0.21875,0.25,0.22717880000000001,0.28247930000000004,0.13333333333333333,0.21701018781022033
tdl,abrupt,128,16qam,1182901,tdl:abrupt:128:16qam:1182901,ofdm,residual,334100875.2621499,3848352.0,0.0,0.0,0.0,0.0,,0.0,5.0,1.0,0.02023249998455867,0.0,0,0,0,0,0.234375,0.23550815,0.203125,0.265625,0.2022681,0.2687482,0.26666666666666666,0.28228364920704435
tdl,abrupt,128,16qam,1182901,tdl:abrupt:128:16qam:1182901,ofdm,stable,381130779.2621499,4065968.0,0.0,0.0,0.0,0.0,,0.0,8.54,4.27,0.05110510002123192,0.0,0,0,0,0,0.2578125,0.2680017,0.25,0.265625,0.26778070000000004,0.26822270000000004,0.06060606060606061,0.0016492432697255202
tdl,abrupt,128,16qam,1182901,tdl:abrupt:128:16qam:1182901,otfs,gray,431196147.2621499,5091136.0,0.0,0.0,0.0,0.0,0.0,0.9995703125,9.24,2.25,0.06147769995732233,0.0,0,0,0,0,0.2578125,0.28304525,0.21875,0.296875,0.2590054,0.3070851,0.30303030303030304,0.16986577234558783
tdl,abrupt,128,16qam,1182901,tdl:abrupt:128:16qam:1182901,otfs,merged_absolute,413410235.2621499,4740720.0,0.0,0.0,0.0,0.0,0.0,1.0,5.0,1.25,0.0654704000626225,0.96,4,0,0,0,0.3359375,0.36335655,0.265625,0.40625,0.26520740000000004,0.4615057,0.4186046511627907,0.5402360298720361
tdl,abrupt,128,16qam,1182901,tdl:abrupt:128:16qam:1182901,otfs,phase_absolute,445850555.2621499,5068400.0,0.0,0.0,0.0,0.0,0.0,1.0,5.0,1.25,0.03594999999040738,0.96,4,0,0,0,0.296875,0.3098345,0.265625,0.328125,0.26994850000000004,0.34972050000000005,0.21052631578947367,0.2574664861401813
tdl,abrupt,128,16qam,1182901,tdl:abrupt:128:16qam:1182901,otfs,phase_relative,445850555.2621499,5068400.0,0.0,0.0,0.0,0.0,0.0,1.0,5.0,1.25,0.046525999874575064,0.96,4,0,0,0,0.3203125,0.344546,0.3125,0.328125,0.3402756,0.3488164,0.04878048780487805,0.02478856234000689
tdl,abrupt,128,16qam,1182901,tdl:abrupt:128:16qam:1182901,otfs,r6_deep,393215643.2621499,5243520.0,0.0,0.0,0.0,0.0,0.0,1.0,5.0,1.25,0.03638560013496317,0.61,39,0,0,0,0.375,0.39258715,0.34375,0.40625,0.3669023,0.41827200000000003,0.16666666666666666,0.1308491630457085
tdl,abrupt,128,16qam,1182901,tdl:abrupt:128:16qam:1182901,otfs,radau,431391531.2621499,5086016.0,0.0,0.0,0.0,0.0,0.0,0.9998828125,9.26,2.26,0.0617450000718236,0.0,0,0,0,0,0.2890625,0.29776220000000003,0.25,0.328125,0.2681932,0.32733120000000004,0.2702702702702703,0.19860815106820146
tdl,abrupt,128,16qam,1182901,tdl:abrupt:128:16qam:1182901,otfs,relative_radau,444609683.2621499,5043568.0,0.0,0.0,0.0,0.0,0.0,1.0,5.0,1.25,0.02983260012115352,0.96,4,0,0,0,0.28125,0.28233465,0.265625,0.296875,0.2633266,0.3013427,0.1111111111111111,0.13464907690217973
tdl,abrupt,128,16qam,1182901,tdl:abrupt:128:16qam:1182901,otfs,residual,334484875.2621499,3852192.0,0.0,0.0,0.0,0.0,,0.0,5.0,1.0,0.01728770008776337,0.0,0,0,0,0,0.1796875,0.19816915000000002,0.15625,0.203125,0.19780740000000002,0.1985309,0.2608695652173913,0.0036509214476622017
tdl,abrupt,128,16qam,1182901,tdl:abrupt:128:16qam:1182901,otfs,stable,381230075.2621499,4074928.0,0.0,0.0,0.0,0.0,,0.0,8.5,4.25,0.08016929973382503,0.0,0,0,0,0,0.3203125,0.33247945,0.3125,0.328125,0.30062720000000004,0.36433170000000004,0.04878048780487805,0.19160432321456258
tdl,abrupt,128,qpsk,1182800,tdl:abrupt:128:qpsk:1182800,afdm,gray,691312289.4109323,8525449.290182205,0.0,0.0,0.0,0.0,0.0,0.836171875,20.31,3.82,0.07233480014838278,0.0,0,0,0,0,0.3671875,0.37723975,0.34375,0.390625,0.3696084,0.3848711,0.1276595744680851,0.04045888589418273
tdl,abrupt,128,qpsk,1182800,tdl:abrupt:128:qpsk:1182800,afdm,merged_absolute,596496377.4109323,6712684.4,0.0,0.0,0.0,0.0,0.0,0.99984375,5.16,1.29,0.02969979989575222,0.17,83,0,0,0,0.390625,0.39362005,0.375,0.40625,0.381338,0.40590210000000004,0.08,0.06240561170600947
tdl,abrupt,128,qpsk,1182800,tdl:abrupt:128:qpsk:1182800,afdm,phase_absolute,623734537.4109323,7003500.4,0.0,0.0,0.0,0.0,0.0,0.999765625,5.08,1.27,0.03604719997383654,0.17,83,0,0,0,0.40625,0.40987745,0.359375,0.45312500000000006,0.3647766,0.4549783,0.2307692307692309,0.2200699257790347
tdl,abrupt,128,qpsk,1182800,tdl:abrupt:128:qpsk:1182800,afdm,phase_relative,527269449.41093236,6190622.599999998,0.0,0.0,0.0,0.0,0.0,1.0,5.71,1.4,0.03268150030635297,0.95,5,0,0,0,0.328125,0.33944215,0.296875,0.359375,0.3153056,0.36357870000000003,0.19047619047619047,0.14221303983609582
tdl,abrupt,128,qpsk,1182800,tdl:abrupt:128:qpsk:1182800,afdm,r6_deep,525855885.41093236,5860292.4,0.0,0.0,0.0,0.0,0.0,0.99984375,4.68,1.17,0.032284500048263,0.0,100,0,0,0,0.5625,0.5655625500000001,0.515625,0.609375,0.5262027,0.6049224000000001,0.16666666666666666,0.13918831789693295
tdl,abrupt,128,qpsk,1182800,tdl:abrupt:128:qpsk:1182800,afdm,radau,704041513.4109323,8520457.290182205,0.0,0.0,0.0,0.0,0.0,0.999921875,20.89,4.09,0.08803720041760243,0.0,0,0,0,0,0.421875,0.43007195000000004,0.375,0.46875000000000006,0.38464750000000003,0.47549640000000004,0.22222222222222235,0.21124116557706216
tdl,abrupt,128,qpsk,1182800,tdl:abrupt:128:qpsk:1182800,afdm,relative_radau,698432705.4109323,8208246.8,0.0,0.0,0.0,0.0,0.0,0.99984375,14.54,3.83,0.06871849976596422,0.95,5,0,0,0,0.40625,0.40693100000000004,0.40625,0.40625,0.4028741,0.4109879,0.0,0.019939006858656638
tdl,abrupt,128,qpsk,1182800,tdl:abrupt:128:qpsk:1182800,afdm,residual,471951097.41093236,5543160.399999999,0.0,0.0,0.0,0.0,,0.0,8.8,1.0,0.019488300138618797,0.0,0,0,0,0,0.3359375,0.32734995,0.3125,0.359375,0.3026035,0.35209640000000003,0.13953488372093023,0.15119263039447542
tdl,abrupt,128,qpsk,1182800,tdl:abrupt:128:qpsk:1182800,afdm,stable,448308857.41093236,4437696.0,0.0,0.0,0.0,0.0,,0.0,8.0,4.0,0.046249100007116795,0.0,0,0,0,0,0.2890625,0.31139375,0.265625,0.3125,0.3043115,0.31847600000000004,0.16216216216216217,0.0454874254862213
tdl,abrupt,128,qpsk,1182800,tdl:abrupt:128:qpsk:1182800,ofdm,gray,692202089.4109323,8634202.51346191,0.0,0.0,0.0,0.0,0.0,0.84375,20.4,3.82,0.08474620027118362,0.0,0,0,0,0,0.3984375,0.4092509,0.359375,0.4375,0.3706159,0.4478859,0.19607843137254902,0.18880838136214242
tdl,abrupt,128,qpsk,1182800,tdl:abrupt:128:qpsk:1182800,ofdm,merged_absolute,597933033.4109323,6708860.0,0.0,0.0,0.0,0.0,0.0,0.972421875,5.24,1.31,0.04129069982445799,0.17,83,0,0,0,0.4140625,0.41438260000000005,0.40625,0.421875,0.3938187,0.4349465,0.03773584905660377,0.09925078900513677
tdl,abrupt,128,qpsk,1182800,tdl:abrupt:128:qpsk:1182800,ofdm,phase_absolute,626693705.4109323,6999676.0,0.0,0.0,0.0,0.0,0.0,0.97703125,5.24,1.31,0.044104000146035105,0.17,83,0,0,0,0.453125,0.45699445000000005,0.4375,0.46875000000000006,0.4303095,0.48367940000000004,0.06896551724137943,0.11678456926555678
tdl,abrupt,128,qpsk,1182800,tdl:abrupt:128:qpsk:1182800,ofdm,phase_relative,522333193.41093236,5640645.999999998,0.0,0.0,0.0,0.0,0.0,0.981171875,5.44,1.36,0.041271100140875205,0.95,5,0,0,0,0.3359375,0.35355735,0.328125,0.34375,0.3518191,0.35529560000000004,0.046511627906976744,0.009832916781393596
tdl,abrupt,128,qpsk,1182800,tdl:abrupt:128:qpsk:1182800,ofdm,r6_deep,531794297.41093236,5856468.0,0.0,0.0,0.0,0.0,0.0,1.0,5.0,1.25,0.03193329996429384,0.0,100,0,0,0,0.59375,0.60275985,0.5625,0.625,0.5607141,0.6448056000000001,0.10526315789473684,0.1395107852654753
tdl,abrupt,128,qpsk,1182800,tdl:abrupt:128:qpsk:1182800,ofdm,radau,704890289.4109323,8631514.51346191,0.0,0.0,0.0,0.0,0.0,0.99984375,21.0,4.07,0.07553419962641783,0.0,0,0,0,0,0.421875,0.42939840000000007,0.40625,0.4375,0.40976470000000004,0.44903210000000005,0.07407407407407407,0.09144747628309748
tdl,abrupt,128,qpsk,1182800,tdl:abrupt:128:qpsk:1182800,ofdm,relative_radau,699486257.4109323,8188083.2,0.0,0.0,0.0,0.0,0.0,0.99921875,14.63,3.84,0.07161959982477129,0.95,5,0,0,0,0.3828125,0.39556050000000004,0.34375,0.421875,0.3718484,0.41927260000000005,0.20408163265306123,0.11989114181016564
tdl,abrupt,128,qpsk,1182800,tdl:abrupt:128:qpsk:1182800,ofdm,residual,472460449.41093236,5684352.0,0.0,0.0,0.0,0.0,,0.0,8.85,1.0,0.015818500047316775,0.0,0,0,0,0,0.296875,0.30143175,0.28125,0.3125,0.2773241,0.32553940000000003,0.10526315789473684,0.15995428484225704
tdl,abrupt,128,qpsk,1182800,tdl:abrupt:128:qpsk:1182800,ofdm,stable,447832569.41093236,4433088.0,0.0,0.0,0.0,0.0,,0.0,8.0,4.0,0.04332019979483448,0.0,0,0,0,0,0.3359375,0.33129615,0.3125,0.359375,0.3038018,0.3587905,0.13953488372093023,0.165980498113244
tdl,abrupt,128,qpsk,1182800,tdl:abrupt:128:qpsk:1182800,otfs,gray,691593505.4109323,8528982.090182206,0.0,0.0,0.0,0.0,0.0,0.84171875,20.31,3.82,0.11155840018182062,0.0,0,0,0,0,0.4453125,0.46366935000000004,0.390625,0.5,0.40289600000000003,0.5244427,0.24561403508771928,0.26214089846568467
tdl,abrupt,128,qpsk,1182800,tdl:abrupt:128:qpsk:1182800,otfs,merged_absolute,594325509.4109323,6714651.0,0.0,0.0,0.0,0.0,0.0,0.9996875,5.04,1.26,0.03333449986530468,0.17,83,0,0,0,0.390625,0.41482915,0.390625,0.390625,0.3991925,0.4304658,0.0,0.07538838579689977
tdl,abrupt,128,qpsk,1182800,tdl:abrupt:128:qpsk:1182800,otfs,phase_absolute,622337137.4109323,7005467.0,0.0,0.0,0.0,0.0,0.0,0.9996875,5.0,1.25,0.03122169987182133,0.17,83,0,0,0,0.390625,0.3996693,0.375,0.40625,0.3833204,0.4160182,0.08,0.08181213818524465
tdl,abrupt,128,qpsk,1182800,tdl:abrupt:128:qpsk:1182800,otfs,phase_relative,527727001.41093236,6207236.999999997,0.0,0.0,0.0,0.0,0.0,0.999921875,5.73,1.4,0.035923800081945956,0.95,5,0,0,0,0.3125,0.32564215,0.296875,0.328125,0.32154170000000004,0.3297426,0.1,0.025183779188289828
tdl,abrupt,128,qpsk,1182800,tdl:abrupt:128:qpsk:1182800,otfs,r6_deep,523675969.41093236,5862259.0,0.0,0.0,0.0,0.0,0.0,0.9996875,4.56,1.14,0.03363489994080737,0.0,100,0,0,0,0.5234375,0.5216343,0.48437500000000006,0.5625,0.4842095,0.5590591,0.14925373134328349,0.14349056417494022
tdl,abrupt,128,qpsk,1182800,tdl:abrupt:128:qpsk:1182800,otfs,radau,704789441.4109323,8523990.090182206,0.0,0.0,0.0,0.0,0.0,0.999765625,20.92,4.09,0.09537010005442426,0.0,0,0,0,0,0.4375,0.45789805000000006,0.40625,0.46875000000000006,0.45097770000000004,0.4648184,0.142857142857143,0.030226597383413146
tdl,abrupt,128,qpsk,1182800,tdl:abrupt:128:qpsk:1182800,otfs,relative_radau,701037273.4109323,8280028.8,0.0,0.0,0.0,0.0,0.0,0.999921875,14.64,3.88,0.07233579974854365,0.95,5,0,0,0,0.4453125,0.4565642,0.375,0.515625,0.3926023,0.5205261,0.3157894736842105,0.28018797794483224
tdl,abrupt,128,qpsk,1182800,tdl:abrupt:128:qpsk:1182800,otfs,residual,471938161.41093236,5544696.399999999,0.0,0.0,0.0,0.0,,0.0,8.79,1.0,0.0198457999213133,0.0,0,0,0,0,0.3828125,0.37950800000000007,0.3125,0.45312500000000006,0.3150375,0.44397850000000005,0.36734693877551033,0.3397583186652192
tdl,abrupt,128,qpsk,1182800,tdl:abrupt:128:qpsk:1182800,otfs,stable,448600569.41093236,4440768.0,0.0,0.0,0.0,0.0,,0.0,8.0,4.0,0.06763859980856068,0.0,0,0,0,0,0.4296875,0.43844995000000003,0.40625,0.45312500000000006,0.40272280000000005,0.4741771,0.10909090909090922,0.16297025464365994
tdl,abrupt,128,qpsk,1182801,tdl:abrupt:128:qpsk:1182801,afdm,gray,516869625.41093236,5947024.0,0.0,0.0,0.0,0.0,0.0,0.794765625,9.92,2.72,0.06311179959448054,0.0,0,0,0,0,0.3671875,0.3811626,0.34375,0.390625,0.354598,0.4077272,0.1276595744680851,0.1393872326403482
tdl,abrupt,128,qpsk,1182801,tdl:abrupt:128:qpsk:1182801,afdm,merged_absolute,471179569.41093236,5352863.599999999,0.0,0.0,0.0,0.0,0.0,0.999921875,4.28,1.07,0.030843400076264516,0.95,5,0,0,0,0.3359375,0.36137810000000004,0.328125,0.34375,0.33964300000000003,0.38311320000000004,0.046511627906976744,0.12029007845245744
tdl,abrupt,128,qpsk,1182801,tdl:abrupt:128:qpsk:1182801,afdm,phase_absolute,500746445.41093236,5643679.599999999,0.0,0.0,0.0,0.0,0.0,1.0,4.32,1.08,0.02824700003839098,0.95,5,0,0,0,0.3828125,0.38678465,0.328125,0.4375,0.3432042,0.4303651,0.2857142857142857,0.22534736060492572
tdl,abrupt,128,qpsk,1182801,tdl:abrupt:128:qpsk:1182801,afdm,phase_relative,500139737.41093236,5616912.0,0.0,0.0,0.0,0.0,0.0,1.0,4.36,1.09,0.02337619985337369,0.96,4,0,0,0,0.3046875,0.32455175,0.296875,0.3125,0.29352920000000005,0.3555743,0.05128205128205128,0.1911716698492612
tdl,abrupt,128,qpsk,1182801,tdl:abrupt:128:qpsk:1182801,afdm,r6_deep,512673585.41093236,5084064.0,0.0,0.0,0.0,0.0,0.0,1.0,4.0,1.0,0.029158500052290037,0.0,100,0,0,0,0.6484375,0.6431615500000001,0.609375,0.6875,0.6071063,0.6792168000000001,0.12048192771084337,0.11211879814643781
tdl,abrupt,128,qpsk,1182801,tdl:abrupt:128:qpsk:1182801,afdm,radau,530987585.41093236,5943184.0,0.0,0.0,0.0,0.0,0.0,0.9996875,10.54,3.03,0.09827710009994917,0.0,0,0,0,0,0.4453125,0.48328305000000005,0.375,0.515625,0.37671590000000005,0.5898502,0.3157894736842105,0.4410133978421133
tdl,abrupt,128,qpsk,1182801,tdl:abrupt:128:qpsk:1182801,afdm,relative_radau,512237545.41093236,5597200.0,0.0,0.0,0.0,0.0,0.0,1.0,5.04,1.26,0.03843610026524402,0.96,4,0,0,0,0.421875,0.43179520000000005,0.421875,0.421875,0.41729570000000005,0.44629470000000004,0.0,0.06715915322819706
tdl,abrupt,128,qpsk,1182801,tdl:abrupt:128:qpsk:1182801,afdm,residual,424370977.41093236,4402232.0,0.0,0.0,0.0,0.0,,0.0,5.65,1.0,0.020948500285157934,0.0,0,0,0,0,0.3515625,0.36053715000000003,0.34375,0.359375,0.35144260000000005,0.3696317,0.044444444444444446,0.05045000217037261
tdl,abrupt,128,qpsk,1182801,tdl:abrupt:128:qpsk:1182801,afdm,stable,448308857.41093236,4437696.0,0.0,0.0,0.0,0.0,,0.0,8.0,4.0,0.06506529968464747,0.0,0,0,0,0,0.3984375,0.4023799,0.375,0.421875,0.3727261,0.4320337,0.11764705882352941,0.14739205412596407
tdl,abrupt,128,qpsk,1182801,tdl:abrupt:128:qpsk:1182801,ofdm,gray,516802953.41093236,5942416.0,0.0,0.0,0.0,0.0,0.0,0.735859375,9.94,2.72,0.0660262999299448,0.0,0,0,0,0,0.3671875,0.37513915000000003,0.328125,0.40625,0.34590950000000004,0.40436880000000003,0.2127659574468085,0.15583364199657643
tdl,abrupt,128,qpsk,1182801,tdl:abrupt:128:qpsk:1182801,ofdm,merged_absolute,473307485.41093236,5349829.999999998,0.0,0.0,0.0,0.0,0.0,0.99203125,4.4,1.1,0.03113010010565631,0.95,5,0,0,0,0.3359375,0.34767200000000004,0.328125,0.34375,0.3394093,0.35593470000000005,0.046511627906976744,0.0475315814906004
tdl,abrupt,128,qpsk,1182801,tdl:abrupt:128:qpsk:1182801,ofdm,phase_absolute,503632933.41093236,5640645.999999998,0.0,0.0,0.0,0.0,0.0,0.993828125,4.48,1.12,0.032462199829751626,0.95,5,0,0,0,0.3515625,0.34891245000000004,0.34375,0.359375,0.33618600000000004,0.36163890000000004,0.044444444444444446,0.07294924557722145
tdl,abrupt,128,qpsk,1182801,tdl:abrupt:128:qpsk:1182801,ofdm,phase_relative,504564965.41093236,5612920.4,0.0,0.0,0.0,0.0,0.0,0.993984375,4.6,1.15,0.02889560000039637,0.96,4,0,0,0,0.3125,0.31704375000000007,0.3125,0.3125,0.31674650000000004,0.31734100000000004,0.0,0.0018751355294024804
tdl,abrupt,128,qpsk,1182801,tdl:abrupt:128:qpsk:1182801,ofdm,r6_deep,512440849.41093236,5085048.0,0.0,0.0,0.0,0.0,0.0,0.998828125,4.0,1.0,0.027164199971593916,0.0,100,0,0,0,0.5625,0.5682762,0.546875,0.578125,0.5648934,0.571659,0.05555555555555555,0.0119054783571792
tdl,abrupt,128,qpsk,1182801,tdl:abrupt:128:qpsk:1182801,ofdm,radau,534591121.41093236,5938576.0,0.0,0.0,0.0,0.0,0.0,0.9996875,10.72,3.11,0.051472700346494094,0.0,0,0,0,0,0.3671875,0.37300615000000004,0.328125,0.40625,0.3172747,0.42873760000000005,0.2127659574468085,0.29882322315597215
tdl,abrupt,128,qpsk,1182801,tdl:abrupt:128:qpsk:1182801,ofdm,relative_radau,511971689.41093236,5594128.0,0.0,0.0,0.0,0.0,0.0,1.0,5.04,1.26,0.028749899967806414,0.96,4,0,0,0,0.328125,0.34681485,0.28125,0.375,0.3056493,0.3879804,0.2857142857142857,0.2373920839894831
tdl,abrupt,128,qpsk,1182801,tdl:abrupt:128:qpsk:1182801,ofdm,residual,424880329.41093236,4399928.0,0.0,0.0,0.0,0.0,,0.0,5.7,1.0,0.025076699937926605,0.0,0,0,0,0,0.3515625,0.361645,0.28125,0.421875,0.28811030000000004,0.4351797,0.4,0.40666786489513185
tdl,abrupt,128,qpsk,1182801,tdl:abrupt:128:qpsk:1182801,ofdm,stable,447832569.41093236,4433088.0,0.0,0.0,0.0,0.0,,0.0,8.0,4.0,0.05623889996786602,0.0,0,0,0,0,0.359375,0.3936176,0.34375,0.375,0.38388550000000005,0.40334970000000003,0.08695652173913043,0.049449516485035185
tdl,abrupt,128,qpsk,1182801,tdl:abrupt:128:qpsk:1182801,otfs,gray,516317713.41093236,5950096.0,0.0,0.0,0.0,0.0,0.0,0.774609375,9.89,2.7,0.07124690021737479,0.0,0,0,0,0,0.4296875,0.45512245,0.390625,0.46875000000000006,0.4111111,0.4991338,0.18181818181818193,0.1934044343450867
tdl,abrupt,128,qpsk,1182801,tdl:abrupt:128:qpsk:1182801,otfs,merged_absolute,471323377.41093236,5354885.999999998,0.0,0.0,0.0,0.0,0.0,1.0,4.28,1.07,0.03300559989293106,0.95,5,0,0,0,0.3515625,0.35770985,0.328125,0.375,0.34271880000000005,0.3727009,0.13333333333333333,0.0838168141022674
tdl,abrupt,128,qpsk,1182801,tdl:abrupt:128:qpsk:1182801,otfs,phase_absolute,499339009.41093236,5645701.999999998,0.0,0.0,0.0,0.0,0.0,1.0,4.24,1.06,0.028552499919896945,0.95,5,0,0,0,0.3046875,0.30967940000000005,0.296875,0.3125,0.30140530000000004,0.3179535,0.05128205128205128,0.053436554062039496
tdl,abrupt,128,qpsk,1182801,tdl:abrupt:128:qpsk:1182801,otfs,phase_relative,499507745.41093236,5618960.0,0.0,0.0,0.0,0.0,0.0,0.999921875,4.32,1.08,0.0279054997372441,0.96,4,0,0,0,0.3046875,0.3180889,0.296875,0.3125,0.31137610000000004,0.3248017,0.05128205128205128,0.042207068527068944
tdl,abrupt,128,qpsk,1182801,tdl:abrupt:128:qpsk:1182801,otfs,r6_deep,512811697.41093236,5085600.0,0.0,0.0,0.0,0.0,0.0,1.0,4.0,1.0,0.029978000093251467,0.0,100,0,0,0,0.5859375,0.6081411999999999,0.578125,0.59375,0.6050563,0.6112261,0.02666666666666667,0.010145341246407912
tdl,abrupt,128,qpsk,1182801,tdl:abrupt:128:qpsk:1182801,otfs,radau,531380169.41093236,5946256.0,0.0,0.0,0.0,0.0,0.0,1.0,10.55,3.03,0.05576189968269318,0.0,0,0,0,0,0.3359375,0.35396205000000003,0.328125,0.34375,0.3188204,0.3891037,0.046511627906976744,0.19856168196562313
tdl,abrupt,128,qpsk,1182801,tdl:abrupt:128:qpsk:1182801,otfs,relative_radau,513154353.41093236,5599248.0,0.0,0.0,0.0,0.0,0.0,1.0,5.08,1.27,0.027228100108914077,0.96,4,0,0,0,0.3203125,0.33391515000000005,0.3125,0.328125,0.3194174,0.3484129,0.04878048780487805,0.08683493396451165
tdl,abrupt,128,qpsk,1182801,tdl:abrupt:128:qpsk:1182801,otfs,residual,424660137.41093236,4403768.0,0.0,0.0,0.0,0.0,,0.0,5.66,1.0,0.028230099997017533,0.0,0,0,0,0,0.390625,0.39992165,0.34375,0.4375,0.3561686,0.44367470000000003,0.24,0.21880810903835796
tdl,abrupt,128,qpsk,1182801,tdl:abrupt:128:qpsk:1182801,otfs,stable,448600569.41093236,4440768.0,0.0,0.0,0.0,0.0,,0.0,8.0,4.0,0.053279500134522095,0.0,0,0,0,0,0.3203125,0.3275081,0.3125,0.328125,0.31736630000000005,0.3376499,0.04878048780487805,0.06193312470744985
tdl,abrupt,256,16qam,1183100,tdl:abrupt:256:16qam:1183100,afdm,gray,1641329494.8218646,20518826.0,0.0,0.0,0.00130859375,0.00130859375,0.0,0.9772265625,28.43,4.44,0.11854579957434908,0.0,0,0,0,0,0.5078125,0.51035035,0.5,0.515625,0.5060559,0.5146448,0.03076923076923077,0.016829419241115463
tdl,abrupt,256,16qam,1183100,tdl:abrupt:256:16qam:1183100,afdm,merged_absolute,1719482854.8218646,21134189.2,3.90625e-05,3.90625e-05,0.00126953125,0.00130859375,0.0,0.9986328125,22.73,3.37,0.10416750001604669,0.41,59,0,0,0,0.59375,0.61774515,0.5625,0.625,0.5814222,0.6540681,0.10526315789473684,0.11759849510756992
tdl,abrupt,256,16qam,1183100,tdl:abrupt:256:16qam:1183100,afdm,phase_absolute,1770606374.8218646,21715808.0,3.90625e-05,3.90625e-05,0.00126953125,0.00130859375,0.0,0.9986328125,22.86,3.39,0.13318759988760576,0.45,55,0,0,0,0.6953125,0.7013227500000001,0.65625,0.734375,0.6556973,0.7469482000000001,0.11235955056179775,0.13011256229745863
tdl,abrupt,256,16qam,1183100,tdl:abrupt:256:16qam:1183100,afdm,phase_relative,1635232118.8218646,19055038.180364404,3.90625e-05,3.90625e-05,0.00126953125,0.00130859375,0.0,0.99841796875,23.05,3.41,0.11058570013847202,0.96,4,0,0,0,0.609375,0.6099156000000001,0.546875,0.671875,0.5559878,0.6638434000000001,0.20512820512820512,0.17683692628947353
tdl,abrupt,256,16qam,1183100,tdl:abrupt:256:16qam:1183100,afdm,r6_deep,1643484486.8218646,19249389.2,3.90625e-05,3.90625e-05,0.00126953125,0.00130859375,0.0,0.99859375,22.66,3.36,0.11748979988624342,0.0,100,0,0,0,0.8359375,0.8517191000000001,0.8125,0.859375,0.8171792000000001,0.886259,0.056074766355140186,0.081106317798908
tdl,abrupt,256,16qam,1183100,tdl:abrupt:256:16qam:1183100,afdm,radau,1706519230.8218646,21959136.0,0.0,0.0,0.00130859375,0.00130859375,0.0,0.994609375,30.62,4.54,0.14049350010463968,0.0,0,0,0,0,0.625,0.6396080000000001,0.53125,0.71875,0.5655054,0.7137106000000001,0.3,0.23171254893622348
tdl,abrupt,256,16qam,1183100,tdl:abrupt:256:16qam:1183100,afdm,relative_radau,1770903446.8218646,23724512.0,1.953125e-05,1.953125e-05,0.0012890625,0.00130859375,0.0,0.9946484375,26.74,4.41,0.09670950000872836,0.96,4,0,0,0,0.53125,0.5418809,0.53125,0.53125,0.5253271,0.5584347000000001,0.0,0.06109755852254622
tdl,abrupt,256,16qam,1183100,tdl:abrupt:256:16qam:1183100,afdm,residual,1080886702.8218646,12095256.0,0.00021484375,0.00021484375,0.001171875,0.00130859375,,0.0,13.94,1.0,0.020201199979055673,0.0,0,0,0,0,0.359375,0.36026015,0.34375,0.375,0.3518945,0.3686258,0.08695652173913043,0.04644227234125119
tdl,abrupt,256,16qam,1183100,tdl:abrupt:256:16qam:1183100,afdm,stable,1139178446.8218646,14873964.799999999,0.0,0.0,0.00130859375,0.00130859375,,0.0,16.22,8.11,0.10332509994623251,0.0,0,0,0,0,0.46875000000000006,0.48602680000000004,0.46875000000000006,0.46875000000000006,0.48327390000000003,0.48877970000000004,0.0,0.011328181902726362
tdl,abrupt,256,16qam,1183100,tdl:abrupt:256:16qam:1183100,ofdm,gray,1673019350.8218646,21047208.0,1.953125e-05,1.953125e-05,0.00646484375,0.0064453125,0.0,0.983203125,29.46,4.49,0.1356489000027068,0.0,0,0,0,0,0.5546875,0.5637397000000001,0.53125,0.578125,0.5322033,0.5952761000000001,0.08450704225352113,0.11188284238275224
tdl,abrupt,256,16qam,1183100,tdl:abrupt:256:16qam:1183100,ofdm,merged_absolute,1734663934.8218646,21137044.0,3.90625e-05,3.90625e-05,0.00640625,0.0064453125,0.0,0.99408203125,23.21,3.41,0.11214789998484775,0.41,59,0,0,0,0.6484375,0.6443477500000001,0.59375,0.703125,0.5948355000000001,0.69386,0.1686746987951807,0.15368176578563353
tdl,abrupt,256,16qam,1183100,tdl:abrupt:256:16qam:1183100,ofdm,phase_absolute,1779246038.8218646,21718571.2,3.90625e-05,3.90625e-05,0.00640625,0.0064453125,0.0,0.99357421875,23.16,3.4,0.10974849984631874,0.45,55,0,0,0,0.6328125,0.6521605,0.609375,0.65625,0.6060864,0.6982346,0.07407407407407407,0.14129681267111394
tdl,abrupt,256,16qam,1183100,tdl:abrupt:256:16qam:1183100,ofdm,phase_relative,1652504686.8218646,22306622.4,5.859375e-05,5.859375e-05,0.00642578125,0.0064453125,0.0,0.9944140625,23.6,3.45,0.12864209979306906,0.96,4,0,0,0,0.625,0.64169575,0.609375,0.640625,0.6186550000000001,0.6647365000000001,0.05,0.07181206981657584
tdl,abrupt,256,16qam,1183100,tdl:abrupt:256:16qam:1183100,ofdm,r6_deep,1642351158.8218646,19252244.0,3.90625e-05,3.90625e-05,0.00640625,0.0064453125,0.0,0.993359375,22.67,3.34,0.1296816996182315,0.0,100,0,0,0,0.9375,0.9360909000000001,0.859375,1.015625,0.8582037,1.0139781,0.16666666666666666,0.16640948010497708
tdl,abrupt,256,16qam,1183100,tdl:abrupt:256:16qam:1183100,ofdm,radau,1730689694.8218646,22262965.2,1.953125e-05,1.953125e-05,0.00646484375,0.0064453125,0.0,0.9927734375,31.48,4.52,0.11349430013797246,0.0,0,0,0,0,0.578125,0.58295545,0.5625,0.59375,0.5702296,0.5956813000000001,0.05405405405405406,0.043659768512328126
tdl,abrupt,256,16qam,1183100,tdl:abrupt:256:16qam:1183100,ofdm,relative_radau,1800091726.8218646,23712224.0,1.953125e-05,1.953125e-05,0.00646484375,0.0064453125,0.0,0.992578125,27.64,4.5,0.11156359998858534,0.96,4,0,0,0,0.6484375,0.65540775,0.625,0.671875,0.6347131,0.6761024,0.07228915662650602,0.0631504586267098
tdl,abrupt,256,16qam,1183100,tdl:abrupt:256:16qam:1183100,ofdm,residual,1080701238.8218646,12090648.0,0.0004296875,0.0004296875,0.0062890625,0.0064453125,,0.0,13.95,1.0,0.024361500050872564,0.0,0,0,0,0,0.4140625,0.42193630000000004,0.40625,0.421875,0.3961272,0.4477454,0.03773584905660377,0.12233647590880424
tdl,abrupt,256,16qam,1183100,tdl:abrupt:256:16qam:1183100,ofdm,stable,1210623118.8218646,14873427.999999998,5.859375e-05,5.859375e-05,0.00642578125,0.0064453125,,0.0,18.54,9.27,0.10909920057747513,0.0,0,0,0,0,0.515625,0.51196155,0.5,0.53125,0.49603800000000003,0.5278851,0.06060606060606061,0.062206038715212034
tdl,abrupt,256,16qam,1183100,tdl:abrupt:256:16qam:1183100,otfs,gray,1636239710.8218646,20463000.0,0.0,0.0,0.0012890625,0.0012890625,0.0,0.97548828125,28.23,4.45,0.14358919992810115,0.0,0,0,0,0,0.5546875,0.58517545,0.546875,0.5625,0.584972,0.5853789,0.028169014084507043,0.0006953470108836381
tdl,abrupt,256,16qam,1183100,tdl:abrupt:256:16qam:1183100,otfs,merged_absolute,1717897134.8218646,21140412.4,1.953125e-05,1.953125e-05,0.00130859375,0.0012890625,0.0,0.9986328125,22.66,3.37,0.12663369998335838,0.41,59,0,0,0,0.6171875,0.6451069500000001,0.59375,0.640625,0.6133384000000001,0.6768755000000001,0.0759493670886076,0.0984908006339104
tdl,abrupt,256,16qam,1183100,tdl:abrupt:256:16qam:1183100,otfs,phase_absolute,1764665190.8218646,21721872.8,1.953125e-05,1.953125e-05,0.00130859375,0.0012890625,0.0,0.9985546875,22.67,3.37,0.16276709997327998,0.45,55,0,0,0,0.71875,0.7274105,0.578125,0.859375,0.6021765,0.8526445,0.391304347826087,0.3443282713131032
tdl,abrupt,256,16qam,1183100,tdl:abrupt:256:16qam:1183100,otfs,phase_relative,1630572286.8218646,18942692.0,1.953125e-05,1.953125e-05,0.00130859375,0.0012890625,0.0,0.998515625,22.89,3.4,0.12793980035348795,0.96,4,0,0,0,0.578125,0.59076595,0.578125,0.578125,0.584052,0.5974799000000001,0.0,0.022729644455642795
tdl,abrupt,256,16qam,1183100,tdl:abrupt:256:16qam:1183100,otfs,r6_deep,1635057550.8218646,19255612.4,1.953125e-05,1.953125e-05,0.00130859375,0.0012890625,0.0,0.99857421875,22.4,3.33,0.12476669950410724,0.0,100,0,0,0,0.8359375,0.8345133,0.828125,0.84375,0.830083,0.8389436,0.018691588785046728,0.010617685781640624
tdl,abrupt,256,16qam,1183100,tdl:abrupt:256:16qam:1183100,otfs,radau,1697690086.8218646,21020086.4,0.0,0.0,0.0012890625,0.0012890625,0.0,0.99453125,30.34,4.51,0.14297639997676015,0.0,0,0,0,0,0.625,0.66608405,0.5625,0.6875,0.6391866,0.6929815,0.2,0.08076293074425063
tdl,abrupt,256,16qam,1183100,tdl:abrupt:256:16qam:1183100,otfs,relative_radau,1762663118.8218646,22783144.0,0.0,0.0,0.0012890625,0.0012890625,0.0,0.99453125,26.48,4.38,0.12666470001568086,0.96,4,0,0,0,0.625,0.6462598500000001,0.59375,0.65625,0.6256251,0.6668946,0.1,0.06385898799066653
tdl,abrupt,256,16qam,1183100,tdl:abrupt:256:16qam:1183100,otfs,residual,1077844182.8218646,12098328.0,9.765625e-05,9.765625e-05,0.00126953125,0.0012890625,,0.0,13.83,1.0,0.023084500076947734,0.0,0,0,0,0,0.375,0.37215145000000005,0.375,0.375,0.36602870000000004,0.3782742,0.0,0.03290461450573406
tdl,abrupt,256,16qam,1183100,tdl:abrupt:256:16qam:1183100,otfs,stable,1123120798.8218646,15514992.0,0.0,0.0,0.0012890625,0.0012890625,,0.0,15.68,7.84,0.12335080018965527,0.0,0,0,0,0,0.5078125,0.50560685,0.48437500000000006,0.53125,0.48028800000000005,0.5309257000000001,0.0923076923076922,0.10015232190782226
tdl,abrupt,256,16qam,1183101,tdl:abrupt:256:16qam:1183101,afdm,gray,1378845126.8218646,17593928.0,0.0,0.0,0.0,0.0,0.0,0.66900390625,20.13,4.08,0.18718219985021278,0.0,0,0,0,0,0.671875,0.7008260500000001,0.625,0.71875,0.625971,0.7756811,0.13953488372093023,0.2136194851775272
tdl,abrupt,256,16qam,1183101,tdl:abrupt:256:16qam:1183101,afdm,merged_absolute,1176170462.8218646,13299984.0,0.0,0.0,0.0,0.0,0.0,0.99890625,7.45,1.84,0.0648766997619532,0.5,50,0,0,0,0.484375,0.5043228,0.46875000000000006,0.5,0.4836228,0.5250228,0.06451612903225795,0.08209028027287284
tdl,abrupt,256,16qam,1183101,tdl:abrupt:256:16qam:1183101,afdm,phase_absolute,1224181342.8218646,17876518.0,0.0,0.0,0.0,0.0,0.0,0.9994140625,8.63,1.97,0.08382000005804002,0.68,32,0,0,0,0.53125,0.5489935,0.46875000000000006,0.59375,0.4822732,0.6157138000000001,0.2352941176470587,0.24306407999366125
tdl,abrupt,256,16qam,1183101,tdl:abrupt:256:16qam:1183101,afdm,phase_relative,1153028446.8218646,14192000.8,0.0,0.0,0.0,0.0,0.0,0.999375,8.83,1.99,0.07279729988658801,0.96,4,0,0,0,0.46093750000000006,0.47673180000000004,0.45312500000000006,0.46875000000000006,0.4742661,0.47919750000000005,0.033898305084745756,0.010344180941988829
tdl,abrupt,256,16qam,1183101,tdl:abrupt:256:16qam:1183101,afdm,r6_deep,1090030782.8218646,11416424.0,0.0,0.0,0.0,0.0,0.0,0.99951171875,6.49,1.61,0.08210939989658073,0.0,100,0,0,0,0.921875,0.9409933500000001,0.84375,1.0,0.8609672,1.0210195,0.1694915254237288,0.17008866215685786
tdl,abrupt,256,16qam,1183101,tdl:abrupt:256:16qam:1183101,afdm,radau,1450310078.8218646,18753091.2,0.0,0.0,0.0,0.0,0.0,0.99845703125,22.34,4.34,0.13767089979955927,0.0,0,0,0,0,0.609375,0.5995626000000001,0.53125,0.6875,0.5185072000000001,0.6806180000000001,0.2564102564102564,0.27038177498062754
tdl,abrupt,256,16qam,1183101,tdl:abrupt:256:16qam:1183101,afdm,relative_radau,1398401870.8218646,18454096.0,0.0,0.0,0.0,0.0,0.0,0.99845703125,15.0,3.86,0.10423370019998401,0.96,4,0,0,0,0.578125,0.5790745500000001,0.578125,0.578125,0.5779964000000001,0.5801527000000001,0.0,0.003723700169520487
tdl,abrupt,256,16qam,1183101,tdl:abrupt:256:16qam:1183101,afdm,residual,891779614.8218647,10446568.399999999,0.0,0.0,0.0,0.0,,0.0,7.68,1.0,0.02619370014872402,0.0,0,0,0,0,0.390625,0.41551005,0.359375,0.421875,0.40585160000000003,0.4251685,0.16,0.046489609577433734
tdl,abrupt,256,16qam,1183101,tdl:abrupt:256:16qam:1183101,afdm,stable,915784622.8218647,9335760.0,0.0,0.0,0.0,0.0,,0.0,9.14,4.57,0.06309629956376739,0.0,0,0,0,0,0.40625,0.4152426,0.390625,0.421875,0.4106037,0.4198815,0.07692307692307693,0.022343083296366997
tdl,abrupt,256,16qam,1183101,tdl:abrupt:256:16qam:1183101,ofdm,gray,1389596438.8218646,17884240.0,0.0,0.0,0.0,0.0,0.0,0.74552734375,20.46,4.13,0.13115799945080653,0.0,0,0,0,0,0.546875,0.5506117,0.546875,0.546875,0.5403815000000001,0.5608419,0.0,0.037159399264490627
tdl,abrupt,256,16qam,1183101,tdl:abrupt:256:16qam:1183101,ofdm,merged_absolute,1130339998.8218646,13486215.99999999,0.0,0.0,0.0,0.0,0.0,0.903671875,6.22,1.53,0.08489220021874644,0.5,50,0,0,0,0.5,0.50296895,0.48437500000000006,0.515625,0.4937653,0.5121726,0.06249999999999989,0.03659728895789682
tdl,abrupt,256,16qam,1183101,tdl:abrupt:256:16qam:1183101,ofdm,phase_absolute,1174056758.8218646,14221680.0,0.0,0.0,0.0,0.0,0.0,0.9054296875,7.26,1.66,0.09020239984965883,0.68,32,0,0,0,0.53125,0.5275405000000001,0.515625,0.546875,0.5160583000000001,0.5390227000000001,0.058823529411764705,0.04353106538739678
tdl,abrupt,256,16qam,1183101,tdl:abrupt:256:16qam:1183101,ofdm,phase_relative,1111175142.8218646,14177672.4,0.0,0.0,0.0,0.0,0.0,0.948125,7.72,1.73,0.07457660013460554,0.96,4,0,0,0,0.46875,0.4686466,0.4375,0.5,0.42936810000000003,0.5079251,0.13333333333333333,0.16762524256017217
tdl,abrupt,256,16qam,1183101,tdl:abrupt:256:16qam:1183101,ofdm,r6_deep,1039917214.8218647,11602655.99999999,0.0,0.0,0.0,0.0,0.0,0.93552734375,5.18,1.27,0.06863900000462309,0.0,100,0,0,0,0.703125,0.72274685,0.625,0.78125,0.6527378,0.7927559000000001,0.2222222222222222,0.1937304880678484
tdl,abrupt,256,16qam,1183101,tdl:abrupt:256:16qam:1183101,ofdm,radau,1459764718.8218646,18783880.0,0.0,0.0,0.0,0.0,0.0,0.9976953125,22.63,4.39,0.1463993000506889,0.0,0,0,0,0,0.5703125,0.5999599,0.45312500000000006,0.6875,0.48117180000000004,0.718748,0.41095890410958896,0.39598679845102985
tdl,abrupt,256,16qam,1183101,tdl:abrupt:256:16qam:1183101,ofdm,relative_radau,1403841174.8218646,18111989.2,0.0,0.0,0.0,0.0,0.0,0.9971875,15.2,3.87,0.09134599988465197,0.96,4,0,0,0,0.47656250000000006,0.5041693,0.46875000000000006,0.48437500000000006,0.4932731,0.5150655000000001,0.032786885245901634,0.04322436927436883
tdl,abrupt,256,16qam,1183101,tdl:abrupt:256:16qam:1183101,ofdm,residual,890687886.8218647,10426856.0,0.0,0.0,0.0,0.0,,0.0,7.66,1.0,0.017507900192867965,0.0,0,0,0,0,0.328125,0.32542380000000004,0.296875,0.359375,0.3024774,0.3483702,0.19047619047619047,0.1410247191508427
tdl,abrupt,256,16qam,1183101,tdl:abrupt:256:16qam:1183101,ofdm,stable,933004798.8218647,9986003.999999998,0.0,0.0,0.0,0.0,,0.0,9.72,4.86,0.07760099979350343,0.0,0,0,0,0,0.5234375,0.5309483,0.46875000000000006,0.578125,0.4898731,0.5720235,0.2089552238805969,0.15472391568067928
tdl,abrupt,256,16qam,1183101,tdl:abrupt:256:16qam:1183101,otfs,gray,1380919406.8218646,17601096.0,0.0,0.0,0.0,0.0,0.0,0.6858984375,20.18,4.08,0.14098210004158318,0.0,0,0,0,0,0.6484375,0.6532709999999999,0.546875,0.75,0.5540269,0.7525151,0.3132530120481928,0.30383745796155043
tdl,abrupt,256,16qam,1183101,tdl:abrupt:256:16qam:1183101,otfs,merged_absolute,1177740038.8218646,13458236.799999991,0.0,0.0,0.0,0.0,0.0,0.99912109375,7.49,1.84,0.06339810017379932,0.5,50,0,0,0,0.46875000000000006,0.48447335,0.46875000000000006,0.46875000000000006,0.4681076,0.5008391,0.0,0.0675609917449535
tdl,abrupt,256,16qam,1183101,tdl:abrupt:256:16qam:1183101,otfs,phase_absolute,1218769198.8218646,14197376.0,0.0,0.0,0.0,0.0,0.0,0.99955078125,8.45,1.96,0.06637019995832816,0.68,32,0,0,0,0.4609375,0.46076825,0.4375,0.48437500000000006,0.44090060000000003,0.4806359,0.1016949152542374,0.08623706168990587
tdl,abrupt,256,16qam,1183101,tdl:abrupt:256:16qam:1183101,otfs,phase_relative,1158445222.8218646,14197208.8,0.0,0.0,0.0,0.0,0.0,0.9995703125,8.96,2.02,0.06779079986154102,0.96,4,0,0,0,0.46875000000000006,0.4674707,0.45312500000000006,0.48437500000000006,0.44404950000000004,0.49089190000000005,0.06666666666666665,0.10020392721939579
tdl,abrupt,256,16qam,1183101,tdl:abrupt:256:16qam:1183101,otfs,r6_deep,1093451726.8218646,11574676.799999991,0.0,0.0,0.0,0.0,0.0,0.9997265625,6.58,1.62,0.06785869991290383,0.0,100,0,0,0,0.703125,0.70479605,0.59375,0.8125,0.6096047,0.7999874,0.3111111111111111,0.2701245275140234
tdl,abrupt,256,16qam,1183101,tdl:abrupt:256:16qam:1183101,otfs,radau,1451835734.8218646,18456928.0,0.0,0.0,0.0,0.0,0.0,0.998671875,22.37,4.34,0.11191229967516847,0.0,0,0,0,0,0.515625,0.5244558,0.5,0.53125,0.5075833000000001,0.5413283,0.06060606060606061,0.06434288647394101
tdl,abrupt,256,16qam,1183101,tdl:abrupt:256:16qam:1183101,otfs,relative_radau,1400874302.8218646,18418238.4,0.0,0.0,0.0,0.0,0.0,0.99853515625,15.04,3.88,0.10744659978081472,0.96,4,0,0,0,0.5,0.54050325,0.48437500000000006,0.515625,0.5115883,0.5694182,0.06249999999999989,0.10699269615862622
tdl,abrupt,256,16qam,1183101,tdl:abrupt:256:16qam:1183101,otfs,residual,891455886.8218647,10449640.399999999,0.0,0.0,0.0,0.0,,0.0,7.66,1.0,0.021162599878152832,0.0,0,0,0,0,0.3203125,0.36522495,0.296875,0.34375,0.32450660000000003,0.4059433,0.14634146341463414,0.22297682565224522
tdl,abrupt,256,16qam,1183101,tdl:abrupt:256:16qam:1183101,otfs,stable,918326878.8218647,9342928.0,0.0,0.0,0.0,0.0,,0.0,9.2,4.6,0.07345280022127554,0.0,0,0,0,0,0.4375,0.45391225,0.40625,0.46875000000000006,0.4264701,0.4813544,0.142857142857143,0.12091389910715121
tdl,abrupt,256,qpsk,1183000,tdl:abrupt:256:qpsk:1183000,afdm,gray,1362150056.3457594,17105424.0,0.0,0.0,0.0,0.0,0.0,0.6540625,20.51,3.81,0.10221510022529401,0.0,0,0,0,0,0.578125,0.5971461,0.546875,0.609375,0.5533126,0.6409796000000001,0.10810810810810811,0.14680996828079435
tdl,abrupt,256,qpsk,1183000,tdl:abrupt:256:qpsk:1183000,afdm,merged_absolute,1284709780.3457594,17192584.0,0.0,0.0,0.0,0.0,0.0,0.9998046875,13.37,2.3,0.08956980012590066,0.76,24,0,0,0,0.5390625,0.5433914500000001,0.48437500000000006,0.59375,0.48971070000000005,0.5970722,0.20289855072463758,0.1975767193245311
tdl,abrupt,256,qpsk,1183000,tdl:abrupt:256:qpsk:1183000,afdm,phase_absolute,1337050428.3457594,17782408.0,0.0,0.0,0.0,0.0,0.0,0.9998828125,13.3,2.27,0.0872259000025224,0.77,23,0,0,0,0.59375,0.59961705,0.578125,0.609375,0.5889252,0.6103089,0.05263157894736842,0.03566226143836305
tdl,abrupt,256,qpsk,1183000,tdl:abrupt:256:qpsk:1183000,afdm,phase_relative,1291394356.3457594,14962312.0,0.0,0.0,0.0,0.0,0.0,0.9998046875,13.49,2.33,0.0837570000148844,0.96,4,0,0,0,0.546875,0.5775686,0.53125,0.5625,0.5588823,0.5962549,0.05714285714285714,0.06470677249421104
tdl,abrupt,256,qpsk,1183000,tdl:abrupt:256:qpsk:1183000,afdm,r6_deep,1210764424.3457594,15272912.0,0.0,0.0,0.0,0.0,0.0,0.9996484375,10.56,1.98,0.06978180003352463,0.0,100,0,0,0,0.796875,0.8305516000000001,0.734375,0.859375,0.7651041000000001,0.8959991,0.1568627450980392,0.15760008168065653
tdl,abrupt,256,qpsk,1183000,tdl:abrupt:256:qpsk:1183000,afdm,radau,1410988232.3457594,17750234.0,0.0,0.0,0.0,0.0,0.0,0.999609375,21.78,4.14,0.08639440010301769,0.0,0,0,0,0,0.53125,0.52460175,0.46875000000000006,0.59375,0.4680513,0.5811522,0.2352941176470587,0.2155938290331666
tdl,abrupt,256,qpsk,1183000,tdl:abrupt:256:qpsk:1183000,afdm,relative_radau,1299347464.3457594,15546194.0,0.0,0.0,0.0,0.0,0.0,0.9995703125,13.29,2.91,0.07115300005534664,0.96,4,0,0,0,0.5234375,0.5298630000000001,0.515625,0.53125,0.5110121000000001,0.5487139000000001,0.029850746268656716,0.07115386430077209
tdl,abrupt,256,qpsk,1183000,tdl:abrupt:256:qpsk:1183000,afdm,residual,967342920.3457595,11245501.2,0.0,0.0,0.0,0.0,,0.0,10.64,1.0,0.022116599953733385,0.0,0,0,0,0,0.359375,0.36893095,0.34375,0.375,0.3566434,0.3812185,0.08695652173913043,0.06661165185517783
tdl,abrupt,256,qpsk,1183000,tdl:abrupt:256:qpsk:1183000,afdm,stable,910267544.3457595,9827536.0,0.0,0.0,0.0,0.0,,0.0,9.46,4.73,0.079034300026251,0.0,0,0,0,0,0.5078125,0.5035226500000001,0.48437500000000006,0.53125,0.4810668,0.5259785,0.0923076923076922,0.08919499450521241
tdl,abrupt,256,qpsk,1183000,tdl:abrupt:256:qpsk:1183000,ofdm,gray,1375644640.3457594,17098768.0,0.0,0.0,0.0,0.0,0.0,0.769609375,20.96,3.83,0.12572080016252585,0.0,0,0,0,0,0.578125,0.5809684500000001,0.48437500000000006,0.671875,0.5024996,0.6594373,0.32432432432432423,0.27013119214993503
tdl,abrupt,256,qpsk,1183000,tdl:abrupt:256:qpsk:1183000,ofdm,merged_absolute,1323552048.3457594,17181472.0,0.0,0.0,0.0,0.0,0.0,0.9648828125,14.58,2.37,0.07564250001451,0.76,24,0,0,0,0.484375,0.5096081,0.46875000000000006,0.5,0.48909470000000005,0.5301215,0.06451612903225795,0.08050656965617299
tdl,abrupt,256,qpsk,1183000,tdl:abrupt:256:qpsk:1183000,ofdm,phase_absolute,1374361920.3457594,17771296.0,0.0,0.0,0.0,0.0,0.0,0.968515625,14.46,2.34,0.09102880011778325,0.77,23,0,0,0,0.5390625,0.5907851,0.515625,0.5625,0.5797318,0.6018384,0.08695652173913043,0.037419020892706975
tdl,abrupt,256,qpsk,1183000,tdl:abrupt:256:qpsk:1183000,ofdm,phase_relative,1325074384.3457594,14954632.0,0.0,0.0,0.0,0.0,0.0,0.9541015625,14.55,2.38,0.07673340020119213,0.96,4,0,0,0,0.4765625,0.48566505000000004,0.45312500000000006,0.5,0.4629459,0.5083842000000001,0.0983606557377048,0.09355892502456176
tdl,abrupt,256,qpsk,1183000,tdl:abrupt:256:qpsk:1183000,ofdm,r6_deep,1330226360.3457594,15261802.2,0.0,0.0,0.0,0.0,0.0,0.9964453125,14.15,2.28,0.06779250007821247,0.0,100,0,0,0,0.71875,0.7261674,0.671875,0.765625,0.6715694000000001,0.7807654,0.13043478260869565,0.15037304070659183
tdl,abrupt,256,qpsk,1183000,tdl:abrupt:256:qpsk:1183000,ofdm,radau,1438447712.3457594,18029384.0,0.0,0.0,0.0,0.0,0.0,0.998984375,22.43,4.4,0.11115330015309155,0.0,0,0,0,0,0.515625,0.547571,0.5,0.53125,0.5208891,0.5742529000000001,0.06060606060606061,0.09745548979036521
tdl,abrupt,256,qpsk,1183000,tdl:abrupt:256:qpsk:1183000,ofdm,relative_radau,1311332504.3457594,16132040.0,0.0,0.0,0.0,0.0,0.0,0.99875,13.73,2.89,0.06532500009052455,0.96,4,0,0,0,0.453125,0.48381015000000005,0.4375,0.46875000000000006,0.4786749,0.48894540000000003,0.06896551724137943,0.021228368193598284
tdl,abrupt,256,qpsk,1183000,tdl:abrupt:256:qpsk:1183000,ofdm,residual,971141944.3457595,11225584.0,0.0,0.0,0.0,0.0,,0.0,10.78,1.0,0.028210500138811767,0.0,0,0,0,0,0.4140625,0.43706035000000004,0.359375,0.46875000000000006,0.38867310000000005,0.48544760000000003,0.2641509433962265,0.22142136663735335
tdl,abrupt,256,qpsk,1183000,tdl:abrupt:256:qpsk:1183000,ofdm,stable,862803592.3457595,8543920.0,0.0,0.0,0.0,0.0,,0.0,8.0,4.0,0.055457099981140345,0.0,0,0,0,0,0.3828125,0.3806473,0.375,0.390625,0.38003790000000004,0.3812567,0.04081632653061224,0.0032019142129734385
tdl,abrupt,256,qpsk,1183000,tdl:abrupt:256:qpsk:1183000,otfs,gray,1360589808.3457594,16824098.0,0.0,0.0,0.0,0.0,0.0,0.6139453125,20.44,3.81,0.0946175999706611,0.0,0,0,0,0,0.5,0.50842785,0.45312500000000006,0.546875,0.4729649,0.5438908,0.1874999999999999,0.13950042272467958
tdl,abrupt,256,qpsk,1183000,tdl:abrupt:256:qpsk:1183000,otfs,merged_absolute,1294376884.3457594,17197704.0,0.0,0.0,0.0,0.0,0.0,0.999765625,13.65,2.32,0.07621340022888035,0.76,24,0,0,0,0.515625,0.51636585,0.48437500000000006,0.546875,0.4915606,0.5411711,0.1212121212121211,0.0960762606589882
tdl,abrupt,256,qpsk,1183000,tdl:abrupt:256:qpsk:1183000,otfs,phase_absolute,1337461276.3457594,17787528.0,0.0,0.0,0.0,0.0,0.0,0.99984375,13.3,2.27,0.07342039977083914,0.77,23,0,0,0,0.484375,0.5160546,0.46875000000000006,0.5,0.5075959,0.5245133000000001,0.06451612903225795,0.03278219010159018
tdl,abrupt,256,qpsk,1183000,tdl:abrupt:256:qpsk:1183000,otfs,phase_relative,1291509972.3457594,14967432.0,0.0,0.0,0.0,0.0,0.0,0.999765625,13.48,2.33,0.07447120011784136,0.96,4,0,0,0,0.46093750000000006,0.46810510000000005,0.45312500000000006,0.46875000000000006,0.46313590000000004,0.4730743,0.033898305084745756,0.021231129504891012
tdl,abrupt,256,qpsk,1183000,tdl:abrupt:256:qpsk:1183000,otfs,r6_deep,1227210708.3457594,15278032.0,0.0,0.0,0.0,0.0,0.0,0.9997265625,11.04,2.02,0.0648920999665279,0.0,100,0,0,0,0.703125,0.7165020000000001,0.640625,0.765625,0.6536120000000001,0.7793920000000001,0.17777777777777778,0.17554731180094402
tdl,abrupt,256,qpsk,1183000,tdl:abrupt:256:qpsk:1183000,otfs,radau,1414420464.3457594,17466704.20576266,0.0,0.0,0.0,0.0,0.0,0.9998828125,21.84,4.17,0.1230318998277653,0.0,0,0,0,0,0.5859375,0.59466655,0.546875,0.625,0.5641998,0.6251333,0.13333333333333333,0.10246666808482834
tdl,abrupt,256,qpsk,1183000,tdl:abrupt:256:qpsk:1183000,otfs,relative_radau,1298297696.3457594,15842240.0,0.0,0.0,0.0,0.0,0.0,0.999453125,13.24,2.91,0.0630247002991382,0.96,4,0,0,0,0.4453125,0.44070305,0.4375,0.45312500000000006,0.4338442,0.4475619,0.03508771929824574,0.03112685514656638
tdl,abrupt,256,qpsk,1183000,tdl:abrupt:256:qpsk:1183000,otfs,residual,969154288.3457595,11233264.0,0.0,0.0,0.0,0.0,,0.0,10.69,1.0,0.02438150002853945,0.0,0,0,0,0,0.3984375,0.40730120000000003,0.34375,0.45312500000000006,0.35949970000000003,0.4551027,0.27450980392156876,0.23472309926904214
tdl,abrupt,256,qpsk,1183000,tdl:abrupt:256:qpsk:1183000,otfs,stable,908377048.3457595,9835728.0,0.0,0.0,0.0,0.0,,0.0,9.38,4.69,0.07366890003322624,0.0,0,0,0,0,0.3984375,0.3997636,0.375,0.421875,0.3836852,0.41584200000000004,0.11764705882352941,0.080439539768003
tdl,abrupt,256,qpsk,1183001,tdl:abrupt:256:qpsk:1183001,afdm,gray,2308693760.3457594,27771989.999999996,0.0,0.0,0.0,0.0,0.0,0.5926171875,49.42,5.73,0.13180659999488853,0.0,0,0,0,0,0.6953125,0.6952559,0.65625,0.734375,0.6652969000000001,0.7252149,0.11235955056179775,0.08618121759196853
tdl,abrupt,256,qpsk,1183001,tdl:abrupt:256:qpsk:1183001,afdm,merged_absolute,1872566260.3457594,21271468.205762655,0.0,0.0,0.0,0.0,0.0,0.999765625,25.88,3.49,0.10802600032184273,0.18,82,0,0,0,0.6796875,0.6862954000000001,0.671875,0.6875,0.6753066000000001,0.6972842,0.022988505747126436,0.032023528060948575
tdl,abrupt,256,qpsk,1183001,tdl:abrupt:256:qpsk:1183001,afdm,phase_absolute,1919678716.3457594,21831801.005762655,0.0,0.0,0.0,0.0,0.0,0.999765625,25.88,3.49,0.11046900009387173,0.22,78,0,0,0,0.7265625,0.7334472000000001,0.71875,0.734375,0.7062709,0.7606235,0.021505376344086023,0.07410567522788275
tdl,abrupt,256,qpsk,1183001,tdl:abrupt:256:qpsk:1183001,afdm,phase_relative,1881511380.3457594,23000415.6,0.0,0.0,0.0,0.0,0.0,0.9996875,30.8,3.9,0.12034450002829544,0.94,6,0,0,0,0.6171875,0.6199817000000001,0.609375,0.625,0.6192488,0.6207146,0.02531645569620253,0.0023642633322886165
tdl,abrupt,256,qpsk,1183001,tdl:abrupt:256:qpsk:1183001,afdm,r6_deep,1732290432.3457594,19402877.405762654,0.0,0.0,0.0,0.0,0.0,0.999765625,25.88,3.49,0.10121480000088923,0.0,100,0,0,0,0.7734375,0.7810185000000001,0.734375,0.8125,0.7540028000000001,0.8080342,0.10101010101010101,0.06918069162254152
tdl,abrupt,256,qpsk,1183001,tdl:abrupt:256:qpsk:1183001,afdm,radau,2471227544.3457594,30482993.6,0.0,0.0,0.0,0.0,0.0,0.9983203125,54.01,6.45,0.15207960025873035,0.0,0,0,0,0,0.71875,0.7670944500000001,0.71875,0.71875,0.7419941000000001,0.7921948000000001,0.0,0.06544265833236049
tdl,abrupt,256,qpsk,1183001,tdl:abrupt:256:qpsk:1183001,afdm,relative_radau,2389859368.3457594,32272945.6,0.0,0.0,0.0,0.0,0.0,0.9979296875,45.46,6.02,0.11840260020107962,0.94,6,0,0,0,0.640625,0.6565146000000001,0.625,0.65625,0.6506462000000001,0.662383,0.04878048780487805,0.017877439435467223
tdl,abrupt,256,qpsk,1183001,tdl:abrupt:256:qpsk:1183001,afdm,residual,1217495248.3457594,13373480.0,0.0,0.0,0.0,0.0,,0.0,18.81,1.0,0.021161300042876974,0.0,0,0,0,0,0.3984375,0.40203445000000004,0.390625,0.40625,0.3916851,0.4123838,0.0392156862745098,0.051484891406694155
tdl,abrupt,256,qpsk,1183001,tdl:abrupt:256:qpsk:1183001,afdm,stable,972075944.3457595,10489056.799999999,0.0,0.0,0.0,0.0,,0.0,11.4,5.7,0.0746963002893608,0.0,0,0,0,0,0.4140625,0.41934060000000006,0.40625,0.421875,0.41552120000000003,0.42316000000000004,0.03773584905660377,0.018216218510680816
tdl,abrupt,256,qpsk,1183001,tdl:abrupt:256:qpsk:1183001,ofdm,gray,2662185240.3457594,37866480.0,0.0,0.0,0.00203125,0.00203125,0.0,0.905390625,59.68,6.98,0.15566889962065034,0.0,0,0,0,0,0.7578125,0.7634638,0.75,0.765625,0.7533643000000001,0.7735633000000001,0.020618556701030927,0.026457050091962402
tdl,abrupt,256,qpsk,1183001,tdl:abrupt:256:qpsk:1183001,ofdm,merged_absolute,2523920256.3457594,37276732.99999999,0.0,0.0,0.00203125,0.00203125,0.0,0.9950390625,45.38,5.12,0.1582602003181819,0.18,82,0,0,0,0.7890625,0.80063095,0.78125,0.796875,0.7961338,0.8051281,0.019801980198019802,0.011234014872894948
tdl,abrupt,256,qpsk,1183001,tdl:abrupt:256:qpsk:1183001,ofdm,phase_absolute,2571049956.3457594,37866556.99999999,0.0,0.0,0.00203125,0.00203125,0.0,0.99484375,45.38,5.12,0.1492930003150832,0.22,78,0,0,0,0.8125,0.8278847,0.78125,0.84375,0.7937836,0.8619858,0.07692307692307693,0.08238127845580427
tdl,abrupt,256,qpsk,1183001,tdl:abrupt:256:qpsk:1183001,ofdm,phase_relative,2512012072.3457594,38887066.0,0.0,0.0,0.00203125,0.00203125,0.0,0.99484375,49.61,5.54,0.16822000019601546,0.94,6,0,0,0,0.765625,0.7741236,0.765625,0.765625,0.7671165000000001,0.7811307000000001,0.0,0.01810331063411576
tdl,abrupt,256,qpsk,1183001,tdl:abrupt:256:qpsk:1183001,ofdm,r6_deep,2383630348.3457594,35355820.99999999,0.0,0.0,0.00203125,0.00203125,0.0,0.9950390625,45.38,5.12,0.16357880059513263,0.0,100,0,0,0,0.9140625,0.9534381000000001,0.890625,0.9375000000000001,0.9214896,0.9853866000000001,0.051282051282051405,0.06701746028399755
tdl,abrupt,256,qpsk,1183001,tdl:abrupt:256:qpsk:1183001,ofdm,radau,2762471296.3457594,38802134.0,0.0,0.0,0.00203125,0.00203125,0.0,0.9950390625,62.85,7.14,0.14358569975593127,0.0,0,0,0,0,0.765625,0.7599824500000001,0.75,0.78125,0.7523489000000001,0.7676160000000001,0.04081632653061224,0.020088753365291496
tdl,abrupt,256,qpsk,1183001,tdl:abrupt:256:qpsk:1183001,ofdm,relative_radau,2662555704.3457594,40592086.0,0.0,0.0,0.00203125,0.00203125,0.0,0.995078125,53.95,6.47,0.12290810007834807,0.94,6,0,0,0,0.7109375,0.7171782,0.703125,0.71875,0.7034962,0.7308602000000001,0.02197802197802198,0.038155091719185075
tdl,abrupt,256,qpsk,1183001,tdl:abrupt:256:qpsk:1183001,ofdm,residual,1220069536.3457594,12919443.2,7.8125e-05,7.8125e-05,0.00203125,0.00203125,,0.0,18.91,1.0,0.018818499898770824,0.0,0,0,0,0,0.421875,0.42352700000000004,0.375,0.46875000000000006,0.37663840000000004,0.47041560000000004,0.22222222222222235,0.2214196497507833
tdl,abrupt,256,qpsk,1183001,tdl:abrupt:256:qpsk:1183001,ofdm,stable,862803592.3457595,8543920.0,7.8125e-05,7.8125e-05,0.00203125,0.00203125,,0.0,8.0,4.0,0.05423450030502863,0.0,0,0,0,0,0.3515625,0.36134555,0.328125,0.375,0.3476269,0.3750642,0.13333333333333333,0.07593091986327215
tdl,abrupt,256,qpsk,1183001,tdl:abrupt:256:qpsk:1183001,otfs,gray,2354955136.3457594,28956072.0,0.0,0.0,0.0,0.0,0.0,0.6614453125,50.79,5.84,0.14397090033162385,0.0,0,0,0,0,0.6484375,0.6717365000000001,0.640625,0.65625,0.6710118,0.6724612000000001,0.024096385542168676,0.0021576912971083824
tdl,abrupt,256,qpsk,1183001,tdl:abrupt:256:qpsk:1183001,otfs,merged_absolute,1961464464.3457594,25083294.2,0.0,0.0,0.0,0.0,0.0,0.9995703125,28.52,3.71,0.12022580002667382,0.18,82,0,0,0,0.6875,0.69995845,0.671875,0.703125,0.6915756000000001,0.7083413000000001,0.045454545454545456,0.023952421747319423
tdl,abrupt,256,qpsk,1183001,tdl:abrupt:256:qpsk:1183001,otfs,phase_absolute,2008576832.3457594,25673118.2,0.0,0.0,0.0,0.0,0.0,0.9995703125,28.52,3.71,0.12120400005369447,0.22,78,0,0,0,0.7265625,0.73931155,0.71875,0.734375,0.7265717,0.7520514,0.021505376344086023,0.034464090274255815
tdl,abrupt,256,qpsk,1183001,tdl:abrupt:256:qpsk:1183001,otfs,phase_relative,1990507452.3457594,26873568.8,0.0,0.0,0.0,0.0,0.0,0.9996875,34.04,4.17,0.1286156998539809,0.94,6,0,0,0,0.59375,0.6260784,0.578125,0.609375,0.6130137,0.6391431000000001,0.05263157894736842,0.04173502871205919
tdl,abrupt,256,qpsk,1183001,tdl:abrupt:256:qpsk:1183001,otfs,r6_deep,1821188768.3457594,23162382.2,0.0,0.0,0.0,0.0,0.0,0.9995703125,28.52,3.71,0.14769600008730777,0.0,100,0,0,0,0.8984375,0.91502795,0.84375,0.9531250000000001,0.8325253,0.9975306,0.12173913043478274,0.18032815281762707
tdl,abrupt,256,qpsk,1183001,tdl:abrupt:256:qpsk:1183001,otfs,radau,2514401640.3457594,32060882.0,0.0,0.0,0.0,0.0,0.0,0.998046875,55.31,6.53,0.14754270020057447,0.0,0,0,0,0,0.6796875,0.7048387,0.671875,0.6875,0.7008467,0.7088307,0.022988505747126436,0.011327414343168148
tdl,abrupt,256,qpsk,1183001,tdl:abrupt:256:qpsk:1183001,otfs,relative_radau,2431657048.3457594,33809036.8,0.0,0.0,0.0,0.0,0.0,0.9978515625,46.76,6.06,0.13696420018095523,0.94,6,0,0,0,0.7734375,0.7839367,0.734375,0.8125,0.7298609,0.8380125,0.10101010101010101,0.13795960821836764
tdl,abrupt,256,qpsk,1183001,tdl:abrupt:256:qpsk:1183001,otfs,residual,1216244776.3457594,13376552.0,0.0,0.0,0.0,0.0,,0.0,18.76,1.0,0.021598699822789058,0.0,0,0,0,0,0.359375,0.37532635000000003,0.34375,0.375,0.36647470000000004,0.384178,0.08695652173913043,0.047167751478146884
tdl,abrupt,256,qpsk,1183001,tdl:abrupt:256:qpsk:1183001,otfs,stable,969646552.3457595,10968931.2,0.0,0.0,0.0,0.0,,0.0,11.3,5.65,0.08684580001863651,0.0,0,0,0,0,0.390625,0.42185090000000003,0.390625,0.390625,0.3994244,0.44427740000000004,0.0,0.10632429609608521
tdl,high,128,16qam,1182500,tdl:high:128:16qam:1182500,afdm,gray,424447557.0873833,4843832.399999999,0.0,0.0,0.0,0.0,0.0,0.971015625,9.05,2.4,0.047668299870565534,0.0,0,0,0,0,0.2265625,0.23831950000000002,0.21875,0.23437500000000003,0.2255915,0.25104750000000003,0.06896551724137943,0.10681459133642036
tdl,high,128,16qam,1182500,tdl:high:128:16qam:1182500,afdm,merged_absolute,556441685.0873833,6212848.0,0.0,0.0,0.0,0.0,0.0,0.9994921875,5.0,1.25,0.030172000027960166,0.0,100,0,0,0,0.3515625,0.3475074,0.3125,0.390625,0.31088330000000003,0.3841315,0.2222222222222222,0.210781698461673
tdl,high,128,16qam,1182500,tdl:high:128:16qam:1182500,afdm,phase_absolute,588882005.0873833,6540528.0,0.0,0.0,0.0,0.0,0.0,0.9994921875,5.0,1.25,0.029931900004157797,0.0,100,0,0,0,0.3515625,0.34295945000000005,0.328125,0.375,0.3235752,0.36234370000000005,0.13333333333333333,0.11304106068516273
tdl,high,128,16qam,1182500,tdl:high:128:16qam:1182500,afdm,phase_relative,588882005.0873833,6540528.0,0.0,0.0,0.0,0.0,0.0,0.9994921875,5.0,1.25,0.03003680004621856,0.0,100,0,0,0,0.34375,0.3413311,0.328125,0.359375,0.324463,0.3581992,0.09090909090909091,0.09883717012601545
tdl,high,128,16qam,1182500,tdl:high:128:16qam:1182500,afdm,r6_deep,451316349.0873833,5156008.0,0.0,0.0,0.0,0.0,0.0,0.9994921875,5.0,1.25,0.0323871998116374,0.0,100,0,0,0,0.4140625,0.41619695,0.390625,0.4375,0.38651080000000004,0.44588310000000003,0.11320754716981132,0.1426543370872852
tdl,high,128,16qam,1182500,tdl:high:128:16qam:1182500,afdm,radau,430782493.0873833,4999232.0,0.0,0.0,0.0,0.0,0.0,0.9997265625,9.31,2.53,0.046104899811325595,0.0,0,0,0,0,0.2421875,0.26287495000000005,0.203125,0.28125,0.2372496,0.28850030000000004,0.3225806451612903,0.19496228149544118
tdl,high,128,16qam,1182500,tdl:high:128:16qam:1182500,afdm,relative_radau,611808709.0873833,6507589.8543691635,0.0,0.0,0.0,0.0,0.0,0.9998046875,6.21,1.56,0.02934249973623082,0.0,100,0,0,0,0.34375,0.33911915000000004,0.328125,0.359375,0.3239492,0.3542891,0.09090909090909091,0.08946678475692106
tdl,high,128,16qam,1182500,tdl:high:128:16qam:1182500,afdm,residual,330667037.0873833,3596952.0,0.0,0.0,0.0,0.0,,0.0,5.16,1.0,0.0152797999617178,0.0,0,0,0,0,0.1875,0.19338690000000003,0.1875,0.1875,0.1896528,0.19712100000000002,0.0,0.03861792086227147
tdl,high,128,16qam,1182500,tdl:high:128:16qam:1182500,afdm,stable,371022957.0873833,3987120.0,0.0,0.0,0.0,0.0,,0.0,8.3,4.15,0.04183969958103262,0.0,0,0,0,0,0.234375,0.23974450000000003,0.21875,0.25,0.22211660000000003,0.2573724,0.13333333333333333,0.14705571973496773
tdl,high,128,16qam,1182500,tdl:high:128:16qam:1182500,ofdm,gray,424975629.0873833,4831544.0,0.0,0.0,0.0,0.0,0.0,0.973203125,9.09,2.41,0.04873829986900091,0.0,0,0,0,0,0.2265625,0.2293637,0.21875,0.23437500000000003,0.22742420000000002,0.23130320000000001,0.06896551724137943,0.016912004820291936
tdl,high,128,16qam,1182500,tdl:high:128:16qam:1182500,ofdm,merged_absolute,555393957.0873833,6209776.0,0.0,0.0,0.0,0.0,0.0,0.995546875,4.96,1.24,0.032595599797787145,0.0,100,0,0,0,0.296875,0.3149869,0.28125,0.3125,0.3120253,0.3179485,0.10526315789473684,0.018804591556029846
tdl,high,128,16qam,1182500,tdl:high:128:16qam:1182500,ofdm,phase_absolute,587834277.0873833,6537456.0,0.0,0.0,0.0,0.0,0.0,0.995546875,4.96,1.24,0.031616599997505546,0.0,100,0,0,0,0.3359375,0.32881270000000007,0.328125,0.34375,0.31738160000000004,0.34024380000000004,0.046511627906976744,0.06952955284269736
tdl,high,128,16qam,1182500,tdl:high:128:16qam:1182500,ofdm,phase_relative,587834277.0873833,6537456.0,0.0,0.0,0.0,0.0,0.0,0.995546875,4.96,1.24,0.03332410007715225,0.0,100,0,0,0,0.328125,0.33509690000000003,0.328125,0.328125,0.3333378,0.33685600000000004,0.0,0.010499052662080809
tdl,high,128,16qam,1182500,tdl:high:128:16qam:1182500,ofdm,r6_deep,450268621.0873833,5152936.0,0.0,0.0,0.0,0.0,0.0,0.995546875,4.96,1.24,0.03373779993853532,0.0,100,0,0,0,0.359375,0.36741815,0.359375,0.359375,0.3626031,0.37223320000000004,0.0,0.02621019130383197
tdl,high,128,16qam,1182500,tdl:high:128:16qam:1182500,ofdm,radau,431812125.0873833,4996424.0,0.0,0.0,0.0,0.0,0.0,0.9996875,9.37,2.55,0.04445249980199151,0.0,0,0,0,0,0.2265625,0.22816350000000002,0.21875,0.23437500000000003,0.22791360000000002,0.22841340000000002,0.06896551724137943,0.0021905344193965935
tdl,high,128,16qam,1182500,tdl:high:128:16qam:1182500,ofdm,relative_radau,609619885.0873833,6489584.0,0.0,0.0,0.0,0.0,0.0,0.999765625,6.12,1.54,0.030465900112176314,0.0,100,0,0,0,0.3125,0.32205145,0.3125,0.3125,0.31462670000000004,0.3294762,0.0,0.046109092196293354
tdl,high,128,16qam,1182500,tdl:high:128:16qam:1182500,ofdm,residual,330929589.0873833,3594648.0,0.0,0.0,0.0,0.0,,0.0,5.19,1.0,0.015464300115127116,0.0,0,0,0,0,0.1796875,0.18653350000000002,0.171875,0.1875,0.1840687,0.1889983,0.08695652173913043,0.026427424564488447
tdl,high,128,16qam,1182500,tdl:high:128:16qam:1182500,ofdm,stable,377191837.0873833,3981744.0,0.0,0.0,0.0,0.0,,0.0,8.68,4.34,0.04340559974662028,0.0,0,0,0,0,0.2109375,0.22139345,0.203125,0.21875,0.2195398,0.2232471,0.07407407407407407,0.016745301182126197
tdl,high,128,16qam,1182500,tdl:high:128:16qam:1182500,otfs,gray,424321813.0873833,4837944.0,0.0,0.0,0.0,0.0,0.0,0.967421875,9.04,2.39,0.05246639996767044,0.0,0,0,0,0,0.2421875,0.23992840000000001,0.23437500000000003,0.25,0.2366192,0.24323760000000003,0.06451612903225795,0.027584896160688037
tdl,high,128,16qam,1182500,tdl:high:128:16qam:1182500,otfs,merged_absolute,558354029.0873833,6214896.0,0.0,0.0,0.0,0.0,0.0,0.9998828125,5.08,1.27,0.035570699867093936,0.0,100,0,0,0,0.3359375,0.3328801,0.328125,0.34375,0.3322294,0.3335308,0.046511627906976744,0.003909515768590577
tdl,high,128,16qam,1182500,tdl:high:128:16qam:1182500,otfs,phase_absolute,590794349.0873833,6542576.0,0.0,0.0,0.0,0.0,0.0,0.9998828125,5.08,1.27,0.033569299877854064,0.0,100,0,0,0,0.3359375,0.32707065,0.328125,0.34375,0.3225076,0.33163370000000003,0.046511627906976744,0.027902534207823373
tdl,high,128,16qam,1182500,tdl:high:128:16qam:1182500,otfs,phase_relative,590794349.0873833,6542576.0,0.0,0.0,0.0,0.0,0.0,0.9998828125,5.08,1.27,0.032894199539441615,0.0,100,0,0,0,0.328125,0.33049365,0.328125,0.328125,0.32251850000000004,0.3384688,0.0,0.04826204678970374
tdl,high,128,16qam,1182500,tdl:high:128:16qam:1182500,otfs,r6_deep,453228693.0873833,5158056.0,0.0,0.0,0.0,0.0,0.0,0.9998828125,5.08,1.27,0.035249099833890796,0.0,100,0,0,0,0.375,0.3768678,0.359375,0.390625,0.3650351,0.3887005,0.08333333333333333,0.06279496417576669
tdl,high,128,16qam,1182500,tdl:high:128:16qam:1182500,otfs,radau,431696733.0873833,4841272.399999999,0.0,0.0,0.0,0.0,0.0,0.9998046875,9.34,2.54,0.049024300038581714,0.0,0,0,0,0,0.2265625,0.2305357,0.21875,0.23437500000000003,0.22907880000000003,0.23199260000000002,0.06896551724137943,0.01263925717361777
tdl,high,128,16qam,1182500,tdl:high:128:16qam:1182500,otfs,relative_radau,610579909.0873833,6494704.0,0.0,0.0,0.0,0.0,0.0,0.9997265625,6.15,1.54,0.031282300100428984,0.0,100,0,0,0,0.328125,0.3270969,0.328125,0.328125,0.32600640000000003,0.3281874,0.0,0.006667748914771092
tdl,high,128,16qam,1182500,tdl:high:128:16qam:1182500,otfs,residual,330466189.0873833,3598488.0,0.0,0.0,0.0,0.0,,0.0,5.14,1.0,0.01625480005168356,0.0,0,0,0,0,0.1796875,0.18740775,0.171875,0.1875,0.18231270000000002,0.1925028,0.08695652173913043,0.0543739519843762
tdl,high,128,16qam,1182500,tdl:high:128:16qam:1182500,otfs,stable,370970717.0873833,3990704.0,0.0,0.0,0.0,0.0,,0.0,8.28,4.14,0.04927839967422187,0.0,0,0,0,0,0.2265625,0.22986095,0.21875,0.23437500000000003,0.22655360000000002,0.23316830000000002,0.06896551724137943,0.02877696276814309
tdl,high,128,16qam,1182501,tdl:high:128:16qam:1182501,afdm,gray,413996173.0873833,4835384.0,0.0,0.0,0.0,0.0,0.0,0.975859375,8.65,2.21,0.046357099898159504,0.0,0,0,0,0,0.2265625,0.23079895,0.21875,0.23437500000000003,0.226973,0.23462490000000003,0.06896551724137943,0.033153963655380654
tdl,high,128,16qam,1182501,tdl:high:128:16qam:1182501,afdm,merged_absolute,546745741.0873833,6212848.0,0.0,0.0,0.0,0.0,0.0,0.9998828125,4.56,1.14,0.02740839999751188,0.0,100,0,0,0,0.3125,0.3173425,0.3125,0.3125,0.3161953,0.31848970000000004,0.0,0.007230043249801176
tdl,high,128,16qam,1182501,tdl:high:128:16qam:1182501,afdm,phase_absolute,579186061.0873833,6540528.0,0.0,0.0,0.0,0.0,0.0,0.9998828125,4.56,1.14,0.028740799869410694,0.0,100,0,0,0,0.328125,0.33895375000000005,0.328125,0.328125,0.3364381,0.34146940000000003,0.0,0.014843618045234831
tdl,high,128,16qam,1182501,tdl:high:128:16qam:1182501,afdm,phase_relative,579186061.0873833,6540528.0,0.0,0.0,0.0,0.0,0.0,0.9998828125,4.56,1.14,0.0304809998779092,0.0,100,0,0,0,0.359375,0.36456585,0.359375,0.359375,0.3631054,0.3660263,0.0,0.00801199563809941
tdl,high,128,16qam,1182501,tdl:high:128:16qam:1182501,afdm,r6_deep,441620405.0873833,5156008.0,0.0,0.0,0.0,0.0,0.0,0.9998828125,4.56,1.14,0.02725349980755709,0.0,100,0,0,0,0.375,0.3841199,0.359375,0.390625,0.37026950000000003,0.3979703,0.08333333333333333,0.07211498284780343
tdl,high,128,16qam,1182501,tdl:high:128:16qam:1182501,afdm,radau,419350005.0873833,4838712.399999999,0.0,0.0,0.0,0.0,0.0,0.9998828125,8.87,2.32,0.04139279946684837,0.0,0,0,0,0,0.23437500000000003,0.22917395000000002,0.23437500000000003,0.23437500000000003,0.22317360000000003,0.2351743,0.0,0.05236502665333462
tdl,high,128,16qam,1182501,tdl:high:128:16qam:1182501,afdm,relative_radau,591187725.0873833,6492656.0,0.0,0.0,0.0,0.0,0.0,0.9997265625,5.26,1.32,0.027859200141392648,0.0,100,0,0,0,0.3359375,0.33618995,0.328125,0.34375,0.3301848,0.34219510000000003,0.046511627906976744,0.035724744300060216
tdl,high,128,16qam,1182501,tdl:high:128:16qam:1182501,afdm,residual,326938477.0873833,3605425.9999999995,0.0,0.0,0.0,0.0,,0.0,4.94,1.0,0.016409100266173482,0.0,0,0,0,0,0.203125,0.1987234,0.203125,0.203125,0.19854360000000001,0.1989032,0.0,0.0018095503599474833
tdl,high,128,16qam,1182501,tdl:high:128:16qam:1182501,afdm,stable,370320717.0873833,3987120.0,0.0,0.0,0.0,0.0,,0.0,8.26,4.13,0.0458281000610441,0.0,0,0,0,0,0.2265625,0.23157715,0.21875,0.23437500000000003,0.22980130000000001,0.233353,0.06896551724137943,0.015337005399712325
tdl,high,128,16qam,1182501,tdl:high:128:16qam:1182501,ofdm,gray,414873093.0873833,4839992.399999999,0.0,0.0,0.0,0.0,0.0,0.9797265625,8.7,2.23,0.25199210006394424,0.0,0,0,0,0,1.2265625,1.2782963,1.21875,1.234375,1.2522227000000001,1.3043699,0.012738853503184714,0.04079429784784626
tdl,high,128,16qam,1182501,tdl:high:128:16qam:1182501,ofdm,merged_absolute,548621685.0873833,6209776.0,0.0,0.0,0.0,0.0,0.0,0.9983203125,4.66,1.16,0.16468649986200035,0.0,100,0,0,0,1.671875,1.72658975,1.671875,1.671875,1.7111141,1.7420654000000002,0.0,0.01792626186967699
tdl,high,128,16qam,1182501,tdl:high:128:16qam:1182501,ofdm,phase_absolute,581062005.0873833,6537456.0,0.0,0.0,0.0,0.0,0.0,0.9983203125,4.66,1.16,0.15687950016581453,0.0,100,0,0,0,1.6796875,1.733355,1.65625,1.703125,1.7160976000000001,1.7506124,0.027906976744186046,0.01991213571368817
tdl,high,128,16qam,1182501,tdl:high:128:16qam:1182501,ofdm,phase_relative,581062005.0873833,6537456.0,0.0,0.0,0.0,0.0,0.0,0.9983203125,4.66,1.16,0.04155490000266582,0.0,100,0,0,0,1.09375,1.12356995,0.45312500000000006,1.734375,0.46149530000000005,1.7856446000000001,1.1714285714285715,1.1785196818409038
tdl,high,128,16qam,1182501,tdl:high:128:16qam:1182501,ofdm,r6_deep,443496349.0873833,5152936.0,0.0,0.0,0.0,0.0,0.0,0.9983203125,4.66,1.16,0.15863400013768114,0.0,100,0,0,0,1.9140625000000002,1.9734641000000002,1.9062500000000002,1.9218750000000002,1.9701244000000002,1.9768038,0.008163265306122448,0.0033846067937085304
tdl,high,128,16qam,1182501,tdl:high:128:16qam:1182501,ofdm,radau,419699253.0873833,4834872.399999999,0.0,0.0,0.0,0.0,0.0,0.9996484375,8.9,2.33,0.25775810034247115,0.0,0,0,0,0,1.1875,1.2845322000000001,1.1875,1.1875,1.2309684,1.3380960000000002,0.0,0.08339814291926671
tdl,high,128,16qam,1182501,tdl:high:128:16qam:1182501,ofdm,relative_radau,593513701.0873833,6489584.0,0.0,0.0,0.0,0.0,0.0,0.9997265625,5.38,1.35,0.08676739991642535,0.0,100,0,0,0,1.3671875,1.4113282000000003,1.0,1.734375,1.076583,1.7460734000000002,0.5371428571428571,0.47436903762002347
tdl,high,128,16qam,1182501,tdl:high:128:16qam:1182501,ofdm,residual,327878949.0873833,3764128.0,0.0,0.0,0.0,0.0,,0.0,5.01,1.0,0.07839340000646189,0.0,0,0,0,0,0.9921875,1.01275895,0.9843750000000001,1.0,1.00286,1.0226579,0.01574803149606288,0.019548481896901452
tdl,high,128,16qam,1182501,tdl:high:128:16qam:1182501,ofdm,stable,373337965.0873833,3981744.0,0.0,0.0,0.0,0.0,,0.0,8.46,4.23,0.25786290018004365,0.0,0,0,0,0,1.2578125,1.2598726,1.25,1.265625,1.2488865,1.2708587,0.012422360248447204,0.0174400173477858
tdl,high,128,16qam,1182501,tdl:high:128:16qam:1182501,otfs,gray,414700741.0873833,4846392.399999999,0.0,0.0,0.0,0.0,0.0,0.984765625,8.67,2.22,0.27736849946086295,0.0,0,0,0,0,1.0625,1.14735395,0.9062500000000001,1.21875,0.9943757000000001,1.3003322000000002,0.29411764705882343,0.26666269811508475
tdl,high,128,16qam,1182501,tdl:high:128:16qam:1182501,otfs,merged_absolute,547772229.0873833,6214896.0,0.0,0.0,0.0,0.0,0.0,1.0,4.6,1.15,0.17137410005670972,0.0,100,0,0,0,1.0234375,1.067191,0.34375,1.703125,0.34921030000000003,1.7851717,1.3282442748091603,1.345552389403584
tdl,high,128,16qam,1182501,tdl:high:128:16qam:1182501,otfs,phase_absolute,580212549.0873833,6542576.0,0.0,0.0,0.0,0.0,0.0,1.0,4.6,1.15,0.1647212999232579,0.0,100,0,0,0,1.09375,1.09312685,0.40625,1.78125,0.4092986,1.7769551000000001,1.2571428571428571,1.2511416218529443
tdl,high,128,16qam,1182501,tdl:high:128:16qam:1182501,otfs,phase_relative,580212549.0873833,6542576.0,0.0,0.0,0.0,0.0,0.0,1.0,4.6,1.15,0.16686099983053282,0.0,100,0,0,0,1.71875,1.8661321000000002,1.65625,1.78125,1.8032718,1.9289924,0.07272727272727272,0.06736961440189575
tdl,high,128,16qam,1182501,tdl:high:128:16qam:1182501,otfs,r6_deep,442646893.0873833,5158056.0,0.0,0.0,0.0,0.0,0.0,1.0,4.6,1.15,0.1654412000789307,0.0,100,0,0,0,1.2109375,1.26354935,0.5,1.9218750000000002,0.5155084,2.0115903,1.1741935483870969,1.1840312370862287
tdl,high,128,16qam,1182501,tdl:high:128:16qam:1182501,otfs,radau,419026877.0873833,5001792.0,0.0,0.0,0.0,0.0,0.0,0.9998828125,8.85,2.31,0.2695186997298151,0.0,0,0,0,0,1.203125,1.2853305500000003,1.140625,1.265625,1.2469910000000002,1.3236701000000002,0.1038961038961039,0.05965710532594124
tdl,high,128,16qam,1182501,tdl:high:128:16qam:1182501,otfs,relative_radau,592208981.0873833,6494704.0,0.0,0.0,0.0,0.0,0.0,0.9998046875,5.3,1.33,0.1608346997818444,0.0,100,0,0,0,1.7265625,1.7765822500000001,1.703125,1.75,1.7598545,1.7933100000000002,0.027149321266968326,0.01883138256053165
tdl,high,128,16qam,1182501,tdl:high:128:16qam:1182501,otfs,residual,327585029.0873833,3606961.9999999995,0.0,0.0,0.0,0.0,,0.0,4.97,1.0,0.09813289999146946,0.0,0,0,0,0,0.625,0.6423406500000001,0.203125,1.046875,0.20780320000000002,1.0768781,1.35,1.3529813191800952
tdl,high,128,16qam,1182501,tdl:high:128:16qam:1182501,otfs,stable,370619085.0873833,3990704.0,0.0,0.0,0.0,0.0,,0.0,8.26,4.13,0.3159484000352677,0.0,0,0,0,0,1.1015625,1.2148744000000002,1.0625,1.140625,1.1012695000000001,1.3284793000000001,0.07092198581560284,0.1870232840530675
tdl,high,128,qpsk,1182400,tdl:high:128:qpsk:1182400,afdm,gray,713431393.8036441,11020096.890182206,0.0,0.0,7.8125e-05,7.8125e-05,0.0,0.917265625,22.19,3.97,0.08009299990953878,0.0,0,0,0,0,0.390625,0.3978496,0.359375,0.421875,0.38195120000000005,0.413748,0.16,0.07992165883791251
tdl,high,128,qpsk,1182400,tdl:high:128:qpsk:1182400,afdm,merged_absolute,858541625.8036441,12474673.71346191,0.0,0.0,7.8125e-05,7.8125e-05,0.0,0.946171875,19.39,3.37,0.07915440000942908,0.0,100,0,0,0,0.484375,0.49070430000000004,0.45312500000000006,0.515625,0.4562935,0.5251151000000001,0.12903225806451601,0.1402506560468291
tdl,high,128,qpsk,1182400,tdl:high:128:qpsk:1182400,afdm,phase_absolute,887332409.8036441,12489214.513461908,0.0,0.0,7.8125e-05,7.8125e-05,0.0,0.946171875,19.39,3.37,0.08362710004439577,0.0,100,0,0,0,0.625,0.6261635000000001,0.546875,0.703125,0.5604142000000001,0.6919128,0.25,0.21000681132004642
tdl,high,128,qpsk,1182400,tdl:high:128:qpsk:1182400,afdm,phase_relative,887332409.8036441,12489214.513461908,0.0,0.0,7.8125e-05,7.8125e-05,0.0,0.946171875,19.39,3.37,0.09067579990369268,0.0,100,0,0,0,0.53125,0.54322055,0.46875000000000006,0.59375,0.48260270000000005,0.6038384,0.2352941176470587,0.22317951704883024
tdl,high,128,qpsk,1182400,tdl:high:128:qpsk:1182400,afdm,r6_deep,773589177.8036441,12011256.113461912,0.0,0.0,7.8125e-05,7.8125e-05,0.0,0.946171875,19.39,3.37,0.07842369988793507,0.0,100,0,0,0,0.625,0.6238684000000001,0.609375,0.640625,0.6105243,0.6372125000000001,0.05,0.04277857317344499
tdl,high,128,qpsk,1182400,tdl:high:128:qpsk:1182400,afdm,radau,726929393.8036441,11013824.890182206,0.0,0.0,7.8125e-05,7.8125e-05,0.0,0.999140625,22.79,4.27,0.0719322997611016,0.0,0,0,0,0,0.421875,0.42376015,0.375,0.46875000000000006,0.3827762,0.46474410000000005,0.22222222222222235,0.1934299390822852
tdl,high,128,qpsk,1182400,tdl:high:128:qpsk:1182400,afdm,relative_radau,919109201.8036441,12478992.913461909,0.0,0.0,7.8125e-05,7.8125e-05,0.0,0.999140625,21.0,3.98,0.08491120007238351,0.0,100,0,0,0,0.5,0.5676947999999999,0.4375,0.5625,0.5488419,0.5865477,0.25,0.06641913929808767
tdl,high,128,qpsk,1182400,tdl:high:128:qpsk:1182400,afdm,residual,513607017.8036441,7499232.0,7.8125e-05,7.8125e-05,0.00015625,7.8125e-05,,0.0,12.13,1.0,0.02141380007378757,0.0,0,0,0,0,0.328125,0.33196115000000004,0.28125,0.375,0.2858716,0.3780507,0.2857142857142857,0.2776803851896525
tdl,high,128,qpsk,1182400,tdl:high:128:qpsk:1182400,afdm,stable,463471425.8036441,5944509.599999999,0.00015625,0.00015625,0.000234375,7.8125e-05,,0.0,9.52,4.76,0.06560389950755052,0.0,0,0,0,0,0.34375,0.34105665,0.296875,0.390625,0.2945148,0.3875985,0.2727272727272727,0.272927386110196
tdl,high,128,qpsk,1182400,tdl:high:128:qpsk:1182400,ofdm,gray,727583529.8036441,11248827.31346191,7.8125e-05,7.8125e-05,0.001484375,0.0015625,0.0,0.92125,23.14,3.99,0.0724587005097419,0.0,0,0,0,0,0.390625,0.39848555,0.375,0.40625,0.3813095,0.4156616,0.08,0.08620663911150604
tdl,high,128,qpsk,1182400,tdl:high:128:qpsk:1182400,ofdm,merged_absolute,877656613.8036441,13171695.199999997,7.8125e-05,7.8125e-05,0.001484375,0.0015625,0.0,0.94359375,20.61,3.44,0.0852275998913683,0.0,100,0,0,0,0.5390625,0.5510733,0.53125,0.546875,0.5468048,0.5553418,0.028985507246376812,0.01549158705384568
tdl,high,128,qpsk,1182400,tdl:high:128:qpsk:1182400,ofdm,phase_absolute,906447397.8036441,13462511.199999997,7.8125e-05,7.8125e-05,0.001484375,0.0015625,0.0,0.94359375,20.61,3.44,0.07743289988138713,0.0,100,0,0,0,0.5546875,0.5835499500000001,0.515625,0.59375,0.5190232,0.6480767000000001,0.14084507042253522,0.22115244804664969
tdl,high,128,qpsk,1182400,tdl:high:128:qpsk:1182400,ofdm,phase_relative,906447397.8036441,13462511.199999997,7.8125e-05,7.8125e-05,0.001484375,0.0015625,0.0,0.94359375,20.61,3.44,0.08289590006461367,0.0,100,0,0,0,0.5078125,0.5369699000000001,0.45312500000000006,0.5625,0.5133195,0.5606203000000001,0.21538461538461529,0.08808836398464796
tdl,high,128,qpsk,1182400,tdl:high:128:qpsk:1182400,ofdm,r6_deep,792704165.8036441,12318063.199999997,7.8125e-05,7.8125e-05,0.001484375,0.0015625,0.0,0.94359375,20.61,3.44,0.09056620029150508,0.0,100,0,0,0,0.71875,0.7263857,0.703125,0.734375,0.7148954000000001,0.7378760000000001,0.043478260869565216,0.0316369113543948
tdl,high,128,qpsk,1182400,tdl:high:128:qpsk:1182400,ofdm,radau,739818649.8036441,11244859.31346191,7.8125e-05,7.8125e-05,0.001484375,0.0015625,0.0,0.998125,23.69,4.26,0.06811939991894178,0.0,0,0,0,0,0.390625,0.404412,0.359375,0.421875,0.3616669,0.44715710000000003,0.16,0.2113938260981376
tdl,high,128,qpsk,1182400,tdl:high:128:qpsk:1182400,ofdm,relative_radau,929092001.8036441,13447376.799999997,7.8125e-05,7.8125e-05,0.001484375,0.0015625,0.0,0.998046875,21.77,3.91,0.06393170010414906,0.0,100,0,0,0,0.4921875,0.4917555,0.46875000000000006,0.515625,0.4688874,0.5146236000000001,0.09523809523809512,0.09300597553052291
tdl,high,128,qpsk,1182400,tdl:high:128:qpsk:1182400,ofdm,residual,515475801.8036441,7496928.0,0.000703125,0.000703125,0.001328125,0.0015625,,0.0,12.27,1.0,0.016616900073131546,0.0,0,0,0,0,0.296875,0.30178505,0.296875,0.296875,0.2985027,0.30506740000000004,0.0,0.021752899953129005
tdl,high,128,qpsk,1182400,tdl:high:128:qpsk:1182400,ofdm,stable,449188353.8036441,5311095.199999999,0.00109375,0.00109375,0.00140625,0.0015625,,0.0,8.64,4.32,0.04989039967767894,0.0,0,0,0,0,0.3125,0.32353045,0.296875,0.328125,0.32168,0.32538090000000003,0.1,0.011439108745405591
tdl,high,128,qpsk,1182400,tdl:high:128:qpsk:1182400,otfs,gray,702912777.8036441,10270885.6,0.0,0.0,7.8125e-05,7.8125e-05,0.0,0.9171875,21.57,3.88,0.08033939995220862,0.0,0,0,0,0,0.3671875,0.37001555,0.359375,0.375,0.3565399,0.38349120000000003,0.0425531914893617,0.0728382901745616
tdl,high,128,qpsk,1182400,tdl:high:128:qpsk:1182400,otfs,merged_absolute,848893673.8036441,12235293.6,0.0,0.0,7.8125e-05,7.8125e-05,0.0,0.949140625,18.82,3.29,0.0828241998096928,0.0,100,0,0,0,0.5390625,0.53955805,0.515625,0.5625,0.5134938,0.5656223,0.08695652173913043,0.09661333011341415
tdl,high,128,qpsk,1182400,tdl:high:128:qpsk:1182400,otfs,phase_absolute,877684457.8036441,12522403.690182205,0.0,0.0,7.8125e-05,7.8125e-05,0.0,0.949140625,18.82,3.29,0.07700049979030155,0.0,100,0,0,0,0.578125,0.591945,0.5,0.65625,0.4981013,0.6857887,0.2702702702702703,0.31706898444956877
tdl,high,128,qpsk,1182400,tdl:high:128:qpsk:1182400,otfs,phase_relative,877684457.8036441,12522403.690182205,0.0,0.0,7.8125e-05,7.8125e-05,0.0,0.949140625,18.82,3.29,0.09681180006009527,0.0,100,0,0,0,0.6015625,0.62263625,0.578125,0.625,0.6066289,0.6386436000000001,0.07792207792207792,0.05141798281099127
tdl,high,128,qpsk,1182400,tdl:high:128:qpsk:1182400,otfs,r6_deep,763941225.8036441,11381661.6,0.0,0.0,7.8125e-05,7.8125e-05,0.0,0.949140625,18.82,3.29,0.07673069968586788,0.0,100,0,0,0,0.6640625,0.66385415,0.640625,0.6875,0.6335938,0.6941145000000001,0.07058823529411765,0.09116565739628214
tdl,high,128,qpsk,1182400,tdl:high:128:qpsk:1182400,otfs,radau,718277081.8036441,10728861.6,0.0,0.0,7.8125e-05,7.8125e-05,0.0,0.998671875,22.26,4.21,0.07458669983316213,0.0,0,0,0,0,0.3984375,0.39817565,0.359375,0.4375,0.3608889,0.4354624,0.19607843137254902,0.18728794691488546
tdl,high,128,qpsk,1182400,tdl:high:128:qpsk:1182400,otfs,relative_radau,908748033.8036441,12805770.0,0.0,0.0,7.8125e-05,7.8125e-05,0.0,0.998671875,20.39,3.89,0.07666020051692612,0.0,100,0,0,0,0.5390625,0.54528745,0.48437500000000006,0.59375,0.49696330000000005,0.5936116,0.20289855072463758,0.17724284686911457
tdl,high,128,qpsk,1182400,tdl:high:128:qpsk:1182400,otfs,residual,513594081.8036441,7357272.399999999,0.0,0.0,7.8125e-05,7.8125e-05,,0.0,12.12,1.0,0.016350800084182993,0.0,0,0,0,0,0.28125,0.27539255000000007,0.265625,0.296875,0.26441400000000004,0.28637110000000005,0.1111111111111111,0.07973018877961659
tdl,high,128,qpsk,1182400,tdl:high:128:qpsk:1182400,otfs,stable,457527169.8036441,5322679.199999999,0.0,0.0,7.8125e-05,7.8125e-05,,0.0,9.12,4.56,0.08673170002293773,0.0,0,0,0,0,0.40625,0.4071136,0.328125,0.48437500000000006,0.3411191,0.47310810000000003,0.38461538461538475,0.32420680615926367
tdl,high,128,qpsk,1182401,tdl:high:128:qpsk:1182401,afdm,gray,625014569.8036441,9657630.799999999,0.0,0.0,0.0,0.0,0.0,0.90890625,16.84,3.49,0.06907339999452233,0.0,0,0,0,0,0.375,0.38170575,0.375,0.375,0.3782469,0.3851646,0.0,0.018123122326556586
tdl,high,128,qpsk,1182401,tdl:high:128:qpsk:1182401,afdm,merged_absolute,736984909.8036441,11618620.090182206,0.0,0.0,0.0,0.0,0.0,0.977265625,12.36,2.37,0.05618000007234514,0.0,100,0,0,0,0.4140625,0.45161085,0.375,0.45312500000000006,0.4406397,0.46258200000000005,0.188679245283019,0.048586742324724985
tdl,high,128,qpsk,1182401,tdl:high:128:qpsk:1182401,afdm,phase_absolute,765775693.8036441,11903682.4,0.0,0.0,0.0,0.0,0.0,0.977265625,12.36,2.37,0.05035250014043413,0.0,100,0,0,0,0.421875,0.44296425000000006,0.421875,0.421875,0.4413521,0.44457640000000004,0.0,0.007278916978063157
tdl,high,128,qpsk,1182401,tdl:high:128:qpsk:1182401,afdm,phase_relative,765775693.8036441,11903682.4,0.0,0.0,0.0,0.0,0.0,0.977265625,12.36,2.37,0.052609299833420664,0.0,100,0,0,0,0.4453125,0.44337590000000004,0.4375,0.45312500000000006,0.4352202,0.45153160000000003,0.03508771929824574,0.03678909927219777
tdl,high,128,qpsk,1182401,tdl:high:128:qpsk:1182401,afdm,r6_deep,652032461.8036441,10768403.6,0.0,0.0,0.0,0.0,0.0,0.977265625,12.36,2.37,0.07790169987129048,0.0,100,0,0,0,0.625,0.6695553000000001,0.546875,0.703125,0.5638209000000001,0.7752897000000001,0.25,0.3158347040192199
tdl,high,128,qpsk,1182401,tdl:high:128:qpsk:1182401,afdm,radau,635172361.8036441,9794304.0,0.0,0.0,0.0,0.0,0.0,0.999453125,17.3,3.71,0.07901440028217621,0.0,0,0,0,0,0.3671875,0.38849365,0.328125,0.40625,0.3369671,0.44002020000000003,0.2127659574468085,0.26526328036507163
tdl,high,128,qpsk,1182401,tdl:high:128:qpsk:1182401,afdm,relative_radau,800209569.8036441,11898334.799999999,0.0,0.0,0.0,0.0,0.0,0.99921875,14.16,3.0,0.05474139977013692,0.0,100,0,0,0,0.4296875,0.45249480000000003,0.40625,0.45312500000000006,0.4392652,0.46572440000000004,0.10909090909090922,0.058474042132638904
tdl,high,128,qpsk,1182401,tdl:high:128:qpsk:1182401,afdm,residual,466177945.8036441,6910144.799999999,0.0,0.0,0.0,0.0,,0.0,8.99,1.0,0.014064000133657828,0.0,0,0,0,0,0.2578125,0.25715115,0.25,0.265625,0.24808070000000002,0.2662216,0.06060606060606061,0.07054566934660797
tdl,high,128,qpsk,1182401,tdl:high:128:qpsk:1182401,afdm,stable,446243665.8036441,4989152.0,0.0,0.0,0.0,0.0,,0.0,8.42,4.21,0.047822699474636465,0.0,0,0,0,0,0.3046875,0.3058789,0.296875,0.3125,0.2970181,0.3147397,0.05128205128205128,0.057936654015690536
tdl,high,128,qpsk,1182401,tdl:high:128:qpsk:1182401,ofdm,gray,636939129.8036441,10246936.0,0.0,0.0,0.000625,0.000625,0.0,0.91796875,17.64,3.51,0.06915639975341037,0.0,0,0,0,0,0.34375,0.35603815000000005,0.328125,0.359375,0.34560440000000003,0.3664719,0.09090909090909091,0.058610292183576336
tdl,high,128,qpsk,1182401,tdl:high:128:qpsk:1182401,ofdm,merged_absolute,752579989.8036441,12066988.4,0.0,0.0,0.000625,0.000625,0.0,0.96921875,13.34,2.44,0.05987040026229806,0.0,100,0,0,0,0.4921875,0.49902860000000004,0.46875000000000006,0.515625,0.47143130000000005,0.5266259,0.09523809523809512,0.11060408160975127
tdl,high,128,qpsk,1182401,tdl:high:128:qpsk:1182401,ofdm,phase_absolute,781370773.8036441,12357804.4,0.0,0.0,0.000625,0.000625,0.0,0.96921875,13.34,2.44,0.0685494995850604,0.0,100,0,0,0,0.4921875,0.5107618,0.48437500000000006,0.5,0.4834891,0.5380345000000001,0.03174603174603163,0.10679224640527164
tdl,high,128,qpsk,1182401,tdl:high:128:qpsk:1182401,ofdm,phase_relative,781370773.8036441,12357804.4,0.0,0.0,0.000625,0.000625,0.0,0.96921875,13.34,2.44,0.056663500057766214,0.0,100,0,0,0,0.46875000000000006,0.47689170000000003,0.45312500000000006,0.48437500000000006,0.46460120000000005,0.4891822,0.06666666666666665,0.051544197560997526
tdl,high,128,qpsk,1182401,tdl:high:128:qpsk:1182401,ofdm,r6_deep,667627541.8036441,11238552.113461912,0.0,0.0,0.000625,0.000625,0.0,0.96921875,13.34,2.44,0.06465010010288097,0.0,100,0,0,0,0.59375,0.6291501500000001,0.578125,0.609375,0.6075084000000001,0.6507919000000001,0.05263157894736842,0.06879677291660827
tdl,high,128,qpsk,1182401,tdl:high:128:qpsk:1182401,ofdm,radau,644005881.8036441,10310964.91346191,0.0,0.0,0.000625,0.000625,0.0,0.998828125,17.96,3.67,0.07324660019367002,0.0,0,0,0,0,0.3671875,0.37839975000000003,0.328125,0.40625,0.3443103,0.4124892,0.2127659574468085,0.18017691607882927
tdl,high,128,qpsk,1182401,tdl:high:128:qpsk:1182401,ofdm,relative_radau,809259577.8036441,12359620.399999999,0.0,0.0,0.000625,0.000625,0.0,0.998671875,14.82,2.97,0.050082300207577646,0.0,100,0,0,0,0.484375,0.49726005000000006,0.45312500000000006,0.515625,0.44244120000000003,0.5520789,0.12903225806451601,0.22048362823436146
tdl,high,128,qpsk,1182401,tdl:high:128:qpsk:1182401,ofdm,residual,466687297.8036441,6900288.399999999,7.8125e-05,7.8125e-05,0.000546875,0.000625,,0.0,9.04,1.0,0.014898600114975125,0.0,0,0,0,0,0.2578125,0.26103255000000003,0.25,0.265625,0.259933,0.26213210000000003,0.06060606060606061,0.008424619841471912
tdl,high,128,qpsk,1182401,tdl:high:128:qpsk:1182401,ofdm,stable,445126321.8036441,4686167.199999999,0.000625,0.000625,0.00046875,0.000625,,0.0,8.38,4.19,0.06126340024638921,0.0,0,0,0,0,0.34375,0.3530784,0.3125,0.375,0.2991084,0.40704840000000003,0.18181818181818182,0.305711139508959
tdl,high,128,qpsk,1182401,tdl:high:128:qpsk:1182401,otfs,gray,622027425.8036441,9217133.6,0.0,0.0,0.0,0.0,0.0,0.897890625,16.7,3.42,0.1041908000188414,0.0,0,0,0,0,0.4140625,0.42466740000000003,0.328125,0.5,0.34264500000000003,0.5066898000000001,0.41509433962264153,0.3862900707706785
tdl,high,128,qpsk,1182401,tdl:high:128:qpsk:1182401,otfs,merged_absolute,735172309.8036441,11180865.6,0.0,0.0,0.0,0.0,0.0,0.9490625,12.28,2.32,0.05553699968731962,0.0,100,0,0,0,0.4375,0.44884455,0.40625,0.46875000000000006,0.42645320000000003,0.47123590000000004,0.142857142857143,0.09977329567664352
tdl,high,128,qpsk,1182401,tdl:high:128:qpsk:1182401,otfs,phase_absolute,763963093.8036441,11467967.690182205,0.0,0.0,0.0,0.0,0.0,0.9490625,12.28,2.32,0.053803900169441476,0.0,100,0,0,0,0.4921875,0.49042815000000006,0.421875,0.5625,0.42547470000000004,0.5553816,0.2857142857142857,0.26488467270893806
tdl,high,128,qpsk,1182401,tdl:high:128:qpsk:1182401,otfs,phase_relative,763963093.8036441,11467967.690182205,0.0,0.0,0.0,0.0,0.0,0.9490625,12.28,2.32,0.055967100168345496,0.0,100,0,0,0,0.45312500000000006,0.47083395000000006,0.45312500000000006,0.45312500000000006,0.46360060000000003,0.47806730000000003,0.0,0.0307256942707721
tdl,high,128,qpsk,1182401,tdl:high:128:qpsk:1182401,otfs,r6_deep,650219861.8036441,10327233.6,0.0,0.0,0.0,0.0,0.0,0.9490625,12.28,2.32,0.06992970005376264,0.0,100,0,0,0,0.6328125,0.6366976,0.578125,0.6875,0.5824983,0.6908969,0.1728395061728395,0.17025130925575974
tdl,high,128,qpsk,1182401,tdl:high:128:qpsk:1182401,otfs,radau,635298689.8036441,9517046.799999999,0.0,0.0,0.0,0.0,0.0,0.999296875,17.29,3.71,0.07684680010424927,0.0,0,0,0,0,0.4140625,0.42973680000000003,0.359375,0.46875000000000006,0.3862492,0.47322440000000005,0.2641509433962265,0.2023917895791099
tdl,high,128,qpsk,1182401,tdl:high:128:qpsk:1182401,otfs,relative_radau,799220385.8036441,11744491.2,0.0,0.0,0.0,0.0,0.0,0.99921875,14.1,2.98,0.08200320019386709,0.0,100,0,0,0,0.6640625,0.67466205,0.625,0.703125,0.6578820000000001,0.6914421000000001,0.11764705882352941,0.04974357161485514
tdl,high,128,qpsk,1182401,tdl:high:128:qpsk:1182401,otfs,residual,467826537.8036441,7047624.0,0.0,0.0,0.0,0.0,,0.0,9.09,1.0,0.022463300090748817,0.0,0,0,0,0,0.3515625,0.3774257,0.34375,0.359375,0.349331,0.4055204,0.044444444444444446,0.14887539454785406
tdl,high,128,qpsk,1182401,tdl:high:128:qpsk:1182401,otfs,stable,446546129.8036441,4695191.199999999,0.0,0.0,0.0,0.0,,0.0,8.42,4.21,0.06291369962855242,0.0,0,0,0,0,0.40625,0.40743635,0.359375,0.45312500000000006,0.36421770000000003,0.45065500000000003,0.2307692307692309,0.21214921054540173
tdl,high,256,16qam,1182700,tdl:high:256:16qam:1182700,afdm,gray,1450973251.6072881,23218395.2,0.0,0.0,0.006328125,0.006328125,0.0,0.72009765625,23.17,4.03,0.15015220042550936,0.0,0,0,0,0,0.6171875,0.6396983,0.59375,0.640625,0.6233472,0.6560494,0.0759493670886076,0.051121286393914146
tdl,high,256,16qam,1182700,tdl:high:256:16qam:1182700,afdm,merged_absolute,1824608795.6072881,27173067.2,0.0,0.0,0.006328125,0.006328125,0.0,0.7713671875,22.67,3.89,0.6121354003844317,0.0,100,0,0,0,1.9921875,2.0459065,0.78125,3.203125,0.7803112000000001,3.3115018000000003,1.2156862745098038,1.2371975943182156
tdl,high,256,16qam,1182700,tdl:high:256:16qam:1182700,afdm,phase_absolute,1882190363.6072881,27754699.2,0.0,0.0,0.006328125,0.006328125,0.0,0.7713671875,22.67,3.89,0.12745360046392307,0.0,100,0,0,0,0.71875,0.7560831000000001,0.703125,0.734375,0.7015632,0.8106030000000001,0.043478260869565216,0.1442166872927063
tdl,high,256,16qam,1182700,tdl:high:256:16qam:1182700,afdm,phase_relative,1882190363.6072881,27754699.2,0.0,0.0,0.006328125,0.006328125,0.0,0.7713671875,22.67,3.89,0.3168522999621928,0.0,100,0,0,0,2.5546875,2.6743549,1.65625,3.453125,1.7606111000000002,3.5880987,0.7033639143730887,0.6833377275394527
tdl,high,256,16qam,1182700,tdl:high:256:16qam:1182700,afdm,r6_deep,1637127835.6072881,25288267.2,0.0,0.0,0.006328125,0.006328125,0.0,0.7713671875,22.67,3.89,0.6336312998319045,0.0,100,0,0,0,2.2109375,2.3627796,0.828125,3.5937500000000004,0.8202444000000001,3.9053148,1.2508833922261486,1.3056953767503325
tdl,high,256,16qam,1182700,tdl:high:256:16qam:1182700,afdm,radau,1535092571.6072881,23916236.399999995,0.0,0.0,0.006328125,0.006328125,0.0,0.997578125,25.71,4.36,0.09700290035107173,0.0,0,0,0,0,0.5703125,0.5799715000000001,0.5,0.640625,0.4916009,0.6683421,0.2465753424657534,0.3047411812476993
tdl,high,256,16qam,1182700,tdl:high:256:16qam:1182700,afdm,relative_radau,1968581291.6072881,28411596.399999995,0.0,0.0,0.006328125,0.006328125,0.0,0.99751953125,25.35,4.26,0.5257671004510485,0.0,100,0,0,0,2.0859375,2.2149401,0.890625,3.28125,0.8885941,3.5412861,1.146067415730337,1.1976359992760075
tdl,high,256,16qam,1182700,tdl:high:256:16qam:1182700,afdm,residual,918515571.6072882,12427552.799999999,0.00072265625,0.00072265625,0.00658203125,0.006328125,,0.0,9.14,1.0,0.023931700154207647,0.0,0,0,0,0,1.0234375,1.0707525500000001,0.375,1.671875,0.4020417,1.7394634000000002,1.2671755725190839,1.2490483445498215
tdl,high,256,16qam,1182700,tdl:high:256:16qam:1182700,afdm,stable,1005695251.6072882,16071960.22692382,0.00015625,0.00015625,0.00640625,0.006328125,,0.0,12.54,6.27,0.4057504003867507,0.0,0,0,0,0,1.9296875,2.0313444,1.8125000000000002,2.046875,1.9676094000000002,2.0950794,0.1214574898785424,0.06275154523280235
tdl,high,256,16qam,1182700,tdl:high:256:16qam:1182700,ofdm,gray,1455157763.6072881,23534754.4,0.0,0.0,0.0075390625,0.0075390625,0.0,0.745234375,23.27,4.09,0.11167420013225637,0.0,0,0,0,0,0.5703125,0.6206892500000001,0.4375,0.703125,0.48074170000000005,0.7606368,0.4657534246575342,0.45094239992073315
tdl,high,256,16qam,1182700,tdl:high:256:16qam:1182700,ofdm,merged_absolute,1823855659.6072881,27489293.599999998,0.0,0.0,0.0075390625,0.0075390625,0.0,0.78375,22.63,3.92,0.2164098997891415,0.0,100,0,0,0,0.9921875,0.9923363000000001,0.828125,1.15625,0.8402018,1.1444708000000001,0.33070866141732286,0.30661883476398083
tdl,high,256,16qam,1182700,tdl:high:256:16qam:1182700,ofdm,phase_absolute,1881437227.6072881,28070925.599999998,0.0,0.0,0.0075390625,0.0075390625,0.0,0.78375,22.63,3.92,0.14101449988083914,0.0,100,0,0,0,0.8203125,0.83721575,0.765625,0.875,0.7598755,0.914556,0.13333333333333333,0.18475584101230774
tdl,high,256,16qam,1182700,tdl:high:256:16qam:1182700,ofdm,phase_relative,1881437227.6072881,28070925.599999998,0.0,0.0,0.0075390625,0.0075390625,0.0,0.78375,22.63,3.92,0.1220751003420446,0.0,100,0,0,0,0.671875,0.71791,0.578125,0.765625,0.6628763000000001,0.7729437,0.27906976744186046,0.15331643242189122
tdl,high,256,16qam,1182700,tdl:high:256:16qam:1182700,ofdm,r6_deep,1636374699.6072881,25604493.599999998,0.0,0.0,0.0075390625,0.0075390625,0.0,0.78375,22.63,3.92,0.18828830000711605,0.0,100,0,0,0,1.0546875,1.06605685,0.9687500000000001,1.140625,0.9707713000000001,1.1613424,0.16296296296296287,0.17876260539013467
tdl,high,256,16qam,1182700,tdl:high:256:16qam:1182700,ofdm,radau,1533744051.6072881,24957488.0,0.0,0.0,0.0075390625,0.0075390625,0.0,0.99646484375,25.71,4.35,0.09238039996125735,0.0,0,0,0,0,0.453125,0.46818355,0.421875,0.48437500000000006,0.4621947,0.47417240000000005,0.13793103448275873,0.025583342259675793
tdl,high,256,16qam,1182700,tdl:high:256:16qam:1182700,ofdm,relative_radau,1968195131.6072881,29452848.0,0.0,0.0,0.0075390625,0.0075390625,0.0,0.99646484375,25.37,4.26,0.12420530011877418,0.0,100,0,0,0,0.8671875,0.89446545,0.84375,0.890625,0.8638374000000001,0.9250935,0.05405405405405406,0.06848347244714698
tdl,high,256,16qam,1182700,tdl:high:256:16qam:1182700,ofdm,residual,918330107.6072882,12407840.399999999,0.0006640625,0.0006640625,0.0075390625,0.0075390625,,0.0,9.15,1.0,0.02028340005199425,0.0,0,0,0,0,0.4140625,0.43168765000000003,0.328125,0.5,0.36133400000000004,0.5020413,0.41509433962264153,0.3259470128459778
tdl,high,256,16qam,1182700,tdl:high:256:16qam:1182700,ofdm,stable,1011952467.6072882,16100992.0,0.0001171875,0.0001171875,0.0075,0.0075390625,,0.0,12.78,6.39,0.1153266996552702,0.0,0,0,0,0,0.5234375,0.55165955,0.515625,0.53125,0.5141363,0.5891828,0.029850746268656716,0.13603770658914546
tdl,high,256,16qam,1182700,tdl:high:256:16qam:1182700,otfs,gray,1444480491.6072881,23256744.799999997,1.953125e-05,1.953125e-05,0.0071875,0.00720703125,0.0,0.71328125,22.95,4.02,0.13595040023210458,0.0,0,0,0,0,0.5078125,0.5205373,0.46875000000000006,0.546875,0.48420470000000004,0.5568699,0.15384615384615374,0.13959652843321696
tdl,high,256,16qam,1182700,tdl:high:256:16qam:1182700,otfs,merged_absolute,1816243875.6072881,27211405.599999998,1.953125e-05,1.953125e-05,0.0071875,0.00720703125,0.0,0.7737109375,22.39,3.88,0.13545350011554547,0.0,100,0,0,0,1.328125,1.4171935500000001,0.671875,1.9843750000000002,0.6957388,2.1386483000000003,0.9882352941176472,1.0181456865930558
tdl,high,256,16qam,1182700,tdl:high:256:16qam:1182700,otfs,phase_absolute,1873825443.6072881,27793037.599999998,1.953125e-05,1.953125e-05,0.0071875,0.00720703125,0.0,0.7737109375,22.39,3.88,0.15250119994743727,0.0,100,0,0,0,2.09375,2.19206,0.796875,3.390625,0.8139402,3.5701798,1.2388059701492538,1.2573741594664378
tdl,high,256,16qam,1182700,tdl:high:256:16qam:1182700,otfs,phase_relative,1873825443.6072881,27793037.599999998,1.953125e-05,1.953125e-05,0.0071875,0.00720703125,0.0,0.7737109375,22.39,3.88,0.15174789997399785,0.0,100,0,0,0,2.078125,2.2024762,0.75,3.40625,0.7881976,3.6167548000000003,1.2781954887218046,1.2842623225622143
tdl,high,256,16qam,1182700,tdl:high:256:16qam:1182700,otfs,r6_deep,1628762915.6072881,25326605.599999998,1.953125e-05,1.953125e-05,0.0071875,0.00720703125,0.0,0.7737109375,22.39,3.88,0.14546740005607717,0.0,100,0,0,0,0.84375,0.8762455,0.8125,0.875,0.8735033000000001,0.8789877,0.07407407407407407,0.006258976508295842
tdl,high,256,16qam,1182700,tdl:high:256:16qam:1182700,otfs,radau,1532799179.6072881,24497473.999999996,0.0,0.0,0.00720703125,0.00720703125,0.0,0.99748046875,25.59,4.38,0.09978149997186847,0.0,0,0,0,0,1.3828125,1.4666116500000002,0.45312500000000006,2.3125,0.47571510000000006,2.4575082000000004,1.344632768361582,1.3512732562843068
tdl,high,256,16qam,1182700,tdl:high:256:16qam:1182700,otfs,relative_radau,1966277659.6072881,28992833.999999996,0.0,0.0,0.00720703125,0.00720703125,0.0,0.99744140625,25.23,4.28,0.13798509968910366,0.0,100,0,0,0,2.078125,2.1589361,0.859375,3.296875,0.8767907,3.4410815,1.1729323308270676,1.1877566918261269
tdl,high,256,16qam,1182700,tdl:high:256:16qam:1182700,otfs,residual,919098107.6072882,12415520.399999999,0.00052734375,0.00052734375,0.0071875,0.00720703125,,0.0,9.15,1.0,0.02270890009822324,0.0,0,0,0,0,0.4375,0.43026205,0.359375,0.515625,0.3503117,0.5102124,0.35714285714285715,0.37163561136753753
tdl,high,256,16qam,1182700,tdl:high:256:16qam:1182700,otfs,stable,1007779507.6072882,16147072.0,7.8125e-05,7.8125e-05,0.00716796875,0.00720703125,,0.0,12.58,6.29,0.08686299994587898,0.0,0,0,0,0,1.1328125,1.2294111,0.40625,1.8593750000000002,0.40741510000000003,2.0514071,1.2827586206896553,1.3372190961997983
tdl,high,256,16qam,1182701,tdl:high:256:16qam:1182701,afdm,gray,1555274507.6072881,23577148.799999997,1.953125e-05,1.953125e-05,0.00404296875,0.0040234375,0.0,0.73345703125,26.25,4.36,0.11966200001188554,0.0,0,0,0,0,0.5078125,0.52598195,0.5,0.515625,0.5085217000000001,0.5434422,0.03076923076923077,0.06639106151836562
tdl,high,256,16qam,1182701,tdl:high:256:16qam:1182701,afdm,merged_absolute,1936842371.6072881,27528249.599999998,1.953125e-05,1.953125e-05,0.00404296875,0.0040234375,0.0,0.75458984375,25.95,4.27,0.13479259973973967,0.0,100,0,0,0,0.7265625,0.7578147000000001,0.6875,0.765625,0.6990639000000001,0.8165655,0.10752688172043011,0.1550532075981107
tdl,high,256,16qam,1182701,tdl:high:256:16qam:1182701,afdm,phase_absolute,1994423939.6072881,28109881.599999998,1.953125e-05,1.953125e-05,0.00404296875,0.0040234375,0.0,0.75458984375,25.95,4.27,0.13204249989939854,0.0,100,0,0,0,0.71875,0.7384207,0.6875,0.75,0.7108646000000001,0.7659768,0.08695652173913043,0.07463523165046693
tdl,high,256,16qam,1182701,tdl:high:256:16qam:1182701,afdm,phase_relative,1994423939.6072881,28109881.599999998,1.953125e-05,1.953125e-05,0.00404296875,0.0040234375,0.0,0.75458984375,25.95,4.27,0.14937749999808148,0.0,100,0,0,0,0.8515625,0.8744972500000001,0.78125,0.9218750000000001,0.7964412000000001,0.9525533,0.1651376146788992,0.17851639899382182
tdl,high,256,16qam,1182701,tdl:high:256:16qam:1182701,afdm,r6_deep,1749361411.6072881,25643449.599999998,1.953125e-05,1.953125e-05,0.00404296875,0.0040234375,0.0,0.75458984375,25.95,4.27,0.13162100018234923,0.0,100,0,0,0,0.7734375,0.7999257500000001,0.734375,0.8125,0.7793069,0.8205446000000001,0.10101010101010101,0.05155190966161552
tdl,high,256,16qam,1182701,tdl:high:256:16qam:1182701,afdm,radau,1656911179.6072881,25803289.426923823,3.90625e-05,3.90625e-05,0.0040625,0.0040234375,0.0,0.9963671875,29.25,4.8,0.15322940013720654,0.0,0,0,0,0,0.6328125,0.6400974,0.546875,0.71875,0.5636809,0.7165139,0.2716049382716049,0.23876522541725678
tdl,high,256,16qam,1182701,tdl:high:256:16qam:1182701,afdm,relative_radau,2096387059.6072881,29226551.999999996,3.90625e-05,3.90625e-05,0.0040625,0.0040234375,0.0,0.99638671875,29.02,4.76,0.10432730009779334,0.0,100,0,0,0,0.78125,0.8088420000000001,0.65625,0.9062500000000001,0.6770874,0.9405966,0.3200000000000001,0.32578575296535045
tdl,high,256,16qam,1182701,tdl:high:256:16qam:1182701,afdm,residual,960505803.6072882,12729640.799999999,0.00078125,0.00078125,0.004140625,0.0040234375,,0.0,10.53,1.0,0.020255599985830486,0.0,0,0,0,0,0.3671875,0.3828108,0.328125,0.40625,0.3320755,0.43354610000000005,0.2127659574468085,0.2650672342577587
tdl,high,256,16qam,1182701,tdl:high:256:16qam:1182701,afdm,stable,1031568547.6072882,15524492.98036441,0.00021484375,0.00021484375,0.00408203125,0.0040234375,,0.0,13.36,6.68,0.08688500022981316,0.0,0,0,0,0,0.4453125,0.44562755000000004,0.4375,0.45312500000000006,0.43960580000000005,0.45164930000000003,0.03508771929824574,0.02702593230602548
tdl,high,256,16qam,1182701,tdl:high:256:16qam:1182701,ofdm,gray,1567037619.6072881,23596289.2,1.953125e-05,1.953125e-05,0.00583984375,0.005859375,0.0,0.77455078125,26.59,4.43,0.6734390003839508,0.0,0,0,0,0,2.4765625,2.6729414,2.375,2.578125,2.6398270000000004,2.7060558,0.08201892744479496,0.02477749792793802
tdl,high,256,16qam,1182701,tdl:high:256:16qam:1182701,ofdm,merged_absolute,1941809691.6072881,27551521.2,1.953125e-05,1.953125e-05,0.00583984375,0.005859375,0.0,0.7728125,26.11,4.29,0.7178678999189287,0.0,100,0,0,0,3.2578125,3.539943,3.078125,3.4375,3.4910340000000004,3.588852,0.11031175059952038,0.02763264832230342
tdl,high,256,16qam,1182701,tdl:high:256:16qam:1182701,ofdm,phase_absolute,1999391259.6072881,28133153.2,1.953125e-05,1.953125e-05,0.00583984375,0.005859375,0.0,0.7728125,26.11,4.29,0.7179365002957638,0.0,100,0,0,0,3.421875,3.60586245,3.359375,3.484375,3.5731061000000004,3.6386188,0.0365296803652968,0.018168385763023143
tdl,high,256,16qam,1182701,tdl:high:256:16qam:1182701,ofdm,phase_relative,1999391259.6072881,28133153.2,1.953125e-05,1.953125e-05,0.00583984375,0.005859375,0.0,0.7728125,26.11,4.29,0.5878384999523405,0.0,100,0,0,0,3.3359375,3.5564611,3.015625,3.6562500000000004,3.0377603,4.0751619,0.19203747072599545,0.29169490986419067
tdl,high,256,16qam,1182701,tdl:high:256:16qam:1182701,ofdm,r6_deep,1754328731.6072881,25666721.2,1.953125e-05,1.953125e-05,0.00583984375,0.005859375,0.0,0.7728125,26.11,4.29,0.8308178995794151,0.0,100,0,0,0,3.4921875,3.8620165,2.953125,4.03125,3.0498081000000004,4.6742249000000005,0.3087248322147651,0.42061363538969865
tdl,high,256,16qam,1182701,tdl:high:256:16qam:1182701,ofdm,radau,1667198355.6072881,25765510.226923823,0.0,0.0,0.005859375,0.005859375,0.0,0.99642578125,29.57,4.85,0.5656280999537557,0.0,0,0,0,0,2.46875,2.6383458,2.390625,2.546875,2.6097596000000003,2.666932,0.06329113924050633,0.021669790214762518
tdl,high,256,16qam,1182701,tdl:high:256:16qam:1182701,ofdm,relative_radau,2106680379.6072881,28683783.199999996,0.0,0.0,0.005859375,0.005859375,0.0,0.9963671875,29.34,4.81,0.5790174001012929,0.0,100,0,0,0,3.3671875,3.6216627500000005,3.28125,3.453125,3.5867383000000004,3.6565872,0.05104408352668213,0.019286417543985773
tdl,high,256,16qam,1182701,tdl:high:256:16qam:1182701,ofdm,residual,959716163.6072882,13012016.399999999,0.000859375,0.000859375,0.005859375,0.005859375,,0.0,10.52,1.0,0.07823580005788244,0.0,0,0,0,0,1.421875,1.4789286500000003,1.328125,1.515625,1.3527771000000002,1.6050802000000002,0.13186813186813187,0.1705985613301899
tdl,high,256,16qam,1182701,tdl:high:256:16qam:1182701,ofdm,stable,1076163507.6072881,16761987.999999998,0.00021484375,0.00021484375,0.00572265625,0.005859375,,0.0,14.82,7.41,0.5079826995497569,0.0,0,0,0,0,2.1953125,2.2476264500000003,2.1875,2.203125,2.2264745,2.2687784,0.0071174377224199285,0.018821588436103265
tdl,high,256,16qam,1182701,tdl:high:256:16qam:1182701,otfs,gray,1557891291.6072881,23540181.2,1.953125e-05,1.953125e-05,0.0046484375,0.00462890625,0.0,0.70759765625,26.3,4.37,0.13565880034002475,0.0,0,0,0,0,0.609375,0.6146244000000001,0.546875,0.671875,0.5432548,0.685994,0.20512820512820512,0.23223809533106712
tdl,high,256,16qam,1182701,tdl:high:256:16qam:1182701,otfs,merged_absolute,1939672515.6072881,27491246.8,1.953125e-05,1.953125e-05,0.0046484375,0.00462890625,0.0,0.75919921875,26.01,4.28,0.14638459982234053,0.0,100,0,0,0,0.6640625,0.6998313,0.640625,0.6875,0.6787810000000001,0.7208816,0.07058823529411765,0.060158212414906174
tdl,high,256,16qam,1182701,tdl:high:256:16qam:1182701,otfs,phase_absolute,1997254083.6072881,28072878.8,1.953125e-05,1.953125e-05,0.0046484375,0.00462890625,0.0,0.75919921875,26.01,4.28,0.14785689976997674,0.0,100,0,0,0,0.7421875,0.7600524000000001,0.71875,0.765625,0.7582817000000001,0.7618231000000001,0.06315789473684211,0.00465941558766215
tdl,high,256,16qam,1182701,tdl:high:256:16qam:1182701,otfs,phase_relative,1997254083.6072881,28072878.8,1.953125e-05,1.953125e-05,0.0046484375,0.00462890625,0.0,0.75919921875,26.01,4.28,0.14945179989445023,0.0,100,0,0,0,0.7265625,0.7467641500000001,0.71875,0.734375,0.7394818000000001,0.7540465000000001,0.021505376344086023,0.01950374827179369
tdl,high,256,16qam,1182701,tdl:high:256:16qam:1182701,otfs,r6_deep,1752191555.6072881,25606446.8,1.953125e-05,1.953125e-05,0.0046484375,0.00462890625,0.0,0.75919921875,26.01,4.28,0.15172350019565783,0.0,100,0,0,0,0.8828125,0.9060589000000001,0.84375,0.9218750000000001,0.8478492000000001,0.9642686,0.08849557522123906,0.12848988073512654
tdl,high,256,16qam,1182701,tdl:high:256:16qam:1182701,otfs,radau,1662143075.6072881,25348063.78036441,1.953125e-05,1.953125e-05,0.0046484375,0.00462890625,0.0,0.9966015625,29.39,4.81,0.11736149986973032,0.0,0,0,0,0,0.5546875,0.5652808,0.53125,0.578125,0.5368059000000001,0.5937557,0.08450704225352113,0.10074603630620381
tdl,high,256,16qam,1182701,tdl:high:256:16qam:1182701,otfs,relative_radau,2100364235.6072881,29534749.2,1.953125e-05,1.953125e-05,0.0046484375,0.00462890625,0.0,0.9966015625,29.13,4.76,0.14344879984855652,0.0,100,0,0,0,0.7578125,0.7722925,0.703125,0.8125,0.6978002000000001,0.8467848,0.14432989690721648,0.1929121414489975
tdl,high,256,16qam,1182701,tdl:high:256:16qam:1182701,otfs,residual,962598779.6072882,13004592.0,0.00103515625,0.00103515625,0.0047265625,0.00462890625,,0.0,10.59,1.0,0.02268500009085983,0.0,0,0,0,0,0.3203125,0.33934075,0.3125,0.328125,0.33595460000000005,0.3427269,0.04878048780487805,0.01995722588577986
tdl,high,256,16qam,1182701,tdl:high:256:16qam:1182701,otfs,stable,1034326867.6072882,16779152.0,0.00017578125,0.00017578125,0.0046875,0.00462890625,,0.0,13.42,6.71,0.09482610088889487,0.0,0,0,0,0,0.4375,0.47689925,0.390625,0.48437500000000006,0.4232342,0.5305643,0.2142857142857144,0.22505822770742454
tdl,high,256,qpsk,1182600,tdl:high:256:qpsk:1182600,afdm,gray,1393153548.1152532,19427952.0,0.0,0.0,0.0,0.0,0.0,0.5357421875,21.75,4.11,0.09340860022348352,0.0,0,0,0,0,0.5625,0.55892045,0.46875000000000006,0.65625,0.4715477,0.6462932,0.33333333333333326,0.3126482489592213
tdl,high,256,qpsk,1182600,tdl:high:256:qpsk:1182600,afdm,merged_absolute,1751850408.1152532,23412336.0,0.0,0.0,0.0,0.0,0.0,0.63078125,20.72,3.85,0.09108710021246225,0.0,100,0,0,0,0.578125,0.5890932500000001,0.5625,0.59375,0.5881787,0.5900078000000001,0.05405405405405406,0.003104941365395084
tdl,high,256,qpsk,1182600,tdl:high:256:qpsk:1182600,afdm,phase_absolute,1810242984.1152532,23712258.0,0.0,0.0,0.0,0.0,0.0,0.63078125,20.72,3.85,0.10488689990597777,0.0,100,0,0,0,0.7734375,0.79318625,0.671875,0.875,0.6926282,0.8937443,0.26262626262626265,0.25355469790355045
tdl,high,256,qpsk,1182600,tdl:high:256:qpsk:1182600,afdm,phase_relative,1810242984.1152532,23712258.0,0.0,0.0,0.0,0.0,0.0,0.63078125,20.72,3.85,0.101588800229365,0.0,100,0,0,0,0.640625,0.6703026000000001,0.625,0.65625,0.6669274000000001,0.6736778,0.04878048780487805,0.010070675542657798
tdl,high,256,qpsk,1182600,tdl:high:256:qpsk:1182600,afdm,r6_deep,1560782072.1152532,21491424.0,0.0,0.0,0.0,0.0,0.0,0.63078125,20.72,3.85,0.10410929986392148,0.0,100,0,0,0,0.7734375,0.7974904500000001,0.734375,0.8125,0.7552426000000001,0.8397383,0.10101010101010101,0.10595198976990877
tdl,high,256,qpsk,1182600,tdl:high:256:qpsk:1182600,afdm,radau,1473051548.1152532,20942297.6,0.0,0.0,0.0,0.0,0.0,0.9985546875,24.02,4.46,0.10077119982452132,0.0,0,0,0,0,0.5234375,0.53131475,0.515625,0.53125,0.5142405,0.548389,0.029850746268656716,0.06427169582624993
tdl,high,256,qpsk,1182600,tdl:high:256:qpsk:1182600,afdm,relative_radau,1894905436.1152532,25234440.4,0.0,0.0,0.0,0.0,0.0,0.9985546875,23.14,4.3,0.09727559980819933,0.0,100,0,0,0,0.6953125,0.70893815,0.6875,0.703125,0.6967111,0.7211652000000001,0.02247191011235955,0.034493982302969635
tdl,high,256,qpsk,1182600,tdl:high:256:qpsk:1182600,afdm,residual,964508556.1152532,12625637.2,0.0,0.0,0.0,0.0,,0.0,11.1,1.0,0.023378899844828993,0.0,0,0,0,0,0.328125,0.34637775000000004,0.28125,0.375,0.31190090000000004,0.38085460000000004,0.2857142857142857,0.19907081214079136
tdl,high,256,qpsk,1182600,tdl:high:256:qpsk:1182600,afdm,stable,879967516.1152532,10313952.0,3.90625e-05,3.90625e-05,3.90625e-05,0.0,,0.0,9.04,4.52,0.06123739993199706,0.0,0,0,0,0,0.3671875,0.36257995,0.34375,0.390625,0.3332027,0.3919572,0.1276595744680851,0.16204563986508352
tdl,high,256,qpsk,1182600,tdl:high:256:qpsk:1182600,ofdm,gray,1456637204.1152532,22209499.599999998,0.0,0.0,0.000859375,0.000859375,0.0,0.6287890625,23.6,4.35,0.09221439954126254,0.0,0,0,0,0,0.484375,0.49400995000000003,0.45312500000000006,0.515625,0.46755250000000004,0.5204674,0.12903225806451601,0.10711302474778085
tdl,high,256,qpsk,1182600,tdl:high:256:qpsk:1182600,ofdm,merged_absolute,1816035424.1152532,26196138.0,0.0,0.0,0.000859375,0.000859375,0.0,0.706015625,22.6,4.08,0.09707670041825622,0.0,100,0,0,0,0.6171875,0.6183008000000001,0.609375,0.625,0.6097853000000001,0.6268163,0.02531645569620253,0.027544845486209793
tdl,high,256,qpsk,1182600,tdl:high:256:qpsk:1182600,ofdm,phase_absolute,1874428000.1152532,26785962.0,0.0,0.0,0.000859375,0.000859375,0.0,0.706015625,22.6,4.08,0.1014831998909358,0.0,100,0,0,0,1.90625,1.9596759000000001,0.640625,3.171875,0.6392381,3.2801137000000002,1.3278688524590163,1.3476083468700104
tdl,high,256,qpsk,1182600,tdl:high:256:qpsk:1182600,ofdm,phase_relative,1874428000.1152532,26785962.0,0.0,0.0,0.000859375,0.000859375,0.0,0.706015625,22.6,4.08,0.0994973003398627,0.0,100,0,0,0,0.6796875,0.70065245,0.640625,0.71875,0.6458091,0.7554958,0.11494252873563218,0.15654937051886428
tdl,high,256,qpsk,1182600,tdl:high:256:qpsk:1182600,ofdm,r6_deep,1624967088.1152532,24275226.0,0.0,0.0,0.000859375,0.000859375,0.0,0.706015625,22.6,4.08,0.09669870007201098,0.0,100,0,0,0,0.765625,0.7703692500000001,0.703125,0.828125,0.6990053,0.8417332000000001,0.16326530612244897,0.18527206271537966
tdl,high,256,qpsk,1182600,tdl:high:256:qpsk:1182600,ofdm,radau,1522663076.1152532,23727392.0,0.0,0.0,0.000859375,0.000859375,0.0,0.9978515625,25.56,4.57,0.08784300030674785,0.0,0,0,0,0,0.45312500000000006,0.46389285,0.45312500000000006,0.45312500000000006,0.45238300000000004,0.4754027,0.0,0.04962288166329784
tdl,high,256,qpsk,1182600,tdl:high:256:qpsk:1182600,ofdm,relative_radau,1943905844.1152532,28285216.0,0.0,0.0,0.000859375,0.000859375,0.0,0.99796875,24.67,4.4,0.0822185996803455,0.0,100,0,0,0,1.0859375,1.1121370000000002,0.609375,1.5625,0.6052079,1.6190661000000002,0.8776978417266187,0.9116306714010953
tdl,high,256,qpsk,1182600,tdl:high:256:qpsk:1182600,ofdm,residual,966776660.1152532,12621029.2,0.000546875,0.000546875,0.001171875,0.000859375,,0.0,11.19,1.0,0.018555099988589063,0.0,0,0,0,0,0.3046875,0.32918035,0.296875,0.3125,0.31261690000000003,0.34574380000000005,0.05128205128205128,0.1006345002063459
tdl,high,256,qpsk,1182600,tdl:high:256:qpsk:1182600,ofdm,stable,907544172.1152532,12874567.199999997,0.000703125,0.000703125,0.00125,0.000859375,,0.0,9.94,4.97,0.054438300197944045,0.0,0,0,0,0,0.34375,0.34035745000000006,0.34375,0.34375,0.33487710000000004,0.34583780000000003,0.0,0.03220349664742167
tdl,high,256,qpsk,1182600,tdl:high:256:qpsk:1182600,otfs,gray,1389757444.1152532,19435120.0,0.0,0.0,0.0,0.0,0.0,0.507421875,21.63,4.1,0.5332391996926162,0.0,0,0,0,0,1.359375,1.448622,0.48437500000000006,2.234375,0.4843353,2.4129087,1.2873563218390804,1.3313158298023913
tdl,high,256,qpsk,1182600,tdl:high:256:qpsk:1182600,otfs,merged_absolute,1746877016.1152532,23419504.0,0.0,0.0,0.0,0.0,0.0,0.586953125,20.55,3.84,0.35411280023981817,0.0,100,0,0,0,1.34375,1.38086725,0.703125,1.9843750000000002,0.7251067,2.0366278,0.9534883720930234,0.9497807265687561
tdl,high,256,qpsk,1182600,tdl:high:256:qpsk:1182600,otfs,phase_absolute,1805269592.1152532,23752288.4,0.0,0.0,0.0,0.0,0.0,0.586953125,20.55,3.84,0.1183925001823809,0.0,100,0,0,0,0.703125,0.7069253000000001,0.6875,0.71875,0.6876960000000001,0.7261546000000001,0.044444444444444446,0.0544026363181513
tdl,high,256,qpsk,1182600,tdl:high:256:qpsk:1182600,otfs,phase_relative,1805269592.1152532,23752288.4,0.0,0.0,0.0,0.0,0.0,0.586953125,20.55,3.84,0.5858628996356856,0.0,100,0,0,0,2.015625,2.10416035,0.734375,3.296875,0.7482671000000001,3.4600536,1.2713178294573644,1.2887736906552774
tdl,high,256,qpsk,1182600,tdl:high:256:qpsk:1182600,otfs,r6_deep,1555808680.1152532,21498592.0,0.0,0.0,0.0,0.0,0.0,0.586953125,20.55,3.84,0.11452859989367425,0.0,100,0,0,0,0.75,0.7638171500000001,0.734375,0.765625,0.7375749,0.7900594000000001,0.041666666666666664,0.06871343488425213
tdl,high,256,qpsk,1182600,tdl:high:256:qpsk:1182600,otfs,radau,1473881852.1152532,20991314.0,0.0,0.0,0.0,0.0,0.0,0.998984375,23.95,4.53,0.5367233001452405,0.0,0,0,0,0,1.3828125,1.48560585,0.46875000000000006,2.296875,0.5076633,2.4635484,1.3220338983050848,1.3165572146878664
tdl,high,256,qpsk,1182600,tdl:high:256:qpsk:1182600,otfs,relative_radau,1896024516.1152532,25243978.0,0.0,0.0,0.0,0.0,0.0,0.998984375,23.08,4.37,0.5353126997069921,0.0,100,0,0,0,2.0390625,2.0738429,0.734375,3.34375,0.7393624000000001,3.4083234,1.2796934865900382,1.286963925763133
tdl,high,256,qpsk,1182600,tdl:high:256:qpsk:1182600,otfs,residual,969381764.1152532,13225768.0,0.0,0.0,0.0,0.0,,0.0,11.25,1.0,0.025705999898491427,0.0,0,0,0,0,0.375,0.36554815,0.359375,0.390625,0.3534873,0.37760900000000003,0.08333333333333333,0.06598775017737067
tdl,high,256,qpsk,1182600,tdl:high:256:qpsk:1182600,otfs,stable,878693740.1152532,9684944.0,0.0,0.0,0.0,0.0,,0.0,8.98,4.49,0.06663150008535013,0.0,0,0,0,0,0.3515625,0.36912490000000003,0.34375,0.359375,0.36900910000000003,0.36924070000000003,0.044444444444444446,0.0006274299024530679
tdl,high,256,qpsk,1182601,tdl:high:256:qpsk:1182601,afdm,gray,1365153532.1152532,19900449.90949051,0.0,0.0,3.90625e-05,3.90625e-05,0.0,0.5776171875,21.03,3.93,0.10622239991789684,0.0,0,0,0,0,0.546875,0.5510091,0.546875,0.546875,0.5359057,0.5661125,0.0,0.054820873194290215
tdl,high,256,qpsk,1182601,tdl:high:256:qpsk:1182601,afdm,merged_absolute,1730215084.1152532,23732754.0,0.0,0.0,3.90625e-05,3.90625e-05,0.0,0.6521484375,20.21,3.68,0.1353584002936259,0.0,100,0,0,0,0.7734375,0.7844137500000001,0.6875,0.859375,0.6909730000000001,0.8778545000000001,0.2222222222222222,0.23824352900494158
tdl,high,256,qpsk,1182601,tdl:high:256:qpsk:1182601,afdm,phase_absolute,1788607660.1152532,24322578.0,0.0,0.0,3.90625e-05,3.90625e-05,0.0,0.6521484375,20.21,3.68,0.12286280040279962,0.0,100,0,0,0,0.8046875,0.82617585,0.796875,0.8125,0.8161228,0.8362289,0.019417475728155338,0.02433634437511096
tdl,high,256,qpsk,1182601,tdl:high:256:qpsk:1182601,afdm,phase_relative,1788607660.1152532,24322578.0,0.0,0.0,3.90625e-05,3.90625e-05,0.0,0.6521484375,20.21,3.68,0.15676129976054654,0.0,100,0,0,0,0.9687500000000001,1.030697,0.9687500000000001,0.9687500000000001,1.0286242,1.0327698,0.0,0.004022132595709478
tdl,high,256,qpsk,1182601,tdl:high:256:qpsk:1182601,afdm,r6_deep,1539146748.1152532,21811842.0,0.0,0.0,3.90625e-05,3.90625e-05,0.0,0.6521484375,20.21,3.68,0.16272360016591847,0.0,100,0,0,0,1.125,1.15188865,1.0625,1.1875,1.089871,1.2139063,0.1111111111111111,0.10767993937608471
tdl,high,256,qpsk,1182601,tdl:high:256:qpsk:1182601,afdm,radau,1445488628.1152532,21884689.6,0.0,0.0,3.90625e-05,3.90625e-05,0.0,0.9991015625,23.28,4.31,0.14610419984092005,0.0,0,0,0,0,0.640625,0.65971935,0.546875,0.734375,0.5745955,0.7448432,0.2926829268292683,0.2580607950941563
tdl,high,256,qpsk,1182601,tdl:high:256:qpsk:1182601,afdm,relative_radau,1872806436.1152532,26442513.6,0.0,0.0,3.90625e-05,3.90625e-05,0.0,0.9991015625,22.59,4.14,0.11915070001850836,0.0,100,0,0,0,0.8046875,0.82209745,0.734375,0.875,0.7616923000000001,0.8825026,0.17475728155339806,0.1469537461769282
tdl,high,256,qpsk,1182601,tdl:high:256:qpsk:1182601,afdm,residual,978899204.1152532,13528880.0,0.0,0.0,3.90625e-05,3.90625e-05,,0.0,11.57,1.0,0.02848799992352724,0.0,0,0,0,0,0.4453125,0.46291380000000004,0.421875,0.46875000000000006,0.4275358,0.4982918,0.10526315789473696,0.152849191361329
tdl,high,256,qpsk,1182601,tdl:high:256:qpsk:1182601,afdm,stable,895897516.1152532,10983011.999999998,0.0,0.0,3.90625e-05,3.90625e-05,,0.0,9.54,4.77,0.07495890013524331,0.0,0,0,0,0,0.46875,0.497543,0.4375,0.5,0.44730630000000005,0.5477797,0.13333333333333333,0.2019391288793128
tdl,high,256,qpsk,1182601,tdl:high:256:qpsk:1182601,ofdm,gray,1420509748.1152532,22801896.0,3.90625e-05,3.90625e-05,0.0007421875,0.00078125,0.0,0.6758984375,22.7,4.09,0.10777860030066222,0.0,0,0,0,0,0.6328125,0.6510041500000001,0.53125,0.734375,0.5358289,0.7661794000000001,0.32098765432098764,0.3538387581707428
tdl,high,256,qpsk,1182601,tdl:high:256:qpsk:1182601,ofdm,merged_absolute,1781635216.1152532,26786758.4,3.90625e-05,3.90625e-05,0.0007421875,0.00078125,0.0,0.7243359375,21.78,3.81,0.10153980003087781,0.0,100,0,0,0,0.6953125,0.7037469000000001,0.640625,0.75,0.6541807000000001,0.7533131000000001,0.15730337078651685,0.14086371108703996
tdl,high,256,qpsk,1182601,tdl:high:256:qpsk:1182601,ofdm,phase_absolute,1840027792.1152532,27376582.4,3.90625e-05,3.90625e-05,0.0007421875,0.00078125,0.0,0.7243359375,21.78,3.81,0.11865670015686192,0.0,100,0,0,0,0.7265625,0.74907575,0.65625,0.796875,0.699887,0.7982645,0.1935483870967742,0.13133184460984088
tdl,high,256,qpsk,1182601,tdl:high:256:qpsk:1182601,ofdm,phase_relative,1840027792.1152532,27376582.4,3.90625e-05,3.90625e-05,0.0007421875,0.00078125,0.0,0.7243359375,21.78,3.81,0.11469359995680861,0.0,100,0,0,0,0.71875,0.73863145,0.6875,0.75,0.719234,0.7580289,0.08695652173913043,0.052522675550844694
tdl,high,256,qpsk,1182601,tdl:high:256:qpsk:1182601,ofdm,r6_deep,1590566880.1152532,24865846.4,3.90625e-05,3.90625e-05,0.0007421875,0.00078125,0.0,0.7243359375,21.78,3.81,0.09412099962355569,0.0,100,0,0,0,0.7109375,0.7235566,0.703125,0.71875,0.7129847,0.7341285000000001,0.02197802197802198,0.029222040127890543
tdl,high,256,qpsk,1182601,tdl:high:256:qpsk:1182601,ofdm,radau,1491385148.1152532,23741381.2,0.0,0.0,0.00078125,0.00078125,0.0,0.9980078125,24.73,4.39,0.09657779993722215,0.0,0,0,0,0,0.5,0.5051381500000001,0.48437500000000006,0.515625,0.5040324,0.5062439000000001,0.06249999999999989,0.004378010253234749
tdl,high,256,qpsk,1182601,tdl:high:256:qpsk:1182601,ofdm,relative_radau,1918754444.1152532,28299205.2,0.0,0.0,0.00078125,0.00078125,0.0,0.99796875,24.03,4.23,0.09738439973443747,0.0,100,0,0,0,0.734375,0.7487575500000001,0.71875,0.75,0.7390479000000001,0.7584672,0.0425531914893617,0.025935364524871787
tdl,high,256,qpsk,1182601,tdl:high:256:qpsk:1182601,ofdm,residual,977493100.1152532,13539581.2,0.0004296875,0.0004296875,0.0011328125,0.00078125,,0.0,11.54,1.0,0.024836700089508668,0.0,0,0,0,0,0.375,0.3797064,0.34375,0.40625,0.3537018,0.40571100000000004,0.16666666666666666,0.13697214479397776
tdl,high,256,qpsk,1182601,tdl:high:256:qpsk:1182601,ofdm,stable,917714796.1152532,12207120.0,0.00046875,0.00046875,0.00109375,0.00078125,,0.0,10.26,5.13,0.05786310011171736,0.0,0,0,0,0,0.3359375,0.3455565500000001,0.328125,0.34375,0.33696220000000005,0.35415090000000005,0.046511627906976744,0.049742075501101046
tdl,high,256,qpsk,1182601,tdl:high:256:qpsk:1182601,otfs,gray,1361342348.1152532,19755538.0,0.0,0.0,0.0,0.0,0.0,0.5405078125,20.93,3.89,0.09746809990610927,0.0,0,0,0,0,0.46875000000000006,0.4761109,0.46875000000000006,0.46875000000000006,0.471496,0.48072580000000004,0.0,0.019385819564307412
tdl,high,256,qpsk,1182601,tdl:high:256:qpsk:1182601,otfs,merged_absolute,1726690436.1152532,23724664.0,0.0,0.0,0.0,0.0,0.0,0.594375,20.12,3.64,0.11687869994784705,0.0,100,0,0,0,0.6875,0.70194275,0.671875,0.703125,0.6764964,0.7273891,0.045454545454545456,0.07250263643295699
tdl,high,256,qpsk,1182601,tdl:high:256:qpsk:1182601,otfs,phase_absolute,1785083012.1152532,24314488.0,0.0,0.0,0.0,0.0,0.0,0.594375,20.12,3.64,0.13622160008526407,0.0,100,0,0,0,0.765625,0.7972588,0.703125,0.828125,0.7267065,0.8678111000000001,0.16326530612244897,0.17698719662925014
tdl,high,256,qpsk,1182601,tdl:high:256:qpsk:1182601,otfs,phase_relative,1785083012.1152532,24314488.0,0.0,0.0,0.0,0.0,0.0,0.594375,20.12,3.64,0.1067928000993561,0.0,100,0,0,0,0.6875,0.6951384,0.6875,0.6875,0.6915747000000001,0.6987021,0.0,0.010253210008251442
tdl,high,256,qpsk,1182601,tdl:high:256:qpsk:1182601,otfs,r6_deep,1535622100.1152532,21816762.20576266,0.0,0.0,0.0,0.0,0.0,0.594375,20.12,3.64,0.1391802002035547,0.0,100,0,0,0,0.8828125,0.90048395,0.78125,0.9843750000000001,0.8052704,0.9956975,0.23008849557522137,0.21147195349789405
tdl,high,256,qpsk,1182601,tdl:high:256:qpsk:1182601,otfs,radau,1448022788.1152532,21603030.8,0.0,0.0,0.0,0.0,0.0,0.998828125,23.31,4.34,0.09251579991541803,0.0,0,0,0,0,0.515625,0.5083763,0.45312500000000006,0.578125,0.4473692,0.5693834,0.24242424242424232,0.24000764787815632
tdl,high,256,qpsk,1182601,tdl:high:256:qpsk:1182601,otfs,relative_radau,1875351124.1152532,26160854.8,0.0,0.0,0.0,0.0,0.0,0.9988671875,22.61,4.18,0.1021481997158844,0.0,100,0,0,0,0.6953125,0.69286375,0.671875,0.71875,0.6750739,0.7106536,0.06741573033707865,0.0513516546362831
tdl,high,256,qpsk,1182601,tdl:high:256:qpsk:1182601,otfs,residual,979485836.1152532,13547261.2,0.0,0.0,0.0,0.0,,0.0,11.58,1.0,0.020741299988003448,0.0,0,0,0,0,0.3359375,0.34411900000000006,0.3125,0.359375,0.32897220000000005,0.3592658,0.13953488372093023,0.08803233765063821
tdl,high,256,qpsk,1182601,tdl:high:256:qpsk:1182601,otfs,stable,883799532.1152532,9684944.0,0.0,0.0,0.0,0.0,,0.0,9.14,4.57,0.11221530009061098,0.0,0,0,0,0,0.4609375,0.51554825,0.421875,0.5,0.42555950000000003,0.605537,0.1694915254237288,0.34909923561955636
tdl,moderate,128,16qam,1182100,tdl:moderate:128:16qam:1182100,afdm,gray,418679797.0873833,4666416.0,0.0,0.0,0.0,0.0,0.0,0.9726953125,8.77,2.34,0.049153900356031954,0.0,0,0,0,0,0.25,0.24656365000000002,0.23437500000000003,0.265625,0.2309148,0.2622125,0.12499999999999989,0.12693558032581043
tdl,moderate,128,16qam,1182100,tdl:moderate:128:16qam:1182100,afdm,merged_absolute,450007069.0873833,6208769.2,0.0,0.0,0.0,0.0,0.0,0.9995703125,5.12,1.28,0.03410579971387051,0.7,30,0,0,0,0.25,0.25878585,0.25,0.25,0.2554822,0.26208950000000003,0.0,0.02553192147097702
tdl,moderate,128,16qam,1182100,tdl:moderate:128:16qam:1182100,afdm,phase_absolute,473299621.0873833,6535556.0,0.0,0.0,0.0,0.0,0.0,0.999765625,5.2,1.3,0.033960299915634096,0.77,23,0,0,0,0.2578125,0.26739415,0.25,0.265625,0.2665545,0.2682338,0.06060606060606061,0.006280242107016907
tdl,moderate,128,16qam,1182100,tdl:moderate:128:16qam:1182100,afdm,phase_relative,465931061.0873833,5656488.0,0.0,0.0,0.0,0.0,0.0,0.9996875,5.36,1.34,0.03087909970781766,0.84,16,0,0,0,0.25,0.24450575000000002,0.23437500000000003,0.265625,0.23693530000000002,0.25207620000000003,0.12499999999999989,0.06192451506764161
tdl,moderate,128,16qam,1182100,tdl:moderate:128:16qam:1182100,afdm,r6_deep,446004333.0873833,5154780.4,0.0,0.0,0.0,0.0,0.0,0.9995703125,4.76,1.19,0.03314650000538677,0.0,100,0,0,0,0.390625,0.39608940000000004,0.359375,0.421875,0.3681225,0.42405630000000005,0.16,0.14121508932074434
tdl,moderate,128,16qam,1182100,tdl:moderate:128:16qam:1182100,afdm,radau,429663941.0873833,4661296.0,0.0,0.0,0.0,0.0,0.0,0.99953125,9.21,2.56,0.04819590019178577,0.0,0,0,0,0,0.2578125,0.2681389,0.25,0.265625,0.24872390000000003,0.28755390000000003,0.06060606060606061,0.14481300549826975
tdl,moderate,128,16qam,1182100,tdl:moderate:128:16qam:1182100,afdm,relative_radau,481612877.0873833,6492656.0,0.0,0.0,0.0,0.0,0.0,0.9996875,6.16,1.54,0.028729799843858927,0.84,16,0,0,0,0.2890625,0.2876903,0.23437500000000003,0.34375,0.2440043,0.3313763,0.3783783783783783,0.3037015846554437
tdl,moderate,128,16qam,1182100,tdl:moderate:128:16qam:1182100,afdm,residual,331683917.0873833,3596952.0,0.0,0.0,0.0,0.0,,0.0,5.22,1.0,0.014113799959886819,0.0,0,0,0,0,0.1875,0.18026435000000002,0.1875,0.1875,0.17861180000000001,0.18191690000000002,0.0,0.018334740063689826
tdl,moderate,128,16qam,1182100,tdl:moderate:128:16qam:1182100,afdm,stable,373480797.0873833,3987120.0,0.0,0.0,0.0,0.0,,0.0,8.44,4.22,0.04209670011186972,0.0,0,0,0,0,0.2265625,0.2247154,0.21875,0.23437500000000003,0.21433590000000002,0.23509490000000002,0.06896551724137943,0.09237907148330732
tdl,moderate,128,16qam,1182100,tdl:moderate:128:16qam:1182100,ofdm,gray,420013317.0873833,4662576.0,0.0,0.0,3.90625e-05,3.90625e-05,0.0,0.971640625,8.85,2.36,0.048718399775680155,0.0,0,0,0,0,0.2265625,0.24366000000000002,0.203125,0.25,0.226922,0.260398,0.20689655172413793,0.13738816383485186
tdl,moderate,128,16qam,1182100,tdl:moderate:128:16qam:1182100,ofdm,merged_absolute,447151949.0873833,6205820.4,0.0,0.0,3.90625e-05,3.90625e-05,0.0,0.996796875,5.0,1.25,0.033333800063701347,0.7,30,0,0,0,0.2734375,0.26385270000000005,0.265625,0.28125,0.2579809,0.26972450000000003,0.05714285714285714,0.04450816686734689
tdl,moderate,128,16qam,1182100,tdl:moderate:128:16qam:1182100,ofdm,phase_absolute,471323309.0873833,6532994.4,0.0,0.0,3.90625e-05,3.90625e-05,0.0,0.9971484375,5.12,1.28,0.03552780003519729,0.77,23,0,0,0,0.2578125,0.26023545000000003,0.25,0.265625,0.2566308,0.2638401,0.06060606060606061,0.027702989734872896
tdl,moderate,128,16qam,1182100,tdl:moderate:128:16qam:1182100,ofdm,phase_relative,461381685.0873833,5654550.4,0.0,0.0,3.90625e-05,3.90625e-05,0.0,0.9944921875,5.16,1.29,0.03794230002677068,0.84,16,0,0,0,0.2734375,0.27485465,0.265625,0.28125,0.2669012,0.2828081,0.05714285714285714,0.05787386169380799
tdl,moderate,128,16qam,1182100,tdl:moderate:128:16qam:1182100,ofdm,r6_deep,444914421.0873833,5149609.6,0.0,0.0,3.90625e-05,3.90625e-05,0.0,0.99734375,4.72,1.18,0.0366770998807624,0.0,100,0,0,0,0.40625,0.41282575000000005,0.390625,0.421875,0.38633340000000005,0.43931810000000004,0.07692307692307693,0.12834640281038667
tdl,moderate,128,16qam,1182100,tdl:moderate:128:16qam:1182100,ofdm,radau,428919029.0873833,4657456.0,0.0,0.0,3.90625e-05,3.90625e-05,0.0,0.9992578125,9.21,2.54,0.047388299979502335,0.0,0,0,0,0,0.2265625,0.23102495,0.21875,0.23437500000000003,0.2262896,0.2357603,0.06896551724137943,0.0409942735622278
tdl,moderate,128,16qam,1182100,tdl:moderate:128:16qam:1182100,ofdm,relative_radau,483921957.0873833,6489584.0,0.0,0.0,3.90625e-05,3.90625e-05,0.0,0.9998046875,6.28,1.57,0.028842499683378264,0.84,16,0,0,0,0.2734375,0.28323565,0.25,0.296875,0.2439685,0.32250280000000003,0.17142857142857143,0.2772754771512697
tdl,moderate,128,16qam,1182100,tdl:moderate:128:16qam:1182100,ofdm,residual,332115949.0873833,3594648.0,0.0,0.0,3.90625e-05,3.90625e-05,,0.0,5.26,1.0,0.014230800123186782,0.0,0,0,0,0,0.2109375,0.20472010000000002,0.1875,0.23437500000000003,0.17766400000000002,0.23177620000000002,0.22222222222222235,0.26432284861134786
tdl,moderate,128,16qam,1182100,tdl:moderate:128:16qam:1182100,ofdm,stable,376841485.0873833,3981744.0,0.0,0.0,3.90625e-05,3.90625e-05,,0.0,8.66,4.33,0.04881579984794371,0.0,0,0,0,0,0.2734375,0.267085,0.25,0.296875,0.2393007,0.2948693,0.17142857142857143,0.20805586236591345
tdl,moderate,128,16qam,1182100,tdl:moderate:128:16qam:1182100,otfs,gray,418859637.0873833,4668976.0,0.0,0.0,0.0,0.0,0.0,0.973671875,8.77,2.34,0.05291039971052669,0.0,0,0,0,0,0.23437500000000003,0.24494680000000002,0.23437500000000003,0.23437500000000003,0.2310779,0.25881570000000004,0.0,0.11324009948282661
tdl,moderate,128,16qam,1182100,tdl:moderate:128:16qam:1182100,otfs,merged_absolute,447524725.0873833,6211970.0,0.0,0.0,0.0,0.0,0.0,0.9992578125,5.0,1.25,0.03623080003308132,0.7,30,0,0,0,0.2578125,0.2715363,0.25,0.265625,0.263123,0.2799496,0.06060606060606061,0.06196814201268863
tdl,moderate,128,16qam,1182100,tdl:moderate:128:16qam:1182100,otfs,phase_absolute,471685077.0873833,6537762.4,0.0,0.0,0.0,0.0,0.0,0.9995703125,5.12,1.28,0.03306059999158606,0.77,23,0,0,0,0.2421875,0.2505175,0.23437500000000003,0.25,0.2495467,0.2514883,0.06451612903225795,0.007750356761503639
tdl,moderate,128,16qam,1182100,tdl:moderate:128:16qam:1182100,otfs,phase_relative,465208037.0873833,5658024.0,0.0,0.0,0.0,0.0,0.0,0.999453125,5.32,1.33,0.03470680012833327,0.84,16,0,0,0,0.2578125,0.2642185,0.25,0.265625,0.24621620000000002,0.2822208,0.06060606060606061,0.13626827795934035
tdl,moderate,128,16qam,1182100,tdl:moderate:128:16qam:1182100,otfs,r6_deep,445273477.0873833,5156736.0,0.0,0.0,0.0,0.0,0.0,0.999375,4.72,1.18,0.032495499996002764,0.0,100,0,0,0,0.3671875,0.37533945,0.34375,0.390625,0.3620222,0.3886567,0.1276595744680851,0.07096109934620516
tdl,moderate,128,16qam,1182100,tdl:moderate:128:16qam:1182100,otfs,radau,428824277.0873833,4663856.0,0.0,0.0,0.0,0.0,0.0,0.9994921875,9.17,2.54,0.052719800267368555,0.0,0,0,0,0,0.2421875,0.254176,0.23437500000000003,0.25,0.2457853,0.26256670000000004,0.06451612903225795,0.06602275588568562
tdl,moderate,128,16qam,1182100,tdl:moderate:128:16qam:1182100,otfs,relative_radau,481778637.0873833,5671281.999999997,0.0,0.0,0.0,0.0,0.0,0.9997265625,6.16,1.54,0.03239789992221631,0.84,16,0,0,0,0.265625,0.26401215,0.25,0.28125,0.2508549,0.2771694,0.11764705882352941,0.09967154920711042
tdl,moderate,128,16qam,1182100,tdl:moderate:128:16qam:1182100,otfs,residual,331822029.0873833,3598488.0,0.0,0.0,0.0,0.0,,0.0,5.22,1.0,0.021934299991698936,0.0,0,0,0,0,0.203125,0.21241160000000003,0.171875,0.23437500000000003,0.18632390000000001,0.23849930000000003,0.3076923076923078,0.24563347764434712
tdl,moderate,128,16qam,1182100,tdl:moderate:128:16qam:1182100,otfs,stable,372377245.0873833,3990704.0,0.0,0.0,0.0,0.0,,0.0,8.36,4.18,0.05487499971059151,0.0,0,0,0,0,0.265625,0.2714844,0.25,0.28125,0.2477968,0.29517200000000005,0.11764705882352941,0.1745043177434874
tdl,moderate,128,16qam,1182101,tdl:moderate:128:16qam:1182101,afdm,gray,475819525.0873833,5004352.0,0.0,0.0,0.0,0.0,0.0,0.9972265625,11.41,3.0,0.08335689996602014,0.0,0,0,0,0,0.3515625,0.36867360000000005,0.34375,0.359375,0.3459274,0.39141980000000004,0.044444444444444446,0.12339478606550629
tdl,moderate,128,16qam,1182101,tdl:moderate:128:16qam:1182101,afdm,merged_absolute,513011277.0873833,6212848.0,0.0,0.0,0.0,0.0,0.0,0.999296875,7.76,1.94,0.08088780011166818,0.67,33,0,0,0,0.4453125,0.45293825,0.421875,0.46875000000000006,0.4459381,0.4599384,0.10526315789473696,0.030909952957163634
tdl,moderate,128,16qam,1182101,tdl:moderate:128:16qam:1182101,afdm,phase_absolute,540111621.0873833,6540528.0,0.0,0.0,0.0,0.0,0.0,0.9995703125,7.8,1.95,0.0519188002217561,0.71,29,0,0,0,0.328125,0.32544885,0.296875,0.359375,0.29631820000000003,0.35457950000000005,0.19047619047619047,0.17901830041802272
tdl,moderate,128,16qam,1182101,tdl:moderate:128:16qam:1182101,afdm,phase_relative,527170845.0873833,6540528.0,0.0,0.0,0.0,0.0,0.0,0.99984375,7.92,1.98,0.055338700098218396,0.81,19,0,0,0,0.3671875,0.38404345000000006,0.296875,0.4375,0.30042420000000003,0.46766270000000004,0.3829787234042553,0.4354676534647316
tdl,moderate,128,16qam,1182101,tdl:moderate:128:16qam:1182101,afdm,r6_deep,503379773.0873833,5156008.0,0.0,0.0,0.0,0.0,0.0,0.9989453125,7.36,1.84,0.06864250000216998,0.0,100,0,0,0,0.5078125,0.51711215,0.45312500000000006,0.5625,0.4566778,0.5775465000000001,0.21538461538461529,0.23373788451886124
tdl,moderate,128,16qam,1182101,tdl:moderate:128:16qam:1182101,afdm,radau,478911629.0873833,5020640.0,0.0,0.0,0.0,0.0,0.0,0.999375,11.55,3.07,0.07922770001459867,0.0,0,0,0,0,0.359375,0.36189845000000004,0.359375,0.359375,0.35624940000000005,0.3675475,0.0,0.03121897869416124
tdl,moderate,128,16qam,1182101,tdl:moderate:128:16qam:1182101,afdm,relative_radau,528707925.0873833,6492656.0,0.0,0.0,0.0,0.0,0.0,0.999921875,8.1,2.05,0.045786499977111816,0.81,19,0,0,0,0.3671875,0.3553826,0.328125,0.40625,0.31565390000000004,0.3951113,0.2127659574468085,0.22358269650793247
tdl,moderate,128,16qam,1182101,tdl:moderate:128:16qam:1182101,afdm,residual,368969517.0873833,3766432.0,0.0,0.0,0.0,0.0,,0.0,7.42,1.0,0.016008899896405637,0.0,0,0,0,0,0.2265625,0.2440913,0.1875,0.265625,0.2017807,0.28640190000000004,0.3448275862068966,0.34667847645532646
tdl,moderate,128,16qam,1182101,tdl:moderate:128:16qam:1182101,afdm,stable,392090157.0873833,3987120.0,0.0,0.0,0.0,0.0,,0.0,9.5,4.75,0.05391119999694638,0.0,0,0,0,0,0.2421875,0.250912,0.23437500000000003,0.25,0.24229620000000002,0.25952780000000003,0.06451612903225795,0.06867587042469078
tdl,moderate,128,16qam,1182101,tdl:moderate:128:16qam:1182101,ofdm,gray,476704581.0873833,5000512.0,0.0,0.0,0.0,0.0,0.0,0.998515625,11.49,3.0,0.07536080008139834,0.0,0,0,0,0,0.328125,0.33908570000000005,0.296875,0.359375,0.3223514,0.35582,0.19047619047619047,0.09870248140809244
tdl,moderate,128,16qam,1182101,tdl:moderate:128:16qam:1182101,ofdm,merged_absolute,513607477.0873833,6209089.6,0.0,0.0,0.0,0.0,0.0,0.9954296875,7.8,1.95,0.06457900002715178,0.67,33,0,0,0,0.3515625,0.38727090000000003,0.296875,0.40625,0.3225467,0.45199510000000004,0.3111111111111111,0.3342580090577423
tdl,moderate,128,16qam,1182101,tdl:moderate:128:16qam:1182101,ofdm,phase_absolute,541018773.0873833,6536580.4,0.0,0.0,0.0,0.0,0.0,0.9973828125,7.86,1.96,0.06988899980206043,0.71,29,0,0,0,0.3828125,0.38451675,0.359375,0.40625,0.374529,0.39450450000000004,0.12244897959183673,0.05194962248068526
tdl,moderate,128,16qam,1182101,tdl:moderate:128:16qam:1182101,ofdm,phase_relative,527724581.0873833,6536241.6,0.0,0.0,0.0,0.0,0.0,0.999375,7.96,1.99,0.06380210004863329,0.81,19,0,0,0,0.34375,0.35162085,0.3125,0.375,0.3361118,0.3671299,0.18181818181818182,0.08821462094753481
tdl,moderate,128,16qam,1182101,tdl:moderate:128:16qam:1182101,ofdm,r6_deep,506667909.0873833,5152848.0,0.0,0.0,0.0,0.0,0.0,0.9928515625,7.52,1.88,0.05734659970039502,0.0,100,0,0,0,0.5078125,0.50822755,0.4375,0.578125,0.43127610000000005,0.585179,0.27692307692307694,0.30282282021114354
tdl,moderate,128,16qam,1182101,tdl:moderate:128:16qam:1182101,ofdm,radau,477220789.0873833,5023448.399999999,0.0,0.0,0.0,0.0,0.0,0.9990234375,11.53,3.02,0.05639159955899231,0.0,0,0,0,0,0.2890625,0.31440545,0.23437500000000003,0.34375,0.2629959,0.365815,0.3783783783783783,0.327027091928591
tdl,moderate,128,16qam,1182101,tdl:moderate:128:16qam:1182101,ofdm,relative_radau,528908941.0873833,6489584.0,0.0,0.0,0.0,0.0,0.0,0.9996484375,8.12,2.06,0.06323889995110221,0.81,19,0,0,0,0.359375,0.35570585,0.296875,0.421875,0.28872980000000004,0.4226819,0.34782608695652173,0.37658109924253413
tdl,moderate,128,16qam,1182101,tdl:moderate:128:16qam:1182101,ofdm,residual,369571029.0873833,3764128.0,0.0,0.0,0.0,0.0,,0.0,7.47,1.0,0.01619179980480112,0.0,0,0,0,0,0.2265625,0.2350968,0.1875,0.265625,0.2063965,0.2637971,0.3448275862068966,0.24415730031204166
tdl,moderate,128,16qam,1182101,tdl:moderate:128:16qam:1182101,ofdm,stable,402417181.0873833,4332096.0,0.0,0.0,0.0,0.0,,0.0,10.12,5.06,0.08661250016302802,0.0,0,0,0,0,0.359375,0.38370745000000006,0.328125,0.390625,0.3657885,0.40162640000000005,0.17391304347826086,0.09339902052983341
tdl,moderate,128,16qam,1182101,tdl:moderate:128:16qam:1182101,otfs,gray,475242077.0873833,5006912.0,0.0,0.0,0.0,0.0,0.0,0.9959375,11.36,3.0,0.08635249998769723,0.0,0,0,0,0,0.3671875,0.3704237,0.34375,0.390625,0.34712410000000005,0.3937233,0.1276595744680851,0.12579972609743909
tdl,moderate,128,16qam,1182101,tdl:moderate:128:16qam:1182101,otfs,merged_absolute,514954125.0873833,6214896.0,0.0,0.0,0.0,0.0,0.0,0.9996484375,7.84,1.96,0.08342160019674338,0.67,33,0,0,0,0.390625,0.38883195000000004,0.359375,0.421875,0.3523759,0.425288,0.16,0.1875157121219076
tdl,moderate,128,16qam,1182101,tdl:moderate:128:16qam:1182101,otfs,phase_absolute,542386957.0873833,6542576.0,0.0,0.0,0.0,0.0,0.0,0.9990625,7.9,1.97,0.0643876004323829,0.71,29,0,0,0,0.3515625,0.38146595000000005,0.328125,0.375,0.3478896,0.41504230000000003,0.13333333333333333,0.17603851667494833
tdl,moderate,128,16qam,1182101,tdl:moderate:128:16qam:1182101,otfs,phase_relative,526491997.0873833,6542576.0,0.0,0.0,0.0,0.0,0.0,0.9996484375,7.88,1.97,0.07531250020838343,0.81,19,0,0,0,0.34375,0.36654965000000006,0.296875,0.390625,0.3282665,0.40483280000000005,0.2727272727272727,0.20888384424865777
tdl,moderate,128,16qam,1182101,tdl:moderate:128:16qam:1182101,otfs,r6_deep,506200037.0873833,5158056.0,0.0,0.0,0.0,0.0,0.0,0.9987109375,7.48,1.87,0.08469799993326887,0.0,100,0,0,0,0.6171875,0.62437645,0.59375,0.640625,0.6052788,0.6434741,0.0759493670886076,0.061173511589042225
tdl,moderate,128,16qam,1182101,tdl:moderate:128:16qam:1182101,otfs,radau,479368533.0873833,5023712.0,0.0,0.0,0.0,0.0,0.0,0.9991796875,11.54,3.09,0.0664833000919316,0.0,0,0,0,0,0.28125,0.28073005,0.28125,0.28125,0.278835,0.2826251,0.0,0.013500870320081581
tdl,moderate,128,16qam,1182101,tdl:moderate:128:16qam:1182101,otfs,relative_radau,528899797.0873833,6494704.0,0.0,0.0,0.0,0.0,0.0,0.9999609375,8.1,2.05,0.05577990002348088,0.81,19,0,0,0,0.3671875,0.36855865000000004,0.359375,0.375,0.36040720000000004,0.37671010000000005,0.0425531914893617,0.044234208042600566
tdl,moderate,128,16qam,1182101,tdl:moderate:128:16qam:1182101,otfs,residual,367751789.0873833,3767968.0,0.0,0.0,0.0,0.0,,0.0,7.34,1.0,0.01626940004643984,0.0,0,0,0,0,0.2265625,0.2254471,0.203125,0.25,0.193526,0.2573682,0.20689655172413793,0.28318040019144175
tdl,moderate,128,16qam,1182101,tdl:moderate:128:16qam:1182101,otfs,stable,391013741.0873833,3990704.0,0.0,0.0,0.0,0.0,,0.0,9.42,4.71,0.07243280039983802,0.0,0,0,0,0,0.3671875,0.38071185,0.296875,0.4375,0.3076146,0.4538091,0.3829787234042553,0.3840030196065607
tdl,moderate,128,qpsk,1182000,tdl:moderate:128:qpsk:1182000,afdm,gray,697143585.8036441,8152270.8,0.0,0.0,0.0,0.0,0.0,0.822890625,20.65,4.39,0.08231380078359507,0.0,0,0,0,0,0.3671875,0.39312185,0.34375,0.390625,0.3821991,0.40404460000000003,0.1276595744680851,0.05556928468870407
tdl,moderate,128,qpsk,1182000,tdl:moderate:128:qpsk:1182000,afdm,merged_absolute,625445321.8036441,6638992.0,0.0,0.0,0.0,0.0,0.0,0.9996875,5.88,1.47,0.0377711002365686,0.0,100,0,0,0,0.3984375,0.40787295,0.390625,0.40625,0.39639800000000003,0.41934790000000005,0.0392156862745098,0.056267276366329326
tdl,moderate,128,qpsk,1182000,tdl:moderate:128:qpsk:1182000,afdm,phase_absolute,654236105.8036441,6929808.0,0.0,0.0,0.0,0.0,0.0,0.9996875,5.88,1.47,0.03628259969991632,0.0,100,0,0,0,0.390625,0.3947796,0.375,0.40625,0.3817805,0.40777870000000005,0.08,0.06585497325596365
tdl,moderate,128,qpsk,1182000,tdl:moderate:128:qpsk:1182000,afdm,phase_relative,583870857.8036441,6929766.2,0.0,0.0,0.0,0.0,0.0,0.999921875,7.71,1.9,0.05846820006263442,0.76,24,0,0,0,0.421875,0.42593005000000006,0.421875,0.421875,0.4254143,0.42644580000000004,0.0,0.0024217591597493963
tdl,moderate,128,qpsk,1182000,tdl:moderate:128:qpsk:1182000,afdm,r6_deep,540492873.8036441,5785360.0,0.0,0.0,0.0,0.0,0.0,0.9996875,5.88,1.47,0.0406557000533212,0.0,100,0,0,0,0.546875,0.5595738,0.515625,0.578125,0.5354261,0.5837215,0.11428571428571428,0.08630747186519452
tdl,moderate,128,qpsk,1182000,tdl:moderate:128:qpsk:1182000,afdm,radau,713502569.8036441,8288944.0,0.0,0.0,0.0,0.0,0.0,0.999609375,21.39,4.74,0.07804419996682554,0.0,0,0,0,0,0.390625,0.38832600000000006,0.375,0.40625,0.36861130000000003,0.40804070000000003,0.08,0.10153685305645256
tdl,moderate,128,qpsk,1182000,tdl:moderate:128:qpsk:1182000,afdm,relative_radau,680692209.8036441,8115728.0,0.0,0.0,0.0,0.0,0.0,0.99953125,12.44,3.62,0.06533899964415468,0.76,24,0,0,0,0.4453125,0.45186190000000004,0.40625,0.48437500000000006,0.4070321,0.4966917,0.1754385964912282,0.1984225711439712
tdl,moderate,128,qpsk,1182000,tdl:moderate:128:qpsk:1182000,afdm,residual,483548465.8036441,5543160.399999999,0.0,0.0,0.0,0.0,,0.0,10.14,1.0,0.01621309990878217,0.0,0,0,0,0,0.265625,0.27283385000000004,0.265625,0.265625,0.26429420000000003,0.2813735,0.0,0.06259963710514645
tdl,moderate,128,qpsk,1182000,tdl:moderate:128:qpsk:1182000,afdm,stable,439665793.8036441,4362688.0,0.0,0.0,0.0,0.0,,0.0,8.0,4.0,0.04522409994387999,0.0,0,0,0,0,0.3359375,0.33679990000000004,0.3125,0.359375,0.3027266,0.3708732,0.13953488372093023,0.20233557076471814
tdl,moderate,128,qpsk,1182000,tdl:moderate:128:qpsk:1182000,ofdm,gray,701029577.8036441,8146894.8,0.0,0.0,0.0,0.0,0.0,0.86171875,20.92,4.41,0.10086490010144189,0.0,0,0,0,0,0.421875,0.42416685000000004,0.375,0.46875000000000006,0.38239310000000004,0.46594060000000004,0.22222222222222235,0.19696848068159967
tdl,moderate,128,qpsk,1182000,tdl:moderate:128:qpsk:1182000,ofdm,merged_absolute,650119673.8036441,6635136.8,0.0,0.0,0.0,0.0,0.0,0.96921875,7.16,1.79,0.06141110009048134,0.0,100,0,0,0,0.47656250000000006,0.48613755000000003,0.46875000000000006,0.48437500000000006,0.47097170000000005,0.5013034000000001,0.032786885245901634,0.06239324652045499
tdl,moderate,128,qpsk,1182000,tdl:moderate:128:qpsk:1182000,ofdm,phase_absolute,678910457.8036441,6925952.8,0.0,0.0,0.0,0.0,0.0,0.96921875,7.16,1.79,0.05705800000578165,0.0,100,0,0,0,0.5078125,0.5053325000000001,0.45312500000000006,0.5625,0.45251860000000005,0.5581464,0.21538461538461529,0.20902633414632935
tdl,moderate,128,qpsk,1182000,tdl:moderate:128:qpsk:1182000,ofdm,phase_relative,592978905.8036441,6932942.399999999,0.0,0.0,0.0,0.0,0.0,0.989140625,8.23,1.99,0.049368400243110955,0.76,24,0,0,0,0.3515625,0.37516520000000003,0.328125,0.375,0.33993690000000004,0.4103935,0.13333333333333333,0.18780153383096293
tdl,moderate,128,qpsk,1182000,tdl:moderate:128:qpsk:1182000,ofdm,r6_deep,565167225.8036441,5781504.8,0.0,0.0,0.0,0.0,0.0,0.96921875,7.16,1.79,0.054426400136435404,0.0,100,0,0,0,0.5703125,0.5734451,0.515625,0.625,0.526682,0.6202082,0.1917808219178082,0.1630952989222508
tdl,moderate,128,qpsk,1182000,tdl:moderate:128:qpsk:1182000,ofdm,radau,717681761.8036441,8284139.2,0.0,0.0,0.0,0.0,0.0,0.999453125,21.66,4.78,0.08737239977926947,0.0,0,0,0,0,0.3671875,0.38897820000000005,0.359375,0.375,0.36409810000000004,0.4138583,0.0425531914893617,0.1279254210133112
tdl,moderate,128,qpsk,1182000,tdl:moderate:128:qpsk:1182000,ofdm,relative_radau,685003113.8036441,8269252.0,0.0,0.0,0.0,0.0,0.0,0.999609375,12.67,3.7,0.0685062003612984,0.76,24,0,0,0,0.40625,0.42005165,0.40625,0.40625,0.41725700000000004,0.4228463,0.0,0.013306220794514111
tdl,moderate,128,qpsk,1182000,tdl:moderate:128:qpsk:1182000,ofdm,residual,483151529.8036441,5684352.0,0.0,0.0,0.0,0.0,,0.0,10.13,1.0,0.015280900086509064,0.0,0,0,0,0,0.296875,0.3002461,0.265625,0.328125,0.2721401,0.32835210000000004,0.21052631578947367,0.18721975073115033
tdl,moderate,128,qpsk,1182000,tdl:moderate:128:qpsk:1182000,ofdm,stable,439189505.8036441,4358080.0,0.0,0.0,0.0,0.0,,0.0,8.0,4.0,0.044689100002869964,0.0,0,0,0,0,0.2890625,0.29397255,0.28125,0.296875,0.2859901,0.30195500000000003,0.05405405405405406,0.054307451495046066
tdl,moderate,128,qpsk,1182000,tdl:moderate:128:qpsk:1182000,otfs,gray,700349721.8036441,8147176.0,0.0,0.0,0.0,0.0,0.0,0.867734375,20.81,4.42,0.08595249999780208,0.0,0,0,0,0,0.375,0.37968595000000005,0.375,0.375,0.3788792,0.3804927,0.0,0.0042495646731199556
tdl,moderate,128,qpsk,1182000,tdl:moderate:128:qpsk:1182000,otfs,merged_absolute,629485457.8036441,6641040.0,0.0,0.0,0.0,0.0,0.0,0.999609375,6.08,1.52,0.03794440004276112,0.0,100,0,0,0,0.3828125,0.39413805,0.359375,0.40625,0.38232720000000003,0.4059489,0.12244897959183673,0.05993255408859908
tdl,moderate,128,qpsk,1182000,tdl:moderate:128:qpsk:1182000,otfs,phase_absolute,658276241.8036441,6931856.0,0.0,0.0,0.0,0.0,0.0,0.999609375,6.08,1.52,0.03997969996999018,0.0,100,0,0,0,0.421875,0.42399685000000004,0.421875,0.421875,0.41158110000000003,0.43641260000000004,0.0,0.058565293586497175
tdl,moderate,128,qpsk,1182000,tdl:moderate:128:qpsk:1182000,otfs,phase_relative,584051133.8036441,6931647.0,0.0,0.0,0.0,0.0,0.0,0.9996875,7.71,1.9,0.05396500002825633,0.76,24,0,0,0,0.359375,0.3561325,0.34375,0.375,0.33883810000000003,0.3734269,0.08695652173913043,0.09712340210455371
tdl,moderate,128,qpsk,1182000,tdl:moderate:128:qpsk:1182000,otfs,r6_deep,544533009.8036441,5787408.0,0.0,0.0,0.0,0.0,0.0,0.999609375,6.08,1.52,0.042293200094718486,0.0,100,0,0,0,0.53125,0.5406993500000001,0.53125,0.53125,0.5367542000000001,0.5446445000000001,0.0,0.01459276768133717
tdl,moderate,128,qpsk,1182000,tdl:moderate:128:qpsk:1182000,otfs,radau,713957297.8036441,8292528.0,0.0,0.0,0.0,0.0,0.0,0.999765625,21.42,4.72,0.09530289980466478,0.0,0,0,0,0,0.390625,0.4045921,0.359375,0.421875,0.38266340000000004,0.42652080000000003,0.16,0.10839905178573676
tdl,moderate,128,qpsk,1182000,tdl:moderate:128:qpsk:1182000,otfs,relative_radau,679872601.8036441,8126460.0,0.0,0.0,0.0,0.0,0.0,0.999609375,12.4,3.59,0.07206809966010042,0.76,24,0,0,0,0.3984375,0.41375480000000003,0.390625,0.40625,0.3976832,0.42982640000000005,0.0392156862745098,0.07768659118879113
tdl,moderate,128,qpsk,1182000,tdl:moderate:128:qpsk:1182000,otfs,residual,481420857.8036441,5544696.399999999,0.0,0.0,0.0,0.0,,0.0,9.99,1.0,0.019092299655312672,0.0,0,0,0,0,0.2734375,0.29724325,0.25,0.296875,0.29057720000000004,0.3039093,0.17142857142857143,0.04485249034250553
tdl,moderate,128,qpsk,1182000,tdl:moderate:128:qpsk:1182000,otfs,stable,440271249.8036441,4365760.0,0.0,0.0,0.0,0.0,,0.0,8.02,4.01,0.05086019969894551,0.0,0,0,0,0,0.2890625,0.29712465,0.28125,0.296875,0.2970664,0.2971829,0.05405405405405406,0.0003920913327117739
tdl,moderate,128,qpsk,1182001,tdl:moderate:128:qpsk:1182001,afdm,gray,923470217.8036441,12070936.0,0.0,0.0,0.0,0.0,0.0,0.950703125,35.38,4.67,0.11270029973820783,0.0,0,0,0,0,0.453125,0.48457380000000005,0.40625,0.5,0.407808,0.5613396,0.20689655172413793,0.31683842584968486
tdl,moderate,128,qpsk,1182001,tdl:moderate:128:qpsk:1182001,afdm,merged_absolute,838206137.8036441,10600249.2,0.0,0.0,0.0,0.0,0.0,0.999453125,18.64,2.9,0.06881349976174533,0.0,97,0,0,0,0.484375,0.48142485,0.45312500000000006,0.515625,0.44706070000000003,0.515789,0.12903225806451601,0.1427601836506778
tdl,moderate,128,qpsk,1182001,tdl:moderate:128:qpsk:1182001,afdm,phase_absolute,866996921.8036441,10891065.2,0.0,0.0,0.0,0.0,0.0,0.999453125,18.64,2.9,0.06932540002162568,0.0,97,0,0,0,0.45312500000000006,0.46425305000000006,0.45312500000000006,0.45312500000000006,0.45311150000000006,0.47539460000000006,0.0,0.047997746056811036
tdl,moderate,128,qpsk,1182001,tdl:moderate:128:qpsk:1182001,afdm,phase_relative,857299925.8036441,9574837.799999995,0.0,0.0,0.0,0.0,0.0,0.999453125,23.43,3.3,0.08605329986312427,0.64,33,0,0,0,0.46875000000000006,0.4920741,0.45312500000000006,0.48437500000000006,0.46773560000000003,0.5164126,0.06666666666666665,0.09892209323758347
tdl,moderate,128,qpsk,1182001,tdl:moderate:128:qpsk:1182001,afdm,r6_deep,759526945.8036441,9851531.399999995,0.0,0.0,0.0,0.0,0.0,0.99953125,19.0,2.93,0.074996799841756,0.0,96,0,0,0,0.6171875,0.6316848,0.59375,0.640625,0.6164064,0.6469632000000001,0.0759493670886076,0.04837349260263987
tdl,moderate,128,qpsk,1182001,tdl:moderate:128:qpsk:1182001,afdm,radau,939147569.8036441,12064536.0,0.0,0.0,0.0,0.0,0.0,0.998671875,36.12,4.98,0.0823573995148763,0.0,0,0,0,0,0.4453125,0.44716895,0.421875,0.46875000000000006,0.417783,0.4765549,0.10526315789473696,0.1314310843809705
tdl,moderate,128,qpsk,1182001,tdl:moderate:128:qpsk:1182001,afdm,relative_radau,963053785.8036441,12954750.799999999,0.0,0.0,0.0,0.0,0.0,0.998828125,29.16,4.75,0.08317669984535314,0.64,33,0,0,0,0.47656250000000006,0.48579785000000003,0.46875000000000006,0.48437500000000006,0.4799955,0.49160020000000004,0.032786885245901634,0.023887919635708604
tdl,moderate,128,qpsk,1182001,tdl:moderate:128:qpsk:1182001,afdm,residual,634143321.8036441,7348184.0,0.0,0.0,0.0,0.0,,0.0,20.11,1.0,0.01908920001005754,0.0,0,0,0,0,0.3671875,0.36594065,0.359375,0.375,0.3547753,0.377106,0.0425531914893617,0.06102273688369954
tdl,moderate,128,qpsk,1182001,tdl:moderate:128:qpsk:1182001,afdm,stable,465664049.8036441,4989152.0,0.0,0.0,0.0,0.0,,0.0,9.66,4.83,0.08283769999979995,0.0,0,0,0,0,0.40625,0.41325815,0.34375,0.46875000000000006,0.3480571,0.47845920000000003,0.3076923076923078,0.3155463479667613
tdl,moderate,128,qpsk,1182001,tdl:moderate:128:qpsk:1182001,ofdm,gray,988675129.8036441,13598544.799999999,0.0,0.0,0.00109375,0.00109375,0.0,0.990546875,39.39,5.0,0.09841400015284307,0.0,0,0,0,0,0.47656250000000006,0.4816404000000001,0.46875000000000006,0.48437500000000006,0.47307770000000005,0.49020310000000006,0.032786885245901634,0.03555640266057417
tdl,moderate,128,qpsk,1182001,tdl:moderate:128:qpsk:1182001,ofdm,merged_absolute,1029698341.8036441,14550247.4,0.0,0.0,0.00109375,0.00109375,0.0,0.99734375,30.29,3.87,0.0975416999135632,0.0,97,0,0,0,0.59375,0.5944858500000001,0.53125,0.65625,0.5295955,0.6593762000000001,0.21052631578947367,0.21830746686401378
tdl,moderate,128,qpsk,1182001,tdl:moderate:128:qpsk:1182001,ofdm,phase_absolute,1058489125.8036441,14841063.4,0.0,0.0,0.00109375,0.00109375,0.0,0.99734375,30.29,3.87,0.10729959965101443,0.0,97,0,0,0,0.546875,0.5743814,0.53125,0.5625,0.5663796,0.5823832,0.05714285714285714,0.02786232283984127
tdl,moderate,128,qpsk,1182001,tdl:moderate:128:qpsk:1182001,ofdm,phase_relative,1014278273.8036441,14840253.8,0.0,0.0,0.00109375,0.00109375,0.0,0.99734375,32.97,4.11,0.10790799991809763,0.64,33,0,0,0,0.5234375,0.5473089500000001,0.45312500000000006,0.59375,0.5080809000000001,0.5865370000000001,0.26865671641791034,0.143348834328399
tdl,moderate,128,qpsk,1182001,tdl:moderate:128:qpsk:1182001,ofdm,r6_deep,945843525.8036441,13696615.4,0.0,0.0,0.00109375,0.00109375,0.0,0.9971875,30.33,3.88,0.09554459975333884,0.0,96,0,0,0,0.6875,0.6994894500000001,0.59375,0.78125,0.6240341,0.7749448000000001,0.2727272727272727,0.21574406876329594
tdl,moderate,128,qpsk,1182001,tdl:moderate:128:qpsk:1182001,ofdm,radau,995391761.8036441,13894627.6,0.0,0.0,0.00109375,0.00109375,0.0,0.996484375,39.71,5.15,0.12620870015234686,0.0,0,0,0,0,0.515625,0.5459245500000001,0.4375,0.59375,0.46961080000000005,0.6222383,0.30303030303030304,0.27957617952883773
tdl,moderate,128,qpsk,1182001,tdl:moderate:128:qpsk:1182001,ofdm,relative_radau,1011110777.8036441,14908097.6,0.0,0.0,0.00109375,0.00109375,0.0,0.99578125,32.56,4.59,0.07457710008020513,0.64,33,0,0,0,0.5,0.51097585,0.45312500000000006,0.546875,0.45421740000000005,0.5677343,0.1874999999999999,0.22215707454667374
tdl,moderate,128,qpsk,1182001,tdl:moderate:128:qpsk:1182001,ofdm,residual,645528129.8036441,7345880.0,0.0,0.0,0.00109375,0.00109375,,0.0,20.88,1.0,0.016907300188904628,0.0,0,0,0,0,0.3671875,0.36859415,0.34375,0.390625,0.3436341,0.3935542,0.1276595744680851,0.13543378265770095
tdl,moderate,128,qpsk,1182001,tdl:moderate:128:qpsk:1182001,ofdm,stable,439501969.8036441,4358080.0,0.0,0.0,0.00109375,0.00109375,,0.0,8.02,4.01,0.06278130019200034,0.0,0,0,0,0,0.3515625,0.36491355000000003,0.3125,0.390625,0.3051333,0.4246938,0.2222222222222222,0.32764061515391796
tdl,moderate,128,qpsk,1182001,tdl:moderate:128:qpsk:1182001,otfs,gray,929275305.8036441,11924496.0,0.0,0.0,0.0,0.0,0.0,0.9525,35.7,4.71,0.09589400023105554,0.0,0,0,0,0,0.421875,0.43247630000000004,0.421875,0.421875,0.42012140000000003,0.44483120000000004,0.0,0.05713561644880887
tdl,moderate,128,qpsk,1182001,tdl:moderate:128:qpsk:1182001,otfs,merged_absolute,850165965.8036441,10631978.599999998,0.0,0.0,0.0,0.0,0.0,0.990859375,19.36,2.95,0.08118160010781139,0.0,97,0,0,0,0.515625,0.5144803,0.5,0.53125,0.4957942,0.5331664,0.06060606060606061,0.07264068225741592
tdl,moderate,128,qpsk,1182001,tdl:moderate:128:qpsk:1182001,otfs,phase_absolute,878956749.8036441,10921227.090182204,0.0,0.0,0.0,0.0,0.0,0.990859375,19.36,2.95,0.07941680026124232,0.0,97,0,0,0,0.5078125,0.5049042,0.48437500000000006,0.53125,0.48565290000000005,0.5241555,0.0923076923076922,0.07625723850187806
tdl,moderate,128,qpsk,1182001,tdl:moderate:128:qpsk:1182001,otfs,phase_relative,863188825.8036441,11416017.313461911,0.0,0.0,0.0,0.0,0.0,0.991015625,23.78,3.32,0.09857269990607165,0.64,33,0,0,0,0.484375,0.49547130000000006,0.46875000000000006,0.5,0.49063090000000004,0.5003117,0.06451612903225795,0.019538568631523135
tdl,moderate,128,qpsk,1182001,tdl:moderate:128:qpsk:1182001,otfs,r6_deep,769207493.8036441,10755598.890182205,0.0,0.0,0.0,0.0,0.0,0.990859375,19.58,2.97,0.10010710044298321,0.0,96,0,0,0,0.625,0.6604190000000001,0.578125,0.671875,0.6006035000000001,0.7202345,0.15,0.18114409185683622
tdl,moderate,128,qpsk,1182001,tdl:moderate:128:qpsk:1182001,otfs,radau,946189265.8036441,11938326.799999999,0.0,0.0,0.0,0.0,0.0,0.999140625,36.5,5.04,0.12803349987370893,0.0,0,0,0,0,0.4921875,0.50182835,0.40625,0.578125,0.41884780000000005,0.5848089000000001,0.3492063492063492,0.330712882203646
tdl,moderate,128,qpsk,1182001,tdl:moderate:128:qpsk:1182001,otfs,relative_radau,963871705.8036441,12979077.6,0.0,0.0,0.0,0.0,0.0,0.9990625,29.29,4.66,0.11359009999432601,0.64,33,0,0,0,0.578125,0.5675573,0.546875,0.609375,0.5357315,0.5993831000000001,0.10810810810810811,0.11215008599131758
tdl,moderate,128,qpsk,1182001,tdl:moderate:128:qpsk:1182001,otfs,residual,638208681.8036441,7357272.399999999,0.0,0.0,0.0,0.0,,0.0,20.37,1.0,0.019553600199287757,0.0,0,0,0,0,0.328125,0.33711645,0.328125,0.328125,0.3333989,0.340834,0.0,0.022054990197007674
tdl,moderate,128,qpsk,1182001,tdl:moderate:128:qpsk:1182001,otfs,stable,468821953.8036441,5306992.0,0.0,0.0,0.0,0.0,,0.0,9.84,4.92,0.07054190040798858,0.0,0,0,0,0,0.3515625,0.35481215,0.34375,0.359375,0.3541654,0.3554589,0.044444444444444446,0.0036455910543086055
tdl,moderate,256,16qam,1182300,tdl:moderate:256:16qam:1182300,afdm,gray,1249322379.6072881,14113130.399999999,0.0,0.0,0.0,0.0,0.0,0.720546875,16.94,3.63,0.11674679964198731,0.0,0,0,0,0,0.4609375,0.4734063,0.421875,0.5,0.4437033,0.5031093,0.1694915254237288,0.1254862894727002
tdl,moderate,256,16qam,1182300,tdl:moderate:256:16qam:1182300,afdm,merged_absolute,1268478731.6072881,16537798.8,0.0,0.0,0.0,0.0,0.0,0.99955078125,6.84,1.55,0.047367800085339695,0.0,100,0,0,0,0.5,0.49883430000000006,0.5,0.5,0.49777910000000003,0.49988950000000004,0.0,0.004230663368577525
tdl,moderate,256,16qam,1182300,tdl:moderate:256:16qam:1182300,afdm,phase_absolute,1326060299.6072881,17119430.8,0.0,0.0,0.0,0.0,0.0,0.99955078125,6.84,1.55,0.046885100135114044,0.0,100,0,0,0,0.53125,0.55114215,0.5,0.5625,0.5268816000000001,0.5754027,0.11764705882352941,0.08803736023456014
tdl,moderate,256,16qam,1182300,tdl:moderate:256:16qam:1182300,afdm,phase_relative,1225808091.6072881,16815528.8,0.0,0.0,0.0,0.0,0.0,0.99955078125,9.04,2.0,0.07407709991093725,0.66,34,0,0,0,0.46875,0.49548645,0.421875,0.515625,0.45512070000000004,0.5358522,0.2,0.1629338198854882
tdl,moderate,256,16qam,1182300,tdl:moderate:256:16qam:1182300,afdm,r6_deep,1080997771.6072881,14652998.8,0.0,0.0,0.0,0.0,0.0,0.99955078125,6.84,1.55,0.048269999970216304,0.0,100,0,0,0,0.6015625,0.6205587,0.59375,0.609375,0.6090961,0.6320213,0.025974025974025976,0.036942838767710415
tdl,moderate,256,16qam,1182300,tdl:moderate:256:16qam:1182300,afdm,radau,1326447843.6072881,15017159.2,0.0,0.0,0.0,0.0,0.0,0.99888671875,19.24,3.96,0.08659639972029254,0.0,0,0,0,0,0.453125,0.45341835,0.4375,0.46875000000000006,0.4449748,0.46186190000000005,0.06896551724137943,0.03724397126847655
tdl,moderate,256,16qam,1182300,tdl:moderate:256:16qam:1182300,afdm,relative_radau,1444668971.6072881,17071884.8,0.0,0.0,0.0,0.0,0.0,0.9983203125,14.68,3.61,0.10595280001871288,0.66,34,0,0,0,0.5546875,0.5906652,0.53125,0.578125,0.5404065,0.6409239,0.08450704225352113,0.17017660766200546
tdl,moderate,256,16qam,1182300,tdl:moderate:256:16qam:1182300,afdm,residual,846920715.6072882,10282728.0,0.0,0.0,0.0,0.0,,0.0,6.77,1.0,0.018342299794312567,0.0,0,0,0,0,0.3203125,0.3227881,0.28125,0.359375,0.2889934,0.35658280000000003,0.24390243902439024,0.2093924776037283
tdl,moderate,256,16qam,1182300,tdl:moderate:256:16qam:1182300,afdm,stable,896522563.6072882,9818080.0,0.0,0.0,0.0,0.0,,0.0,9.08,4.54,0.06181150037446059,0.0,0,0,0,0,0.3671875,0.36786215,0.34375,0.390625,0.3455789,0.39014540000000003,0.1276595744680851,0.12115000143396108
tdl,moderate,256,16qam,1182300,tdl:moderate:256:16qam:1182300,ofdm,gray,1258733179.6072881,14726987.999999998,0.0,0.0,0.000234375,0.000234375,0.0,0.75083984375,17.25,3.66,0.13643239974044263,0.0,0,0,0,0,0.5078125,0.5355653,0.45312500000000006,0.5625,0.47595230000000005,0.5951783,0.21538461538461529,0.22261711130276737
tdl,moderate,256,16qam,1182300,tdl:moderate:256:16qam:1182300,ofdm,merged_absolute,1253927667.6072881,16833624.8,0.0,0.0,0.000234375,0.000234375,0.0,0.98484375,6.49,1.44,0.05728129993076436,0.0,100,0,0,0,0.4921875,0.5188317,0.46875000000000006,0.515625,0.5141077000000001,0.5235557000000001,0.09523809523809512,0.018210144060202976
tdl,moderate,256,16qam,1182300,tdl:moderate:256:16qam:1182300,ofdm,phase_absolute,1311509235.6072881,17415256.8,0.0,0.0,0.000234375,0.000234375,0.0,0.98484375,6.49,1.44,0.06973859996651299,0.0,100,0,0,0,0.5625,0.56880745,0.515625,0.609375,0.5104065,0.6272084,0.16666666666666666,0.20534523589661144
tdl,moderate,256,16qam,1182300,tdl:moderate:256:16qam:1182300,ofdm,phase_relative,1165053827.6072881,16823676.4,0.0,0.0,0.000234375,0.000234375,0.0,0.92439453125,7.41,1.63,0.08833459997549653,0.66,34,0,0,0,0.4921875,0.52411805,0.48437500000000006,0.5,0.5237291000000001,0.5245070000000001,0.03174603174603163,0.0014842076131512702
tdl,moderate,256,16qam,1182300,tdl:moderate:256:16qam:1182300,ofdm,r6_deep,1066446707.6072882,14948824.8,0.0,0.0,0.000234375,0.000234375,0.0,0.98484375,6.49,1.44,0.0608613001240883,0.0,100,0,0,0,0.6640625,0.6714026000000001,0.625,0.703125,0.6282279000000001,0.7145773000000001,0.11764705882352941,0.12861046412391017
tdl,moderate,256,16qam,1182300,tdl:moderate:256:16qam:1182300,ofdm,radau,1329030787.6072881,15840142.4,0.0,0.0,0.000234375,0.000234375,0.0,0.99826171875,19.38,3.94,0.09318429991253652,0.0,0,0,0,0,0.4453125,0.45824430000000005,0.4375,0.45312500000000006,0.44591000000000003,0.4705786,0.03508771929824574,0.05383285727722087
tdl,moderate,256,16qam,1182300,tdl:moderate:256:16qam:1182300,ofdm,relative_radau,1447349483.6072881,17324814.8,0.0,0.0,0.000234375,0.000234375,0.0,0.99744140625,14.81,3.6,0.07832409997354262,0.66,34,0,0,0,0.4921875,0.5047447500000001,0.48437500000000006,0.5,0.49675790000000003,0.5127316000000001,0.03174603174603163,0.03164708498701578
tdl,moderate,256,16qam,1182300,tdl:moderate:256:16qam:1182300,ofdm,residual,846735251.6072882,9991136.399999999,3.90625e-05,3.90625e-05,0.000234375,0.000234375,,0.0,6.78,1.0,0.024346900085220113,0.0,0,0,0,0,0.3203125,0.3339457,0.28125,0.359375,0.2880827,0.3798087,0.24390243902439024,0.27467339750145
tdl,moderate,256,16qam,1182300,tdl:moderate:256:16qam:1182300,ofdm,stable,920672067.6072882,11064832.0,0.0,0.0,0.000234375,0.000234375,,0.0,9.88,4.94,0.062279300356749445,0.0,0,0,0,0,0.390625,0.3907641,0.375,0.40625,0.3727278,0.4088004,0.08,0.09231298371575078
tdl,moderate,256,16qam,1182300,tdl:moderate:256:16qam:1182300,otfs,gray,1248633139.6072881,14405285.2,0.0,0.0,0.0,0.0,0.0,0.71267578125,16.97,3.57,0.10980999984894879,0.0,0,0,0,0,0.4375,0.46164725000000006,0.421875,0.45312500000000006,0.45192330000000003,0.47137120000000005,0.07142857142857155,0.042127186937645604
tdl,moderate,256,16qam,1182300,tdl:moderate:256:16qam:1182300,otfs,merged_absolute,1270553259.6072881,16866230.0,0.0,0.0,0.0,0.0,0.0,0.999609375,6.91,1.54,0.053276099963113666,0.0,100,0,0,0,0.515625,0.52576995,0.5,0.53125,0.49837410000000004,0.5531658,0.06060606060606061,0.10421230806363124
tdl,moderate,256,16qam,1182300,tdl:moderate:256:16qam:1182300,otfs,phase_absolute,1328134827.6072881,17447862.0,0.0,0.0,0.0,0.0,0.0,0.999609375,6.91,1.54,0.04959669985692017,0.0,100,0,0,0,0.5,0.53429305,0.45312500000000006,0.546875,0.5173708,0.5512153000000001,0.1874999999999999,0.06334445113968833
tdl,moderate,256,16qam,1182300,tdl:moderate:256:16qam:1182300,otfs,phase_relative,1229199115.6072881,16564651.999999998,0.0,0.0,0.0,0.0,0.0,0.99955078125,9.14,2.0,0.06732510015717708,0.66,34,0,0,0,0.47656250000000006,0.48211220000000005,0.46875000000000006,0.48437500000000006,0.46656050000000004,0.49766390000000005,0.032786885245901634,0.06451485774473245
tdl,moderate,256,16qam,1182300,tdl:moderate:256:16qam:1182300,otfs,r6_deep,1083072299.6072881,14981430.0,0.0,0.0,0.0,0.0,0.0,0.999609375,6.91,1.54,0.05892629985464737,0.0,100,0,0,0,0.609375,0.6448244000000001,0.59375,0.625,0.635289,0.6543598,0.05128205128205128,0.029575183569356327
tdl,moderate,256,16qam,1182300,tdl:moderate:256:16qam:1182300,otfs,radau,1327587155.6072881,15268555.6,0.0,0.0,0.0,0.0,0.0,0.99892578125,19.27,3.95,0.10006999984034337,0.0,0,0,0,0,0.46093750000000006,0.47333045000000007,0.45312500000000006,0.46875000000000006,0.46730580000000005,0.47935510000000003,0.033898305084745756,0.025456422674687385
tdl,moderate,256,16qam,1182300,tdl:moderate:256:16qam:1182300,otfs,relative_radau,1439774019.6072881,17037992.0,0.0,0.0,0.0,0.0,0.0,0.99732421875,14.58,3.54,0.1003674999519717,0.66,34,0,0,0,0.5078125,0.55401725,0.46875000000000006,0.546875,0.5212154,0.5868191,0.15384615384615374,0.11841454395147451
tdl,moderate,256,16qam,1182300,tdl:moderate:256:16qam:1182300,otfs,residual,846899075.6072882,10285800.0,0.0,0.0,0.0,0.0,,0.0,6.76,1.0,0.019803500035777688,0.0,0,0,0,0,0.3046875,0.3001876,0.296875,0.3125,0.29554830000000004,0.3048269,0.05128205128205128,0.030909338027286837
tdl,moderate,256,16qam,1182300,tdl:moderate:256:16qam:1182300,otfs,stable,907278787.6072882,10489955.999999998,0.0,0.0,0.0,0.0,,0.0,9.4,4.7,0.07103319969610311,0.0,0,0,0,0,0.390625,0.4083043,0.359375,0.421875,0.3963102,0.4202984,0.16,0.05875078954593428
tdl,moderate,256,16qam,1182301,tdl:moderate:256:16qam:1182301,afdm,gray,1591275587.6072881,26307082.4,3.90625e-05,3.90625e-05,0.0033203125,0.00328125,0.0,0.6476171875,27.48,4.32,0.12420359990210272,0.0,0,0,0,0,0.5,0.5284807499999999,0.48437500000000006,0.515625,0.5175168,0.5394447,0.06249999999999989,0.041492334394393746
tdl,moderate,256,16qam,1182301,tdl:moderate:256:16qam:1182301,afdm,merged_absolute,1590737859.6072881,29062155.6,7.8125e-05,7.8125e-05,0.0033203125,0.00328125,0.0,0.9967578125,16.88,2.55,0.09040279994951561,0.0,94,0,0,0,0.609375,0.60832715,0.5625,0.65625,0.5680467,0.6486076000000001,0.15384615384615385,0.13243022278390837
tdl,moderate,256,16qam,1182301,tdl:moderate:256:16qam:1182301,afdm,phase_absolute,1645752883.6072881,29643787.6,7.8125e-05,7.8125e-05,0.0033203125,0.00328125,0.0,0.99681640625,16.88,2.55,0.07561700016958639,0.0,93,0,0,0,0.578125,0.5797141,0.5625,0.59375,0.5546907,0.6047375,0.05405405405405406,0.08633014101261303
tdl,moderate,256,16qam,1182301,tdl:moderate:256:16qam:1182301,afdm,phase_relative,1566610731.6072881,28689459.6,7.8125e-05,7.8125e-05,0.0033203125,0.00328125,0.0,0.9972265625,19.72,2.96,0.10302159964339808,0.68,28,0,0,0,0.578125,0.5726488000000001,0.5625,0.59375,0.5574449,0.5878527,0.05405405405405406,0.053100259705425
tdl,moderate,256,16qam,1182301,tdl:moderate:256:16qam:1182301,afdm,r6_deep,1408571459.6072881,27230315.2,7.8125e-05,7.8125e-05,0.0033203125,0.00328125,0.0,0.9967578125,16.88,2.55,0.10032360040349886,0.0,94,0,0,0,0.71875,0.7483807,0.671875,0.765625,0.7217401,0.7750213,0.13043478260869565,0.0711953154323729
tdl,moderate,256,16qam,1182301,tdl:moderate:256:16qam:1182301,afdm,radau,1707506275.6072881,27739749.2,3.90625e-05,3.90625e-05,0.0033203125,0.00328125,0.0,0.99697265625,30.85,4.87,0.10187039989978075,0.0,0,0,0,0,0.4921875,0.50531605,0.48437500000000006,0.5,0.49965180000000003,0.5109803,0.03174603174603163,0.022418642748434407
tdl,moderate,256,16qam,1182301,tdl:moderate:256:16qam:1182301,afdm,relative_radau,1821291139.6072881,30124368.799999997,3.90625e-05,3.90625e-05,0.0033203125,0.00328125,0.0,0.99724609375,26.63,4.57,0.10681620010291226,0.68,28,0,0,0,0.6015625,0.5989033,0.59375,0.609375,0.5883373000000001,0.6094693,0.025974025974025976,0.03528449417460202
tdl,moderate,256,16qam,1182301,tdl:moderate:256:16qam:1182301,afdm,residual,947516019.6072882,11808272.399999999,0.002421875,0.002421875,0.004453125,0.00328125,,0.0,10.1,1.0,0.019523699855199084,0.0,0,0,0,0,0.3125,0.31911220000000007,0.296875,0.328125,0.31398790000000004,0.32423650000000004,0.1,0.03211597676303192
tdl,moderate,256,16qam,1182301,tdl:moderate:256:16qam:1182301,afdm,stable,1073849299.6072881,19283920.0,0.000234375,0.000234375,0.00328125,0.00328125,,0.0,14.7,7.35,0.10838899988448247,0.0,0,0,0,0,0.4609375,0.47469025,0.40625,0.515625,0.42341080000000003,0.5259697,0.23728813559322035,0.21605436387201962
tdl,moderate,256,16qam,1182301,tdl:moderate:256:16qam:1182301,ofdm,gray,1573007251.6072881,24756509.999999996,1.953125e-05,1.953125e-05,0.00630859375,0.006328125,0.0,0.66609375,26.85,4.37,0.13118929983465932,0.0,0,0,0,0,0.515625,0.51715205,0.5,0.53125,0.4975083,0.5367958,0.06060606060606061,0.07596895342481971
tdl,moderate,256,16qam,1182301,tdl:moderate:256:16qam:1182301,ofdm,merged_absolute,1549793211.6072881,27654981.599999998,7.8125e-05,7.8125e-05,0.00625,0.006328125,0.0,0.96046875,15.71,2.38,0.0942335000145249,0.0,94,0,0,0,0.59375,0.59877395,0.59375,0.59375,0.5900045,0.6075434000000001,0.0,0.02929135444185577
tdl,moderate,256,16qam,1182301,tdl:moderate:256:16qam:1182301,ofdm,phase_absolute,1604816619.6072881,28046326.4,7.8125e-05,7.8125e-05,0.00625,0.006328125,0.0,0.96046875,15.71,2.38,0.09582740016048774,0.0,93,0,0,0,0.6015625,0.6135146,0.578125,0.625,0.6017444000000001,0.6252848000000001,0.07792207792207792,0.03836974702802511
tdl,moderate,256,16qam,1182301,tdl:moderate:256:16qam:1182301,ofdm,phase_relative,1486062323.6072881,27616728.0,7.8125e-05,7.8125e-05,0.00625,0.006328125,0.0,0.89736328125,17.34,2.66,0.14400540021597408,0.68,28,0,0,0,0.609375,0.6257331500000001,0.5625,0.65625,0.5587871,0.6926792,0.15384615384615385,0.21397635717398072
tdl,moderate,256,16qam,1182301,tdl:moderate:256:16qam:1182301,ofdm,r6_deep,1367626811.6072881,26227282.4,7.8125e-05,7.8125e-05,0.00625,0.006328125,0.0,0.96046875,15.71,2.38,0.10455089996685274,0.0,94,0,0,0,0.7421875,0.7459231500000001,0.734375,0.75,0.7234176,0.7684287000000001,0.021052631578947368,0.0603428114545045
tdl,moderate,256,16qam,1182301,tdl:moderate:256:16qam:1182301,ofdm,radau,1680614811.6072881,25919541.2,0.0,0.0,0.006328125,0.006328125,0.0,0.99599609375,30.05,4.82,0.10402109977439977,0.0,0,0,0,0,0.546875,0.56256295,0.5,0.59375,0.5170809000000001,0.6080450000000001,0.17142857142857143,0.16169585999220173
tdl,moderate,256,16qam,1182301,tdl:moderate:256:16qam:1182301,ofdm,relative_radau,1795047883.6072881,28884163.2,0.0,0.0,0.006328125,0.006328125,0.0,0.996328125,25.85,4.52,0.1030339996505063,0.68,28,0,0,0,0.578125,0.5869162000000001,0.578125,0.578125,0.5844229000000001,0.5894095,0.0,0.008496272551345408
tdl,moderate,256,16qam,1182301,tdl:moderate:256:16qam:1182301,ofdm,residual,947028467.6072882,12090648.0,0.00126953125,0.00126953125,0.00697265625,0.006328125,,0.0,10.1,1.0,0.021589800162473693,0.0,0,0,0,0,0.3046875,0.35052885,0.28125,0.328125,0.3396506,0.36140710000000004,0.15384615384615385,0.06206764436079944
tdl,moderate,256,16qam,1182301,tdl:moderate:256:16qam:1182301,ofdm,stable,1071127347.6072882,17391508.0,0.00041015625,0.00041015625,0.00638671875,0.006328125,,0.0,14.66,7.33,0.08709029990131967,0.0,0,0,0,0,0.4140625,0.42125315,0.40625,0.421875,0.41633400000000004,0.4261723,0.03773584905660377,0.02335484019526018
tdl,moderate,256,16qam,1182301,tdl:moderate:256:16qam:1182301,otfs,gray,1620512811.6072881,28110203.599999998,5.859375e-05,5.859375e-05,0.00642578125,0.00640625,0.0,0.63216796875,28.29,4.44,0.14332209975691512,0.0,0,0,0,0,0.5546875,0.5677707000000001,0.546875,0.5625,0.5632808,0.5722606,0.028169014084507043,0.01581589187325091
tdl,moderate,256,16qam,1182301,tdl:moderate:256:16qam:1182301,otfs,merged_absolute,1617069627.6072881,30937042.799999997,5.859375e-05,5.859375e-05,0.00638671875,0.00640625,0.0,0.996953125,17.62,2.65,0.09484669991070405,0.0,94,0,0,0,0.640625,0.6372834,0.625,0.65625,0.6297424,0.6448244000000001,0.04878048780487805,0.023666080114435804
tdl,moderate,256,16qam,1182301,tdl:moderate:256:16qam:1182301,otfs,phase_absolute,1672085643.6072881,31488458.4,5.859375e-05,5.859375e-05,0.00638671875,0.00640625,0.0,0.9969921875,17.62,2.65,0.09573360017384402,0.0,93,0,0,0,0.625,0.6389698,0.609375,0.640625,0.6068579000000001,0.6710817,0.05,0.1005114795722739
tdl,moderate,256,16qam,1182301,tdl:moderate:256:16qam:1182301,otfs,phase_relative,1604037475.6072881,30296338.799999997,7.8125e-05,7.8125e-05,0.00640625,0.00640625,0.0,0.99775390625,20.74,3.13,0.11047220046748407,0.68,28,0,0,0,0.5625,0.56153155,0.5625,0.5625,0.5595372000000001,0.5635259,0.0,0.007103251811941744
tdl,moderate,256,16qam,1182301,tdl:moderate:256:16qam:1182301,otfs,r6_deep,1434903227.6072881,29352252.799999997,5.859375e-05,5.859375e-05,0.00638671875,0.00640625,0.0,0.996953125,17.62,2.65,0.09690430021146312,0.0,94,0,0,0,0.71875,0.7255698,0.703125,0.734375,0.7230905000000001,0.7280491,0.043478260869565216,0.0068340771625278835
tdl,moderate,256,16qam,1182301,tdl:moderate:256:16qam:1182301,otfs,radau,1738150963.6072881,29887728.0,3.90625e-05,3.90625e-05,0.00640625,0.00640625,0.0,0.99677734375,31.73,4.97,0.12974199978634715,0.0,0,0,0,0,0.5703125,0.5661954,0.5625,0.578125,0.5576796,0.5747112000000001,0.0273972602739726,0.03008078129917699
tdl,moderate,256,16qam,1182301,tdl:moderate:256:16qam:1182301,otfs,relative_radau,1849357491.6072881,31683210.4,3.90625e-05,3.90625e-05,0.00640625,0.00640625,0.0,0.99697265625,27.46,4.64,0.1157513004145585,0.68,28,0,0,0,0.6015625,0.6056576,0.59375,0.609375,0.5930761,0.6182391,0.025974025974025976,0.04154657681171679
tdl,moderate,256,16qam,1182301,tdl:moderate:256:16qam:1182301,otfs,residual,945379763.6072882,12098328.0,0.0036328125,0.0036328125,0.0081640625,0.00640625,,0.0,10.02,1.0,0.02221420011483133,0.0,0,0,0,0,0.359375,0.36546425000000005,0.34375,0.375,0.3456677,0.3852608,0.08695652173913043,0.10833645151338328
tdl,moderate,256,16qam,1182301,tdl:moderate:256:16qam:1182301,otfs,stable,1088053667.6072881,19339076.0,0.00044921875,0.00044921875,0.00658203125,0.00640625,,0.0,15.12,7.56,0.10321350008598529,0.0,0,0,0,0,0.40625,0.42326335000000004,0.40625,0.40625,0.4140147,0.432512,0.0,0.043701633982720194
tdl,moderate,256,qpsk,1182200,tdl:moderate:256:qpsk:1182200,afdm,gray,1214615804.1152532,14240232.0,0.0,0.0,0.0,0.0,0.0,0.498671875,16.69,3.39,0.07358740008203313,0.0,0,0,0,0,0.421875,0.41820345000000003,0.40625,0.4375,0.3988646,0.43754230000000005,0.07407407407407407,0.09248536806666716
tdl,moderate,256,qpsk,1182200,tdl:moderate:256:qpsk:1182200,afdm,merged_absolute,1278141196.1152532,13021184.0,0.0,0.0,0.0,0.0,0.0,0.999921875,7.31,1.77,0.05830540007445961,0.0,100,0,0,0,0.578125,0.5863991,0.5625,0.59375,0.5712747,0.6015235,0.05405405405405406,0.051583980944036184
tdl,moderate,256,qpsk,1182200,tdl:moderate:256:qpsk:1182200,afdm,phase_absolute,1332811492.1152532,13611008.0,0.0,0.0,0.0,0.0,0.0,0.999921875,7.43,1.8,0.05250930003239773,0.03,97,0,0,0,0.5234375,0.53883135,0.515625,0.53125,0.538262,0.5394007000000001,0.029850746268656716,0.00211327718775095
tdl,moderate,256,qpsk,1182200,tdl:moderate:256:qpsk:1182200,afdm,phase_relative,1288720204.1152532,13611008.0,0.0,0.0,0.0,0.0,0.0,0.999921875,7.67,1.86,0.05400590001954697,0.22,78,0,0,0,0.5390625,0.55809475,0.48437500000000006,0.59375,0.5068895,0.6093000000000001,0.20289855072463758,0.18350020314650886
tdl,moderate,256,qpsk,1182200,tdl:moderate:256:qpsk:1182200,afdm,r6_deep,1087072860.1152532,11100272.0,0.0,0.0,0.0,0.0,0.0,0.999921875,7.31,1.77,0.059458099945914,0.0,100,0,0,0,0.6796875,0.7100694000000001,0.640625,0.71875,0.6932191000000001,0.7269197000000001,0.11494252873563218,0.047460994657705244
tdl,moderate,256,qpsk,1182200,tdl:moderate:256:qpsk:1182200,afdm,radau,1261280580.1152532,14837752.0,0.0,0.0,0.0,0.0,0.0,1.0,17.94,3.67,0.07675500022014603,0.0,0,0,0,0,0.421875,0.43014815000000006,0.421875,0.421875,0.42509840000000004,0.4351979,0.0,0.023479119926471802
tdl,moderate,256,qpsk,1182200,tdl:moderate:256:qpsk:1182200,afdm,relative_radau,1370908636.1152532,15402608.0,0.0,0.0,0.0,0.0,0.0,0.999921875,9.66,2.74,0.060432300000684336,0.22,78,0,0,0,0.5390625,0.53902345,0.515625,0.5625,0.5232504,0.5547965,0.08695652173913043,0.058524541000952786
tdl,moderate,256,qpsk,1182200,tdl:moderate:256:qpsk:1182200,afdm,residual,905108860.1152532,9854672.0,0.0,0.0,0.0,0.0,,0.0,9.16,1.0,0.017753399879438803,0.0,0,0,0,0,0.328125,0.33812355000000005,0.296875,0.359375,0.29622940000000003,0.3800177,0.19047619047619047,0.24780379834530888
tdl,moderate,256,qpsk,1182200,tdl:moderate:256:qpsk:1182200,afdm,stable,867223516.1152532,9039552.0,0.0,0.0,0.0,0.0,,0.0,8.64,4.32,0.06701599984080531,0.0,0,0,0,0,0.4921875,0.49362965000000003,0.40625,0.578125,0.41388660000000005,0.5733727000000001,0.3492063492063492,0.3230885746024373
tdl,moderate,256,qpsk,1182200,tdl:moderate:256:qpsk:1182200,ofdm,gray,1218328308.1152532,13897652.8,0.0,0.0,0.0,0.0,0.0,0.5309765625,16.84,3.39,0.08198429975891486,0.0,0,0,0,0,0.5078125,0.5080108000000001,0.45312500000000006,0.5625,0.4419809,0.5740407000000001,0.21538461538461529,0.25995470962428363
tdl,moderate,256,qpsk,1182200,tdl:moderate:256:qpsk:1182200,ofdm,merged_absolute,1330091400.1152532,17029502.2,0.0,0.0,0.0,0.0,0.0,0.98515625,8.82,1.95,0.08157180022681132,0.0,100,0,0,0,0.6328125,0.67874375,0.609375,0.65625,0.6729392000000001,0.6845483,0.07407407407407407,0.017103803902429934
tdl,moderate,256,qpsk,1182200,tdl:moderate:256:qpsk:1182200,ofdm,phase_absolute,1384720868.1152532,17619326.2,0.0,0.0,0.0,0.0,0.0,0.9879296875,8.94,1.98,0.07620470019173808,0.03,97,0,0,0,0.59375,0.62063435,0.59375,0.59375,0.6024412,0.6388275,0.0,0.058627596103889484
tdl,moderate,256,qpsk,1182200,tdl:moderate:256:qpsk:1182200,ofdm,phase_relative,1337521640.1152532,17619326.2,0.0,0.0,0.0,0.0,0.0,0.9858984375,9.1,2.02,0.07946920013637282,0.22,78,0,0,0,0.546875,0.5765438,0.5,0.59375,0.5406749000000001,0.6124127,0.17142857142857143,0.12442732017931674
tdl,moderate,256,qpsk,1182200,tdl:moderate:256:qpsk:1182200,ofdm,r6_deep,1139023064.1152532,15108638.6,0.0,0.0,0.0,0.0,0.0,0.98515625,8.82,1.95,0.07490449998294935,0.0,100,0,0,0,0.6953125,0.6892491000000001,0.671875,0.71875,0.6702709,0.7082273,0.06741573033707865,0.05506920502326372
tdl,moderate,256,qpsk,1182200,tdl:moderate:256:qpsk:1182200,ofdm,radau,1264960316.1152532,14827000.0,0.0,0.0,0.0,0.0,0.0,0.9997265625,18.09,3.67,0.1134733997459989,0.0,0,0,0,0,0.5,0.5129894500000001,0.390625,0.609375,0.4064512,0.6195277,0.4375,0.4153623432216783
tdl,moderate,256,qpsk,1182200,tdl:moderate:256:qpsk:1182200,ofdm,relative_radau,1371654244.1152532,15393392.0,0.0,0.0,0.0,0.0,0.0,0.999609375,9.72,2.73,0.07324430005974136,0.22,78,0,0,0,0.6171875,0.6357137500000001,0.578125,0.65625,0.6107333,0.6606942,0.12658227848101267,0.07859024600301624
tdl,moderate,256,qpsk,1182200,tdl:moderate:256:qpsk:1182200,ofdm,residual,906458412.1152532,9850064.0,0.0,0.0,0.0,0.0,,0.0,9.22,1.0,0.02005449985153973,0.0,0,0,0,0,0.328125,0.33622925000000004,0.328125,0.328125,0.3239944,0.3484641,0.0,0.072776833068509
tdl,moderate,256,qpsk,1182200,tdl:moderate:256:qpsk:1182200,ofdm,stable,845884764.1152532,8393136.0,0.0,0.0,0.0,0.0,,0.0,8.0,4.0,0.06116169993765652,0.0,0,0,0,0,0.390625,0.4098375,0.390625,0.390625,0.40329400000000004,0.416381,0.0,0.03193216823741107
tdl,moderate,256,qpsk,1182200,tdl:moderate:256:qpsk:1182200,otfs,gray,1214520428.1152532,13928526.799999999,0.0,0.0,0.0,0.0,0.0,0.49359375,16.67,3.39,0.08410419983556494,0.0,0,0,0,0,0.4609375,0.47723985,0.40625,0.515625,0.42432640000000005,0.5301533,0.23728813559322035,0.22174782763845055
tdl,moderate,256,qpsk,1182200,tdl:moderate:256:qpsk:1182200,otfs,merged_absolute,1268893484.1152532,13025280.0,0.0,0.0,0.0,0.0,0.0,0.9996484375,7.03,1.74,0.059779300121590495,0.0,100,0,0,0,0.6171875,0.63649615,0.59375,0.640625,0.5867719,0.6862204000000001,0.0759493670886076,0.1562436787716627
tdl,moderate,256,qpsk,1182200,tdl:moderate:256:qpsk:1182200,otfs,phase_absolute,1323566852.1152532,13615104.0,0.0,0.0,0.0,0.0,0.0,0.9996484375,7.15,1.77,0.05938250006875023,0.03,97,0,0,0,0.546875,0.57961885,0.53125,0.5625,0.5680072,0.5912305,0.05714285714285714,0.04006650232303512
tdl,moderate,256,qpsk,1182200,tdl:moderate:256:qpsk:1182200,otfs,phase_relative,1281060572.1152532,13615104.0,0.0,0.0,0.0,0.0,0.0,0.9996484375,7.43,1.84,0.08238429977791384,0.22,78,0,0,0,0.6171875,0.62084355,0.53125,0.703125,0.5371747,0.7045124,0.27848101265822783,0.2695327993662816
tdl,moderate,256,qpsk,1182200,tdl:moderate:256:qpsk:1182200,otfs,r6_deep,1077825148.1152532,11104368.0,0.0,0.0,0.0,0.0,0.0,0.9996484375,7.03,1.74,0.06792639981722459,0.0,100,0,0,0,0.6875,0.6981252,0.640625,0.734375,0.6443944,0.7518560000000001,0.13636363636363635,0.15392883683327868
tdl,moderate,256,qpsk,1182200,tdl:moderate:256:qpsk:1182200,otfs,radau,1261890308.1152532,14844920.0,0.0,0.0,0.0,0.0,0.0,0.9996484375,17.92,3.69,0.09910529988701455,0.0,0,0,0,0,0.47656250000000006,0.49356395000000003,0.46875000000000006,0.48437500000000006,0.4922442,0.49488370000000004,0.032786885245901634,0.005347837904287817
tdl,moderate,256,qpsk,1182200,tdl:moderate:256:qpsk:1182200,otfs,relative_radau,1368870108.1152532,15408752.0,0.0,0.0,0.0,0.0,0.0,0.9999609375,9.6,2.72,0.0934523998585064,0.22,78,0,0,0,0.7109375,0.7323083,0.6875,0.734375,0.702841,0.7617756,0.06593406593406594,0.08047785338497454
tdl,moderate,256,qpsk,1182200,tdl:moderate:256:qpsk:1182200,otfs,residual,904776940.1152532,9857744.0,0.0,0.0,0.0,0.0,,0.0,9.14,1.0,0.02535490016452968,0.0,0,0,0,0,0.3671875,0.3749871,0.34375,0.390625,0.3682688,0.38170540000000003,0.1276595744680851,0.035832165959842406
tdl,moderate,256,qpsk,1182200,tdl:moderate:256:qpsk:1182200,otfs,stable,869120380.1152532,9046720.0,0.0,0.0,0.0,0.0,,0.0,8.68,4.34,0.06737740032258444,0.0,0,0,0,0,0.421875,0.42286025000000005,0.390625,0.45312500000000006,0.3806067,0.4651138,0.14814814814814828,0.19984640315565247
tdl,moderate,256,qpsk,1182201,tdl:moderate:256:qpsk:1182201,afdm,gray,1391093044.1152532,20953752.0,0.0,0.0,0.0,0.0,0.0,0.4738671875,21.65,4.14,0.10709999990649521,0.0,0,0,0,0,0.515625,0.51823705,0.5,0.53125,0.5013105,0.5351636000000001,0.06060606060606061,0.06532358116811618
tdl,moderate,256,qpsk,1182201,tdl:moderate:256:qpsk:1182201,afdm,merged_absolute,1373941204.1152532,21060332.6,0.0,0.0,0.0,0.0,0.0,0.999921875,10.39,1.82,0.06040449987631291,0.0,100,0,0,0,0.6171875,0.641417,0.578125,0.65625,0.5944443,0.6883897,0.12658227848101267,0.14646540394158553
tdl,moderate,256,qpsk,1182201,tdl:moderate:256:qpsk:1182201,afdm,phase_absolute,1432333780.1152532,21650156.6,0.0,0.0,0.0,0.0,0.0,0.999921875,10.39,1.82,0.06537189989467151,0.0,100,0,0,0,0.6328125,0.6281511500000001,0.546875,0.71875,0.5356621,0.7206402000000001,0.2716049382716049,0.2944802377580619
tdl,moderate,256,qpsk,1182201,tdl:moderate:256:qpsk:1182201,afdm,phase_relative,1324111228.1152532,21651650.4,0.0,0.0,0.0,0.0,0.0,0.9998828125,11.75,1.97,0.06292450003093109,0.55,45,0,0,0,0.5390625,0.5484040000000001,0.5,0.578125,0.5266893,0.5701187000000001,0.14492753623188406,0.07919234724764965
tdl,moderate,256,qpsk,1182201,tdl:moderate:256:qpsk:1182201,afdm,r6_deep,1182872868.1152532,19139420.6,0.0,0.0,0.0,0.0,0.0,0.999921875,10.39,1.82,0.06256169991684146,0.0,100,0,0,0,0.6796875,0.7039446500000001,0.640625,0.71875,0.6765836000000001,0.7313057000000001,0.11494252873563218,0.07773636748286955
tdl,moderate,256,qpsk,1182201,tdl:moderate:256:qpsk:1182201,afdm,radau,1469883172.1152532,22840994.0,0.0,0.0,0.0,0.0,0.0,0.99953125,23.84,4.53,0.10133870007121004,0.0,0,0,0,0,0.53125,0.5439673,0.515625,0.546875,0.5224043,0.5655303,0.058823529411764705,0.07928050086834262
tdl,moderate,256,qpsk,1182201,tdl:moderate:256:qpsk:1182201,afdm,relative_radau,1468410852.1152532,25501145.6,0.0,0.0,0.0,0.0,0.0,0.999609375,15.61,2.96,0.0758681999577675,0.55,45,0,0,0,0.6015625,0.5993795500000001,0.578125,0.625,0.5754402000000001,0.6233189,0.07792207792207792,0.07988043636123376
tdl,moderate,256,qpsk,1182201,tdl:moderate:256:qpsk:1182201,afdm,residual,935421076.1152532,13528880.0,0.0,0.0,0.0,0.0,,0.0,10.15,1.0,0.017902999970829114,0.0,0,0,0,0,0.359375,0.38471945,0.296875,0.421875,0.3101767,0.4592622,0.34782608695652173,0.3875174494037148
tdl,moderate,256,qpsk,1182201,tdl:moderate:256:qpsk:1182201,afdm,stable,865311916.1152532,9039552.0,0.0,0.0,0.0,0.0,,0.0,8.58,4.29,0.05051550010102801,0.0,0,0,0,0,0.359375,0.3691824,0.3125,0.40625,0.3290499,0.40931490000000004,0.2608695652173913,0.2174128560841471
tdl,moderate,256,qpsk,1182201,tdl:moderate:256:qpsk:1182201,ofdm,gray,1452357284.1152532,24676050.0,0.0,0.0,0.000625,0.000625,0.0,0.546015625,23.46,4.35,0.11261689994717017,0.0,0,0,0,0,0.5078125,0.5345488,0.5,0.515625,0.5130885000000001,0.5560091,0.03076923076923077,0.08029313694091161
tdl,moderate,256,qpsk,1182201,tdl:moderate:256:qpsk:1182201,ofdm,merged_absolute,1464763456.1152532,28175346.4,0.0,0.0,0.000625,0.000625,0.0,0.9909765625,13.12,2.05,0.06253400011337362,0.0,100,0,0,0,0.5703125,0.56770235,0.5625,0.578125,0.5636704,0.5717343,0.0273972602739726,0.014204450624521834
tdl,moderate,256,qpsk,1182201,tdl:moderate:256:qpsk:1182201,ofdm,phase_absolute,1523156032.1152532,28765170.4,0.0,0.0,0.000625,0.000625,0.0,0.9909765625,13.12,2.05,0.06576430005952716,0.0,100,0,0,0,0.5625,0.5815327000000001,0.546875,0.578125,0.5662128000000001,0.5968526000000001,0.05555555555555555,0.05268800877405516
tdl,moderate,256,qpsk,1182201,tdl:moderate:256:qpsk:1182201,ofdm,phase_relative,1407362176.1152532,26670076.999999996,0.0,0.0,0.000625,0.000625,0.0,0.9873828125,14.22,2.21,0.06887870005448349,0.55,45,0,0,0,0.5625,0.56364445,0.5,0.625,0.505129,0.6221599,0.2222222222222222,0.2076324888855021
tdl,moderate,256,qpsk,1182201,tdl:moderate:256:qpsk:1182201,ofdm,r6_deep,1273695120.1152532,26254434.4,0.0,0.0,0.000625,0.000625,0.0,0.9909765625,13.12,2.05,0.07350019973819144,0.0,100,0,0,0,0.7109375,0.7254412000000001,0.6875,0.734375,0.6850552000000001,0.7658272,0.06593406593406594,0.11134189786849705
tdl,moderate,256,qpsk,1182201,tdl:moderate:256:qpsk:1182201,ofdm,radau,1515695148.1152532,25878770.0,0.0,0.0,0.000625,0.000625,0.0,0.9985546875,25.31,4.59,0.09858710021944717,0.0,0,0,0,0,0.53125,0.52808635,0.5,0.5625,0.5041929,0.5519798,0.11764705882352941,0.09049069342542174
tdl,moderate,256,qpsk,1182201,tdl:moderate:256:qpsk:1182201,ofdm,relative_radau,1512531516.1152532,28019509.999999996,0.0,0.0,0.000625,0.000625,0.0,0.9987109375,17.06,2.98,0.0800376002152916,0.55,45,0,0,0,0.6640625,0.6835028000000001,0.625,0.703125,0.6458281,0.7211775,0.11764705882352941,0.11024007509552265
tdl,moderate,256,qpsk,1182201,tdl:moderate:256:qpsk:1182201,ofdm,residual,934014972.1152532,13524272.0,0.0,0.0,0.000625,0.000625,,0.0,10.12,1.0,0.020778900070581585,0.0,0,0,0,0,0.3515625,0.35595305,0.34375,0.359375,0.3494978,0.3624083,0.044444444444444446,0.03627023282986335
tdl,moderate,256,qpsk,1182201,tdl:moderate:256:qpsk:1182201,ofdm,stable,850334412.1152532,8393136.0,0.0,0.0,0.000625,0.000625,,0.0,8.14,4.07,0.051411999884294346,0.0,0,0,0,0,0.3515625,0.35340955,0.34375,0.359375,0.3414682,0.36535090000000003,0.044444444444444446,0.06757797009164024
tdl,moderate,256,qpsk,1182201,tdl:moderate:256:qpsk:1182201,otfs,gray,1391514412.1152532,20977702.8,0.0,0.0,0.0,0.0,0.0,0.4529296875,21.6,4.18,0.12271990001318045,0.0,0,0,0,0,0.53125,0.5581243,0.515625,0.546875,0.5531433,0.5631053,0.058823529411764705,0.017849070538587957
tdl,moderate,256,qpsk,1182201,tdl:moderate:256:qpsk:1182201,otfs,merged_absolute,1367487204.1152532,21065471.2,0.0,0.0,0.0,0.0,0.0,0.9999609375,10.19,1.8,0.05604380011209287,0.0,100,0,0,0,0.6015625,0.6383004000000001,0.53125,0.671875,0.5350953,0.7415055,0.23376623376623376,0.3233746994361902
tdl,moderate,256,qpsk,1182201,tdl:moderate:256:qpsk:1182201,otfs,phase_absolute,1425879780.1152532,21655295.2,0.0,0.0,0.0,0.0,0.0,0.9999609375,10.19,1.8,0.06551650012261234,0.0,100,0,0,0,0.578125,0.5851734500000001,0.515625,0.640625,0.5184808000000001,0.6518661,0.21621621621621623,0.22794147615548843
tdl,moderate,256,qpsk,1182201,tdl:moderate:256:qpsk:1182201,otfs,phase_relative,1320771708.1152532,21686363.4,0.0,0.0,0.0,0.0,0.0,0.9999609375,11.64,1.96,0.07755510017159395,0.55,45,0,0,0,0.5234375,0.5437771,0.4375,0.609375,0.45812640000000004,0.6294278000000001,0.3283582089552239,0.3150213570965016
tdl,moderate,256,qpsk,1182201,tdl:moderate:256:qpsk:1182201,otfs,r6_deep,1176418868.1152532,19144559.2,0.0,0.0,0.0,0.0,0.0,0.9999609375,10.19,1.8,0.06800269993254915,0.0,100,0,0,0,0.7578125,0.77379695,0.75,0.765625,0.7611258000000001,0.7864681,0.020618556701030927,0.032750581402524175
tdl,moderate,256,qpsk,1182201,tdl:moderate:256:qpsk:1182201,otfs,radau,1472134700.1152532,23418732.8,0.0,0.0,0.0,0.0,0.0,0.9994140625,23.86,4.56,0.12789979975786991,0.0,0,0,0,0,0.578125,0.5744129,0.5625,0.59375,0.5609341,0.5878917,0.05405405405405406,0.04693070089477452
tdl,moderate,256,qpsk,1182201,tdl:moderate:256:qpsk:1182201,otfs,relative_radau,1467061044.1152532,25549039.2,0.0,0.0,0.0,0.0,0.0,0.999375,15.55,2.96,0.06616570000187494,0.55,45,0,0,0,0.5546875,0.5587734,0.5,0.609375,0.4964193,0.6211275,0.19718309859154928,0.22318206271093086
tdl,moderate,256,qpsk,1182201,tdl:moderate:256:qpsk:1182201,otfs,residual,929271660.1152532,13241077.2,0.0,0.0,0.0,0.0,,0.0,9.94,1.0,0.022269300068728626,0.0,0,0,0,0,0.3359375,0.36325055000000006,0.296875,0.375,0.33133060000000003,0.39517050000000004,0.23255813953488372,0.17574618951024298
tdl,moderate,256,qpsk,1182201,tdl:moderate:256:qpsk:1182201,otfs,stable,863376364.1152532,9046720.0,0.0,0.0,0.0,0.0,,0.0,8.5,4.25,0.07377929933136329,0.0,0,0,0,0,0.3984375,0.40320600000000006,0.375,0.421875,0.3857533,0.42065870000000005,0.11764705882352941,0.08656964430092813
tdl,slow,128,16qam,1181700,tdl:slow:128:16qam:1181700,afdm,gray,469318101.0873833,4667088.0,0.0,0.0,0.0,0.0,0.0,0.997734375,11.03,3.0,0.07201449948479421,0.0,0,0,0,0,0.3125,0.3169466,0.3125,0.3125,0.30793760000000003,0.3259556,0.0,0.05684869312369963
tdl,slow,128,16qam,1181700,tdl:slow:128:16qam:1181700,afdm,merged_absolute,468494133.0873833,4654448.0,0.0,0.0,0.0,0.0,0.0,1.0,8.0,2.0,0.07279270014259964,0.99,1,0,0,0,0.296875,0.30381125,0.25,0.34375,0.2629532,0.3446693,0.3157894736842105,0.2689699607897997
tdl,slow,128,16qam,1181700,tdl:slow:128:16qam:1181700,afdm,phase_absolute,500933133.0873833,4982128.0,0.0,0.0,0.0,0.0,0.0,1.0,8.0,2.0,0.050840499927289784,0.99,1,0,0,0,0.2578125,0.2582436,0.25,0.265625,0.25742590000000004,0.2590613,0.06060606060606061,0.006332780367064096
tdl,slow,128,16qam,1181700,tdl:slow:128:16qam:1181700,afdm,phase_relative,500932253.0873833,4982128.0,0.0,0.0,0.0,0.0,0.0,1.0,8.0,2.0,0.057444400154054165,0.99,1,0,0,0,0.3125,0.31096075,0.296875,0.328125,0.2931843,0.3287372,0.1,0.11433243584600307
tdl,slow,128,16qam,1181700,tdl:slow:128:16qam:1181700,afdm,r6_deep,447637685.0873833,5156008.0,0.0,0.0,0.0,0.0,0.0,1.0,8.0,2.0,0.06310330040287226,0.66,34,0,0,0,0.4140625,0.4299322,0.40625,0.421875,0.4232979,0.4365665,0.03773584905660377,0.03086207546213105
tdl,slow,128,16qam,1181700,tdl:slow:128:16qam:1181700,afdm,radau,469320973.0873833,4669744.399999999,0.0,0.0,0.0,0.0,0.0,0.9978515625,11.05,3.01,0.07528319983975962,0.0,0,0,0,0,0.2890625,0.30793115000000004,0.25,0.328125,0.2786252,0.3372371,0.2702702702702703,0.19034092523604704
tdl,slow,128,16qam,1181700,tdl:slow:128:16qam:1181700,afdm,relative_radau,498429885.0873833,4957296.0,0.0,0.0,0.0,0.0,0.0,1.0,8.0,2.0,0.059349600138375536,0.99,1,0,0,0,0.328125,0.33112625000000007,0.25,0.40625,0.26087540000000004,0.40137710000000004,0.47619047619047616,0.42431459299889385
tdl,slow,128,16qam,1181700,tdl:slow:128:16qam:1181700,afdm,residual,369986397.0873833,3766432.0,0.0,0.0,0.0,0.0,,0.0,7.48,1.0,0.018230900168418884,0.0,0,0,0,0,0.2265625,0.2307651,0.21875,0.23437500000000003,0.2257617,0.23576850000000002,0.06896551724137943,0.04336357620801417
tdl,slow,128,16qam,1181700,tdl:slow:128:16qam:1181700,afdm,stable,401219277.0873833,3987120.0,0.0,0.0,0.0,0.0,,0.0,10.02,5.01,0.04973129986319691,0.0,0,0,0,0,0.234375,0.23879540000000002,0.21875,0.25,0.23159690000000002,0.24599390000000002,0.13333333333333333,0.06029010609082081
tdl,slow,128,16qam,1181700,tdl:slow:128:16qam:1181700,ofdm,gray,473872445.0873833,4831544.0,0.0,0.0,0.0001171875,0.0001171875,0.0,0.995703125,11.32,3.0,0.07780900003854185,0.0,0,0,0,0,0.3046875,0.30469330000000006,0.28125,0.328125,0.27822600000000003,0.3311606,0.15384615384615385,0.17373076467385395
tdl,slow,128,16qam,1181700,tdl:slow:128:16qam:1181700,ofdm,merged_absolute,468117237.0873833,4651376.0,0.0,0.0,0.0001171875,0.0001171875,0.0,0.9998046875,8.0,2.0,0.06156530012958683,0.99,1,0,0,0,0.296875,0.29999885000000004,0.296875,0.296875,0.2987281,0.3012696,0.0,0.008471699141513474
tdl,slow,128,16qam,1181700,tdl:slow:128:16qam:1181700,ofdm,phase_absolute,500542157.0873833,4978968.0,0.0,0.0,0.0001171875,0.0001171875,0.0,0.9998046875,8.0,2.0,0.07441360002849251,0.99,1,0,0,0,0.3671875,0.3658473,0.34375,0.390625,0.3545107,0.3771839,0.1276595744680851,0.06197449044997737
tdl,slow,128,16qam,1181700,tdl:slow:128:16qam:1181700,ofdm,phase_relative,500530893.0873833,4978792.0,0.0,0.0,0.0001171875,0.0001171875,0.0,0.9998046875,8.0,2.0,0.05965100016328506,0.99,1,0,0,0,0.296875,0.30643575,0.296875,0.296875,0.3017608,0.3111107,0.0,0.03051177938605408
tdl,slow,128,16qam,1181700,tdl:slow:128:16qam:1181700,ofdm,r6_deep,447273549.0873833,5151972.4,0.0,0.0,0.0001171875,0.0001171875,0.0,0.99953125,8.0,2.0,0.06620780035154894,0.66,34,0,0,0,0.4296875,0.4225472,0.421875,0.4375,0.41674570000000005,0.4283487,0.03636363636363636,0.027459654211411114
tdl,slow,128,16qam,1181700,tdl:slow:128:16qam:1181700,ofdm,radau,475930965.0873833,5185000.0,0.0,0.0,0.0001171875,0.0001171875,0.0,0.996328125,11.42,3.05,0.05491050027194433,0.0,0,0,0,0,0.2421875,0.2566634,0.21875,0.265625,0.2556684,0.2576584,0.1935483870967742,0.007753345432188586
tdl,slow,128,16qam,1181700,tdl:slow:128:16qam:1181700,ofdm,relative_radau,498107197.0873833,4954224.0,0.0,0.0,0.0001171875,0.0001171875,0.0,0.9995703125,8.0,2.0,0.04230829986045137,0.99,1,0,0,0,0.2734375,0.2806447,0.265625,0.28125,0.27612770000000003,0.2851617,0.05714285714285714,0.03219016785280458
tdl,slow,128,16qam,1181700,tdl:slow:128:16qam:1181700,ofdm,residual,373469069.0873833,3764128.0,0.0,0.0,0.0001171875,0.0001171875,,0.0,7.7,1.0,0.023847199830925092,0.0,0,0,0,0,0.265625,0.26413995,0.21875,0.3125,0.2265446,0.30173530000000004,0.35294117647058826,0.2846623541800474
tdl,slow,128,16qam,1181700,tdl:slow:128:16qam:1181700,ofdm,stable,406971757.0873833,4332096.0,0.0,0.0,0.0001171875,0.0001171875,,0.0,10.38,5.19,0.05296840041410178,0.0,0,0,0,0,0.2734375,0.27662660000000006,0.23437500000000003,0.3125,0.2456704,0.30758280000000005,0.2857142857142856,0.22381217135300807
tdl,slow,128,16qam,1181700,tdl:slow:128:16qam:1181700,otfs,gray,471484461.0873833,4837944.0,0.0,0.0,0.0,0.0,0.0,0.9970703125,11.14,3.0,0.084082699730061,0.0,0,0,0,0,0.28125,0.29386165000000003,0.25,0.3125,0.26264540000000003,0.32507790000000003,0.2222222222222222,0.21245541907220625
tdl,slow,128,16qam,1181700,tdl:slow:128:16qam:1181700,otfs,merged_absolute,468682389.0873833,4656496.0,0.0,0.0,0.0,0.0,0.0,1.0,8.0,2.0,0.05718609981704503,0.99,1,0,0,0,0.2734375,0.27848245,0.265625,0.28125,0.2649105,0.2920544,0.05714285714285714,0.09747077419061775
tdl,slow,128,16qam,1181700,tdl:slow:128:16qam:1181700,otfs,phase_absolute,501122181.0873833,4984176.0,0.0,0.0,0.0,0.0,0.0,1.0,8.0,2.0,0.05909450008766726,0.99,1,0,0,0,0.2890625,0.29835110000000004,0.265625,0.3125,0.28428210000000004,0.31242010000000003,0.16216216216216217,0.09431170188412241
tdl,slow,128,16qam,1181700,tdl:slow:128:16qam:1181700,otfs,phase_relative,501122005.0873833,4984176.0,0.0,0.0,0.0,0.0,0.0,1.0,8.0,2.0,0.05452999990666285,0.99,1,0,0,0,0.2578125,0.2624236,0.25,0.265625,0.2600073,0.2648399,0.06060606060606061,0.018415264480786106
tdl,slow,128,16qam,1181700,tdl:slow:128:16qam:1181700,otfs,r6_deep,447827437.0873833,5158056.0,0.0,0.0,0.0,0.0,0.0,1.0,8.0,2.0,0.08763150000595488,0.66,34,0,0,0,0.4453125,0.44666360000000005,0.34375,0.546875,0.352119,0.5412082,0.45614035087719296,0.423336936343145
tdl,slow,128,16qam,1181700,tdl:slow:128:16qam:1181700,otfs,radau,474064765.0873833,5192680.0,0.0,0.0,0.0,0.0,0.0,0.9980078125,11.26,3.06,0.06809660003636964,0.0,0,0,0,0,0.2578125,0.2750111,0.25,0.265625,0.261762,0.2882602,0.06060606060606061,0.09635320174349336
tdl,slow,128,16qam,1181700,tdl:slow:128:16qam:1181700,otfs,relative_radau,498619197.0873833,4959344.0,0.0,0.0,0.0,0.0,0.0,1.0,8.0,2.0,0.049416599969845265,0.99,1,0,0,0,0.28125,0.28767975,0.265625,0.296875,0.2743589,0.3010006,0.1111111111111111,0.09260888192512677
tdl,slow,128,16qam,1181700,tdl:slow:128:16qam:1181700,otfs,residual,371141389.0873833,3767968.0,0.0,0.0,0.0,0.0,,0.0,7.54,1.0,0.01675710012204945,0.0,0,0,0,0,0.203125,0.20254300000000003,0.203125,0.203125,0.19273130000000002,0.2123547,0.0,0.09688510587875158
tdl,slow,128,16qam,1181700,tdl:slow:128:16qam:1181700,otfs,stable,401211069.0873833,3990704.0,0.0,0.0,0.0,0.0,,0.0,10.0,5.0,0.07878689997596666,0.0,0,0,0,0,0.28125,0.28938890000000006,0.25,0.3125,0.2644927,0.31428510000000004,0.2222222222222222,0.17206050404835846
tdl,slow,128,16qam,1181701,tdl:slow:128:16qam:1181701,afdm,gray,403262349.0873833,4497448.0,0.0,0.0,0.0,0.0,0.0,0.7525390625,8.12,2.06,0.06478809998952784,0.0,0,0,0,0,0.2734375,0.26985820000000005,0.265625,0.28125,0.2642068,0.2755096,0.05714285714285714,0.04188421919363577
tdl,slow,128,16qam,1181701,tdl:slow:128:16qam:1181701,afdm,merged_absolute,380091805.0873833,3770408.0,0.0,0.0,0.0,0.0,0.0,1.0,4.0,1.0,0.02784959989367053,0.99,1,0,0,0,0.234375,0.22895120000000002,0.21875,0.25,0.20677810000000002,0.2511243,0.13333333333333333,0.19369280440548028
tdl,slow,128,16qam,1181701,tdl:slow:128:16qam:1181701,afdm,phase_absolute,412532125.0873833,4098088.0,0.0,0.0,0.0,0.0,0.0,1.0,4.0,1.0,0.029822299955412745,0.99,1,0,0,0,0.296875,0.3205601,0.265625,0.328125,0.2871057,0.3540145,0.21052631578947367,0.20872466660697944
tdl,slow,128,16qam,1181701,tdl:slow:128:16qam:1181701,afdm,phase_relative,412532125.0873833,4098088.0,0.0,0.0,0.0,0.0,0.0,1.0,4.0,1.0,0.02527179993921891,0.99,1,0,0,0,0.2578125,0.25569405,0.23437500000000003,0.28125,0.2362179,0.27517020000000003,0.1818181818181817,0.1523394854123513
tdl,slow,128,16qam,1181701,tdl:slow:128:16qam:1181701,afdm,r6_deep,348498869.0873833,4271968.0,0.0,0.0,0.0,0.0,0.0,0.9984765625,4.52,1.13,0.035972299927379936,0.87,13,0,0,0,0.3984375,0.3968159,0.359375,0.4375,0.36485920000000005,0.4287726,0.19607843137254902,0.16106562262248048
tdl,slow,128,16qam,1181701,tdl:slow:128:16qam:1181701,afdm,radau,451388957.0873833,4492328.0,0.0,0.0,0.0,0.0,0.0,1.0,10.0,3.0,0.0559209001949057,0.0,0,0,0,0,0.25,0.261215,0.23437500000000003,0.265625,0.2509887,0.2714413,0.12499999999999989,0.07829795379285259
tdl,slow,128,16qam,1181701,tdl:slow:128:16qam:1181701,afdm,relative_radau,422200061.0873833,4957296.0,0.0,0.0,0.0,0.0,0.0,0.998828125,4.48,1.12,0.022124300070572644,0.99,1,0,0,0,0.2578125,0.2739165,0.203125,0.3125,0.22903120000000002,0.3188018,0.42424242424242425,0.32772980086997316
tdl,slow,128,16qam,1181701,tdl:slow:128:16qam:1181701,afdm,residual,334565077.0873833,3427472.0,0.0,0.0,0.0,0.0,,0.0,5.39,1.0,0.01926570007344708,0.0,0,0,0,0,0.3203125,0.3189035,0.25,0.390625,0.23955920000000003,0.39824780000000004,0.43902439024390244,0.4976069563363212
tdl,slow,128,16qam,1181701,tdl:slow:128:16qam:1181701,afdm,stable,365756157.0873833,3636000.0,0.0,0.0,0.0,0.0,,0.0,8.0,4.0,0.050137000158429146,0.0,0,0,0,0,0.25,0.2683129,0.23437500000000003,0.265625,0.2614941,0.27513170000000003,0.12499999999999989,0.05082722448305701
tdl,slow,128,16qam,1181701,tdl:slow:128:16qam:1181701,ofdm,gray,404485045.0873833,4493608.0,0.0,0.0,0.0,0.0,0.0,0.736875,8.18,2.09,0.05433089972939342,0.0,0,0,0,0,0.2578125,0.26795895000000003,0.21875,0.296875,0.2320693,0.3038486,0.30303030303030304,0.2678742396923111
tdl,slow,128,16qam,1181701,tdl:slow:128:16qam:1181701,ofdm,merged_absolute,379845917.0873833,3768104.0,0.0,0.0,0.0,0.0,0.0,0.99984375,4.0,1.0,0.022566999861737713,0.99,1,0,0,0,0.25,0.2576933,0.1875,0.3125,0.20598550000000002,0.30940110000000004,0.5,0.4013127233032447
tdl,slow,128,16qam,1181701,tdl:slow:128:16qam:1181701,ofdm,phase_absolute,412286237.0873833,4095784.0,0.0,0.0,0.0,0.0,0.0,0.9998828125,4.0,1.0,0.025985100015532225,0.99,1,0,0,0,0.2421875,0.23877990000000002,0.21875,0.265625,0.2205611,0.2569987,0.1935483870967742,0.15259910905398658
tdl,slow,128,16qam,1181701,tdl:slow:128:16qam:1181701,ofdm,phase_relative,412286237.0873833,4095784.0,0.0,0.0,0.0,0.0,0.0,0.9998828125,4.0,1.0,0.021678200137102976,0.99,1,0,0,0,0.25,0.25387185,0.203125,0.296875,0.2111365,0.2966072,0.375,0.3366686775237192
tdl,slow,128,16qam,1181701,tdl:slow:128:16qam:1181701,ofdm,r6_deep,345743717.0873833,4269664.0,0.0,0.0,0.0,0.0,0.0,0.9921484375,4.4,1.1,0.03349889992387034,0.87,13,0,0,0,0.3046875,0.30868870000000004,0.296875,0.3125,0.302641,0.3147364,0.05128205128205128,0.03918316413914741
tdl,slow,128,16qam,1181701,tdl:slow:128:16qam:1181701,ofdm,radau,450989469.0873833,4488488.0,0.0,0.0,0.0,0.0,0.0,1.0,10.0,3.0,0.062296100019011647,0.0,0,0,0,0,0.2734375,0.2775782,0.265625,0.28125,0.2703883,0.2847681,0.05714285714285714,0.05180450049751745
tdl,slow,128,16qam,1181701,tdl:slow:128:16qam:1181701,ofdm,relative_radau,421944957.0873833,4954224.0,0.0,0.0,0.0,0.0,0.0,0.9977734375,4.48,1.12,0.023762399796396494,0.99,1,0,0,0,0.2265625,0.2282268,0.203125,0.25,0.21137140000000001,0.24508220000000003,0.20689655172413793,0.1477074559166584
tdl,slow,128,16qam,1181701,tdl:slow:128:16qam:1181701,ofdm,residual,337708789.0873833,3425168.0,0.0,0.0,0.0,0.0,,0.0,5.59,1.0,0.01477030009846203,0.0,0,0,0,0,0.1796875,0.18401335000000002,0.171875,0.1875,0.1769887,0.191038,0.08695652173913043,0.07634935182691915
tdl,slow,128,16qam,1181701,tdl:slow:128:16qam:1181701,ofdm,stable,369133741.0873833,3981744.0,0.0,0.0,0.0,0.0,,0.0,8.22,4.11,0.050593299994943663,0.0,0,0,0,0,0.265625,0.27596135,0.25,0.28125,0.2538981,0.29802460000000003,0.11764705882352941,0.15990101512403826
tdl,slow,128,16qam,1181701,tdl:slow:128:16qam:1181701,otfs,gray,402936789.0873833,4500008.0,0.0,0.0,0.0,0.0,0.0,0.7355078125,8.1,2.05,0.07495659997221082,0.0,0,0,0,0,0.265625,0.28579235000000003,0.23437500000000003,0.296875,0.26065140000000003,0.3109333,0.2352941176470587,0.17593857918170303
tdl,slow,128,16qam,1181701,tdl:slow:128:16qam:1181701,otfs,merged_absolute,380229917.0873833,3771944.0,0.0,0.0,0.0,0.0,0.0,1.0,4.0,1.0,0.025722099817357957,0.99,1,0,0,0,0.21875,0.21668545,0.21875,0.21875,0.2131683,0.22020260000000003,0.0,0.03246318569151745
tdl,slow,128,16qam,1181701,tdl:slow:128:16qam:1181701,otfs,phase_absolute,412670237.0873833,4099624.0,0.0,0.0,0.0,0.0,0.0,1.0,4.0,1.0,0.028959699848201126,0.99,1,0,0,0,0.2734375,0.2766657,0.25,0.296875,0.25427730000000004,0.29905410000000004,0.17142857142857143,0.16184442090219353
tdl,slow,128,16qam,1181701,tdl:slow:128:16qam:1181701,otfs,phase_relative,412670237.0873833,4099624.0,0.0,0.0,0.0,0.0,0.0,1.0,4.0,1.0,0.02435449999757111,0.99,1,0,0,0,0.234375,0.24044745,0.21875,0.25,0.21946290000000002,0.261432,0.13333333333333333,0.17454583111611283
tdl,slow,128,16qam,1181701,tdl:slow:128:16qam:1181701,otfs,r6_deep,349520997.0873833,4273504.0,0.0,0.0,0.0,0.0,0.0,0.998515625,4.56,1.14,0.034713300032308325,0.87,13,0,0,0,0.3203125,0.32053925000000005,0.3125,0.328125,0.310176,0.33090250000000004,0.04878048780487805,0.06466134802524194
tdl,slow,128,16qam,1181701,tdl:slow:128:16qam:1181701,otfs,radau,451629469.0873833,4494888.0,0.0,0.0,0.0,0.0,0.0,1.0,10.0,3.0,0.06452539982274175,0.0,0,0,0,0,0.2734375,0.2744437,0.265625,0.28125,0.2695476,0.2793398,0.05714285714285714,0.03568017775594786
tdl,slow,128,16qam,1181701,tdl:slow:128:16qam:1181701,otfs,relative_radau,419744037.0873833,4959344.0,0.0,0.0,0.0,0.0,0.0,0.99875,4.36,1.09,0.02704130028723739,0.99,1,0,0,0,0.25,0.25155570000000005,0.25,0.25,0.25150290000000003,0.2516085,0.0,0.0004197877448214589
tdl,slow,128,16qam,1181701,tdl:slow:128:16qam:1181701,otfs,residual,336736949.0873833,3429008.0,0.0,0.0,0.0,0.0,,0.0,5.51,1.0,0.01615530005074106,0.0,0,0,0,0,0.1875,0.18819615,0.171875,0.203125,0.18542740000000002,0.19096490000000002,0.16666666666666666,0.029424087580962738
tdl,slow,128,16qam,1181701,tdl:slow:128:16qam:1181701,otfs,stable,366047869.0873833,3639072.0,0.0,0.0,0.0,0.0,,0.0,8.0,4.0,0.04933050027466379,0.0,0,0,0,0,0.2265625,0.23998560000000002,0.21875,0.23437500000000003,0.2262779,0.2536933,0.06896551724137943,0.11423768759458902
tdl,slow,128,qpsk,1181600,tdl:slow:128:qpsk:1181600,afdm,gray,511664393.8036441,5105864.0,0.0,0.0,0.0,0.0,0.0,0.95171875,9.9,2.95,0.2882777999911923,0.0,0,0,0,0,1.6484375,1.7721481000000001,1.578125,1.71875,1.6215704000000002,1.9227258,0.08530805687203792,0.16993805427435768
tdl,slow,128,qpsk,1181600,tdl:slow:128:qpsk:1181600,afdm,merged_absolute,452937377.8036441,4473544.0,0.0,0.0,0.0,0.0,0.0,1.0,4.0,1.0,0.12364249999518506,0.98,2,0,0,0,1.4609375,1.5110201,1.421875,1.5,1.4856694000000001,1.5363708,0.053475935828877004,0.033554417972335306
tdl,slow,128,qpsk,1181600,tdl:slow:128:qpsk:1181600,afdm,phase_absolute,481728161.8036441,4764360.0,0.0,0.0,0.0,0.0,0.0,1.0,4.0,1.0,0.11691850019269623,0.98,2,0,0,0,1.4140625,1.51146515,1.40625,1.421875,1.5036414,1.5192889,0.011049723756906077,0.010352537734660992
tdl,slow,128,qpsk,1181600,tdl:slow:128:qpsk:1181600,afdm,phase_relative,480340257.8036441,4764360.0,0.0,0.0,0.0,0.0,0.0,1.0,4.0,1.0,0.1148238999012392,0.99,1,0,0,0,1.46875,1.5137258,1.453125,1.484375,1.5062190000000002,1.5212326,0.02127659574468085,0.009918308850915965
tdl,slow,128,qpsk,1181600,tdl:slow:128:qpsk:1181600,afdm,r6_deep,503999521.8036441,5007816.0,0.0,0.0,0.0,0.0,0.0,1.0,4.0,1.0,0.1186574999592267,0.0,100,0,0,0,2.5078125,2.5636822500000003,2.453125,2.5625,2.5329664000000003,2.5943981000000003,0.04361370716510903,0.023962290958639658
tdl,slow,128,qpsk,1181600,tdl:slow:128:qpsk:1181600,afdm,radau,513727393.8036441,5103304.0,0.0,0.0,0.0,0.0,0.0,1.0,10.0,3.0,0.2882571001246106,0.0,0,0,0,0,1.53125,1.65951865,1.53125,1.53125,1.6409093000000001,1.678128,0.0,0.0224274068869307
tdl,slow,128,qpsk,1181600,tdl:slow:128:qpsk:1181600,afdm,relative_radau,484967321.8036441,5522192.0,0.0,0.0,0.0,0.0,0.0,0.999765625,4.28,1.07,0.10632870005792938,0.99,1,0,0,0,1.4609375,1.505795,1.453125,1.46875,1.4994636000000001,1.5121264,0.0106951871657754,0.00840937843464746
tdl,slow,128,qpsk,1181600,tdl:slow:128:qpsk:1181600,afdm,residual,405909793.8036441,4025128.0,0.0,0.0,0.0,0.0,,0.0,5.0,1.0,0.07779429983929731,0.0,0,0,0,0,1.296875,1.3374975,1.296875,1.296875,1.3315134000000002,1.3434816,0.0,0.008948203641502039
tdl,slow,128,qpsk,1181600,tdl:slow:128:qpsk:1181600,afdm,stable,439665793.8036441,4362688.0,0.0,0.0,0.0,0.0,,0.0,8.0,4.0,0.2535359002649784,0.0,0,0,0,0,1.421875,1.6117067,1.375,1.46875,1.5771102000000001,1.6463032000000002,0.06593406593406594,0.042931508567905105
tdl,slow,128,qpsk,1181600,tdl:slow:128:qpsk:1181600,ofdm,gray,513120873.8036441,5102024.0,0.0,0.0,0.0,0.0,0.0,0.990078125,9.98,2.99,0.05620170003385283,0.0,0,0,0,0,0.9609375,0.9933423500000002,0.3125,1.609375,0.32512080000000004,1.6615639000000002,1.3495934959349594,1.3454003043361635
tdl,slow,128,qpsk,1181600,tdl:slow:128:qpsk:1181600,ofdm,merged_absolute,452691489.8036441,4471240.0,0.0,0.0,0.0,0.0,0.0,1.0,4.0,1.0,0.023217799986014143,0.98,2,0,0,0,0.8671875,0.8766017500000001,0.296875,1.4375,0.2897023,1.4635012,1.3153153153153154,1.3390332611131563
tdl,slow,128,qpsk,1181600,tdl:slow:128:qpsk:1181600,ofdm,phase_absolute,481482273.8036441,4762056.0,0.0,0.0,0.0,0.0,0.0,1.0,4.0,1.0,0.020727299997815862,0.98,2,0,0,0,0.8671875,0.9340093500000001,0.265625,1.46875,0.2718761,1.5961426,1.3873873873873874,1.4178300249349751
tdl,slow,128,qpsk,1181600,tdl:slow:128:qpsk:1181600,ofdm,phase_relative,480094369.8036441,4762056.0,0.0,0.0,0.0,0.0,0.0,1.0,4.0,1.0,0.02109499988728203,0.99,1,0,0,0,0.8828125,0.9227907500000001,0.265625,1.5,0.2661758,1.5794057000000001,1.3982300884955752,1.4231069177925764
tdl,slow,128,qpsk,1181600,tdl:slow:128:qpsk:1181600,ofdm,r6_deep,503753633.8036441,5005512.0,0.0,0.0,0.0,0.0,0.0,1.0,4.0,1.0,0.024880599841708317,0.0,100,0,0,0,1.4921875,1.5843312500000002,0.53125,2.453125,0.5540585,2.6146040000000004,1.287958115183246,1.3005774518428517
tdl,slow,128,qpsk,1181600,tdl:slow:128:qpsk:1181600,ofdm,radau,513327905.8036441,5099464.0,0.0,0.0,0.0,0.0,0.0,1.0,10.0,3.0,0.07401429989840835,0.0,0,0,0,0,1.0234375,1.04665695,0.45312500000000006,1.59375,0.4375637,1.6557502000000002,1.1145038167938932,1.1638832570690905
tdl,slow,128,qpsk,1181600,tdl:slow:128:qpsk:1181600,ofdm,relative_radau,488536577.8036441,5519120.0,0.0,0.0,0.0,0.0,0.0,0.999921875,4.48,1.12,0.021280200075125322,0.99,1,0,0,0,0.8515625,0.8881776,0.296875,1.40625,0.3010464,1.4753088,1.3027522935779816,1.32210314693818
tdl,slow,128,qpsk,1181600,tdl:slow:128:qpsk:1181600,ofdm,residual,405663905.8036441,4022824.0,0.0,0.0,0.0,0.0,,0.0,5.0,1.0,0.017726499994751066,0.0,0,0,0,0,0.3046875,0.30658115,0.296875,0.3125,0.29132460000000004,0.3218377,0.05128205128205128,0.0995269930979121
tdl,slow,128,qpsk,1181600,tdl:slow:128:qpsk:1181600,ofdm,stable,439189505.8036441,4358080.0,0.0,0.0,0.0,0.0,,0.0,8.0,4.0,0.05117959959898144,0.0,0,0,0,0,0.8828125,0.9159354500000001,0.34375,1.421875,0.3411752,1.4906957,1.2212389380530972,1.2550234844606132
tdl,slow,128,qpsk,1181600,tdl:slow:128:qpsk:1181600,otfs,gray,511902345.8036441,5108424.0,0.0,0.0,0.0,0.0,0.0,0.95125,9.9,2.95,0.3202512000571005,0.0,0,0,0,0,1.6875,1.7293431,1.609375,1.765625,1.651,1.8076862,0.09259259259259259,0.09060446131250646
tdl,slow,128,qpsk,1181600,tdl:slow:128:qpsk:1181600,otfs,merged_absolute,453075489.8036441,4475080.0,0.0,0.0,0.0,0.0,0.0,1.0,4.0,1.0,0.1319749997346662,0.98,2,0,0,0,1.421875,1.55244055,1.40625,1.4375,1.5200985,1.5847826,0.02197802197802198,0.0416660721726188
tdl,slow,128,qpsk,1181600,tdl:slow:128:qpsk:1181600,otfs,phase_absolute,481866273.8036441,4765896.0,0.0,0.0,0.0,0.0,0.0,1.0,4.0,1.0,0.12706540006911382,0.98,2,0,0,0,1.4921875,1.5733943000000001,1.453125,1.53125,1.5200043,1.6267843000000002,0.05235602094240838,0.0678660142597441
tdl,slow,128,qpsk,1181600,tdl:slow:128:qpsk:1181600,otfs,phase_relative,480478369.8036441,4765896.0,0.0,0.0,0.0,0.0,0.0,1.0,4.0,1.0,0.13280549983028322,0.99,1,0,0,0,1.4765625,1.56793295,1.453125,1.5,1.5470845000000002,1.5887814,0.031746031746031744,0.02659354789374113
tdl,slow,128,qpsk,1181600,tdl:slow:128:qpsk:1181600,otfs,r6_deep,504137633.8036441,5009352.0,0.0,0.0,0.0,0.0,0.0,1.0,4.0,1.0,0.13738059991737828,0.0,100,0,0,0,2.4921875,2.68364355,2.359375,2.625,2.6665302,2.7007569,0.10658307210031348,0.012753817473263188
tdl,slow,128,qpsk,1181600,tdl:slow:128:qpsk:1181600,otfs,radau,513967905.8036441,5105864.0,0.0,0.0,0.0,0.0,0.0,1.0,10.0,3.0,0.33028239975101314,0.0,0,0,0,0,1.6796875,1.7382718500000003,1.625,1.734375,1.7150693000000001,1.7614744000000002,0.06511627906976744,0.0266961120034246
tdl,slow,128,qpsk,1181600,tdl:slow:128:qpsk:1181600,otfs,relative_radau,484343633.8036441,5524240.0,0.0,0.0,0.0,0.0,0.0,0.999765625,4.24,1.06,0.12119950001942925,0.99,1,0,0,0,1.453125,1.5301049500000001,1.4375,1.46875,1.5260123,1.5341976000000002,0.021505376344086023,0.0053495023331569915
tdl,slow,128,qpsk,1181600,tdl:slow:128:qpsk:1181600,otfs,residual,406047905.8036441,4026664.0,0.0,0.0,0.0,0.0,,0.0,5.0,1.0,0.09248489985475317,0.0,0,0,0,0,1.3515625,1.3971727,1.34375,1.359375,1.3962715,1.3980739,0.011560693641618497,0.001290033794676829
tdl,slow,128,qpsk,1181600,tdl:slow:128:qpsk:1181600,otfs,stable,439957505.8036441,4365760.0,0.0,0.0,0.0,0.0,,0.0,8.0,4.0,0.3035511997586582,0.0,0,0,0,0,1.640625,1.68824645,1.59375,1.6875,1.6547438,1.7217491,0.05714285714285714,0.03968928825527809
tdl,slow,128,qpsk,1181601,tdl:slow:128:qpsk:1181601,afdm,gray,511953273.8036441,5256400.0,0.0,0.0,0.0,0.0,0.0,0.944453125,9.93,2.94,0.06319059987436049,0.0,0,0,0,0,0.328125,0.32881345000000006,0.296875,0.359375,0.29465650000000004,0.3629704,0.19047619047619047,0.20775883711569576
tdl,slow,128,qpsk,1181601,tdl:slow:128:qpsk:1181601,afdm,merged_absolute,452937377.8036441,4473544.0,0.0,0.0,0.0,0.0,0.0,1.0,4.0,1.0,0.02664520003600046,0.98,2,0,0,0,0.328125,0.3248913,0.328125,0.328125,0.3141376,0.335645,0.0,0.06619875632249927
tdl,slow,128,qpsk,1181601,tdl:slow:128:qpsk:1181601,afdm,phase_absolute,481728161.8036441,4764360.0,0.0,0.0,0.0,0.0,0.0,1.0,4.0,1.0,0.023156300245318562,0.98,2,0,0,0,0.3046875,0.30673785,0.296875,0.3125,0.3047337,0.308742,0.05128205128205128,0.013067510253462429
tdl,slow,128,qpsk,1181601,tdl:slow:128:qpsk:1181601,afdm,phase_relative,480340257.8036441,4764360.0,0.0,0.0,0.0,0.0,0.0,1.0,4.0,1.0,0.025612899946281686,0.99,1,0,0,0,0.296875,0.31005510000000003,0.296875,0.296875,0.2984836,0.32162660000000004,0.0,0.07464157177224313
tdl,slow,128,qpsk,1181601,tdl:slow:128:qpsk:1181601,afdm,r6_deep,503999521.8036441,5007816.0,0.0,0.0,0.0,0.0,0.0,1.0,4.0,1.0,0.025341000000480562,0.0,100,0,0,0,0.578125,0.6012249000000001,0.546875,0.609375,0.5800921,0.6223577,0.10810810810810811,0.07029915095000225
tdl,slow,128,qpsk,1181601,tdl:slow:128:qpsk:1181601,afdm,radau,514480073.8036441,5253840.0,0.0,0.0,0.0,0.0,0.0,1.0,10.05,3.0,0.058752500190166757,0.0,0,0,0,0,0.3203125,0.3270711,0.28125,0.359375,0.2974425,0.3566997,0.24390243902439024,0.1811752857406234
tdl,slow,128,qpsk,1181601,tdl:slow:128:qpsk:1181601,afdm,relative_radau,497970145.8036441,5522192.0,0.0,0.0,0.0,0.0,0.0,0.99984375,4.96,1.24,0.0223093003151007,0.99,1,0,0,0,0.296875,0.3017458,0.265625,0.328125,0.2752196,0.328272,0.21052631578947367,0.17581818868729904
tdl,slow,128,qpsk,1181601,tdl:slow:128:qpsk:1181601,afdm,residual,405909793.8036441,4025128.0,0.0,0.0,0.0,0.0,,0.0,5.0,1.0,0.02531690034084022,0.0,0,0,0,0,0.328125,0.33152575,0.25,0.40625,0.24739570000000002,0.4156558,0.47619047619047616,0.5075325219835864
tdl,slow,128,qpsk,1181601,tdl:slow:128:qpsk:1181601,afdm,stable,439665793.8036441,4362688.0,0.0,0.0,0.0,0.0,,0.0,8.0,4.0,0.04397200018865988,0.0,0,0,0,0,0.265625,0.28027315,0.25,0.28125,0.27321700000000004,0.2873293,0.11764705882352941,0.05035195130179243
tdl,slow,128,qpsk,1181601,tdl:slow:128:qpsk:1181601,ofdm,gray,512322497.8036441,5252560.0,0.0,0.0,0.0,0.0,0.0,0.95171875,9.97,2.95,0.2794739000382833,0.0,0,0,0,0,1.5,1.62719045,1.46875,1.53125,1.5931066,1.6612743,0.041666666666666664,0.04189288352816971
tdl,slow,128,qpsk,1181601,tdl:slow:128:qpsk:1181601,ofdm,merged_absolute,452691489.8036441,4471240.0,0.0,0.0,0.0,0.0,0.0,1.0,4.0,1.0,0.11213989989482798,0.98,2,0,0,0,1.3203125,1.4659475,1.25,1.390625,1.4401030000000001,1.491792,0.10650887573964497,0.03525978931714804
tdl,slow,128,qpsk,1181601,tdl:slow:128:qpsk:1181601,ofdm,phase_absolute,481482273.8036441,4762056.0,0.0,0.0,0.0,0.0,0.0,1.0,4.0,1.0,0.11560980000649579,0.98,2,0,0,0,1.453125,1.5054520500000002,1.453125,1.453125,1.4936253000000002,1.5172788000000001,0.0,0.01571189198619776
tdl,slow,128,qpsk,1181601,tdl:slow:128:qpsk:1181601,ofdm,phase_relative,480094369.8036441,4762056.0,0.0,0.0,0.0,0.0,0.0,1.0,4.0,1.0,0.10881119983969256,0.99,1,0,0,0,1.390625,1.4498384500000001,1.34375,1.4375,1.3817302,1.5179467000000002,0.06741573033707865,0.09395288143999779
tdl,slow,128,qpsk,1181601,tdl:slow:128:qpsk:1181601,ofdm,r6_deep,503753633.8036441,5005512.0,0.0,0.0,0.0,0.0,0.0,1.0,4.0,1.0,0.11572890015668236,0.0,100,0,0,0,2.4375,2.53315805,2.40625,2.46875,2.5012601,2.5650560000000002,0.02564102564102564,0.025184334629258575
tdl,slow,128,qpsk,1181601,tdl:slow:128:qpsk:1181601,ofdm,radau,514381657.8036441,5250000.0,0.0,0.0,0.0,0.0,0.0,1.0,10.07,3.0,0.28297459962777793,0.0,0,0,0,0,1.5078125,1.6503014500000002,1.5,1.515625,1.6291316,1.6714713,0.010362694300518135,0.025655737017015942
tdl,slow,128,qpsk,1181601,tdl:slow:128:qpsk:1181601,ofdm,relative_radau,501526345.8036441,5519120.0,0.0,0.0,0.0,0.0,0.0,0.999765625,5.16,1.29,0.12319089990342036,0.99,1,0,0,0,1.5234375,1.5408228000000002,1.5,1.546875,1.5372989000000001,1.5443467000000002,0.03076923076923077,0.004574049657105313
tdl,slow,128,qpsk,1181601,tdl:slow:128:qpsk:1181601,ofdm,residual,405663905.8036441,4022824.0,0.0,0.0,0.0,0.0,,0.0,5.0,1.0,0.07749690013588406,0.0,0,0,0,0,1.21875,1.3499421000000003,1.109375,1.328125,1.3495826000000002,1.3503016,0.1794871794871795,0.0005326154358767787
tdl,slow,128,qpsk,1181601,tdl:slow:128:qpsk:1181601,ofdm,stable,439189505.8036441,4358080.0,0.0,0.0,0.0,0.0,,0.0,8.0,4.0,0.24530189993674867,0.0,0,0,0,0,1.390625,1.5783692,1.390625,1.390625,1.5655260000000002,1.5912124,0.0,0.016274012442716118
tdl,slow,128,qpsk,1181601,tdl:slow:128:qpsk:1181601,otfs,gray,512655025.8036441,5258960.0,0.0,0.0,0.0,0.0,0.0,0.9540625,9.95,2.95,0.3298786998493597,0.0,0,0,0,0,1.4453125,1.68989545,1.390625,1.5,1.6832007,1.6965902000000002,0.07567567567567568,0.00792327122959007
tdl,slow,128,qpsk,1181601,tdl:slow:128:qpsk:1181601,otfs,merged_absolute,453075489.8036441,4475080.0,0.0,0.0,0.0,0.0,0.0,1.0,4.0,1.0,0.1294341001776047,0.98,2,0,0,0,1.46875,1.5090893000000003,1.4375,1.5,1.5029123000000002,1.5152663000000002,0.0425531914893617,0.008186394271034838
tdl,slow,128,qpsk,1181601,tdl:slow:128:qpsk:1181601,otfs,phase_absolute,481866273.8036441,4765896.0,0.0,0.0,0.0,0.0,0.0,1.0,4.0,1.0,0.12695500015979633,0.98,2,0,0,0,1.4453125,1.55203785,1.375,1.515625,1.5489188,1.5551569,0.0972972972972973,0.004019296307754366
tdl,slow,128,qpsk,1181601,tdl:slow:128:qpsk:1181601,otfs,phase_relative,480478369.8036441,4765896.0,0.0,0.0,0.0,0.0,0.0,1.0,4.0,1.0,0.12852209989796393,0.99,1,0,0,0,1.4765625,1.53386735,1.4375,1.515625,1.5173943,1.5503404,0.05291005291005291,0.02147910639078404
tdl,slow,128,qpsk,1181601,tdl:slow:128:qpsk:1181601,otfs,r6_deep,504137633.8036441,5009352.0,0.0,0.0,0.0,0.0,0.0,1.0,4.0,1.0,0.12930950010195374,0.0,100,0,0,0,2.546875,2.65108945,2.515625,2.578125,2.5953790000000003,2.7067999,0.024539877300613498,0.04202834423410334
tdl,slow,128,qpsk,1181601,tdl:slow:128:qpsk:1181601,otfs,radau,514720585.8036441,5256400.0,0.0,0.0,0.0,0.0,0.0,1.0,10.05,3.0,0.30911149992607534,0.0,0,0,0,0,1.6484375,1.6857973,1.625,1.671875,1.674277,1.6973176,0.02843601895734597,0.013667479476921738
tdl,slow,128,qpsk,1181601,tdl:slow:128:qpsk:1181601,otfs,relative_radau,497355161.8036441,5524240.0,0.0,0.0,0.0,0.0,0.0,1.0,4.92,1.23,0.13451020035427064,0.99,1,0,0,0,1.484375,1.5424612,1.4375,1.53125,1.4983999000000001,1.5865225,0.06315789473684211,0.057131161548828545
tdl,slow,128,qpsk,1181601,tdl:slow:128:qpsk:1181601,otfs,residual,406047905.8036441,4026664.0,0.0,0.0,0.0,0.0,,0.0,5.0,1.0,0.09295139991445467,0.0,0,0,0,0,1.28125,1.374806,1.28125,1.28125,1.3732404,1.3763716000000001,0.0,0.0022775577063237373
tdl,slow,128,qpsk,1181601,tdl:slow:128:qpsk:1181601,otfs,stable,439957505.8036441,4365760.0,0.0,0.0,0.0,0.0,,0.0,8.0,4.0,0.298852700041607,0.0,0,0,0,0,1.5078125,1.7873132,1.5,1.515625,1.6205608,1.9540656,0.010362694300518135,0.18659561178197534
tdl,slow,256,16qam,1181900,tdl:slow:256:16qam:1181900,afdm,gray,1011399659.6072882,10091848.0,0.0,0.0,1.953125e-05,1.953125e-05,0.0,0.97349609375,9.9,2.95,0.07974989994545467,0.0,0,0,0,0,0.4140625,0.42814885,0.390625,0.4375,0.39408230000000005,0.46221540000000005,0.11320754716981132,0.15913414224982736
tdl,slow,256,16qam,1181900,tdl:slow:256:16qam:1181900,afdm,merged_absolute,1006527499.6072882,10369040.0,0.0,0.0,1.953125e-05,1.953125e-05,0.0,0.9978515625,6.96,1.74,0.060404600139008835,0.98,2,0,0,0,0.40625,0.43069025000000005,0.390625,0.421875,0.392593,0.4687875,0.07692307692307693,0.1769125258814194
tdl,slow,256,16qam,1181900,tdl:slow:256:16qam:1181900,afdm,phase_absolute,1065634179.6072882,10950672.0,0.0,0.0,1.953125e-05,1.953125e-05,0.0,0.9981640625,7.0,1.75,0.06629720001365058,0.98,2,0,0,0,0.4453125,0.46341455000000004,0.421875,0.46875000000000006,0.44719070000000005,0.4796384,0.10526315789473696,0.07001873376655948
tdl,slow,256,16qam,1181900,tdl:slow:256:16qam:1181900,afdm,phase_relative,1042213595.6072882,10945220.4,0.0,0.0,1.953125e-05,1.953125e-05,0.0,0.99701171875,6.48,1.62,0.04825140020693652,0.99,1,0,0,0,0.390625,0.39353945,0.359375,0.421875,0.35969320000000005,0.42738570000000004,0.16,0.1720094389520542
tdl,slow,256,16qam,1181900,tdl:slow:256:16qam:1181900,afdm,r6_deep,1014018011.6072882,11256064.0,0.0,0.0,1.953125e-05,1.953125e-05,0.0,0.99623046875,5.0,1.25,0.035982000117655843,0.0,100,0,0,0,0.609375,0.6265632000000001,0.5625,0.65625,0.5601965,0.6929299000000001,0.15384615384615385,0.21184359375079814
tdl,slow,256,16qam,1181900,tdl:slow:256:16qam:1181900,afdm,radau,1015009539.6072882,10081608.0,0.0,0.0,1.953125e-05,1.953125e-05,0.0,0.99892578125,10.0,3.0,0.0714341003622394,0.0,0,0,0,0,0.3984375,0.41497065,0.359375,0.4375,0.3806812,0.44926010000000005,0.19607843137254902,0.16526204925577279
tdl,slow,256,16qam,1181900,tdl:slow:256:16qam:1181900,afdm,relative_radau,1097663267.6072881,10898448.0,0.0,0.0,1.953125e-05,1.953125e-05,0.0,0.99998046875,8.0,2.0,0.04577189977862872,0.99,1,0,0,0,0.3828125,0.39505285,0.359375,0.40625,0.36504960000000003,0.42505610000000005,0.12244897959183673,0.15189486672479396
tdl,slow,256,16qam,1181900,tdl:slow:256:16qam:1181900,afdm,residual,823659939.6072882,8168112.0,0.0,0.0,1.953125e-05,1.953125e-05,,0.0,6.0,1.0,0.023284999711904675,0.0,0,0,0,0,0.3203125,0.31616305,0.28125,0.359375,0.27743290000000004,0.3548932,0.24390243902439024,0.24500111572177705
tdl,slow,256,16qam,1181900,tdl:slow:256:16qam:1181900,afdm,stable,862445539.6072882,8555968.0,0.0,0.0,1.953125e-05,1.953125e-05,,0.0,8.0,4.0,0.053373000118881464,0.0,0,0,0,0,0.375,0.38155065,0.359375,0.390625,0.3637494,0.39935190000000004,0.08333333333333333,0.09331002319089232
tdl,slow,256,16qam,1181900,tdl:slow:256:16qam:1181900,ofdm,gray,1011537827.6072882,10084168.0,0.0,0.0,5.859375e-05,5.859375e-05,0.0,0.9799609375,9.92,2.96,0.09817559999646619,0.0,0,0,0,0,0.4453125,0.45658260000000006,0.390625,0.5,0.42099970000000003,0.49216550000000003,0.24561403508771928,0.1558662112835662
tdl,slow,256,16qam,1181900,tdl:slow:256:16qam:1181900,ofdm,merged_absolute,922929403.6072882,10362896.0,0.0,0.0,5.859375e-05,5.859375e-05,0.0,0.9478125,4.8,1.2,0.06591889989795163,0.98,2,0,0,0,0.3984375,0.41355085,0.390625,0.40625,0.3907546,0.43634710000000004,0.0392156862745098,0.1102464183062374
tdl,slow,256,16qam,1181900,tdl:slow:256:16qam:1181900,ofdm,phase_absolute,978609235.6072882,10944528.0,0.0,0.0,5.859375e-05,5.859375e-05,0.0,0.9572265625,4.76,1.19,0.0601253000786528,0.98,2,0,0,0,0.4140625,0.4265718,0.375,0.45312500000000006,0.3881462,0.4649974,0.188679245283019,0.1801600574627765
tdl,slow,256,16qam,1181900,tdl:slow:256:16qam:1181900,ofdm,phase_relative,953371723.6072882,10935952.4,0.0,0.0,5.859375e-05,5.859375e-05,0.0,0.9643359375,4.2,1.05,0.06240270004491322,0.99,1,0,0,0,0.3828125,0.4047392,0.359375,0.40625,0.3867605,0.42271790000000004,0.12244897959183673,0.08884091286438285
tdl,slow,256,16qam,1181900,tdl:slow:256:16qam:1181900,ofdm,r6_deep,974724171.6072882,9693082.0,0.0,0.0,5.859375e-05,5.859375e-05,0.0,0.98908203125,4.0,1.0,0.04844779972336255,0.0,100,0,0,0,0.59375,0.64545805,0.515625,0.671875,0.6037929000000001,0.6871232,0.2631578947368421,0.12910258071767788
tdl,slow,256,16qam,1181900,tdl:slow:256:16qam:1181900,ofdm,radau,1014214787.6072882,10073928.0,0.0,0.0,5.859375e-05,5.859375e-05,0.0,0.99833984375,10.0,3.0,0.07737780013121665,0.0,0,0,0,0,0.40625,0.43612275,0.390625,0.421875,0.43211700000000003,0.44012850000000003,0.07692307692307693,0.01836982821923416
tdl,slow,256,16qam,1181900,tdl:slow:256:16qam:1181900,ofdm,relative_radau,1097022115.6072881,10892304.0,0.0,0.0,5.859375e-05,5.859375e-05,0.0,0.99978515625,8.0,2.0,0.05376410001190379,0.99,1,0,0,0,0.4453125,0.44697865000000003,0.421875,0.46875000000000006,0.44037240000000005,0.4535849,0.10526315789473696,0.029559577398159755
tdl,slow,256,16qam,1181900,tdl:slow:256:16qam:1181900,ofdm,residual,823172387.6072882,8163504.0,0.0,0.0,5.859375e-05,5.859375e-05,,0.0,6.0,1.0,0.022630900028161705,0.0,0,0,0,0,0.3203125,0.33592635000000004,0.265625,0.375,0.2980203,0.3738324,0.34146341463414637,0.2256807184074723
tdl,slow,256,16qam,1181900,tdl:slow:256:16qam:1181900,ofdm,stable,863385747.6072882,8546752.0,0.0,0.0,5.859375e-05,5.859375e-05,,0.0,8.06,4.03,0.05091669931425713,0.0,0,0,0,0,0.359375,0.36690775000000003,0.359375,0.359375,0.34781660000000003,0.38599890000000003,0.0,0.10406512263641202
tdl,slow,256,16qam,1181900,tdl:slow:256:16qam:1181900,otfs,gray,1015590987.6072882,10096968.0,0.0,0.0,3.90625e-05,3.90625e-05,0.0,0.994140625,9.98,2.99,0.08499229996232316,0.0,0,0,0,0,0.375,0.39800690000000005,0.359375,0.390625,0.3976308,0.39838300000000004,0.08333333333333333,0.0018899169838513755
tdl,slow,256,16qam,1181900,tdl:slow:256:16qam:1181900,otfs,merged_absolute,1019410707.6072882,10373136.0,0.0,0.0,3.90625e-05,3.90625e-05,0.0,0.998671875,7.28,1.82,0.07304460002342239,0.98,2,0,0,0,0.4375,0.43776560000000003,0.421875,0.45312500000000006,0.41733610000000004,0.4581951,0.07142857142857155,0.09333533744999602
tdl,slow,256,16qam,1181900,tdl:slow:256:16qam:1181900,otfs,phase_absolute,1073817099.6072881,10954768.0,0.0,0.0,3.90625e-05,3.90625e-05,0.0,0.9985546875,7.2,1.8,0.07781349972356111,0.98,2,0,0,0,0.5078125,0.5126121,0.48437500000000006,0.53125,0.5064244,0.5187998,0.0923076923076922,0.02414184136504003
tdl,slow,256,16qam,1181900,tdl:slow:256:16qam:1181900,otfs,phase_relative,1053500035.6072882,10949576.0,0.0,0.0,3.90625e-05,3.90625e-05,0.0,0.998046875,6.76,1.69,0.05325460000312887,0.99,1,0,0,0,0.4140625,0.41618475000000005,0.359375,0.46875000000000006,0.36672000000000005,0.46564950000000005,0.2641509433962265,0.23770573044783594
tdl,slow,256,16qam,1181900,tdl:slow:256:16qam:1181900,otfs,r6_deep,1017548003.6072882,11260428.4,0.0,0.0,3.90625e-05,3.90625e-05,0.0,0.99568359375,5.08,1.27,0.04332270007580519,0.0,100,0,0,0,0.625,0.6340054500000001,0.5625,0.6875,0.5917929000000001,0.6762180000000001,0.2,0.13316147361193822
tdl,slow,256,16qam,1181900,tdl:slow:256:16qam:1181900,otfs,radau,1015494787.6072882,10086728.0,0.0,0.0,3.90625e-05,3.90625e-05,0.0,0.99888671875,10.0,3.0,0.07995550037594512,0.0,0,0,0,0,0.3984375,0.40929285000000004,0.375,0.421875,0.394455,0.4241307,0.11764705882352941,0.07250480920934735
tdl,slow,256,16qam,1181900,tdl:slow:256:16qam:1181900,otfs,relative_radau,1098046115.6072881,10902544.0,1.953125e-05,1.953125e-05,1.953125e-05,3.90625e-05,0.0,0.99990234375,8.0,2.0,0.05239099997561425,0.99,1,0,0,0,0.3828125,0.40571460000000004,0.375,0.390625,0.3951677,0.4162615,0.04081632653061224,0.05199172028810399
tdl,slow,256,16qam,1181900,tdl:slow:256:16qam:1181900,otfs,residual,823940387.6072882,8171184.0,0.0,0.0,3.90625e-05,3.90625e-05,,0.0,6.0,1.0,0.027706299937563017,0.0,0,0,0,0,0.359375,0.35575395,0.3125,0.40625,0.3148326,0.3966753,0.2608695652173913,0.23005422708588336
tdl,slow,256,16qam,1181900,tdl:slow:256:16qam:1181900,otfs,stable,866193587.6072882,8562112.0,0.0,0.0,3.90625e-05,3.90625e-05,,0.0,8.1,4.05,0.06050779946963303,0.0,0,0,0,0,0.3515625,0.36189915000000006,0.34375,0.359375,0.3523316,0.37146670000000004,0.044444444444444446,0.05287412252833424
tdl,slow,256,16qam,1181901,tdl:slow:256:16qam:1181901,afdm,gray,923355939.6072882,9165072.0,0.0,0.0,0.0,0.0,0.0,0.7685546875,8.0,2.0,0.06773539996356703,0.0,0,0,0,0,0.40625,0.4044787,0.359375,0.45312500000000006,0.3518346,0.45712280000000005,0.2307692307692309,0.26030591969367
tdl,slow,256,16qam,1181901,tdl:slow:256:16qam:1181901,afdm,merged_absolute,900561035.6072882,10362470.8,0.0,0.0,0.0,0.0,0.0,0.99796875,4.28,1.07,0.032096700073452666,0.98,2,0,0,0,0.3515625,0.351843,0.34375,0.359375,0.3405361,0.3631499,0.044444444444444446,0.06427241695870038
tdl,slow,256,16qam,1181901,tdl:slow:256:16qam:1181901,afdm,phase_absolute,959862971.6072882,10944798.0,0.0,0.0,0.0,0.0,0.0,0.9966796875,4.32,1.08,0.03716869969503023,0.98,2,0,0,0,0.359375,0.36365990000000004,0.34375,0.375,0.34991930000000004,0.3774005,0.08695652173913043,0.07556840883473812
tdl,slow,256,16qam,1181901,tdl:slow:256:16qam:1181901,afdm,phase_relative,944184067.6072882,9363144.0,0.0,0.0,0.0,0.0,0.0,0.99986328125,4.0,1.0,0.026346599945100024,0.99,1,0,0,0,0.3515625,0.36718300000000004,0.296875,0.40625,0.32613220000000004,0.40823380000000004,0.3111111111111111,0.22359858708055652
tdl,slow,256,16qam,1181901,tdl:slow:256:16qam:1181901,afdm,r6_deep,974560131.6072882,9678920.0,0.0,0.0,0.0,0.0,0.0,1.0,4.0,1.0,0.031706999870948493,0.0,100,0,0,0,0.6015625,0.6121233500000001,0.59375,0.609375,0.5909462000000001,0.6333005,0.025974025974025976,0.06919242665714345
tdl,slow,256,16qam,1181901,tdl:slow:256:16qam:1181901,afdm,radau,1015009539.6072882,10081608.0,0.0,0.0,0.0,0.0,0.0,1.0,10.0,3.0,0.07255679980153218,0.0,0,0,0,0,0.3984375,0.41418215,0.375,0.421875,0.40724140000000003,0.4211229,0.11764705882352941,0.03351544724947705
tdl,slow,256,16qam,1181901,tdl:slow:256:16qam:1181901,afdm,relative_radau,1097663267.6072881,10898448.0,0.0,0.0,0.0,0.0,0.0,1.0,8.0,2.0,0.04605849986546673,0.99,1,0,0,0,0.359375,0.36911425000000003,0.359375,0.359375,0.3623873,0.37584120000000004,0.0,0.036449148197340034
tdl,slow,256,16qam,1181901,tdl:slow:256:16qam:1181901,afdm,residual,793451139.6072882,7866024.0,0.0,0.0,0.0,0.0,,0.0,5.0,1.0,0.019465000019408762,0.0,0,0,0,0,0.328125,0.3211094,0.3125,0.34375,0.3064328,0.33578600000000003,0.09523809523809523,0.0914118365890255
tdl,slow,256,16qam,1181901,tdl:slow:256:16qam:1181901,afdm,stable,864969763.6072882,8587520.799999999,0.0,0.0,0.0,0.0,,0.0,8.08,4.04,0.056456500315107405,0.0,0,0,0,0,0.3515625,0.3597247,0.3125,0.390625,0.3381922,0.3812572,0.2222222222222222,0.11971654990608101
tdl,slow,256,16qam,1181901,tdl:slow:256:16qam:1181901,ofdm,gray,922714787.6072882,9158928.0,0.0,0.0,0.0,0.0,0.0,0.75361328125,8.0,2.0,0.0786736999580171,0.0,0,0,0,0,0.375,0.3778307,0.359375,0.390625,0.3516133,0.4040481,0.08333333333333333,0.13877855875660713
tdl,slow,256,16qam,1181901,tdl:slow:256:16qam:1181901,ofdm,merged_absolute,889636523.6072882,8850866.0,0.0,0.0,0.0,0.0,0.0,0.9834375,4.0,1.0,0.039294499991228804,0.98,2,0,0,0,0.328125,0.33996325000000005,0.3125,0.34375,0.32407,0.3558565,0.09523809523809523,0.09349981211204443
tdl,slow,256,16qam,1181901,tdl:slow:256:16qam:1181901,ofdm,phase_absolute,948971907.6072882,9437184.0,0.0,0.0,0.0,0.0,0.0,0.98021484375,4.04,1.01,0.0412636999390088,0.98,2,0,0,0,0.3359375,0.36336820000000003,0.3125,0.359375,0.34912400000000005,0.3776124,0.13953488372093023,0.07840091675606167
tdl,slow,256,16qam,1181901,tdl:slow:256:16qam:1181901,ofdm,phase_relative,943696515.6072882,9358536.0,0.0,0.0,0.0,0.0,0.0,0.9989453125,4.0,1.0,0.02903510013129562,0.99,1,0,0,0,0.3515625,0.35963200000000006,0.34375,0.359375,0.352706,0.36655800000000005,0.044444444444444446,0.03851715086532908
tdl,slow,256,16qam,1181901,tdl:slow:256:16qam:1181901,ofdm,r6_deep,974072579.6072882,9674312.0,0.0,0.0,0.0,0.0,0.0,0.99982421875,4.0,1.0,0.030442000017501414,0.0,100,0,0,0,0.5859375,0.5997380000000001,0.578125,0.59375,0.5975962,0.6018798000000001,0.02666666666666667,0.007142452204129225
tdl,slow,256,16qam,1181901,tdl:slow:256:16qam:1181901,ofdm,radau,1014214787.6072882,10073928.0,0.0,0.0,0.0,0.0,0.0,0.99998046875,10.0,3.0,0.06760490027954802,0.0,0,0,0,0,0.3671875,0.38297815,0.359375,0.375,0.370877,0.3950793,0.0425531914893617,0.06319498906138642
tdl,slow,256,16qam,1181901,tdl:slow:256:16qam:1181901,ofdm,relative_radau,1097022115.6072881,10892304.0,0.0,0.0,0.0,0.0,0.0,1.0,8.0,2.0,0.04652500001247972,0.99,1,0,0,0,0.375,0.38673435,0.359375,0.390625,0.38329040000000003,0.39017830000000003,0.08333333333333333,0.017810416892112123
tdl,slow,256,16qam,1181901,tdl:slow:256:16qam:1181901,ofdm,residual,792963587.6072882,7861416.0,0.0,0.0,0.0,0.0,,0.0,5.0,1.0,0.01778229995397851,0.0,0,0,0,0,0.2890625,0.28704405,0.28125,0.296875,0.2819279,0.29216020000000004,0.05405405405405406,0.0356471419630542
tdl,slow,256,16qam,1181901,tdl:slow:256:16qam:1181901,ofdm,stable,904934067.6072882,9176272.0,0.0,0.0,0.0,0.0,,0.0,9.38,4.69,0.06274309978471138,0.0,0,0,0,0,0.40625,0.41464025000000004,0.390625,0.421875,0.38880430000000005,0.44047620000000004,0.07692307692307693,0.12461863024634003
tdl,slow,256,16qam,1181901,tdl:slow:256:16qam:1181901,otfs,gray,923711907.6072882,9169168.0,0.0,0.0,0.0,0.0,0.0,0.76611328125,8.0,2.0,0.07934159989235923,0.0,0,0,0,0,0.3671875,0.38119115000000003,0.34375,0.390625,0.37044740000000004,0.39193490000000003,0.1276595744680851,0.056369356948606994
tdl,slow,256,16qam,1181901,tdl:slow:256:16qam:1181901,otfs,merged_absolute,900878611.6072882,10366008.0,0.0,0.0,0.0,0.0,0.0,0.99767578125,4.28,1.07,0.03666960005648434,0.98,2,0,0,0,0.34375,0.33954025,0.328125,0.359375,0.320649,0.3584315,0.09090909090909091,0.11127546734150075
tdl,slow,256,16qam,1181901,tdl:slow:256:16qam:1181901,otfs,phase_absolute,961652251.6072882,10947732.4,0.0,0.0,0.0,0.0,0.0,0.99736328125,4.36,1.09,0.037665499810827896,0.98,2,0,0,0,0.3515625,0.35903655,0.34375,0.359375,0.35733240000000005,0.3607407,0.044444444444444446,0.009492905388044686
tdl,slow,256,16qam,1181901,tdl:slow:256:16qam:1181901,otfs,phase_relative,944464515.6072882,9366216.0,0.0,0.0,0.0,0.0,0.0,0.99998046875,4.0,1.0,0.028943699959199876,0.99,1,0,0,0,0.34375,0.35056565,0.328125,0.359375,0.3344108,0.3667205,0.09090909090909091,0.09216447760925806
tdl,slow,256,16qam,1181901,tdl:slow:256:16qam:1181901,otfs,r6_deep,974840579.6072882,9681992.0,0.0,0.0,0.0,0.0,0.0,0.99998046875,4.0,1.0,0.030830499774310738,0.0,100,0,0,0,0.5859375,0.5953733000000001,0.5625,0.609375,0.5691333000000001,0.6216133,0.08,0.08814637807909753
tdl,slow,256,16qam,1181901,tdl:slow:256:16qam:1181901,otfs,radau,1014545227.6072882,10086728.0,0.0,0.0,0.0,0.0,0.0,0.999921875,9.98,2.99,0.07463410004856996,0.0,0,0,0,0,0.390625,0.40724465,0.390625,0.390625,0.3852397,0.4292496,0.0,0.10806747246403357
tdl,slow,256,16qam,1181901,tdl:slow:256:16qam:1181901,otfs,relative_radau,1098046115.6072881,10902544.0,0.0,0.0,0.0,0.0,0.0,1.0,8.0,2.0,0.06373559957137331,0.99,1,0,0,0,0.40625,0.43088765000000007,0.359375,0.45312500000000006,0.37526940000000003,0.48650590000000005,0.2307692307692309,0.25815662156945085
tdl,slow,256,16qam,1181901,tdl:slow:256:16qam:1181901,otfs,residual,793731587.6072882,7869096.0,0.0,0.0,0.0,0.0,,0.0,5.0,1.0,0.022001199919031933,0.0,0,0,0,0,0.3125,0.3193855,0.3125,0.3125,0.3116506,0.32712040000000003,0.0,0.04843613752033212
tdl,slow,256,16qam,1181901,tdl:slow:256:16qam:1181901,otfs,stable,866825667.6072882,9194192.0,0.0,0.0,0.0,0.0,,0.0,8.12,4.06,0.05986730003496632,0.0,0,0,0,0,0.3515625,0.36705395,0.328125,0.375,0.3626884,0.3714195,0.13333333333333333,0.02378696646637365
tdl,slow,256,qpsk,1181800,tdl:slow:256:qpsk:1181800,afdm,gray,1016869116.1152532,10211648.0,0.0,0.0,0.0,0.0,0.0,0.95484375,10.64,3.0,0.0989832000923343,0.0,0,0,0,0,0.4296875,0.4386834,0.359375,0.5,0.3515553,0.5258115,0.32727272727272727,0.3972254249875878
tdl,slow,256,qpsk,1181800,tdl:slow:256:qpsk:1181800,afdm,merged_absolute,965927172.1152532,10201088.0,0.0,0.0,0.0,0.0,0.0,0.9996875,6.28,1.57,0.05019570019794628,0.97,3,0,0,0,0.375,0.3862097,0.375,0.375,0.3801179,0.3923015,0.0,0.03154659243411032
tdl,slow,256,qpsk,1181800,tdl:slow:256:qpsk:1181800,afdm,phase_absolute,1019621296.1152532,10790912.0,0.0,0.0,0.0,0.0,0.0,0.99921875,6.16,1.54,0.04904279988841154,0.97,3,0,0,0,0.3828125,0.39233705,0.359375,0.40625,0.3717452,0.41292890000000004,0.12244897959183673,0.10497020355329695
tdl,slow,256,qpsk,1181800,tdl:slow:256:qpsk:1181800,afdm,phase_relative,996487276.1152532,10786826.6,0.0,0.0,0.0,0.0,0.0,0.99921875,5.72,1.43,0.04125479981303215,0.99,1,0,0,0,0.3515625,0.3677476,0.328125,0.375,0.3619758,0.3735194,0.13333333333333333,0.031390007711811004
tdl,slow,256,qpsk,1181800,tdl:slow:256:qpsk:1181800,afdm,r6_deep,958518348.1152532,9520936.0,0.0,0.0,0.0,0.0,0.0,1.0,4.0,1.0,0.03281440012506209,0.0,100,0,0,0,0.6171875,0.6103190000000001,0.546875,0.6875,0.538993,0.6816450000000001,0.22784810126582278,0.23373350657606923
tdl,slow,256,qpsk,1181800,tdl:slow:256:qpsk:1181800,afdm,radau,1028471356.1152532,10206528.0,0.0,0.0,0.0,0.0,0.0,1.0,11.04,3.0,0.06929060016409494,0.0,0,0,0,0,0.3984375,0.39545385,0.390625,0.40625,0.38515710000000003,0.4057506,0.0392156862745098,0.05207560882262238
tdl,slow,256,qpsk,1181800,tdl:slow:256:qpsk:1181800,afdm,relative_radau,1082473756.1152532,10748928.0,0.0,0.0,0.0,0.0,0.0,1.0,8.0,2.0,0.05058060013107024,0.99,1,0,0,0,0.4453125,0.43546145,0.4375,0.45312500000000006,0.4288328,0.44209010000000004,0.03508771929824574,0.03044425631706326
tdl,slow,256,qpsk,1181800,tdl:slow:256:qpsk:1181800,afdm,residual,872040988.1152532,8936120.0,0.0,0.0,0.0,0.0,,0.0,8.08,1.0,0.02119320022757165,0.0,0,0,0,0,0.3046875,0.31775010000000004,0.28125,0.328125,0.2874278,0.3480724,0.15384615384615385,0.19085627353067705
tdl,slow,256,qpsk,1181800,tdl:slow:256:qpsk:1181800,afdm,stable,846833116.1152532,8402352.0,0.0,0.0,0.0,0.0,,0.0,8.0,4.0,0.056264199782162905,0.0,0,0,0,0,0.3515625,0.38138595000000003,0.328125,0.375,0.3781162,0.38465570000000004,0.13333333333333333,0.017146672550470282
tdl,slow,256,qpsk,1181800,tdl:slow:256:qpsk:1181800,ofdm,gray,1020008164.1152532,10203968.0,0.0,0.0,0.0,0.0,0.0,0.9741796875,10.77,3.0,0.06791879996308126,0.0,0,0,0,0,0.421875,0.42025180000000006,0.390625,0.45312500000000006,0.38721950000000005,0.4532841,0.14814814814814828,0.1572024200729181
tdl,slow,256,qpsk,1181800,tdl:slow:256:qpsk:1181800,ofdm,merged_absolute,929804096.1152532,10194944.0,0.0,0.0,0.0,0.0,0.0,0.95125,5.36,1.34,0.08091039999271743,0.97,3,0,0,0,0.4609375,0.4930624,0.421875,0.5,0.4412356,0.5448892000000001,0.1694915254237288,0.2102241014524735
tdl,slow,256,qpsk,1181800,tdl:slow:256:qpsk:1181800,ofdm,phase_absolute,991396988.1152532,10784768.0,0.0,0.0,0.0,0.0,0.0,0.94578125,5.44,1.36,0.051900799735449255,0.97,3,0,0,0,0.4375,0.43874585,0.375,0.5,0.3742434,0.5032483,0.2857142857142857,0.29403104325659146
tdl,slow,256,qpsk,1181800,tdl:slow:256:qpsk:1181800,ofdm,phase_relative,937183164.1152532,10780858.6,0.0,0.0,0.0,0.0,0.0,0.9209375,4.2,1.05,0.0686520001036115,0.99,1,0,0,0,0.40625,0.43222975,0.375,0.4375,0.38333320000000004,0.4811263,0.15384615384615385,0.2262525890455249
tdl,slow,256,qpsk,1181800,tdl:slow:256:qpsk:1181800,ofdm,r6_deep,958149176.1152532,9522095.0,0.0,0.0,0.0,0.0,0.0,0.9950390625,4.0,1.0,0.03353049993165769,0.0,100,0,0,0,0.65625,0.69256985,0.546875,0.765625,0.5914736,0.7936661,0.3333333333333333,0.2919452817647202
tdl,slow,256,qpsk,1181800,tdl:slow:256:qpsk:1181800,ofdm,radau,1029202404.1152532,10504008.0,0.0,0.0,0.0,0.0,0.0,0.9999609375,11.09,3.0,0.07655989995691925,0.0,0,0,0,0,0.4296875,0.44837725000000006,0.421875,0.4375,0.43624840000000004,0.46050610000000003,0.03636363636363636,0.05410109455820961
tdl,slow,256,qpsk,1181800,tdl:slow:256:qpsk:1181800,ofdm,relative_radau,1081832604.1152532,10742784.0,0.0,0.0,0.0,0.0,0.0,1.0,8.0,2.0,0.04714270026306622,0.99,1,0,0,0,0.4296875,0.43135005000000004,0.40625,0.45312500000000006,0.406455,0.4562451,0.10909090909090922,0.11542852493004231
tdl,slow,256,qpsk,1181800,tdl:slow:256:qpsk:1181800,ofdm,residual,870022516.1152532,8625328.0,0.0,0.0,0.0,0.0,,0.0,8.03,1.0,0.028853800031356514,0.0,0,0,0,0,0.4375,0.4607299,0.4375,0.4375,0.45737920000000004,0.4640806,0.0,0.014545181460981734
tdl,slow,256,qpsk,1181800,tdl:slow:256:qpsk:1181800,ofdm,stable,845884764.1152532,8393136.0,0.0,0.0,0.0,0.0,,0.0,8.0,4.0,0.05743859984795563,0.0,0,0,0,0,0.3984375,0.42729845,0.359375,0.4375,0.4037058,0.45089110000000004,0.19607843137254902,0.11042703290873168
tdl,slow,256,qpsk,1181800,tdl:slow:256:qpsk:1181800,otfs,gray,1020380364.1152532,10216768.0,0.0,0.0,0.0,0.0,0.0,0.96515625,10.74,3.0,0.08975869993446395,0.0,0,0,0,0,0.4453125,0.4529133000000001,0.421875,0.46875000000000006,0.43982600000000005,0.46600060000000004,0.10526315789473696,0.057791634734506554
tdl,slow,256,qpsk,1181800,tdl:slow:256:qpsk:1181800,otfs,merged_absolute,958390324.1152532,10205184.0,0.0,0.0,0.0,0.0,0.0,0.9990234375,6.08,1.52,0.05987119986093603,0.97,3,0,0,0,0.4453125,0.44280005,0.40625,0.48437500000000006,0.4084856,0.47711450000000005,0.1754385964912282,0.1549884648838681
tdl,slow,256,qpsk,1181800,tdl:slow:256:qpsk:1181800,otfs,phase_absolute,1027826280.1152532,10795008.0,0.0,0.0,0.0,0.0,0.0,0.9993359375,6.36,1.59,0.07382429970311932,0.97,3,0,0,0,0.5234375,0.53514465,0.48437500000000006,0.5625,0.5003111,0.5699782,0.14925373134328349,0.13018368024421056
tdl,slow,256,qpsk,1181800,tdl:slow:256:qpsk:1181800,otfs,phase_relative,993658208.1152532,10790663.0,0.0,0.0,0.0,0.0,0.0,0.99890625,5.64,1.41,0.05363290011882782,0.99,1,0,0,0,0.4296875,0.43942375,0.421875,0.4375,0.437927,0.44092050000000005,0.03636363636363636,0.006812330922031496
tdl,slow,256,qpsk,1181800,tdl:slow:256:qpsk:1181800,otfs,r6_deep,958798796.1152532,9524008.0,0.0,0.0,0.0,0.0,0.0,0.9999609375,4.0,1.0,0.03268139998544939,0.0,100,0,0,0,0.6171875,0.62920675,0.59375,0.640625,0.6230693,0.6353442,0.0759493670886076,0.01950853197299612
tdl,slow,256,qpsk,1181800,tdl:slow:256:qpsk:1181800,otfs,radau,1028956604.1152532,10211648.0,0.0,0.0,0.0,0.0,0.0,0.9999609375,11.04,3.0,0.08411469956627116,0.0,0,0,0,0,0.47656250000000006,0.47100085,0.46875000000000006,0.48437500000000006,0.45444900000000005,0.4875527,0.032786885245901634,0.07028373727987955
tdl,slow,256,qpsk,1181800,tdl:slow:256:qpsk:1181800,otfs,relative_radau,1082856604.1152532,10753024.0,0.0,0.0,0.0,0.0,0.0,1.0,8.0,2.0,0.04632959995069541,0.99,1,0,0,0,0.390625,0.41368330000000003,0.359375,0.421875,0.38125390000000003,0.44611270000000003,0.16,0.15678370386235072
tdl,slow,256,qpsk,1181800,tdl:slow:256:qpsk:1181800,otfs,residual,871402884.1152532,8939192.0,0.0,0.0,0.0,0.0,,0.0,8.05,1.0,0.02073350001592189,0.0,0,0,0,0,0.3046875,0.30736040000000003,0.296875,0.3125,0.30347870000000005,0.3112421,0.05128205128205128,0.025258296124028908
tdl,slow,256,qpsk,1181800,tdl:slow:256:qpsk:1181800,otfs,stable,847420764.1152532,8408496.0,0.0,0.0,0.0,0.0,,0.0,8.0,4.0,0.06166109992773272,0.0,0,0,0,0,0.40625,0.4219956,0.375,0.4375,0.3739131,0.47007810000000005,0.15384615384615385,0.22788152293531033
tdl,slow,256,qpsk,1181801,tdl:slow:256:qpsk:1181801,afdm,gray,1323427084.1152532,13935072.0,0.0,0.0,0.0,0.0,0.0,0.445390625,19.54,4.04,0.13278749957680702,0.0,0,0,0,0,0.5,0.5382778,0.45312500000000006,0.546875,0.46793890000000005,0.6086167,0.1874999999999999,0.2613479508164742
tdl,slow,256,qpsk,1181801,tdl:slow:256:qpsk:1181801,afdm,merged_absolute,1331745344.1152532,13611384.0,0.0,0.0,0.0,0.0,0.0,0.999609375,15.24,2.81,0.09722800005692989,0.8,20,0,0,0,0.5078125,0.5174159500000001,0.48437500000000006,0.53125,0.49206520000000004,0.5427667,0.0923076923076922,0.09798982810638135
tdl,slow,256,qpsk,1181801,tdl:slow:256:qpsk:1181801,afdm,phase_absolute,1398212624.1152532,16725992.2,0.0,0.0,0.0,0.0,0.0,0.99953125,15.47,2.84,0.08900549987447448,0.8,20,0,0,0,0.515625,0.52832745,0.5,0.53125,0.5075402,0.5491147000000001,0.06060606060606061,0.07869078163551803
tdl,slow,256,qpsk,1181801,tdl:slow:256:qpsk:1181801,afdm,phase_relative,1361445024.1152532,14201208.0,0.0,0.0,0.0,0.0,0.0,0.9997265625,15.88,2.88,0.104489100020146,0.98,2,0,0,0,0.5078125,0.5137215500000001,0.48437500000000006,0.53125,0.47019320000000003,0.5572499000000001,0.0923076923076922,0.16946281502109464
tdl,slow,256,qpsk,1181801,tdl:slow:256:qpsk:1181801,afdm,r6_deep,1185207852.1152532,14505200.0,0.0,0.0,0.0,0.0,0.0,0.998125,10.01,2.21,0.06563260016264394,0.0,100,0,0,0,0.6171875,0.6331609500000001,0.609375,0.625,0.6309434,0.6353785000000001,0.02531645569620253,0.00700469604134624
tdl,slow,256,qpsk,1181801,tdl:slow:256:qpsk:1181801,afdm,radau,1427699012.1152532,14837752.0,0.0,0.0,0.0,0.0,0.0,0.9989453125,22.24,4.73,0.10438959999009967,0.0,0,0,0,0,0.4765625,0.48184175000000007,0.45312500000000006,0.5,0.45995100000000005,0.5037325,0.0983606557377048,0.09086281958755124
tdl,slow,256,qpsk,1181801,tdl:slow:256:qpsk:1181801,afdm,relative_radau,1399976556.1152532,15407064.0,0.0,0.0,0.0,0.0,0.0,0.9991796875,16.17,3.97,0.0875595998368226,0.98,2,0,0,0,0.4921875,0.49868275,0.46875000000000006,0.515625,0.4706131,0.5267524,0.09523809523809512,0.11257517930989192
tdl,slow,256,qpsk,1181801,tdl:slow:256:qpsk:1181801,afdm,residual,1009211420.1152532,10160856.0,0.0,0.0,0.0,0.0,,0.0,12.56,1.0,0.02137220001895912,0.0,0,0,0,0,0.3359375,0.34366635,0.3125,0.359375,0.3338915,0.3534412,0.13953488372093023,0.05688569742135069
tdl,slow,256,qpsk,1181801,tdl:slow:256:qpsk:1181801,afdm,stable,909915916.1152532,9039552.0,0.0,0.0,0.0,0.0,,0.0,9.98,4.99,0.06858139976975508,0.0,0,0,0,0,0.4140625,0.45309525,0.375,0.45312500000000006,0.3979844,0.5082061,0.188679245283019,0.24326386118592058
tdl,slow,256,qpsk,1181801,tdl:slow:256:qpsk:1181801,ofdm,gray,1364860820.1152532,14229480.0,0.0,0.0,0.0,0.0,0.0,0.86015625,20.69,4.26,0.1075303003017325,0.0,0,0,0,0,0.515625,0.52040865,0.5,0.53125,0.5112340000000001,0.5295833,0.06060606060606061,0.03525940623777084
tdl,slow,256,qpsk,1181801,tdl:slow:256:qpsk:1181801,ofdm,merged_absolute,1408687344.1152532,16418828.0,0.0,0.0,0.0,0.0,0.0,0.99984375,17.57,3.0,0.10114849999081343,0.8,20,0,0,0,0.5390625,0.5500863,0.53125,0.546875,0.5462314,0.5539412,0.028985507246376812,0.01401561900378175
tdl,slow,256,qpsk,1181801,tdl:slow:256:qpsk:1181801,ofdm,phase_absolute,1467072352.1152532,17008654.2,0.0,0.0,0.0,0.0,0.0,0.999765625,17.57,3.0,0.12890420004259795,0.8,20,0,0,0,0.65625,0.6615723500000001,0.609375,0.703125,0.6174297000000001,0.7057150000000001,0.14285714285714285,0.1334476871652813
tdl,slow,256,qpsk,1181801,tdl:slow:256:qpsk:1181801,ofdm,phase_relative,1416363424.1152532,14192916.4,0.0,0.0,0.0,0.0,0.0,0.99984375,17.57,3.0,0.10916099979658611,0.98,2,0,0,0,0.5546875,0.555274,0.53125,0.578125,0.5300572,0.5804908000000001,0.08450704225352113,0.09082651087571195
tdl,slow,256,qpsk,1181801,tdl:slow:256:qpsk:1181801,ofdm,r6_deep,1442746144.1152532,14498050.2,0.0,0.0,0.0,0.0,0.0,1.0,17.56,3.0,0.12309529993217438,0.0,100,0,0,0,0.84375,0.8593189000000001,0.765625,0.9218750000000001,0.7908373000000001,0.9278005,0.1851851851851853,0.15938576470271973
tdl,slow,256,qpsk,1181801,tdl:slow:256:qpsk:1181801,ofdm,radau,1441998684.1152532,14827000.0,0.0,0.0,0.0,0.0,0.0,0.9978515625,22.83,4.65,0.0906591005041264,0.0,0,0,0,0,0.46875000000000006,0.4835933,0.45312500000000006,0.48437500000000006,0.45366690000000004,0.5135197,0.06666666666666665,0.1237668098379361
tdl,slow,256,qpsk,1181801,tdl:slow:256:qpsk:1181801,ofdm,relative_radau,1414748876.1152532,15701472.0,0.0,0.0,0.0,0.0,0.0,0.9973046875,16.75,3.91,0.11398610024480149,0.98,2,0,0,0,0.6171875,0.6299410000000001,0.59375,0.640625,0.5986737000000001,0.6612083000000001,0.0759493670886076,0.09927056660861888
tdl,slow,256,qpsk,1181801,tdl:slow:256:qpsk:1181801,ofdm,residual,1015153732.1152532,10156248.0,0.0,0.0,0.0,0.0,,0.0,12.77,1.0,0.021237799868686125,0.0,0,0,0,0,0.34375,0.3485476,0.328125,0.359375,0.3358253,0.36126990000000003,0.09090909090909091,0.07300179372917799
tdl,slow,256,qpsk,1181801,tdl:slow:256:qpsk:1181801,ofdm,stable,845884764.1152532,8393136.0,0.0,0.0,0.0,0.0,,0.0,8.0,4.0,0.05477210017852485,0.0,0,0,0,0,0.4296875,0.43168660000000003,0.375,0.48437500000000006,0.37914960000000003,0.48422360000000003,0.2545454545454547,0.2434034320268454
tdl,slow,256,qpsk,1181801,tdl:slow:256:qpsk:1181801,otfs,gray,1328074836.1152532,13942240.0,0.0,0.0,0.0,0.0,0.0,0.4829296875,19.64,4.07,0.09895589976804331,0.0,0,0,0,0,0.4375,0.44973070000000004,0.4375,0.4375,0.43525100000000005,0.4642104,0.0,0.06439275771033635
tdl,slow,256,qpsk,1181801,tdl:slow:256:qpsk:1181801,otfs,merged_absolute,1332523028.1152532,16126072.0,0.0,0.0,0.0,0.0,0.0,0.999453125,15.25,2.81,0.10775419985293411,0.8,20,0,0,0,0.5234375,0.53463145,0.5,0.546875,0.49448590000000003,0.574777,0.08955223880597014,0.1501802783955189
tdl,slow,256,qpsk,1181801,tdl:slow:256:qpsk:1181801,otfs,phase_absolute,1396802128.1152532,14331799.799999993,0.0,0.0,0.0,0.0,0.0,0.9996875,15.42,2.83,0.09266589980688877,0.8,20,0,0,0,0.5625,0.5790911000000001,0.515625,0.609375,0.5261626,0.6320196,0.16666666666666666,0.18279852686390788
tdl,slow,256,qpsk,1181801,tdl:slow:256:qpsk:1181801,otfs,phase_relative,1358510052.1152532,14206328.0,0.0,0.0,0.0,0.0,0.0,0.9995703125,15.78,2.87,0.11555240012239665,0.98,2,0,0,0,0.578125,0.5841302500000001,0.546875,0.609375,0.5546593000000001,0.6136012000000001,0.10810810810810811,0.1009054059432806
tdl,slow,256,qpsk,1181801,tdl:slow:256:qpsk:1181801,otfs,r6_deep,1198016516.1152532,14510452.0,0.0,0.0,0.0,0.0,0.0,0.998359375,10.37,2.25,0.07734579991665669,0.0,100,0,0,0,0.6953125,0.7045313,0.671875,0.71875,0.6776428,0.7314198000000001,0.06741573033707865,0.07633017865920233
tdl,slow,256,qpsk,1181801,tdl:slow:256:qpsk:1181801,otfs,radau,1421340596.1152532,14844920.0,0.0,0.0,0.0,0.0,0.0,0.9989453125,22.13,4.62,0.10136299999430776,0.0,0,0,0,0,0.5078125,0.52036245,0.45312500000000006,0.5625,0.4647407,0.5759842000000001,0.21538461538461529,0.2137807983646784
tdl,slow,256,qpsk,1181801,tdl:slow:256:qpsk:1181801,otfs,relative_radau,1395483020.1152532,15414232.0,0.0,0.0,0.0,0.0,0.0,0.998671875,16.08,3.9,0.08846239984268323,0.98,2,0,0,0,0.46093750000000006,0.48974755000000003,0.45312500000000006,0.46875000000000006,0.47699040000000004,0.5025047,0.033898305084745756,0.05209684050486825
tdl,slow,256,qpsk,1181801,tdl:slow:256:qpsk:1181801,otfs,residual,1010104236.1152532,10163928.0,0.0,0.0,0.0,0.0,,0.0,12.58,1.0,0.02318969985935837,0.0,0,0,0,0,0.359375,0.35513775000000003,0.359375,0.359375,0.3487577,0.3615178,0.0,0.03593000180915714
tdl,slow,256,qpsk,1181801,tdl:slow:256:qpsk:1181801,otfs,stable,909966716.1152532,9046720.0,0.0,0.0,0.0,0.0,,0.0,9.96,4.98,0.1136514998797793,0.0,0,0,0,0,0.5,0.49644430000000006,0.421875,0.578125,0.4191714,0.5737172,0.3125,0.3113054173449066
