variant,selector,time,cumulative_regret_mean,cumulative_regret_std,cumulative_regret_ci_low,cumulative_regret_ci_high,cumulative_regret_n_seeds,instantaneous_regret_mean,instantaneous_regret_std,instantaneous_regret_ci_low,instantaneous_regret_ci_high,instantaneous_regret_n_seeds,ber_mean,ber_std,ber_ci_low,ber_ci_high,ber_n_seeds,objective_mean,objective_std,objective_ci_low,objective_ci_high,objective_n_seeds,uncertainty_mean,uncertainty_std,uncertainty_ci_low,uncertainty_ci_high,uncertainty_n_seeds,hindsight_dynamic_regret_mean,hindsight_dynamic_regret_std,hindsight_dynamic_regret_ci_low,hindsight_dynamic_regret_ci_high,hindsight_dynamic_regret_n_seeds
{},always_ofdm,0,0.02417448753964484,0.05448834000219516,-0.014804122776766186,0.06315309785605587,10,0.02417448753964484,0.05448834000219516,-0.014804122776766186,0.06315309785605587,10,0.0125,0.02057126839388698,-0.0022157989105067166,0.027215798910506718,10,0.07602781164110782,0.08343827718992439,0.01633966382952602,0.1357159594526896,10,1.0,0.0,1.0,1.0,10,0.0231848821749882,0.05436563298013001,-0.015705948825775258,0.06207571317575166,10
{},always_otfs,0,0.0010735865474356802,0.002358147008453579,-0.000613330200397332,0.0027605032952686924,10,0.0010735865474356802,0.002358147008453579,-0.000613330200397332,0.0027605032952686924,10,0.003125,0.006588078458684124,-0.001587827422612707,0.007837827422612707,10,0.05292691064889865,0.06419691974479799,0.007003200766278188,0.0988506205315191,10,1.0,0.0,1.0,1.0,10,8.398118277904004e-05,0.002041512549154368,-0.0013764289179203975,0.0015443912834784777,10
{},always_afdm,0,0.02262787114717164,0.052358101550982805,-0.014826858381762727,0.060082600676106004,10,0.02262787114717164,0.052358101550982805,-0.014826858381762727,0.060082600676106004,10,0.0078125,0.01327869664998121,-0.0016865073510882941,0.017311507351088294,10,0.07448119524863464,0.07751834909930592,0.019027908879631128,0.12993448161763815,10,1.0,0.0,1.0,1.0,10,0.021638265782515008,0.052780999400214294,-0.01611898664339472,0.05939551820842474,10
{},always_ofdm,1,0.061933547786056434,0.06001144414199947,0.019003946780743602,0.10486314879136927,10,0.03775906024641156,0.049144291056268954,0.0026033522494085526,0.07291476824341457,10,0.021875,0.026760901205552353,0.0027314045121364303,0.04101859548786357,10,0.1255354595124419,0.08810996010450206,0.06250539106532924,0.18856552795955459,10,1.0,0.0,1.0,1.0,10,0.08129141270376448,0.08039540339843083,0.023780005672978527,0.13880281973455044,10
{},always_otfs,1,0.0010735865474356802,0.002358147008453579,-0.000613330200397332,0.0027605032952686924,10,0.0,0.0,0.0,0.0,10,0.0125,0.027362344867841035,-0.007073842365244696,0.0320738423652447,10,0.06085458729876393,0.0778704452645879,0.0051494265063539504,0.11655974809117392,10,1.0,0.0,1.0,1.0,10,-0.00649036050212264,0.02076622631341437,-0.021345623906740396,0.008364902902495114,10
{},always_afdm,1,0.031669423073394334,0.05658993272352796,-0.008812576109796938,0.0721514222565856,10,0.00904155192622268,0.028591897669546357,-0.011411859526999232,0.029494963379444593,10,0.0078125,0.01327869664998121,-0.0016865073510882941,0.017311507351088294,10,0.07259317023683085,0.07832462646939123,0.016563107782994697,0.128623232690667,10,1.0,0.0,1.0,1.0,10,0.02680250703568024,0.05903944450049967,-0.015431767313467522,0.069036781384828,10
{},always_ofdm,2,0.11547823940992155,0.09113817279860825,0.05028191809927847,0.18067456072056465,10,0.05354469162386509,0.046659940295609985,0.020166181100396863,0.08692320214733332,10,0.021875,0.02109214242845478,0.006786590251715194,0.036963409748284805,10,0.1383497594438156,0.07979500275836682,0.08126785315725926,0.19543166573037196,10,1.0,0.0,1.0,1.0,10,0.17112286268068766,0.1282074712368104,0.07940876273213388,0.26283696262924144,10
{},always_otfs,2,0.02723522994777063,0.04256813668088028,-0.0032161806019526534,0.05768664049749391,10,0.026161643400334944,0.04238106899188899,-0.004155946986181137,0.056479233786851026,10,0.0109375,0.016552342272990316,-0.0009033323552663612,0.02277833235526636,10,0.08992325489450904,0.08361813635083644,0.030106443590063543,0.14974006619895455,10,1.0,0.0,1.0,1.0,10,0.034914584925493944,0.055495829475173473,-0.004784739943122673,0.07461390979411056,10
{},always_afdm,2,0.051473360307340545,0.06387475232561136,0.005780115112919669,0.09716660550176143,10,0.01980393723394621,0.042296469712272765,-0.010453134473654768,0.05006100894154719,10,0.009375,0.01976423537605237,-0.004763482267838121,0.023513482267838122,10,0.07597328691647384,0.0803721840722308,0.018478489991037475,0.13346808384191022,10,1.0,0.0,1.0,1.0,10,0.05425748448526165,0.06696910311012479,0.006350674087588666,0.10216429488293463,10
{},always_ofdm,3,0.13569905484677708,0.12196142570718455,0.048453106702958756,0.2229450029905954,10,0.020220815436855548,0.0426304230307292,-0.010275152083380965,0.05071678295709206,10,0.0140625,0.020104436526686233,-0.0003193475103692323,0.028444347510369235,10,0.08974431048727416,0.08693526280036963,0.027554569869118507,0.15193405110542982,10,1.0,0.0,1.0,1.0,10,0.19338580440564926,0.1781535432835886,0.06594243689144152,0.320829171919857,10
{},always_otfs,3,0.03605222974284099,0.061250982257236054,-0.007764083413442105,0.07986854289912408,10,0.00881699979507036,0.027881801481660175,-0.011128439446231177,0.028762439036371896,10,0.0109375,0.020898336091394666,-0.004012269046644548,0.025887269046644547,10,0.07494298468548397,0.0823875631386207,0.01600647242672125,0.13387949694424667,10,1.0,0.0,1.0,1.0,10,0.04237620084866535,0.09311532726843887,-0.024234491566176783,0.10898689326350748,10
{},always_afdm,3,0.051473360307340545,0.06387475232561136,0.005780115112919669,0.09716660550176143,10,0.0,0.0,0.0,0.0,10,0.00625,0.013176156917368249,-0.003175654845225414,0.015675654845225415,10,0.056967502927304556,0.06930295476369439,0.007391155631698253,0.10654385022291085,10,1.0,0.0,1.0,1.0,10,0.043743618650253634,0.053782433055279855,0.005269983743303612,0.08221725355720366,10
{},always_ofdm,4,0.1538730015966605,0.13290268181747603,0.05880015033415806,0.24894585285916296,10,0.01817394674988341,0.038405908715213224,-0.009299985280302146,0.045647878780068964,10,0.0109375,0.020898336091394666,-0.004012269046644548,0.025887269046644547,10,0.07643985599282081,0.08346132179608078,0.016735223063079264,0.13614448892256237,10,1.0,0.0,1.0,1.0,10,0.23030778557394296,0.2007299099170371,0.08671425827637311,0.37390131287151285,10
{},always_otfs,4,0.06173932144435692,0.08278802675026835,0.002516334775405027,0.12096230811330881,10,0.025687091701515907,0.04137217834641502,-0.003908781794373338,0.05528296519740515,10,0.0109375,0.01482317653203928,0.0003336382991214089,0.02154136170087859,10,0.08757206516800656,0.08372335286636125,0.027679986502556354,0.14746414383345677,10,1.0,0.0,1.0,1.0,10,0.09043039119214483,0.12767887789493057,-0.0009055758588357582,0.18176635824312543,10
{},always_afdm,4,0.051473360307340545,0.06387475232561136,0.005780115112919669,0.09716660550176143,10,0.0,0.0,0.0,0.0,10,0.0015625,0.004941058844013093,-0.00197212056695953,0.00509712056695953,10,0.040108247969763706,0.0486905202677185,0.005277148040086034,0.07493934789944137,10,1.0,0.0,1.0,1.0,10,0.04433399179549026,0.05417482207344949,0.005579658694558606,0.08308832489642191,10
{},always_ofdm,5,0.18073955428375194,0.1548823384483478,0.06994340385910293,0.29153570470840096,10,0.026866552687091393,0.043524308862503684,-0.004268862236070127,0.05800196761025291,10,0.0140625,0.017195389603353314,0.0017616592960811046,0.026363340703918894,10,0.10572796282818271,0.0867226468900355,0.043690318469807574,0.16776560718655786,10,1.0,0.0,1.0,1.0,10,0.27274083948391425,0.222567470481067,0.11352566242692697,0.43195601654090154,10
{},always_otfs,5,0.07879244847186051,0.09697147739871703,0.009423232430796055,0.14816166451292495,10,0.017053127027503612,0.035969174126441426,-0.008677670086543379,0.042783924141550606,10,0.0125,0.017738944131173332,-0.00018967618917617793,0.02518967618917618,10,0.09025428807851418,0.08465113308316506,0.029698515427734017,0.15081006072929434,10,1.0,0.0,1.0,1.0,10,0.11738977035244749,0.14772888285180888,0.011710893790463556,0.22306864691443143,10
{},always_afdm,5,0.059455526473998266,0.06188898513467678,0.015182813553297522,0.10372823939469901,10,0.00798216616665772,0.025241825748573577,-0.01007474820233869,0.02603908053565413,10,0.009375,0.01976423537605237,-0.004763482267838121,0.023513482267838122,10,0.07522613803941512,0.08121273427714497,0.01713004772006349,0.13332222835876675,10,1.0,0.0,1.0,1.0,10,0.05626522091669389,0.058792366201521916,0.014207695735039723,0.09832274609834807,10
{},always_ofdm,6,0.22520902186565958,0.16693865621723902,0.10578830126424432,0.34462974246707484,10,0.044469467581907604,0.04726540862327363,0.010657831108887975,0.07828110405492723,10,0.015625,0.01473139127471974,0.005086797516812859,0.02616320248318714,10,0.13623461992629138,0.07678522261311996,0.08130578065214397,0.19116345920043878,10,1.0,0.0,1.0,1.0,10,0.3455439539579566,0.23390290531953895,0.1782198953068876,0.5128680126090257,10
{},always_otfs,6,0.08796582846528414,0.09294498163277594,0.021476993977318448,0.15445466295324983,10,0.00917337999342362,0.029008774621439068,-0.01157824726628211,0.02992500725312935,10,0.0140625,0.023810686355546794,-0.0029706389207627363,0.03109563892076274,10,0.07749458428557501,0.08490864432162328,0.01675459919199415,0.13823456937915587,10,1.0,0.0,1.0,1.0,10,0.13145284918577355,0.1498491067524214,0.024257255814244885,0.23864844255730222,10
{},always_afdm,6,0.059455526473998266,0.06188898513467678,0.015182813553297522,0.10372823939469901,10,0.0,0.0,0.0,0.0,10,0.003125,0.006588078458684124,-0.001587827422612707,0.007837827422612707,10,0.05636514456611243,0.06660268970871716,0.00872045052558306,0.10400983860664179,10,1.0,0.0,1.0,1.0,10,0.04919886003055734,0.046170233633612605,0.016170664549657432,0.08222705551145724,10
{},always_ofdm,7,0.2526574693271968,0.19929518285213133,0.11009028394371564,0.3952246547106779,10,0.02744844746153723,0.04461781926536956,-0.00446921768008449,0.05936611260315895,10,0.0109375,0.016552342272990316,-0.0009033323552663612,0.02277833235526636,10,0.08975393417286076,0.08546277186347992,0.028617550115414406,0.15089031823030713,10,1.0,0.0,1.0,1.0,10,0.39468712335220285,0.2868731456975076,0.18947043743489153,0.5999038092695141,10
{},always_otfs,7,0.0956182485407687,0.11116434803729658,0.016096064472597232,0.17514043260894016,10,0.00765242007548458,0.02419907705092891,-0.009658556811441368,0.02496339696241053,10,0.003125,0.006588078458684124,-0.001587827422612707,0.007837827422612707,10,0.05438964080297922,0.06556424611598756,0.007487804557988323,0.10129147704797012,10,1.0,0.0,1.0,1.0,10,0.1452317252101383,0.1856315648285658,0.01243890334060152,0.27802454707967506,10
{},always_afdm,7,0.059455526473998266,0.06188898513467678,0.015182813553297522,0.10372823939469901,10,0.0,0.0,0.0,0.0,10,0.0015625,0.004941058844013093,-0.00197212056695953,0.00509712056695953,10,0.041853005274621984,0.04952037499372843,0.006428263035726051,0.07727774751351792,10,1.0,0.0,1.0,1.0,10,0.05044110052656488,0.04616122972216876,0.017419346055897234,0.08346285499723252,10
{},always_ofdm,8,0.3086620792754701,0.2185657007506851,0.15230959583128664,0.4650145627196536,10,0.05600460994827332,0.04861760520264479,0.021225670313946718,0.09078354958259992,10,0.015625,0.01647019614671031,0.0038429314434682317,0.02740706855653177,10,0.12307833821219125,0.08293349576874458,0.06375128927626503,0.18240538714811746,10,1.0,0.0,1.0,1.0,10,0.48537567108252616,0.3205527599082958,0.25606604054850446,0.7146853016165479,10
{},always_otfs,8,0.1055180236151347,0.11511781709199598,0.023167698156072808,0.18786834907419658,10,0.00989977507436598,0.03130583755835929,-0.012495072020755492,0.032294622169487454,10,0.0046875,0.01482317653203928,-0.005916361700878591,0.015291361700878591,10,0.04028739603611154,0.05458150839732587,0.0012421370648239075,0.07933265500739917,10,1.0,0.0,1.0,1.0,10,0.15312933076438187,0.1834692466330192,0.021883338148973586,0.28437532337979016,10
{},always_afdm,8,0.07679558809228428,0.09756650709922894,0.0070007134456904485,0.1465904627388781,10,0.017340061618286003,0.05483408948144898,-0.021885882975851118,0.05656600621242312,10,0.0140625,0.044469529596117836,-0.017749085102635773,0.04587408510263577,10,0.05068815405221746,0.07710417436590505,-0.004468849560961864,0.10584515766539679,10,1.0,0.0,1.0,1.0,10,0.06873946409691437,0.08415143730116059,0.008541152274684341,0.1289377759191444,10
{},always_ofdm,9,0.35646961575454816,0.2516220116797622,0.17647007200075152,0.5364691595083448,10,0.047807536479078025,0.05174315774025336,0.010792711251943754,0.0848223617062123,10,0.0265625,0.031293372678749584,0.004176569742589644,0.04894843025741036,10,0.12752433157675042,0.0925018506576216,0.061352493892118734,0.1936961692613821,10,1.0,0.0,1.0,1.0,10,0.5635637117674708,0.3798362136987799,0.29184525315358567,0.8352821703813559,10
{},always_otfs,9,0.13861696207805146,0.13199983642301366,0.04418996750351742,0.2330439566525855,10,0.033098938462916734,0.04288214900051882,0.0024228970317746006,0.06377497989405886,10,0.0109375,0.012863634411696322,0.0017354102874837796,0.02013958971251622,10,0.10225792671734724,0.08265308569555463,0.043131471063786155,0.16138438237090832,10,1.0,0.0,1.0,1.0,10,0.20605096658992333,0.22014326706602233,0.04856996018740878,0.3635319729924379,10
{},always_afdm,9,0.09298140236631221,0.09749395304561555,0.023238429763028173,0.16272437496959624,10,0.01618581427402792,0.03417210557143425,-0.008259437438660196,0.040631065986716036,10,0.00625,0.01092509216843908,-0.001565340131252025,0.014065340131252026,10,0.07190776874922307,0.07605940899594334,0.017498145258583328,0.12631739223986282,10,1.0,0.0,1.0,1.0,10,0.09131094195433166,0.08536473095027405,0.03024469214121652,0.1523771917674468,10
{},always_ofdm,10,0.40160621832641635,0.23296152906893489,0.23495557967735034,0.5682568569754823,10,0.04513660257186816,0.04773553037213567,0.010988661259144758,0.07928454388459157,10,0.0125,0.014358384116760648,0.002228630763241979,0.022771369236758023,10,0.10473998983303583,0.08349456278677887,0.0450115777310365,0.16446840193503515,10,1.0,0.0,1.0,1.0,10,0.6368841051798795,0.3468656933135003,0.38875133601763345,0.8850168743421255,10
{},always_otfs,10,0.1657540170930116,0.1633326388856814,0.048912885892839736,0.28259514829318344,10,0.02713705501496012,0.0437452340228824,-0.004156400247384898,0.05843051027730514,10,0.0078125,0.01327869664998121,-0.0016865073510882941,0.017311507351088294,10,0.07241397940975865,0.07850780632954968,0.016252877977920174,0.12857508084159713,10,1.0,0.0,1.0,1.0,10,0.24704534957905494,0.27478253865043906,0.05047776291045539,0.4436129362476545,10
{},always_afdm,10,0.10196054508649507,0.10777397806043386,0.024863685595127874,0.1790574045778623,10,0.00897914272018287,0.028394542431497822,-0.011333089300568047,0.02929137474093379,10,0.0015625,0.004941058844013093,-0.00197212056695953,0.00509712056695953,10,0.04163990017958532,0.050235762543648005,0.00570340051639634,0.0775763998427743,10,1.0,0.0,1.0,1.0,10,0.10153124571328995,0.13088328287336184,0.007902985431405121,0.1951595059951748,10
{},always_ofdm,11,0.4346014287254169,0.243091971782885,0.2607039079202074,0.6084989495306263,10,0.03299521039900048,0.042823405061927125,0.002361191850014873,0.06362922894798609,10,0.025,0.026760901205552353,0.005856404512136433,0.04414359548786357,10,0.14099820796357046,0.08347091115721059,0.08128671521812068,0.20070970070902022,10,1.0,0.0,1.0,1.0,10,0.6976576423877432,0.38402338405035646,0.42294386254630817,0.9723714222291782,10
{},always_otfs,11,0.1836847360060586,0.1736888624269363,0.05943520877569103,0.3079342632364262,10,0.01793071891304701,0.037807358685773625,-0.009115036219999404,0.04497647404609342,10,0.0109375,0.012863634411696322,0.0017354102874837796,0.02013958971251622,10,0.10389037940009353,0.0815030500775723,0.04558660966798868,0.16219414913219837,10,1.0,0.0,1.0,1.0,10,0.27071105822344155,0.29783180977522494,0.05765501627772879,0.4837671001691543,10
{},always_afdm,11,0.10196054508649507,0.10777397806043386,0.024863685595127874,0.1790574045778623,10,0.0,0.0,0.0,0.0,10,0.0078125,0.01327869664998121,-0.0016865073510882941,0.017311507351088294,10,0.07401936210008585,0.0758317856252558,0.01977257055963178,0.12826615364053992,10,1.0,0.0,1.0,1.0,10,0.09532593705766897,0.12779867483671414,0.003904272437067202,0.18674760167827073,10
{},always_ofdm,12,0.4923177803352715,0.24241202720862592,0.31890666257694755,0.6657288980935955,10,0.057716351609854534,0.05037506367609304,0.021680201919559,0.09375250130015006,10,0.0203125,0.016552342272990316,0.00847166764473364,0.032153332355266365,10,0.13923890686494905,0.08052961374441514,0.08163149153630814,0.19684632219358997,10,1.0,0.0,1.0,1.0,10,0.7913891787455413,0.38771388946635477,0.5140353703681845,1.068742987122898,10
{},always_otfs,12,0.1921078081961317,0.18436319465355092,0.060222323690641455,0.32399329270162197,10,0.00842307219007308,0.026636093016653647,-0.010631240897937903,0.027477385278084063,10,0.0046875,0.010546071214227388,-0.0028567048741424015,0.0122317048741424,10,0.053646551130745415,0.06896982720399607,0.004308508935544346,0.10298459332594648,10,1.0,0.0,1.0,1.0,10,0.27885023884703586,0.32458969606517785,0.046652758154154594,0.5110477195399171,10
{},always_afdm,12,0.11977196813178659,0.10413288586668801,0.04527978908655572,0.19426414717701745,10,0.01781142304529147,0.03754987860790269,-0.009050141935895557,0.0446729880264785,10,0.009375,0.01976423537605237,-0.004763482267838121,0.023513482267838122,10,0.07565552994004482,0.08054903090854516,0.01803422440894878,0.13327683547114086,10,1.0,0.0,1.0,1.0,10,0.12547409649056268,0.1180958994983821,0.04099337921549011,0.20995481376563524,10
{},always_ofdm,13,0.5475802448675489,0.23682932317553454,0.3781627529933858,0.716997736741712,10,0.05526246453227744,0.04800155541843604,0.0209242203655172,0.08960070869903769,10,0.01875,0.01613743060919757,0.007205977568802894,0.030294022431197103,10,0.13688379957164482,0.07934989712023043,0.0801203026772237,0.19364729646606593,10,1.0,0.0,1.0,1.0,10,0.8749755442177769,0.36613163450687436,0.6130607509724855,1.1368903374630683,10
{},always_otfs,13,0.2079593077393432,0.18902746394511888,0.07273720598474048,0.34318140949394593,10,0.015851499543211488,0.033429064493697015,-0.008062212603084283,0.03976521168950726,10,0.0046875,0.007547592055306998,-0.000711722100346591,0.010086722100346592,10,0.06795317261871282,0.07457416754192008,0.014606026859268782,0.12130031837815686,10,1.0,0.0,1.0,1.0,10,0.29350597736633943,0.3203441063186803,0.06434560861860841,0.5226663461140705,10
{},always_afdm,13,0.13817449192583922,0.12554812434319237,0.04836277414305373,0.2279862097086247,10,0.01840252379405262,0.038851603888788624,-0.00939023935651577,0.04619528694462101,10,0.0078125,0.01327869664998121,-0.0016865073510882941,0.017311507351088294,10,0.07362605807317425,0.07930811471078612,0.016892450513897934,0.13035966563245058,10,1.0,0.0,1.0,1.0,10,0.14580272046432774,0.1472233065838416,0.04048551137713799,0.2511199295515175,10
{},always_ofdm,14,0.608216977322296,0.22090705787651324,0.4501895878887663,0.7662443667558256,10,0.06063673245474706,0.04219629645132475,0.030451320381160617,0.0908221445283335,10,0.0203125,0.012863634411696322,0.011110410287483781,0.02951458971251622,10,0.16752616851174446,0.049834097166770744,0.13187700294980104,0.20317533407368787,10,1.0,0.0,1.0,1.0,10,0.9788604225136576,0.33759649596762864,0.7373584376857496,1.2203624073415655,10
{},always_otfs,14,0.2166891176798728,0.20650304922776921,0.06896573530713795,0.36441250005260767,10,0.008729809940529621,0.02760608295245267,-0.01101839214679438,0.028478012027853623,10,0.00625,0.01092509216843908,-0.001565340131252025,0.014065340131252026,10,0.07148638754357561,0.07874385708528855,0.015156425573455569,0.12781634951369567,10,1.0,0.0,1.0,1.0,10,0.3013510746940515,0.3549212104930455,0.04745573568611011,0.5552464137019928,10
{},always_afdm,14,0.1567420120460758,0.139148793332674,0.057200961775603174,0.2562830623165484,10,0.018567520120236592,0.03925436882102204,-0.009513363706094898,0.04664840394656808,10,0.0140625,0.020104436526686233,-0.0003193475103692323,0.028444347510369235,10,0.093682918703791,0.08736334364402572,0.031186947497804658,0.15617888990977735,10,1.0,0.0,1.0,1.0,10,0.1758443489522552,0.16242071208517797,0.059655570886579315,0.2920331270179311,10
{},always_ofdm,15,0.6522832203952736,0.2141395469498524,0.49909701663948236,0.8054694241510649,10,0.04406624307297757,0.05938455104528722,0.00158509437371427,0.08654739177224088,10,0.021875,0.034704856768661835,-0.0029513589607984315,0.046701358960798425,10,0.11138752237345959,0.0945523862965454,0.043748819858548546,0.1790262248883706,10,1.0,0.0,1.0,1.0,10,1.044183592437117,0.3153462717580371,0.8185984591573293,1.2697687257169046,10
{},always_otfs,15,0.225305650160944,0.22574454248201606,0.06381773270725563,0.38679356761463235,10,0.00861653248107119,0.027247868173006642,-0.010875418189949006,0.028108483152091385,10,0.00625,0.015095184110614,-0.004548444200693183,0.017048444200693184,10,0.05730390467233611,0.07155694632452216,0.006115148947652221,0.10849266039702,10,1.0,0.0,1.0,1.0,10,0.31259062691638745,0.3956711446995272,0.02954454105526888,0.595636712777506,10
{},always_afdm,15,0.17179052623170535,0.14983994389069377,0.06460148757659218,0.2789795648868185,10,0.01504851418562953,0.04758758022794322,-0.01899358996970383,0.04909061834096289,10,0.0125,0.03439077920670662,-0.012101681407837787,0.03710168140783779,10,0.062055545845447424,0.08113937500588325,0.004011933587411129,0.12009915810348372,10,1.0,0.0,1.0,1.0,10,0.19183554234770242,0.1780885508093802,0.06443866764875691,0.31923241704664795,10
{},always_ofdm,16,0.721092538210455,0.2419756149380326,0.5479936109837581,0.894191465437152,10,0.06880931781518136,0.03776557222581607,0.04179345491484239,0.09582518071552033,10,0.01875,0.017738944131173332,0.006060323810823821,0.031439676189176174,10,0.15049500404409283,0.0673453621016953,0.10231903417835966,0.198670973909826,10,1.0,0.0,1.0,1.0,10,1.1556989982516965,0.35753262261396646,0.8999355675486727,1.4114624289547204,10
{},always_otfs,16,0.25210396066800644,0.2595547861550945,0.06642965190963285,0.43777826942638004,10,0.02679831050706239,0.043210240023619916,-0.004112433103247885,0.05770905411737266,10,0.0078125,0.01327869664998121,-0.0016865073510882941,0.017311507351088294,10,0.0729207658794328,0.07800790489938157,0.017117272387978534,0.12872425937088708,10,1.0,0.0,1.0,1.0,10,0.346531794566307,0.436125969589684,0.03454607033946577,0.6585175187931482,10
{},always_afdm,16,0.19120848237325763,0.1657278280483291,0.07265393606443728,0.309763028682078,10,0.019417956141552263,0.04096028566132515,-0.009883267077531867,0.0487191793606364,10,0.0078125,0.016876928902103804,-0.00426052764199417,0.01988552764199417,10,0.0587611876856457,0.07100356625889825,0.00796829621254215,0.10955407915874925,10,1.0,0.0,1.0,1.0,10,0.21161713180383485,0.21520800902955156,0.057666596320544106,0.3655676672871256,10
{},always_ofdm,17,0.7745493456950714,0.26117965178344826,0.5877126780881519,0.9613860133019909,10,0.05345680748461641,0.04629257576729962,0.020341093713490153,0.08657252125574266,10,0.0203125,0.023350533095270725,0.003608534891788799,0.0370164651082112,10,0.13919430167962013,0.08049797551402166,0.08160951897758445,0.1967790843816558,10,1.0,0.0,1.0,1.0,10,1.2326323728443755,0.3723914071149958,0.9662396080339478,1.4990251376548032,10
{},always_otfs,17,0.2698721639499021,0.26985102680313516,0.0768323683382347,0.4629119595615695,10,0.01776820328189568,0.03764439551793066,-0.00916097502361253,0.04469738158740389,10,0.0109375,0.020898336091394666,-0.004012269046644548,0.025887269046644547,10,0.07288627322597982,0.08236458030979658,0.013966201892535578,0.13180634455942405,10,1.0,0.0,1.0,1.0,10,0.3571571407053456,0.4173283220195473,0.05861844348413664,0.6556958379265545,10
{},always_afdm,17,0.1994928998758269,0.16287099102477193,0.08298201166109137,0.31600378809056245,10,0.00828441750256927,0.026197628395882723,-0.010456236890941675,0.027025071896080215,10,0.0078125,0.01983274246318726,-0.006374989285729207,0.02199998928572921,10,0.05857104353370375,0.07362858245635458,0.005900328595418572,0.11124175847198893,10,1.0,0.0,1.0,1.0,10,0.20792724825059733,0.21826589252923692,0.05178923468809887,0.3640652618130958,10
{},always_ofdm,18,0.8271732785498808,0.2821937261075816,0.6253040477522401,1.0290425093475213,10,0.05262393285480932,0.04588186585570671,0.01980202325529891,0.08544584245431973,10,0.028125,0.027362344867841035,0.008551157634755304,0.0476988423652447,10,0.15820208912309583,0.07266956446696078,0.10621741432649054,0.21018676391970112,10,1.0,0.0,1.0,1.0,10,1.3151328264348432,0.4172592684365578,1.016643527171109,1.6136221256985774,10
{},always_otfs,18,0.2777227320792862,0.2621598370820464,0.09018488214986622,0.46526058200870624,10,0.007850568129384141,0.02482567621518133,-0.009908650796976299,0.02560978705574458,10,0.0046875,0.007547592055306999,-0.000711722100346591,0.010086722100346592,10,0.06970797908492525,0.07381593177865174,0.016903242515102557,0.12251271565474794,10,1.0,0.0,1.0,1.0,10,0.3511634842576428,0.4028076560888121,0.0630122456895349,0.6393147228257507,10
{},always_afdm,18,0.21589097051402484,0.181105565588202,0.08633585345758027,0.3454460875704694,10,0.01639807063819792,0.03461391904490363,-0.008363235393895219,0.041159376670291056,10,0.00625,0.008068715304598786,0.0004779887844014461,0.012022011215598555,10,0.08586915252924705,0.0790716695618588,0.029304687640143337,0.14243361741835076,10,1.0,0.0,1.0,1.0,10,0.21809476524721633,0.23029166953831592,0.05335402905139741,0.38283550144303524,10
{},always_ofdm,19,0.8793998524769788,0.3041485162800321,0.6618251109099508,1.0969745940440068,10,0.05222657392709816,0.045253701559763736,0.019854025994785862,0.08459912185941046,10,0.015625,0.010416666666666666,0.008173365562621458,0.023076634437378542,10,0.15060971177768603,0.0663098427990694,0.10317450779637055,0.19804491575900152,10,1.0,0.0,1.0,1.0,10,1.403949490580443,0.44735340176201055,1.0839321452126125,1.7239668359482736,10
{},always_otfs,19,0.29580678260003,0.2803731238966459,0.09523993216703985,0.4963736330330202,10,0.018084050520743727,0.03830045295377146,-0.009314443002218203,0.04548254404370566,10,0.009375,0.015095184110613996,-0.001423444200693182,0.020173444200693183,10,0.08677170081655569,0.08225569092668547,0.0279295242553088,0.14561387737780257,10,1.0,0.0,1.0,1.0,10,0.3761421374421124,0.4213575593025951,0.07472109750460948,0.6775631773796154,10
{},always_afdm,19,0.22399123371103982,0.1768748529912613,0.09746258612806866,0.350519881294011,10,0.00810026319701496,0.02561528134940451,-0.010223805215115882,0.026424331609145802,10,0.0046875,0.007547592055306998,-0.000711722100346591,0.010086722100346592,10,0.0707392704106435,0.0744438414096152,0.01748535434997451,0.1239931864713125,10,1.0,0.0,1.0,1.0,10,0.2270409880257737,0.21446973685749984,0.07361858063925916,0.38046339541228824,10
{},always_ofdm,20,0.9156113224756718,0.32316129084526524,0.6844356613214048,1.146786983629939,10,0.03621146999869277,0.0472449943359229,0.0024144370271103194,0.07000850297027522,10,0.0265625,0.027609079751455354,0.006812154131813568,0.04631284586818643,10,0.1564827897012205,0.07183372004212195,0.10509604198625555,0.20786953741618547,10,1.0,0.0,1.0,1.0,10,1.460556541693665,0.4649928214773245,1.1279207156148576,1.7931923677724724,10
{},always_otfs,20,0.3107346064574748,0.2767639514196037,0.11274960248083987,0.5087196104341097,10,0.014927823857444742,0.04720592389932607,-0.018841259807498192,0.04869690752238767,10,0.01875,0.03359274061791062,-0.00528079899209738,0.04278079899209738,10,0.10803204123521364,0.09105362502016169,0.042896201761768255,0.17316788070865902,10,1.0,0.0,1.0,1.0,10,0.38429844008932723,0.4028271017001975,0.09613329096882361,0.6724635892098308,10
{},always_afdm,20,0.22399123371103982,0.1768748529912613,0.09746258612806866,0.350519881294011,10,0.0,0.0,0.0,0.0,10,0.0078125,0.011048543456039806,-9.115186239035643e-05,0.015716151862390358,10,0.08674879994107154,0.08321223635514195,0.027222352001686725,0.14627524788045637,10,1.0,0.0,1.0,1.0,10,0.21391404937884645,0.21407621101253385,0.06077315342321324,0.3670549453344797,10
{},always_ofdm,21,0.9776771689371502,0.3565085732079928,0.7226462990487628,1.2327080388255376,10,0.06206584646147848,0.054490395395680194,0.02308576580514341,0.10104592711781354,10,0.028125,0.027362344867841035,0.008551157634755304,0.0476988423652447,10,0.12893688371502193,0.0909233309448433,0.06389425100816494,0.19397951642187894,10,1.0,0.0,1.0,1.0,10,1.55694394138362,0.520858402567039,1.1843442860652336,1.9295435967020063,10
{},always_otfs,21,0.3347557208375125,0.2960141384654667,0.12299996261605217,0.5465114790589728,10,0.024021114380037692,0.03870521704308401,-0.0036669299295100516,0.051709158689585435,10,0.0046875,0.007547592055306998,-0.000711722100346591,0.010086722100346592,10,0.06980108252722031,0.0751378064439103,0.016050733786753875,0.12355143126768675,10,1.0,0.0,1.0,1.0,10,0.4215500385914807,0.4503971630160424,0.09935531759039862,0.7437447595925628,10
{},always_afdm,21,0.22399123371103982,0.1768748529912613,0.09746258612806866,0.350519881294011,10,0.0,0.0,0.0,0.0,10,0.0,0.0,0.0,0.0,10,0.02577121434695554,0.0027403998507999653,0.02381085038851637,0.027731578305394713,10,1.0,0.0,1.0,1.0,10,0.20713577970073516,0.19650196411946808,0.06656674262760068,0.34770481677386966,10
{},always_ofdm,22,1.0262731798701918,0.3905525859928015,0.7468886903286363,1.3056576694117474,10,0.048596010933041875,0.05163328634290686,0.01165978296877001,0.08553223889731373,10,0.028125,0.02057126839388698,0.013409201089493283,0.04284079891050672,10,0.1428029750638423,0.08136324328631629,0.0845992170853665,0.2010067330423181,10,1.0,0.0,1.0,1.0,10,1.6376656201120017,0.5745551433067071,1.2266536304764284,2.048677609747575,10
{},always_otfs,22,0.3532706259311727,0.30438983021375343,0.1355232587751459,0.5710179930871995,10,0.01851490509366019,0.039405225419497966,-0.009673895042204964,0.04670370522952534,10,0.0140625,0.020104436526686233,-0.0003193475103692323,0.028444347510369235,10,0.09096362642554558,0.088499341845373,0.027655011061035115,0.15427224179005605,10,1.0,0.0,1.0,1.0,10,0.4504323686815656,0.44558520648237715,0.13167991401815665,0.7691848233449745,10
{},always_afdm,22,0.2414360309341126,0.16604642347123774,0.12265357518929829,0.36021848667892686,10,0.01744479722307281,0.036785042781889696,-0.008869637168028521,0.043759231614174145,10,0.00625,0.008068715304598786,0.0004779887844014461,0.012022011215598555,10,0.08672706558444428,0.07883974630837097,0.03032850859638237,0.1431256225725062,10,1.0,0.0,1.0,1.0,10,0.2317815489497188,0.18426717128732203,0.09996475542239663,0.363598342477041,10
{},always_ofdm,23,1.093962683419599,0.4289258486101199,0.7871276154594404,1.4007977513797576,10,0.06768950354940681,0.04825553142353543,0.03316957589344338,0.10220943120537024,10,0.0234375,0.024705294220065465,0.005764397165202349,0.04111060283479765,10,0.14151248636986097,0.08150735934185008,0.08320563397579528,0.19981933876392666,10,1.0,0.0,1.0,1.0,10,1.748371486134623,0.6378401850043021,1.292088104874915,2.2046548673943307,10
{},always_otfs,23,0.37911699852344694,0.3076598490835514,0.15903040078619798,0.5992035962606959,10,0.025846372592274257,0.041810722419980656,-0.004063216435220424,0.05575596161976894,10,0.00625,0.01092509216843908,-0.001565340131252025,0.014065340131252026,10,0.07043612870870943,0.07637773085660667,0.015798791476717117,0.12507346594070173,10,1.0,0.0,1.0,1.0,10,0.4900618770430354,0.45634959064023106,0.16360904583359415,0.8165147082524766,10
{},always_afdm,23,0.25874793210056113,0.17217720062045555,0.13557978258297837,0.3819160816181439,10,0.017311901166448467,0.03656312398986095,-0.008843782084206515,0.04346758441710345,10,0.003125,0.006588078458684124,-0.001587827422612707,0.007837827422612707,10,0.055132124493125975,0.06671278396456186,0.007408673766368466,0.10285557521988348,10,1.0,0.0,1.0,1.0,10,0.2561070530956049,0.19501290989525827,0.11660322124514999,0.3956108849460598,10
{},always_ofdm,24,1.1536213438878293,0.4713831773698582,0.8164141325895746,1.490828555186084,10,0.05965866046823041,0.05285917536304529,0.021845484327427243,0.09747183660903358,10,0.03125,0.03036954111898594,0.009524939028836547,0.05297506097116345,10,0.14557908336602027,0.08494529372592236,0.0848128808679737,0.20634528586406684,10,1.0,0.0,1.0,1.0,10,1.8544311180408772,0.7052044077116347,1.3499582748509424,2.358903961230812,10
{},always_otfs,24,0.4053777299099828,0.3342223210016355,0.166289484446011,0.6444659753739546,10,0.02626073138653586,0.04235123827193031,-0.0040355193884471785,0.0565569821615189,10,0.0125,0.02057126839388698,-0.0022157989105067166,0.027215798910506718,10,0.08963592899977686,0.08507027153066829,0.02878032276601003,0.1504915352335437,10,1.0,0.0,1.0,1.0,10,0.5401783545830463,0.501621870703723,0.18133968518034793,0.8990170239857447,10
{},always_afdm,24,0.25874793210056113,0.17217720062045555,0.13557978258297837,0.3819160816181439,10,0.0,0.0,0.0,0.0,10,0.0015625,0.004941058844013093,-0.00197212056695953,0.00509712056695953,10,0.039587148541373136,0.0492019052304955,0.0043902258469543515,0.07478407123579192,10,1.0,0.0,1.0,1.0,10,0.25617475017721236,0.19540056844432777,0.1163936041065152,0.3959558962479095,10
{},always_ofdm,25,1.2002541804149955,0.4878707651273694,0.8512524593513164,1.5492559014786746,10,0.046632836527166314,0.04956468327901664,0.011176398050396961,0.08208927500393567,10,0.021875,0.018340434230894802,0.008755043714104453,0.034994956285895544,10,0.13861713044667895,0.08122158926297612,0.08051470565206056,0.19671955524129733,10,1.0,0.0,1.0,1.0,10,1.9178833801775277,0.726326859343825,1.3983004453411008,2.4374663150139546,10
{},always_otfs,25,0.4135965996079484,0.3307011977374805,0.17702721398782612,0.6501659852280708,10,0.00821886969796562,0.025990348037711518,-0.010373505259851815,0.026811244655783054,10,0.0046875,0.007547592055306998,-0.000711722100346591,0.010086722100346592,10,0.06930094869961924,0.07612709936220068,0.014842902438008433,0.12375899496123005,10,1.0,0.0,1.0,1.0,10,0.534314434972637,0.4791545577998716,0.19154791301470964,0.8770809569305643,10
{},always_afdm,25,0.26986718341439186,0.17660613961367497,0.14353076180180854,0.39620360502697516,10,0.01111925131383082,0.035162160027525105,-0.014034242691326424,0.03627274531898807,10,0.0078125,0.01518477055949297,-0.0030500304855817263,0.018675030485581726,10,0.07279075206251183,0.08098303771520786,0.014858976765023686,0.13072252735999998,10,1.0,0.0,1.0,1.0,10,0.2538006339296956,0.19733750836272126,0.11263388451189116,0.39496738334750003,10
{},always_ofdm,26,1.2363381040994201,0.5016727347442655,0.8774630487540531,1.5952131594447871,10,0.03608392368442449,0.04713689310601918,0.0023642216741994945,0.06980362569464948,10,0.0234375,0.01983274246318726,0.009250010714270793,0.03762498928572921,10,0.14200801246987554,0.08317565349849528,0.08250773432963371,0.20150829061011738,10,1.0,0.0,1.0,1.0,10,1.9654883745159495,0.745714720606719,1.4320361992327677,2.4989405497991313,10
{},always_otfs,26,0.4412563396484902,0.34908008988715644,0.19153948660468237,0.6909731926922981,10,0.027659740040541836,0.046461520037678485,-0.005576829181127112,0.060896309262210783,10,0.01875,0.02530199541977316,0.0006500428411799208,0.03684995715882008,10,0.12271138161564743,0.08579757879599058,0.0613354911068568,0.18408727212443807,10,1.0,0.0,1.0,1.0,10,0.562622798456831,0.5021033771234302,0.20343968011151736,0.9218059168021447,10
{},always_afdm,26,0.26986718341439186,0.17660613961367497,0.14353076180180854,0.39620360502697516,10,0.0,0.0,0.0,0.0,10,0.0140625,0.03411358936211003,-0.010340891738235781,0.03846589173823578,10,0.07841045856066933,0.08683875677931892,0.016289754191141766,0.1405311629301969,10,1.0,0.0,1.0,1.0,10,0.23780807435891155,0.19681215627676807,0.09701713918386909,0.378599009533954,10
{},always_ofdm,27,1.2983720985765452,0.5260598504899153,0.9220515515653906,1.6746926455876998,10,0.062033994477124835,0.04304664979705554,0.03124027626513958,0.09282771268911008,10,0.0171875,0.015537951968933643,0.006072318754108196,0.028302681245891807,10,0.13531616375672878,0.07804178117729076,0.079488436635923,0.19114389087753456,10,1.0,0.0,1.0,1.0,10,2.076323301737523,0.7887003670102942,1.5121210474411706,2.640525556033875,10
{},always_otfs,27,0.46590561308457745,0.37981931711504324,0.19419924155855595,0.737611984610599,10,0.024649273436087173,0.03988615951264043,-0.0038835662246326785,0.053182113096807024,10,0.0046875,0.007547592055306998,-0.000711722100346591,0.010086722100346592,10,0.07064349223886111,0.0756781918532749,0.016506575063910386,0.12478040941381184,10,1.0,0.0,1.0,1.0,10,0.6087850541605362,0.5600560278186558,0.20814510692006283,1.0094250014010095,10
{},always_afdm,27,0.28978998075216844,0.16419020546154167,0.17233538337961013,0.40724457812472675,10,0.01992279733777652,0.04236169348707088,-0.01038093264756092,0.05022652732311396,10,0.00625,0.015095184110614,-0.004548444200693183,0.017048444200693184,10,0.059202509317495156,0.07058016835288279,0.008712498460440768,0.10969252017454954,10,1.0,0.0,1.0,1.0,10,0.2725293471412507,0.17071599710978783,0.1504064796460785,0.3946522146364229,10
{},always_ofdm,28,1.3427993736329982,0.5377784081238304,0.9580958754902,1.7275028717757963,10,0.04442727505645321,0.04696214001954082,0.010832583873483292,0.07802196623942313,10,0.0171875,0.020104436526686233,0.0028056524896307687,0.03156934751036923,10,0.1218490797235848,0.08564577583836172,0.060581782508883436,0.18311637693828617,10,1.0,0.0,1.0,1.0,10,2.149785512222036,0.8094099664526606,1.5707685029443346,2.7288025214997376,10
{},always_otfs,28,0.47439406418430013,0.3887957057245129,0.19626637107565947,0.7525217572929408,10,0.00848845109972266,0.026842839282084682,-0.010713759357051713,0.027690661556497034,10,0.0046875,0.010546071214227388,-0.0028567048741424015,0.0122317048741424,10,0.05479941077353282,0.06819980173869129,0.006012211612724402,0.10358660993434124,10,1.0,0.0,1.0,1.0,10,0.6151975956949978,0.5801701087719925,0.20016890173694657,1.030226289653049,10
{},always_afdm,28,0.29887870805136496,0.16140527342948935,0.18341633104064342,0.4143410850620865,10,0.00908872729919655,0.02874107929761174,-0.011471402261908518,0.02964885686030162,10,0.0078125,0.016876928902103804,-0.00426052764199417,0.01988552764199417,10,0.05914564012881609,0.0705678154172356,0.008664466029586156,0.10962681422804602,10,1.0,0.0,1.0,1.0,10,0.2832881180309957,0.17677710347993356,0.1568293962360098,0.4097468398259816,10
{},always_ofdm,29,1.392233953931889,0.5620710903304397,0.9901525178076129,1.7943153900561652,10,0.04943458029889085,0.05383673383880691,0.01092210095144417,0.08794705964633753,10,0.0171875,0.022642776165921,0.0009898336989602255,0.03338516630103978,10,0.10839014988917313,0.09008227539991706,0.04394917207469891,0.17283112770364734,10,1.0,0.0,1.0,1.0,10,2.2262547430374147,0.8524892232298061,1.6164206899193372,2.836088796155492,10
{},always_otfs,29,0.4926895775872867,0.4016296283227086,0.20538104931710693,0.7799981058574665,10,0.01829551340298653,0.03922306529639117,-0.009762977230818492,0.046354004036791546,10,0.00625,0.015095184110613998,-0.004548444200693181,0.01704844420069318,10,0.05584168931389427,0.06992229113857891,0.005822295465384535,0.105861083162404,10,1.0,0.0,1.0,1.0,10,0.6391183659350971,0.5960619813826403,0.21272131115593196,1.065515420714262,10
{},always_afdm,29,0.307958883295137,0.16900256819926857,0.1870617290040248,0.4288560375862492,10,0.009080175243771919,0.028714035323793907,-0.011460608223897193,0.02962095871144103,10,0.0015625,0.004941058844013093,-0.00197212056695953,0.00509712056695953,10,0.041369393164159066,0.05022229550648484,0.005442527239007962,0.07729625908931018,10,1.0,0.0,1.0,1.0,10,0.2927365921213597,0.17109602485835756,0.17034186915178096,0.4151313150909385,10
{},always_ofdm,30,1.4269060730521501,0.5852763124811229,1.008224621007389,1.8455875250969112,10,0.03467211912026115,0.044905088048832094,0.0025489542705146376,0.06679528397000767,10,0.0140625,0.015537951968933645,0.0029473187541081917,0.025177681245891807,10,0.11868850464945153,0.08285950931812061,0.059414382431928744,0.17796262686697434,10,1.0,0.0,1.0,1.0,10,2.2912984201098032,0.8992865665586051,1.6479875642595623,2.934609275960044,10
{},always_otfs,30,0.5097455513494464,0.4130214105875373,0.21428783296460596,0.8052032697342869,10,0.01705597376215981,0.035957285819373234,-0.008666318969325439,0.04277826649364506,10,0.00625,0.008068715304598784,0.0004779887844014478,0.012022011215598552,10,0.08513379485611669,0.07867000364664514,0.028856664453361193,0.1414109252588722,10,1.0,0.0,1.0,1.0,10,0.6706073332141511,0.6227223046288992,0.22513863208489326,1.116076034343409,10
{},always_afdm,30,0.307958883295137,0.16900256819926857,0.1870617290040248,0.4288560375862492,10,0.0,0.0,0.0,0.0,10,0.003125,0.006588078458684124,-0.001587827422612707,0.007837827422612707,10,0.05466090573181705,0.06428464795737013,0.008674438866483093,0.10064737259715101,10,1.0,0.0,1.0,1.0,10,0.293752670276114,0.17117529839966683,0.17130123843129752,0.4162041021209305,10
{},always_ofdm,31,1.474550298285953,0.6017634052570622,1.0440746905642535,1.9050259060076526,10,0.04764422523380269,0.05084297301955433,0.011273353363285658,0.08401509710431973,10,0.0203125,0.022158382693940257,0.00446134791435732,0.03616365208564268,10,0.12516822282770762,0.08563076700468283,0.06391166228582928,0.18642478336958596,10,1.0,0.0,1.0,1.0,10,2.3711134764445885,0.9304298173279713,1.7055240810815544,3.0367028718076226,10
{},always_otfs,31,0.5097455513494464,0.4130214105875373,0.21428783296460596,0.8052032697342869,10,0.0,0.0,0.0,0.0,10,0.003125,0.009882117688026186,-0.00394424113391906,0.01019424113391906,10,0.03936067161772956,0.05312970804954112,0.0013539680513460217,0.0773673751841131,10,1.0,0.0,1.0,1.0,10,0.664614838338958,0.6287235801669565,0.21485308330881192,1.114376593369104,10
{},always_afdm,31,0.31864318832228533,0.1714436965224651,0.19599975602677078,0.4412866206177999,10,0.0106843050271484,0.0337867391017761,-0.013485272120133413,0.03485388217443021,10,0.00625,0.015095184110614,-0.004548444200693183,0.017048444200693184,10,0.0575846969644768,0.06887808564405434,0.008312282727746187,0.10685711120120742,10,1.0,0.0,1.0,1.0,10,0.3059842007476682,0.2044879296999265,0.1597023480455676,0.4522660534497688,10
{},always_ofdm,32,1.5203432285457845,0.624113348169734,1.07387943481306,1.966807022278509,10,0.045792930259831374,0.048756216738040356,0.010914833906409911,0.08067102661325284,10,0.01875,0.016137430609197572,0.007205977568802891,0.03029402243119711,10,0.13884724315796423,0.07734077986546058,0.08352098216668305,0.19417350414924542,10,1.0,0.0,1.0,1.0,10,2.453399964767267,0.968079655655112,1.7608774975475687,3.1459224319869654,10
{},always_otfs,32,0.5097455513494464,0.4130214105875373,0.21428783296460596,0.8052032697342869,10,0.0,0.0,0.0,0.0,10,0.0078125,0.016876928902103804,-0.00426052764199417,0.01988552764199417,10,0.058332875056766806,0.07254492642897249,0.006437360941385292,0.11022838917214832,10,1.0,0.0,1.0,1.0,10,0.666386958560439,0.6286775724142832,0.21665811549389674,1.1161158016269812,10
{},always_afdm,32,0.32677400608135804,0.1812375324188827,0.19712448564122462,0.45642352652149143,10,0.00813081775907265,0.025711903358415767,-0.010262369874474861,0.026524005392620162,10,0.0046875,0.007547592055306998,-0.000711722100346591,0.010086722100346592,10,0.07187734186776511,0.07359013942997092,0.019234127413890564,0.12452055632163965,10,1.0,0.0,1.0,1.0,10,0.3213007877801476,0.20394608264251526,0.17540654911255557,0.4671950264477396,10
{},always_ofdm,33,1.556684079417159,0.6439109121357703,1.0960579615795845,2.0173101972547336,10,0.03634085087137446,0.047608981333324044,0.002283437287511139,0.07039826445523778,10,0.0234375,0.024705294220065465,0.005764397165202349,0.04111060283479765,10,0.125274383642282,0.08928177186931319,0.06140605155669329,0.1891427157278707,10,1.0,0.0,1.0,1.0,10,2.501575401857981,0.9921032591416038,1.791867483977495,3.2112833197384667,10
{},always_otfs,33,0.5273848159624847,0.43129271948633585,0.21885659057544238,0.8359130413495269,10,0.017639264613038153,0.03780200858734959,-0.00940266329015291,0.04468119251622922,10,0.0109375,0.016552342272990316,-0.0009033323552663612,0.02277833235526636,10,0.0882197161947856,0.08282545342928142,0.028969956092533493,0.1474694762970377,10,1.0,0.0,1.0,1.0,10,0.6775077282036568,0.6305265281845343,0.22645622185799852,1.1285592345493152,10
{},always_afdm,33,0.3528362698678662,0.2031100488937082,0.20754009371612264,0.49813244601960976,10,0.02606226378650821,0.042030020047815884,-0.004004201313525264,0.05612872888654169,10,0.009375,0.01092509216843908,0.0015596598687479743,0.017190340131252025,10,0.103914242616941,0.08317985269733669,0.04441096055080835,0.16341752468307366,10,1.0,0.0,1.0,1.0,10,0.3481160838455208,0.2366150032968278,0.1788519071766812,0.5173802605143604,10
{},always_ofdm,34,1.5850129984122654,0.6620656583683673,1.1113997574807368,2.058626239343794,10,0.0283289189951065,0.04579493242301039,-0.004430802172963329,0.061088640163176326,10,0.01875,0.016137430609197572,0.007205977568802891,0.03029402243119711,10,0.13835029689763328,0.0787918186767876,0.0819860252718122,0.19471456852345437,10,1.0,0.0,1.0,1.0,10,2.532386220505775,1.0163099052365738,1.8053619111704367,3.259410529841114,10
{},always_otfs,34,0.5273848159624847,0.43129271948633585,0.21885659057544238,0.8359130413495269,10,0.0,0.0,0.0,0.0,10,0.015625,0.02551551815399144,-0.0026277021213286372,0.03387770212132864,10,0.08980089038359462,0.0887154929667644,0.026337649821659703,0.15326413094552954,10,1.0,0.0,1.0,1.0,10,0.6597691403374119,0.6217318036606315,0.2150090009161924,1.1045292797586312,10
{},always_afdm,34,0.3528362698678662,0.2031100488937082,0.20754009371612264,0.49813244601960976,10,0.0,0.0,0.0,0.0,10,0.0140625,0.021411254990723404,-0.001254189123491298,0.0293791891234913,10,0.09136558408511922,0.0870928415085125,0.029063118449856838,0.1536680497203816,10,1.0,0.0,1.0,1.0,10,0.3319421896808005,0.2323136492737998,0.16575501631743472,0.49812936304416633,10
{},always_ofdm,35,1.634670885127069,0.6971970020848761,1.1359261948512858,2.1334155754028523,10,0.049657886714803735,0.05379932421510654,0.011172168600021543,0.08814360482958593,10,0.0171875,0.024923929404177914,-0.0006420050236445214,0.03501700502364452,10,0.10822628636638773,0.09074696833255196,0.0433098158721915,0.17314275686058395,10,1.0,0.0,1.0,1.0,10,2.6030164794287503,1.073600011683587,1.8350092968017337,3.3710236620557668,10
{},always_otfs,35,0.5521475418709652,0.4526810517602058,0.22831902528423675,0.8759760584576936,10,0.02476272590848048,0.039884740738644155,-0.0037690988224630996,0.053294550639424065,10,0.0046875,0.007547592055306998,-0.000711722100346591,0.010086722100346592,10,0.06940991974587084,0.07355885848426655,0.01678908233253177,0.12203075715920991,10,1.0,0.0,1.0,1.0,10,0.6915830326398701,0.6495384556703616,0.22693121267107563,1.1562348526086645,10
{},always_afdm,35,0.37186107885184355,0.21025120108713197,0.2214564301618205,0.5222657275418666,10,0.01902480898397731,0.04036078952276903,-0.009847560532277352,0.04789717850023197,10,0.00625,0.015095184110614,-0.004548444200693183,0.017048444200693184,10,0.057666101013659224,0.06964430946186514,0.007845563277324906,0.10748663874999353,10,1.0,0.0,1.0,1.0,10,0.35201226325104723,0.2329410664942197,0.18537626264611803,0.5186482638559764,10
{},always_ofdm,36,1.6753657471700591,0.7152965383243814,1.1636734286501595,2.1870580656899588,10,0.04069486204298981,0.05376642142343415,0.002232681167456757,0.07915704291852287,10,0.0234375,0.02876396098225849,0.002861001867762232,0.04401399813223777,10,0.11242622592272426,0.09475577891486917,0.04464202509366827,0.18021042675178026,10,1.0,0.0,1.0,1.0,10,2.659598865294163,1.0902861478496626,1.8796551399264825,3.4395425906618433,10
{},always_otfs,36,0.5773906908831867,0.45941657891957166,0.24874386842753393,0.9060375133388395,10,0.025243149012221622,0.04069833827136341,-0.003870688332447754,0.054356986356891,10,0.0078125,0.011048543456039806,-9.115186239035643e-05,0.015716151862390358,10,0.0863167095952095,0.08084105093738951,0.02848650551979274,0.14414691367062626,10,1.0,0.0,1.0,1.0,10,0.7220559021777679,0.6465165966129484,0.25956578995461754,1.1845460144009183,10
{},always_afdm,36,0.3904270301832805,0.21087083134966383,0.23957912470579593,0.5412749356607651,10,0.01856595133143702,0.03935663712183592,-0.009588090830145373,0.04671999349301942,10,0.009375,0.01679637030895531,-0.00264039949604869,0.02139039949604869,10,0.0757185659079127,0.07934109545961865,0.01896136534219437,0.13247576647363105,10,1.0,0.0,1.0,1.0,10,0.3718869891016482,0.23657794348896322,0.2026493234222991,0.5411246547809972,10
{},always_ofdm,37,1.724176238982425,0.741850576707032,1.1934883057236167,2.2548641722412333,10,0.04881049181236576,0.05200591142094507,0.011607703925174823,0.0860132796995567,10,0.021875,0.022341261030757516,0.005893024633159431,0.037856975366840566,10,0.12523679908579302,0.08655491158118622,0.06331914533898131,0.18715445283260473,10,1.0,0.0,1.0,1.0,10,2.716375063347729,1.1232433989777597,1.9128551407831722,3.519894985912286,10
{},always_otfs,37,0.5862270485802992,0.4569245082998097,0.2593629460527037,0.9130911511078946,10,0.0088363576971124,0.027943016542835448,-0.01115287216095137,0.02882558755517617,10,0.0078125,0.016876928902103804,-0.00426052764199417,0.01988552764199417,10,0.05801715070345857,0.07097234525397067,0.00724659339184186,0.10878770801507529,10,1.0,0.0,1.0,1.0,10,0.7116124518489999,0.64258553783989,0.2519344496670028,1.171290454030997,10
{},always_afdm,37,0.4083501516177826,0.2245460702032886,0.2477195695853175,0.5689807336502477,10,0.01792312143450198,0.03780111800586775,-0.009118169385075706,0.04496441225407967,10,0.00625,0.01092509216843908,-0.001565340131252025,0.014065340131252026,10,0.07145655960774318,0.07588885381870802,0.017168943940990784,0.12574417527449558,10,1.0,0.0,1.0,1.0,10,0.3748829476771649,0.2503985587990385,0.19575860939074527,0.5540072859635845,10
{},always_ofdm,38,1.775090070626808,0.7779002447553582,1.2186137583710426,2.3315663828825732,10,0.05091383164438321,0.05391201588096755,0.012347498768180018,0.08948016452058641,10,0.021875,0.02109214242845478,0.006786590251715194,0.036963409748284805,10,0.12689885881492785,0.08695346768592704,0.06469609520616598,0.18910162242368972,10,1.0,0.0,1.0,1.0,10,2.8026438082396097,1.186548847156184,1.9538378961339302,3.651449720345289,10
{},always_otfs,38,0.594057994560097,0.4646382915786994,0.26167578389265045,0.9264402052275436,10,0.0078309459797978,0.024763625529899965,-0.009883884560325306,0.025545776519920908,10,0.00625,0.015095184110613998,-0.004548444200693181,0.01704844420069318,10,0.05524695195055518,0.06990428596264284,0.005240438228994851,0.1052534656721155,10,1.0,0.0,1.0,1.0,10,0.7262292898765081,0.6598768438544188,0.25418183252346016,1.1982767472295561,10
{},always_afdm,38,0.42628597315901195,0.24154801410298218,0.25349293314267474,0.5990790131753492,10,0.01793582154122947,0.03781206428387959,-0.009113299773918854,0.04498494285637779,10,0.0078125,0.01518477055949297,-0.0030500304855817263,0.018675030485581726,10,0.07339506952921376,0.08006387511964236,0.01612082354218957,0.13066931551623795,10,1.0,0.0,1.0,1.0,10,0.4076479032833317,0.267032547799201,0.2166243260915118,0.5986714804751516,10
{},always_ofdm,39,1.825864035951573,0.8043082773901974,1.2504965551769098,2.401231516726236,10,0.0507739653247653,0.054153209320674266,0.012035093055788822,0.08951283759374179,10,0.0328125,0.03642111195218144,0.00675840604123254,0.05886659395876746,10,0.13355973595441725,0.09487639091555689,0.06568925449772423,0.20143021741111028,10,1.0,0.0,1.0,1.0,10,2.8886542275132694,1.2360338466721872,2.004448879260987,3.7728595757655516,10
{},always_otfs,39,0.6018067125205326,0.4719901664525027,0.2641652873901488,0.9394481376509165,10,0.0077487179604357,0.0245035977012313,-0.009780099876700124,0.025277535797571526,10,0.0046875,0.010546071214227388,-0.0028567048741424015,0.0122317048741424,10,0.05425320818251299,0.06652149046493805,0.006666600581782048,0.10183981578324393,10,1.0,0.0,1.0,1.0,10,0.7329331813782635,0.6625624880087748,0.2589645299323697,1.2069018328241572,10
{},always_afdm,39,0.4629465452736602,0.2535992536712146,0.28153256780646796,0.6443605227408524,10,0.03666057211464811,0.047411799031940385,0.0027442142518182694,0.07057692997747796,10,0.0125,0.014358384116760648,0.002228630763241979,0.022771369236758023,10,0.10692972747276479,0.08517026874536585,0.04600258754088446,0.16785686740464512,10,1.0,0.0,1.0,1.0,10,0.46702831407533874,0.2920869988844183,0.25808186227396157,0.6759747658767159,10
{},always_ofdm,40,1.87223322632978,0.8308459963082127,1.2778818050579375,2.4665846476016227,10,0.04636919037820672,0.04953538333219661,0.010933711820740162,0.08180466893567329,10,0.0203125,0.022158382693940257,0.00446134791435732,0.03616365208564268,10,0.12372965364299526,0.0862865626080595,0.06200396518732463,0.1854553420986659,10,1.0,0.0,1.0,1.0,10,2.9515024552316005,1.2761699597092366,2.0385854613387364,3.8644194491244646,10
{},always_otfs,40,0.6099033589249567,0.4643143484685729,0.2777528831984865,0.9420538346514269,10,0.00809664640442405,0.025603844046992806,-0.0102192402544407,0.0264125330632888,10,0.0078125,0.01983274246318726,-0.006374989285729207,0.02199998928572921,10,0.059474704429497025,0.07360419163335088,0.006821437634890272,0.11212797122410378,10,1.0,0.0,1.0,1.0,10,0.7315264598830964,0.6537033453580463,0.2638952573135371,1.1991576624526556,10
{},always_afdm,40,0.48308984453401854,0.27771662057942836,0.28442334209478093,0.6817563469732562,10,0.02014329926035843,0.04253575926880225,-0.010284949884036807,0.05057154840475367,10,0.009375,0.01679637030895531,-0.00264039949604869,0.02139039949604869,10,0.07436428799428547,0.08097352530013907,0.016439317468609417,0.13228925851996154,10,1.0,0.0,1.0,1.0,10,0.48051117614496003,0.3255762271929479,0.247607973596856,0.713414378693064,10
{},always_ofdm,41,1.920572830154122,0.8576880425961108,1.3070197656993727,2.5341258946088714,10,0.04833960382434225,0.052189603666694076,0.011005410420578246,0.08567379722810625,10,0.0234375,0.024705294220065465,0.005764397165202349,0.04111060283479765,10,0.12721509956298432,0.08951896504025054,0.06317708970451232,0.19125310942145635,10,1.0,0.0,1.0,1.0,10,3.0298504062946003,1.326994592429314,2.080575660391108,3.9791251521980926,10
{},always_otfs,41,0.6179245936994519,0.4731137143226847,0.27947943084092475,0.956369756557979,10,0.00802123477449515,0.025365371534351762,-0.010124058925563437,0.026166528474553738,10,0.0078125,0.016876928902103804,-0.00426052764199417,0.01988552764199417,10,0.0568226453072441,0.07039030380706944,0.006468455364239643,0.10717683525024857,10,1.0,0.0,1.0,1.0,10,0.7394819566903563,0.6757689312416739,0.2560659848742652,1.2228979285064474,10
{},always_afdm,41,0.48308984453401854,0.27771662057942836,0.28442334209478093,0.6817563469732562,10,0.0,0.0,0.0,0.0,10,0.009375,0.02964635306407856,-0.011832723401757181,0.030582723401757182,10,0.0470474095802309,0.06777249003942583,-0.0014341092054983434,0.09552892836596015,10,1.0,0.0,1.0,1.0,10,0.4786914372252067,0.3209796462398003,0.24907643060587123,0.7083064438445421,10
{},always_ofdm,42,1.9573737902884265,0.8742779731762255,1.3319530044233248,2.5827945761535283,10,0.03680096013430408,0.04839700225719378,0.0021798303404872293,0.07142208992812094,10,0.0234375,0.02876396098225849,0.002861001867762232,0.04401399813223777,10,0.12494661918888916,0.09052156533796941,0.060191392283498,0.1897018460942803,10,1.0,0.0,1.0,1.0,10,3.0860424199149943,1.3493452173952185,2.120779000088987,4.051305839741002,10
{},always_otfs,42,0.6255173012390849,0.48114180328363254,0.281329189500455,0.9697054129777147,10,0.00759270753963308,0.02401024943277371,-0.009583190206604216,0.024768605285870375,10,0.0125,0.02927806108865666,-0.008444263193719038,0.03344426319371904,10,0.07566530729501673,0.08651211759596318,0.013778266521069088,0.13755234806896438,10,1.0,0.0,1.0,1.0,10,0.746392658416878,0.6838707484009582,0.257180995744838,1.235604321088918,10
{},always_afdm,42,0.4922719384629943,0.28556983318909046,0.28798758614924014,0.6965562907767484,10,0.00918209392897576,0.029036330505167747,-0.011589245622455894,0.029953433480407413,10,0.00625,0.01092509216843908,-0.001565340131252025,0.014065340131252026,10,0.0712341765858687,0.07552211612531734,0.01720890926076956,0.12525944391096783,10,1.0,0.0,1.0,1.0,10,0.4811710082425803,0.3136313031633804,0.25681268959053344,0.7055293268946272,10
{},always_ofdm,43,1.998051324500113,0.8947553692080606,1.35798189196698,2.638120757033246,10,0.04067753421168665,0.05305872420143206,0.002721609431261554,0.07863345899211174,10,0.021875,0.025727268823392643,0.003470820574967559,0.04027917942503244,10,0.11058241606579497,0.09338858601601145,0.043776246118755066,0.17738858601283486,10,1.0,0.0,1.0,1.0,10,3.1431657622781435,1.3700852703683175,2.1630658023272655,4.123265722229021,10
{},always_otfs,43,0.6436873763383687,0.4976263041725756,0.28770696304706245,0.999667789629675,10,0.0181700750992837,0.03832146707954215,-0.0092434510236716,0.045583601222239,10,0.0125,0.02530199541977317,-0.005599957158820081,0.030599957158820083,10,0.07528487780889563,0.08413398521569318,0.015099050456528616,0.13547070516126264,10,1.0,0.0,1.0,1.0,10,0.7682184625231272,0.7201816692159573,0.25303153188328187,1.2834053931629725,10
{},always_afdm,43,0.5012153658703631,0.2930559188890748,0.29157579045230464,0.7108549412884215,10,0.008943427407368811,0.028281600695659995,-0.011288010962676209,0.02917486577741383,10,0.0046875,0.010546071214227388,-0.0028567048741424015,0.0122317048741424,10,0.055789945193426095,0.06609557915049019,0.008508016192823993,0.10307187419402819,10,1.0,0.0,1.0,1.0,10,0.48350187973336006,0.32747996535782176,0.24923682494181992,0.7177669345249003,10
{},always_ofdm,44,2.0441313321237895,0.9169535374602412,1.388182286631168,2.700080377616411,10,0.0460800076236766,0.04917358708993739,0.010903342506670813,0.08125667274068239,10,0.025,0.02234126103075752,0.00901802463315943,0.040981975366840576,10,0.14221029357308773,0.08093480982936173,0.08431301842680083,0.20010756871937463,10,1.0,0.0,1.0,1.0,10,3.224986698224737,1.4162546390836974,2.21185916151819,4.238114234931285,10
{},always_otfs,44,0.6603816135179069,0.5015863680398287,0.30156834119100623,1.0191948858448077,10,0.01669423717953819,0.03521732508182852,-0.008498719528184224,0.0418871938872606,10,0.009375,0.013176156917368247,-5.06548452254129e-05,0.01880065484522541,10,0.08733387234472131,0.08257581034773379,0.028262696144886516,0.1464050485445561,10,1.0,0.0,1.0,1.0,10,0.7951629772413542,0.7215564674283542,0.27899257520593024,1.3113333792767783,10
{},always_afdm,44,0.5094787037347692,0.30216861764252556,0.2933202963312384,0.7256371111383,10,0.00826333786440614,0.02613096872703502,-0.010429631074643706,0.026956306803455985,10,0.009375,0.01679637030895531,-0.00264039949604869,0.02139039949604869,10,0.0760817466384792,0.07966229183002364,0.019094776031013276,0.13306871724594513,10,1.0,0.0,1.0,1.0,10,0.4991942687453448,0.35704765897321056,0.2437777601318889,0.7546107773588007,10
{},always_ofdm,45,2.094232983273836,0.9431615313387322,1.4195358683681358,2.768930098179536,10,0.05010165115004609,0.05392566257632476,0.011525556016075196,0.08867774628401698,10,0.03125,0.03036954111898594,0.009524939028836547,0.05297506097116345,10,0.14542294345749543,0.0838653421115369,0.08542929180493275,0.2054165951100581,10,1.0,0.0,1.0,1.0,10,3.304283027912767,1.4459410832558004,2.2699190883534692,4.338646967472065,10
{},always_otfs,45,0.668492206978798,0.5120077538193203,0.3022239243645693,1.0347604895930267,10,0.008110593460891099,0.02564794851208366,-0.010236843631661316,0.026458030553443514,10,0.0078125,0.01327869664998121,-0.0016865073510882941,0.017311507351088294,10,0.07202015985716698,0.07839819779274174,0.01593746764908934,0.1281028520652446,10,1.0,0.0,1.0,1.0,10,0.8010565233290554,0.7414004831661989,0.270690567593023,1.331422479065088,10
{},always_afdm,45,0.5172177063453611,0.3118073131952032,0.29416419151350326,0.740271221177219,10,0.007739002610591831,0.024472875067459307,-0.009767837578305046,0.02524584279948871,10,0.0078125,0.01327869664998121,-0.0016865073510882941,0.017311507351088294,10,0.07392891592644614,0.07825970841737806,0.017945293049440918,0.12991253880345136,10,1.0,0.0,1.0,1.0,10,0.5069965709023253,0.36815704572484065,0.24363288575479547,0.7703602560498551,10
{},always_ofdm,46,2.1321465414355583,0.9593739310010999,1.4458517744687402,2.8184413084023765,10,0.037913558161722385,0.04941702501304087,0.0025627480452450613,0.07326436827819971,10,0.021875,0.02234126103075752,0.005893024633159428,0.03785697536684057,10,0.12579855496869788,0.08809002876155776,0.06278274454540603,0.18881436539198973,10,1.0,0.0,1.0,1.0,10,3.360426816590791,1.4657480691722282,2.3118938128693625,4.408959820312219,10
{},always_otfs,46,0.7070204447070167,0.5295744033013153,0.32818573807076645,1.085855151343267,10,0.03852823772821874,0.05081330334198289,0.0021785902664508833,0.0748778851899866,10,0.0203125,0.02448470681988158,0.0027971958852979067,0.037827804114702095,10,0.12459981738714529,0.08647843092435395,0.06273687460637306,0.18646276016791752,10,1.0,0.0,1.0,1.0,10,0.8560015744255274,0.7786330069164699,0.2990010756973638,1.413002073153691,10
{},always_afdm,46,0.5172177063453611,0.3118073131952032,0.29416419151350326,0.740271221177219,10,0.0,0.0,0.0,0.0,10,0.0046875,0.010546071214227388,-0.0028567048741424015,0.0122317048741424,10,0.05597389431781604,0.06774461788083912,0.0075123140732165986,0.10443547456241548,10,1.0,0.0,1.0,1.0,10,0.4933156989294679,0.34458517942852596,0.2468143111240406,0.7398170867348952,10
{},always_ofdm,47,2.1688969667231133,0.9834410228157061,1.4653856394196612,2.8724082940265654,10,0.036750425287554914,0.047931340631651144,0.0024624097534237457,0.07103844082168609,10,0.0171875,0.021411254990723404,0.001870810876508703,0.0325041891234913,10,0.10750353583735048,0.0892957239832421,0.043625223010709605,0.17138184866399137,10,1.0,0.0,1.0,1.0,10,3.428157139297214,1.5043464501404453,2.352012517190202,4.504301761404226,10
{},always_otfs,47,0.7430273550839603,0.5379741882000405,0.3581838043115904,1.1278709058563303,10,0.0360069103769435,0.04668857872463877,0.002607913155492879,0.06940590759839413,10,0.0125,0.01613743060919757,0.0009559775688028956,0.024044022431197104,10,0.10336971789143992,0.08388532831218017,0.04336176897222262,0.16337766681065724,10,1.0,0.0,1.0,1.0,10,0.9195980791860405,0.7991638318021678,0.34791071309025556,1.4912854452818256,10
{},always_afdm,47,0.5172177063453611,0.3118073131952032,0.29416419151350326,0.740271221177219,10,0.0,0.0,0.0,0.0,10,0.0015625,0.004941058844013093,-0.00197212056695953,0.00509712056695953,10,0.03920116567830274,0.048474788687650726,0.004524390824266339,0.07387794053233915,10,1.0,0.0,1.0,1.0,10,0.4927436514768437,0.3453313832138697,0.24570846164029608,0.7397788413133912,10
{},always_ofdm,48,2.211741090105424,1.0094531367650414,1.4896218174489593,2.9338603627618887,10,0.04284412338231092,0.045294421939174795,0.010442445845372447,0.07524580091924939,10,0.01875,0.01613743060919757,0.007205977568802894,0.030294022431197103,10,0.13563335613773014,0.07934432702517771,0.07887384384927199,0.1923928684261883,10,1.0,0.0,1.0,1.0,10,3.5085045741229104,1.5534455793247262,2.3972365508759097,4.619772597369911,10
{},always_otfs,48,0.7690494242237239,0.5640809936649467,0.3655301898687392,1.1725686585787085,10,0.02602206913976361,0.04199147845872143,-0.00401682496834338,0.0560609632478706,10,0.0125,0.014358384116760648,0.002228630763241979,0.022771369236758023,10,0.10436734684808521,0.0842306544600113,0.044112366484198556,0.16462232721197187,10,1.0,0.0,1.0,1.0,10,0.9686795047220913,0.8356485199065409,0.3708925650280125,1.5664664444161702,10
{},always_afdm,48,0.5172177063453611,0.3118073131952032,0.29416419151350326,0.740271221177219,10,0.0,0.0,0.0,0.0,10,0.003125,0.006588078458684124,-0.001587827422612707,0.007837827422612707,10,0.05545760329434583,0.06604982527022944,0.008208404647964018,0.10270680194072764,10,1.0,0.0,1.0,1.0,10,0.4929153334591552,0.3451066073010727,0.24604093862412682,0.7397897282941837,10
{},always_ofdm,49,2.2710598618057807,1.026947748758568,1.5364256976421604,3.005694025969401,10,0.059318771700356744,0.041475674669040674,0.029648861395332838,0.08898868200538065,10,0.0140625,0.011529137302697216,0.005815052010427764,0.022309947989572237,10,0.13505967116818884,0.07634562196190926,0.08044530325576198,0.1896740390806157,10,1.0,0.0,1.0,1.0,10,3.6032573339613534,1.579570951393933,2.473300345383131,4.733214322539576,10
{},always_otfs,49,0.7918067565329119,0.573897604452935,0.3812651418573401,1.2023483712084837,10,0.022757332309188083,0.0367979220926434,-0.003566315385805277,0.04908098000418144,10,0.0046875,0.007547592055306999,-0.000711722100346591,0.010086722100346592,10,0.07043936330245423,0.07296515538317899,0.018243235502584845,0.12263549110232362,10,1.0,0.0,1.0,1.0,10,0.9988119566948004,0.857350961904385,0.38550002524075233,1.6121238881488484,10
{},always_afdm,49,0.53276282128519,0.329895660712136,0.29676968213917726,0.7687559604312029,10,0.01554511493982895,0.032775831585371416,-0.007901302534277257,0.03899153241393516,10,0.003125,0.006588078458684124,-0.001587827422612707,0.007837827422612707,10,0.05605470329650793,0.06347268747051965,0.010649077972832113,0.10146032862018374,10,1.0,0.0,1.0,1.0,10,0.508663125425918,0.3682902471968815,0.24520415368547588,0.77212209716636,10
{},always_ofdm,50,2.3041563176832724,1.049815224581628,1.5531637467671047,3.0551488885994402,10,0.03309645587749131,0.05339196903410884,-0.005097857895374043,0.07129076965035666,10,0.025,0.028716768233521296,0.004457261526483958,0.045542738473516045,10,0.1121598381661687,0.09532011110518845,0.043971938407496275,0.18034773792484113,10,1.0,0.0,1.0,1.0,10,3.6512576708404745,1.615557281538153,2.4955576124724077,4.806957729208541,10
{},always_otfs,50,0.8090217373151077,0.5939616350609629,0.38412717978212174,1.2339162948480937,10,0.01721498078219563,0.03666712292734313,-0.009015098826602674,0.04344506039099393,10,0.009375,0.013176156917368247,-5.06548452254129e-05,0.01880065484522541,10,0.0871252844408795,0.08202277810106792,0.02844972367793138,0.1458008452038276,10,1.0,0.0,1.0,1.0,10,1.0217777398486318,0.8840181403331694,0.3893892581423296,1.654166221554934,10
{},always_afdm,50,0.5430996930631563,0.3446941513207537,0.29652035146206523,0.7896790346642474,10,0.01033687177796625,0.03268805869948767,-0.01304675675606449,0.03372050031199699,10,0.009375,0.01679637030895531,-0.00264039949604869,0.02139039949604869,10,0.07524420669318245,0.08111731095472098,0.017216378106519173,0.1332720352798457,10,1.0,0.0,1.0,1.0,10,0.5197478308320527,0.4166704816780029,0.22167972424220522,0.8178159374219001,10
{},always_ofdm,51,2.3402475391232445,1.0618674294071295,1.5806333402527681,3.099861737993721,10,0.03609122143997182,0.04704016225260522,0.0024407165137586492,0.069741726366185,10,0.015625,0.018042195912175804,0.002718390555030441,0.02853160944496956,10,0.10585092909411202,0.08819909911924848,0.0427570944372075,0.16894476375101652,10,1.0,0.0,1.0,1.0,10,3.7023778172641046,1.6313793858204828,2.5353593073304057,4.869396327197803,10
{},always_otfs,51,0.8161688294748813,0.5881714666158617,0.39541630892593427,1.2369213500238283,10,0.0071470921597736395,0.022601089872016752,-0.009020753563036672,0.02331493788258395,10,0.0046875,0.010546071214227388,-0.0028567048741424015,0.0122317048741424,10,0.054769948646771094,0.06907706022467595,0.0053551965696766735,0.10418470072386551,10,1.0,0.0,1.0,1.0,10,1.0218169058249216,0.8830629009389103,0.39011176121617475,1.6535220504336685,10
{},always_afdm,51,0.5524905705284942,0.33774810235425173,0.31088013302492346,0.7941010080320648,10,0.00939087746533787,0.0296965620180166,-0.01185276325836134,0.030634518189037077,10,0.003125,0.006588078458684124,-0.001587827422612707,0.007837827422612707,10,0.05834911707868923,0.06501274584281322,0.011841800362768051,0.1048564337946104,10,1.0,0.0,1.0,1.0,10,0.5233661652402601,0.37692111001901263,0.25373304617536857,0.7929992843051517,10
{},always_ofdm,52,2.391490070356711,1.0439892900722596,1.6446651219256556,3.138315018787766,10,0.05124253123346689,0.044651106855422215,0.019301053584417298,0.08318400888251648,10,0.025,0.016796370308955314,0.01298460050395131,0.03701539949604869,10,0.1700213757759433,0.05136540497737754,0.13327677859648843,0.2067659729553982,10,1.0,0.0,1.0,1.0,10,3.7875512585038416,1.5981986177192204,2.644268840177378,4.930833676830305,10
{},always_otfs,52,0.8347427912307008,0.5860072204862925,0.41553847909679964,1.253947103364602,10,0.018573961755819553,0.039181090690879716,-0.00945450205405671,0.04660242556569581,10,0.0109375,0.012863634411696322,0.0017354102874837796,0.02013958971251622,10,0.10199874471144763,0.08283317756266863,0.04274345909703421,0.16125403032586105,10,1.0,0.0,1.0,1.0,10,1.038967716000162,0.8835675155627278,0.40690159183540453,1.6710338401649194,10
{},always_afdm,52,0.5604949646412035,0.3508634357119825,0.3095023828458409,0.8114875464365661,10,0.00800439411270939,0.0253121166858042,-0.010102803363663338,0.02611159158908212,10,0.00625,0.008068715304598786,0.0004779887844014461,0.012022011215598555,10,0.08716668355334659,0.07924950096540433,0.030475005741614977,0.14385836136507818,10,1.0,0.0,1.0,1.0,10,0.5256849142573998,0.40304670145414495,0.2373626729363565,0.8140071555784432,10
{},always_ofdm,53,2.456112958150902,1.0448863788001772,1.7086462711030463,3.203579645198757,10,0.06462288779419063,0.045411315337074466,0.03213758975780019,0.09710818583058108,10,0.01875,0.017738944131173332,0.006060323810823821,0.031439676189176174,10,0.1374784374020664,0.07841026844133946,0.08138711037215463,0.19356976443197815,10,1.0,0.0,1.0,1.0,10,3.8936923530141785,1.5981770893117013,2.750425335182709,5.036959370845648,10
{},always_otfs,53,0.8513952071808054,0.5902571244378132,0.42915069690539676,1.2736397174562142,10,0.01665241595010459,0.03510850147362909,-0.008462693037957793,0.041767524938166975,10,0.003125,0.006588078458684124,-0.001587827422612707,0.007837827422612707,10,0.054250283125414,0.06563302171473029,0.007299247780899007,0.101201318469929,10,1.0,0.0,1.0,1.0,10,1.0618806562338468,0.881412317880117,0.43135626761511503,1.6924050448525785,10
{},always_afdm,53,0.5690315010651472,0.36083422347957755,0.3109062473820914,0.827156754748203,10,0.00853653642394358,0.02699489842865045,-0.010774450593445306,0.02784752344133247,10,0.0015625,0.004941058844013093,-0.00197212056695953,0.00509712056695953,10,0.04013482844958044,0.048543688349082306,0.0054087657469186895,0.07486089115224219,10,1.0,0.0,1.0,1.0,10,0.534482399815251,0.4136635045644424,0.23856535506973792,0.8303994445607641,10
{},always_ofdm,54,2.4798802988910085,1.0387574191823716,1.736798005432274,3.222962592349743,10,0.02376734074010748,0.03828869578852994,-0.0036227422135040807,0.05115742369371904,10,0.009375,0.01092509216843908,0.0015596598687479743,0.017190340131252025,10,0.10032171572622588,0.08409555303629637,0.04016338109880255,0.1604800503536492,10,1.0,0.0,1.0,1.0,10,3.9314023568539134,1.5859912205141304,2.796852584422254,5.065952129285573,10
{},always_otfs,54,0.8711056547428703,0.596399411653318,0.44446721688928637,1.2977440925964543,10,0.01971044756206482,0.04263206408033427,-0.010786693894339748,0.05020758901846939,10,0.01875,0.02927806108865666,-0.002194263193719039,0.039694263193719034,10,0.09528052903177622,0.090876125553445,0.03027166502765588,0.16028939303589657,10,1.0,0.0,1.0,1.0,10,1.0945494733791319,0.9101371195143667,0.4434765995381945,1.7456223472200691,10
{},always_afdm,54,0.5801013304042117,0.3762629009354126,0.31093906575285774,0.8492635950555658,10,0.01106982933906458,0.03500587402080041,-0.01397186439187281,0.03611152307000197,10,0.0078125,0.01518477055949297,-0.0030500304855817263,0.018675030485581726,10,0.07389679349691955,0.07826779051260144,0.01790738903728143,0.12988619795655768,10,1.0,0.0,1.0,1.0,10,0.5457674814256797,0.42181618298015733,0.24401836187318282,0.8475166009781765,10
{},always_ofdm,55,2.5555490956891465,1.0597294497257144,1.7974643153486332,3.3136338760296598,10,0.07566879679813714,0.04279108880879416,0.045057895904005864,0.10627969769226842,10,0.0296875,0.024923929404177914,0.011857994976355476,0.04751700502364452,10,0.17425575989181444,0.053107695324281994,0.13626480328046464,0.21224671650316423,10,1.0,0.0,1.0,1.0,10,4.045183530184412,1.619005247271494,2.8870169457173884,5.203350114651435,10
{},always_otfs,55,0.8913101598599168,0.6115727461017821,0.45381737242175324,1.3288029472980805,10,0.020204505117046512,0.04335533569638939,-0.010810033684808436,0.05121904391890146,10,0.0109375,0.024484706819881578,-0.006577804114702095,0.028452804114702093,10,0.07370790596949042,0.08215256260911247,0.014939502962422344,0.1324763089765585,10,1.0,0.0,1.0,1.0,10,1.1077827927873056,0.9233278446068162,0.44727384265649084,1.7682917429181204,10
{},always_afdm,55,0.6032199801450596,0.3848112531103126,0.3279425927305704,0.8784973675595489,10,0.023118649740847742,0.048778878563208644,-0.011775657905710155,0.05801295738740564,10,0.0125,0.023058274605394433,-0.003994895979144472,0.028994895979144474,10,0.07684286239571714,0.0828867425167712,0.017549258721467502,0.13613646606996677,10,1.0,0.0,1.0,1.0,10,0.56213575726008,0.42517034702721396,0.2579872132927034,0.8662843012274566,10
{},always_ofdm,56,2.610446401904346,1.0655590348466875,1.8481913875884977,3.372701416220194,10,0.05489730621519913,0.04795551229439553,0.020591999315194544,0.08920261311520372,10,0.025,0.02109214242845478,0.009911590251715197,0.04008840974828481,10,0.17017622795158685,0.05319430051596749,0.1321233177182704,0.2082291381849033,10,1.0,0.0,1.0,1.0,10,4.135805244656447,1.6133975607796667,2.9816501574479695,5.289960331864924,10
{},always_otfs,56,0.9132839629499172,0.626915740528159,0.4648154584903044,1.36175246740953,10,0.021973803090000472,0.04810836592534265,-0.012440848710507532,0.05638845489050848,10,0.0203125,0.032148540337522846,-0.00268518034789169,0.04331018034789169,10,0.1085082143012341,0.09263895488247849,0.04223829816251086,0.17477813043995732,10,1.0,0.0,1.0,1.0,10,1.1367364936089885,0.9428725059112801,0.4622461350388223,1.8112268521791548,10
{},always_afdm,56,0.6032199801450596,0.3848112531103126,0.3279425927305704,0.8784973675595489,10,0.0,0.0,0.0,0.0,10,0.0078125,0.01518477055949297,-0.0030500304855817263,0.018675030485581726,10,0.07216879831699964,0.07954043631449943,0.015268997894096727,0.12906859873990256,10,1.0,0.0,1.0,1.0,10,0.5547500420975287,0.4168351706339378,0.2565641241257131,0.8529359600693442,10
{},always_ofdm,57,2.63992033546662,1.091917178994703,1.8588098407054527,3.421030830227787,10,0.02947393356227417,0.0479723643425693,-0.0048434285667715744,0.06379129569131992,10,0.03125,0.02946278254943948,0.010173595033625717,0.05232640496637428,10,0.1460996225105894,0.08732866668836116,0.08362845770431634,0.20857078731686243,10,1.0,0.0,1.0,1.0,10,4.183806163024952,1.6570039958852425,2.9984569113181694,5.369155414731735,10
{},always_otfs,57,0.9218876960338832,0.632858861179781,0.4691677391730107,1.3746076528947557,10,0.008603733083966041,0.027207392925477403,-0.010859263339212524,0.028066729507144606,10,0.0265625,0.03612196017583271,0.0007224063303822754,0.05240259366961772,10,0.11299502236388097,0.09714126781726223,0.04350434557433955,0.1824856991534224,10,1.0,0.0,1.0,1.0,10,1.1516328118307855,0.9603536701310614,0.46463718171128243,1.8386284419502885,10
{},always_afdm,57,0.6120194035073363,0.3869677382042895,0.33519935958820984,0.8888394474264627,10,0.008799423362276789,0.02782621992089162,-0.01110625522568335,0.028705101950236928,10,0.0171875,0.02492392940417791,-0.000642005023644518,0.03501700502364452,10,0.1079332384531461,0.08842783241353783,0.04467577785454224,0.17119069905174997,10,1.0,0.0,1.0,1.0,10,0.5645845764085908,0.41285579290767316,0.2692453337747949,0.8599238190423868,10
{},always_ofdm,58,2.6784242401333564,1.1122648704034315,1.8827578838020358,3.474090596464677,10,0.03850390466673668,0.050559048364684736,0.002336140258860968,0.0746716690746124,10,0.03125,0.03454817489953542,0.006535724496324311,0.05596427550367569,10,0.14728516283293996,0.0864473356446065,0.08544446427527871,0.20912586139060121,10,1.0,0.0,1.0,1.0,10,4.244492780517225,1.6802956974163301,3.0424816492679594,5.4465039117664915,10
{},always_otfs,58,0.9309040958678312,0.6267888573647324,0.4825263581554292,1.379281833580233,10,0.00901639983394784,0.02851235977003914,-0.011380113633573778,0.029412913301469456,10,0.009375,0.013176156917368247,-5.06548452254129e-05,0.01880065484522541,10,0.08848610672747785,0.08299225035017421,0.029117027295967497,0.1478551861589882,10,1.0,0.0,1.0,1.0,10,1.1535203732175967,0.9271826782194006,0.4902538412405836,1.81678690519461,10
{},always_afdm,58,0.6294509591235248,0.3952041359707215,0.3467389511817142,0.9121629670653353,10,0.017431555616188428,0.03675409600181096,-0.00886074078206548,0.04372385201444234,10,0.0140625,0.020104436526686233,-0.0003193475103692323,0.028444347510369235,10,0.10672172488133687,0.08676343089382701,0.04465490540419562,0.16878854435847812,10,1.0,0.0,1.0,1.0,10,0.5847077559492609,0.4104479531137345,0.2910909781405726,0.8783245337579493,10
{},always_ofdm,59,2.7188688646250925,1.146393245226759,1.8987885396737458,3.538949189576439,10,0.04044462449173604,0.05319864471957434,0.0023886066023683997,0.07850064238110369,10,0.0328125,0.03715845621195202,0.006230941732914792,0.059394058267085215,10,0.13383702497418531,0.09615487605314758,0.06505197034511333,0.2026220796032573,10,1.0,0.0,1.0,1.0,10,4.309105362949986,1.7228080450274148,3.076682730247354,5.541527995652618,10
{},always_otfs,59,0.9411813369254757,0.6443002838335704,0.4802766793548835,1.4020859944960677,10,0.010277241057644609,0.0324994898047548,-0.012971493415284382,0.0335259755305736,10,0.009375,0.01679637030895531,-0.00264039949604869,0.02139039949604869,10,0.0720728886359379,0.08005174267689182,0.014807321675621814,0.12933845559625398,10,1.0,0.0,1.0,1.0,10,1.1563688193121102,0.9502649613579518,0.47659021668595636,1.836147421938264,10
{},always_afdm,59,0.6383115707750111,0.4078238989097656,0.34657192826281963,0.9300512132872025,10,0.00886061165148638,0.028019714280923032,-0.011183484463192027,0.028904707766164786,10,0.0125,0.02927806108865666,-0.008444263193719038,0.03344426319371904,10,0.07687174615113959,0.0842816492578064,0.01658028630648073,0.13716320599579845,10,1.0,0.0,1.0,1.0,10,0.592355059558976,0.4332072423908864,0.2824572669904907,0.9022528521274614,10
{},always_ofdm,60,2.749995435163768,1.1682148075113301,1.9143049049326986,3.585685965394837,10,0.03112657053867539,0.05096252730166512,-0.005329825313190071,0.06758296639054086,10,0.0265625,0.03458741190809165,0.0018201560312832883,0.05130484396871671,10,0.11444150816448802,0.09499071061721556,0.04648924731972294,0.18239376900925308,10,1.0,0.0,1.0,1.0,10,4.334504469104397,1.7438093293502341,3.0870584226268116,5.581950515581982,10
{},always_otfs,60,0.9681491655793837,0.6671636203273958,0.49088906235399826,1.445409268804769,10,0.0269678286539078,0.04401562502911708,-0.004519052682064335,0.058454709989879935,10,0.0234375,0.032316858453101185,0.00031941212572640307,0.04655558787427359,10,0.11200000376105361,0.0938329949100437,0.0448759228425851,0.17912408467952212,10,1.0,0.0,1.0,1.0,10,1.1793264210630867,0.974933624792197,0.4819009196877435,1.87675192243843,10
{},always_afdm,60,0.646985963154611,0.40231138295183505,0.35918973700229606,0.9347821893069259,10,0.008674392379599891,0.02743083723754356,-0.010948446475319012,0.028297231234518792,10,0.0109375,0.020898336091394666,-0.004012269046644548,0.025887269046644547,10,0.07535724225039382,0.08181772969252774,0.016828364282556844,0.1338861202182308,10,1.0,0.0,1.0,1.0,10,0.5786698997992927,0.4044245276622029,0.2893620209850634,0.8679777786135221,10
{},always_ofdm,61,2.7812980643685257,1.1952403483251177,1.9262746268782438,3.6363215018588075,10,0.03130262920475771,0.05087788309548363,-0.005093215829663926,0.06769847423917935,10,0.0265625,0.032981542081224086,0.002968926102051298,0.0501560738979487,10,0.11544573967611667,0.09507924347662938,0.04743014623896302,0.18346133311327031,10,1.0,0.0,1.0,1.0,10,4.386498075081245,1.782446257341344,3.1114128353390447,5.661583314823445,10
{},always_otfs,61,0.9764562012316853,0.6729687177017898,0.4950433815095923,1.4578690209537783,10,0.00830703565230178,0.02626915326549618,-0.010484784550637068,0.027098855855240626,10,0.009375,0.01679637030895531,-0.00264039949604869,0.02139039949604869,10,0.07347781009241888,0.07918497368427914,0.01683229231686483,0.13012332786797293,10,1.0,0.0,1.0,1.0,10,1.1893520974562377,0.9797251411306438,0.4884989517780306,1.890205243134445,10
{},always_afdm,61,0.6643779655872988,0.4040648745191931,0.37532736713268194,0.9534285640419156,10,0.0173920024326878,0.03671852461572002,-0.008874847728870372,0.04365885259424597,10,0.0125,0.02057126839388698,-0.0022157989105067166,0.027215798910506718,10,0.09039957023103408,0.08534909050856562,0.02934450891590778,0.15145463154616037,10,1.0,0.0,1.0,1.0,10,0.6056173363310587,0.3956906457567206,0.3225573002540028,0.8886773724081147,10
{},always_ofdm,62,2.8447505626836245,1.2190242910775484,1.9727131174937598,3.716788007873489,10,0.06345249831509911,0.04508020961260935,0.031204059045317062,0.09570093758488116,10,0.021875,0.016796370308955314,0.009859600503951307,0.03389039949604869,10,0.15355534398676265,0.06917129329683712,0.10407318163072525,0.20303750634280004,10,1.0,0.0,1.0,1.0,10,4.486249719444209,1.8290607860444763,3.1778184546748314,5.794680984213587,10
{},always_otfs,62,1.001290865563405,0.6869983715253085,0.5098418360900321,1.4927398950367778,10,0.02483466433171958,0.04000865293090054,-0.0037858018416907606,0.05345513050512993,10,0.0078125,0.011048543456039806,-9.115186239035643e-05,0.015716151862390358,10,0.08505021503211144,0.08103983063044644,0.027077812530496168,0.1430226175337267,10,1.0,0.0,1.0,1.0,10,1.2205986128645496,1.0081363364675362,0.4994213223947128,1.9417759033343864,10
{},always_afdm,62,0.6643779655872988,0.4040648745191931,0.37532736713268194,0.9534285640419156,10,0.0,0.0,0.0,0.0,10,0.0015625,0.004941058844013093,-0.00197212056695953,0.00509712056695953,10,0.040020700087915126,0.04892287790173549,0.0050233815200842954,0.07501801865574595,10,1.0,0.0,1.0,1.0,10,0.5918343367951745,0.39261072028138,0.31097754667683286,0.8726911269135161,10
{},always_ofdm,63,2.8739281505131773,1.215089870580127,2.0047052201972053,3.7431510808291493,10,0.029177587829552647,0.0476314118091591,-0.004895871550103889,0.06325104720920918,10,0.0234375,0.023581732130566187,0.006568145065232348,0.040306854934767655,10,0.12632322518950495,0.08846817925509023,0.06303690219916176,0.18960954817984815,10,1.0,0.0,1.0,1.0,10,4.539024812541774,1.824494706669843,3.233859924186331,5.844189700897217,10
{},always_otfs,63,1.001290865563405,0.6869983715253085,0.5098418360900321,1.4927398950367778,10,0.0,0.0,0.0,0.0,10,0.009375,0.01679637030895531,-0.00264039949604869,0.02139039949604869,10,0.07296707329466014,0.08010145801373027,0.01566594212480313,0.13026820446451715,10,1.0,0.0,1.0,1.0,10,1.2200175540672693,1.0026961236551797,0.502731957402798,1.9373031507317406,10
{},always_afdm,63,0.6643779655872988,0.4040648745191931,0.37532736713268194,0.9534285640419156,10,0.0,0.0,0.0,0.0,10,0.009375,0.019764235376052368,-0.0047634822678381174,0.023513482267838115,10,0.07392943735906715,0.08024118472577202,0.016528351720800034,0.13133052299733428,10,1.0,0.0,1.0,1.0,10,0.5922156420623016,0.39249618223453986,0.31144078752676546,0.8729904965978377,10
{},always_ofdm,64,2.9189797217867284,1.2253729784560814,2.0424006992366692,3.7955587443367875,10,0.04505157127355147,0.047759840651420284,0.01088623943465531,0.07921690311244764,10,0.0203125,0.01811721576138134,0.007352224587815058,0.03327277541218494,10,0.1380322337079048,0.08026781613894504,0.08061209710430811,0.19545237031150148,10,1.0,0.0,1.0,1.0,10,4.606039130738779,1.8604353248390864,3.2751638729704777,5.9369143885070805,10
{},always_otfs,64,1.0091996897380169,0.6963507356274183,0.5110603820168824,1.5073389974591513,10,0.0079088241746117,0.025009898005574203,-0.009982179081739815,0.025799827430963214,10,0.0109375,0.019557274328665195,-0.0030529312533191244,0.024927931253319123,10,0.0747551436461402,0.08184690369063831,0.016205395857279536,0.13330489143500088,10,1.0,0.0,1.0,1.0,10,1.2237547822025092,1.0360214113199488,0.4826297108629972,1.9648798535420213,10
{},always_afdm,64,0.6814313461861838,0.41469213777866243,0.38477846156714945,0.9780842308052182,10,0.017053380598885032,0.0359574977507644,-0.008669063739184486,0.042775824936954546,10,0.0078125,0.011048543456039806,-9.115186239035643e-05,0.015716151862390358,10,0.08793712220924596,0.08173473937264061,0.029467611939870415,0.1464066324786215,10,1.0,0.0,1.0,1.0,10,0.6091348487606472,0.4130820996149902,0.3136337160609005,0.9046359814603938,10
{},always_ofdm,65,2.9713897518510115,1.25581818706203,2.0730315390704313,3.8697479646315918,10,0.052410030064283075,0.045700086180810756,0.0197181578105778,0.08510190231798835,10,0.0125,0.014358384116760648,0.002228630763241979,0.022771369236758023,10,0.12018776239856568,0.08157131674725455,0.0618351576328548,0.17854036716427657,10,1.0,0.0,1.0,1.0,10,4.680633946353312,1.8996933072936522,3.3216752197209685,6.039592672985656,10
{},always_otfs,65,1.0263844914945832,0.7202602224015618,0.5111413672909282,1.5416276156982383,10,0.01718480175656642,0.036242938750101886,-0.008741834771631377,0.043111438284764214,10,0.0046875,0.010546071214227388,-0.0028567048741424015,0.0122317048741424,10,0.05489827482101804,0.06713279282755925,0.00687436785353903,0.10292218178849705,10,1.0,0.0,1.0,1.0,10,1.2330601102394967,1.0613371554942252,0.47382524647468205,1.9922949740043112,10
{},always_afdm,65,0.6984097726733025,0.42861218386620636,0.3917990869538676,1.0050204583927373,10,0.0169784264871187,0.03581722373682594,-0.008643671866349234,0.042600524840586636,10,0.003125,0.006588078458684124,-0.001587827422612707,0.007837827422612707,10,0.05684588194628639,0.06501000190267181,0.01034052812689499,0.10335123576567778,10,1.0,0.0,1.0,1.0,10,0.6203877839229031,0.4266868251654379,0.31515441684656764,0.9256211509992385,10
{},always_ofdm,66,3.0101293174120016,1.25700701953586,2.110920665111204,3.9093379697127992,10,0.03873956556098956,0.05009894522960753,0.002900939108258206,0.0745781920137209,10,0.0265625,0.02857472234238584,0.006121375035674972,0.04700362496432503,10,0.12807565405742088,0.09064820792342945,0.06322983250392866,0.1929214756109131,10,1.0,0.0,1.0,1.0,10,4.746236141027961,1.9033155377572286,3.384686226818417,6.107786055237506,10
{},always_otfs,66,1.0263844914945832,0.7202602224015618,0.5111413672909282,1.5416276156982383,10,0.0,0.0,0.0,0.0,10,0.0078125,0.016876928902103804,-0.00426052764199417,0.01988552764199417,10,0.05789164764002567,0.07314633398559515,0.005565912475700555,0.11021738280435078,10,1.0,0.0,1.0,1.0,10,1.2284782984967486,1.0584769383522572,0.47128951081706694,1.9856670861764303,10
{},always_afdm,66,0.7148528177646664,0.45003272045782333,0.39291880326444234,1.0367868322648903,10,0.01644304509136378,0.03466602467837565,-0.008355535065474467,0.04124162524820203,10,0.0078125,0.011048543456039806,-9.115186239035643e-05,0.015716151862390358,10,0.08638193176005599,0.08130386174557745,0.02822065277683594,0.14454321074327603,10,1.0,0.0,1.0,1.0,10,0.6442962563001857,0.47503325805154795,0.3044779345788697,0.9841145780215017,10
{},always_ofdm,67,3.072041505196991,1.2470035553724814,2.179988900069273,3.9640941103247087,10,0.061912187784989546,0.04291536223803413,0.031212387035020606,0.09261198853495849,10,0.021875,0.015095184110613998,0.011076555799306817,0.03267344420069318,10,0.15223541570205334,0.06906406824665585,0.10282995752615806,0.20164087387794863,10,1.0,0.0,1.0,1.0,10,4.8586169873685305,1.884380447452075,3.5106124207742906,6.206621553962771,10
{},always_otfs,67,1.0343641300433268,0.7267163083714364,0.5145026001554677,1.5542256599311859,10,0.00797963854874361,0.025233832718910353,-0.01007155795128344,0.02603083504877066,10,0.0046875,0.010546071214227388,-0.0028567048741424015,0.0122317048741424,10,0.05549991472369943,0.06736939943126358,0.007306749588258089,0.10369307985914078,10,1.0,0.0,1.0,1.0,10,1.2441236438589645,1.0699616664946234,0.47871917658924257,2.0095281111286862,10
{},always_afdm,67,0.738976955184569,0.46992531141234656,0.4028126383670255,1.0751412720021123,10,0.024124137419902592,0.03884763171491793,-0.003665784208655612,0.051914059048460796,10,0.0078125,0.011048543456039806,-9.115186239035643e-05,0.015716151862390358,10,0.08615807266274776,0.0797332731767338,0.029120325058716368,0.14319582026677916,10,1.0,0.0,1.0,1.0,10,0.6905997596014495,0.5299090717240693,0.3115256455977659,1.069673873605133,10
{},always_ofdm,68,3.1170821036033294,1.2669972980047224,2.2107268366070842,4.0234373705995745,10,0.045040598406338436,0.04769050770364594,0.010924864370445181,0.07915633244223169,10,0.0125,0.016137430609197572,0.0009559775688028922,0.02404402243119711,10,0.1053467131839966,0.08307451722913532,0.04591878357248732,0.16477464279550588,10,1.0,0.0,1.0,1.0,10,4.924629279932794,1.9146271600078637,3.5549875186283257,6.294271041237262,10
{},always_otfs,68,1.0343641300433268,0.7267163083714364,0.5145026001554677,1.5542256599311859,10,0.0,0.0,0.0,0.0,10,0.0,0.0,0.0,0.0,10,0.02343438533744029,0.003106217433933732,0.021212331244574414,0.025656439430306165,10,1.0,0.0,1.0,1.0,10,1.2282236085766727,1.0556999976578694,0.4730213246002414,1.9834258925531039,10
{},always_afdm,68,0.7584915118715374,0.47345186058358707,0.4198044537500396,1.0971785699930352,10,0.01951455668696844,0.041177668025167216,-0.009942172507330177,0.048971285881267056,10,0.0078125,0.016876928902103804,-0.00426052764199417,0.01988552764199417,10,0.05993860226399158,0.07062311921315384,0.009417866212424159,0.110459338315559,10,1.0,0.0,1.0,1.0,10,0.711203941245709,0.5226190745741288,0.3373447770478706,1.0850631054435473,10
{},always_ofdm,69,3.171940787384099,1.2854135435197842,2.2524113319762775,4.09147024279192,10,0.054858683780769635,0.04737033416344645,0.02097198809797282,0.08874537946356645,10,0.01875,0.01613743060919757,0.007205977568802894,0.030294022431197103,10,0.13892231521033307,0.07901302060057205,0.08239980526071489,0.19544482515995126,10,1.0,0.0,1.0,1.0,10,5.017569434086947,1.9435046799310465,3.627269939477614,6.4078689286962796,10
{},always_otfs,69,1.0522479835026064,0.7307674486160372,0.5294884424636448,1.575007524541568,10,0.01788385345927945,0.03778021822173636,-0.00914248655538618,0.04491019347394508,10,0.00625,0.01092509216843908,-0.001565340131252025,0.014065340131252026,10,0.06994095436140313,0.07623683525898628,0.015404407768191915,0.12447750095461435,10,1.0,0.0,1.0,1.0,10,1.252182401881895,1.059620017757054,0.4941759044558989,2.010188899307891,10
{},always_afdm,69,0.7584915118715374,0.47345186058358707,0.4198044537500396,1.0971785699930352,10,0.0,0.0,0.0,0.0,10,0.0015625,0.004941058844013093,-0.00197212056695953,0.00509712056695953,10,0.0410537802906973,0.04760515608106803,0.006999103127452458,0.07510845745394214,10,1.0,0.0,1.0,1.0,10,0.7062755604802254,0.5320287609179177,0.32568511217317353,1.0868660087872772,10
{},always_ofdm,70,3.2136895635552265,1.3016614090710905,2.282537085317708,4.144842041792745,10,0.04174877617112789,0.05465448297921324,0.002651314328725514,0.08084623801353027,10,0.021875,0.023524145397158785,0.00504684013266864,0.03870315986733136,10,0.12558556701343168,0.087869515986369,0.06272750192672978,0.1884436321001336,10,1.0,0.0,1.0,1.0,10,5.0745617982869184,1.9576709654182616,3.6741283535221045,6.474995243051732,10
{},always_otfs,70,1.072049081852111,0.7363180334132972,0.5453188916461554,1.5987792720580662,10,0.01980109834950449,0.041792003455609614,-0.010095099937554416,0.0496972966365634,10,0.0125,0.017738944131173336,-0.00018967618917617966,0.025189676189176183,10,0.08960760004254785,0.08482165567033868,0.028929842881406036,0.15028535720368966,10,1.0,0.0,1.0,1.0,10,1.2731967991109827,1.0640270227722661,0.5120377202126295,2.034355878009336,10
{},always_afdm,70,0.7668529314855259,0.4822521328987897,0.42187053778876993,1.111835325182282,10,0.00836141961398838,0.02644113045260917,-0.010553425657424193,0.027276264885400952,10,0.0046875,0.007547592055306998,-0.000711722100346591,0.010086722100346592,10,0.07053311541160986,0.07503660348039923,0.016855162909997563,0.12421106791322217,10,1.0,0.0,1.0,1.0,10,0.7082154730783751,0.5294356022073818,0.3294800587632289,1.0869508873935212,10
{},always_ofdm,71,3.2386541700201468,1.3138068647381584,2.2988133561948163,4.178494983845477,10,0.024964606464920512,0.04021786389831042,-0.003805520218834988,0.05373473314867601,10,0.0046875,0.007547592055306998,-0.000711722100346591,0.010086722100346592,10,0.07040114923180534,0.07522027979296404,0.01659180261153332,0.12421049585207736,10,1.0,0.0,1.0,1.0,10,5.112676745452831,1.9749281985957547,3.6998982197562453,6.525455271149416,10
{},always_otfs,71,1.0894125036297884,0.7566112035254805,0.5481654540396864,1.6306595532198904,10,0.017363421777677572,0.036607741104173225,-0.008824178633825962,0.04355102218918111,10,0.003125,0.006588078458684124,-0.001587827422612707,0.007837827422612707,10,0.05540441146412902,0.06583676026784872,0.00830763033862468,0.10250119258963336,10,1.0,0.0,1.0,1.0,10,1.296315008509219,1.1069562400240838,0.5044462175811041,2.088183799437334,10
{},always_afdm,71,0.7843697506072724,0.5030992001782968,0.42447426336251753,1.1442652378520273,10,0.01751681912174665,0.03701129957150769,-0.008959469626334666,0.04399310786982796,10,0.0046875,0.010546071214227388,-0.0028567048741424015,0.0122317048741424,10,0.05743647883965497,0.06687463452699072,0.00959724719532587,0.10527571048398407,10,1.0,0.0,1.0,1.0,10,0.7333657498521374,0.5465817924585904,0.34236468992939917,1.1243668097748758,10
{},always_ofdm,72,3.2666918960305757,1.3105445829861984,2.3291847779857897,4.204199014075362,10,0.028037726010428348,0.045398934726932405,-0.004438715470996623,0.060514167491853316,10,0.0109375,0.016552342272990316,-0.0009033323552663612,0.02277833235526636,10,0.0893398861049202,0.08371546795641495,0.029453447964253185,0.14922632424558724,10,1.0,0.0,1.0,1.0,10,5.1483614617634075,1.9569240962650687,3.7484622950052,6.548260628521615,10
{},always_otfs,72,1.106271435384071,0.7775972266802775,0.5500118892009538,1.6625309815671883,10,0.016858931754282762,0.035541775043243885,-0.008566122473985784,0.04228398598255131,10,0.00625,0.01092509216843908,-0.001565340131252025,0.014065340131252026,10,0.06997065956054713,0.07797946396176747,0.014187511490227886,0.12575380763086635,10,1.0,0.0,1.0,1.0,10,1.3126304982754227,1.1336639371167399,0.5016561717890317,2.123604824761814,10
{},always_afdm,72,0.792974211101338,0.5115220455677137,0.4270533832391916,1.1588950389634844,10,0.008604460494065611,0.027209693198185055,-0.01086018144508003,0.02806910243321125,10,0.0046875,0.010546071214227388,-0.0028567048741424015,0.0122317048741424,10,0.05706837228208171,0.06781585154814361,0.008555834541637122,0.1055809100225263,10,1.0,0.0,1.0,1.0,10,0.7367789523398758,0.5443933634700466,0.34734340020735743,1.1262145044723941,10
{},always_ofdm,73,3.2958737441001054,1.3231345384053046,2.349360314500176,4.242387173700035,10,0.029181848069530218,0.047326712766034146,-0.004673642745378841,0.06303733888443927,10,0.0125,0.017738944131173336,-0.00018967618917617966,0.025189676189176183,10,0.0892783301207047,0.08683002761155513,0.027163870221620486,0.15139279001978892,10,1.0,0.0,1.0,1.0,10,5.191311810356188,1.973779764411575,3.779354824984329,6.603268795728047,10
{},always_otfs,73,1.1143618489220826,0.7918947542126465,0.5478744676801268,1.6808492301640383,10,0.00809041353801153,0.02558413399277768,-0.010211373397453026,0.02639220047347609,10,0.003125,0.006588078458684124,-0.001587827422612707,0.007837827422612707,10,0.05322930501551655,0.06411668133476553,0.0073629942336383356,0.09909561579739476,10,1.0,0.0,1.0,1.0,10,1.319531821763014,1.1586296469918056,0.49069810230459354,2.148365541221435,10
{},always_afdm,73,0.8024030254919866,0.5270782618755079,0.42535395086301125,1.179452100120962,10,0.009428814390648469,0.029816529109421792,-0.011900645620378777,0.030758274401675716,10,0.003125,0.006588078458684124,-0.001587827422612707,0.007837827422612707,10,0.055826853634697825,0.0660214163851124,0.00859797748047593,0.10305572978891972,10,1.0,0.0,1.0,1.0,10,0.7462778244466486,0.5767132636317394,0.33372200853260964,1.1588336403606876,10
{},always_ofdm,74,3.3331870315018954,1.3334592131349867,2.379287774532005,4.2870862884717855,10,0.03731328740178957,0.04891890743527,0.0023188091345648157,0.07230776566901431,10,0.0125,0.01920738428602685,-0.0012401349949812263,0.026240134994981228,10,0.10461101538449462,0.08484361415719027,0.04391755006813846,0.16530448070085077,10,1.0,0.0,1.0,1.0,10,5.256532447226478,1.9927534554258746,3.831002500955451,6.682062393497505,10
{},always_otfs,74,1.1224812092460188,0.7987421342441772,0.5510955074105809,1.6938669110814568,10,0.00811936032393628,0.02567567176724119,-0.010247908790649553,0.026486629438522112,10,0.00625,0.015095184110613998,-0.004548444200693181,0.01704844420069318,10,0.05588432121429225,0.06907389043675911,0.006471836666874668,0.10529680576170983,10,1.0,0.0,1.0,1.0,10,1.336025764463102,1.1722461186139523,0.4974514079945844,2.1746001209316193,10
{},always_afdm,74,0.8024030254919866,0.5270782618755079,0.42535395086301125,1.179452100120962,10,0.0,0.0,0.0,0.0,10,0.0015625,0.004941058844013093,-0.00197212056695953,0.00509712056695953,10,0.041410297182694136,0.0501598797404409,0.005528080806825111,0.07729251355856316,10,1.0,0.0,1.0,1.0,10,0.7482977431151382,0.5790649675073407,0.3340596195928483,1.1625358666374281,10
{},always_ofdm,75,3.3604528368692295,1.3476007533679764,2.3964373314323577,4.324468342306101,10,0.027265805367333796,0.04439139537497701,-0.004489885880614861,0.05902149661528246,10,0.0109375,0.016552342272990316,-0.0009033323552663612,0.02277833235526636,10,0.08837019298828956,0.08544318301014259,0.02724782195235846,0.14949256402422068,10,1.0,0.0,1.0,1.0,10,5.282466661909006,2.0112261121241852,3.843722173096891,6.721211150721121,10
{},always_otfs,75,1.1300532726390136,0.7954366420081821,0.5610321775022855,1.6990743677757416,10,0.00757206339299461,0.023944966909045635,-0.009557134049053461,0.02470126083504268,10,0.003125,0.006588078458684124,-0.001587827422612707,0.007837827422612707,10,0.05524692544794306,0.06472384281413476,0.008946277508747963,0.10154757338713816,10,1.0,0.0,1.0,1.0,10,1.3288367116052835,1.146874902029259,0.5084118301339522,2.1492615930766146,10
{},always_afdm,75,0.8111705295407405,0.5284310788836176,0.4331537079224754,1.1891873511590056,10,0.00876750404875399,0.027725282188810554,-0.01106596803548716,0.02860097613299514,10,0.00625,0.015095184110613998,-0.004548444200693181,0.01704844420069318,10,0.05926346061437369,0.06853129373748995,0.010239126362944773,0.1082877948658026,10,1.0,0.0,1.0,1.0,10,0.7451252254237503,0.5601694669710441,0.34440412870220655,1.145846322145294,10
{},always_ofdm,76,3.404795113361452,1.3669131006372153,2.426964386934685,4.3826258397882185,10,0.044342276492222624,0.0469660640370993,0.01074477823619302,0.07793977474825223,10,0.0171875,0.021411254990723404,0.001870810876508703,0.0325041891234913,10,0.12485816984936966,0.08418929476927904,0.06463277642587786,0.18508356327286146,10,1.0,0.0,1.0,1.0,10,5.358864404091979,2.0394629432460967,3.899920503133578,6.81780830505038,10
{},always_otfs,76,1.1482338820372744,0.7886010495628445,0.5841026751628404,1.7123650889117084,10,0.01818060939826089,0.038913936745865,-0.009656743992087068,0.04601796278860885,10,0.0078125,0.01518477055949297,-0.0030500304855817263,0.018675030485581726,10,0.07345282415040454,0.07849462454353222,0.017301152400226914,0.12960449590058215,10,1.0,0.0,1.0,1.0,10,1.3538291080892915,1.1268328821259537,0.5477414239657454,2.1599167922128375,10
{},always_afdm,76,0.8267850957382843,0.5427171636796109,0.4385486247016704,1.2150215667748983,10,0.0156145661975437,0.032969616871784645,-0.007970476919477137,0.03919960931456454,10,0.00625,0.01092509216843908,-0.001565340131252025,0.014065340131252026,10,0.07225744293330447,0.07633730899110824,0.01764902176194938,0.12686586410465955,10,1.0,0.0,1.0,1.0,10,0.7689222406906582,0.5650960662457277,0.3646768671549324,1.1731676142263838,10
{},always_ofdm,77,3.4408396723502532,1.3807903679159867,2.4530817469393713,4.428597597761135,10,0.03604455898880117,0.04693143534561716,0.002471832606368657,0.06961728537123368,10,0.0140625,0.018706546870904138,0.0006806425087041521,0.027444357491295847,10,0.10652502671864443,0.08534305238725129,0.04547428481529953,0.16757576862198933,10,1.0,0.0,1.0,1.0,10,5.4087723240723395,2.052949120473801,3.9401809930987173,6.877363655045961,10
{},always_otfs,77,1.1562645285495852,0.7865106903245401,0.5936286745922688,1.7189003825069016,10,0.00803064651231086,0.02539513406258974,-0.010135938017862441,0.02619723104248416,10,0.0078125,0.01983274246318726,-0.006374989285729207,0.02199998928572921,10,0.05744413706576018,0.0707123344831138,0.006859580254707287,0.10802869387681308,10,1.0,0.0,1.0,1.0,10,1.3546561384167677,1.1039672556447426,0.5649255381063059,2.1443867387272295,10
{},always_afdm,77,0.8267850957382843,0.5427171636796109,0.4385486247016704,1.2150215667748983,10,0.0,0.0,0.0,0.0,10,0.003125,0.009882117688026186,-0.00394424113391906,0.01019424113391906,10,0.04142769618606758,0.05280271900385661,0.003654906491696988,0.07920048588043817,10,1.0,0.0,1.0,1.0,10,0.753732830138442,0.5703599382140947,0.3457219094379064,1.1617437508389774,10
{},always_ofdm,78,3.482062907945772,1.4118604685154326,2.472078771501324,4.49204704439022,10,0.04122323559551891,0.054220845160202494,0.0024359795616435906,0.08001049162939422,10,0.0171875,0.027013130166437374,-0.0021365292169229326,0.03651152921692294,10,0.093150046771703,0.09034907011476305,0.028518215515482503,0.15778187802792348,10,1.0,0.0,1.0,1.0,10,5.478456261883151,2.099026726919722,3.9769029969270266,6.980009526839275,10
{},always_otfs,78,1.1741750709733525,0.7937104550624802,0.6063888155892593,1.7419613263574458,10,0.017910542423767127,0.037830851246454626,-0.00915201827480179,0.044973103122336044,10,0.0046875,0.010546071214227388,-0.0028567048741424015,0.0122317048741424,10,0.055856513219405365,0.06755399464426728,0.007531296623529429,0.1041817298152813,10,1.0,0.0,1.0,1.0,10,1.3870465426752827,1.108458157255788,0.5941033448832455,2.17998974046732,10
{},always_afdm,78,0.8357843321543166,0.5398480433016639,0.4496003061941789,1.2219683581144543,10,0.0089992364160324,0.02845808427699301,-0.011358450702712745,0.029356923534777545,10,0.0015625,0.004941058844013093,-0.00197212056695953,0.00509712056695953,10,0.04021137005456603,0.049571481438891236,0.004750068467182365,0.07567267164194968,10,1.0,0.0,1.0,1.0,10,0.7704780912321176,0.552874966466863,0.3749751658219753,1.16598101664226,10
{},always_ofdm,79,3.5092117426899003,1.4330857011688152,2.484043989485646,4.534379495894155,10,0.02714883474412802,0.043974980597150555,-0.004308971316746887,0.05860664080500293,10,0.009375,0.015095184110613996,-0.001423444200693182,0.020173444200693183,10,0.08697609776199998,0.08311456758323647,0.02751951785309715,0.14643267767090282,10,1.0,0.0,1.0,1.0,10,5.5276366480767845,2.132350654284987,4.002244881545264,7.053028414608305,10
{},always_otfs,79,1.1741750709733525,0.7937104550624802,0.6063888155892593,1.7419613263574458,10,0.0,0.0,0.0,0.0,10,0.0015625,0.004941058844013093,-0.00197212056695953,0.00509712056695953,10,0.03961966632453489,0.05056123623498919,0.0034503368085274794,0.0757889958405423,10,1.0,0.0,1.0,1.0,10,1.38887049743145,1.1082111097990561,0.5961040267436928,2.181636968119207,10
{},always_afdm,79,0.8440545499223535,0.5419774244295478,0.45634725646690283,1.2317618433778041,10,0.00827021776803677,0.02615272489259027,-0.01043831459429085,0.02697875013036439,10,0.003125,0.006588078458684124,-0.001587827422612707,0.007837827422612707,10,0.055740274386940084,0.0647007348662052,0.009456156877879617,0.10202439189600054,10,1.0,0.0,1.0,1.0,10,0.7884226540506901,0.5496222696529768,0.39524656776944755,1.1815987403319328,10
{},always_ofdm,80,3.5739053910782324,1.4762538397760807,2.5178570118026085,4.629953770353856,10,0.06469364838833225,0.05804578137081102,0.02317019782123326,0.10621709895543124,10,0.0296875,0.03489971993281449,0.004721744329002228,0.05465325567099777,10,0.13186227944919476,0.09267607549050284,0.06556580882716682,0.1981587500712227,10,1.0,0.0,1.0,1.0,10,5.621446934698467,2.190919943800367,4.054157222433289,7.188736646963645,10
{},always_otfs,80,1.1909559198879982,0.8014824836368851,0.6176098901896657,1.7643019495863306,10,0.016780848914645742,0.03537760510398368,-0.00852676521381733,0.042088463043108815,10,0.003125,0.006588078458684124,-0.001587827422612707,0.007837827422612707,10,0.055414736532503416,0.0651751413114732,0.008791249096575103,0.10203822396843173,10,1.0,0.0,1.0,1.0,10,1.4062332411364404,1.094805044962719,0.6230568915114844,2.1894095907613966,10
{},always_afdm,80,0.8440545499223535,0.5419774244295478,0.45634725646690283,1.2317618433778041,10,0.0,0.0,0.0,0.0,10,0.0,0.0,0.0,0.0,10,0.024807609251379863,0.0016157656511301128,0.02365176013438519,0.025963458368374534,10,1.0,0.0,1.0,1.0,10,0.7751782704745573,0.5581141191262018,0.3759274810280298,1.174429059921085,10
{},always_ofdm,81,3.617133383256852,1.5062656681769395,2.539615835273337,4.694650931240367,10,0.043227992178619515,0.04600726858663923,0.010316374869506727,0.0761396094877323,10,0.0125,0.012325166214790868,0.0036831072307951847,0.021316892769204815,10,0.11832524397945803,0.08348455243855904,0.05860399284918911,0.17804649510972695,10,1.0,0.0,1.0,1.0,10,5.692655766754917,2.241987362904502,4.088834623562594,7.2964769099472395,10
{},always_otfs,81,1.2155954911028644,0.822773553579755,0.6270187474850192,1.8041722347207094,10,0.02463957121486615,0.03990607723209897,-0.00390751672401991,0.05318665915375222,10,0.0078125,0.011048543456039806,-9.115186239035643e-05,0.015716151862390358,10,0.08603819520477624,0.08099790360680273,0.02809578548907203,0.14398060492048043,10,1.0,0.0,1.0,1.0,10,1.4451550244182092,1.1349453042206965,0.6332640631248965,2.257045985711522,10
{},always_afdm,81,0.8525407700619464,0.5558919646273123,0.45487961418237255,1.2502019259415202,10,0.00848622013959283,0.026835784366705397,-0.010710943534743809,0.027683383813929468,10,0.003125,0.006588078458684124,-0.001587827422612707,0.007837827422612707,10,0.05623113513378628,0.06319243763151043,0.01102598846784783,0.10143628179972473,10,1.0,0.0,1.0,1.0,10,0.7842929936853363,0.5756019298504302,0.372532178066615,1.1960538093040576,10
{},always_ofdm,82,3.673360018996854,1.5159297436837529,2.588929207859547,4.7577908301341605,10,0.05622663574000238,0.04878050511426341,0.02133116452891451,0.09112210695109026,10,0.01875,0.01613743060919757,0.007205977568802894,0.030294022431197103,10,0.13895903442678909,0.07831764100125371,0.08293396907582667,0.1949840997777515,10,1.0,0.0,1.0,1.0,10,5.7849555878024805,2.251456786507759,4.174360427039839,7.395550748565122,10
{},always_otfs,82,1.242600119950832,0.846068942449555,0.6373588590272915,1.8478413808743728,10,0.027004628847967636,0.04378122277962569,-0.004314571220051633,0.058323828915986906,10,0.0125,0.017738944131173332,-0.00018967618917617793,0.02518967618917618,10,0.08914347603226108,0.0867002037549063,0.027121886525592658,0.1511650655389295,10,1.0,0.0,1.0,1.0,10,1.4876392870712454,1.178841522406765,0.6443468629517576,2.330931711190733,10
{},always_afdm,82,0.861498790820173,0.5412064261398443,0.4743430363157669,1.248654545324579,10,0.00895802075822657,0.02832774892306449,-0.011306430064991374,0.029222471581444517,10,0.003125,0.006588078458684124,-0.001587827422612707,0.007837827422612707,10,0.05633757249357442,0.06530926463376907,0.009618139012787658,0.10305700597436118,10,1.0,0.0,1.0,1.0,10,0.7939713527996857,0.5417419392651841,0.4064325152828204,1.181510190316551,10
{},always_ofdm,83,3.7132378488797047,1.5517909049773377,2.60315350835427,4.82332218940514,10,0.03987782988285012,0.05229705114275699,0.002466773185053499,0.07728888658064675,10,0.0234375,0.023581732130566187,0.006568145065232348,0.040306854934767655,10,0.12736571936038843,0.0898579440418877,0.06308521853211026,0.19164622018866662,10,1.0,0.0,1.0,1.0,10,5.84787193580785,2.304998814904577,4.198975115270922,7.496768756344779,10
{},always_otfs,83,1.242600119950832,0.846068942449555,0.6373588590272915,1.8478413808743728,10,0.0,0.0,0.0,0.0,10,0.0078125,0.016876928902103804,-0.00426052764199417,0.01988552764199417,10,0.05845655919850751,0.07079627825105275,0.007811952633344804,0.10910116576367021,10,1.0,0.0,1.0,1.0,10,1.481646474914735,1.1709652023937624,0.6439884307103226,2.319304519119147,10
{},always_afdm,83,0.8699411510670305,0.5503040707042469,0.4762773336952517,1.2636049684388093,10,0.00844236024685757,0.0266970872077313,-0.010655585456965983,0.027540305950681125,10,0.00625,0.01092509216843908,-0.001565340131252025,0.014065340131252026,10,0.07380434609482389,0.0772595046450698,0.01853622589373498,0.1290724662959128,10,1.0,0.0,1.0,1.0,10,0.8033263275394917,0.5428152358750746,0.41501969988056736,1.1916329551984162,10
{},always_ofdm,84,3.7222218977851256,1.5598291021761839,2.6063873773818003,4.838056418188451,10,0.00898404890542112,0.02841005715147339,-0.011339281677408794,0.02930737948825103,10,0.0234375,0.02780489128133154,0.003547079001644495,0.0433279209983555,10,0.11148664544004198,0.09295413496340316,0.04499126305379933,0.17798202782628464,10,1.0,0.0,1.0,1.0,10,5.86890849592819,2.3233621656383567,4.206875325626767,7.530941666229614,10
{},always_otfs,84,1.242600119950832,0.846068942449555,0.6373588590272915,1.8478413808743728,10,0.0,0.0,0.0,0.0,10,0.0140625,0.022642776165921,-0.0021351663010397755,0.030260166301039775,10,0.0897072946308772,0.08638074544149393,0.027914231834883695,0.1515003574268707,10,1.0,0.0,1.0,1.0,10,1.4809036842259098,1.166319834101678,0.6465687363100994,2.31523863214172,10
{},always_afdm,84,0.8778678423325232,0.5383007327703155,0.49279069564669403,1.2629449890183524,10,0.00792669126549264,0.025066398707919196,-0.010004730158474561,0.02585811268945984,10,0.0171875,0.022642776165921,0.0009898336989602255,0.03338516630103978,10,0.10872527532410955,0.08897451388591238,0.045076742358866675,0.17237380828935245,10,1.0,0.0,1.0,1.0,10,0.8216015175438989,0.5305079394764839,0.44209899935775177,1.201104035730046,10
{},always_ofdm,85,3.758510069322483,1.5926639709703003,2.6191868987700655,4.897833239874901,10,0.036288171537357326,0.047535902662097236,0.002283035285636552,0.07029330778907811,10,0.0265625,0.032148540337522846,0.0035648196521083086,0.04956018034789169,10,0.12848865728094366,0.09030805911291644,0.06388616352811564,0.19309115103377167,10,1.0,0.0,1.0,1.0,10,5.9263912636195695,2.365563067681226,4.234169386602842,7.618613140636297,10
{},always_otfs,85,1.2505402637706455,0.8529415437438218,0.6403826400491468,1.8606978874921443,10,0.00794014381981344,0.025108939419920064,-0.010021709396269243,0.025901997035896122,10,0.0140625,0.025989531145572186,-0.004529290588384116,0.032654290588384115,10,0.07629264692905678,0.08630875790814373,0.014551080912190414,0.13803421294592316,10,1.0,0.0,1.0,1.0,10,1.486190441565401,1.1789763596422096,0.6428015606983536,2.3295793224324486,10
{},always_afdm,85,0.8873779411192675,0.5499941264693369,0.4939358444964029,1.2808200377421322,10,0.00951009878674429,0.030073572939315875,-0.012003239303139384,0.031023436876627963,10,0.0078125,0.01327869664998121,-0.0016865073510882941,0.017311507351088294,10,0.0747265284057104,0.07776247802917755,0.019098602720771685,0.1303544540906491,10,1.0,0.0,1.0,1.0,10,0.8253221563600436,0.5286458567940057,0.4471516918803286,1.2034926208397585,10
{},always_ofdm,86,3.766696750682302,1.6004640766595855,2.6217937206576156,4.911599780706989,10,0.00818668135981922,0.02588855957507321,-0.010332878518299966,0.026706241237938407,10,0.01875,0.025301995419773165,0.0006500428411799174,0.036849957158820085,10,0.10723418815797714,0.08984286676903434,0.04296447296095808,0.1715039033549962,10,1.0,0.0,1.0,1.0,10,5.935748558790328,2.3749897596221565,4.236783232593031,7.634713884987625,10
{},always_otfs,86,1.2505402637706455,0.8529415437438218,0.6403826400491468,1.8606978874921443,10,0.0,0.0,0.0,0.0,10,0.0203125,0.02950878223794853,-0.0007968111612225437,0.041421811161222545,10,0.09488979234961713,0.09236298436522036,0.02881729362626366,0.1609622910729706,10,1.0,0.0,1.0,1.0,10,1.4832033409278007,1.1771805172838152,0.641099128293897,2.3253075535617045,10
{},always_afdm,86,0.8873779411192675,0.5499941264693369,0.4939358444964029,1.2808200377421322,10,0.0,0.0,0.0,0.0,10,0.0140625,0.022642776165921,-0.0021351663010397755,0.030260166301039775,10,0.0907440561948434,0.08642425708709835,0.028919867042675858,0.15256824534701094,10,1.0,0.0,1.0,1.0,10,0.8181893195676695,0.5233554183281237,0.44380340678022956,1.1925752323551095,10
{},always_ofdm,87,3.784264265725157,1.6045223400551212,2.636458128954154,4.9320704024961595,10,0.01756751504285408,0.037053066131002114,-0.008938651702000946,0.04407368178770911,10,0.0203125,0.026608416196760003,0.0012779857162357328,0.03934701428376427,10,0.1090615868990225,0.09149430166949638,0.043610506341167754,0.17451266745687724,10,1.0,0.0,1.0,1.0,10,5.964194363580665,2.384201583053524,4.258639295874994,7.669749431286336,10
{},always_otfs,87,1.2505402637706455,0.8529415437438218,0.6403826400491468,1.8606978874921443,10,0.0,0.0,0.0,0.0,10,0.0109375,0.020898336091394666,-0.004012269046644548,0.025887269046644547,10,0.0747525874430301,0.08168881181466263,0.016315931769429283,0.1331892431166309,10,1.0,0.0,1.0,1.0,10,1.477340146262145,1.1711661131771414,0.639538379141355,2.3151419133829347,10
{},always_afdm,87,0.8873779411192675,0.5499941264693369,0.4939358444964029,1.2808200377421322,10,0.0,0.0,0.0,0.0,10,0.009375,0.01679637030895531,-0.00264039949604869,0.02139039949604869,10,0.07414434244025495,0.08000380073519217,0.016913071079020195,0.1313756138014897,10,1.0,0.0,1.0,1.0,10,0.8117178798992384,0.5313832570744498,0.43158919722445327,1.1918465625740235,10
{},always_ofdm,88,3.8012718906148577,1.5974129915810964,2.6585514753718265,4.943992305857889,10,0.017007624889701402,0.03597403049833753,-0.008726646263519513,0.04274189604292232,10,0.0125,0.017738944131173336,-0.00018967618917617966,0.025189676189176183,10,0.08981495881868255,0.08550961304261723,0.028645066600255682,0.15098485103710943,10,1.0,0.0,1.0,1.0,10,5.991626087162115,2.385539996621276,4.285113576067684,7.698138598256546,10
{},always_otfs,88,1.2777552220110497,0.8686338871397624,0.6563719720701244,1.899138471951975,10,0.0272149582404043,0.04437181240143803,-0.004526724192183463,0.05895664067299207,10,0.0171875,0.020104436526686233,0.0028056524896307687,0.03156934751036923,10,0.10747997052724997,0.0893021237970928,0.04359707954957395,0.171362861504926,10,1.0,0.0,1.0,1.0,10,1.5224368815521625,1.2150950992254608,0.653210210888642,2.3916635522156833,10
{},always_afdm,88,0.8952735647298287,0.5479024855567942,0.5033277378785992,1.2872193915810581,10,0.00789562361056112,0.024968154156775432,-0.009965517895269664,0.025756765116391904,10,0.0046875,0.007547592055306998,-0.000711722100346591,0.010086722100346592,10,0.07193184517576762,0.07286811978683774,0.019805132459867633,0.1240585578916676,10,1.0,0.0,1.0,1.0,10,0.8212664898377741,0.5211211984288694,0.44847884168476226,1.1940541379907859,10
{},always_ofdm,89,3.8442244946073054,1.5989914833408574,2.7003748943828834,4.9880740948317275,10,0.04295260399244707,0.04543113968260967,0.010453124473571315,0.07545208351132282,10,0.01875,0.014358384116760648,0.008478630763241977,0.02902136923675802,10,0.1519437581115807,0.06716878983558597,0.10389410043581486,0.19999341578734653,10,1.0,0.0,1.0,1.0,10,6.0704289766162685,2.391951725650953,4.359329790881132,7.781528162351405,10
{},always_otfs,89,1.2930990072662438,0.8752117343017476,0.6670102489314566,1.919187765601031,10,0.01534378525519399,0.03245056382601914,-0.007869949680964206,0.03855752019135218,10,0.01875,0.02635231383473649,-0.00010130969045082233,0.03760130969045082,10,0.10799305632893388,0.09085782762724869,0.04299728187268334,0.17298883078518443,10,1.0,0.0,1.0,1.0,10,1.5572890692236698,1.2375158434092797,0.6720235643708564,2.442554574076483,10
{},always_afdm,89,0.8952735647298287,0.5479024855567942,0.5033277378785992,1.2872193915810581,10,0.0,0.0,0.0,0.0,10,0.00625,0.01092509216843908,-0.001565340131252025,0.014065340131252026,10,0.0723463761583086,0.07645734287595368,0.017652087918476736,0.1270406643981405,10,1.0,0.0,1.0,1.0,10,0.8204719973386558,0.5224799775111999,0.44671233718538644,1.1942316574919252,10
{},always_ofdm,90,3.869751470553124,1.613290534785005,2.7156729451290484,5.0238299959771995,10,0.025526975945819146,0.041181706294370984,-0.003932642052242627,0.05498659394388092,10,0.015625,0.024429248749080364,-0.0018506318007616568,0.03310063180076166,10,0.10687878501799393,0.08833912327284713,0.04368478311580745,0.1700727869201804,10,1.0,0.0,1.0,1.0,10,6.117845520973542,2.4197726224593272,4.386844464575746,7.848846577371337,10
{},always_otfs,90,1.3007660603046935,0.8836593675631094,0.6686342291771343,1.9328978914322528,10,0.007667053038449929,0.024245350542816305,-0.009677025910461863,0.02501113198736172,10,0.0078125,0.01518477055949297,-0.0030500304855817263,0.018675030485581726,10,0.07102744527175103,0.07870851521901075,0.01472276534974333,0.12733212519375875,10,1.0,0.0,1.0,1.0,10,1.5688542738346993,1.2568838414049965,0.6697337378604815,2.467974809808917,10
{},always_afdm,90,0.9033023715325476,0.5469374134643205,0.5120469156674459,1.2945578273976492,10,0.00802880680271902,0.02538931639004627,-0.010133616015223532,0.02619122962066157,10,0.009375,0.01679637030895531,-0.00264039949604869,0.02139039949604869,10,0.0748083122871904,0.08028150673222235,0.017378382023145726,0.13223824255123506,10,1.0,0.0,1.0,1.0,10,0.8358180689651247,0.5092634965425389,0.47151290974565035,1.200123228184599,10
{},always_ofdm,91,3.89212202593784,1.6280523984972584,2.727483499361945,5.056760552513735,10,0.022370555384716252,0.047194599395349104,-0.011390427218099866,0.05613153798753237,10,0.0171875,0.02381068635554679,0.00015436107923726475,0.03422063892076274,10,0.09298867456953348,0.08963988223837566,0.02886416575832991,0.15711318338073704,10,1.0,0.0,1.0,1.0,10,6.1564108161904425,2.4496918851738894,4.404006808587705,7.90881482379318,10
{},always_otfs,91,1.3195863600277469,0.9120019862281147,0.6671794409043821,1.9719932791511117,10,0.01882029972305324,0.03968176242660757,-0.009566323070609114,0.0472069225167156,10,0.0109375,0.014823176532039278,0.0003336382991214089,0.02154136170087859,10,0.08728165127633758,0.08471303801823664,0.0266815945027392,0.14788170804993594,10,1.0,0.0,1.0,1.0,10,1.6017125457584058,1.313359834766768,0.6621915179102932,2.5412335736065184,10
{},always_afdm,91,0.9127459534857,0.5473095726059172,0.5212242710085303,1.3042676359628698,10,0.00944358195315228,0.029863228242422723,-0.011919284605170851,0.03080644851147541,10,0.0078125,0.01327869664998121,-0.0016865073510882941,0.017311507351088294,10,0.07215570010087405,0.07791625901570993,0.01641776612520969,0.12789363407653842,10,1.0,0.0,1.0,1.0,10,0.8535503897133674,0.500103062478839,0.49579821026321164,1.211302569163523,10
{},always_ofdm,92,3.925867945677809,1.6291814917931504,2.760421714415193,5.0913141769404255,10,0.03374591973996853,0.043696804618949446,0.002487108786179852,0.0650047306937572,10,0.0296875,0.03163821364268216,0.0070548853775728,0.052320114622427194,10,0.1597143212796524,0.07479688457005301,0.10620785335605228,0.21322078920325255,10,1.0,0.0,1.0,1.0,10,6.218454805498402,2.461432194611559,4.457652286460987,7.9792573245358165,10
{},always_otfs,92,1.3273968670786769,0.9004140382841672,0.6832794665432482,1.9715142676141055,10,0.00781050705093003,0.02469899196174364,-0.009858087419853782,0.02547910152171384,10,0.015625,0.024429248749080364,-0.0018506318007616568,0.03310063180076166,10,0.10627228073787105,0.08758391292562549,0.04361852377304343,0.16892603770269868,10,1.0,0.0,1.0,1.0,10,1.6103144945245813,1.2948370525612187,0.6840438668453263,2.5365851222038365,10
{},always_afdm,92,0.9127459534857,0.5473095726059172,0.5212242710085303,1.3042676359628698,10,0.0,0.0,0.0,0.0,10,0.0140625,0.022642776165921,-0.0021351663010397755,0.030260166301039775,10,0.09286331559596799,0.08786000611322634,0.030012053462693755,0.15571457772924222,10,1.0,0.0,1.0,1.0,10,0.84874337333764,0.502414920887433,0.4893373900092294,1.2081493566660506,10
{},always_ofdm,93,3.9704322177575486,1.6459563396944594,2.792985983201827,5.14787845231327,10,0.044564272079739606,0.04723111120390995,0.010777170502519362,0.07835137365695985,10,0.0265625,0.029508782237948526,0.005453188838777458,0.047671811161222544,10,0.14359605984966564,0.08541554784437605,0.08249345782041376,0.20469866187891753,10,1.0,0.0,1.0,1.0,10,6.305218093849625,2.49489157041157,4.520480179263613,8.089956008435637,10
{},always_otfs,93,1.356092650968303,0.9031047966745988,0.710050397835933,2.002134904100673,10,0.02869578388962595,0.04621206406522274,-0.004362335279406739,0.06175390305865863,10,0.0140625,0.015537951968933646,0.0029473187541081917,0.025177681245891807,10,0.10603585686495942,0.0863135384395696,0.04429087106192326,0.1677808426679956,10,1.0,0.0,1.0,1.0,10,1.6595175798910997,1.302435423023179,0.7278114054276237,2.5912237543545755,10
{},always_afdm,93,0.9209794945042,0.5489610870191411,0.5282763897861913,1.3136825992222088,10,0.00823354101850011,0.026036742826882897,-0.010392022772152945,0.026859104809153163,10,0.0078125,0.01518477055949297,-0.0030500304855817263,0.018675030485581726,10,0.07204569716095362,0.0783694186251109,0.0159835923291893,0.12810780199271793,10,1.0,0.0,1.0,1.0,10,0.8639562990001524,0.496389975650102,0.5088603018554679,1.2190522961448367,10
{},always_ofdm,94,4.018589137279883,1.6692451382515496,2.8244830998441754,5.2126951747155905,10,0.04815691952233407,0.05251199965981615,0.010592097918427225,0.08572174112624092,10,0.0234375,0.02876396098225849,0.002861001867762232,0.04401399813223777,10,0.12701471944067172,0.08770186894462766,0.06427658182304799,0.18975285705829545,10,1.0,0.0,1.0,1.0,10,6.38427584496686,2.5205951439321366,4.581150701554332,8.187400988379387,10
{},always_otfs,94,1.3735515191494343,0.8823838422429965,0.7423321438683808,2.0047708944304876,10,0.01745886818113136,0.03700270974549996,-0.009011275775594092,0.04392901213785681,10,0.0078125,0.01327869664998121,-0.0016865073510882941,0.017311507351088294,10,0.07366886101414984,0.07850830493530911,0.017507402901237985,0.1298303191270617,10,1.0,0.0,1.0,1.0,10,1.685229472581812,1.255350342898286,0.7872059353546924,2.5832530098089315,10
{},always_afdm,94,0.9372203931543058,0.5536437099382525,0.5411675417929716,1.33327324451564,10,0.01624089865010584,0.03424088663338797,-0.008253556070252088,0.04073535337046377,10,0.0046875,0.007547592055306998,-0.000711722100346591,0.010086722100346592,10,0.07145965410471543,0.07364087098188268,0.018780148484829305,0.12413915972460154,10,1.0,0.0,1.0,1.0,10,0.8874589847814305,0.4919337153628995,0.535550804208078,1.2393671653547829,10
{},always_ofdm,95,4.0646577128393195,1.648330925341801,2.8855128020419114,5.243802623636728,10,0.04606857555943753,0.04988530025808266,0.010382781512516176,0.08175436960635889,10,0.025,0.02676090120555235,0.005856404512136433,0.04414359548786357,10,0.1428520515311545,0.08157084531960919,0.0844997840044654,0.20120431905784358,10,1.0,0.0,1.0,1.0,10,6.461602985460982,2.4740427149851043,4.691779443586245,8.231426527335719,10
{},always_otfs,95,1.3735515191494343,0.8823838422429965,0.7423321438683808,2.0047708944304876,10,0.0,0.0,0.0,0.0,10,0.00625,0.015095184110613998,-0.004548444200693181,0.01704844420069318,10,0.0574985213038515,0.06994429150908554,0.007463389338365552,0.10753365326933745,10,1.0,0.0,1.0,1.0,10,1.677203082848632,1.2410325851938795,0.7894218524736274,2.5649843132236363,10
{},always_afdm,95,0.9372203931543058,0.5536437099382525,0.5411675417929716,1.33327324451564,10,0.0,0.0,0.0,0.0,10,0.0046875,0.010546071214227388,-0.0028567048741424015,0.0122317048741424,10,0.05870596399407724,0.06938926518735641,0.009067873940845524,0.10834405404730896,10,1.0,0.0,1.0,1.0,10,0.880640037738476,0.49477727817452927,0.5266976948702125,1.2345823806067395,10
{},always_ofdm,96,4.111947676006131,1.6630232290736318,2.922292524269279,5.3016028277429825,10,0.04728996316681148,0.05000565813581774,0.011518070280862241,0.08306185605276072,10,0.0171875,0.01719538960335331,0.004886659296081107,0.029488340703918897,10,0.1216533114070375,0.08587984619969445,0.06021857034286958,0.1830880524712054,10,1.0,0.0,1.0,1.0,10,6.5366457886637646,2.496311017660911,4.7508924626852505,8.322399114642279,10
{},always_otfs,96,1.3910608636651691,0.9096407101714729,0.740343099675868,2.0417786276544705,10,0.01750934451573478,0.03708409123100483,-0.009019016248666165,0.04403770528013573,10,0.0109375,0.020898336091394666,-0.004012269046644548,0.025887269046644547,10,0.07430555649276352,0.08231814305902033,0.015418704367357199,0.13319240861816983,10,1.0,0.0,1.0,1.0,10,1.7048981311371414,1.2839137702734986,0.7864415488784672,2.6233547133958157,10
{},always_afdm,96,0.9372203931543058,0.5536437099382525,0.5411675417929716,1.33327324451564,10,0.0,0.0,0.0,0.0,10,0.0015625,0.004941058844013093,-0.00197212056695953,0.00509712056695953,10,0.04041212745732559,0.05003297644245942,0.004620692232060318,0.07620356268259088,10,1.0,0.0,1.0,1.0,10,0.8744416569915474,0.49534174409612747,0.5200955195280736,1.2287877944550212,10
{},always_ofdm,97,4.167822620826688,1.6671223637785049,2.975235124770129,5.360410116883247,10,0.055874944820556126,0.048216366311216015,0.02138303419816421,0.09036685544294804,10,0.034375,0.014358384116760648,0.02410363076324198,0.04464636923675802,10,0.19330717605321998,0.00934764429922837,0.18662027414904442,0.19999407795739554,10,1.0,0.0,1.0,1.0,10,6.631274101619101,2.511192585276633,4.834875143474749,8.427673059763453,10
{},always_otfs,97,1.3994904596452271,0.8991922461396306,0.7562470765580751,2.042733842732379,10,0.00842959598005804,0.026656723051982717,-0.010639474946196378,0.027498666906312457,10,0.0125,0.016137430609197572,0.0009559775688028922,0.02404402243119711,10,0.10471132349908799,0.08442997372638615,0.04431375872150355,0.16510888827667242,10,1.0,0.0,1.0,1.0,10,1.7109305915383453,1.2608485562771445,0.8089738694000618,2.612887313676629,10
{},always_afdm,97,0.9372203931543058,0.5536437099382525,0.5411675417929716,1.33327324451564,10,0.0,0.0,0.0,0.0,10,0.0125,0.017738944131173336,-0.00018967618917617966,0.025189676189176183,10,0.09078146510480908,0.0862705334776815,0.02906724319825134,0.15249568701136684,10,1.0,0.0,1.0,1.0,10,0.8665442589984723,0.4950510139868785,0.5124060973264285,1.2206824206705162,10
{},always_ofdm,98,4.232971266557236,1.650515325446088,3.052263730059784,5.413678803054688,10,0.06514864573054836,0.0452997812220186,0.03274313439361643,0.0975541570674803,10,0.01875,0.01613743060919757,0.007205977568802894,0.030294022431197103,10,0.13923988606715249,0.07809424593823124,0.08337462791728689,0.19510514421701808,10,1.0,0.0,1.0,1.0,10,6.744733987216065,2.4796755646989626,4.9708809473981255,8.518587027034005,10
{},always_otfs,98,1.4176890295405244,0.9167737227833346,0.7618686157188261,2.073509443362223,10,0.01819856989529732,0.038437774709219205,-0.009298157693766598,0.04569529748436124,10,0.0046875,0.010546071214227388,-0.0028567048741424015,0.0122317048741424,10,0.055582147647185345,0.06915797942223924,0.006109509463286991,0.1050547858310837,10,1.0,0.0,1.0,1.0,10,1.7407327387153422,1.2904709574077027,0.8175854273563571,2.663880050074327,10
{},always_afdm,98,0.9555706578737964,0.5544261850267923,0.5589580575541113,1.3521832581934814,10,0.01835026471949053,0.038686958025269794,-0.009324717875567247,0.04602524731454831,10,0.00625,0.013176156917368249,-0.003175654845225414,0.015675654845225415,10,0.05861315309075875,0.06724907618712367,0.010506062018963806,0.10672024416255368,10,1.0,0.0,1.0,1.0,10,0.8993774116190429,0.5035866189965912,0.5391332459565125,1.2596215772815733,10
{},always_ofdm,99,4.261534235973466,1.6799251624473215,3.0597881694731903,5.463280302473741,10,0.02856296941622945,0.046884113702263266,-0.004975905101827136,0.06210184393428604,10,0.0296875,0.03642111195218143,0.0036334060412325404,0.05574159395876746,10,0.14446669230589723,0.08647788696552042,0.08260413864983315,0.2063292459619613,10,1.0,0.0,1.0,1.0,10,6.785549413083279,2.5167064421576124,4.985206079340486,8.585892746826072,10
{},always_otfs,99,1.4176890295405244,0.9167737227833346,0.7618686157188261,2.073509443362223,10,0.0,0.0,0.0,0.0,10,0.0125,0.02057126839388698,-0.0022157989105067166,0.027215798910506718,10,0.08883092076083456,0.08541605728873268,0.027727954297043944,0.14993388722462517,10,1.0,0.0,1.0,1.0,10,1.725912393037494,1.2688578350751143,0.8182261779990969,2.633598608075891,10
{},always_afdm,99,0.9651775960167424,0.5578097481255183,0.5661445404675364,1.3642106515659482,10,0.00960693814294598,0.030379805872057568,-0.012125465790215523,0.03133934207610749,10,0.0125,0.01613743060919757,0.0009559775688028956,0.024044022431197104,10,0.10502593224574128,0.0841076467656608,0.04485894628549795,0.1651929182059846,10,1.0,0.0,1.0,1.0,10,0.9007520774261015,0.49885415055043897,0.5438933157488979,1.2576108391033052,10
{},always_ofdm,100,4.3104801681295015,1.7110688505137086,3.0864552492929898,5.534505086966013,10,0.04894593215603672,0.051697022588320096,0.011964110028446738,0.0859277542836267,10,0.0328125,0.04323230410301486,0.001885972698120273,0.06373902730187973,10,0.13478097317377113,0.0960133934367303,0.06609712911143056,0.2034648172361117,10,1.0,0.0,1.0,1.0,10,6.874321512088834,2.5574618438918315,5.044823520259138,8.70381950391853,10
{},always_otfs,100,1.441267810645335,0.9328768160118123,0.773927937874871,2.1086076834157987,10,0.02357878110481041,0.03797138975765788,-0.0035843147883050756,0.0507418769979259,10,0.0125,0.024206145913796356,-0.0048160336467956595,0.02981603364679566,10,0.0889878105966944,0.08736198437742429,0.026492811751458463,0.15148280944193035,10,1.0,0.0,1.0,1.0,10,1.7688913294659705,1.2946991290784164,0.8427193663026361,2.695063292629305,10
{},always_afdm,100,0.9741281532414174,0.562422360046052,0.5717954339002136,1.3764608725826213,10,0.00895055722467508,0.028304147157648698,-0.011297009912659162,0.029198124362009324,10,0.0109375,0.02950878223794853,-0.010171811161222545,0.032046811161222544,10,0.06356504163242899,0.0783214276933599,0.007537267445117568,0.1195928158197404,10,1.0,0.0,1.0,1.0,10,0.9183082448903133,0.49780758126423397,0.5621981537795917,1.2744183360010348,10
{},always_ofdm,101,4.365200042751327,1.7052214465645275,3.145358104711965,5.585041980790688,10,0.05471987462182472,0.06091186856566851,0.01114614878671967,0.09829360045692977,10,0.0328125,0.038590903235088965,0.005206230862451339,0.060418769137548664,10,0.14842780163110797,0.08759002757671133,0.08576967050839837,0.21108593275381757,10,1.0,0.0,1.0,1.0,10,6.944927711152746,2.5572400867140024,5.115588354851663,8.77426706745383,10
{},always_otfs,101,1.4668537527564982,0.9477229104167203,0.7888936238265285,2.144813881686468,10,0.02558594211116314,0.04142261727171748,-0.004046013218271846,0.05521789744059813,10,0.0125,0.016137430609197572,0.0009559775688028922,0.02404402243119711,10,0.10350540851395293,0.08608852864029558,0.04192138502474249,0.16508943200316337,10,1.0,0.0,1.0,1.0,10,1.7945751354127288,1.319895268686687,0.8503789397763717,2.7387713310490858,10
{},always_afdm,101,0.9741281532414174,0.562422360046052,0.5717954339002136,1.3764608725826213,10,0.0,0.0,0.0,0.0,10,0.00625,0.013176156917368249,-0.003175654845225414,0.015675654845225415,10,0.05757687724802012,0.07021424598783538,0.007348631481857992,0.10780512301418224,10,1.0,0.0,1.0,1.0,10,0.8980635195711384,0.4815803912666953,0.5535616608899411,1.2425653782523356,10
{},always_ofdm,102,4.423344597988836,1.6922079750843115,3.212811936643729,5.633877259333944,10,0.05814455523750982,0.050212477596414215,0.022224712622130105,0.09406439785288953,10,0.0203125,0.019557274328665195,0.006322068746680877,0.034302931253319124,10,0.12362301204901176,0.08727036678814958,0.06119355247897349,0.18605247161905003,10,1.0,0.0,1.0,1.0,10,7.037010422203144,2.5199576219228677,5.234341334562666,8.839679509843622,10
{},always_otfs,102,1.5033188111749918,0.9579697479963515,0.8180285362178921,2.1886090861320913,10,0.03646505841849364,0.05916292534437625,-0.005857548805078501,0.07878766564206577,10,0.0203125,0.03458741190809165,-0.00442984396871671,0.045054843968716715,10,0.08150772687562631,0.09325040223473155,0.014800407650820552,0.14821504610043207,10,1.0,0.0,1.0,1.0,10,1.8445425612897413,1.324919395103209,0.8967523221247666,2.792332800454716,10
{},always_afdm,102,0.9829011002337943,0.5682767332199011,0.5763804146124445,1.389421785855144,10,0.00877294699237686,0.027742494287834714,-0.011072837885767779,0.028618731870521497,10,0.0015625,0.004941058844013093,-0.00197212056695953,0.00509712056695953,10,0.04034687648710604,0.04900627900768298,0.005289896362168603,0.07540385661204348,10,1.0,0.0,1.0,1.0,10,0.9068700950596306,0.4811372191965384,0.5626852625793611,1.2510549275398999,10
{},always_ofdm,103,4.482225321761668,1.7178900366936658,3.2533208202842907,5.711129823239045,10,0.05888072377283014,0.052540359418623526,0.02129561481960828,0.096465832726052,10,0.021875,0.024650332429581735,0.004241214461590367,0.03950878553840963,10,0.13977788229638682,0.08125919046854867,0.08164855921968864,0.197907205373085,10,1.0,0.0,1.0,1.0,10,7.129016792368487,2.556126199596592,5.3004742629093355,8.95755932182764,10
{},always_otfs,103,1.5300328948670574,0.9952678938944872,0.8180611336611655,2.2420046560729494,10,0.026714083692065637,0.04335160921451104,-0.004297789345242595,0.05772595672937387,10,0.009375,0.015095184110613996,-0.001423444200693182,0.020173444200693183,10,0.08660047677089257,0.08236330107644466,0.027681320545861005,0.14551963299592413,10,1.0,0.0,1.0,1.0,10,1.88337152592959,1.3805137390533904,0.8958114888859621,2.870931562973218,10
{},always_afdm,103,0.9921787596563275,0.5818933939768413,0.5759173017260002,1.4084402175866548,10,0.009277659422533401,0.02933853513052804,-0.011709864294671354,0.030265183139738156,10,0.0046875,0.010546071214227388,-0.0028567048741424015,0.0122317048741424,10,0.05648740246249022,0.06641829280108971,0.008974618023275045,0.1040001869017054,10,1.0,0.0,1.0,1.0,10,0.9155859853910773,0.5149426793881461,0.5472181835026273,1.2839537872795272,10
{},always_ofdm,104,4.557247100501971,1.7073504354361144,3.3358821755705463,5.778612025433395,10,0.07502177874030336,0.04105550255562696,0.04565244145831367,0.10439111602229305,10,0.0234375,0.01983274246318726,0.009250010714270793,0.03762498928572921,10,0.15448167392426765,0.07048457299567618,0.10406004786617144,0.20490329998236384,10,1.0,0.0,1.0,1.0,10,7.252695922704061,2.5321577204343937,5.441299410339625,9.064092435068497,10
{},always_otfs,104,1.5487989993396456,1.0067819381376661,0.8285905870685404,2.269007411610751,10,0.018766104472588203,0.03964286738675358,-0.009592694485705905,0.04712490343088231,10,0.0046875,0.010546071214227388,-0.0028567048741424015,0.0122317048741424,10,0.05577846093361079,0.06849657477948116,0.006778963128562181,0.10477795873865939,10,1.0,0.0,1.0,1.0,10,1.9083474432745056,1.3936044774182517,0.9114228561370876,2.9052720304119237,10
{},always_afdm,104,1.0002655156110385,0.5861090769374759,0.5809883397613638,1.4195426914607132,10,0.00808675595471069,0.02557256769881523,-0.010206756952491135,0.026380268861912515,10,0.0015625,0.004941058844013093,-0.00197212056695953,0.00509712056695953,10,0.039827638866185594,0.049030088358701276,0.004753626557570119,0.07490165117480108,10,1.0,0.0,1.0,1.0,10,0.9246110806685678,0.5156422773847358,0.5557428165218418,1.2934793448152937,10
{},always_ofdm,105,4.622951300802776,1.722217590939204,3.3909510535098146,5.8549515480957375,10,0.06570420030080609,0.05885972987400078,0.02359848605083143,0.10780991455078076,10,0.0328125,0.03642111195218144,0.00675840604123254,0.05886659395876746,10,0.1320569166303825,0.09564234752147126,0.06363850282596123,0.20047533043480376,10,1.0,0.0,1.0,1.0,10,7.360075850271619,2.5627063550458304,5.526826161169377,9.19332553937386,10
{},always_otfs,105,1.5781529431839876,1.019295684267311,0.848992736199256,2.307313150168719,10,0.029353943844341823,0.048801495435363884,-0.005556542937904179,0.06426443062658782,10,0.0109375,0.024484706819881578,-0.006577804114702095,0.028452804114702093,10,0.07412549574292443,0.08225738686343378,0.01528210598161251,0.13296888550423636,10,1.0,0.0,1.0,1.0,10,1.9577959499546065,1.423489198823224,0.939493120976604,2.976098778932609,10
{},always_afdm,105,1.0081510448177442,0.5912569262646489,0.5851913194008889,1.4311107702345995,10,0.00788552920670591,0.024936232848971382,-0.009952777171139066,0.025723835584550887,10,0.0015625,0.004941058844013093,-0.00197212056695953,0.00509712056695953,10,0.040689549485652524,0.04788414097286253,0.006435298553396078,0.07494380041790896,10,1.0,0.0,1.0,1.0,10,0.940623641091397,0.5206741784059402,0.5681557717989025,1.3130915103838914,10
{},always_ofdm,106,4.671139599936021,1.7381197295483393,3.427763647969031,5.914515551903011,10,0.04818829913324464,0.05163349770926381,0.011251919966589648,0.08512467829989964,10,0.0328125,0.03248430443648474,0.00957462848513297,0.05605037151486703,10,0.14695084145934884,0.08746093518735182,0.0843850574688781,0.20951662544981958,10,1.0,0.0,1.0,1.0,10,7.447103631682222,2.583545953177769,5.598946192138277,9.295261071226168,10
{},always_otfs,106,1.6040304073310054,1.0500154002702498,0.8528946393535712,2.3551661753084394,10,0.02587746414701799,0.042120620740679446,-0.00425381278434276,0.05600874107837874,10,0.0171875,0.022642776165921,0.0009898336989602255,0.03338516630103978,10,0.10701225263265454,0.08880224824143271,0.043486951085854736,0.17053755417945435,10,1.0,0.0,1.0,1.0,10,2.004885142538516,1.4817188467052447,0.9449273328148406,3.0648429522621914,10
{},always_afdm,106,1.0165521387661811,0.5957671791276776,0.5903659728160044,1.4427383047163578,10,0.00840109394843679,0.026566591714117422,-0.010603500902829719,0.027405688799703298,10,0.0078125,0.01327869664998121,-0.0016865073510882941,0.017311507351088294,10,0.07251922759873945,0.07674592567750578,0.017618499658867817,0.12741995553861107,10,1.0,0.0,1.0,1.0,10,0.953219808641391,0.531089851388977,0.5733010157499651,1.3331386015328168,10
{},always_ofdm,107,4.737186766790569,1.7668066817324142,3.4732894054669434,6.001084128114195,10,0.06604716685454758,0.04696983674876585,0.03244696976317301,0.09964736394592213,10,0.0234375,0.01983274246318726,0.009250010714270793,0.03762498928572921,10,0.15540413272905804,0.06804635687115103,0.106726701413933,0.20408156404418307,10,1.0,0.0,1.0,1.0,10,7.548241146402821,2.6335457841269596,5.664315982491123,9.43216631031452,10
{},always_otfs,107,1.6201317410164235,1.0483982945526769,0.8701527807817683,2.370110701251079,10,0.01610133368541819,0.03394878673372117,-0.008184165354474589,0.04038683272531097,10,0.00625,0.01092509216843908,-0.001565340131252025,0.014065340131252026,10,0.07048657760064128,0.07490551357184329,0.01690240117041985,0.1240707540308627,10,1.0,0.0,1.0,1.0,10,2.0211051021307,1.482732909474635,0.9604218756018355,3.081788328659564,10
{},always_afdm,107,1.026823793762954,0.5923837061972472,0.6030580185397855,1.4505895689861226,10,0.01027165499677301,0.0324818251292522,-0.012964442928543155,0.03350775292208917,10,0.00625,0.015095184110614,-0.004548444200693183,0.017048444200693184,10,0.057249293546459454,0.06979073639669328,0.007324008291073117,0.10717457880184579,10,1.0,0.0,1.0,1.0,10,0.956202484179393,0.5338276102845728,0.5743252165550716,1.3380797518037144,10
{},always_ofdm,108,4.796451201191732,1.7765669562738897,3.5255717600705196,6.067330642312944,10,0.05926443440116376,0.05181781798520706,0.022196200452199076,0.09633266835012844,10,0.028125,0.023058274605394433,0.011630104020855528,0.044619895979144474,10,0.1437292222118465,0.08350437800497493,0.08399378872572685,0.20346465569796615,10,1.0,0.0,1.0,1.0,10,7.645166883371405,2.667483892927544,5.7369638589530245,9.553369907789786,10
{},always_otfs,108,1.6395434712075805,1.0269525363517749,0.9049058822060965,2.3741810602090645,10,0.01941173019115706,0.04094262044599165,-0.009876856094142478,0.048700316476456604,10,0.009375,0.01679637030895531,-0.00264039949604869,0.02139039949604869,10,0.07282551902014399,0.07982670489746213,0.015720934389451213,0.12993010365083676,10,1.0,0.0,1.0,1.0,10,2.047127135907579,1.457002182293082,1.0048505627641404,3.089403709051018,10
{},always_afdm,108,1.0351357585607828,0.6047907664090173,0.6024945071321113,1.4677770099894543,10,0.00831196479782853,0.02628474059227914,-0.010491005906970403,0.027114935502627464,10,0.00625,0.015095184110614,-0.004548444200693183,0.017048444200693184,10,0.057634918694242546,0.06906736057259184,0.008227105330252185,0.1070427320582329,10,1.0,0.0,1.0,1.0,10,0.9670339176303708,0.5752894851404623,0.5554966114926647,1.378571223768077,10
{},always_ofdm,109,4.84222270494774,1.7902618574608444,3.5615465216856115,6.122898888209868,10,0.04577150375600737,0.04899973635465438,0.010719203963097439,0.0808238035489173,10,0.021875,0.023524145397158785,0.00504684013266864,0.03870315986733136,10,0.12447148818228992,0.0865964581512926,0.06252411380963249,0.18641886255494736,10,1.0,0.0,1.0,1.0,10,7.729859377333824,2.6905726003943875,5.805139686578693,9.654579068088955,10
{},always_otfs,109,1.659095588392115,1.057951973092331,0.9022823382365256,2.4159088385477046,10,0.019552117184534413,0.04164630675731927,-0.010239855963222796,0.04934409033229162,10,0.0078125,0.01518477055949297,-0.0030500304855817263,0.018675030485581726,10,0.07373043510890603,0.07975482299355252,0.01667727169459058,0.1307835985232215,10,1.0,0.0,1.0,1.0,10,2.0810785767966147,1.5119876414239324,0.9994677757349828,3.1626893778582463,10
{},always_afdm,109,1.0429718494685885,0.6172846023697945,0.6013930462030894,1.4845506527340875,10,0.00783609090780574,0.024779895220802647,-0.009890378268062893,0.025562560083674375,10,0.003125,0.006588078458684124,-0.001587827422612707,0.007837827422612707,10,0.05526058769900964,0.06436106437910688,0.009219455818655381,0.1013017195793639,10,1.0,0.0,1.0,1.0,10,0.9825155111095102,0.6084910459936433,0.5472272391258888,1.4178037830931316,10
{},always_ofdm,110,4.889625120763867,1.7954148639841347,3.6052626986987,6.173987542829034,10,0.04740241581612673,0.050286130840254295,0.011429884844117576,0.0833749467881359,10,0.028125,0.027362344867841035,0.008551157634755304,0.0476988423652447,10,0.14540527198309922,0.08709227037353987,0.08310321491318376,0.20770732905301467,10,1.0,0.0,1.0,1.0,10,7.812614846165191,2.718896429314336,5.867633508788142,9.75759618354224,10
{},always_otfs,110,1.6763497649417842,1.0422832535355182,0.9307452415291554,2.421954288354413,10,0.01725417654966947,0.03643225889848489,-0.00880789145411685,0.043316244553455785,10,0.00625,0.008068715304598786,0.0004779887844014461,0.012022011215598555,10,0.08553454610744841,0.08063796338406466,0.027849622115822863,0.14321947009907396,10,1.0,0.0,1.0,1.0,10,2.1039633197523293,1.494068221279139,1.035171299642582,3.1727553398620767,10
{},always_afdm,110,1.0524465333994273,0.6333573908006043,0.5993699499314591,1.5055231168673955,10,0.00947468393083887,0.029961581331648085,-0.011958540189086911,0.030907908050764654,10,0.0109375,0.020898336091394666,-0.004012269046644548,0.025887269046644547,10,0.07763876153630717,0.08146908976531021,0.019359285548108514,0.13591823752450582,10,1.0,0.0,1.0,1.0,10,0.9975044694940832,0.6450401045599707,0.5360705760576673,1.4589383629304993,10
{},always_ofdm,111,4.939843164180592,1.8036802660172517,3.6495680296902653,6.23011829867092,10,0.0502180434167265,0.054100956127165443,0.011516550830586503,0.08891953600286649,10,0.025,0.024650332429581735,0.0073662144615903695,0.04263378553840963,10,0.1425759100399579,0.08202586455183494,0.0838981413631386,0.20125367871677718,10,1.0,0.0,1.0,1.0,10,7.883907669415168,2.7310005126389125,5.930267592441226,9.837547746389111,10
{},always_otfs,111,1.7004311107848433,1.0573608186154426,0.9440407470668019,2.4568214745028847,10,0.02408134584305868,0.038793461798354655,-0.0036698249615891715,0.05183251664770653,10,0.0140625,0.020104436526686233,-0.0003193475103692323,0.028444347510369235,10,0.10650393056895854,0.08485715277520839,0.04580078030870559,0.16720708082921149,10,1.0,0.0,1.0,1.0,10,2.139184163531309,1.5163131966168264,1.0544790466902068,3.2238892803724113,10
{},always_afdm,111,1.060974777431207,0.6206269533934988,0.617005000278664,1.50494455458375,10,0.00852824403177999,0.026968675582162174,-0.010763984291278839,0.027820472354838817,10,0.0046875,0.007547592055306998,-0.000711722100346591,0.010086722100346592,10,0.07146718073241387,0.07598671603594,0.017109558652729256,0.12582480281209849,10,1.0,0.0,1.0,1.0,10,0.9976885634365183,0.6097744840260102,0.5614821751930352,1.4338949516800015,10
{},always_ofdm,112,5.015020761425042,1.817500406089425,3.714859294292359,6.315182228557725,10,0.07517759724444907,0.04225550937074612,0.04494982680003082,0.10540536768886732,10,0.028125,0.02185018433687816,0.01249431973749595,0.04375568026250405,10,0.17230538814609525,0.05259719836761549,0.13467961905818288,0.20993115723400763,10,1.0,0.0,1.0,1.0,10,8.003186424536961,2.77783308072153,6.016044346559949,9.990328502513973,10
{},always_otfs,112,1.7172198853108405,1.0579304080864709,0.9604220618311208,2.4740177087905604,10,0.01678877452599755,0.035395940576707356,-0.008531956009502965,0.04210950506149806,10,0.0046875,0.007547592055306998,-0.000711722100346591,0.010086722100346592,10,0.07070448473972897,0.07466673657896321,0.017291119080355445,0.1241178503991025,10,1.0,0.0,1.0,1.0,10,2.1568620152467344,1.5286940026532245,1.0633002033057926,3.250423827187676,10
{},always_afdm,112,1.0774002169201051,0.6233631349315074,0.6314730934083099,1.5233273404319003,10,0.016425439488897957,0.03463027517264012,-0.008347567012126706,0.041198445989922616,10,0.0046875,0.007547592055306998,-0.000711722100346591,0.010086722100346592,10,0.06963560293196756,0.07480502066261749,0.016123314798363667,0.12314789106557146,10,1.0,0.0,1.0,1.0,10,1.0142975333441824,0.6325965374421039,0.5617652315806618,1.466829835107703,10
{},always_ofdm,113,5.064437563759701,1.815856120216756,3.7654523478814514,6.3634227796379506,10,0.049416802334658824,0.042595556647864845,0.018945776722191162,0.07988782794712648,10,0.01875,0.02185018433687816,0.0031193197374959486,0.03438068026250405,10,0.15026899777933225,0.06880366612808146,0.10104982005729315,0.19948817550137135,10,1.0,0.0,1.0,1.0,10,8.091520850936178,2.78806251819723,6.097061074216548,10.085980627655807,10
{},always_otfs,113,1.7423465806259686,1.041974405739014,0.9969629936174683,2.487730167634469,10,0.02512669531512795,0.04052358724728598,-0.0038621326776391053,0.054115523307895,10,0.0109375,0.014823176532039278,0.0003336382991214089,0.02154136170087859,10,0.1020975072564269,0.08342500109602202,0.04241885659030271,0.1617761579225511,10,1.0,0.0,1.0,1.0,10,2.1970249511230455,1.5039665784271343,1.1211520728695406,3.2728978293765505,10
{},always_afdm,113,1.086245920633077,0.6224257679502402,0.6409893490647767,1.5315024922013774,10,0.00884570371297188,0.027972571239999463,-0.01116466830181256,0.02885607572775632,10,0.00625,0.01092509216843908,-0.001565340131252025,0.014065340131252026,10,0.07145593556447438,0.07694950895731907,0.01640957291944456,0.1265022982095042,10,1.0,0.0,1.0,1.0,10,1.023818897528541,0.637085891557848,0.5680751052948957,1.479562689762186,10
{},always_ofdm,114,5.118483753178723,1.8114914988541848,3.822620799334213,6.414346707023233,10,0.05404618941902278,0.04714070287404278,0.02032376206493189,0.08776861677311368,10,0.0203125,0.01811721576138134,0.007352224587815058,0.03327277541218494,10,0.13731936494355185,0.07874451948456436,0.08098892912153532,0.19364980076556837,10,1.0,0.0,1.0,1.0,10,8.18094878922496,2.7657426315449243,6.202455697562933,10.159441880886986,10
{},always_otfs,114,1.7590374888007378,1.043919120579985,1.012262736600571,2.5058122410009047,10,0.016690908174769193,0.03520104381857656,-0.008490401618847718,0.041872217968386104,10,0.0078125,0.01518477055949297,-0.0030500304855817263,0.018675030485581726,10,0.0719592614126251,0.07803144252162444,0.016138930120548838,0.12777959270470135,10,1.0,0.0,1.0,1.0,10,2.2210927858809013,1.4932663332286258,1.152874401925918,3.2893111698358846,10
{},always_afdm,114,1.086245920633077,0.6224257679502402,0.6409893490647767,1.5315024922013774,10,0.0,0.0,0.0,0.0,10,0.0078125,0.024705294220065465,-0.00986060283479765,0.02548560283479765,10,0.04415432551353189,0.06428098251872419,-0.00182951925495322,0.09013817028201701,10,1.0,0.0,1.0,1.0,10,1.0200817963873035,0.638384809540981,0.5634088142041116,1.4767547785704953,10
{},always_ofdm,115,5.147478897756228,1.8112431287880786,3.8517936171537475,6.443164178358709,10,0.028995144577504527,0.04716076314805826,-0.004741633032139359,0.06273192218714842,10,0.021875,0.022341261030757516,0.005893024633159431,0.037856975366840566,10,0.12411781777566544,0.08679565690436354,0.06202794519933443,0.18620769035199644,10,1.0,0.0,1.0,1.0,10,8.220061633387374,2.7709778308979875,6.237823505713908,10.20229976106084,10
{},always_otfs,115,1.7590374888007378,1.043919120579985,1.012262736600571,2.5058122410009047,10,0.0,0.0,0.0,0.0,10,0.009375,0.01679637030895531,-0.00264039949604869,0.02139039949604869,10,0.07300630142975803,0.08006556485677963,0.01573084667760339,0.13028175618191268,10,1.0,0.0,1.0,1.0,10,2.2090941136974074,1.4906295718259661,1.1427619552212602,3.2754262721735543,10
{},always_afdm,115,1.086245920633077,0.6224257679502402,0.6409893490647767,1.5315024922013774,10,0.0,0.0,0.0,0.0,10,0.015625,0.03125,-0.006729903312135625,0.037979903312135625,10,0.07896942770538484,0.08683629467234931,0.01685048462108127,0.14108837078968842,10,1.0,0.0,1.0,1.0,10,1.0140462504794365,0.6225219409421353,0.5687208808972144,1.4593716200616587,10
{},always_ofdm,116,5.184099990131189,1.8253605031168636,3.8783157483081903,6.489884231954188,10,0.03662109237496145,0.0477035223191905,0.002496048243959617,0.07074613650596329,10,0.0109375,0.014823176532039278,0.0003336382991214089,0.02154136170087859,10,0.10234770253094583,0.08504458116210056,0.0415104740797513,0.16318493098214035,10,1.0,0.0,1.0,1.0,10,8.28379855157837,2.797156313717814,6.282833465431443,10.284763637725296,10
{},always_otfs,116,1.7861007634206334,1.0631165552298598,1.0255929937664185,2.5466085330748482,10,0.02706327461989557,0.043839868603035105,-0.004297878142906997,0.05842442738269814,10,0.009375,0.015095184110613996,-0.001423444200693182,0.020173444200693183,10,0.08640606750506008,0.08303150596252791,0.027008906300153714,0.14580322870996645,10,1.0,0.0,1.0,1.0,10,2.2568893968625177,1.5307654276695981,1.1618457767308759,3.3519330169941597,10
{},always_afdm,116,1.1232746644917246,0.6539319910522884,0.6554798986457648,1.5910694303376844,10,0.03702874385864764,0.04828899603145348,0.0024848770643038504,0.07157261065299143,10,0.0140625,0.01719538960335331,0.0017616592960811063,0.026363340703918894,10,0.10526270302165441,0.08567755261188603,0.043972674072562404,0.16655273197074644,10,1.0,0.0,1.0,1.0,10,1.080698169161141,0.6774074675943079,0.5961100590494802,1.5652862792728017,10
{},always_ofdm,117,5.222870563912267,1.8396818042577714,3.9068414804153804,6.538899647409153,10,0.03877057378107729,0.051642720383904966,0.0018275971104260574,0.07571355045172852,10,0.0171875,0.024923929404177914,-0.0006420050236445214,0.03501700502364452,10,0.10733927944365151,0.08835472350673697,0.04413411780641689,0.17054444108088612,10,1.0,0.0,1.0,1.0,10,8.330062529645796,2.7932107921048095,6.331919899632458,10.328205159659133,10
{},always_otfs,117,1.7861007634206334,1.0631165552298598,1.0255929937664185,2.5466085330748482,10,0.0,0.0,0.0,0.0,10,0.0046875,0.01482317653203928,-0.005916361700878591,0.015291361700878591,10,0.0406162564478373,0.05583205419531198,0.0006764109037056057,0.080556101991969,10,1.0,0.0,1.0,1.0,10,2.236430351934129,1.504490991972476,1.16018233082937,3.312678373038888,10
{},always_afdm,117,1.1424283349165427,0.6754750800975221,0.6592225715457531,1.6256340982873323,10,0.019153670424818033,0.04042133510668577,-0.009762010793018566,0.048069351642654634,10,0.0078125,0.01327869664998121,-0.0016865073510882941,0.017311507351088294,10,0.07382037035413958,0.07685327877094603,0.018842846637496254,0.1287978940707829,10,1.0,0.0,1.0,1.0,10,1.0934432381390546,0.7158872030695326,0.5813283835145874,1.605558092763522,10
{},always_ofdm,118,5.278293057870617,1.8762906474534962,3.936075585573425,6.6205105301678095,10,0.055422493958349764,0.0488993736223752,0.02044198933907959,0.09040299857761994,10,0.0203125,0.019557274328665195,0.006322068746680877,0.034302931253319124,10,0.13917476032619067,0.07879906892914025,0.08280530218227897,0.19554421847010237,10,1.0,0.0,1.0,1.0,10,8.429176807713876,2.859193104759214,6.383833274670129,10.474520340757623,10
{},always_otfs,118,1.8154929446538794,1.0800815935901873,1.0428491176482475,2.5881367716595114,10,0.029392181233246106,0.047730772744171826,-0.004752356677457242,0.06353671914394945,10,0.0125,0.02057126839388698,-0.0022157989105067166,0.027215798910506718,10,0.09006935064608673,0.08478502963068964,0.02941779417534686,0.15072090711682662,10,1.0,0.0,1.0,1.0,10,2.286439220322108,1.5372081872562997,1.1867867276264963,3.386091713017719,10
{},always_afdm,118,1.1620270574794185,0.6884255801253819,0.6695570644776973,1.6544970504811398,10,0.01959872256287573,0.0417456207300773,-0.010264295521155074,0.04946174064690653,10,0.0078125,0.01518477055949297,-0.0030500304855817263,0.018675030485581726,10,0.07374029582709543,0.07875806825050835,0.017400167801793265,0.1300804238523976,10,1.0,0.0,1.0,1.0,10,1.1271230517080422,0.720572588426337,0.6116564743113682,1.6425896291047162,10
{},always_ofdm,119,5.323883266207203,1.9049441981395694,3.9611682785456415,6.686598253868765,10,0.045590208336586745,0.048362193339415396,0.01099397934249264,0.08018643733068084,10,0.0140625,0.01719538960335331,0.0017616592960811063,0.026363340703918894,10,0.10467098640503228,0.08488483392466582,0.043948034243349254,0.1653939385667153,10,1.0,0.0,1.0,1.0,10,8.503287830724215,2.9108429165737824,6.420996248105919,10.585579413342511,10
{},always_otfs,119,1.8274293856823,1.0939468198963773,1.0448669732854436,2.6099917980791565,10,0.01193644102842065,0.0377463408060919,-0.015065664543006677,0.03893854659984798,10,0.00625,0.01976423537605237,-0.00788848226783812,0.02038848226783812,10,0.043164742407113245,0.05938315803961656,0.0006845902040765323,0.08564489461014996,10,1.0,0.0,1.0,1.0,10,2.2990439993345255,1.549320941330302,1.1907265643615383,3.4073614343075125,10
{},always_afdm,119,1.1620270574794185,0.6884255801253819,0.6695570644776973,1.6544970504811398,10,0.0,0.0,0.0,0.0,10,0.0,0.0,0.0,0.0,10,0.023873003555521022,0.0028091135506870197,0.021863484777331636,0.025882522333710408,10,1.0,0.0,1.0,1.0,10,1.1204360918688683,0.7177018919766351,0.6070230870024848,1.633849096735252,10
