action_index,action,waveform,domain,keep,iterations,construction_work,selection_work,precondition_work,preparation_work,frame_work,total_work,peak_array_bytes_model,reuse_frames,codec_work,discarded_energy,selection_ber,ber,frame_ber_sd,error_count,bit_count,frames,mean_iterations,normal_residual,actual_work_mean,setup_cpu_s,frame_cpu_s,total_cpu_s,array_storage_bytes,n,modulation,snr_db,n_paths,max_doppler_hz,profile,channel_seed,source
0,ofdm:symbol:L4:K2,ofdm,symbol,4,2,2250752.0,212992.0,3200.0,2466944.0,41232.0,2526608.0,570376,1,18432,0.2552207181556982,0.2569580078125,0.256591796875,0.0191349773768415,2102,8192,16,2.0,0.159914126264756,2526608.0,0.0042847000004258,0.0001095518922408,0.0043942518926666,22536,128,qam16,18,8,1876.1541125923209,high_rich,42001,N128_qam16_high_rich_S18_42001_39ee16e8
1,ofdm:symbol:L4:K8,ofdm,symbol,4,8,2250752.0,212992.0,3200.0,2466944.0,121152.0,2606528.0,570376,1,18432,0.2552207181556982,0.2801513671875,0.275390625,0.018224515775746,2256,8192,16,8.0,0.0334482004916378,2606528.0,0.004151200002525,0.0002044206461174,0.0043556206486424,22536,128,qam16,18,8,1876.1541125923209,high_rich,42001,N128_qam16_high_rich_S18_42001_39ee16e8
2,ofdm:symbol:L8:K4,ofdm,symbol,8,4,2250752.0,212992.0,6272.0,2470016.0,104736.0,2593184.0,590856,1,18432,0.0661213400649356,0.1881103515625,0.1873779296875,0.0231697899704986,1535,8192,16,4.0,0.0617571341158001,2593184.0,0.0041563999984646,0.0001720331459761,0.0043284331444407,43016,128,qam16,18,8,1876.1541125923209,high_rich,42001,N128_qam16_high_rich_S18_42001_39ee16e8
3,ofdm:symbol:L8:K16,ofdm,symbol,8,16,2250752.0,212992.0,6272.0,2470016.0,362880.0,2851328.0,590856,1,18432,0.0661213400649356,0.1763916015625,0.2027587890625,0.0327070691943627,1661,8192,16,16.0,0.0077395191445033,2851328.0,0.004218200003379,0.0003523206408896,0.0045705206442686,43016,128,qam16,18,8,1876.1541125923209,high_rich,42001,N128_qam16_high_rich_S18_42001_39ee16e8
4,ofdm:symbol:L16:K8,ofdm,symbol,16,8,2250752.0,212992.0,12416.0,2476160.0,330048.0,2824640.0,631816,1,18432,0.019142215101326,0.123779296875,0.1185302734375,0.026413864452421,971,8192,16,8.0,0.0191046021531723,2824640.0,0.0042656999867176,0.0002253831420272,0.0044910831287449,83976,128,qam16,18,8,1876.1541125923209,high_rich,42001,N128_qam16_high_rich_S18_42001_39ee16e8
5,ofdm:symbol:L32:K16,ofdm,symbol,32,16,2250752.0,212992.0,24704.0,2488448.0,1173888.0,3680768.0,713736,1,18432,0.008070883122995,0.0888671875,0.0859375,0.0203974585452248,704,8192,16,16.0,0.0045725316161791,3680768.0,0.0042982999875675,0.0005164331481534,0.0048147331357209,165896,128,qam16,18,8,1876.1541125923209,high_rich,42001,N128_qam16_high_rich_S18_42001_39ee16e8
6,ofdm:time:L0:K2,ofdm,time,0,2,55296.0,0.0,6272.0,61568.0,61712.0,141712.0,66568,1,18432,0.0,0.223876953125,0.23095703125,0.0219527542969887,1892,8192,16,2.0,0.1319195591172583,141712.0,0.0008192999812308,0.0001160893938173,0.0009353893750482,43016,128,qam16,18,8,1876.1541125923209,high_rich,42001,N128_qam16_high_rich_S18_42001_39ee16e8
7,ofdm:time:L0:K4,ofdm,time,0,4,55296.0,0.0,6272.0,61568.0,104736.0,184736.0,66568,1,18432,0.0,0.154541015625,0.1492919921875,0.0222229666055406,1223,8192,16,4.0,0.0556333331478667,184736.0,0.0008328999829245,0.0001441143943917,0.0009770143773163,43016,128,qam16,18,8,1876.1541125923209,high_rich,42001,N128_qam16_high_rich_S18_42001_39ee16e8
8,ofdm:time:L0:K8,ofdm,time,0,8,55296.0,0.0,6272.0,61568.0,190784.0,270784.0,66568,1,18432,0.0,0.087646484375,0.080078125,0.015770804092333,656,8192,16,8.0,0.0171422647453014,270784.0,0.0008130999922286,0.00021942064301,0.0010325206352387,43016,128,qam16,18,8,1876.1541125923209,high_rich,42001,N128_qam16_high_rich_S18_42001_39ee16e8
9,ofdm:time:L0:K16,ofdm,time,0,16,55296.0,0.0,6272.0,61568.0,362880.0,442880.0,66568,1,18432,0.0,0.0528564453125,0.0501708984375,0.0138972998688308,411,8192,16,16.0,0.0040509216655302,442880.0,0.0008501999982399,0.0004147956382108,0.0012649956364508,43016,128,qam16,18,8,1876.1541125923209,high_rich,42001,N128_qam16_high_rich_S18_42001_39ee16e8
10,ofdm:dense:L128:K0,ofdm,dense,128,0,2250752.0,0.0,0.0,24620629.33333333,403200.0,25042261.33333333,1073152,1,18432,0.0,0.0477294921875,0.04052734375,0.0132946470420977,332,8192,16,0.0,6.283924405642737e-16,25042261.33333333,0.0040981999918585,0.0001633206405709,0.0042615206324295,786432,128,qam16,18,8,1876.1541125923209,high_rich,42001,N128_qam16_high_rich_S18_42001_39ee16e8
11,otfs:symbol:L4:K2,otfs,symbol,4,2,2906112.0,212992.0,3200.0,3122304.0,46352.0,3187088.0,570376,1,18432,0.398006036017231,0.2965087890625,0.2857666015625,0.0193575446141279,2341,8192,16,2.0,0.1981605708025991,3187088.0,0.0089350999915041,0.0003306814403251,0.0092657814318293,22536,128,qam16,18,8,1876.1541125923209,high_rich,42001,N128_qam16_high_rich_S18_42001_39ee16e8
12,otfs:symbol:L4:K8,otfs,symbol,4,8,2906112.0,212992.0,3200.0,3122304.0,126272.0,3267008.0,570376,1,18432,0.398006036017231,0.3463134765625,0.3487548828125,0.0200322304742085,2857,8192,16,8.0,0.0350752070754925,3267008.0,0.0087931999878492,0.0004377064412685,0.0092309064291178,22536,128,qam16,18,8,1876.1541125923209,high_rich,42001,N128_qam16_high_rich_S18_42001_39ee16e8
13,otfs:symbol:L8:K4,otfs,symbol,8,4,2906112.0,212992.0,6272.0,3125376.0,109856.0,3253664.0,590856,1,18432,0.2107569036819848,0.2501220703125,0.2498779296875,0.0245863064622179,2047,8192,16,4.0,0.1027016396531405,3253664.0,0.0087332999828504,0.0001986064359946,0.008931906418845,43016,128,qam16,18,8,1876.1541125923209,high_rich,42001,N128_qam16_high_rich_S18_42001_39ee16e8
14,otfs:symbol:L8:K16,otfs,symbol,8,16,2906112.0,212992.0,6272.0,3125376.0,368000.0,3511808.0,590856,1,18432,0.2107569036819848,0.28857421875,0.293212890625,0.0205325991082308,2402,8192,16,16.0,0.0116087642079165,3511808.0,0.0087235999817494,0.0003784876841812,0.0091020876659306,43016,128,qam16,18,8,1876.1541125923209,high_rich,42001,N128_qam16_high_rich_S18_42001_39ee16e8
15,otfs:symbol:L16:K8,otfs,symbol,16,8,2906112.0,212992.0,12416.0,3131520.0,335168.0,3485120.0,631816,1,18432,0.0751049538785798,0.1776123046875,0.1744384765625,0.0198888966982427,1429,8192,16,8.0,0.0301178901979273,3485120.0,0.008824899996398,0.0002944126870054,0.0091193126834034,83976,128,qam16,18,8,1876.1541125923209,high_rich,42001,N128_qam16_high_rich_S18_42001_39ee16e8
16,otfs:symbol:L32:K16,otfs,symbol,32,16,2906112.0,212992.0,24704.0,3143808.0,1179008.0,4341248.0,713736,1,18432,0.0089127152098095,0.074951171875,0.0699462890625,0.0157097109621405,573,8192,16,16.0,0.0043103848777861,4341248.0,0.0088150999799836,0.0004780876886136,0.0092931876685973,165896,128,qam16,18,8,1876.1541125923209,high_rich,42001,N128_qam16_high_rich_S18_42001_39ee16e8
17,otfs:time:L0:K2,otfs,time,0,2,55296.0,0.0,6272.0,61568.0,66832.0,146832.0,66568,1,18432,0.0,0.2215576171875,0.223876953125,0.017247689944772,1834,8192,16,2.0,0.1315316579914547,146832.0,0.0008037999941734,0.0001511751886275,0.000954975182801,43016,128,qam16,18,8,1876.1541125923209,high_rich,42001,N128_qam16_high_rich_S18_42001_39ee16e8
18,otfs:time:L0:K4,otfs,time,0,4,55296.0,0.0,6272.0,61568.0,109856.0,189856.0,66568,1,18432,0.0,0.142578125,0.1492919921875,0.0221312275830851,1223,8192,16,4.0,0.0559564973377708,189856.0,0.0008092999923974,0.0001844314444745,0.0009937314368719,43016,128,qam16,18,8,1876.1541125923209,high_rich,42001,N128_qam16_high_rich_S18_42001_39ee16e8
19,otfs:time:L0:K8,otfs,time,0,8,55296.0,0.0,6272.0,61568.0,195904.0,275904.0,66568,1,18432,0.0,0.0809326171875,0.080322265625,0.0183894783122756,658,8192,16,8.0,0.0175704629004376,275904.0,0.0008106999885058,0.0002755439379391,0.0010862439264449,43016,128,qam16,18,8,1876.1541125923209,high_rich,42001,N128_qam16_high_rich_S18_42001_39ee16e8
20,otfs:time:L0:K16,otfs,time,0,16,55296.0,0.0,6272.0,61568.0,368000.0,448000.0,66568,1,18432,0.0,0.05029296875,0.0433349609375,0.0121705183090051,355,8192,16,16.0,0.0041678995899648,448000.0,0.0009069999941857,0.0005153814406433,0.001422381434829,43016,128,qam16,18,8,1876.1541125923209,high_rich,42001,N128_qam16_high_rich_S18_42001_39ee16e8
21,otfs:dense:L128:K0,otfs,dense,128,0,2906112.0,0.0,0.0,25275989.33333333,408320.0,25702741.33333333,1073152,1,18432,0.0,0.0447998046875,0.0382080078125,0.01048081040178,313,8192,16,0.0,4.945497799496232e-16,25702741.33333333,0.0093887999973958,0.0002479751853818,0.0096367751827777,786432,128,qam16,18,8,1876.1541125923209,high_rich,42001,N128_qam16_high_rich_S18_42001_39ee16e8
22,afdm:symbol:L4:K2,afdm,symbol,4,2,2657024.0,212992.0,3200.0,2873216.0,44304.0,2935952.0,570376,1,18432,0.2616887660917923,0.2735595703125,0.2767333984375,0.0219668684506832,2267,8192,16,2.0,0.1795905668794186,2935952.0,0.0071045000076992,0.0001617166656918,0.007266216673391,22536,128,qam16,18,8,1876.1541125923209,high_rich,42001,N128_qam16_high_rich_S18_42001_39ee16e8
23,afdm:symbol:L4:K8,afdm,symbol,4,8,2657024.0,212992.0,3200.0,2873216.0,124224.0,3015872.0,570376,1,18432,0.2616887660917923,0.285888671875,0.2890625,0.0221085928159637,2368,8192,16,8.0,0.0368025603721496,3015872.0,0.0062735999963479,0.0002457916683245,0.0065193916646724,22536,128,qam16,18,8,1876.1541125923209,high_rich,42001,N128_qam16_high_rich_S18_42001_39ee16e8
24,afdm:symbol:L8:K4,afdm,symbol,8,4,2657024.0,212992.0,6272.0,2876288.0,107808.0,3002528.0,590856,1,18432,0.0918914048449488,0.19873046875,0.1947021484375,0.0138239082185853,1595,8192,16,4.0,0.0663489193924227,3002528.0,0.0062225000147009,0.0001874791699568,0.0064099791846577,43016,128,qam16,18,8,1876.1541125923209,high_rich,42001,N128_qam16_high_rich_S18_42001_39ee16e8
25,afdm:symbol:L8:K16,afdm,symbol,8,16,2657024.0,212992.0,6272.0,2876288.0,365952.0,3260672.0,590856,1,18432,0.0918914048449488,0.2186279296875,0.224365234375,0.0325328719351313,1838,8192,16,16.0,0.0078332054851165,3260672.0,0.0063108000031206,0.0004168729168062,0.0067276729199268,43016,128,qam16,18,8,1876.1541125923209,high_rich,42001,N128_qam16_high_rich_S18_42001_39ee16e8
26,afdm:symbol:L16:K8,afdm,symbol,16,8,2657024.0,212992.0,12416.0,2882432.0,333120.0,3233984.0,631816,1,18432,0.0293539721040682,0.1243896484375,0.1275634765625,0.0203440103899986,1045,8192,16,8.0,0.0192767753971952,3233984.0,0.0063384999957634,0.0002821541632632,0.0066206541590266,83976,128,qam16,18,8,1876.1541125923209,high_rich,42001,N128_qam16_high_rich_S18_42001_39ee16e8
27,afdm:symbol:L32:K16,afdm,symbol,32,16,2657024.0,212992.0,24704.0,2894720.0,1176960.0,4090112.0,713736,1,18432,0.0089890009293903,0.0980224609375,0.091552734375,0.0256732566927579,750,8192,16,16.0,0.0049020766307378,4090112.0,0.0063550000049872,0.0004935104146473,0.0068485104196345,165896,128,qam16,18,8,1876.1541125923209,high_rich,42001,N128_qam16_high_rich_S18_42001_39ee16e8
28,afdm:time:L0:K2,afdm,time,0,2,68352.0,0.0,6272.0,74624.0,64784.0,157840.0,66568,1,18432,0.0,0.22314453125,0.220703125,0.0168919908675309,1808,8192,16,2.0,0.1343494387396162,157840.0,0.001114900005632,0.0001523604181177,0.0012672604237498,43016,128,qam16,18,8,1876.1541125923209,high_rich,42001,N128_qam16_high_rich_S18_42001_39ee16e8
29,afdm:time:L0:K4,afdm,time,0,4,68352.0,0.0,6272.0,74624.0,107808.0,200864.0,66568,1,18432,0.0,0.1431884765625,0.145751953125,0.0177275908233391,1194,8192,16,4.0,0.0555573626917908,200864.0,0.00109330000123,0.0001915666665202,0.0012848666677503,43016,128,qam16,18,8,1876.1541125923209,high_rich,42001,N128_qam16_high_rich_S18_42001_39ee16e8
30,afdm:time:L0:K8,afdm,time,0,8,68352.0,0.0,6272.0,74624.0,193856.0,286912.0,66568,1,18432,0.0,0.0843505859375,0.0797119140625,0.0153328605800118,653,8192,16,8.0,0.0174362601093019,286912.0,0.0011368999985279,0.0002695604155936,0.0014064604141215,43016,128,qam16,18,8,1876.1541125923209,high_rich,42001,N128_qam16_high_rich_S18_42001_39ee16e8
31,afdm:time:L0:K16,afdm,time,0,16,68352.0,0.0,6272.0,74624.0,365952.0,459008.0,66568,1,18432,0.0,0.0533447265625,0.0487060546875,0.0178931373042716,399,8192,16,16.0,0.0040677500711339,459008.0,0.0011336000025039,0.0003912479144977,0.0015248479170016,43016,128,qam16,18,8,1876.1541125923209,high_rich,42001,N128_qam16_high_rich_S18_42001_39ee16e8
32,afdm:dense:L128:K0,afdm,dense,128,0,2657024.0,0.0,0.0,25026901.33333333,406272.0,25451605.33333333,1073152,1,18432,0.0,0.0482177734375,0.044921875,0.0158030223160924,368,8192,16,0.0,6.359493968641186e-16,25451605.33333333,0.0062308000051416,0.0001938291710151,0.0064246291761567,786432,128,qam16,18,8,1876.1541125923209,high_rich,42001,N128_qam16_high_rich_S18_42001_39ee16e8
0,ofdm:symbol:L4:K2,ofdm,symbol,4,2,2250752.0,212992.0,3200.0,2466944.0,41232.0,2526608.0,570376,1,18432,0.284025104937774,0.25146484375,0.254638671875,0.0190550676041765,2086,8192,16,2.0,0.1971032650839967,2526608.0,0.0043189999996684,0.0001370240510864,0.0044560240507549,22536,128,qam16,18,8,2290.424725165879,high_rich,42002,N128_qam16_high_rich_S18_42002_b191d1b1
1,ofdm:symbol:L4:K8,ofdm,symbol,4,8,2250752.0,212992.0,3200.0,2466944.0,121152.0,2606528.0,570376,1,18432,0.284025104937774,0.2763671875,0.27783203125,0.0311317750637478,2276,8192,16,8.0,0.0325165371604694,2606528.0,0.0045441000111168,0.0002415615540071,0.004785661565124,22536,128,qam16,18,8,2290.424725165879,high_rich,42002,N128_qam16_high_rich_S18_42002_b191d1b1
2,ofdm:symbol:L8:K4,ofdm,symbol,8,4,2250752.0,212992.0,6272.0,2470016.0,104736.0,2593184.0,590856,1,18432,0.088164764153046,0.1668701171875,0.1744384765625,0.0233909993350905,1429,8192,16,4.0,0.0799495649193643,2593184.0,0.004208300015307,0.000153742802881,0.004362042818188,43016,128,qam16,18,8,2290.424725165879,high_rich,42002,N128_qam16_high_rich_S18_42002_b191d1b1
3,ofdm:symbol:L8:K16,ofdm,symbol,8,16,2250752.0,212992.0,6272.0,2470016.0,362880.0,2851328.0,590856,1,18432,0.088164764153046,0.2000732421875,0.2022705078125,0.0369546441806954,1657,8192,16,16.0,0.0050921759959011,2851328.0,0.0041964999982155,0.000375067804684,0.0045715678028996,43016,128,qam16,18,8,2290.424725165879,high_rich,42002,N128_qam16_high_rich_S18_42002_b191d1b1
4,ofdm:symbol:L16:K8,ofdm,symbol,16,8,2250752.0,212992.0,12416.0,2476160.0,330048.0,2824640.0,631816,1,18432,0.0239343673492653,0.112060546875,0.1123046875,0.0271945333335427,920,8192,16,8.0,0.0187564848938476,2824640.0,0.0043267000000923,0.000275811556507,0.0046025115565994,83976,128,qam16,18,8,2290.424725165879,high_rich,42002,N128_qam16_high_rich_S18_42002_b191d1b1
5,ofdm:symbol:L32:K16,ofdm,symbol,32,16,2250752.0,212992.0,24704.0,2488448.0,1173888.0,3680768.0,713736,1,18432,0.0093548207992193,0.099365234375,0.09228515625,0.0220682959071331,756,8192,16,16.0,0.0031148200885144,3680768.0,0.0043330000044079,0.000438899055966,0.0047718990603739,165896,128,qam16,18,8,2290.424725165879,high_rich,42002,N128_qam16_high_rich_S18_42002_b191d1b1
6,ofdm:time:L0:K2,ofdm,time,0,2,55296.0,0.0,6272.0,61568.0,61712.0,141712.0,66568,1,18432,0.0,0.1964111328125,0.2008056640625,0.0278434506909359,1645,8192,16,2.0,0.1687569297304241,141712.0,0.0008186000050045,0.0001185865516659,0.0009371865566704,43016,128,qam16,18,8,2290.424725165879,high_rich,42002,N128_qam16_high_rich_S18_42002_b191d1b1
7,ofdm:time:L0:K4,ofdm,time,0,4,55296.0,0.0,6272.0,61568.0,104736.0,184736.0,66568,1,18432,0.0,0.121826171875,0.1258544921875,0.024310653394117,1031,8192,16,4.0,0.0540182845494765,184736.0,0.000826200004667,0.0001519865549694,0.0009781865596365,43016,128,qam16,18,8,2290.424725165879,high_rich,42002,N128_qam16_high_rich_S18_42002_b191d1b1
8,ofdm:time:L0:K8,ofdm,time,0,8,55296.0,0.0,6272.0,61568.0,190784.0,270784.0,66568,1,18432,0.0,0.0823974609375,0.0838623046875,0.0242949568634267,687,8192,16,8.0,0.0155426611603362,270784.0,0.0008533999935025,0.0002604115511117,0.0011138115446142,43016,128,qam16,18,8,2290.424725165879,high_rich,42002,N128_qam16_high_rich_S18_42002_b191d1b1
9,ofdm:time:L0:K16,ofdm,time,0,16,55296.0,0.0,6272.0,61568.0,362880.0,442880.0,66568,1,18432,0.0,0.0684814453125,0.0694580078125,0.0232191297346906,569,8192,16,16.0,0.0026300612974276,442880.0,0.0008239000017056,0.0003503865541047,0.0011742865558103,43016,128,qam16,18,8,2290.424725165879,high_rich,42002,N128_qam16_high_rich_S18_42002_b191d1b1
10,ofdm:dense:L128:K0,ofdm,dense,128,0,2250752.0,0.0,0.0,24620629.33333333,403200.0,25042261.33333333,1073152,1,18432,0.0,0.0675048828125,0.06884765625,0.0212463136355217,564,8192,16,0.0,6.320420812220155e-16,25042261.33333333,0.0041000000055646,0.0001620178022263,0.0042620178077909,786432,128,qam16,18,8,2290.424725165879,high_rich,42002,N128_qam16_high_rich_S18_42002_b191d1b1
11,otfs:symbol:L4:K2,otfs,symbol,4,2,2906112.0,212992.0,3200.0,3122304.0,46352.0,3187088.0,570376,1,18432,0.4209183717267425,0.26611328125,0.2724609375,0.0195442664959466,2232,8192,16,2.0,0.277042634050303,3187088.0,0.0094838999939383,0.0001603689390707,0.0096442689330091,22536,128,qam16,18,8,2290.424725165879,high_rich,42002,N128_qam16_high_rich_S18_42002_b191d1b1
12,otfs:symbol:L4:K8,otfs,symbol,4,8,2906112.0,212992.0,3200.0,3122304.0,126272.0,3267008.0,570376,1,18432,0.4209183717267425,0.3121337890625,0.3125,0.0183219365618102,2560,8192,16,8.0,0.0386917438606656,3267008.0,0.0082183000049553,0.0002766501886457,0.0084949501936011,22536,128,qam16,18,8,2290.424725165879,high_rich,42002,N128_qam16_high_rich_S18_42002_b191d1b1
13,otfs:symbol:L8:K4,otfs,symbol,8,4,2906112.0,212992.0,6272.0,3125376.0,109856.0,3253664.0,590856,1,18432,0.2691302288869237,0.2508544921875,0.2518310546875,0.0192091771710689,2063,8192,16,4.0,0.1139895152283322,3253664.0,0.0081577000091783,0.000200731439911,0.0083584314490894,43016,128,qam16,18,8,2290.424725165879,high_rich,42002,N128_qam16_high_rich_S18_42002_b191d1b1
14,otfs:symbol:L8:K16,otfs,symbol,8,16,2906112.0,212992.0,6272.0,3125376.0,368000.0,3511808.0,590856,1,18432,0.2691302288869237,0.29638671875,0.3111572265625,0.0234018690748471,2549,8192,16,16.0,0.008008423751725,3511808.0,0.0080378999991808,0.000434881434778,0.0084727814339589,43016,128,qam16,18,8,2290.424725165879,high_rich,42002,N128_qam16_high_rich_S18_42002_b191d1b1
15,otfs:symbol:L16:K8,otfs,symbol,16,8,2906112.0,212992.0,12416.0,3131520.0,335168.0,3485120.0,631816,1,18432,0.1189997144170159,0.1884765625,0.2022705078125,0.0252647999109956,1657,8192,16,8.0,0.0306006907143883,3485120.0,0.0081258999998681,0.0002850501898523,0.0084109501897204,83976,128,qam16,18,8,2290.424725165879,high_rich,42002,N128_qam16_high_rich_S18_42002_b191d1b1
16,otfs:symbol:L32:K16,otfs,symbol,32,16,2906112.0,212992.0,24704.0,3143808.0,1179008.0,4341248.0,713736,1,18432,0.0315288397454224,0.1143798828125,0.1175537109375,0.0239868215831074,963,8192,16,16.0,0.0022891799539301,4341248.0,0.0082483000151114,0.0009920564391381,0.0092403564542495,165896,128,qam16,18,8,2290.424725165879,high_rich,42002,N128_qam16_high_rich_S18_42002_b191d1b1
17,otfs:time:L0:K2,otfs,time,0,2,55296.0,0.0,6272.0,61568.0,66832.0,146832.0,66568,1,18432,0.0,0.19482421875,0.195068359375,0.0169652264556476,1598,8192,16,2.0,0.1698542494698945,146832.0,0.0008655000128783,0.0001583501900699,0.0010238502029482,43016,128,qam16,18,8,2290.424725165879,high_rich,42002,N128_qam16_high_rich_S18_42002_b191d1b1
18,otfs:time:L0:K4,otfs,time,0,4,55296.0,0.0,6272.0,61568.0,109856.0,189856.0,66568,1,18432,0.0,0.117431640625,0.121337890625,0.0182785092986542,994,8192,16,4.0,0.053476226680242,189856.0,0.0008497000089846,0.0002183189428637,0.0010680189518483,43016,128,qam16,18,8,2290.424725165879,high_rich,42002,N128_qam16_high_rich_S18_42002_b191d1b1
19,otfs:time:L0:K8,otfs,time,0,8,55296.0,0.0,6272.0,61568.0,195904.0,275904.0,66568,1,18432,0.0,0.0789794921875,0.0836181640625,0.0220419913005418,685,8192,16,8.0,0.0153612803187753,275904.0,0.000856400016346,0.0002565001870993,0.0011129002034453,43016,128,qam16,18,8,2290.424725165879,high_rich,42002,N128_qam16_high_rich_S18_42002_b191d1b1
20,otfs:time:L0:K16,otfs,time,0,16,55296.0,0.0,6272.0,61568.0,368000.0,448000.0,66568,1,18432,0.0,0.069580078125,0.0682373046875,0.022136972410096,559,8192,16,16.0,0.0024926017635306,448000.0,0.0008495000074617,0.0004598939351512,0.0013093939426129,43016,128,qam16,18,8,2290.424725165879,high_rich,42002,N128_qam16_high_rich_S18_42002_b191d1b1
21,otfs:dense:L128:K0,otfs,dense,128,0,2906112.0,0.0,0.0,25275989.33333333,408320.0,25702741.33333333,1073152,1,18432,0.0,0.0706787109375,0.0687255859375,0.0220073510806483,563,8192,16,0.0,4.82950800478063e-16,25702741.33333333,0.0082118000136688,0.0001897626864251,0.0084015627000939,786432,128,qam16,18,8,2290.424725165879,high_rich,42002,N128_qam16_high_rich_S18_42002_b191d1b1
22,afdm:symbol:L4:K2,afdm,symbol,4,2,2657024.0,212992.0,3200.0,2873216.0,44304.0,2935952.0,570376,1,18432,0.3785577283099213,0.2642822265625,0.261962890625,0.0172329388709211,2146,8192,16,2.0,0.2339145436561757,2935952.0,0.0051543000008678,0.0001172393935341,0.0052715393944019,22536,128,qam16,18,8,2290.424725165879,high_rich,42002,N128_qam16_high_rich_S18_42002_b191d1b1
23,afdm:symbol:L4:K8,afdm,symbol,4,8,2657024.0,212992.0,3200.0,2873216.0,124224.0,3015872.0,570376,1,18432,0.3785577283099213,0.3126220703125,0.3206787109375,0.026409050004872,2627,8192,16,8.0,0.0400701884668843,3015872.0,0.005062900003395,0.000227533148449,0.0052904331518441,22536,128,qam16,18,8,2290.424725165879,high_rich,42002,N128_qam16_high_rich_S18_42002_b191d1b1
24,afdm:symbol:L8:K4,afdm,symbol,8,4,2657024.0,212992.0,6272.0,2876288.0,107808.0,3002528.0,590856,1,18432,0.1883109400352627,0.208251953125,0.2122802734375,0.0200036458824915,1739,8192,16,4.0,0.1124518643030626,3002528.0,0.0052259000076446,0.0001713706464436,0.0053972706540882,43016,128,qam16,18,8,2290.424725165879,high_rich,42002,N128_qam16_high_rich_S18_42002_b191d1b1
25,afdm:symbol:L8:K16,afdm,symbol,8,16,2657024.0,212992.0,6272.0,2876288.0,365952.0,3260672.0,590856,1,18432,0.1883109400352627,0.243896484375,0.25146484375,0.0251086101055453,2060,8192,16,16.0,0.0084144490549023,3260672.0,0.0051287000096635,0.0003626456422573,0.0054913456519209,43016,128,qam16,18,8,2290.424725165879,high_rich,42002,N128_qam16_high_rich_S18_42002_b191d1b1
26,afdm:symbol:L16:K8,afdm,symbol,16,8,2657024.0,212992.0,12416.0,2882432.0,333120.0,3233984.0,631816,1,18432,0.0541759330481759,0.14599609375,0.1485595703125,0.0307203549612253,1217,8192,16,8.0,0.0210183179637089,3233984.0,0.0051355000032344,0.0002543456434288,0.0053898456466633,83976,128,qam16,18,8,2290.424725165879,high_rich,42002,N128_qam16_high_rich_S18_42002_b191d1b1
27,afdm:symbol:L32:K16,afdm,symbol,32,16,2657024.0,212992.0,24704.0,2894720.0,1176960.0,4090112.0,713736,1,18432,0.0134952282441613,0.103759765625,0.096923828125,0.0278950652248697,794,8192,16,16.0,0.0035328513279978,4090112.0,0.0052410000062081,0.000517120645258,0.0057581206514662,165896,128,qam16,18,8,2290.424725165879,high_rich,42002,N128_qam16_high_rich_S18_42002_b191d1b1
28,afdm:time:L0:K2,afdm,time,0,2,68352.0,0.0,6272.0,74624.0,64784.0,157840.0,66568,1,18432,0.0,0.1939697265625,0.20068359375,0.0176647172728047,1644,8192,16,2.0,0.1710218899245159,157840.0,0.0008828999998513,0.0001223643952691,0.0010052643951205,43016,128,qam16,18,8,2290.424725165879,high_rich,42002,N128_qam16_high_rich_S18_42002_b191d1b1
29,afdm:time:L0:K4,afdm,time,0,4,68352.0,0.0,6272.0,74624.0,107808.0,200864.0,66568,1,18432,0.0,0.1226806640625,0.12451171875,0.0185495469852871,1020,8192,16,4.0,0.0550576603216191,200864.0,0.0008739000040804,0.0001631581430267,0.0010370581471072,43016,128,qam16,18,8,2290.424725165879,high_rich,42002,N128_qam16_high_rich_S18_42002_b191d1b1
30,afdm:time:L0:K8,afdm,time,0,8,68352.0,0.0,6272.0,74624.0,193856.0,286912.0,66568,1,18432,0.0,0.0848388671875,0.0810546875,0.0204721291739932,664,8192,16,8.0,0.0156347564383021,286912.0,0.0008892000041669,0.0002307831431828,0.0011199831473497,43016,128,qam16,18,8,2290.424725165879,high_rich,42002,N128_qam16_high_rich_S18_42002_b191d1b1
31,afdm:time:L0:K16,afdm,time,0,16,68352.0,0.0,6272.0,74624.0,365952.0,459008.0,66568,1,18432,0.0,0.072021484375,0.06884765625,0.0185769466264922,564,8192,16,16.0,0.0026574383900075,459008.0,0.0008896000072127,0.0005264206451322,0.0014160206523449,43016,128,qam16,18,8,2290.424725165879,high_rich,42002,N128_qam16_high_rich_S18_42002_b191d1b1
32,afdm:dense:L128:K0,afdm,dense,128,0,2657024.0,0.0,0.0,25026901.33333333,406272.0,25451605.33333333,1073152,1,18432,0.0,0.070068359375,0.06787109375,0.0184808701594096,556,8192,16,0.0,6.305554862215603e-16,25451605.33333333,0.0050046999967889,0.0001645206461255,0.0051692206429145,786432,128,qam16,18,8,2290.424725165879,high_rich,42002,N128_qam16_high_rich_S18_42002_b191d1b1
0,ofdm:symbol:L4:K2,ofdm,symbol,4,2,2250752.0,212992.0,3200.0,2466944.0,41232.0,2526608.0,570376,1,18432,0.2896916253501861,0.2613525390625,0.25390625,0.0230545979292002,2080,8192,16,2.0,0.1732736995448158,2526608.0,0.0044398000027285,0.0001089041693514,0.0045487041720799,22536,128,qam16,18,8,2263.629231145662,high_rich,42003,N128_qam16_high_rich_S18_42003_37e02229
1,ofdm:symbol:L4:K8,ofdm,symbol,4,8,2250752.0,212992.0,3200.0,2466944.0,121152.0,2606528.0,570376,1,18432,0.2896916253501861,0.282470703125,0.275146484375,0.0250820086394475,2254,8192,16,8.0,0.0232265675204774,2606528.0,0.0042395999917062,0.0002018104210175,0.0044414104127237,22536,128,qam16,18,8,2263.629231145662,high_rich,42003,N128_qam16_high_rich_S18_42003_37e02229
2,ofdm:symbol:L8:K4,ofdm,symbol,8,4,2250752.0,212992.0,6272.0,2470016.0,104736.0,2593184.0,590856,1,18432,0.0725879253200071,0.1773681640625,0.177001953125,0.0232618745403053,1450,8192,16,4.0,0.0754249265026053,2593184.0,0.0042937999969581,0.0001641979147417,0.0044579979116998,43016,128,qam16,18,8,2263.629231145662,high_rich,42003,N128_qam16_high_rich_S18_42003_37e02229
3,ofdm:symbol:L8:K16,ofdm,symbol,8,16,2250752.0,212992.0,6272.0,2470016.0,362880.0,2851328.0,590856,1,18432,0.0725879253200071,0.18115234375,0.1776123046875,0.0261793439086114,1455,8192,16,16.0,0.0043619247509571,2851328.0,0.0043044000049121,0.000368310417357,0.0046727104222692,43016,128,qam16,18,8,2263.629231145662,high_rich,42003,N128_qam16_high_rich_S18_42003_37e02229
4,ofdm:symbol:L16:K8,ofdm,symbol,16,8,2250752.0,212992.0,12416.0,2476160.0,330048.0,2824640.0,631816,1,18432,0.0208215865711194,0.125732421875,0.12353515625,0.0215906462584929,1012,8192,16,8.0,0.0194590416591015,2824640.0,0.0043608999985735,0.0002249666636227,0.0045858666621963,83976,128,qam16,18,8,2263.629231145662,high_rich,42003,N128_qam16_high_rich_S18_42003_37e02229
5,ofdm:symbol:L32:K16,ofdm,symbol,32,16,2250752.0,212992.0,24704.0,2488448.0,1173888.0,3680768.0,713736,1,18432,0.0075530938896972,0.1051025390625,0.102294921875,0.0186912463801505,838,8192,16,16.0,0.0034407337944598,3680768.0,0.0044070000003557,0.000433585417809,0.0048405854181648,165896,128,qam16,18,8,2263.629231145662,high_rich,42003,N128_qam16_high_rich_S18_42003_37e02229
6,ofdm:time:L0:K2,ofdm,time,0,2,55296.0,0.0,6272.0,61568.0,61712.0,141712.0,66568,1,18432,0.0,0.2161865234375,0.2152099609375,0.0205244693019961,1763,8192,16,2.0,0.1819417402530684,141712.0,0.0008331999997608,0.0001091291619697,0.0009423291617305,43016,128,qam16,18,8,2263.629231145662,high_rich,42003,N128_qam16_high_rich_S18_42003_37e02229
7,ofdm:time:L0:K4,ofdm,time,0,4,55296.0,0.0,6272.0,61568.0,104736.0,184736.0,66568,1,18432,0.0,0.1422119140625,0.142822265625,0.019749754312653,1170,8192,16,4.0,0.0684853466502068,184736.0,0.0008040000102482,0.0001437729174678,0.000947772927716,43016,128,qam16,18,8,2263.629231145662,high_rich,42003,N128_qam16_high_rich_S18_42003_37e02229
8,ofdm:time:L0:K8,ofdm,time,0,8,55296.0,0.0,6272.0,61568.0,190784.0,270784.0,66568,1,18432,0.0,0.095458984375,0.09912109375,0.0203037340860872,812,8192,16,8.0,0.0191706694982355,270784.0,0.0008147000044118,0.0002099354164921,0.001024635420904,43016,128,qam16,18,8,2263.629231145662,high_rich,42003,N128_qam16_high_rich_S18_42003_37e02229
9,ofdm:time:L0:K16,ofdm,time,0,16,55296.0,0.0,6272.0,61568.0,362880.0,442880.0,66568,1,18432,0.0,0.083740234375,0.086669921875,0.015109918310423,710,8192,16,16.0,0.0034516506693229,442880.0,0.0007898000039858,0.0004223541668717,0.0012121541708576,43016,128,qam16,18,8,2263.629231145662,high_rich,42003,N128_qam16_high_rich_S18_42003_37e02229
10,ofdm:dense:L128:K0,ofdm,dense,128,0,2250752.0,0.0,0.0,24620629.33333333,403200.0,25042261.33333333,1073152,1,18432,0.0,0.0843505859375,0.0823974609375,0.0154649805684568,675,8192,16,0.0,5.483340838296516e-16,25042261.33333333,0.0042697000026237,0.000158541668966,0.0044282416715897,786432,128,qam16,18,8,2263.629231145662,high_rich,42003,N128_qam16_high_rich_S18_42003_37e02229
11,otfs:symbol:L4:K2,otfs,symbol,4,2,2906112.0,212992.0,3200.0,3122304.0,46352.0,3187088.0,570376,1,18432,0.4062609893581185,0.289794921875,0.2996826171875,0.0197509614734568,2455,8192,16,2.0,0.2434578085314198,3187088.0,0.0082040000124834,0.0001635094727548,0.0083675094852382,22536,128,qam16,18,8,2263.629231145662,high_rich,42003,N128_qam16_high_rich_S18_42003_37e02229
12,otfs:symbol:L4:K8,otfs,symbol,4,8,2906112.0,212992.0,3200.0,3122304.0,126272.0,3267008.0,570376,1,18432,0.4062609893581185,0.3272705078125,0.3226318359375,0.0239762170360077,2643,8192,16,8.0,0.0279802071223964,3267008.0,0.0081573000061325,0.0003205844700873,0.0084778844762199,22536,128,qam16,18,8,2263.629231145662,high_rich,42003,N128_qam16_high_rich_S18_42003_37e02229
13,otfs:symbol:L8:K4,otfs,symbol,8,4,2906112.0,212992.0,6272.0,3125376.0,109856.0,3253664.0,590856,1,18432,0.2108627314314708,0.239990234375,0.2418212890625,0.0191793659543226,1981,8192,16,4.0,0.1366382869363781,3253664.0,0.0081771999975899,0.0002020907182172,0.0083792907158071,43016,128,qam16,18,8,2263.629231145662,high_rich,42003,N128_qam16_high_rich_S18_42003_37e02229
14,otfs:symbol:L8:K16,otfs,symbol,8,16,2906112.0,212992.0,6272.0,3125376.0,368000.0,3511808.0,590856,1,18432,0.2108627314314708,0.27783203125,0.28662109375,0.0196027337691445,2348,8192,16,16.0,0.008820172850216,3511808.0,0.0082462000136729,0.0003834657159545,0.0086296657296274,43016,128,qam16,18,8,2263.629231145662,high_rich,42003,N128_qam16_high_rich_S18_42003_37e02229
15,otfs:symbol:L16:K8,otfs,symbol,16,8,2906112.0,212992.0,12416.0,3131520.0,335168.0,3485120.0,631816,1,18432,0.0964119711315394,0.1824951171875,0.1849365234375,0.0187027229216997,1515,8192,16,8.0,0.0347116181876006,3485120.0,0.0082344999973429,0.0002933782184713,0.0085278782158142,83976,128,qam16,18,8,2263.629231145662,high_rich,42003,N128_qam16_high_rich_S18_42003_37e02229
16,otfs:symbol:L32:K16,otfs,symbol,32,16,2906112.0,212992.0,24704.0,3143808.0,1179008.0,4341248.0,713736,1,18432,0.0243346707483087,0.109619140625,0.1180419921875,0.0197380812852691,967,8192,16,16.0,0.0040169125591877,4341248.0,0.0086460000020451,0.0005308657196523,0.0091768657216975,165896,128,qam16,18,8,2263.629231145662,high_rich,42003,N128_qam16_high_rich_S18_42003_37e02229
17,otfs:time:L0:K2,otfs,time,0,2,55296.0,0.0,6272.0,61568.0,66832.0,146832.0,66568,1,18432,0.0,0.2113037109375,0.2210693359375,0.0123159205918361,1811,8192,16,2.0,0.1872902609058468,146832.0,0.0007959000067785,0.0001701907181499,0.0009660907249285,43016,128,qam16,18,8,2263.629231145662,high_rich,42003,N128_qam16_high_rich_S18_42003_37e02229
18,otfs:time:L0:K4,otfs,time,0,4,55296.0,0.0,6272.0,61568.0,109856.0,189856.0,66568,1,18432,0.0,0.1429443359375,0.151611328125,0.0166627243465688,1242,8192,16,4.0,0.0706774426809047,189856.0,0.0007841000187909,0.0001958094704109,0.0009799094892018,43016,128,qam16,18,8,2263.629231145662,high_rich,42003,N128_qam16_high_rich_S18_42003_37e02229
19,otfs:time:L0:K8,otfs,time,0,8,55296.0,0.0,6272.0,61568.0,195904.0,275904.0,66568,1,18432,0.0,0.0941162109375,0.1053466796875,0.0199750203857827,863,8192,16,8.0,0.0201764243476358,275904.0,0.0008094000222627,0.0002577032160347,0.0010671032382974,43016,128,qam16,18,8,2263.629231145662,high_rich,42003,N128_qam16_high_rich_S18_42003_37e02229
20,otfs:time:L0:K16,otfs,time,0,16,55296.0,0.0,6272.0,61568.0,368000.0,448000.0,66568,1,18432,0.0,0.077880859375,0.0906982421875,0.0185833625736206,743,8192,16,16.0,0.003433696922987,448000.0,0.0008013000187929,0.0003879157170972,0.0011892157358901,43016,128,qam16,18,8,2263.629231145662,high_rich,42003,N128_qam16_high_rich_S18_42003_37e02229
21,otfs:dense:L128:K0,otfs,dense,128,0,2906112.0,0.0,0.0,25275989.33333333,408320.0,25702741.33333333,1073152,1,18432,0.0,0.0760498046875,0.085693359375,0.0175690804277521,702,8192,16,0.0,4.726416063644465e-16,25702741.33333333,0.0078952000185381,0.000190628220976,0.0080858282395142,786432,128,qam16,18,8,2263.629231145662,high_rich,42003,N128_qam16_high_rich_S18_42003_37e02229
22,afdm:symbol:L4:K2,afdm,symbol,4,2,2657024.0,212992.0,3200.0,2873216.0,44304.0,2935952.0,570376,1,18432,0.1879261937496679,0.2396240234375,0.2412109375,0.0166340827319492,1976,8192,16,2.0,0.1951660635172153,2935952.0,0.0046767000021645,0.0001157530313955,0.0047924530335601,22536,128,qam16,18,8,2263.629231145662,high_rich,42003,N128_qam16_high_rich_S18_42003_37e02229
23,afdm:symbol:L4:K8,afdm,symbol,4,8,2657024.0,212992.0,3200.0,2873216.0,124224.0,3015872.0,570376,1,18432,0.1879261937496679,0.2520751953125,0.24365234375,0.0208231583225514,1996,8192,16,8.0,0.0235924584860878,3015872.0,0.0046156999887898,0.0002210717811701,0.0048367717699599,22536,128,qam16,18,8,2263.629231145662,high_rich,42003,N128_qam16_high_rich_S18_42003_37e02229
24,afdm:symbol:L8:K4,afdm,symbol,8,4,2657024.0,212992.0,6272.0,2876288.0,107808.0,3002528.0,590856,1,18432,0.0610841043232966,0.1705322265625,0.1734619140625,0.024355071961149,1421,8192,16,4.0,0.0737160914041224,3002528.0,0.0047074000030988,0.000152346778095,0.0048597467811939,43016,128,qam16,18,8,2263.629231145662,high_rich,42003,N128_qam16_high_rich_S18_42003_37e02229
25,afdm:symbol:L8:K16,afdm,symbol,8,16,2657024.0,212992.0,6272.0,2876288.0,365952.0,3260672.0,590856,1,18432,0.0610841043232966,0.172607421875,0.1632080078125,0.0269027755685662,1337,8192,16,16.0,0.0052265463302837,3260672.0,0.0045959000126458,0.000350384278108,0.0049462842907539,43016,128,qam16,18,8,2263.629231145662,high_rich,42003,N128_qam16_high_rich_S18_42003_37e02229
26,afdm:symbol:L16:K8,afdm,symbol,16,8,2657024.0,212992.0,12416.0,2882432.0,333120.0,3233984.0,631816,1,18432,0.0184624772719148,0.1104736328125,0.1173095703125,0.0196800161195187,961,8192,16,8.0,0.0196800343543275,3233984.0,0.0046942000044509,0.0002600092820736,0.0049542092865246,83976,128,qam16,18,8,2263.629231145662,high_rich,42003,N128_qam16_high_rich_S18_42003_37e02229
27,afdm:symbol:L32:K16,afdm,symbol,32,16,2657024.0,212992.0,24704.0,2894720.0,1176960.0,4090112.0,713736,1,18432,0.0076840378594329,0.0989990234375,0.0972900390625,0.0227684312992023,797,8192,16,16.0,0.0039344452467323,4090112.0,0.0047655000089434,0.0004533842820544,0.0052188842909979,165896,128,qam16,18,8,2263.629231145662,high_rich,42003,N128_qam16_high_rich_S18_42003_37e02229
28,afdm:time:L0:K2,afdm,time,0,2,68352.0,0.0,6272.0,74624.0,64784.0,157840.0,66568,1,18432,0.0,0.217041015625,0.2232666015625,0.0158627541235369,1829,8192,16,2.0,0.1865451962003372,157840.0,0.0008412000024691,0.00013260927878,0.0009738092812492,43016,128,qam16,18,8,2263.629231145662,high_rich,42003,N128_qam16_high_rich_S18_42003_37e02229
29,afdm:time:L0:K4,afdm,time,0,4,68352.0,0.0,6272.0,74624.0,107808.0,200864.0,66568,1,18432,0.0,0.135009765625,0.1502685546875,0.0222172440145022,1231,8192,16,4.0,0.0689750136102621,200864.0,0.0008385000110138,0.0001581717797032,0.000996671790717,43016,128,qam16,18,8,2263.629231145662,high_rich,42003,N128_qam16_high_rich_S18_42003_37e02229
30,afdm:time:L0:K8,afdm,time,0,8,68352.0,0.0,6272.0,74624.0,193856.0,286912.0,66568,1,18432,0.0,0.0877685546875,0.094970703125,0.0234469924353705,778,8192,16,8.0,0.0195868065879456,286912.0,0.0009079000155907,0.0002868530291104,0.0011947530447011,43016,128,qam16,18,8,2263.629231145662,high_rich,42003,N128_qam16_high_rich_S18_42003_37e02229
31,afdm:time:L0:K16,afdm,time,0,16,68352.0,0.0,6272.0,74624.0,365952.0,459008.0,66568,1,18432,0.0,0.0792236328125,0.07861328125,0.0217899667965509,644,8192,16,16.0,0.0036301365024429,459008.0,0.0008274000138044,0.0003641280299868,0.0011915280437912,43016,128,qam16,18,8,2263.629231145662,high_rich,42003,N128_qam16_high_rich_S18_42003_37e02229
32,afdm:dense:L128:K0,afdm,dense,128,0,2657024.0,0.0,0.0,25026901.33333333,406272.0,25451605.33333333,1073152,1,18432,0.0,0.0789794921875,0.075927734375,0.02096162080356,622,8192,16,0.0,6.309600838821934e-16,25451605.33333333,0.0044424999941838,0.0001646155287468,0.0046071155229307,786432,128,qam16,18,8,2263.629231145662,high_rich,42003,N128_qam16_high_rich_S18_42003_37e02229
0,ofdm:symbol:L4:K2,ofdm,symbol,4,2,2250752.0,212992.0,3200.0,2466944.0,41232.0,2526608.0,570376,1,18432,0.2552207181556982,0.27587890625,0.27490234375,0.0201528683371261,2252,8192,16,2.0,0.1410053175601252,2526608.0,0.0043283999839331,0.0001204089001365,0.0044488088840697,22536,128,qam16,8,8,1876.1541125923209,high_rich,42001,N128_qam16_high_rich_S8_42001_176b671e
1,ofdm:symbol:L4:K8,ofdm,symbol,4,8,2250752.0,212992.0,3200.0,2466944.0,121152.0,2606528.0,570376,1,18432,0.2552207181556982,0.2733154296875,0.2716064453125,0.0240212540293299,2225,8192,16,8.0,0.0084059806509975,2606528.0,0.0042674999858718,0.0002204401505767,0.0044879401364486,22536,128,qam16,8,8,1876.1541125923209,high_rich,42001,N128_qam16_high_rich_S8_42001_176b671e
2,ofdm:symbol:L8:K4,ofdm,symbol,8,4,2250752.0,212992.0,6272.0,2470016.0,104736.0,2593184.0,590856,1,18432,0.0661213400649356,0.22216796875,0.227783203125,0.0206929883793135,1866,8192,16,4.0,0.0498299052979902,2593184.0,0.0041916000045603,0.0003731964004945,0.0045647964050548,43016,128,qam16,8,8,1876.1541125923209,high_rich,42001,N128_qam16_high_rich_S8_42001_176b671e
3,ofdm:symbol:L8:K16,ofdm,symbol,8,16,2250752.0,212992.0,6272.0,2470016.0,362880.0,2851328.0,590856,1,18432,0.0661213400649356,0.2174072265625,0.223388671875,0.0205944351136354,1830,8192,16,16.0,0.0004731517238144,2851328.0,0.005323799981852,0.0005806026509052,0.0059044026327573,43016,128,qam16,8,8,1876.1541125923209,high_rich,42001,N128_qam16_high_rich_S8_42001_176b671e
4,ofdm:symbol:L16:K8,ofdm,symbol,16,8,2250752.0,212992.0,12416.0,2476160.0,330048.0,2824640.0,631816,1,18432,0.019142215101326,0.1966552734375,0.19580078125,0.0242428895154288,1604,8192,16,8.0,0.0086632412248181,2824640.0,0.0042412999900989,0.0002235964027821,0.004464896392881,83976,128,qam16,8,8,1876.1541125923209,high_rich,42001,N128_qam16_high_rich_S8_42001_176b671e
5,ofdm:symbol:L32:K16,ofdm,symbol,32,16,2250752.0,212992.0,24704.0,2488448.0,1173888.0,3680768.0,713736,1,18432,0.008070883122995,0.1884765625,0.1851806640625,0.0250854937699193,1517,8192,16,16.0,0.0004158078590078,3680768.0,0.004388099987409,0.0004514901563997,0.0048395901438087,165896,128,qam16,8,8,1876.1541125923209,high_rich,42001,N128_qam16_high_rich_S8_42001_176b671e
6,ofdm:time:L0:K2,ofdm,time,0,2,55296.0,0.0,6272.0,61568.0,61712.0,141712.0,66568,1,18432,0.0,0.2427978515625,0.25048828125,0.0237340184030705,2052,8192,16,2.0,0.126686877741579,141712.0,0.0008196999988285,0.0001098526534295,0.0009295526522581,43016,128,qam16,8,8,1876.1541125923209,high_rich,42001,N128_qam16_high_rich_S8_42001_176b671e
7,ofdm:time:L0:K4,ofdm,time,0,4,55296.0,0.0,6272.0,61568.0,104736.0,184736.0,66568,1,18432,0.0,0.2021484375,0.202392578125,0.0272587499540237,1658,8192,16,4.0,0.0468271061656843,184736.0,0.0007979000074556,0.0001450839024872,0.0009429839099428,43016,128,qam16,8,8,1876.1541125923209,high_rich,42001,N128_qam16_high_rich_S8_42001_176b671e
8,ofdm:time:L0:K8,ofdm,time,0,8,55296.0,0.0,6272.0,61568.0,190784.0,270784.0,66568,1,18432,0.0,0.188232421875,0.1832275390625,0.0261574776747618,1501,8192,16,8.0,0.0088790584589154,270784.0,0.0008225000055972,0.0002475901517644,0.0010700901573617,43016,128,qam16,8,8,1876.1541125923209,high_rich,42001,N128_qam16_high_rich_S8_42001_176b671e
9,ofdm:time:L0:K16,ofdm,time,0,16,55296.0,0.0,6272.0,61568.0,362880.0,442880.0,66568,1,18432,0.0,0.186279296875,0.18212890625,0.0266131945780855,1492,8192,16,16.0,0.0004016817544846,442880.0,0.0008029000018723,0.0003499714000898,0.0011528714019622,43016,128,qam16,8,8,1876.1541125923209,high_rich,42001,N128_qam16_high_rich_S8_42001_176b671e
10,ofdm:dense:L128:K0,ofdm,dense,128,0,2250752.0,0.0,0.0,24620629.33333333,403200.0,25042261.33333333,1073152,1,18432,0.0,0.186279296875,0.1822509765625,0.0267867254641571,1493,8192,16,0.0,5.49827785739602e-16,25042261.33333333,0.0041206999885616,0.0001534089022133,0.0042741088907749,786432,128,qam16,8,8,1876.1541125923209,high_rich,42001,N128_qam16_high_rich_S8_42001_176b671e
11,otfs:symbol:L4:K2,otfs,symbol,4,2,2906112.0,212992.0,3200.0,3122304.0,46352.0,3187088.0,570376,1,18432,0.398006036017231,0.307373046875,0.3028564453125,0.0215784958925628,2481,8192,16,2.0,0.1658707417634338,3187088.0,0.0077873999980511,0.000138574429057,0.0079259744271081,22536,128,qam16,8,8,1876.1541125923209,high_rich,42001,N128_qam16_high_rich_S8_42001_176b671e
12,otfs:symbol:L4:K8,otfs,symbol,4,8,2906112.0,212992.0,3200.0,3122304.0,126272.0,3267008.0,570376,1,18432,0.398006036017231,0.32275390625,0.318115234375,0.0210584557156717,2606,8192,16,8.0,0.0067919937847724,3267008.0,0.0075998999964213,0.0002315244328752,0.0078314244292965,22536,128,qam16,8,8,1876.1541125923209,high_rich,42001,N128_qam16_high_rich_S8_42001_176b671e
13,otfs:symbol:L8:K4,otfs,symbol,8,4,2906112.0,212992.0,6272.0,3125376.0,109856.0,3253664.0,590856,1,18432,0.2107569036819848,0.2696533203125,0.2720947265625,0.0269759371873117,2229,8192,16,4.0,0.0774452676388371,3253664.0,0.0077402999886544,0.0002170494336138,0.0079573494222682,43016,128,qam16,8,8,1876.1541125923209,high_rich,42001,N128_qam16_high_rich_S8_42001_176b671e
14,otfs:symbol:L8:K16,otfs,symbol,8,16,2906112.0,212992.0,6272.0,3125376.0,368000.0,3511808.0,590856,1,18432,0.2107569036819848,0.2740478515625,0.2725830078125,0.0220967272560454,2233,8192,16,16.0,0.000681825568572,3511808.0,0.0078848999983165,0.0006657244303465,0.0085506244286631,43016,128,qam16,8,8,1876.1541125923209,high_rich,42001,N128_qam16_high_rich_S8_42001_176b671e
15,otfs:symbol:L16:K8,otfs,symbol,16,8,2906112.0,212992.0,12416.0,3131520.0,335168.0,3485120.0,631816,1,18432,0.0751049538785798,0.2120361328125,0.2113037109375,0.0189928225964616,1731,8192,16,8.0,0.0118793524709893,3485120.0,0.0077209000010043,0.0003123494316792,0.0080332494326836,83976,128,qam16,8,8,1876.1541125923209,high_rich,42001,N128_qam16_high_rich_S8_42001_176b671e
16,otfs:symbol:L32:K16,otfs,symbol,32,16,2906112.0,212992.0,24704.0,3143808.0,1179008.0,4341248.0,713736,1,18432,0.0089127152098095,0.1876220703125,0.183349609375,0.0225738781869606,1502,8192,16,16.0,0.0003499874135036,4341248.0,0.0078527999867219,0.000505693179603,0.008358493166325,165896,128,qam16,8,8,1876.1541125923209,high_rich,42001,N128_qam16_high_rich_S8_42001_176b671e
17,otfs:time:L0:K2,otfs,time,0,2,55296.0,0.0,6272.0,61568.0,66832.0,146832.0,66568,1,18432,0.0,0.2357177734375,0.2425537109375,0.0241558612037154,1987,8192,16,2.0,0.1259850277813859,146832.0,0.0007779000006848,0.0001414681810825,0.0009193681817674,43016,128,qam16,8,8,1876.1541125923209,high_rich,42001,N128_qam16_high_rich_S8_42001_176b671e
18,otfs:time:L0:K4,otfs,time,0,4,55296.0,0.0,6272.0,61568.0,109856.0,189856.0,66568,1,18432,0.0,0.195556640625,0.201171875,0.0238249229405889,1648,8192,16,4.0,0.0476409295429416,189856.0,0.0007553999894298,0.0001915556832142,0.000946955672644,43016,128,qam16,8,8,1876.1541125923209,high_rich,42001,N128_qam16_high_rich_S8_42001_176b671e
19,otfs:time:L0:K8,otfs,time,0,8,55296.0,0.0,6272.0,61568.0,195904.0,275904.0,66568,1,18432,0.0,0.18212890625,0.1798095703125,0.0214958391525143,1473,8192,16,8.0,0.0089664118302878,275904.0,0.0007617999945068,0.0002592744349936,0.0010210744295005,43016,128,qam16,8,8,1876.1541125923209,high_rich,42001,N128_qam16_high_rich_S8_42001_176b671e
20,otfs:time:L0:K16,otfs,time,0,16,55296.0,0.0,6272.0,61568.0,368000.0,448000.0,66568,1,18432,0.0,0.1806640625,0.1790771484375,0.0189190344763998,1467,8192,16,16.0,0.0003965236576272,448000.0,0.0008043999987421,0.0003938556783947,0.0011982556771368,43016,128,qam16,8,8,1876.1541125923209,high_rich,42001,N128_qam16_high_rich_S8_42001_176b671e
21,otfs:dense:L128:K0,otfs,dense,128,0,2906112.0,0.0,0.0,25275989.33333333,408320.0,25702741.33333333,1073152,1,18432,0.0,0.18115234375,0.179443359375,0.0185135234171242,1470,8192,16,0.0,4.449432971616983e-16,25702741.33333333,0.0074700000113807,0.0001831119334934,0.0076531119448742,786432,128,qam16,8,8,1876.1541125923209,high_rich,42001,N128_qam16_high_rich_S8_42001_176b671e
22,afdm:symbol:L4:K2,afdm,symbol,4,2,2657024.0,212992.0,3200.0,2873216.0,44304.0,2935952.0,570376,1,18432,0.2616887660917923,0.2921142578125,0.287109375,0.018597469865997,2352,8192,16,2.0,0.1585500263254734,2935952.0,0.0049136999878101,0.0001248393925903,0.0050385393804004,22536,128,qam16,8,8,1876.1541125923209,high_rich,42001,N128_qam16_high_rich_S8_42001_176b671e
23,afdm:symbol:L4:K8,afdm,symbol,4,8,2657024.0,212992.0,3200.0,2873216.0,124224.0,3015872.0,570376,1,18432,0.2616887660917923,0.2867431640625,0.2845458984375,0.0216520299134601,2331,8192,16,8.0,0.0106479322887645,3015872.0,0.0046184999955585,0.0002105831479253,0.0048290831434838,22536,128,qam16,8,8,1876.1541125923209,high_rich,42001,N128_qam16_high_rich_S8_42001_176b671e
24,afdm:symbol:L8:K4,afdm,symbol,8,4,2657024.0,212992.0,6272.0,2876288.0,107808.0,3002528.0,590856,1,18432,0.0918914048449488,0.22998046875,0.232421875,0.0138841408985065,1904,8192,16,4.0,0.0525697960774821,3002528.0,0.0046307999873533,0.0001521393940107,0.0047829393813641,43016,128,qam16,8,8,1876.1541125923209,high_rich,42001,N128_qam16_high_rich_S8_42001_176b671e
25,afdm:symbol:L8:K16,afdm,symbol,8,16,2657024.0,212992.0,6272.0,2876288.0,365952.0,3260672.0,590856,1,18432,0.0918914048449488,0.22705078125,0.22509765625,0.0167938466262261,1844,8192,16,16.0,0.0004430547708222,3260672.0,0.0046198999916668,0.0003466206442295,0.0049665206358964,43016,128,qam16,8,8,1876.1541125923209,high_rich,42001,N128_qam16_high_rich_S8_42001_176b671e
26,afdm:symbol:L16:K8,afdm,symbol,16,8,2657024.0,212992.0,12416.0,2882432.0,333120.0,3233984.0,631816,1,18432,0.0293539721040682,0.1976318359375,0.1976318359375,0.0140700708425365,1619,8192,16,8.0,0.0082330009739881,3233984.0,0.0047040999925229,0.000313195645283,0.005017295637806,83976,128,qam16,8,8,1876.1541125923209,high_rich,42001,N128_qam16_high_rich_S8_42001_176b671e
27,afdm:symbol:L32:K16,afdm,symbol,32,16,2657024.0,212992.0,24704.0,2894720.0,1176960.0,4090112.0,713736,1,18432,0.0089890009293903,0.1868896484375,0.185546875,0.0158832819603926,1520,8192,16,16.0,0.0003445801304158,4090112.0,0.004847799995332,0.00049575189292,0.005343551888252,165896,128,qam16,8,8,1876.1541125923209,high_rich,42001,N128_qam16_high_rich_S8_42001_176b671e
28,afdm:time:L0:K2,afdm,time,0,2,68352.0,0.0,6272.0,74624.0,64784.0,157840.0,66568,1,18432,0.0,0.242919921875,0.2427978515625,0.01602227297872,1989,8192,16,2.0,0.1283163091577279,157840.0,0.0008701999904587,0.0001259206490045,0.0009961206394633,43016,128,qam16,8,8,1876.1541125923209,high_rich,42001,N128_qam16_high_rich_S8_42001_176b671e
29,afdm:time:L0:K4,afdm,time,0,4,68352.0,0.0,6272.0,74624.0,107808.0,200864.0,66568,1,18432,0.0,0.1986083984375,0.1978759765625,0.015522429450316,1621,8192,16,4.0,0.0467119012365939,200864.0,0.0008399000071221,0.0001728706436166,0.0010127706507387,43016,128,qam16,8,8,1876.1541125923209,high_rich,42001,N128_qam16_high_rich_S8_42001_176b671e
30,afdm:time:L0:K8,afdm,time,0,8,68352.0,0.0,6272.0,74624.0,193856.0,286912.0,66568,1,18432,0.0,0.1795654296875,0.1785888671875,0.0156570106671812,1463,8192,16,8.0,0.0089411897513542,286912.0,0.000865199996042,0.0002803956456387,0.0011455956416808,43016,128,qam16,8,8,1876.1541125923209,high_rich,42001,N128_qam16_high_rich_S8_42001_176b671e
31,afdm:time:L0:K16,afdm,time,0,16,68352.0,0.0,6272.0,74624.0,365952.0,459008.0,66568,1,18432,0.0,0.1812744140625,0.17529296875,0.0148145958213161,1436,8192,16,16.0,0.0004034437213892,459008.0,0.0008743999933358,0.0003717081415357,0.0012461081348715,43016,128,qam16,8,8,1876.1541125923209,high_rich,42001,N128_qam16_high_rich_S8_42001_176b671e
32,afdm:dense:L128:K0,afdm,dense,128,0,2657024.0,0.0,0.0,25026901.33333333,406272.0,25451605.33333333,1073152,1,18432,0.0,0.1810302734375,0.17529296875,0.0147802231628887,1436,8192,16,0.0,5.401512347362944e-16,25451605.33333333,0.0044948999857297,0.0001619143938638,0.0046568143795935,786432,128,qam16,8,8,1876.1541125923209,high_rich,42001,N128_qam16_high_rich_S8_42001_176b671e
0,ofdm:symbol:L4:K2,ofdm,symbol,4,2,2250752.0,212992.0,3200.0,2466944.0,41232.0,2526608.0,570376,1,18432,0.284025104937774,0.2918701171875,0.2987060546875,0.0187807466817177,2447,8192,16,2.0,0.1443873451862971,2526608.0,0.0042089000053238,0.0001090676118882,0.004317967617212,22536,128,qam16,8,8,2290.424725165879,high_rich,42002,N128_qam16_high_rich_S8_42002_ca6b93ec
1,ofdm:symbol:L4:K8,ofdm,symbol,4,8,2250752.0,212992.0,3200.0,2466944.0,121152.0,2606528.0,570376,1,18432,0.284025104937774,0.2852783203125,0.2933349609375,0.021575549318843,2403,8192,16,8.0,0.0028383534803824,2606528.0,0.0040570000128354,0.0002182488646984,0.0042752488775339,22536,128,qam16,8,8,2290.424725165879,high_rich,42002,N128_qam16_high_rich_S8_42002_ca6b93ec
2,ofdm:symbol:L8:K4,ofdm,symbol,8,4,2250752.0,212992.0,6272.0,2470016.0,104736.0,2593184.0,590856,1,18432,0.088164764153046,0.246826171875,0.245849609375,0.0135855721030985,2014,8192,16,4.0,0.0442804067782857,2593184.0,0.0042175000126007,0.0001446238597826,0.0043621238723834,43016,128,qam16,8,8,2290.424725165879,high_rich,42002,N128_qam16_high_rich_S8_42002_ca6b93ec
3,ofdm:symbol:L8:K16,ofdm,symbol,8,16,2250752.0,212992.0,6272.0,2470016.0,362880.0,2851328.0,590856,1,18432,0.088164764153046,0.247314453125,0.244384765625,0.017247689944772,2002,8192,16,16.0,3.817318795120434e-05,2851328.0,0.0041300000011688,0.0004651863596198,0.0045951863607886,43016,128,qam16,8,8,2290.424725165879,high_rich,42002,N128_qam16_high_rich_S8_42002_ca6b93ec
4,ofdm:symbol:L16:K8,ofdm,symbol,16,8,2250752.0,212992.0,12416.0,2476160.0,330048.0,2824640.0,631816,1,18432,0.0239343673492653,0.228515625,0.2301025390625,0.0152996523150663,1885,8192,16,8.0,0.0032420495547278,2824640.0,0.0042117000120924,0.000247217613364,0.0044589176254565,83976,128,qam16,8,8,2290.424725165879,high_rich,42002,N128_qam16_high_rich_S8_42002_ca6b93ec
5,ofdm:symbol:L32:K16,ofdm,symbol,32,16,2250752.0,212992.0,24704.0,2488448.0,1173888.0,3680768.0,713736,1,18432,0.0093548207992193,0.2236328125,0.2242431640625,0.0168500664261622,1837,8192,16,16.0,3.4734820302237374e-05,3680768.0,0.0044646000023931,0.0006057613604615,0.0050703613628546,165896,128,qam16,8,8,2290.424725165879,high_rich,42002,N128_qam16_high_rich_S8_42002_ca6b93ec
6,ofdm:time:L0:K2,ofdm,time,0,2,55296.0,0.0,6272.0,61568.0,61712.0,141712.0,66568,1,18432,0.0,0.2525634765625,0.25634765625,0.0168995168161634,2100,8192,16,2.0,0.1465761001927835,141712.0,0.0008258000016212,0.0001140488652571,0.0009398488668783,43016,128,qam16,8,8,2290.424725165879,high_rich,42002,N128_qam16_high_rich_S8_42002_ca6b93ec
7,ofdm:time:L0:K4,ofdm,time,0,4,55296.0,0.0,6272.0,61568.0,104736.0,184736.0,66568,1,18432,0.0,0.2237548828125,0.231201171875,0.0138635191744282,1894,8192,16,4.0,0.0345201177334204,184736.0,0.0008281000045826,0.0001650051167278,0.0009931051213105,43016,128,qam16,8,8,2290.424725165879,high_rich,42002,N128_qam16_high_rich_S8_42002_ca6b93ec
8,ofdm:time:L0:K8,ofdm,time,0,8,55296.0,0.0,6272.0,61568.0,190784.0,270784.0,66568,1,18432,0.0,0.2203369140625,0.226318359375,0.0156229653623196,1854,8192,16,8.0,0.0036644688240731,270784.0,0.0008252000116044,0.0002209988638104,0.0010461988754148,43016,128,qam16,8,8,2290.424725165879,high_rich,42002,N128_qam16_high_rich_S8_42002_ca6b93ec
9,ofdm:time:L0:K16,ofdm,time,0,16,55296.0,0.0,6272.0,61568.0,362880.0,442880.0,66568,1,18432,0.0,0.220458984375,0.2265625,0.0161689183086201,1856,8192,16,16.0,3.735779972383108e-05,442880.0,0.0008660000166855,0.0004916051152439,0.0013576051319294,43016,128,qam16,8,8,2290.424725165879,high_rich,42002,N128_qam16_high_rich_S8_42002_ca6b93ec
10,ofdm:dense:L128:K0,ofdm,dense,128,0,2250752.0,0.0,0.0,24620629.33333333,403200.0,25042261.33333333,1073152,1,18432,0.0,0.2203369140625,0.2265625,0.0161689183086201,1856,8192,16,0.0,5.131985637852191e-16,25042261.33333333,0.0040543000068282,0.0001518488656846,0.0042061488725129,786432,128,qam16,8,8,2290.424725165879,high_rich,42002,N128_qam16_high_rich_S8_42002_ca6b93ec
11,otfs:symbol:L4:K2,otfs,symbol,4,2,2906112.0,212992.0,3200.0,3122304.0,46352.0,3187088.0,570376,1,18432,0.4209183717267425,0.30517578125,0.3135986328125,0.0124749250044062,2569,8192,16,2.0,0.1777351568106008,3187088.0,0.0079492999939247,0.0001395793522974,0.0080888793462222,22536,128,qam16,8,8,2290.424725165879,high_rich,42002,N128_qam16_high_rich_S8_42002_ca6b93ec
12,otfs:symbol:L4:K8,otfs,symbol,4,8,2906112.0,212992.0,3200.0,3122304.0,126272.0,3267008.0,570376,1,18432,0.4209183717267425,0.293701171875,0.2996826171875,0.0156244913654192,2455,8192,16,8.0,0.0018072528257428,3267008.0,0.007890299995779,0.0002888793559109,0.0081791793516899,22536,128,qam16,8,8,2290.424725165879,high_rich,42002,N128_qam16_high_rich_S8_42002_ca6b93ec
13,otfs:symbol:L8:K4,otfs,symbol,8,4,2906112.0,212992.0,6272.0,3125376.0,109856.0,3253664.0,590856,1,18432,0.2691302288869237,0.2823486328125,0.2899169921875,0.0204219899406593,2375,8192,16,4.0,0.0499509231709786,3253664.0,0.0078995999938342,0.0002014668587876,0.0081010668526218,43016,128,qam16,8,8,2290.424725165879,high_rich,42002,N128_qam16_high_rich_S8_42002_ca6b93ec
14,otfs:symbol:L8:K16,otfs,symbol,8,16,2906112.0,212992.0,6272.0,3125376.0,368000.0,3511808.0,590856,1,18432,0.2691302288869237,0.2838134765625,0.2908935546875,0.0189559644399839,2383,8192,16,16.0,3.434506998270393e-05,3511808.0,0.0079168999945977,0.0003783106047635,0.0082952105993613,43016,128,qam16,8,8,2290.424725165879,high_rich,42002,N128_qam16_high_rich_S8_42002_ca6b93ec
15,otfs:symbol:L16:K8,otfs,symbol,16,8,2906112.0,212992.0,12416.0,3131520.0,335168.0,3485120.0,631816,1,18432,0.1189997144170159,0.247314453125,0.247802734375,0.015508599633676,2030,8192,16,8.0,0.0051191564470372,3485120.0,0.0079040999989956,0.0002885918591787,0.0081926918581743,83976,128,qam16,8,8,2290.424725165879,high_rich,42002,N128_qam16_high_rich_S8_42002_ca6b93ec
16,otfs:symbol:L32:K16,otfs,symbol,32,16,2906112.0,212992.0,24704.0,3143808.0,1179008.0,4341248.0,713736,1,18432,0.0315288397454224,0.2255859375,0.2332763671875,0.0142808701612848,1911,8192,16,16.0,3.0347597362724752e-05,4341248.0,0.0079182000044966,0.0006244856047928,0.0085426856092894,165896,128,qam16,8,8,2290.424725165879,high_rich,42002,N128_qam16_high_rich_S8_42002_ca6b93ec
17,otfs:time:L0:K2,otfs,time,0,2,55296.0,0.0,6272.0,61568.0,66832.0,146832.0,66568,1,18432,0.0,0.25,0.249755859375,0.0096970246775831,2046,8192,16,2.0,0.1460807584537839,146832.0,0.0008135999960359,0.0001991106063073,0.0010127106023432,43016,128,qam16,8,8,2290.424725165879,high_rich,42002,N128_qam16_high_rich_S8_42002_ca6b93ec
18,otfs:time:L0:K4,otfs,time,0,4,55296.0,0.0,6272.0,61568.0,109856.0,189856.0,66568,1,18432,0.0,0.22265625,0.2281494140625,0.0108210587043388,1869,8192,16,4.0,0.0345347999094237,189856.0,0.000879300001543,0.0001919856057142,0.0010712856072573,43016,128,qam16,8,8,2290.424725165879,high_rich,42002,N128_qam16_high_rich_S8_42002_ca6b93ec
19,otfs:time:L0:K8,otfs,time,0,8,55296.0,0.0,6272.0,61568.0,195904.0,275904.0,66568,1,18432,0.0,0.218505859375,0.2259521484375,0.0112474396229225,1851,8192,16,8.0,0.0037125267474272,275904.0,0.0009128000092459,0.000405204350362,0.001318004359608,43016,128,qam16,8,8,2290.424725165879,high_rich,42002,N128_qam16_high_rich_S8_42002_ca6b93ec
20,otfs:time:L0:K16,otfs,time,0,16,55296.0,0.0,6272.0,61568.0,368000.0,448000.0,66568,1,18432,0.0,0.2188720703125,0.2265625,0.0115878101360869,1856,8192,16,16.0,3.672634120044278e-05,448000.0,0.0007963999960338,0.0004050543510388,0.0012014543470727,43016,128,qam16,8,8,2290.424725165879,high_rich,42002,N128_qam16_high_rich_S8_42002_ca6b93ec
21,otfs:dense:L128:K0,otfs,dense,128,0,2906112.0,0.0,0.0,25275989.33333333,408320.0,25702741.33333333,1073152,1,18432,0.0,0.2188720703125,0.2265625,0.0115878101360869,1856,8192,16,0.0,3.9677659518747357e-16,25702741.33333333,0.0076392999908421,0.0002414543540439,0.007880754344886,786432,128,qam16,8,8,2290.424725165879,high_rich,42002,N128_qam16_high_rich_S8_42002_ca6b93ec
22,afdm:symbol:L4:K2,afdm,symbol,4,2,2657024.0,212992.0,3200.0,2873216.0,44304.0,2935952.0,570376,1,18432,0.3785577283099213,0.309814453125,0.305908203125,0.015736499954781,2506,8192,16,2.0,0.1639487274211712,2935952.0,0.0125543000031029,0.0002905825764779,0.0128448825795809,22536,128,qam16,8,8,2290.424725165879,high_rich,42002,N128_qam16_high_rich_S8_42002_ca6b93ec
23,afdm:symbol:L4:K8,afdm,symbol,4,8,2657024.0,212992.0,3200.0,2873216.0,124224.0,3015872.0,570376,1,18432,0.3785577283099213,0.3035888671875,0.304931640625,0.0156229653623196,2498,8192,16,8.0,0.002881591944433,3015872.0,0.0121632000082172,0.0002524950738613,0.0124156950820785,22536,128,qam16,8,8,2290.424725165879,high_rich,42002,N128_qam16_high_rich_S8_42002_ca6b93ec
24,afdm:symbol:L8:K4,afdm,symbol,8,4,2657024.0,212992.0,6272.0,2876288.0,107808.0,3002528.0,590856,1,18432,0.1883109400352627,0.2650146484375,0.270263671875,0.0179556536286784,2214,8192,16,4.0,0.0610543554232945,3002528.0,0.0122162000043317,0.0002127325757707,0.0124289325801025,43016,128,qam16,8,8,2290.424725165879,high_rich,42002,N128_qam16_high_rich_S8_42002_ca6b93ec
25,afdm:symbol:L8:K16,afdm,symbol,8,16,2657024.0,212992.0,6272.0,2876288.0,365952.0,3260672.0,590856,1,18432,0.1883109400352627,0.260986328125,0.2703857421875,0.0208166691572657,2215,8192,16,16.0,8.359008013454573e-05,3260672.0,0.01219380000839,0.0003814950775146,0.0125752950859047,43016,128,qam16,8,8,2290.424725165879,high_rich,42002,N128_qam16_high_rich_S8_42002_ca6b93ec
26,afdm:symbol:L16:K8,afdm,symbol,16,8,2657024.0,212992.0,12416.0,2882432.0,333120.0,3233984.0,631816,1,18432,0.0541759330481759,0.235595703125,0.2393798828125,0.0198665073891896,1961,8192,16,8.0,0.0035535409661691,3233984.0,0.0122050000063609,0.0002674888243442,0.0124724888307052,83976,128,qam16,8,8,2290.424725165879,high_rich,42002,N128_qam16_high_rich_S8_42002_ca6b93ec
27,afdm:symbol:L32:K16,afdm,symbol,32,16,2657024.0,212992.0,24704.0,2894720.0,1176960.0,4090112.0,713736,1,18432,0.0134952282441613,0.228759765625,0.2265625,0.0169220745794632,1856,8192,16,16.0,3.798768600555749e-05,4090112.0,0.0123000000166939,0.0004799325758237,0.0127799325925176,165896,128,qam16,8,8,2290.424725165879,high_rich,42002,N128_qam16_high_rich_S8_42002_ca6b93ec
28,afdm:time:L0:K2,afdm,time,0,2,68352.0,0.0,6272.0,74624.0,64784.0,157840.0,66568,1,18432,0.0,0.2491455078125,0.252197265625,0.0192410075003599,2066,8192,16,2.0,0.1477179962526851,157840.0,0.0019107000116491,0.0001505638244149,0.0020612638360641,43016,128,qam16,8,8,2290.424725165879,high_rich,42002,N128_qam16_high_rich_S8_42002_ca6b93ec
29,afdm:time:L0:K4,afdm,time,0,4,68352.0,0.0,6272.0,74624.0,107808.0,200864.0,66568,1,18432,0.0,0.2275390625,0.22802734375,0.0131019608056628,1868,8192,16,4.0,0.0352815980871187,200864.0,0.0018908000056399,0.0001821700740644,0.0020729700797043,43016,128,qam16,8,8,2290.424725165879,high_rich,42002,N128_qam16_high_rich_S8_42002_ca6b93ec
30,afdm:time:L0:K8,afdm,time,0,8,68352.0,0.0,6272.0,74624.0,193856.0,286912.0,66568,1,18432,0.0,0.2274169921875,0.2222900390625,0.0150144168660157,1821,8192,16,8.0,0.0037329047686387,286912.0,0.0018956999992951,0.0002675513266391,0.0021632513259343,43016,128,qam16,8,8,2290.424725165879,high_rich,42002,N128_qam16_high_rich_S8_42002_ca6b93ec
31,afdm:time:L0:K16,afdm,time,0,16,68352.0,0.0,6272.0,74624.0,365952.0,459008.0,66568,1,18432,0.0,0.22802734375,0.22216796875,0.0150022377888058,1820,8192,16,16.0,3.742451289114504e-05,459008.0,0.001905600001919,0.0003827013239667,0.0022883013258857,43016,128,qam16,8,8,2290.424725165879,high_rich,42002,N128_qam16_high_rich_S8_42002_ca6b93ec
32,afdm:dense:L128:K0,afdm,dense,128,0,2657024.0,0.0,0.0,25026901.33333333,406272.0,25451605.33333333,1073152,1,18432,0.0,0.22802734375,0.22216796875,0.0150022377888058,1820,8192,16,0.0,5.178770681084685e-16,25451605.33333333,0.0120117000187747,0.0001905200721618,0.0122022200909365,786432,128,qam16,8,8,2290.424725165879,high_rich,42002,N128_qam16_high_rich_S8_42002_ca6b93ec
0,ofdm:symbol:L4:K2,ofdm,symbol,4,2,2250752.0,212992.0,3200.0,2466944.0,41232.0,2526608.0,570376,1,18432,0.2896916253501861,0.2919921875,0.29052734375,0.0184395412888365,2380,8192,16,2.0,0.1372961146894486,2526608.0,0.0042656000005081,0.0001294882573402,0.0043950882578483,22536,128,qam16,8,8,2263.629231145662,high_rich,42003,N128_qam16_high_rich_S8_42003_4a611f70
1,ofdm:symbol:L4:K8,ofdm,symbol,4,8,2250752.0,212992.0,3200.0,2466944.0,121152.0,2606528.0,570376,1,18432,0.2896916253501861,0.2928466796875,0.286865234375,0.0240889815556682,2350,8192,16,8.0,0.0039819147918135,2606528.0,0.0042338000057497,0.000224194507251,0.0044579945130008,22536,128,qam16,8,8,2263.629231145662,high_rich,42003,N128_qam16_high_rich_S8_42003_4a611f70
2,ofdm:symbol:L8:K4,ofdm,symbol,8,4,2250752.0,212992.0,6272.0,2470016.0,104736.0,2593184.0,590856,1,18432,0.0725879253200071,0.2373046875,0.2388916015625,0.0195925957168889,1957,8192,16,4.0,0.0523604586218091,2593184.0,0.0043681999959517,0.0001572070092207,0.0045254070051724,43016,128,qam16,8,8,2263.629231145662,high_rich,42003,N128_qam16_high_rich_S8_42003_4a611f70
3,ofdm:symbol:L8:K16,ofdm,symbol,8,16,2250752.0,212992.0,6272.0,2470016.0,362880.0,2851328.0,590856,1,18432,0.0725879253200071,0.234375,0.2381591796875,0.0213890968521819,1951,8192,16,16.0,0.0001709787371631,2851328.0,0.0041524000116623,0.0003532757578851,0.0045056757695475,43016,128,qam16,8,8,2263.629231145662,high_rich,42003,N128_qam16_high_rich_S8_42003_4a611f70
4,ofdm:symbol:L16:K8,ofdm,symbol,16,8,2250752.0,212992.0,12416.0,2476160.0,330048.0,2824640.0,631816,1,18432,0.0208215865711194,0.2213134765625,0.2205810546875,0.0175342152672263,1807,8192,16,8.0,0.0065324814316324,2824640.0,0.0042147999920416,0.0002321507596262,0.0044469507516678,83976,128,qam16,8,8,2263.629231145662,high_rich,42003,N128_qam16_high_rich_S8_42003_4a611f70
5,ofdm:symbol:L32:K16,ofdm,symbol,32,16,2250752.0,212992.0,24704.0,2488448.0,1173888.0,3680768.0,713736,1,18432,0.0075530938896972,0.2144775390625,0.2144775390625,0.0182275680567649,1757,8192,16,16.0,0.0001403646894634,3680768.0,0.0042897999956039,0.0004783695108981,0.0047681695065021,165896,128,qam16,8,8,2263.629231145662,high_rich,42003,N128_qam16_high_rich_S8_42003_4a611f70
6,ofdm:time:L0:K2,ofdm,time,0,2,55296.0,0.0,6272.0,61568.0,61712.0,141712.0,66568,1,18432,0.0,0.2513427734375,0.251708984375,0.0209251921808615,2062,8192,16,2.0,0.1651320323909874,141712.0,0.0007788999937474,0.0001239695071545,0.0009028695009019,43016,128,qam16,8,8,2263.629231145662,high_rich,42003,N128_qam16_high_rich_S8_42003_4a611f70
7,ofdm:time:L0:K4,ofdm,time,0,4,55296.0,0.0,6272.0,61568.0,104736.0,184736.0,66568,1,18432,0.0,0.219482421875,0.2197265625,0.0189496746481524,1800,8192,16,4.0,0.0526191678292285,184736.0,0.0007707999902777,0.0001545632627367,0.0009253632530144,43016,128,qam16,8,8,2263.629231145662,high_rich,42003,N128_qam16_high_rich_S8_42003_4a611f70
8,ofdm:time:L0:K8,ofdm,time,0,8,55296.0,0.0,6272.0,61568.0,190784.0,270784.0,66568,1,18432,0.0,0.2138671875,0.214599609375,0.0196723419449148,1758,8192,16,8.0,0.0073060633392852,270784.0,0.0007698999979766,0.0002733132601916,0.0010432132581682,43016,128,qam16,8,8,2263.629231145662,high_rich,42003,N128_qam16_high_rich_S8_42003_4a611f70
9,ofdm:time:L0:K16,ofdm,time,0,16,55296.0,0.0,6272.0,61568.0,362880.0,442880.0,66568,1,18432,0.0,0.21240234375,0.213623046875,0.0158972857383786,1750,8192,16,16.0,0.0001956653891399,442880.0,0.0007922999939182,0.0003737320090349,0.0011660320029532,43016,128,qam16,8,8,2263.629231145662,high_rich,42003,N128_qam16_high_rich_S8_42003_4a611f70
10,ofdm:dense:L128:K0,ofdm,dense,128,0,2250752.0,0.0,0.0,24620629.33333333,403200.0,25042261.33333333,1073152,1,18432,0.0,0.2122802734375,0.213623046875,0.0162454138911106,1750,8192,16,0.0,4.806505741010811e-16,25042261.33333333,0.0039897999959066,0.0003434445085131,0.0043332445044198,786432,128,qam16,8,8,2263.629231145662,high_rich,42003,N128_qam16_high_rich_S8_42003_4a611f70
11,otfs:symbol:L4:K2,otfs,symbol,4,2,2906112.0,212992.0,3200.0,3122304.0,46352.0,3187088.0,570376,1,18432,0.4062609893581185,0.313720703125,0.32177734375,0.0199754182430399,2636,8192,16,2.0,0.1836665399424216,3187088.0,0.0128158000152325,0.0001397073842643,0.0129555073994968,22536,128,qam16,8,8,2263.629231145662,high_rich,42003,N128_qam16_high_rich_S8_42003_4a611f70
12,otfs:symbol:L4:K8,otfs,symbol,4,8,2906112.0,212992.0,3200.0,3122304.0,126272.0,3267008.0,570376,1,18432,0.4062609893581185,0.32177734375,0.323974609375,0.0218758719134268,2654,8192,16,8.0,0.0035467257644393,3267008.0,0.0126041000185068,0.0002350448817058,0.0128391449002127,22536,128,qam16,8,8,2263.629231145662,high_rich,42003,N128_qam16_high_rich_S8_42003_4a611f70
13,otfs:symbol:L8:K4,otfs,symbol,8,4,2906112.0,212992.0,6272.0,3125376.0,109856.0,3253664.0,590856,1,18432,0.2108627314314708,0.2708740234375,0.278076171875,0.018759153039354,2278,8192,16,4.0,0.0903577206219493,3253664.0,0.0126422000175807,0.0002316948880296,0.0128738949056104,43016,128,qam16,8,8,2263.629231145662,high_rich,42003,N128_qam16_high_rich_S8_42003_4a611f70
14,otfs:symbol:L8:K16,otfs,symbol,8,16,2906112.0,212992.0,6272.0,3125376.0,368000.0,3511808.0,590856,1,18432,0.2108627314314708,0.274169921875,0.2763671875,0.0171460200222724,2264,8192,16,16.0,0.0001586474699,3511808.0,0.0128392000187886,0.0003748198846413,0.01321401990343,43016,128,qam16,8,8,2263.629231145662,high_rich,42003,N128_qam16_high_rich_S8_42003_4a611f70
15,otfs:symbol:L16:K8,otfs,symbol,16,8,2906112.0,212992.0,12416.0,3131520.0,335168.0,3485120.0,631816,1,18432,0.0964119711315394,0.23291015625,0.2431640625,0.0143524789616201,1992,8192,16,8.0,0.0110215598910224,3485120.0,0.0127053000032901,0.000270276135311,0.0129755761386012,83976,128,qam16,8,8,2263.629231145662,high_rich,42003,N128_qam16_high_rich_S8_42003_4a611f70
16,otfs:symbol:L32:K16,otfs,symbol,32,16,2906112.0,212992.0,24704.0,3143808.0,1179008.0,4341248.0,713736,1,18432,0.0243346707483087,0.2120361328125,0.228759765625,0.0166627243465688,1874,8192,16,16.0,0.0002068410226176,4341248.0,0.0127663000166649,0.0005672386364356,0.0133335386531005,165896,128,qam16,8,8,2263.629231145662,high_rich,42003,N128_qam16_high_rich_S8_42003_4a611f70
17,otfs:time:L0:K2,otfs,time,0,2,55296.0,0.0,6272.0,61568.0,66832.0,146832.0,66568,1,18432,0.0,0.2518310546875,0.25830078125,0.0131600629124398,2116,8192,16,2.0,0.1701016889133242,146832.0,0.0013534000026993,0.000148251137475,0.0015016511401744,43016,128,qam16,8,8,2263.629231145662,high_rich,42003,N128_qam16_high_rich_S8_42003_4a611f70
18,otfs:time:L0:K4,otfs,time,0,4,55296.0,0.0,6272.0,61568.0,109856.0,189856.0,66568,1,18432,0.0,0.214111328125,0.22998046875,0.0166569999635726,1884,8192,16,4.0,0.0538421452661688,189856.0,0.0013374000118346,0.000176244883264,0.0015136448950987,43016,128,qam16,8,8,2263.629231145662,high_rich,42003,N128_qam16_high_rich_S8_42003_4a611f70
19,otfs:time:L0:K8,otfs,time,0,8,55296.0,0.0,6272.0,61568.0,195904.0,275904.0,66568,1,18432,0.0,0.2069091796875,0.22216796875,0.0176791080835603,1820,8192,16,8.0,0.0073680291673313,275904.0,0.0013054000010015,0.0002414323830497,0.0015468323840512,43016,128,qam16,8,8,2263.629231145662,high_rich,42003,N128_qam16_high_rich_S8_42003_4a611f70
20,otfs:time:L0:K16,otfs,time,0,16,55296.0,0.0,6272.0,61568.0,368000.0,448000.0,66568,1,18432,0.0,0.2064208984375,0.2222900390625,0.0176750618523033,1821,8192,16,16.0,0.0001955557288018,448000.0,0.0013049999979557,0.0004094261362159,0.0017144261341717,43016,128,qam16,8,8,2263.629231145662,high_rich,42003,N128_qam16_high_rich_S8_42003_4a611f70
21,otfs:dense:L128:K0,otfs,dense,128,0,2906112.0,0.0,0.0,25275989.33333333,408320.0,25702741.33333333,1073152,1,18432,0.0,0.206298828125,0.2225341796875,0.0174761036798567,1823,8192,16,0.0,4.0172332707884845e-16,25702741.33333333,0.0124817000032635,0.0002107823870436,0.0126924823903071,786432,128,qam16,8,8,2263.629231145662,high_rich,42003,N128_qam16_high_rich_S8_42003_4a611f70
22,afdm:symbol:L4:K2,afdm,symbol,4,2,2657024.0,212992.0,3200.0,2873216.0,44304.0,2935952.0,570376,1,18432,0.1879261937496679,0.27294921875,0.27490234375,0.0160663576552774,2252,8192,16,2.0,0.165995059407946,2935952.0,0.0047519000072497,0.0001169636324806,0.0048688636397304,22536,128,qam16,8,8,2263.629231145662,high_rich,42003,N128_qam16_high_rich_S8_42003_4a611f70
23,afdm:symbol:L4:K8,afdm,symbol,4,8,2657024.0,212992.0,3200.0,2873216.0,124224.0,3015872.0,570376,1,18432,0.1879261937496679,0.2684326171875,0.269775390625,0.0182227713856223,2210,8192,16,8.0,0.0055034893926584,3015872.0,0.0046984999935375,0.0002488136341884,0.0049473136277259,22536,128,qam16,8,8,2263.629231145662,high_rich,42003,N128_qam16_high_rich_S8_42003_4a611f70
24,afdm:symbol:L8:K4,afdm,symbol,8,4,2657024.0,212992.0,6272.0,2876288.0,107808.0,3002528.0,590856,1,18432,0.0610841043232966,0.2318115234375,0.23486328125,0.0233450869067196,1924,8192,16,4.0,0.0543590958871587,3002528.0,0.0047352000110549,0.0001560198870169,0.0048912198980718,43016,128,qam16,8,8,2263.629231145662,high_rich,42003,N128_qam16_high_rich_S8_42003_4a611f70
25,afdm:symbol:L8:K16,afdm,symbol,8,16,2657024.0,212992.0,6272.0,2876288.0,365952.0,3260672.0,590856,1,18432,0.0610841043232966,0.228271484375,0.2301025390625,0.0242609128747043,1885,8192,16,16.0,0.0002261176443603,3260672.0,0.0048135000106412,0.0004413073829158,0.0052548073935571,43016,128,qam16,8,8,2263.629231145662,high_rich,42003,N128_qam16_high_rich_S8_42003_4a611f70
26,afdm:symbol:L16:K8,afdm,symbol,16,8,2657024.0,212992.0,12416.0,2882432.0,333120.0,3233984.0,631816,1,18432,0.0184624772719148,0.2091064453125,0.2159423828125,0.0194525595790903,1769,8192,16,8.0,0.007019441407084,3233984.0,0.0048530000058235,0.0002647823802721,0.0051177823860956,83976,128,qam16,8,8,2263.629231145662,high_rich,42003,N128_qam16_high_rich_S8_42003_4a611f70
27,afdm:symbol:L32:K16,afdm,symbol,32,16,2657024.0,212992.0,24704.0,2894720.0,1176960.0,4090112.0,713736,1,18432,0.0076840378594329,0.20654296875,0.2161865234375,0.0168726903017629,1771,8192,16,16.0,0.0002094318641017,4090112.0,0.0047958000068319,0.0006045323879692,0.0054003323948012,165896,128,qam16,8,8,2263.629231145662,high_rich,42003,N128_qam16_high_rich_S8_42003_4a611f70
28,afdm:time:L0:K2,afdm,time,0,2,68352.0,0.0,6272.0,74624.0,64784.0,157840.0,66568,1,18432,0.0,0.2498779296875,0.2593994140625,0.0166984572803971,2125,8192,16,2.0,0.1717480082772986,157840.0,0.0009655000030761,0.0001346136349997,0.0011001136380758,43016,128,qam16,8,8,2263.629231145662,high_rich,42003,N128_qam16_high_rich_S8_42003_4a611f70
29,afdm:time:L0:K4,afdm,time,0,4,68352.0,0.0,6272.0,74624.0,107808.0,200864.0,66568,1,18432,0.0,0.2105712890625,0.2198486328125,0.0176714644245242,1801,8192,16,4.0,0.0532537892720341,200864.0,0.0009611999994376,0.0001583573802594,0.0011195573796971,43016,128,qam16,8,8,2263.629231145662,high_rich,42003,N128_qam16_high_rich_S8_42003_4a611f70
30,afdm:time:L0:K8,afdm,time,0,8,68352.0,0.0,6272.0,74624.0,193856.0,286912.0,66568,1,18432,0.0,0.2056884765625,0.210693359375,0.0176845016184649,1726,8192,16,8.0,0.0073215875615318,286912.0,0.0009794000070542,0.0002270448839584,0.0012064448910126,43016,128,qam16,8,8,2263.629231145662,high_rich,42003,N128_qam16_high_rich_S8_42003_4a611f70
31,afdm:time:L0:K16,afdm,time,0,16,68352.0,0.0,6272.0,74624.0,365952.0,459008.0,66568,1,18432,0.0,0.205810546875,0.2098388671875,0.0172343223204373,1719,8192,16,16.0,0.0001981394372584,459008.0,0.0009598000033292,0.0005007198814741,0.0014605198848033,43016,128,qam16,8,8,2263.629231145662,high_rich,42003,N128_qam16_high_rich_S8_42003_4a611f70
32,afdm:dense:L128:K0,afdm,dense,128,0,2657024.0,0.0,0.0,25026901.33333333,406272.0,25451605.33333333,1073152,1,18432,0.0,0.205810546875,0.2098388671875,0.017497918141374,1719,8192,16,0.0,5.393487589766896e-16,25451605.33333333,0.00507810000272,0.0003788698822421,0.0054569698849621,786432,128,qam16,8,8,2263.629231145662,high_rich,42003,N128_qam16_high_rich_S8_42003_4a611f70
0,ofdm:symbol:L4:K2,ofdm,symbol,4,2,1421824.0,212992.0,3200.0,1638016.0,41232.0,1697680.0,570376,1,18432,0.0221851997742317,0.009521484375,0.011962890625,0.0041508693045039,98,8192,16,2.0,0.0210649204027061,1697680.0,0.0037990999844623,0.0001097732940086,0.003908873278471,22536,128,qam16,18,2,1042.8069868220514,high_sparse,42001,N128_qam16_high_sparse_S18_42001_470459db
1,ofdm:symbol:L4:K8,ofdm,symbol,4,8,1421824.0,212992.0,3200.0,1638016.0,121152.0,1777600.0,570376,1,18432,0.0221851997742317,0.010498046875,0.012451171875,0.0042116911431343,102,8192,16,7.0,6.99365003991951e-07,1764280.0,0.0035969999880762,0.0001908857904543,0.0037878857785306,22536,128,qam16,18,2,1042.8069868220514,high_sparse,42001,N128_qam16_high_sparse_S18_42001_470459db
2,ofdm:symbol:L8:K4,ofdm,symbol,8,4,1421824.0,212992.0,6272.0,1641088.0,104736.0,1764256.0,590856,1,18432,0.0109999978858573,0.0020751953125,0.002685546875,0.0034109861712056,22,8192,16,4.0,0.00011860684716,1764256.0,0.0036182000039843,0.000154754548186,0.0037729545521704,43016,128,qam16,18,2,1042.8069868220514,high_sparse,42001,N128_qam16_high_sparse_S18_42001_470459db
3,ofdm:symbol:L8:K16,ofdm,symbol,8,16,1421824.0,212992.0,6272.0,1641088.0,362880.0,2022400.0,590856,1,18432,0.0109999978858573,0.0020751953125,0.002685546875,0.0034109861712056,22,8192,16,7.0,1.35982947317195e-07,1828792.0,0.0035720000014407,0.0005387357970738,0.0041107357985145,43016,128,qam16,18,2,1042.8069868220514,high_sparse,42001,N128_qam16_high_sparse_S18_42001_470459db
4,ofdm:symbol:L16:K8,ofdm,symbol,16,8,1421824.0,212992.0,12416.0,1647232.0,330048.0,1995712.0,631816,1,18432,0.0054377335397822,0.0008544921875,0.0006103515625,0.0011759369705851,5,8192,16,6.0,4.34502947770519e-07,1919920.0,0.0038379999896278,0.0005181732905674,0.0043561732801952,83976,128,qam16,18,2,1042.8069868220514,high_sparse,42001,N128_qam16_high_sparse_S18_42001_470459db
5,ofdm:symbol:L32:K16,ofdm,symbol,32,16,1421824.0,212992.0,24704.0,1659520.0,1173888.0,2851840.0,713736,1,18432,0.0026101950799536,0.0001220703125,0.0001220703125,0.00048828125,1,8192,16,5.875,1.2202146434218513e-07,2136367.0,0.0038885999965714,0.0002065107930155,0.0040951107895869,165896,128,qam16,18,2,1042.8069868220514,high_sparse,42001,N128_qam16_high_sparse_S18_42001_470459db
6,ofdm:time:L0:K2,ofdm,time,0,2,12800.0,0.0,1664.0,14464.0,30992.0,63888.0,35848,1,18432,0.0,0.0,0.0,0.0,0,8192,16,2.0,0.0001235185778691,63888.0,0.0004588000010699,0.0001043357962606,0.0005631357973305,12296,128,qam16,18,2,1042.8069868220514,high_sparse,42001,N128_qam16_high_sparse_S18_42001_470459db
7,ofdm:time:L0:K4,ofdm,time,0,4,12800.0,0.0,1664.0,14464.0,49440.0,82336.0,35848,1,18432,0.0,0.0,0.0,0.0,0,8192,16,4.0,1.0994590770563629e-08,82336.0,0.0004293999954825,0.0001406045413949,0.0005700045368774,12296,128,qam16,18,2,1042.8069868220514,high_sparse,42001,N128_qam16_high_sparse_S18_42001_470459db
8,ofdm:time:L0:K8,ofdm,time,0,8,12800.0,0.0,1664.0,14464.0,86336.0,119232.0,35848,1,18432,0.0,0.0,0.0,0.0,0,8192,16,4.0,1.0994590770563629e-08,82336.0,0.0004545999981928,0.0001401920455298,0.0005947920437227,12296,128,qam16,18,2,1042.8069868220514,high_sparse,42001,N128_qam16_high_sparse_S18_42001_470459db
9,ofdm:time:L0:K16,ofdm,time,0,16,12800.0,0.0,1664.0,14464.0,160128.0,193024.0,35848,1,18432,0.0,0.0,0.0,0.0,0,8192,16,4.0,1.0994590770563629e-08,82336.0,0.0004718999989563,0.0001370795418386,0.000608979540795,12296,128,qam16,18,2,1042.8069868220514,high_sparse,42001,N128_qam16_high_sparse_S18_42001_470459db
10,ofdm:dense:L128:K0,ofdm,dense,128,0,1421824.0,0.0,0.0,23791701.33333333,403200.0,24213333.33333333,1073152,1,18432,0.0,0.0,0.0,0.0,0,8192,16,0.0,6.970220430687835e-16,24213333.33333333,0.0036800999951083,0.0001524607934532,0.0038325607885615,786432,128,qam16,18,2,1042.8069868220514,high_sparse,42001,N128_qam16_high_sparse_S18_42001_470459db
11,otfs:symbol:L4:K2,otfs,symbol,4,2,2077184.0,212992.0,3200.0,2293376.0,46352.0,2358160.0,570376,1,18432,0.0175604451713031,0.0042724609375,0.0052490234375,0.0034733240710505,43,8192,16,2.0,0.0121405504657424,2358160.0,0.0080544999946141,0.0001607335213493,0.0082152335159634,22536,128,qam16,18,2,1042.8069868220514,high_sparse,42001,N128_qam16_high_sparse_S18_42001_470459db
12,otfs:symbol:L4:K8,otfs,symbol,4,8,2077184.0,212992.0,3200.0,2293376.0,126272.0,2438080.0,570376,1,18432,0.0175604451713031,0.004150390625,0.00537109375,0.0028077940954228,44,8192,16,3.0,2.8678906159782e-17,2371480.0,0.0077743999863741,0.0001569085167802,0.0079313085031544,22536,128,qam16,18,2,1042.8069868220514,high_sparse,42001,N128_qam16_high_sparse_S18_42001_470459db
13,otfs:symbol:L8:K4,otfs,symbol,8,4,2077184.0,212992.0,6272.0,2296448.0,109856.0,2424736.0,590856,1,18432,9.09348360391693e-05,0.0,0.0,0.0,0,8192,16,1.0,3.9336142331282673e-16,2360200.0,0.0078213999950094,0.0002467897763353,0.0080681897713447,43016,128,qam16,18,2,1042.8069868220514,high_sparse,42001,N128_qam16_high_sparse_S18_42001_470459db
14,otfs:symbol:L8:K16,otfs,symbol,8,16,2077184.0,212992.0,6272.0,2296448.0,368000.0,2682880.0,590856,1,18432,9.09348360391693e-05,0.0,0.0,0.0,0,8192,16,1.0,3.9336142331282673e-16,2360200.0,0.0078402999934041,0.000133333518258,0.0079736335116622,43016,128,qam16,18,2,1042.8069868220514,high_sparse,42001,N128_qam16_high_sparse_S18_42001_470459db
15,otfs:symbol:L16:K8,otfs,symbol,16,8,2077184.0,212992.0,12416.0,2302592.0,335168.0,2656192.0,631816,1,18432,0.0,0.0,0.0,0.0,0,8192,16,4.0,1.0881852509985506e-08,2504608.0,0.0077817999845137,0.0001944710208562,0.00797627100537,83976,128,qam16,18,2,1042.8069868220514,high_sparse,42001,N128_qam16_high_sparse_S18_42001_470459db
16,otfs:symbol:L32:K16,otfs,symbol,32,16,2077184.0,212992.0,24704.0,2314880.0,1179008.0,3512320.0,713736,1,18432,0.0,0.0,0.0,0.0,0,8192,16,4.0,1.0881852509985534e-08,2664352.0,0.0078330999967874,0.0002190710208169,0.0080521710176044,165896,128,qam16,18,2,1042.8069868220514,high_sparse,42001,N128_qam16_high_sparse_S18_42001_470459db
17,otfs:time:L0:K2,otfs,time,0,2,12800.0,0.0,1664.0,14464.0,36112.0,69008.0,35848,1,18432,0.0,0.0,0.0,0.0,0,8192,16,2.0,0.0001256355339364,69008.0,0.0004894000012427,0.0001430960225634,0.0006324960238061,12296,128,qam16,18,2,1042.8069868220514,high_sparse,42001,N128_qam16_high_sparse_S18_42001_470459db
18,otfs:time:L0:K4,otfs,time,0,4,12800.0,0.0,1664.0,14464.0,54560.0,87456.0,35848,1,18432,0.0,0.0,0.0,0.0,0,8192,16,4.0,1.0881852509985513e-08,87456.0,0.0004852999991271,0.0001754210176813,0.0006607210168085,12296,128,qam16,18,2,1042.8069868220514,high_sparse,42001,N128_qam16_high_sparse_S18_42001_470459db
19,otfs:time:L0:K8,otfs,time,0,8,12800.0,0.0,1664.0,14464.0,91456.0,124352.0,35848,1,18432,0.0,0.0,0.0,0.0,0,8192,16,4.0,1.0881852509985513e-08,87456.0,0.000502900002175,0.0001837460192263,0.0006866460214014,12296,128,qam16,18,2,1042.8069868220514,high_sparse,42001,N128_qam16_high_sparse_S18_42001_470459db
20,otfs:time:L0:K16,otfs,time,0,16,12800.0,0.0,1664.0,14464.0,165248.0,198144.0,35848,1,18432,0.0,0.0,0.0,0.0,0,8192,16,4.0,1.0881852509985513e-08,87456.0,0.0005068000027677,0.0001811960198183,0.000687996022586,12296,128,qam16,18,2,1042.8069868220514,high_sparse,42001,N128_qam16_high_sparse_S18_42001_470459db
21,otfs:dense:L128:K0,otfs,dense,128,0,2077184.0,0.0,0.0,24447061.33333333,408320.0,24873813.33333333,1073152,1,18432,0.0,0.0,0.0,0.0,0,8192,16,0.0,3.520671305985841e-16,24873813.33333333,0.0075838999910047,0.000184652268851,0.0077685522598557,786432,128,qam16,18,2,1042.8069868220514,high_sparse,42001,N128_qam16_high_sparse_S18_42001_470459db
22,afdm:symbol:L4:K2,afdm,symbol,4,2,1828096.0,212992.0,3200.0,2044288.0,44304.0,2107024.0,570376,1,18432,0.0222747159673224,0.0087890625,0.009033203125,0.0048304483858201,74,8192,16,2.0,0.020681406056631,2107024.0,0.0039600000163773,0.0001207303059455,0.0040807303223228,22536,128,qam16,18,2,1042.8069868220514,high_sparse,42001,N128_qam16_high_sparse_S18_42001_470459db
23,afdm:symbol:L4:K8,afdm,symbol,4,8,1828096.0,212992.0,3200.0,2044288.0,124224.0,2186944.0,570376,1,18432,0.0222747159673224,0.01025390625,0.0101318359375,0.0054416530139668,83,8192,16,7.0,7.146540036229843e-07,2173624.0,0.0038334000128088,0.0001986115505243,0.0040320115633331,22536,128,qam16,18,2,1042.8069868220514,high_sparse,42001,N128_qam16_high_sparse_S18_42001_470459db
24,afdm:symbol:L8:K4,afdm,symbol,8,4,1828096.0,212992.0,6272.0,2047360.0,107808.0,2173600.0,590856,1,18432,0.0110905142252156,0.0028076171875,0.001708984375,0.0022411346976638,14,8192,16,4.0,0.0001209728418014,2173600.0,0.0038982000114629,0.0001872428049065,0.0040854428163694,43016,128,qam16,18,2,1042.8069868220514,high_sparse,42001,N128_qam16_high_sparse_S18_42001_470459db
25,afdm:symbol:L8:K16,afdm,symbol,8,16,1828096.0,212992.0,6272.0,2047360.0,365952.0,2431744.0,590856,1,18432,0.0110905142252156,0.0028076171875,0.001708984375,0.0022411346976638,14,8192,16,6.9375,1.8798602674172639e-07,2236791.5,0.003859000004013,0.0002106803023817,0.0040696803063948,43016,128,qam16,18,2,1042.8069868220514,high_sparse,42001,N128_qam16_high_sparse_S18_42001_470459db
26,afdm:symbol:L16:K8,afdm,symbol,16,8,1828096.0,212992.0,12416.0,2053504.0,333120.0,2405056.0,631816,1,18432,0.0055106256171219,0.00048828125,0.0001220703125,0.00048828125,1,8192,16,6.0,3.52891599549237e-07,2329264.0,0.0039094000094337,0.0001972240563301,0.0041066240657638,83976,128,qam16,18,2,1042.8069868220514,high_sparse,42001,N128_qam16_high_sparse_S18_42001_470459db
27,afdm:symbol:L32:K16,afdm,symbol,32,16,1828096.0,212992.0,24704.0,2065792.0,1176960.0,3261184.0,713736,1,18432,0.0025943974314079,0.0,0.0,0.0,0,8192,16,5.0,6.46317583402038e-07,2483880.0,0.0039253000140888,0.000210799051467,0.0041360990655558,165896,128,qam16,18,2,1042.8069868220514,high_sparse,42001,N128_qam16_high_sparse_S18_42001_470459db
28,afdm:time:L0:K2,afdm,time,0,2,25856.0,0.0,1664.0,27520.0,34064.0,80016.0,35848,1,18432,0.0,0.0,0.0,0.0,0,8192,16,2.0,0.0001224780565511,80016.0,0.0005448000010801,0.0001326240510135,0.0006774240520936,12296,128,qam16,18,2,1042.8069868220514,high_sparse,42001,N128_qam16_high_sparse_S18_42001_470459db
29,afdm:time:L0:K4,afdm,time,0,4,25856.0,0.0,1664.0,27520.0,52512.0,98464.0,35848,1,18432,0.0,0.0,0.0,0.0,0,8192,16,4.0,1.0846134942794548e-08,98464.0,0.0005000000091968,0.0001474178036115,0.0006474178128083,12296,128,qam16,18,2,1042.8069868220514,high_sparse,42001,N128_qam16_high_sparse_S18_42001_470459db
30,afdm:time:L0:K8,afdm,time,0,8,25856.0,0.0,1664.0,27520.0,89408.0,135360.0,35848,1,18432,0.0,0.0,0.0,0.0,0,8192,16,4.0,1.0846134942794548e-08,98464.0,0.0004904000088572,0.0001438803030506,0.0006342803119078,12296,128,qam16,18,2,1042.8069868220514,high_sparse,42001,N128_qam16_high_sparse_S18_42001_470459db
31,afdm:time:L0:K16,afdm,time,0,16,25856.0,0.0,1664.0,27520.0,163200.0,209152.0,35848,1,18432,0.0,0.0,0.0,0.0,0,8192,16,4.0,1.0846134942794548e-08,98464.0,0.0004591000179061,0.0001444740512052,0.0006035740691114,12296,128,qam16,18,2,1042.8069868220514,high_sparse,42001,N128_qam16_high_sparse_S18_42001_470459db
32,afdm:dense:L128:K0,afdm,dense,128,0,1828096.0,0.0,0.0,24197973.33333333,406272.0,24622677.33333333,1073152,1,18432,0.0,0.0,0.0,0.0,0,8192,16,0.0,6.732938525563959e-16,24622677.33333333,0.0039263000217033,0.0001571053073458,0.0040834053290492,786432,128,qam16,18,2,1042.8069868220514,high_sparse,42001,N128_qam16_high_sparse_S18_42001_470459db
0,ofdm:symbol:L4:K2,ofdm,symbol,4,2,1421824.0,212992.0,3200.0,1638016.0,41232.0,1697680.0,570376,1,18432,0.1027516725819756,0.0880126953125,0.0948486328125,0.018390774761099,777,8192,16,2.0,0.1255824122715835,1697680.0,0.0036175999994156,0.0001094568169995,0.0037270568164151,22536,128,qam16,18,2,2110.965432432229,high_sparse,42002,N128_qam16_high_sparse_S18_42002_53440b57
1,ofdm:symbol:L4:K8,ofdm,symbol,4,8,1421824.0,212992.0,3200.0,1638016.0,121152.0,1777600.0,570376,1,18432,0.1027516725819756,0.13818359375,0.1434326171875,0.0310783759724395,1175,8192,16,8.0,0.0046646843183282,1777600.0,0.0035352999984752,0.0002413755701402,0.0037766755686155,22536,128,qam16,18,2,2110.965432432229,high_sparse,42002,N128_qam16_high_sparse_S18_42002_53440b57
2,ofdm:symbol:L8:K4,ofdm,symbol,8,4,1421824.0,212992.0,6272.0,1641088.0,104736.0,1764256.0,590856,1,18432,0.0421049280393258,0.038818359375,0.0528564453125,0.0276992216879963,433,8192,16,4.0,0.03961853054616,1764256.0,0.0035782000049948,0.0001503505673375,0.0037285505723323,43016,128,qam16,18,2,2110.965432432229,high_sparse,42002,N128_qam16_high_sparse_S18_42002_53440b57
3,ofdm:symbol:L8:K16,ofdm,symbol,8,16,1421824.0,212992.0,6272.0,1641088.0,362880.0,2022400.0,590856,1,18432,0.0421049280393258,0.12158203125,0.1414794921875,0.0429981477915151,1159,8192,16,16.0,5.011285293211651e-05,2022400.0,0.0035493000032147,0.0003578130663575,0.0039071130695722,43016,128,qam16,18,2,2110.965432432229,high_sparse,42002,N128_qam16_high_sparse_S18_42002_53440b57
4,ofdm:symbol:L16:K8,ofdm,symbol,16,8,1421824.0,212992.0,12416.0,1647232.0,330048.0,1995712.0,631816,1,18432,0.0186105751170817,0.0196533203125,0.046142578125,0.0366221788033698,378,8192,16,8.0,0.0013140446913645,1995712.0,0.0036096999974688,0.0002303693136403,0.0038400693111091,83976,128,qam16,18,2,2110.965432432229,high_sparse,42002,N128_qam16_high_sparse_S18_42002_53440b57
5,ofdm:symbol:L32:K16,ofdm,symbol,32,16,1421824.0,212992.0,24704.0,1659520.0,1173888.0,2851840.0,713736,1,18432,0.0089083429271125,0.0029296875,0.0120849609375,0.0220765771667487,99,8192,16,13.6875,4.893345926084937e-07,2688429.5,0.0037615999899571,0.0004155005681516,0.0041771005581088,165896,128,qam16,18,2,2110.965432432229,high_sparse,42002,N128_qam16_high_sparse_S18_42002_53440b57
6,ofdm:time:L0:K2,ofdm,time,0,2,12800.0,0.0,1664.0,14464.0,30992.0,63888.0,35848,1,18432,0.0,0.0,0.0,0.0,0,8192,16,2.0,0.0520427941594354,63888.0,0.000487899989821,0.0001264318180167,0.0006143318078377,12296,128,qam16,18,2,2110.965432432229,high_sparse,42002,N128_qam16_high_sparse_S18_42002_53440b57
7,ofdm:time:L0:K4,ofdm,time,0,4,12800.0,0.0,1664.0,14464.0,49440.0,82336.0,35848,1,18432,0.0,0.0,0.0,0.0,0,8192,16,4.0,0.0023775424939195,82336.0,0.0004842999915126,0.0001407443169503,0.000625044308463,12296,128,qam16,18,2,2110.965432432229,high_sparse,42002,N128_qam16_high_sparse_S18_42002_53440b57
8,ofdm:time:L0:K8,ofdm,time,0,8,12800.0,0.0,1664.0,14464.0,86336.0,119232.0,35848,1,18432,0.0,0.0,0.0,0.0,0,8192,16,8.0,4.724158675962213e-06,119232.0,0.0004809999954886,0.0001974818178771,0.0006784818133658,12296,128,qam16,18,2,2110.965432432229,high_sparse,42002,N128_qam16_high_sparse_S18_42002_53440b57
9,ofdm:time:L0:K16,ofdm,time,0,16,12800.0,0.0,1664.0,14464.0,160128.0,193024.0,35848,1,18432,0.0,0.0,0.0,0.0,0,8192,16,9.4375,6.396107151710761e-07,132491.5,0.0004583999980241,0.0002902068163442,0.0007486068143683,12296,128,qam16,18,2,2110.965432432229,high_sparse,42002,N128_qam16_high_sparse_S18_42002_53440b57
10,ofdm:dense:L128:K0,ofdm,dense,128,0,1421824.0,0.0,0.0,23791701.33333333,403200.0,24213333.33333333,1073152,1,18432,0.0,0.0,0.0,0.0,0,8192,16,0.0,6.860797832156159e-16,24213333.33333333,0.0037526999949477,0.0001594568211933,0.0039121568161411,786432,128,qam16,18,2,2110.965432432229,high_sparse,42002,N128_qam16_high_sparse_S18_42002_53440b57
11,otfs:symbol:L4:K2,otfs,symbol,4,2,2077184.0,212992.0,3200.0,2293376.0,46352.0,2358160.0,570376,1,18432,0.0954169102234457,0.082763671875,0.0943603515625,0.0164297752650116,773,8192,16,2.0,0.116298159391757,2358160.0,0.0077653000043937,0.0001412433738082,0.007906543378202,22536,128,qam16,18,2,2110.965432432229,high_sparse,42002,N128_qam16_high_sparse_S18_42002_53440b57
12,otfs:symbol:L4:K8,otfs,symbol,4,8,2077184.0,212992.0,3200.0,2293376.0,126272.0,2438080.0,570376,1,18432,0.0954169102234457,0.1099853515625,0.1209716796875,0.0124443085148366,991,8192,16,8.0,0.0011376629669262,2438080.0,0.0077463000052375,0.0002740746184358,0.0080203746236734,22536,128,qam16,18,2,2110.965432432229,high_sparse,42002,N128_qam16_high_sparse_S18_42002_53440b57
13,otfs:symbol:L8:K4,otfs,symbol,8,4,2077184.0,212992.0,6272.0,2296448.0,109856.0,2424736.0,590856,1,18432,0.0182678027580477,0.002197265625,0.0018310546875,0.0019490517421774,15,8192,16,4.0,0.0054223870171435,2424736.0,0.0078920999949332,0.000186212119705,0.0080783121146382,43016,128,qam16,18,2,2110.965432432229,high_sparse,42002,N128_qam16_high_sparse_S18_42002_53440b57
14,otfs:symbol:L8:K16,otfs,symbol,8,16,2077184.0,212992.0,6272.0,2296448.0,368000.0,2682880.0,590856,1,18432,0.0182678027580477,0.002197265625,0.001953125,0.0020171788261496,16,8192,16,11.0,4.93615205784549e-07,2575320.0,0.0078630000061821,0.0004147996258766,0.0082777996320587,43016,128,qam16,18,2,2110.965432432229,high_sparse,42002,N128_qam16_high_sparse_S18_42002_53440b57
15,otfs:symbol:L16:K8,otfs,symbol,16,8,2077184.0,212992.0,12416.0,2302592.0,335168.0,2656192.0,631816,1,18432,2.220446049250313e-16,0.0,0.0,0.0,0,8192,16,8.0,4.776007325891378e-06,2656192.0,0.0078354000143008,0.000290049621843,0.0081254496361438,83976,128,qam16,18,2,2110.965432432229,high_sparse,42002,N128_qam16_high_sparse_S18_42002_53440b57
16,otfs:symbol:L32:K16,otfs,symbol,32,16,2077184.0,212992.0,24704.0,2314880.0,1179008.0,3512320.0,713736,1,18432,2.220446049250313e-16,0.0,0.0,0.0,0,8192,16,9.5,5.898873988968235e-07,3053004.0,0.0079619000025559,0.0004076621224598,0.0083695621250158,165896,128,qam16,18,2,2110.965432432229,high_sparse,42002,N128_qam16_high_sparse_S18_42002_53440b57
17,otfs:time:L0:K2,otfs,time,0,2,12800.0,0.0,1664.0,14464.0,36112.0,69008.0,35848,1,18432,0.0,0.0,0.0,0.0,0,8192,16,2.0,0.0518827783856986,69008.0,0.0004609999887179,0.0001599808682371,0.0006209808569551,12296,128,qam16,18,2,2110.965432432229,high_sparse,42002,N128_qam16_high_sparse_S18_42002_53440b57
18,otfs:time:L0:K4,otfs,time,0,4,12800.0,0.0,1664.0,14464.0,54560.0,87456.0,35848,1,18432,0.0,0.0,0.0,0.0,0,8192,16,4.0,0.0024173154235209,87456.0,0.0004536999913398,0.0001755308756842,0.000629230867024,12296,128,qam16,18,2,2110.965432432229,high_sparse,42002,N128_qam16_high_sparse_S18_42002_53440b57
19,otfs:time:L0:K8,otfs,time,0,8,12800.0,0.0,1664.0,14464.0,91456.0,124352.0,35848,1,18432,0.0,0.0,0.0,0.0,0,8192,16,8.0,4.776007325891382e-06,124352.0,0.0004359999875305,0.0002396121234128,0.0006756121109433,12296,128,qam16,18,2,2110.965432432229,high_sparse,42002,N128_qam16_high_sparse_S18_42002_53440b57
20,otfs:time:L0:K16,otfs,time,0,16,12800.0,0.0,1664.0,14464.0,165248.0,198144.0,35848,1,18432,0.0,0.0,0.0,0.0,0,8192,16,9.5,5.898873988968239e-07,138188.0,0.0004934999888064,0.0002805746242743,0.0007740746130807,12296,128,qam16,18,2,2110.965432432229,high_sparse,42002,N128_qam16_high_sparse_S18_42002_53440b57
21,otfs:dense:L128:K0,otfs,dense,128,0,2077184.0,0.0,0.0,24447061.33333333,408320.0,24873813.33333333,1073152,1,18432,0.0,0.0,0.0,0.0,0,8192,16,0.0,3.5660914561502904e-16,24873813.33333333,0.0077177000057417,0.0001902621250778,0.0079079621308196,786432,128,qam16,18,2,2110.965432432229,high_sparse,42002,N128_qam16_high_sparse_S18_42002_53440b57
22,afdm:symbol:L4:K2,afdm,symbol,4,2,1828096.0,212992.0,3200.0,2044288.0,44304.0,2107024.0,570376,1,18432,0.1052358740418185,0.094482421875,0.0980224609375,0.0166374267943367,803,8192,16,2.0,0.1253270367126069,2107024.0,0.0039035000081639,0.0001143261365679,0.0040178261447319,22536,128,qam16,18,2,2110.965432432229,high_sparse,42002,N128_qam16_high_sparse_S18_42002_53440b57
23,afdm:symbol:L4:K8,afdm,symbol,4,8,1828096.0,212992.0,3200.0,2044288.0,124224.0,2186944.0,570376,1,18432,0.1052358740418185,0.13525390625,0.1380615234375,0.0242136960242467,1131,8192,16,8.0,0.0031945021956892,2186944.0,0.0038748000079067,0.0002124948882875,0.0040872948961943,22536,128,qam16,18,2,2110.965432432229,high_sparse,42002,N128_qam16_high_sparse_S18_42002_53440b57
24,afdm:symbol:L8:K4,afdm,symbol,8,4,1828096.0,212992.0,6272.0,2047360.0,107808.0,2173600.0,590856,1,18432,0.0466321337440329,0.0506591796875,0.0543212890625,0.0216813736909952,445,8192,16,4.0,0.0368308665909562,2173600.0,0.0038913000171305,0.0001922073875131,0.0040835074046437,43016,128,qam16,18,2,2110.965432432229,high_sparse,42002,N128_qam16_high_sparse_S18_42002_53440b57
25,afdm:symbol:L8:K16,afdm,symbol,8,16,1828096.0,212992.0,6272.0,2047360.0,365952.0,2431744.0,590856,1,18432,0.0466321337440329,0.109619140625,0.1102294921875,0.0372357275329384,903,8192,16,16.0,2.517125785596702e-05,2431744.0,0.0039652000123169,0.0003701636355937,0.0043353636479106,43016,128,qam16,18,2,2110.965432432229,high_sparse,42002,N128_qam16_high_sparse_S18_42002_53440b57
26,afdm:symbol:L16:K8,afdm,symbol,16,8,1828096.0,212992.0,12416.0,2053504.0,333120.0,2405056.0,631816,1,18432,0.0188517406509831,0.035400390625,0.038818359375,0.027767136972878,318,8192,16,8.0,0.002407083347973,2405056.0,0.0039374000043608,0.000371632390411,0.0043090323947718,83976,128,qam16,18,2,2110.965432432229,high_sparse,42002,N128_qam16_high_sparse_S18_42002_53440b57
27,afdm:symbol:L32:K16,afdm,symbol,32,16,1828096.0,212992.0,24704.0,2065792.0,1176960.0,3261184.0,713736,1,18432,0.0088751361645258,0.004638671875,0.0037841796875,0.0062365068377606,31,8192,16,14.0,3.157991644818184e-07,3119856.0,0.0040266000141855,0.0004757948859288,0.0045023949001144,165896,128,qam16,18,2,2110.965432432229,high_sparse,42002,N128_qam16_high_sparse_S18_42002_53440b57
28,afdm:time:L0:K2,afdm,time,0,2,25856.0,0.0,1664.0,27520.0,34064.0,80016.0,35848,1,18432,0.0,0.0,0.0,0.0,0,8192,16,2.0,0.0520423479784795,80016.0,0.0004955000185873,0.000112544883009,0.0006080449015963,12296,128,qam16,18,2,2110.965432432229,high_sparse,42002,N128_qam16_high_sparse_S18_42002_53440b57
29,afdm:time:L0:K4,afdm,time,0,4,25856.0,0.0,1664.0,27520.0,52512.0,98464.0,35848,1,18432,0.0,0.0,0.0,0.0,0,8192,16,4.0,0.0023777460580136,98464.0,0.0004612000047927,0.0001458886331558,0.0006070886379485,12296,128,qam16,18,2,2110.965432432229,high_sparse,42002,N128_qam16_high_sparse_S18_42002_53440b57
30,afdm:time:L0:K8,afdm,time,0,8,25856.0,0.0,1664.0,27520.0,89408.0,135360.0,35848,1,18432,0.0,0.0,0.0,0.0,0,8192,16,8.0,4.873600644975256e-06,135360.0,0.0004633000062312,0.0002053073872185,0.0006686073934498,12296,128,qam16,18,2,2110.965432432229,high_sparse,42002,N128_qam16_high_sparse_S18_42002_53440b57
31,afdm:time:L0:K16,afdm,time,0,16,25856.0,0.0,1664.0,27520.0,163200.0,209152.0,35848,1,18432,0.0,0.0,0.0,0.0,0,8192,16,9.5625,5.443918076693543e-07,149772.5,0.0004615000070771,0.0002319448899608,0.0006934448970379,12296,128,qam16,18,2,2110.965432432229,high_sparse,42002,N128_qam16_high_sparse_S18_42002_53440b57
32,afdm:dense:L128:K0,afdm,dense,128,0,1828096.0,0.0,0.0,24197973.33333333,406272.0,24622677.33333333,1073152,1,18432,0.0,0.0,0.0,0.0,0,8192,16,0.0,7.043050180080977e-16,24622677.33333333,0.0039498999976785,0.0001652761379911,0.0041151761356697,786432,128,qam16,18,2,2110.965432432229,high_sparse,42002,N128_qam16_high_sparse_S18_42002_53440b57
0,ofdm:symbol:L4:K2,ofdm,symbol,4,2,1421824.0,212992.0,3200.0,1638016.0,41232.0,1697680.0,570376,1,18432,0.1028063785702708,0.1651611328125,0.1658935546875,0.0128663113111794,1359,8192,16,2.0,0.1402440975969434,1697680.0,0.0037915999855613,0.0001328238658143,0.0039244238513757,22536,128,qam16,18,2,921.32970673084,high_sparse,42003,N128_qam16_high_sparse_S18_42003_b86ef052
1,ofdm:symbol:L4:K8,ofdm,symbol,4,8,1421824.0,212992.0,3200.0,1638016.0,121152.0,1777600.0,570376,1,18432,0.1028063785702708,0.170654296875,0.1649169921875,0.016951636089332,1351,8192,16,8.0,0.0095399418857318,1777600.0,0.0037507999950321,0.0002240488601356,0.0039748488551677,22536,128,qam16,18,2,921.32970673084,high_sparse,42003,N128_qam16_high_sparse_S18_42003_b86ef052
2,ofdm:symbol:L8:K4,ofdm,symbol,8,4,1421824.0,212992.0,6272.0,1641088.0,104736.0,1764256.0,590856,1,18432,0.037834879978592,0.10009765625,0.099365234375,0.0120372304873666,814,8192,16,4.0,0.0387340418790549,1764256.0,0.0037262999976519,0.0001597551135174,0.0038860551111693,43016,128,qam16,18,2,921.32970673084,high_sparse,42003,N128_qam16_high_sparse_S18_42003_b86ef052
3,ofdm:symbol:L8:K16,ofdm,symbol,8,16,1421824.0,212992.0,6272.0,1641088.0,362880.0,2022400.0,590856,1,18432,0.037834879978592,0.1185302734375,0.118896484375,0.0160247528612557,974,8192,16,16.0,6.411636821339235e-05,2022400.0,0.0037373999948613,0.0003490801117632,0.0040864801066246,43016,128,qam16,18,2,921.32970673084,high_sparse,42003,N128_qam16_high_sparse_S18_42003_b86ef052
4,ofdm:symbol:L16:K8,ofdm,symbol,16,8,1421824.0,212992.0,12416.0,1647232.0,330048.0,1995712.0,631816,1,18432,0.0178958463726118,0.092529296875,0.0906982421875,0.0147193379645811,743,8192,16,8.0,0.0030545287579666,1995712.0,0.0038211999926716,0.0002746613598984,0.00409586135257,83976,128,qam16,18,2,921.32970673084,high_sparse,42003,N128_qam16_high_sparse_S18_42003_b86ef052
5,ofdm:symbol:L32:K16,ofdm,symbol,32,16,1421824.0,212992.0,24704.0,1659520.0,1173888.0,2851840.0,713736,1,18432,0.008566117223286,0.0770263671875,0.077880859375,0.0135480816636276,638,8192,16,16.0,8.346150945711948e-06,2851840.0,0.0038825000083306,0.0005828863621983,0.0044653863705289,165896,128,qam16,18,2,921.32970673084,high_sparse,42003,N128_qam16_high_sparse_S18_42003_b86ef052
6,ofdm:time:L0:K2,ofdm,time,0,2,12800.0,0.0,1664.0,14464.0,30992.0,63888.0,35848,1,18432,0.0,0.10009765625,0.09912109375,0.0187676240955723,812,8192,16,2.0,0.0973501548925999,63888.0,0.0006827000033808,0.000110611361296,0.0007933113646768,12296,128,qam16,18,2,921.32970673084,high_sparse,42003,N128_qam16_high_sparse_S18_42003_b86ef052
7,ofdm:time:L0:K4,ofdm,time,0,4,12800.0,0.0,1664.0,14464.0,49440.0,82336.0,35848,1,18432,0.0,0.0538330078125,0.0616455078125,0.0143873211674716,505,8192,16,4.0,0.0183846005126027,82336.0,0.0004434000147739,0.0001457176112208,0.0005891176259948,12296,128,qam16,18,2,921.32970673084,high_sparse,42003,N128_qam16_high_sparse_S18_42003_b86ef052
8,ofdm:time:L0:K8,ofdm,time,0,8,12800.0,0.0,1664.0,14464.0,86336.0,119232.0,35848,1,18432,0.0,0.0528564453125,0.0596923828125,0.011162327241148,489,8192,16,8.0,0.0004926657313416,119232.0,0.0005042000120738,0.0002274551133351,0.0007316551254089,12296,128,qam16,18,2,921.32970673084,high_sparse,42003,N128_qam16_high_sparse_S18_42003_b86ef052
9,ofdm:time:L0:K16,ofdm,time,0,16,12800.0,0.0,1664.0,14464.0,160128.0,193024.0,35848,1,18432,0.0,0.05322265625,0.059814453125,0.01116019111497,490,8192,16,15.0,8.094264465265598e-07,183800.0,0.0004779000009875,0.0003109488633609,0.0007888488643485,12296,128,qam16,18,2,921.32970673084,high_sparse,42003,N128_qam16_high_sparse_S18_42003_b86ef052
10,ofdm:dense:L128:K0,ofdm,dense,128,0,1421824.0,0.0,0.0,23791701.33333333,403200.0,24213333.33333333,1073152,1,18432,0.0,0.05322265625,0.059814453125,0.01116019111497,490,8192,16,0.0,6.073487308165254e-16,24213333.33333333,0.0035908999998355,0.0001537363640719,0.0037446363639074,786432,128,qam16,18,2,921.32970673084,high_sparse,42003,N128_qam16_high_sparse_S18_42003_b86ef052
11,otfs:symbol:L4:K2,otfs,symbol,4,2,2077184.0,212992.0,3200.0,2293376.0,46352.0,2358160.0,570376,1,18432,0.0979237722604279,0.1636962890625,0.1651611328125,0.0151451169578727,1353,8192,16,2.0,0.130133421167469,2358160.0,0.0083758999971905,0.0003231111816906,0.0086990111788812,22536,128,qam16,18,2,921.32970673084,high_sparse,42003,N128_qam16_high_sparse_S18_42003_b86ef052
12,otfs:symbol:L4:K8,otfs,symbol,4,8,2077184.0,212992.0,3200.0,2293376.0,126272.0,2438080.0,570376,1,18432,0.0979237722604279,0.1551513671875,0.162841796875,0.0203459635212509,1334,8192,16,8.0,0.0050697919825798,2438080.0,0.0079367000143975,0.0002547424276902,0.0081914424420877,22536,128,qam16,18,2,921.32970673084,high_sparse,42003,N128_qam16_high_sparse_S18_42003_b86ef052
13,otfs:symbol:L8:K4,otfs,symbol,8,4,2077184.0,212992.0,6272.0,2296448.0,109856.0,2424736.0,590856,1,18432,0.0238092143103118,0.0758056640625,0.0784912109375,0.0107266400272598,643,8192,16,4.0,0.0208962838771035,2424736.0,0.0079154000122798,0.0001819486727375,0.0080973486850174,43016,128,qam16,18,2,921.32970673084,high_sparse,42003,N128_qam16_high_sparse_S18_42003_b86ef052
14,otfs:symbol:L8:K16,otfs,symbol,8,16,2077184.0,212992.0,6272.0,2296448.0,368000.0,2682880.0,590856,1,18432,0.0238092143103118,0.0750732421875,0.0804443359375,0.0105593760307998,659,8192,16,16.0,6.415246964210639e-07,2682880.0,0.0079000000114319,0.0005144799236707,0.0084144799351027,43016,128,qam16,18,2,921.32970673084,high_sparse,42003,N128_qam16_high_sparse_S18_42003_b86ef052
15,otfs:symbol:L16:K8,otfs,symbol,16,8,2077184.0,212992.0,12416.0,2302592.0,335168.0,2656192.0,631816,1,18432,0.0,0.0557861328125,0.0582275390625,0.0098619919743172,477,8192,16,8.0,0.0005022060129893,2656192.0,0.0080353000084869,0.0002679049306001,0.008303204939087,83976,128,qam16,18,2,921.32970673084,high_sparse,42003,N128_qam16_high_sparse_S18_42003_b86ef052
16,otfs:symbol:L32:K16,otfs,symbol,32,16,2077184.0,212992.0,24704.0,2314880.0,1179008.0,3512320.0,713736,1,18432,0.0,0.0560302734375,0.0579833984375,0.0099262506243145,475,8192,16,15.0,8.39677218547305e-07,3441656.0,0.0080363000161014,0.0004757986738089,0.0085120986899103,165896,128,qam16,18,2,921.32970673084,high_sparse,42003,N128_qam16_high_sparse_S18_42003_b86ef052
17,otfs:time:L0:K2,otfs,time,0,2,12800.0,0.0,1664.0,14464.0,36112.0,69008.0,35848,1,18432,0.0,0.1025390625,0.101318359375,0.0131286228568913,830,8192,16,2.0,0.1029703053598651,69008.0,0.0004991000023437,0.0002510361776633,0.0007501361800071,12296,128,qam16,18,2,921.32970673084,high_sparse,42003,N128_qam16_high_sparse_S18_42003_b86ef052
18,otfs:time:L0:K4,otfs,time,0,4,12800.0,0.0,1664.0,14464.0,54560.0,87456.0,35848,1,18432,0.0,0.05712890625,0.0584716796875,0.0107088438473932,479,8192,16,4.0,0.0189051299133294,87456.0,0.0004801000031875,0.0001816361767244,0.000661736179912,12296,128,qam16,18,2,921.32970673084,high_sparse,42003,N128_qam16_high_sparse_S18_42003_b86ef052
19,otfs:time:L0:K8,otfs,time,0,8,12800.0,0.0,1664.0,14464.0,91456.0,124352.0,35848,1,18432,0.0,0.0557861328125,0.0582275390625,0.0098619919743172,477,8192,16,8.0,0.0005022060129893,124352.0,0.0004721000150311,0.0002442486760022,0.0007163486910333,12296,128,qam16,18,2,921.32970673084,high_sparse,42003,N128_qam16_high_sparse_S18_42003_b86ef052
20,otfs:time:L0:K16,otfs,time,0,16,12800.0,0.0,1664.0,14464.0,165248.0,198144.0,35848,1,18432,0.0,0.0560302734375,0.0579833984375,0.0099262506243145,475,8192,16,15.0,8.39677218547305e-07,188920.0,0.0004712000081781,0.0005726924240055,0.0010438924321836,12296,128,qam16,18,2,921.32970673084,high_sparse,42003,N128_qam16_high_sparse_S18_42003_b86ef052
21,otfs:dense:L128:K0,otfs,dense,128,0,2077184.0,0.0,0.0,24447061.33333333,408320.0,24873813.33333333,1073152,1,18432,0.0,0.0560302734375,0.0579833984375,0.0099262506243145,475,8192,16,0.0,3.1227888513222903e-16,24873813.33333333,0.0080409000074723,0.0002063049235706,0.0082472049310429,786432,128,qam16,18,2,921.32970673084,high_sparse,42003,N128_qam16_high_sparse_S18_42003_b86ef052
22,afdm:symbol:L4:K2,afdm,symbol,4,2,1828096.0,212992.0,3200.0,2044288.0,44304.0,2107024.0,570376,1,18432,0.1088398689532065,0.174072265625,0.1630859375,0.016216035217558,1336,8192,16,2.0,0.127958434065696,2107024.0,0.0043390999926486,0.000127833144082,0.0044669331367307,22536,128,qam16,18,2,921.32970673084,high_sparse,42003,N128_qam16_high_sparse_S18_42003_b86ef052
23,afdm:symbol:L4:K8,afdm,symbol,4,8,1828096.0,212992.0,3200.0,2044288.0,124224.0,2186944.0,570376,1,18432,0.1088398689532065,0.180908203125,0.1746826171875,0.0170712324253936,1431,8192,16,8.0,0.0050661337797956,2186944.0,0.0045418999943649,0.0002491456428591,0.004791045637224,22536,128,qam16,18,2,921.32970673084,high_sparse,42003,N128_qam16_high_sparse_S18_42003_b86ef052
24,afdm:symbol:L8:K4,afdm,symbol,8,4,1828096.0,212992.0,6272.0,2047360.0,107808.0,2173600.0,590856,1,18432,0.0521785950986113,0.1070556640625,0.1083984375,0.0141382508366045,888,8192,16,4.0,0.0398268377456223,2173600.0,0.0049673999892547,0.0001745331458854,0.0051419331351401,43016,128,qam16,18,2,921.32970673084,high_sparse,42003,N128_qam16_high_sparse_S18_42003_b86ef052
25,afdm:symbol:L8:K16,afdm,symbol,8,16,1828096.0,212992.0,6272.0,2047360.0,365952.0,2431744.0,590856,1,18432,0.0521785950986113,0.1268310546875,0.123291015625,0.0120160846994312,1010,8192,16,16.0,3.05865114436477e-05,2431744.0,0.0043138999899383,0.0003557331422901,0.0046696331322285,43016,128,qam16,18,2,921.32970673084,high_sparse,42003,N128_qam16_high_sparse_S18_42003_b86ef052
26,afdm:symbol:L16:K8,afdm,symbol,16,8,1828096.0,212992.0,12416.0,2053504.0,333120.0,2405056.0,631816,1,18432,0.0241426064877393,0.0899658203125,0.0911865234375,0.0123879817598229,747,8192,16,8.0,0.0046770981542307,2405056.0,0.0043031999957747,0.0002441831459994,0.0045473831417742,83976,128,qam16,18,2,921.32970673084,high_sparse,42003,N128_qam16_high_sparse_S18_42003_b86ef052
27,afdm:symbol:L32:K16,afdm,symbol,32,16,1828096.0,212992.0,24704.0,2065792.0,1176960.0,3261184.0,713736,1,18432,0.0089100042076578,0.0692138671875,0.07177734375,0.0123010700701114,588,8192,16,16.0,2.423207734992888e-05,3261184.0,0.0044136000069556,0.0005072143961418,0.0049208144030975,165896,128,qam16,18,2,921.32970673084,high_sparse,42003,N128_qam16_high_sparse_S18_42003_b86ef052
28,afdm:time:L0:K2,afdm,time,0,2,25856.0,0.0,1664.0,27520.0,34064.0,80016.0,35848,1,18432,0.0,0.100341796875,0.0963134765625,0.0158787781232018,789,8192,16,2.0,0.0984719118960592,80016.0,0.0005184999899938,0.0001220893976399,0.0006405893876338,12296,128,qam16,18,2,921.32970673084,high_sparse,42003,N128_qam16_high_sparse_S18_42003_b86ef052
29,afdm:time:L0:K4,afdm,time,0,4,25856.0,0.0,1664.0,27520.0,52512.0,98464.0,35848,1,18432,0.0,0.05712890625,0.0574951171875,0.0119331249055472,471,8192,16,4.0,0.0188243094900657,98464.0,0.0004765000048791,0.0001534081441908,0.00062990814907,12296,128,qam16,18,2,921.32970673084,high_sparse,42003,N128_qam16_high_sparse_S18_42003_b86ef052
30,afdm:time:L0:K8,afdm,time,0,8,25856.0,0.0,1664.0,27520.0,89408.0,135360.0,35848,1,18432,0.0,0.0560302734375,0.055419921875,0.0102329585136169,454,8192,16,8.0,0.0005010454435058,135360.0,0.0004652000061469,0.0002120518914428,0.0006772518975897,12296,128,qam16,18,2,921.32970673084,high_sparse,42003,N128_qam16_high_sparse_S18_42003_b86ef052
31,afdm:time:L0:K16,afdm,time,0,16,25856.0,0.0,1664.0,27520.0,163200.0,209152.0,35848,1,18432,0.0,0.055908203125,0.05517578125,0.0104694301706902,452,8192,16,15.0,8.248468520803055e-07,199928.0,0.0004667000030167,0.0003437268918181,0.0008104268948348,12296,128,qam16,18,2,921.32970673084,high_sparse,42003,N128_qam16_high_sparse_S18_42003_b86ef052
32,afdm:dense:L128:K0,afdm,dense,128,0,1828096.0,0.0,0.0,24197973.33333333,406272.0,24622677.33333333,1073152,1,18432,0.0,0.055908203125,0.05517578125,0.0104694301706902,452,8192,16,0.0,4.915197786815871e-16,24622677.33333333,0.0040507999947294,0.0001879331487846,0.0042387331435141,786432,128,qam16,18,2,921.32970673084,high_sparse,42003,N128_qam16_high_sparse_S18_42003_b86ef052
0,ofdm:symbol:L4:K2,ofdm,symbol,4,2,1421824.0,212992.0,3200.0,1638016.0,41232.0,1697680.0,570376,1,18432,0.0221851997742317,0.1011962890625,0.09765625,0.0124551604620501,800,8192,16,2.0,0.0169055505213689,1697680.0,0.004061300001922,0.0002899787906161,0.0043512787925382,22536,128,qam16,8,2,1042.8069868220514,high_sparse,42001,N128_qam16_high_sparse_S8_42001_b9d4f3f1
1,ofdm:symbol:L4:K8,ofdm,symbol,4,8,1421824.0,212992.0,3200.0,1638016.0,121152.0,1777600.0,570376,1,18432,0.0221851997742317,0.1011962890625,0.098876953125,0.0130314084660129,810,8192,16,7.0,3.173296257047008e-07,1764280.0,0.004455100002815,0.0002219287899523,0.0046770287927674,22536,128,qam16,8,2,1042.8069868220514,high_sparse,42001,N128_qam16_high_sparse_S8_42001_b9d4f3f1
2,ofdm:symbol:L8:K4,ofdm,symbol,8,4,1421824.0,212992.0,6272.0,1641088.0,104736.0,1764256.0,590856,1,18432,0.0109999978858573,0.093994140625,0.090576171875,0.0124730136755212,742,8192,16,4.0,7.581811847057712e-05,1764256.0,0.0038222000002861,0.0001709600392959,0.003993160039582,43016,128,qam16,8,2,1042.8069868220514,high_sparse,42001,N128_qam16_high_sparse_S8_42001_b9d4f3f1
3,ofdm:symbol:L8:K16,ofdm,symbol,8,16,1421824.0,212992.0,6272.0,1641088.0,362880.0,2022400.0,590856,1,18432,0.0109999978858573,0.093994140625,0.0904541015625,0.012490205106087,741,8192,16,6.0,6.203610237048433e-07,1807280.0,0.0038223000010475,0.0002048412862594,0.004027141287307,43016,128,qam16,8,2,1042.8069868220514,high_sparse,42001,N128_qam16_high_sparse_S8_42001_b9d4f3f1
4,ofdm:symbol:L16:K8,ofdm,symbol,16,8,1421824.0,212992.0,12416.0,1647232.0,330048.0,1995712.0,631816,1,18432,0.0054377335397822,0.0904541015625,0.0894775390625,0.01243919844029,733,8192,16,6.0,2.2542040383346602e-07,1919920.0,0.0038311999960569,0.000234866283873,0.0040660662799299,83976,128,qam16,8,2,1042.8069868220514,high_sparse,42001,N128_qam16_high_sparse_S8_42001_b9d4f3f1
5,ofdm:symbol:L32:K16,ofdm,symbol,32,16,1421824.0,212992.0,24704.0,1659520.0,1173888.0,2851840.0,713736,1,18432,0.0026101950799536,0.0888671875,0.0906982421875,0.0121443704255192,743,8192,16,5.0,6.360404197052832e-07,2074536.0,0.0040383000014116,0.0002194787840298,0.0042577787854415,165896,128,qam16,8,2,1042.8069868220514,high_sparse,42001,N128_qam16_high_sparse_S8_42001_b9d4f3f1
6,ofdm:time:L0:K2,ofdm,time,0,2,12800.0,0.0,1664.0,14464.0,30992.0,63888.0,35848,1,18432,0.0,0.08544921875,0.08837890625,0.0107805895027146,724,8192,16,2.0,0.0001008169169038,63888.0,0.000484599993797,0.0001342975375254,0.0006188975313224,12296,128,qam16,8,2,1042.8069868220514,high_sparse,42001,N128_qam16_high_sparse_S8_42001_b9d4f3f1
7,ofdm:time:L0:K4,ofdm,time,0,4,12800.0,0.0,1664.0,14464.0,49440.0,82336.0,35848,1,18432,0.0,0.0855712890625,0.08837890625,0.0107805895027146,724,8192,16,3.0,8.623747993253909e-07,73112.0,0.0004637999954866,0.0001955350372471,0.0006593350327338,12296,128,qam16,8,2,1042.8069868220514,high_sparse,42001,N128_qam16_high_sparse_S8_42001_b9d4f3f1
8,ofdm:time:L0:K8,ofdm,time,0,8,12800.0,0.0,1664.0,14464.0,86336.0,119232.0,35848,1,18432,0.0,0.0855712890625,0.08837890625,0.0107805895027146,724,8192,16,3.0,8.623747993253909e-07,73112.0,0.0005032000044593,0.0001510850389339,0.0006542850433933,12296,128,qam16,8,2,1042.8069868220514,high_sparse,42001,N128_qam16_high_sparse_S8_42001_b9d4f3f1
9,ofdm:time:L0:K16,ofdm,time,0,16,12800.0,0.0,1664.0,14464.0,160128.0,193024.0,35848,1,18432,0.0,0.0855712890625,0.08837890625,0.0107805895027146,724,8192,16,3.0,8.623747993253909e-07,73112.0,0.0004613999917637,0.0001499100390819,0.0006113100308456,12296,128,qam16,8,2,1042.8069868220514,high_sparse,42001,N128_qam16_high_sparse_S8_42001_b9d4f3f1
10,ofdm:dense:L128:K0,ofdm,dense,128,0,1421824.0,0.0,0.0,23791701.33333333,403200.0,24213333.33333333,1073152,1,18432,0.0,0.0855712890625,0.08837890625,0.0107805895027146,724,8192,16,0.0,6.112741692273985e-16,24213333.33333333,0.0038119999953778,0.0001856037907518,0.0039976037861296,786432,128,qam16,8,2,1042.8069868220514,high_sparse,42001,N128_qam16_high_sparse_S8_42001_b9d4f3f1
11,otfs:symbol:L4:K2,otfs,symbol,4,2,2077184.0,212992.0,3200.0,2293376.0,46352.0,2358160.0,570376,1,18432,0.0175604451713031,0.0946044921875,0.0904541015625,0.0086090875798022,741,8192,16,2.0,0.0097735708423731,2358160.0,0.0091576999839162,0.000174099048777,0.0093317990326933,22536,128,qam16,8,2,1042.8069868220514,high_sparse,42001,N128_qam16_high_sparse_S8_42001_b9d4f3f1
12,otfs:symbol:L4:K8,otfs,symbol,4,8,2077184.0,212992.0,3200.0,2293376.0,126272.0,2438080.0,570376,1,18432,0.0175604451713031,0.094482421875,0.0899658203125,0.008660628440555,737,8192,16,3.0,2.0247811515799178e-17,2371480.0,0.009050999986357,0.0001863615539288,0.0092373615402858,22536,128,qam16,8,2,1042.8069868220514,high_sparse,42001,N128_qam16_high_sparse_S8_42001_b9d4f3f1
13,otfs:symbol:L8:K4,otfs,symbol,8,4,2077184.0,212992.0,6272.0,2296448.0,109856.0,2424736.0,590856,1,18432,9.09348360391693e-05,0.08154296875,0.0787353515625,0.0071217679729735,645,8192,16,1.0,3.5244732387530136e-16,2360200.0,0.0090589999890653,0.0001542365494198,0.0092132365384851,43016,128,qam16,8,2,1042.8069868220514,high_sparse,42001,N128_qam16_high_sparse_S8_42001_b9d4f3f1
14,otfs:symbol:L8:K16,otfs,symbol,8,16,2077184.0,212992.0,6272.0,2296448.0,368000.0,2682880.0,590856,1,18432,9.09348360391693e-05,0.08154296875,0.0787353515625,0.0071217679729735,645,8192,16,1.0,3.5244732387530136e-16,2360200.0,0.0090808999957516,0.0001671365548783,0.00924803655063,43016,128,qam16,8,2,1042.8069868220514,high_sparse,42001,N128_qam16_high_sparse_S8_42001_b9d4f3f1
15,otfs:symbol:L16:K8,otfs,symbol,16,8,2077184.0,212992.0,12416.0,2302592.0,335168.0,2656192.0,631816,1,18432,0.0,0.0810546875,0.0780029296875,0.0092567617085621,639,8192,16,3.0,8.584270400035621e-07,2466712.0,0.0090763999905902,0.0001995740508529,0.0092759740414432,83976,128,qam16,8,2,1042.8069868220514,high_sparse,42001,N128_qam16_high_sparse_S8_42001_b9d4f3f1
16,otfs:symbol:L32:K16,otfs,symbol,32,16,2077184.0,212992.0,24704.0,2314880.0,1179008.0,3512320.0,713736,1,18432,0.0,0.0810546875,0.0780029296875,0.0092567617085621,639,8192,16,3.0,8.584270400035631e-07,2593688.0,0.0092705999995814,0.0002116428018008,0.0094822428013823,165896,128,qam16,8,2,1042.8069868220514,high_sparse,42001,N128_qam16_high_sparse_S8_42001_b9d4f3f1
17,otfs:time:L0:K2,otfs,time,0,2,12800.0,0.0,1664.0,14464.0,36112.0,69008.0,35848,1,18432,0.0,0.0810546875,0.0780029296875,0.0092567617085621,639,8192,16,2.0,0.0001022686046793,69008.0,0.0004807999939657,0.000183867806768,0.0006646678007338,12296,128,qam16,8,2,1042.8069868220514,high_sparse,42001,N128_qam16_high_sparse_S8_42001_b9d4f3f1
18,otfs:time:L0:K4,otfs,time,0,4,12800.0,0.0,1664.0,14464.0,54560.0,87456.0,35848,1,18432,0.0,0.0810546875,0.0780029296875,0.0092567617085621,639,8192,16,3.0,8.584270400035617e-07,78232.0,0.0005054999928688,0.0001898990544897,0.0006953990473586,12296,128,qam16,8,2,1042.8069868220514,high_sparse,42001,N128_qam16_high_sparse_S8_42001_b9d4f3f1
19,otfs:time:L0:K8,otfs,time,0,8,12800.0,0.0,1664.0,14464.0,91456.0,124352.0,35848,1,18432,0.0,0.0810546875,0.0780029296875,0.0092567617085621,639,8192,16,3.0,8.584270400035617e-07,78232.0,0.0004836000152863,0.0001846178070219,0.0006682178223083,12296,128,qam16,8,2,1042.8069868220514,high_sparse,42001,N128_qam16_high_sparse_S8_42001_b9d4f3f1
20,otfs:time:L0:K16,otfs,time,0,16,12800.0,0.0,1664.0,14464.0,165248.0,198144.0,35848,1,18432,0.0,0.0810546875,0.0780029296875,0.0092567617085621,639,8192,16,3.0,8.584270400035617e-07,78232.0,0.0004549000004772,0.0001814865513689,0.0006363865518461,12296,128,qam16,8,2,1042.8069868220514,high_sparse,42001,N128_qam16_high_sparse_S8_42001_b9d4f3f1
21,otfs:dense:L128:K0,otfs,dense,128,0,2077184.0,0.0,0.0,24447061.33333333,408320.0,24873813.33333333,1073152,1,18432,0.0,0.0810546875,0.0780029296875,0.0092567617085621,639,8192,16,0.0,3.276378352362236e-16,24873813.33333333,0.0088684999936958,0.0002110615519224,0.0090795615456183,786432,128,qam16,8,2,1042.8069868220514,high_sparse,42001,N128_qam16_high_sparse_S8_42001_b9d4f3f1
22,afdm:symbol:L4:K2,afdm,symbol,4,2,1828096.0,212992.0,3200.0,2044288.0,44304.0,2107024.0,570376,1,18432,0.0222747159673224,0.1005859375,0.095703125,0.0124551604620501,784,8192,16,2.0,0.0164977123577103,2107024.0,0.0038392999995267,0.000128724810841,0.0039680248103677,22536,128,qam16,8,2,1042.8069868220514,high_sparse,42001,N128_qam16_high_sparse_S8_42001_b9d4f3f1
23,afdm:symbol:L4:K8,afdm,symbol,4,8,1828096.0,212992.0,3200.0,2044288.0,124224.0,2186944.0,570376,1,18432,0.0222747159673224,0.10205078125,0.09619140625,0.0120081454288589,788,8192,16,7.0,3.230464614757459e-07,2173624.0,0.0037824000028194,0.0001997935562967,0.0039821935591162,22536,128,qam16,8,2,1042.8069868220514,high_sparse,42001,N128_qam16_high_sparse_S8_42001_b9d4f3f1
24,afdm:symbol:L8:K4,afdm,symbol,8,4,1828096.0,212992.0,6272.0,2047360.0,107808.0,2173600.0,590856,1,18432,0.0110905142252156,0.09130859375,0.0865478515625,0.0096666534248349,709,8192,16,4.0,7.64516390115895e-05,2173600.0,0.0037865999911446,0.0001695373114698,0.0039561373026145,43016,128,qam16,8,2,1042.8069868220514,high_sparse,42001,N128_qam16_high_sparse_S8_42001_b9d4f3f1
25,afdm:symbol:L8:K16,afdm,symbol,8,16,1828096.0,212992.0,6272.0,2047360.0,365952.0,2431744.0,590856,1,18432,0.0110905142252156,0.0911865234375,0.0865478515625,0.0096666534248349,709,8192,16,6.0,6.037963289220543e-07,2216624.0,0.0037927999946987,0.0001987623084487,0.0039915623031475,43016,128,qam16,8,2,1042.8069868220514,high_sparse,42001,N128_qam16_high_sparse_S8_42001_b9d4f3f1
26,afdm:symbol:L16:K8,afdm,symbol,16,8,1828096.0,212992.0,12416.0,2053504.0,333120.0,2405056.0,631816,1,18432,0.0055106256171219,0.0858154296875,0.08056640625,0.0073253037390808,660,8192,16,6.0,1.770038687770277e-07,2329264.0,0.0037880999880144,0.0001968498111664,0.0039849497991808,83976,128,qam16,8,2,1042.8069868220514,high_sparse,42001,N128_qam16_high_sparse_S8_42001_b9d4f3f1
27,afdm:symbol:L32:K16,afdm,symbol,32,16,1828096.0,212992.0,24704.0,2065792.0,1176960.0,3261184.0,713736,1,18432,0.0025943974314079,0.0821533203125,0.0791015625,0.0089361249670695,648,8192,16,5.0,3.760688052461208e-07,2483880.0,0.0041135999927064,0.0002058123093802,0.0043194123020867,165896,128,qam16,8,2,1042.8069868220514,high_sparse,42001,N128_qam16_high_sparse_S8_42001_b9d4f3f1
28,afdm:time:L0:K2,afdm,time,0,2,25856.0,0.0,1664.0,27520.0,34064.0,80016.0,35848,1,18432,0.0,0.080810546875,0.0787353515625,0.008338989881152,645,8192,16,2.0,9.961769230123232e-05,80016.0,0.0004917999904137,0.0001132310574603,0.000605031047874,12296,128,qam16,8,2,1042.8069868220514,high_sparse,42001,N128_qam16_high_sparse_S8_42001_b9d4f3f1
29,afdm:time:L0:K4,afdm,time,0,4,25856.0,0.0,1664.0,27520.0,52512.0,98464.0,35848,1,18432,0.0,0.080810546875,0.0787353515625,0.008338989881152,645,8192,16,3.0,8.642667399982431e-07,89240.0,0.0004804999916814,0.0001342810631313,0.0006147810548127,12296,128,qam16,8,2,1042.8069868220514,high_sparse,42001,N128_qam16_high_sparse_S8_42001_b9d4f3f1
30,afdm:time:L0:K8,afdm,time,0,8,25856.0,0.0,1664.0,27520.0,89408.0,135360.0,35848,1,18432,0.0,0.080810546875,0.0787353515625,0.008338989881152,645,8192,16,3.0,8.642667399982431e-07,89240.0,0.0004828999954042,0.0001293998132523,0.0006122998086566,12296,128,qam16,8,2,1042.8069868220514,high_sparse,42001,N128_qam16_high_sparse_S8_42001_b9d4f3f1
31,afdm:time:L0:K16,afdm,time,0,16,25856.0,0.0,1664.0,27520.0,163200.0,209152.0,35848,1,18432,0.0,0.080810546875,0.0787353515625,0.008338989881152,645,8192,16,3.0,8.642667399982431e-07,89240.0,0.0004708000051323,0.0001291810579487,0.000599981063081,12296,128,qam16,8,2,1042.8069868220514,high_sparse,42001,N128_qam16_high_sparse_S8_42001_b9d4f3f1
32,afdm:dense:L128:K0,afdm,dense,128,0,1828096.0,0.0,0.0,24197973.33333333,406272.0,24622677.33333333,1073152,1,18432,0.0,0.080810546875,0.0787353515625,0.008338989881152,645,8192,16,0.0,6.08347952722813e-16,24622677.33333333,0.0037395999970613,0.000161774816027,0.0039013748130883,786432,128,qam16,8,2,1042.8069868220514,high_sparse,42001,N128_qam16_high_sparse_S8_42001_b9d4f3f1
0,ofdm:symbol:L4:K2,ofdm,symbol,4,2,1421824.0,212992.0,3200.0,1638016.0,41232.0,1697680.0,570376,1,18432,0.1027516725819756,0.1197509765625,0.1312255859375,0.0140338747646482,1075,8192,16,2.0,0.1113261063293467,1697680.0,0.0036218000022927,0.0001134988647897,0.0037352988670825,22536,128,qam16,8,2,2110.965432432229,high_sparse,42002,N128_qam16_high_sparse_S8_42002_b4386c24
1,ofdm:symbol:L4:K8,ofdm,symbol,4,8,1421824.0,212992.0,3200.0,1638016.0,121152.0,1777600.0,570376,1,18432,0.1027516725819756,0.140380859375,0.1517333984375,0.0273876020203568,1243,8192,16,8.0,0.0020263922386071,1777600.0,0.0035264000034658,0.000236573861526,0.0037629738649918,22536,128,qam16,8,2,2110.965432432229,high_sparse,42002,N128_qam16_high_sparse_S8_42002_b4386c24
2,ofdm:symbol:L8:K4,ofdm,symbol,8,4,1421824.0,212992.0,6272.0,1641088.0,104736.0,1764256.0,590856,1,18432,0.0421049280393258,0.0816650390625,0.0888671875,0.018597469865997,728,8192,16,4.0,0.0284644871217749,1764256.0,0.0035759000020334,0.0001516863636204,0.0037275863656539,43016,128,qam16,8,2,2110.965432432229,high_sparse,42002,N128_qam16_high_sparse_S8_42002_b4386c24
3,ofdm:symbol:L8:K16,ofdm,symbol,8,16,1421824.0,212992.0,6272.0,1641088.0,362880.0,2022400.0,590856,1,18432,0.0421049280393258,0.091796875,0.1055908203125,0.0223882854665377,865,8192,16,16.0,4.445966383701506e-06,2022400.0,0.0035395000013522,0.000346705114294,0.0038862051156463,43016,128,qam16,8,2,2110.965432432229,high_sparse,42002,N128_qam16_high_sparse_S8_42002_b4386c24
4,ofdm:symbol:L16:K8,ofdm,symbol,16,8,1421824.0,212992.0,12416.0,1647232.0,330048.0,1995712.0,631816,1,18432,0.0186105751170817,0.0625,0.080322265625,0.0237701544657754,658,8192,16,8.0,0.0006027685542468,1995712.0,0.0036155999987386,0.0002271801136664,0.003842780112405,83976,128,qam16,8,2,2110.965432432229,high_sparse,42002,N128_qam16_high_sparse_S8_42002_b4386c24
5,ofdm:symbol:L32:K16,ofdm,symbol,32,16,1421824.0,212992.0,24704.0,1659520.0,1173888.0,2851840.0,713736,1,18432,0.0089083429271125,0.0504150390625,0.0562744140625,0.0176174148578732,461,8192,16,13.0,3.414614326915893e-07,2639848.0,0.003696800005855,0.0003746426132927,0.0040714426191477,165896,128,qam16,8,2,2110.965432432229,high_sparse,42002,N128_qam16_high_sparse_S8_42002_b4386c24
6,ofdm:time:L0:K2,ofdm,time,0,2,12800.0,0.0,1664.0,14464.0,30992.0,63888.0,35848,1,18432,0.0,0.039794921875,0.040771484375,0.0081588275680489,334,8192,16,2.0,0.0466685506761245,63888.0,0.0004732999950647,0.0001078051114525,0.0005811051065172,12296,128,qam16,8,2,2110.965432432229,high_sparse,42002,N128_qam16_high_sparse_S8_42002_b4386c24
7,ofdm:time:L0:K4,ofdm,time,0,4,12800.0,0.0,1664.0,14464.0,49440.0,82336.0,35848,1,18432,0.0,0.0386962890625,0.0390625,0.0077471222815851,320,8192,16,4.0,0.0018765093294352,82336.0,0.0004548999859252,0.0001372738602874,0.0005921738462127,12296,128,qam16,8,2,2110.965432432229,high_sparse,42002,N128_qam16_high_sparse_S8_42002_b4386c24
8,ofdm:time:L0:K8,ofdm,time,0,8,12800.0,0.0,1664.0,14464.0,86336.0,119232.0,35848,1,18432,0.0,0.0390625,0.0391845703125,0.0078277439169342,321,8192,16,8.0,2.887987557104477e-06,119232.0,0.0004544999974314,0.0002020488596606,0.000656548857092,12296,128,qam16,8,2,2110.965432432229,high_sparse,42002,N128_qam16_high_sparse_S8_42002_b4386c24
9,ofdm:time:L0:K16,ofdm,time,0,16,12800.0,0.0,1664.0,14464.0,160128.0,193024.0,35848,1,18432,0.0,0.0390625,0.0391845703125,0.0078277439169342,321,8192,16,9.0,5.673500366130472e-07,128456.0,0.0005037000082666,0.0002509113597404,0.000754611368007,12296,128,qam16,8,2,2110.965432432229,high_sparse,42002,N128_qam16_high_sparse_S8_42002_b4386c24
10,ofdm:dense:L128:K0,ofdm,dense,128,0,1421824.0,0.0,0.0,23791701.33333333,403200.0,24213333.33333333,1073152,1,18432,0.0,0.0390625,0.0391845703125,0.0078277439169342,321,8192,16,0.0,6.557193640341431e-16,24213333.33333333,0.003544499995769,0.0001545051150749,0.0036990051108439,786432,128,qam16,8,2,2110.965432432229,high_sparse,42002,N128_qam16_high_sparse_S8_42002_b4386c24
11,otfs:symbol:L4:K2,otfs,symbol,4,2,2077184.0,212992.0,3200.0,2293376.0,46352.0,2358160.0,570376,1,18432,0.0954169102234457,0.1197509765625,0.1290283203125,0.0147796854558157,1057,8192,16,2.0,0.1033452453158767,2358160.0,0.0078331000113394,0.0001442234875646,0.007977323498904,22536,128,qam16,8,2,2110.965432432229,high_sparse,42002,N128_qam16_high_sparse_S8_42002_b4386c24
12,otfs:symbol:L4:K8,otfs,symbol,4,8,2077184.0,212992.0,3200.0,2293376.0,126272.0,2438080.0,570376,1,18432,0.0954169102234457,0.13232421875,0.142822265625,0.0136602443088263,1170,8192,16,8.0,0.0005573789732098,2438080.0,0.0080508000100962,0.0003181297348198,0.0083689297449161,22536,128,qam16,8,2,2110.965432432229,high_sparse,42002,N128_qam16_high_sparse_S8_42002_b4386c24
13,otfs:symbol:L8:K4,otfs,symbol,8,4,2077184.0,212992.0,6272.0,2296448.0,109856.0,2424736.0,590856,1,18432,0.0182678027580477,0.0517578125,0.0594482421875,0.0070949354707643,487,8192,16,4.0,0.0042373255756364,2424736.0,0.0078777000162517,0.0001815609844704,0.0080592610007222,43016,128,qam16,8,2,2110.965432432229,high_sparse,42002,N128_qam16_high_sparse_S8_42002_b4386c24
14,otfs:symbol:L8:K16,otfs,symbol,8,16,2077184.0,212992.0,6272.0,2296448.0,368000.0,2682880.0,590856,1,18432,0.0182678027580477,0.0517578125,0.0592041015625,0.0075042966614992,485,8192,16,10.625,5.143133532280771e-07,2567253.0,0.0078603000147268,0.0002983922355049,0.0081586922502317,43016,128,qam16,8,2,2110.965432432229,high_sparse,42002,N128_qam16_high_sparse_S8_42002_b4386c24
15,otfs:symbol:L16:K8,otfs,symbol,16,8,2077184.0,212992.0,12416.0,2302592.0,335168.0,2656192.0,631816,1,18432,2.220446049250313e-16,0.034912109375,0.041748046875,0.0064136691667866,342,8192,16,8.0,2.909180691337163e-06,2656192.0,0.0078494000044884,0.0002608672326239,0.0081102672371123,83976,128,qam16,8,2,2110.965432432229,high_sparse,42002,N128_qam16_high_sparse_S8_42002_b4386c24
16,otfs:symbol:L32:K16,otfs,symbol,32,16,2077184.0,212992.0,24704.0,2314880.0,1179008.0,3512320.0,713736,1,18432,2.220446049250313e-16,0.034912109375,0.041748046875,0.0064136691667866,342,8192,16,9.0,5.731318139603226e-07,3017672.0,0.0081481000088388,0.0004647734891257,0.0086128734979645,165896,128,qam16,8,2,2110.965432432229,high_sparse,42002,N128_qam16_high_sparse_S8_42002_b4386c24
17,otfs:time:L0:K2,otfs,time,0,2,12800.0,0.0,1664.0,14464.0,36112.0,69008.0,35848,1,18432,0.0,0.038330078125,0.0474853515625,0.0068301221544131,389,8192,16,2.0,0.0464685138714116,69008.0,0.0004992000031052,0.000144110984889,0.0006433109879942,12296,128,qam16,8,2,2110.965432432229,high_sparse,42002,N128_qam16_high_sparse_S8_42002_b4386c24
18,otfs:time:L0:K4,otfs,time,0,4,12800.0,0.0,1664.0,14464.0,54560.0,87456.0,35848,1,18432,0.0,0.0350341796875,0.041259765625,0.0061298261040918,338,8192,16,4.0,0.0019013978893794,87456.0,0.0004848000098718,0.0002037484887985,0.0006885484986703,12296,128,qam16,8,2,2110.965432432229,high_sparse,42002,N128_qam16_high_sparse_S8_42002_b4386c24
19,otfs:time:L0:K8,otfs,time,0,8,12800.0,0.0,1664.0,14464.0,91456.0,124352.0,35848,1,18432,0.0,0.034912109375,0.041748046875,0.0064136691667866,342,8192,16,8.0,2.909180691337164e-06,124352.0,0.0004887000104645,0.0007008734870175,0.0011895734974821,12296,128,qam16,8,2,2110.965432432229,high_sparse,42002,N128_qam16_high_sparse_S8_42002_b4386c24
20,otfs:time:L0:K16,otfs,time,0,16,12800.0,0.0,1664.0,14464.0,165248.0,198144.0,35848,1,18432,0.0,0.034912109375,0.041748046875,0.0064136691667866,342,8192,16,9.0,5.731318139603227e-07,133576.0,0.000528700009454,0.0003540172325081,0.0008827172419621,12296,128,qam16,8,2,2110.965432432229,high_sparse,42002,N128_qam16_high_sparse_S8_42002_b4386c24
21,otfs:dense:L128:K0,otfs,dense,128,0,2077184.0,0.0,0.0,24447061.33333333,408320.0,24873813.33333333,1073152,1,18432,0.0,0.034912109375,0.041748046875,0.0064136691667866,342,8192,16,0.0,3.696430838334724e-16,24873813.33333333,0.007736700004898,0.0001926172349847,0.0079293172398827,786432,128,qam16,8,2,2110.965432432229,high_sparse,42002,N128_qam16_high_sparse_S8_42002_b4386c24
22,afdm:symbol:L4:K2,afdm,symbol,4,2,1828096.0,212992.0,3200.0,2044288.0,44304.0,2107024.0,570376,1,18432,0.1052358740418185,0.132080078125,0.1343994140625,0.0104868748087111,1101,8192,16,2.0,0.1110467414029083,2107024.0,0.003966100004618,0.0001674956417142,0.0041335956463323,22536,128,qam16,8,2,2110.965432432229,high_sparse,42002,N128_qam16_high_sparse_S8_42002_b4386c24
23,afdm:symbol:L4:K8,afdm,symbol,4,8,1828096.0,212992.0,3200.0,2044288.0,124224.0,2186944.0,570376,1,18432,0.1052358740418185,0.146728515625,0.1531982421875,0.0169965833334642,1255,8192,16,8.0,0.0014171700808247,2186944.0,0.0038883999950485,0.0002131643938506,0.0041015643888992,22536,128,qam16,8,2,2110.965432432229,high_sparse,42002,N128_qam16_high_sparse_S8_42002_b4386c24
24,afdm:symbol:L8:K4,afdm,symbol,8,4,1828096.0,212992.0,6272.0,2047360.0,107808.0,2173600.0,590856,1,18432,0.0466321337440329,0.0931396484375,0.0938720703125,0.0161762893721006,769,8192,16,4.0,0.0265624482067166,2173600.0,0.0039961000002222,0.0001528268946155,0.0041489268948377,43016,128,qam16,8,2,2110.965432432229,high_sparse,42002,N128_qam16_high_sparse_S8_42002_b4386c24
25,afdm:symbol:L8:K16,afdm,symbol,8,16,1828096.0,212992.0,6272.0,2047360.0,365952.0,2431744.0,590856,1,18432,0.0466321337440329,0.1029052734375,0.1063232421875,0.0208776638135945,871,8192,16,16.0,3.2829716380371195e-06,2431744.0,0.0038419000047724,0.0003637643955395,0.004205664400312,43016,128,qam16,8,2,2110.965432432229,high_sparse,42002,N128_qam16_high_sparse_S8_42002_b4386c24
26,afdm:symbol:L16:K8,afdm,symbol,16,8,1828096.0,212992.0,12416.0,2053504.0,333120.0,2405056.0,631816,1,18432,0.0188517406509831,0.0682373046875,0.0731201171875,0.0182101195599148,599,8192,16,8.0,0.0009818091565292,2405056.0,0.0039103000017348,0.0002387268938643,0.0041490268955991,83976,128,qam16,8,2,2110.965432432229,high_sparse,42002,N128_qam16_high_sparse_S8_42002_b4386c24
27,afdm:symbol:L32:K16,afdm,symbol,32,16,1828096.0,212992.0,24704.0,2065792.0,1176960.0,3261184.0,713736,1,18432,0.0088751361645258,0.0533447265625,0.0543212890625,0.0150820164114361,445,8192,16,13.0,4.208669380794657e-07,3049192.0,0.0040687000000616,0.0004184331407183,0.00448713314078,165896,128,qam16,8,2,2110.965432432229,high_sparse,42002,N128_qam16_high_sparse_S8_42002_b4386c24
28,afdm:time:L0:K2,afdm,time,0,2,25856.0,0.0,1664.0,27520.0,34064.0,80016.0,35848,1,18432,0.0,0.0389404296875,0.0423583984375,0.0098748771563265,347,8192,16,2.0,0.0466853869155036,80016.0,0.0004976000054739,0.0001162831428397,0.0006138831483137,12296,128,qam16,8,2,2110.965432432229,high_sparse,42002,N128_qam16_high_sparse_S8_42002_b4386c24
29,afdm:time:L0:K4,afdm,time,0,4,25856.0,0.0,1664.0,27520.0,52512.0,98464.0,35848,1,18432,0.0,0.0364990234375,0.0411376953125,0.0086312142067769,337,8192,16,4.0,0.0018698144040338,98464.0,0.0005304000078467,0.0001519706417335,0.0006823706495803,12296,128,qam16,8,2,2110.965432432229,high_sparse,42002,N128_qam16_high_sparse_S8_42002_b4386c24
30,afdm:time:L0:K8,afdm,time,0,8,25856.0,0.0,1664.0,27520.0,89408.0,135360.0,35848,1,18432,0.0,0.0367431640625,0.0413818359375,0.008354224403797,339,8192,16,8.0,2.9665614350527533e-06,135360.0,0.0007042000070214,0.0002244331432545,0.0009286331502759,12296,128,qam16,8,2,2110.965432432229,high_sparse,42002,N128_qam16_high_sparse_S8_42002_b4386c24
31,afdm:time:L0:K16,afdm,time,0,16,25856.0,0.0,1664.0,27520.0,163200.0,209152.0,35848,1,18432,0.0,0.036865234375,0.0413818359375,0.008354224403797,339,8192,16,9.0,5.765406983037352e-07,144584.0,0.0004998000076739,0.0002541143973454,0.0007539144050194,12296,128,qam16,8,2,2110.965432432229,high_sparse,42002,N128_qam16_high_sparse_S8_42002_b4386c24
32,afdm:dense:L128:K0,afdm,dense,128,0,1828096.0,0.0,0.0,24197973.33333333,406272.0,24622677.33333333,1073152,1,18432,0.0,0.036865234375,0.0413818359375,0.008354224403797,339,8192,16,0.0,6.688156458853878e-16,24622677.33333333,0.0038005000096745,0.0001601518930935,0.0039606519027681,786432,128,qam16,8,2,2110.965432432229,high_sparse,42002,N128_qam16_high_sparse_S8_42002_b4386c24
0,ofdm:symbol:L4:K2,ofdm,symbol,4,2,1421824.0,212992.0,3200.0,1638016.0,41232.0,1697680.0,570376,1,18432,0.1028063785702708,0.29541015625,0.2943115234375,0.018851703742866,2411,8192,16,2.0,0.0679252304583455,1697680.0,0.0036762000090675,0.0001079285938789,0.0037841286029464,22536,128,qam16,8,2,921.32970673084,high_sparse,42003,N128_qam16_high_sparse_S8_42003_8db86535
1,ofdm:symbol:L4:K8,ofdm,symbol,4,8,1421824.0,212992.0,3200.0,1638016.0,121152.0,1777600.0,570376,1,18432,0.1028063785702708,0.2967529296875,0.2940673828125,0.0199304101150764,2409,8192,16,8.0,6.906501581195516e-05,1777600.0,0.0036012999917147,0.0002655785983182,0.003866878590033,22536,128,qam16,8,2,921.32970673084,high_sparse,42003,N128_qam16_high_sparse_S8_42003_8db86535
2,ofdm:symbol:L8:K4,ofdm,symbol,8,4,1421824.0,212992.0,6272.0,1641088.0,104736.0,1764256.0,590856,1,18432,0.037834879978592,0.279296875,0.283203125,0.018377373712893,2320,8192,16,4.0,0.0052634969553579,1764256.0,0.0036652999988291,0.0001532536006738,0.0038185535995029,43016,128,qam16,8,2,921.32970673084,high_sparse,42003,N128_qam16_high_sparse_S8_42003_8db86535
3,ofdm:symbol:L8:K16,ofdm,symbol,8,16,1421824.0,212992.0,6272.0,1641088.0,362880.0,2022400.0,590856,1,18432,0.037834879978592,0.279541015625,0.2821044921875,0.0189089501504616,2311,8192,16,12.0,3.4946962875677226e-07,1936352.0,0.0036648999957833,0.0004609348479238,0.0041258348437071,43016,128,qam16,8,2,921.32970673084,high_sparse,42003,N128_qam16_high_sparse_S8_42003_8db86535
4,ofdm:symbol:L16:K8,ofdm,symbol,16,8,1421824.0,212992.0,12416.0,1647232.0,330048.0,1995712.0,631816,1,18432,0.0178958463726118,0.27880859375,0.27880859375,0.0174036479765198,2284,8192,16,8.0,3.344840849129488e-05,1995712.0,0.0037687000003643,0.0002282098520839,0.0039969098524483,83976,128,qam16,8,2,921.32970673084,high_sparse,42003,N128_qam16_high_sparse_S8_42003_8db86535
5,ofdm:symbol:L32:K16,ofdm,symbol,32,16,1421824.0,212992.0,24704.0,1659520.0,1173888.0,2851840.0,713736,1,18432,0.008566117223286,0.27685546875,0.277099609375,0.0192806184686891,2270,8192,16,11.0,4.856278969369644e-07,2498520.0,0.0040334999939659,0.0003399098504263,0.0043734098443923,165896,128,qam16,8,2,921.32970673084,high_sparse,42003,N128_qam16_high_sparse_S8_42003_8db86535
6,ofdm:time:L0:K2,ofdm,time,0,2,12800.0,0.0,1664.0,14464.0,30992.0,63888.0,35848,1,18432,0.0,0.2757568359375,0.2769775390625,0.0224987651344801,2269,8192,16,2.0,0.0502053726934926,63888.0,0.0004674999800045,0.0001091348457879,0.0005766348257924,12296,128,qam16,8,2,921.32970673084,high_sparse,42003,N128_qam16_high_sparse_S8_42003_8db86535
7,ofdm:time:L0:K4,ofdm,time,0,4,12800.0,0.0,1664.0,14464.0,49440.0,82336.0,35848,1,18432,0.0,0.274169921875,0.2752685546875,0.0230928296915392,2255,8192,16,4.0,0.002987068036519,82336.0,0.0004520999791566,0.000155609853154,0.0006077098323106,12296,128,qam16,8,2,921.32970673084,high_sparse,42003,N128_qam16_high_sparse_S8_42003_8db86535
8,ofdm:time:L0:K8,ofdm,time,0,8,12800.0,0.0,1664.0,14464.0,86336.0,119232.0,35848,1,18432,0.0,0.2733154296875,0.2755126953125,0.0233447464777485,2257,8192,16,8.0,9.24652663117429e-06,119232.0,0.0004543999966699,0.0002039223454079,0.0006583223420779,12296,128,qam16,8,2,921.32970673084,high_sparse,42003,N128_qam16_high_sparse_S8_42003_8db86535
9,ofdm:time:L0:K16,ofdm,time,0,16,12800.0,0.0,1664.0,14464.0,160128.0,193024.0,35848,1,18432,0.0,0.2734375,0.2755126953125,0.0233447464777485,2257,8192,16,10.0,4.988055042350182e-07,137680.0,0.0004590999888023,0.0002636535991217,0.0007227535879241,12296,128,qam16,8,2,921.32970673084,high_sparse,42003,N128_qam16_high_sparse_S8_42003_8db86535
10,ofdm:dense:L128:K0,ofdm,dense,128,0,1421824.0,0.0,0.0,23791701.33333333,403200.0,24213333.33333333,1073152,1,18432,0.0,0.2734375,0.2755126953125,0.0233447464777485,2257,8192,16,0.0,4.064260010437014e-16,24213333.33333333,0.0035872000007657,0.0001491348511439,0.0037363348519096,786432,128,qam16,8,2,921.32970673084,high_sparse,42003,N128_qam16_high_sparse_S8_42003_8db86535
11,otfs:symbol:L4:K2,otfs,symbol,4,2,2077184.0,212992.0,3200.0,2293376.0,46352.0,2358160.0,570376,1,18432,0.0979237722604279,0.2977294921875,0.29833984375,0.0174036479765198,2444,8192,16,2.0,0.0619554706178874,2358160.0,0.0073057999979937,0.0001867339033748,0.0074925339013685,22536,128,qam16,8,2,921.32970673084,high_sparse,42003,N128_qam16_high_sparse_S8_42003_8db86535
12,otfs:symbol:L4:K8,otfs,symbol,4,8,2077184.0,212992.0,3200.0,2293376.0,126272.0,2438080.0,570376,1,18432,0.0979237722604279,0.2928466796875,0.2979736328125,0.0167554714698829,2441,8192,16,8.0,4.195836507521207e-05,2438080.0,0.0072821999929146,0.0004914964002278,0.0077736963931425,22536,128,qam16,8,2,921.32970673084,high_sparse,42003,N128_qam16_high_sparse_S8_42003_8db86535
13,otfs:symbol:L8:K4,otfs,symbol,8,4,2077184.0,212992.0,6272.0,2296448.0,109856.0,2424736.0,590856,1,18432,0.0238092143103118,0.2811279296875,0.282958984375,0.0197239839486344,2318,8192,16,4.0,0.0031974160800398,2424736.0,0.0074386999913258,0.0001833151500801,0.0076220151414059,43016,128,qam16,8,2,921.32970673084,high_sparse,42003,N128_qam16_high_sparse_S8_42003_8db86535
14,otfs:symbol:L8:K16,otfs,symbol,8,16,2077184.0,212992.0,6272.0,2296448.0,368000.0,2682880.0,590856,1,18432,0.0238092143103118,0.281494140625,0.283203125,0.0201086526191152,2320,8192,16,10.0,6.496200419486841e-07,2553808.0,0.0073613999848021,0.0002851963982362,0.0076465963830383,43016,128,qam16,8,2,921.32970673084,high_sparse,42003,N128_qam16_high_sparse_S8_42003_8db86535
15,otfs:symbol:L16:K8,otfs,symbol,16,8,2077184.0,212992.0,12416.0,2302592.0,335168.0,2656192.0,631816,1,18432,0.0,0.2825927734375,0.2786865234375,0.0179958857320117,2283,8192,16,8.0,9.368861257884335e-06,2656192.0,0.0073317999922437,0.0002725401455432,0.007604340137787,83976,128,qam16,8,2,921.32970673084,high_sparse,42003,N128_qam16_high_sparse_S8_42003_8db86535
16,otfs:symbol:L32:K16,otfs,symbol,32,16,2077184.0,212992.0,24704.0,2314880.0,1179008.0,3512320.0,713736,1,18432,0.0,0.2825927734375,0.2786865234375,0.0179958857320117,2283,8192,16,10.0,5.240168014559113e-07,3088336.0,0.0075448999996297,0.0003491089001368,0.0078940088997666,165896,128,qam16,8,2,921.32970673084,high_sparse,42003,N128_qam16_high_sparse_S8_42003_8db86535
17,otfs:time:L0:K2,otfs,time,0,2,12800.0,0.0,1664.0,14464.0,36112.0,69008.0,35848,1,18432,0.0,0.2833251953125,0.2802734375,0.0171460200222724,2296,8192,16,2.0,0.0513740138907247,69008.0,0.0004640999977709,0.0001399463990861,0.0006040463968571,12296,128,qam16,8,2,921.32970673084,high_sparse,42003,N128_qam16_high_sparse_S8_42003_8db86535
18,otfs:time:L0:K4,otfs,time,0,4,12800.0,0.0,1664.0,14464.0,54560.0,87456.0,35848,1,18432,0.0,0.281494140625,0.279052734375,0.01840330239114,2286,8192,16,4.0,0.0030334025336593,87456.0,0.0004480000061448,0.0001796401502912,0.000627640156436,12296,128,qam16,8,2,921.32970673084,high_sparse,42003,N128_qam16_high_sparse_S8_42003_8db86535
19,otfs:time:L0:K8,otfs,time,0,8,12800.0,0.0,1664.0,14464.0,91456.0,124352.0,35848,1,18432,0.0,0.2825927734375,0.2786865234375,0.0179958857320117,2283,8192,16,8.0,9.36886125788434e-06,124352.0,0.0004374999989522,0.0002391526514298,0.0006766526503821,12296,128,qam16,8,2,921.32970673084,high_sparse,42003,N128_qam16_high_sparse_S8_42003_8db86535
20,otfs:time:L0:K16,otfs,time,0,16,12800.0,0.0,1664.0,14464.0,165248.0,198144.0,35848,1,18432,0.0,0.2825927734375,0.2786865234375,0.0179958857320117,2283,8192,16,10.0,5.240168014559115e-07,142800.0,0.0004676999960793,0.0003246276510804,0.0007923276471598,12296,128,qam16,8,2,921.32970673084,high_sparse,42003,N128_qam16_high_sparse_S8_42003_8db86535
21,otfs:dense:L128:K0,otfs,dense,128,0,2077184.0,0.0,0.0,24447061.33333333,408320.0,24873813.33333333,1073152,1,18432,0.0,0.2825927734375,0.2786865234375,0.0179958857320117,2283,8192,16,0.0,2.4679897652668036e-16,24873813.33333333,0.0072830999997677,0.0001976338999707,0.0074807338997385,786432,128,qam16,8,2,921.32970673084,high_sparse,42003,N128_qam16_high_sparse_S8_42003_8db86535
22,afdm:symbol:L4:K2,afdm,symbol,4,2,1828096.0,212992.0,3200.0,2044288.0,44304.0,2107024.0,570376,1,18432,0.1088398689532065,0.3028564453125,0.2869873046875,0.0183284417764877,2351,8192,16,2.0,0.0616354614357176,2107024.0,0.0045265999942785,0.0001424568164855,0.004669056810764,22536,128,qam16,8,2,921.32970673084,high_sparse,42003,N128_qam16_high_sparse_S8_42003_8db86535
23,afdm:symbol:L4:K8,afdm,symbol,4,8,1828096.0,212992.0,3200.0,2044288.0,124224.0,2186944.0,570376,1,18432,0.1088398689532065,0.297119140625,0.2869873046875,0.0172416988430887,2351,8192,16,8.0,4.05823163441691e-05,2186944.0,0.0042847000004258,0.000263181823522,0.0045478818239478,22536,128,qam16,8,2,921.32970673084,high_sparse,42003,N128_qam16_high_sparse_S8_42003_8db86535
24,afdm:symbol:L8:K4,afdm,symbol,8,4,1828096.0,212992.0,6272.0,2047360.0,107808.0,2173600.0,590856,1,18432,0.0521785950986113,0.2843017578125,0.2744140625,0.0181686122214131,2248,8192,16,4.0,0.0057792713712923,2173600.0,0.0042305999959353,0.0001676255635009,0.0043982255594363,43016,128,qam16,8,2,921.32970673084,high_sparse,42003,N128_qam16_high_sparse_S8_42003_8db86535
25,afdm:symbol:L8:K16,afdm,symbol,8,16,1828096.0,212992.0,6272.0,2047360.0,365952.0,2431744.0,590856,1,18432,0.0521785950986113,0.2835693359375,0.274169921875,0.0184860297714852,2246,8192,16,11.9375,4.075392898542325e-07,2344351.5,0.0042923000000882,0.0002907318213891,0.0045830318214773,43016,128,qam16,8,2,921.32970673084,high_sparse,42003,N128_qam16_high_sparse_S8_42003_8db86535
26,afdm:symbol:L16:K8,afdm,symbol,16,8,1828096.0,212992.0,12416.0,2053504.0,333120.0,2405056.0,631816,1,18432,0.0241426064877393,0.2777099609375,0.2744140625,0.0183912068903978,2248,8192,16,8.0,3.873248283492777e-05,2405056.0,0.004249699995853,0.0002539380668002,0.0045036380626532,83976,128,qam16,8,2,921.32970673084,high_sparse,42003,N128_qam16_high_sparse_S8_42003_8db86535
27,afdm:symbol:L32:K16,afdm,symbol,32,16,1828096.0,212992.0,24704.0,2065792.0,1176960.0,3261184.0,713736,1,18432,0.0089100042076578,0.277099609375,0.269775390625,0.0169502295674519,2210,8192,16,11.0,7.69230896512056e-07,2907864.0,0.0043467999930726,0.000388919316885,0.0047357193099576,165896,128,qam16,8,2,921.32970673084,high_sparse,42003,N128_qam16_high_sparse_S8_42003_8db86535
28,afdm:time:L0:K2,afdm,time,0,2,25856.0,0.0,1664.0,27520.0,34064.0,80016.0,35848,1,18432,0.0,0.280029296875,0.2708740234375,0.0169028083649839,2219,8192,16,2.0,0.0506954068003959,80016.0,0.0005218000005697,0.0001299255692918,0.0006517255698616,12296,128,qam16,8,2,921.32970673084,high_sparse,42003,N128_qam16_high_sparse_S8_42003_8db86535
29,afdm:time:L0:K4,afdm,time,0,4,25856.0,0.0,1664.0,27520.0,52512.0,98464.0,35848,1,18432,0.0,0.2752685546875,0.2708740234375,0.0152246688831822,2219,8192,16,4.0,0.0030041224115593,98464.0,0.000580699997954,0.0001537505660797,0.0007344505640338,12296,128,qam16,8,2,921.32970673084,high_sparse,42003,N128_qam16_high_sparse_S8_42003_8db86535
30,afdm:time:L0:K8,afdm,time,0,8,25856.0,0.0,1664.0,27520.0,89408.0,135360.0,35848,1,18432,0.0,0.2752685546875,0.2716064453125,0.0154690911354955,2225,8192,16,8.0,9.302075607580608e-06,135360.0,0.000514600003953,0.0002236068223117,0.0007382068262648,12296,128,qam16,8,2,921.32970673084,high_sparse,42003,N128_qam16_high_sparse_S8_42003_8db86535
31,afdm:time:L0:K16,afdm,time,0,16,25856.0,0.0,1664.0,27520.0,163200.0,209152.0,35848,1,18432,0.0,0.2752685546875,0.2716064453125,0.0154690911354955,2225,8192,16,10.0,5.193600584089638e-07,153808.0,0.0005134999955771,0.0006612630660873,0.0011747630616644,12296,128,qam16,8,2,921.32970673084,high_sparse,42003,N128_qam16_high_sparse_S8_42003_8db86535
32,afdm:dense:L128:K0,afdm,dense,128,0,1828096.0,0.0,0.0,24197973.33333333,406272.0,24622677.33333333,1073152,1,18432,0.0,0.2752685546875,0.2716064453125,0.0154690911354955,2225,8192,16,0.0,3.672059333622847e-16,24622677.33333333,0.0040414999966742,0.0001919755679244,0.0042334755645986,786432,128,qam16,8,2,921.32970673084,high_sparse,42003,N128_qam16_high_sparse_S8_42003_8db86535
0,ofdm:symbol:L4:K2,ofdm,symbol,4,2,1421824.0,212992.0,3200.0,1638016.0,41232.0,1697680.0,570376,1,18432,1.074977540138633e-05,0.0,0.0001220703125,0.00048828125,1,8192,16,2.0,2.029995164945141e-05,1697680.0,0.0039358000067295,0.0001136089009433,0.0040494089076728,22536,128,qam16,18,2,3.4646744738732576,low_sparse,42001,N128_qam16_low_sparse_S18_42001_e24c902b
1,ofdm:symbol:L4:K8,ofdm,symbol,4,8,1421824.0,212992.0,3200.0,1638016.0,121152.0,1777600.0,570376,1,18432,1.074977540138633e-05,0.0,0.0001220703125,0.00048828125,1,8192,16,3.0,5.704212031261552e-08,1711000.0,0.0038749000086681,0.0001306651516698,0.0040055651603379,22536,128,qam16,18,2,3.4646744738732576,low_sparse,42001,N128_qam16_low_sparse_S18_42001_e24c902b
2,ofdm:symbol:L8:K4,ofdm,symbol,8,4,1421824.0,212992.0,6272.0,1641088.0,104736.0,1764256.0,590856,1,18432,5.601851673753266e-06,0.0,0.0001220703125,0.00048828125,1,8192,16,3.0,6.058129743357594e-08,1742744.0,0.0038531000027433,0.0001271464012516,0.0039802464039949,43016,128,qam16,18,2,3.4646744738732576,low_sparse,42001,N128_qam16_low_sparse_S18_42001_e24c902b
3,ofdm:symbol:L8:K16,ofdm,symbol,8,16,1421824.0,212992.0,6272.0,1641088.0,362880.0,2022400.0,590856,1,18432,5.601851673753266e-06,0.0,0.0001220703125,0.00048828125,1,8192,16,3.0,6.058129743357594e-08,1742744.0,0.0037719999963883,0.0001279213998769,0.0038999213962652,43016,128,qam16,18,2,3.4646744738732576,low_sparse,42001,N128_qam16_low_sparse_S18_42001_e24c902b
4,ofdm:symbol:L16:K8,ofdm,symbol,16,8,1421824.0,212992.0,12416.0,1647232.0,330048.0,1995712.0,631816,1,18432,2.660400235776628e-06,0.0,0.0001220703125,0.00048828125,1,8192,16,3.0,1.4260609124709e-07,1806232.0,0.0041110000020125,0.0001457838994666,0.0042567839014791,83976,128,qam16,18,2,3.4646744738732576,low_sparse,42001,N128_qam16_low_sparse_S18_42001_e24c902b
5,ofdm:symbol:L32:K16,ofdm,symbol,32,16,1421824.0,212992.0,24704.0,1659520.0,1173888.0,2851840.0,713736,1,18432,1.261907859984035e-06,0.0,0.0001220703125,0.00048828125,1,8192,16,3.0,1.3047874536235253e-07,1933208.0,0.0041831999988062,0.0001522589051147,0.0043354589039209,165896,128,qam16,18,2,3.4646744738732576,low_sparse,42001,N128_qam16_low_sparse_S18_42001_e24c902b
6,ofdm:time:L0:K2,ofdm,time,0,2,12800.0,0.0,1664.0,14464.0,30992.0,63888.0,35848,1,18432,0.0,0.00048828125,0.0,0.0,0,8192,16,2.0,0.0370586653845348,63888.0,0.000495200001751,0.000123702650495,0.0006189026522461,12296,128,qam16,18,2,3.4646744738732576,low_sparse,42001,N128_qam16_low_sparse_S18_42001_e24c902b
7,ofdm:time:L0:K4,ofdm,time,0,4,12800.0,0.0,1664.0,14464.0,49440.0,82336.0,35848,1,18432,0.0,0.0,0.0001220703125,0.00048828125,1,8192,16,4.0,0.001119822168931,82336.0,0.0005173000099603,0.0002008776533385,0.0007181776632988,12296,128,qam16,18,2,3.4646744738732576,low_sparse,42001,N128_qam16_low_sparse_S18_42001_e24c902b
8,ofdm:time:L0:K8,ofdm,time,0,8,12800.0,0.0,1664.0,14464.0,86336.0,119232.0,35848,1,18432,0.0,0.0,0.0001220703125,0.00048828125,1,8192,16,8.0,1.0144195053924989e-06,119232.0,0.0005019999953219,0.0002137339002784,0.0007157338956004,12296,128,qam16,18,2,3.4646744738732576,low_sparse,42001,N128_qam16_low_sparse_S18_42001_e24c902b
9,ofdm:time:L0:K16,ofdm,time,0,16,12800.0,0.0,1664.0,14464.0,160128.0,193024.0,35848,1,18432,0.0,0.0,0.0001220703125,0.00048828125,1,8192,16,8.75,3.790663485202625e-07,126150.0,0.0004923999949824,0.0002372901532053,0.0007296901481877,12296,128,qam16,18,2,3.4646744738732576,low_sparse,42001,N128_qam16_low_sparse_S18_42001_e24c902b
10,ofdm:dense:L128:K0,ofdm,dense,128,0,1421824.0,0.0,0.0,23791701.33333333,403200.0,24213333.33333333,1073152,1,18432,0.0,0.0,0.0001220703125,0.00048828125,1,8192,16,0.0,6.67815418239049e-16,24213333.33333333,0.0038082000100985,0.0001809776518767,0.0039891776619752,786432,128,qam16,18,2,3.4646744738732576,low_sparse,42001,N128_qam16_low_sparse_S18_42001_e24c902b
11,otfs:symbol:L4:K2,otfs,symbol,4,2,2077184.0,212992.0,3200.0,2293376.0,46352.0,2358160.0,570376,1,18432,1.6006220040942765e-05,0.0003662109375,0.0001220703125,0.00048828125,1,8192,16,2.0,0.0368958526865906,2358160.0,0.0126458000013371,0.0001388297340864,0.0127846297354236,22536,128,qam16,18,2,3.4646744738732576,low_sparse,42001,N128_qam16_low_sparse_S18_42001_e24c902b
12,otfs:symbol:L4:K8,otfs,symbol,4,8,2077184.0,212992.0,3200.0,2293376.0,126272.0,2438080.0,570376,1,18432,1.6006220040942765e-05,0.000244140625,0.0,0.0,0,8192,16,8.0,1.004703401904371e-06,2438080.0,0.0125461999996332,0.0002311859870215,0.0127773859866548,22536,128,qam16,18,2,3.4646744738732576,low_sparse,42001,N128_qam16_low_sparse_S18_42001_e24c902b
13,otfs:symbol:L8:K4,otfs,symbol,8,4,2077184.0,212992.0,6272.0,2296448.0,109856.0,2424736.0,590856,1,18432,6.203666125359497e-06,0.000244140625,0.0,0.0,0,8192,16,4.0,0.0011421300553894,2424736.0,0.0125924000021768,0.0001753172363433,0.0127677172385202,43016,128,qam16,18,2,3.4646744738732576,low_sparse,42001,N128_qam16_low_sparse_S18_42001_e24c902b
14,otfs:symbol:L8:K16,otfs,symbol,8,16,2077184.0,212992.0,6272.0,2296448.0,368000.0,2682880.0,590856,1,18432,6.203666125359497e-06,0.000244140625,0.0,0.0,0,8192,16,8.5625,5.206988959725422e-07,2522884.5,0.0130203999869991,0.0003036297383997,0.0133240297253988,43016,128,qam16,18,2,3.4646744738732576,low_sparse,42001,N128_qam16_low_sparse_S18_42001_e24c902b
15,otfs:symbol:L16:K8,otfs,symbol,16,8,2077184.0,212992.0,12416.0,2302592.0,335168.0,2656192.0,631816,1,18432,0.0,0.000244140625,0.0,0.0,0,8192,16,8.0,1.00518845436675e-06,2656192.0,0.0126367999910144,0.0002830109841935,0.0129198109752079,83976,128,qam16,18,2,3.4646744738732576,low_sparse,42001,N128_qam16_low_sparse_S18_42001_e24c902b
16,otfs:symbol:L32:K16,otfs,symbol,32,16,2077184.0,212992.0,24704.0,2314880.0,1179008.0,3512320.0,713736,1,18432,0.0,0.000244140625,0.0,0.0,0,8192,16,8.5625,5.209908706496445e-07,2986756.5,0.0126800999860279,0.0002983609828416,0.0129784609688695,165896,128,qam16,18,2,3.4646744738732576,low_sparse,42001,N128_qam16_low_sparse_S18_42001_e24c902b
17,otfs:time:L0:K2,otfs,time,0,2,12800.0,0.0,1664.0,14464.0,36112.0,69008.0,35848,1,18432,0.0,0.000244140625,0.0001220703125,0.00048828125,1,8192,16,2.0,0.0368847206023198,69008.0,0.0006362999993143,0.0001670484879551,0.0008033484872695,12296,128,qam16,18,2,3.4646744738732576,low_sparse,42001,N128_qam16_low_sparse_S18_42001_e24c902b
18,otfs:time:L0:K4,otfs,time,0,4,12800.0,0.0,1664.0,14464.0,54560.0,87456.0,35848,1,18432,0.0,0.000244140625,0.0,0.0,0,8192,16,4.0,0.0011418573106186,87456.0,0.0006627999973716,0.000236723483712,0.0008995234810837,12296,128,qam16,18,2,3.4646744738732576,low_sparse,42001,N128_qam16_low_sparse_S18_42001_e24c902b
19,otfs:time:L0:K8,otfs,time,0,8,12800.0,0.0,1664.0,14464.0,91456.0,124352.0,35848,1,18432,0.0,0.000244140625,0.0,0.0,0,8192,16,8.0,1.0051884543667504e-06,124352.0,0.0006811999919591,0.000258735985798,0.0009399359777572,12296,128,qam16,18,2,3.4646744738732576,low_sparse,42001,N128_qam16_low_sparse_S18_42001_e24c902b
20,otfs:time:L0:K16,otfs,time,0,16,12800.0,0.0,1664.0,14464.0,165248.0,198144.0,35848,1,18432,0.0,0.000244140625,0.0,0.0,0,8192,16,8.5625,5.209908706496448e-07,129540.5,0.0006796999950893,0.0002359672352295,0.0009156672303189,12296,128,qam16,18,2,3.4646744738732576,low_sparse,42001,N128_qam16_low_sparse_S18_42001_e24c902b
21,otfs:dense:L128:K0,otfs,dense,128,0,2077184.0,0.0,0.0,24447061.33333333,408320.0,24873813.33333333,1073152,1,18432,0.0,0.000244140625,0.0,0.0,0,8192,16,0.0,3.5983592761232096e-16,24873813.33333333,0.0123556000035023,0.0001937234837069,0.0125493234872093,786432,128,qam16,18,2,3.4646744738732576,low_sparse,42001,N128_qam16_low_sparse_S18_42001_e24c902b
22,afdm:symbol:L4:K2,afdm,symbol,4,2,1828096.0,212992.0,3200.0,2044288.0,44304.0,2107024.0,570376,1,18432,1.756364054716908e-05,0.0,0.0,0.0,0,8192,16,2.0,0.0359649970842688,2107024.0,0.0042921999993268,0.000115168940228,0.0044073689395549,22536,128,qam16,18,2,3.4646744738732576,low_sparse,42001,N128_qam16_low_sparse_S18_42001_e24c902b
23,afdm:symbol:L4:K8,afdm,symbol,4,8,1828096.0,212992.0,3200.0,2044288.0,124224.0,2186944.0,570376,1,18432,1.756364054716908e-05,0.0,0.0,0.0,0,8192,16,8.0,1.0059564973333435e-06,2186944.0,0.0042262999922968,0.0002277064376716,0.0044540064299684,22536,128,qam16,18,2,3.4646744738732576,low_sparse,42001,N128_qam16_low_sparse_S18_42001_e24c902b
24,afdm:symbol:L8:K4,afdm,symbol,8,4,1828096.0,212992.0,6272.0,2047360.0,107808.0,2173600.0,590856,1,18432,9.420667770876356e-06,0.0,0.0,0.0,0,8192,16,4.0,0.0011149600779153,2173600.0,0.0041823999927146,0.0001497501879743,0.0043321501806889,43016,128,qam16,18,2,3.4646744738732576,low_sparse,42001,N128_qam16_low_sparse_S18_42001_e24c902b
25,afdm:symbol:L8:K16,afdm,symbol,8,16,1828096.0,212992.0,6272.0,2047360.0,365952.0,2431744.0,590856,1,18432,9.420667770876356e-06,0.0,0.0,0.0,0,8192,16,8.5,5.721119399955221e-07,2270404.0,0.0042101999861188,0.0002189064388761,0.004429106424995,43016,128,qam16,18,2,3.4646744738732576,low_sparse,42001,N128_qam16_low_sparse_S18_42001_e24c902b
26,afdm:symbol:L16:K8,afdm,symbol,16,8,1828096.0,212992.0,12416.0,2053504.0,333120.0,2405056.0,631816,1,18432,4.070267385136717e-06,0.0,0.0,0.0,0,8192,16,8.0,1.0075403041548323e-06,2405056.0,0.0042335999896749,0.0003425001859244,0.0045761001755994,83976,128,qam16,18,2,3.4646744738732576,low_sparse,42001,N128_qam16_low_sparse_S18_42001_e24c902b
27,afdm:symbol:L32:K16,afdm,symbol,32,16,1828096.0,212992.0,24704.0,2065792.0,1176960.0,3261184.0,713736,1,18432,1.4049987075992476e-06,0.0,0.0,0.0,0,8192,16,8.4375,6.247028413823126e-07,2726787.5,0.0045532999938586,0.0002783376893961,0.0048316376832548,165896,128,qam16,18,2,3.4646744738732576,low_sparse,42001,N128_qam16_low_sparse_S18_42001_e24c902b
28,afdm:time:L0:K2,afdm,time,0,2,25856.0,0.0,1664.0,27520.0,34064.0,80016.0,35848,1,18432,0.0,0.0,0.0,0.0,0,8192,16,2.0,0.035950225750117,80016.0,0.00047599998652,0.0001323814385063,0.0006083814250263,12296,128,qam16,18,2,3.4646744738732576,low_sparse,42001,N128_qam16_low_sparse_S18_42001_e24c902b
29,afdm:time:L0:K4,afdm,time,0,4,25856.0,0.0,1664.0,27520.0,52512.0,98464.0,35848,1,18432,0.0,0.0,0.0,0.0,0,8192,16,4.0,0.001114027945672,98464.0,0.0005101999995531,0.0001436251877197,0.0006538251872729,12296,128,qam16,18,2,3.4646744738732576,low_sparse,42001,N128_qam16_low_sparse_S18_42001_e24c902b
30,afdm:time:L0:K8,afdm,time,0,8,25856.0,0.0,1664.0,27520.0,89408.0,135360.0,35848,1,18432,0.0,0.0,0.0,0.0,0,8192,16,8.0,1.006028277614265e-06,135360.0,0.0004499000060604,0.0001973564412213,0.0006472564472818,12296,128,qam16,18,2,3.4646744738732576,low_sparse,42001,N128_qam16_low_sparse_S18_42001_e24c902b
31,afdm:time:L0:K16,afdm,time,0,16,25856.0,0.0,1664.0,27520.0,163200.0,209152.0,35848,1,18432,0.0,0.0,0.0,0.0,0,8192,16,8.4375,6.23099673991387e-07,139395.5,0.000466099998448,0.0002068689381661,0.0006729689366142,12296,128,qam16,18,2,3.4646744738732576,low_sparse,42001,N128_qam16_low_sparse_S18_42001_e24c902b
32,afdm:dense:L128:K0,afdm,dense,128,0,1828096.0,0.0,0.0,24197973.33333333,406272.0,24622677.33333333,1073152,1,18432,0.0,0.0,0.0,0.0,0,8192,16,0.0,7.198058020285164e-16,24622677.33333333,0.0040217000059783,0.0001583751908941,0.0041800751968725,786432,128,qam16,18,2,3.4646744738732576,low_sparse,42001,N128_qam16_low_sparse_S18_42001_e24c902b
0,ofdm:symbol:L4:K2,ofdm,symbol,4,2,1421824.0,212992.0,3200.0,1638016.0,41232.0,1697680.0,570376,1,18432,5.095368540752876e-05,0.127197265625,0.130615234375,0.0103564748564278,1070,8192,16,2.0,0.000406870595084,1697680.0,0.0039382999966619,0.0001253382523359,0.0040636382489978,22536,128,qam16,18,2,4.809150010245572,low_sparse,42002,N128_qam16_low_sparse_S18_42002_4a103beb
1,ofdm:symbol:L4:K8,ofdm,symbol,4,8,1421824.0,212992.0,3200.0,1638016.0,121152.0,1777600.0,570376,1,18432,5.095368540752876e-05,0.127197265625,0.1304931640625,0.0103157238785747,1069,8192,16,4.0,2.8281132499667817e-07,1724320.0,0.0036528000055113,0.0001508757585256,0.003803675764037,22536,128,qam16,18,2,4.809150010245572,low_sparse,42002,N128_qam16_low_sparse_S18_42002_4a103beb
2,ofdm:symbol:L8:K4,ofdm,symbol,8,4,1421824.0,212992.0,6272.0,1641088.0,104736.0,1764256.0,590856,1,18432,2.6988412160311448e-05,0.126708984375,0.13134765625,0.0111744242429513,1076,8192,16,4.0,4.0037635905421923e-07,1764256.0,0.0037600000068778,0.0001676945092626,0.0039276945161404,43016,128,qam16,18,2,4.809150010245572,low_sparse,42002,N128_qam16_low_sparse_S18_42002_4a103beb
3,ofdm:symbol:L8:K16,ofdm,symbol,8,16,1421824.0,212992.0,6272.0,1641088.0,362880.0,2022400.0,590856,1,18432,2.6988412160311448e-05,0.126708984375,0.13134765625,0.0111744242429513,1076,8192,16,4.0,4.0037635905421923e-07,1764256.0,0.0038679999997839,0.0001535882582615,0.0040215882580455,43016,128,qam16,18,2,4.809150010245572,low_sparse,42002,N128_qam16_low_sparse_S18_42002_4a103beb
4,ofdm:symbol:L16:K8,ofdm,symbol,16,8,1421824.0,212992.0,12416.0,1647232.0,330048.0,1995712.0,631816,1,18432,1.245462948140652e-05,0.127197265625,0.1317138671875,0.0109088340401511,1079,8192,16,4.0,6.390110819225361e-07,1844128.0,0.003886100006639,0.0001749945102787,0.0040610945169178,83976,128,qam16,18,2,4.809150010245572,low_sparse,42002,N128_qam16_low_sparse_S18_42002_4a103beb
5,ofdm:symbol:L32:K16,ofdm,symbol,32,16,1421824.0,212992.0,24704.0,1659520.0,1173888.0,2851840.0,713736,1,18432,5.84980747708741e-06,0.1273193359375,0.131591796875,0.0111829554244278,1078,8192,16,4.0,5.326496655934849e-07,2003872.0,0.0038874000019859,0.0002031632555813,0.0040905632575672,165896,128,qam16,18,2,4.809150010245572,low_sparse,42002,N128_qam16_low_sparse_S18_42002_4a103beb
6,ofdm:time:L0:K2,ofdm,time,0,2,12800.0,0.0,1664.0,14464.0,30992.0,63888.0,35848,1,18432,0.0,0.14892578125,0.1519775390625,0.0072456725787302,1245,8192,16,2.0,0.0909998727512081,63888.0,0.0005478000093717,0.0001109570092453,0.000658757018617,12296,128,qam16,18,2,4.809150010245572,low_sparse,42002,N128_qam16_low_sparse_S18_42002_4a103beb
7,ofdm:time:L0:K4,ofdm,time,0,4,12800.0,0.0,1664.0,14464.0,49440.0,82336.0,35848,1,18432,0.0,0.130615234375,0.1353759765625,0.0099262506243145,1109,8192,16,4.0,0.0278228672056757,82336.0,0.0005412000027718,0.0001350632599937,0.0006762632627655,12296,128,qam16,18,2,4.809150010245572,low_sparse,42002,N128_qam16_low_sparse_S18_42002_4a103beb
8,ofdm:time:L0:K8,ofdm,time,0,8,12800.0,0.0,1664.0,14464.0,86336.0,119232.0,35848,1,18432,0.0,0.1270751953125,0.131103515625,0.0109995218808852,1074,8192,16,8.0,0.004115324614537,119232.0,0.000532900012331,0.000193482008261,0.0007263820205921,12296,128,qam16,18,2,4.809150010245572,low_sparse,42002,N128_qam16_low_sparse_S18_42002_4a103beb
9,ofdm:time:L0:K16,ofdm,time,0,16,12800.0,0.0,1664.0,14464.0,160128.0,193024.0,35848,1,18432,0.0,0.1270751953125,0.1318359375,0.0112085100086756,1080,8192,16,16.0,0.0001074285615537,193024.0,0.000524500006577,0.0003934632576133,0.0009179632641903,12296,128,qam16,18,2,4.809150010245572,low_sparse,42002,N128_qam16_low_sparse_S18_42002_4a103beb
10,ofdm:dense:L128:K0,ofdm,dense,128,0,1421824.0,0.0,0.0,23791701.33333333,403200.0,24213333.33333333,1073152,1,18432,0.0,0.127197265625,0.1317138671875,0.0112078009458877,1079,8192,16,0.0,6.954280735480134e-16,24213333.33333333,0.0037759999977424,0.0001578007566863,0.0039338007544288,786432,128,qam16,18,2,4.809150010245572,low_sparse,42002,N128_qam16_low_sparse_S18_42002_4a103beb
11,otfs:symbol:L4:K2,otfs,symbol,4,2,2077184.0,212992.0,3200.0,2293376.0,46352.0,2358160.0,570376,1,18432,9.198812671795677e-05,0.2015380859375,0.2022705078125,0.0186516620185188,1657,8192,16,2.0,0.0897087620716289,2358160.0,0.0070672000147169,0.0001360922347113,0.0072032922494282,22536,128,qam16,18,2,4.809150010245572,low_sparse,42002,N128_qam16_low_sparse_S18_42002_4a103beb
12,otfs:symbol:L4:K8,otfs,symbol,4,8,2077184.0,212992.0,3200.0,2293376.0,126272.0,2438080.0,570376,1,18432,9.198812671795677e-05,0.1640625,0.1671142578125,0.0141736196770964,1369,8192,16,8.0,0.0040147272301323,2438080.0,0.0070543000038014,0.000248948480944,0.0073032484847455,22536,128,qam16,18,2,4.809150010245572,low_sparse,42002,N128_qam16_low_sparse_S18_42002_4a103beb
13,otfs:symbol:L8:K4,otfs,symbol,8,4,2077184.0,212992.0,6272.0,2296448.0,109856.0,2424736.0,590856,1,18432,3.7345867929916565e-05,0.1728515625,0.174560546875,0.0178277272952646,1430,8192,16,4.0,0.026895462497891,2424736.0,0.007181799999671,0.0002165109858789,0.00739831098555,43016,128,qam16,18,2,4.809150010245572,low_sparse,42002,N128_qam16_low_sparse_S18_42002_4a103beb
14,otfs:symbol:L8:K16,otfs,symbol,8,16,2077184.0,212992.0,6272.0,2296448.0,368000.0,2682880.0,590856,1,18432,3.7345867929916565e-05,0.1627197265625,0.1676025390625,0.0134035945417263,1373,8192,16,16.0,0.000103887253809,2682880.0,0.0071510000125272,0.0004457047312054,0.0075967047437326,43016,128,qam16,18,2,4.809150010245572,low_sparse,42002,N128_qam16_low_sparse_S18_42002_4a103beb
15,otfs:symbol:L16:K8,otfs,symbol,16,8,2077184.0,212992.0,12416.0,2302592.0,335168.0,2656192.0,631816,1,18432,0.0,0.1627197265625,0.1680908203125,0.0144138110792774,1377,8192,16,8.0,0.0040140856265423,2656192.0,0.007156899999245,0.0002514797365758,0.0074083797358208,83976,128,qam16,18,2,4.809150010245572,low_sparse,42002,N128_qam16_low_sparse_S18_42002_4a103beb
16,otfs:symbol:L32:K16,otfs,symbol,32,16,2077184.0,212992.0,24704.0,2314880.0,1179008.0,3512320.0,713736,1,18432,0.0,0.16259765625,0.1676025390625,0.0123982420218653,1373,8192,16,16.0,0.0001038495158298,3512320.0,0.0071660999965388,0.0005182547361211,0.0076843547326599,165896,128,qam16,18,2,4.809150010245572,low_sparse,42002,N128_qam16_low_sparse_S18_42002_4a103beb
17,otfs:time:L0:K2,otfs,time,0,2,12800.0,0.0,1664.0,14464.0,36112.0,69008.0,35848,1,18432,0.0,0.20166015625,0.2020263671875,0.0177002233746185,1655,8192,16,2.0,0.0896928447088439,69008.0,0.0005368999991333,0.0001408422363193,0.0006777422354527,12296,128,qam16,18,2,4.809150010245572,low_sparse,42002,N128_qam16_low_sparse_S18_42002_4a103beb
18,otfs:time:L0:K4,otfs,time,0,4,12800.0,0.0,1664.0,14464.0,54560.0,87456.0,35848,1,18432,0.0,0.1732177734375,0.17431640625,0.0179927941486596,1428,8192,16,4.0,0.0268853327862623,87456.0,0.0004738999996334,0.0001663484868141,0.0006402484864476,12296,128,qam16,18,2,4.809150010245572,low_sparse,42002,N128_qam16_low_sparse_S18_42002_4a103beb
19,otfs:time:L0:K8,otfs,time,0,8,12800.0,0.0,1664.0,14464.0,91456.0,124352.0,35848,1,18432,0.0,0.1627197265625,0.1680908203125,0.0144138110792774,1377,8192,16,8.0,0.0040140856265423,124352.0,0.0004736999981105,0.0002292547310527,0.0007029547291632,12296,128,qam16,18,2,4.809150010245572,low_sparse,42002,N128_qam16_low_sparse_S18_42002_4a103beb
20,otfs:time:L0:K16,otfs,time,0,16,12800.0,0.0,1664.0,14464.0,165248.0,198144.0,35848,1,18432,0.0,0.16259765625,0.1676025390625,0.0123982420218653,1373,8192,16,16.0,0.0001038495158298,198144.0,0.0004621000116458,0.0003625672348017,0.0008246672464475,12296,128,qam16,18,2,4.809150010245572,low_sparse,42002,N128_qam16_low_sparse_S18_42002_4a103beb
21,otfs:dense:L128:K0,otfs,dense,128,0,2077184.0,0.0,0.0,24447061.33333333,408320.0,24873813.33333333,1073152,1,18432,0.0,0.162109375,0.167724609375,0.0127153287717911,1374,8192,16,0.0,3.0559331625578723e-16,24873813.33333333,0.0069944999995641,0.0001941984815086,0.0071886984810727,786432,128,qam16,18,2,4.809150010245572,low_sparse,42002,N128_qam16_low_sparse_S18_42002_4a103beb
22,afdm:symbol:L4:K2,afdm,symbol,4,2,1828096.0,212992.0,3200.0,2044288.0,44304.0,2107024.0,570376,1,18432,9.902009070927864e-05,0.2059326171875,0.2059326171875,0.0188685589509743,1687,8192,16,2.0,0.0882899735566835,2107024.0,0.0040230000013252,0.0001126003789977,0.004135600380323,22536,128,qam16,18,2,4.809150010245572,low_sparse,42002,N128_qam16_low_sparse_S18_42002_4a103beb
23,afdm:symbol:L4:K8,afdm,symbol,4,8,1828096.0,212992.0,3200.0,2044288.0,124224.0,2186944.0,570376,1,18432,9.902009070927864e-05,0.1688232421875,0.174072265625,0.0236951442116784,1426,8192,16,8.0,0.0039662380454866,2186944.0,0.0039478999970015,0.0002066566303255,0.0041545566273271,22536,128,qam16,18,2,4.809150010245572,low_sparse,42002,N128_qam16_low_sparse_S18_42002_4a103beb
24,afdm:symbol:L8:K4,afdm,symbol,8,4,1828096.0,212992.0,6272.0,2047360.0,107808.0,2173600.0,590856,1,18432,5.020806697841884e-05,0.176025390625,0.1790771484375,0.0210927704006717,1467,8192,16,4.0,0.0263392441313246,2173600.0,0.0039956999971764,0.0001481878762206,0.004143887873397,43016,128,qam16,18,2,4.809150010245572,low_sparse,42002,N128_qam16_low_sparse_S18_42002_4a103beb
25,afdm:symbol:L8:K16,afdm,symbol,8,16,1828096.0,212992.0,6272.0,2047360.0,365952.0,2431744.0,590856,1,18432,5.020806697841884e-05,0.167724609375,0.17529296875,0.0239261134118099,1436,8192,16,16.0,0.0001035200756627,2431744.0,0.00397819999489,0.0003503941297822,0.0043285941246722,43016,128,qam16,18,2,4.809150010245572,low_sparse,42002,N128_qam16_low_sparse_S18_42002_4a103beb
26,afdm:symbol:L16:K8,afdm,symbol,16,8,1828096.0,212992.0,12416.0,2053504.0,333120.0,2405056.0,631816,1,18432,2.2496035302910226e-05,0.168701171875,0.174072265625,0.0247451508263856,1426,8192,16,8.0,0.0039652923460912,2405056.0,0.004030900017824,0.0002557128791522,0.0042866128969762,83976,128,qam16,18,2,4.809150010245572,low_sparse,42002,N128_qam16_low_sparse_S18_42002_4a103beb
27,afdm:symbol:L32:K16,afdm,symbol,32,16,1828096.0,212992.0,24704.0,2065792.0,1176960.0,3261184.0,713736,1,18432,7.432155477937741e-06,0.1676025390625,0.1751708984375,0.0244852477832834,1435,8192,16,16.0,0.0001034663381234,3261184.0,0.0041132000042125,0.0005610441257886,0.0046742441300011,165896,128,qam16,18,2,4.809150010245572,low_sparse,42002,N128_qam16_low_sparse_S18_42002_4a103beb
28,afdm:time:L0:K2,afdm,time,0,2,25856.0,0.0,1664.0,27520.0,34064.0,80016.0,35848,1,18432,0.0,0.20654296875,0.2064208984375,0.0181786700615503,1691,8192,16,2.0,0.088282363616526,80016.0,0.0005009000014979,0.0001357441306026,0.0006366441321006,12296,128,qam16,18,2,4.809150010245572,low_sparse,42002,N128_qam16_low_sparse_S18_42002_4a103beb
29,afdm:time:L0:K4,afdm,time,0,4,25856.0,0.0,1664.0,27520.0,52512.0,98464.0,35848,1,18432,0.0,0.174072265625,0.1798095703125,0.0210051760879396,1473,8192,16,4.0,0.0263473091724693,98464.0,0.0004955999902449,0.0001490066297265,0.0006446066199714,12296,128,qam16,18,2,4.809150010245572,low_sparse,42002,N128_qam16_low_sparse_S18_42002_4a103beb
30,afdm:time:L0:K8,afdm,time,0,8,25856.0,0.0,1664.0,27520.0,89408.0,135360.0,35848,1,18432,0.0,0.1690673828125,0.174072265625,0.0237701544657754,1426,8192,16,8.0,0.0039598622293626,135360.0,0.0005711999983759,0.0002069066285912,0.0007781066269672,12296,128,qam16,18,2,4.809150010245572,low_sparse,42002,N128_qam16_low_sparse_S18_42002_4a103beb
31,afdm:time:L0:K16,afdm,time,0,16,25856.0,0.0,1664.0,27520.0,163200.0,209152.0,35848,1,18432,0.0,0.1678466796875,0.175048828125,0.0240784220016021,1434,8192,16,16.0,0.0001034077334737,209152.0,0.0004742000019177,0.000333319127094,0.0008075191290117,12296,128,qam16,18,2,4.809150010245572,low_sparse,42002,N128_qam16_low_sparse_S18_42002_4a103beb
32,afdm:dense:L128:K0,afdm,dense,128,0,1828096.0,0.0,0.0,24197973.33333333,406272.0,24622677.33333333,1073152,1,18432,0.0,0.1680908203125,0.175048828125,0.0240784220016021,1434,8192,16,0.0,5.891066935758858e-16,24622677.33333333,0.0037827000051038,0.0001815003761294,0.0039642003812332,786432,128,qam16,18,2,4.809150010245572,low_sparse,42002,N128_qam16_low_sparse_S18_42002_4a103beb
0,ofdm:symbol:L4:K2,ofdm,symbol,4,2,1421824.0,212992.0,3200.0,1638016.0,41232.0,1697680.0,570376,1,18432,1.365598100155907e-05,0.1439208984375,0.1495361328125,0.0168613821584306,1225,8192,16,2.0,8.167269344422767e-05,1697680.0,0.0047748999932082,0.000138917239686,0.0049138172328942,22536,128,qam16,18,2,2.075628226237778,low_sparse,42003,N128_qam16_low_sparse_S18_42003_c9721eb4
1,ofdm:symbol:L4:K8,ofdm,symbol,4,8,1421824.0,212992.0,3200.0,1638016.0,121152.0,1777600.0,570376,1,18432,1.365598100155907e-05,0.1439208984375,0.149658203125,0.0166932212365949,1226,8192,16,4.0,1.3553782421369156e-08,1724320.0,0.0043937000009464,0.0002753797346789,0.0046690797356253,22536,128,qam16,18,2,2.075628226237778,low_sparse,42003,N128_qam16_low_sparse_S18_42003_c9721eb4
2,ofdm:symbol:L8:K4,ofdm,symbol,8,4,1421824.0,212992.0,6272.0,1641088.0,104736.0,1764256.0,590856,1,18432,6.176189540685328e-06,0.143310546875,0.14990234375,0.0163332328533792,1228,8192,16,4.0,3.0506600216914234e-08,1764256.0,0.0044973999756621,0.0001708547336723,0.0046682547093344,43016,128,qam16,18,2,2.075628226237778,low_sparse,42003,N128_qam16_low_sparse_S18_42003_c9721eb4
3,ofdm:symbol:L8:K16,ofdm,symbol,8,16,1421824.0,212992.0,6272.0,1641088.0,362880.0,2022400.0,590856,1,18432,6.176189540685328e-06,0.143310546875,0.14990234375,0.0163332328533792,1228,8192,16,4.0,3.0506600216914234e-08,1764256.0,0.0043541999912122,0.0001834234884275,0.0045376234796397,43016,128,qam16,18,2,2.075628226237778,low_sparse,42003,N128_qam16_low_sparse_S18_42003_c9721eb4
4,ofdm:symbol:L16:K8,ofdm,symbol,16,8,1421824.0,212992.0,12416.0,1647232.0,330048.0,1995712.0,631816,1,18432,3.238132151084372e-06,0.143798828125,0.1497802734375,0.0160856375880148,1227,8192,16,4.0,3.797045960107341e-08,1844128.0,0.0044039999920642,0.0001554672392861,0.0045594672313503,83976,128,qam16,18,2,2.075628226237778,low_sparse,42003,N128_qam16_low_sparse_S18_42003_c9721eb4
5,ofdm:symbol:L32:K16,ofdm,symbol,32,16,1421824.0,212992.0,24704.0,1659520.0,1173888.0,2851840.0,713736,1,18432,1.4085148154485694e-06,0.1439208984375,0.1497802734375,0.0162586169748805,1227,8192,16,4.0,4.6960786759980265e-08,2003872.0,0.004588399984641,0.0002056797323651,0.0047940797170061,165896,128,qam16,18,2,2.075628226237778,low_sparse,42003,N128_qam16_low_sparse_S18_42003_c9721eb4
6,ofdm:time:L0:K2,ofdm,time,0,2,12800.0,0.0,1664.0,14464.0,30992.0,63888.0,35848,1,18432,0.0,0.16357421875,0.1680908203125,0.015970604118907,1377,8192,16,2.0,0.0881688796705219,63888.0,0.0009754000057,0.0001964484848334,0.0011718484905334,12296,128,qam16,18,2,2.075628226237778,low_sparse,42003,N128_qam16_low_sparse_S18_42003_c9721eb4
7,ofdm:time:L0:K4,ofdm,time,0,4,12800.0,0.0,1664.0,14464.0,49440.0,82336.0,35848,1,18432,0.0,0.144775390625,0.1527099609375,0.0166984572803971,1251,8192,16,4.0,0.0247774725853656,82336.0,0.0007253000076161,0.0001580547362512,0.0008833547438674,12296,128,qam16,18,2,2.075628226237778,low_sparse,42003,N128_qam16_low_sparse_S18_42003_c9721eb4
8,ofdm:time:L0:K8,ofdm,time,0,8,12800.0,0.0,1664.0,14464.0,86336.0,119232.0,35848,1,18432,0.0,0.1436767578125,0.149658203125,0.0160564615301282,1226,8192,16,8.0,0.0030472433239333,119232.0,0.0006692000024486,0.0002012859898362,0.0008704859922848,12296,128,qam16,18,2,2.075628226237778,low_sparse,42003,N128_qam16_low_sparse_S18_42003_c9721eb4
9,ofdm:time:L0:K16,ofdm,time,0,16,12800.0,0.0,1664.0,14464.0,160128.0,193024.0,35848,1,18432,0.0,0.1434326171875,0.1494140625,0.0165728151840597,1224,8192,16,16.0,4.893922762663237e-05,193024.0,0.0006533000123454,0.0003355859847336,0.000988885997079,12296,128,qam16,18,2,2.075628226237778,low_sparse,42003,N128_qam16_low_sparse_S18_42003_c9721eb4
10,ofdm:dense:L128:K0,ofdm,dense,128,0,1421824.0,0.0,0.0,23791701.33333333,403200.0,24213333.33333333,1073152,1,18432,0.0,0.1434326171875,0.1492919921875,0.0164491123814141,1223,8192,16,0.0,5.452441473081172e-16,24213333.33333333,0.0042412999900989,0.0001553047353202,0.0043966047254192,786432,128,qam16,18,2,2.075628226237778,low_sparse,42003,N128_qam16_low_sparse_S18_42003_c9721eb4
11,otfs:symbol:L4:K2,otfs,symbol,4,2,2077184.0,212992.0,3200.0,2293376.0,46352.0,2358160.0,570376,1,18432,2.8444907824720644e-05,0.220458984375,0.2166748046875,0.0188078095090049,1775,8192,16,2.0,0.0875289893370724,2358160.0,0.0074328999908175,0.0001383636364345,0.0075712636272521,22536,128,qam16,18,2,2.075628226237778,low_sparse,42003,N128_qam16_low_sparse_S18_42003_c9721eb4
12,otfs:symbol:L4:K8,otfs,symbol,4,8,2077184.0,212992.0,3200.0,2293376.0,126272.0,2438080.0,570376,1,18432,2.8444907824720644e-05,0.1849365234375,0.184814453125,0.0162454138911106,1514,8192,16,8.0,0.0030261191530606,2438080.0,0.0073291999869979,0.0002309636421352,0.0075601636291332,22536,128,qam16,18,2,2.075628226237778,low_sparse,42003,N128_qam16_low_sparse_S18_42003_c9721eb4
13,otfs:symbol:L8:K4,otfs,symbol,8,4,2077184.0,212992.0,6272.0,2296448.0,109856.0,2424736.0,590856,1,18432,1.103135049318471e-05,0.191650390625,0.1917724609375,0.0172084795904833,1571,8192,16,4.0,0.0246737107256622,2424736.0,0.0074433999980101,0.0004079636347534,0.0078513636327636,43016,128,qam16,18,2,2.075628226237778,low_sparse,42003,N128_qam16_low_sparse_S18_42003_c9721eb4
14,otfs:symbol:L8:K16,otfs,symbol,8,16,2077184.0,212992.0,6272.0,2296448.0,368000.0,2682880.0,590856,1,18432,1.103135049318471e-05,0.18408203125,0.18359375,0.0170716979557907,1504,8192,16,16.0,4.857728341590194e-05,2682880.0,0.0076955999975325,0.0004402136374858,0.0081358136350183,43016,128,qam16,18,2,2.075628226237778,low_sparse,42003,N128_qam16_low_sparse_S18_42003_c9721eb4
15,otfs:symbol:L16:K8,otfs,symbol,16,8,2077184.0,212992.0,12416.0,2302592.0,335168.0,2656192.0,631816,1,18432,0.0,0.185302734375,0.1849365234375,0.0169178472899318,1515,8192,16,8.0,0.0030235811717478,2656192.0,0.0074035999859916,0.0005096948826769,0.0079132948686685,83976,128,qam16,18,2,2.075628226237778,low_sparse,42003,N128_qam16_low_sparse_S18_42003_c9721eb4
16,otfs:symbol:L32:K16,otfs,symbol,32,16,2077184.0,212992.0,24704.0,2314880.0,1179008.0,3512320.0,713736,1,18432,0.0,0.1839599609375,0.184326171875,0.0172181751596045,1510,8192,16,16.0,4.858079034543679e-05,3512320.0,0.0074738999974215,0.0005156323860512,0.0079895323834727,165896,128,qam16,18,2,2.075628226237778,low_sparse,42003,N128_qam16_low_sparse_S18_42003_c9721eb4
17,otfs:time:L0:K2,otfs,time,0,2,12800.0,0.0,1664.0,14464.0,36112.0,69008.0,35848,1,18432,0.0,0.2208251953125,0.2164306640625,0.0194558276810209,1773,8192,16,2.0,0.0875111903823682,69008.0,0.0004744000034406,0.0001811386356359,0.0006555386390766,12296,128,qam16,18,2,2.075628226237778,low_sparse,42003,N128_qam16_low_sparse_S18_42003_c9721eb4
18,otfs:time:L0:K4,otfs,time,0,4,12800.0,0.0,1664.0,14464.0,54560.0,87456.0,35848,1,18432,0.0,0.1922607421875,0.192138671875,0.0169951805314204,1574,8192,16,4.0,0.0246764942539628,87456.0,0.0004811999970115,0.0001762136363333,0.0006574136333449,12296,128,qam16,18,2,2.075628226237778,low_sparse,42003,N128_qam16_low_sparse_S18_42003_c9721eb4
19,otfs:time:L0:K8,otfs,time,0,8,12800.0,0.0,1664.0,14464.0,91456.0,124352.0,35848,1,18432,0.0,0.185302734375,0.1849365234375,0.0169178472899318,1515,8192,16,8.0,0.0030235811717478,124352.0,0.0004921999934595,0.0002522636406149,0.0007444636340744,12296,128,qam16,18,2,2.075628226237778,low_sparse,42003,N128_qam16_low_sparse_S18_42003_c9721eb4
20,otfs:time:L0:K16,otfs,time,0,16,12800.0,0.0,1664.0,14464.0,165248.0,198144.0,35848,1,18432,0.0,0.1839599609375,0.184326171875,0.0172181751596045,1510,8192,16,16.0,4.858079034543679e-05,198144.0,0.0004820999893127,0.0004013573790154,0.0008834573683281,12296,128,qam16,18,2,2.075628226237778,low_sparse,42003,N128_qam16_low_sparse_S18_42003_c9721eb4
21,otfs:dense:L128:K0,otfs,dense,128,0,2077184.0,0.0,0.0,24447061.33333333,408320.0,24873813.33333333,1073152,1,18432,0.0,0.1839599609375,0.1842041015625,0.0172895695284046,1509,8192,16,0.0,2.950216340691409e-16,24873813.33333333,0.0071150999865494,0.0001864886363557,0.0073015886229051,786432,128,qam16,18,2,2.075628226237778,low_sparse,42003,N128_qam16_low_sparse_S18_42003_c9721eb4
22,afdm:symbol:L4:K2,afdm,symbol,4,2,1828096.0,212992.0,3200.0,2044288.0,44304.0,2107024.0,570376,1,18432,2.9574459899262e-05,0.2098388671875,0.209228515625,0.0187727048945001,1714,8192,16,2.0,0.0858095485446819,2107024.0,0.0065445999935036,0.0001371085233558,0.0066817085168595,22536,128,qam16,18,2,2.075628226237778,low_sparse,42003,N128_qam16_low_sparse_S18_42003_c9721eb4
23,afdm:symbol:L4:K8,afdm,symbol,4,8,1828096.0,212992.0,3200.0,2044288.0,124224.0,2186944.0,570376,1,18432,2.9574459899262e-05,0.185546875,0.1829833984375,0.0202060354702612,1499,8192,16,8.0,0.0029881679957397,2186944.0,0.0065507999970577,0.0002167210247507,0.0067675210218085,22536,128,qam16,18,2,2.075628226237778,low_sparse,42003,N128_qam16_low_sparse_S18_42003_c9721eb4
24,afdm:symbol:L8:K4,afdm,symbol,8,4,1828096.0,212992.0,6272.0,2047360.0,107808.0,2173600.0,590856,1,18432,1.2774721067421169e-05,0.1861572265625,0.1839599609375,0.0193378280588806,1507,8192,16,4.0,0.0244244951797145,2173600.0,0.0065279999835183,0.0001667647745279,0.0066947647580463,43016,128,qam16,18,2,2.075628226237778,low_sparse,42003,N128_qam16_low_sparse_S18_42003_c9721eb4
25,afdm:symbol:L8:K16,afdm,symbol,8,16,1828096.0,212992.0,6272.0,2047360.0,365952.0,2431744.0,590856,1,18432,1.2774721067421169e-05,0.1856689453125,0.18310546875,0.0203662649827836,1500,8192,16,16.0,4.732875692667611e-05,2431744.0,0.0065424999920651,0.0004829835240315,0.0070254835160967,43016,128,qam16,18,2,2.075628226237778,low_sparse,42003,N128_qam16_low_sparse_S18_42003_c9721eb4
26,afdm:symbol:L16:K8,afdm,symbol,16,8,1828096.0,212992.0,12416.0,2053504.0,333120.0,2405056.0,631816,1,18432,4.396794976768703e-06,0.185791015625,0.182861328125,0.0205078125,1498,8192,16,8.0,0.0029858452362282,2405056.0,0.0065566999983275,0.0003669022759795,0.006923602274307,83976,128,qam16,18,2,2.075628226237778,low_sparse,42003,N128_qam16_low_sparse_S18_42003_c9721eb4
27,afdm:symbol:L32:K16,afdm,symbol,32,16,1828096.0,212992.0,24704.0,2065792.0,1176960.0,3261184.0,713736,1,18432,1.616222001232792e-06,0.1851806640625,0.18310546875,0.0203287695260364,1500,8192,16,16.0,4.737494070544443e-05,3261184.0,0.0073444999870844,0.0005887460217281,0.0079332460088125,165896,128,qam16,18,2,2.075628226237778,low_sparse,42003,N128_qam16_low_sparse_S18_42003_c9721eb4
28,afdm:time:L0:K2,afdm,time,0,2,25856.0,0.0,1664.0,27520.0,34064.0,80016.0,35848,1,18432,0.0,0.209716796875,0.2091064453125,0.0194460217275158,1713,8192,16,2.0,0.0858019198263968,80016.0,0.0007468999974662,0.0001193585237133,0.0008662585211795,12296,128,qam16,18,2,2.075628226237778,low_sparse,42003,N128_qam16_low_sparse_S18_42003_c9721eb4
29,afdm:time:L0:K4,afdm,time,0,4,25856.0,0.0,1664.0,27520.0,52512.0,98464.0,35848,1,18432,0.0,0.1861572265625,0.1834716796875,0.0188618186751795,1503,8192,16,4.0,0.0244261922675204,98464.0,0.0007168999873101,0.0001457460227329,0.0008626460100431,12296,128,qam16,18,2,2.075628226237778,low_sparse,42003,N128_qam16_low_sparse_S18_42003_c9721eb4
30,afdm:time:L0:K8,afdm,time,0,8,25856.0,0.0,1664.0,27520.0,89408.0,135360.0,35848,1,18432,0.0,0.185302734375,0.1826171875,0.0205341472778171,1496,8192,16,8.0,0.0029858397073763,135360.0,0.0007168000011006,0.0002104460224445,0.0009272460235451,12296,128,qam16,18,2,2.075628226237778,low_sparse,42003,N128_qam16_low_sparse_S18_42003_c9721eb4
31,afdm:time:L0:K16,afdm,time,0,16,25856.0,0.0,1664.0,27520.0,163200.0,209152.0,35848,1,18432,0.0,0.1849365234375,0.18310546875,0.0202032820952902,1500,8192,16,16.0,4.733173605246738e-05,209152.0,0.0007183999987319,0.0003501460284469,0.0010685460271788,12296,128,qam16,18,2,2.075628226237778,low_sparse,42003,N128_qam16_low_sparse_S18_42003_c9721eb4
32,afdm:dense:L128:K0,afdm,dense,128,0,1828096.0,0.0,0.0,24197973.33333333,406272.0,24622677.33333333,1073152,1,18432,0.0,0.1849365234375,0.18310546875,0.0202032820952902,1500,8192,16,0.0,4.847071677445503e-16,24622677.33333333,0.0066825999820139,0.000172377274518,0.006854977256532,786432,128,qam16,18,2,2.075628226237778,low_sparse,42003,N128_qam16_low_sparse_S18_42003_c9721eb4
0,ofdm:symbol:L4:K2,ofdm,symbol,4,2,1421824.0,212992.0,3200.0,1638016.0,41232.0,1697680.0,570376,1,18432,1.074977540138633e-05,0.089599609375,0.089111328125,0.0085544496732542,730,8192,16,2.0,1.6125760216027416e-05,1697680.0,0.0038244000170379,0.0001161770839065,0.0039405771009445,22536,128,qam16,8,2,3.4646744738732576,low_sparse,42001,N128_qam16_low_sparse_S8_42001_35d0108e
1,ofdm:symbol:L4:K8,ofdm,symbol,4,8,1421824.0,212992.0,3200.0,1638016.0,121152.0,1777600.0,570376,1,18432,1.074977540138633e-05,0.089599609375,0.089111328125,0.0085544496732542,730,8192,16,3.0,4.041437684072066e-08,1711000.0,0.0036951000074623,0.0001189333294281,0.0038140333368904,22536,128,qam16,8,2,3.4646744738732576,low_sparse,42001,N128_qam16_low_sparse_S8_42001_35d0108e
2,ofdm:symbol:L8:K4,ofdm,symbol,8,4,1421824.0,212992.0,6272.0,1641088.0,104736.0,1764256.0,590856,1,18432,5.601851673753266e-06,0.08984375,0.089599609375,0.0088179502114147,734,8192,16,3.0,4.2557209942550456e-08,1742744.0,0.0036874000070383,0.0001267770891321,0.0038141770961705,43016,128,qam16,8,2,3.4646744738732576,low_sparse,42001,N128_qam16_low_sparse_S8_42001_35d0108e
3,ofdm:symbol:L8:K16,ofdm,symbol,8,16,1421824.0,212992.0,6272.0,1641088.0,362880.0,2022400.0,590856,1,18432,5.601851673753266e-06,0.08984375,0.089599609375,0.0088179502114147,734,8192,16,3.0,4.2557209942550456e-08,1742744.0,0.0036946000182069,0.0001257833297462,0.0038203833479532,43016,128,qam16,8,2,3.4646744738732576,low_sparse,42001,N128_qam16_low_sparse_S8_42001_35d0108e
4,ofdm:symbol:L16:K8,ofdm,symbol,16,8,1421824.0,212992.0,12416.0,1647232.0,330048.0,1995712.0,631816,1,18432,2.660400235776628e-06,0.089599609375,0.089599609375,0.0086431758120779,734,8192,16,3.0,1.018111121499614e-07,1806232.0,0.0038178999966476,0.0001360520851779,0.0039539520818255,83976,128,qam16,8,2,3.4646744738732576,low_sparse,42001,N128_qam16_low_sparse_S8_42001_35d0108e
5,ofdm:symbol:L32:K16,ofdm,symbol,32,16,1421824.0,212992.0,24704.0,1659520.0,1173888.0,2851840.0,713736,1,18432,1.261907859984035e-06,0.0897216796875,0.0897216796875,0.0086899431118641,735,8192,16,3.0,9.23576423677096e-08,1933208.0,0.0042000000103143,0.0001824833367539,0.0043824833470683,165896,128,qam16,8,2,3.4646744738732576,low_sparse,42001,N128_qam16_low_sparse_S8_42001_35d0108e
6,ofdm:time:L0:K2,ofdm,time,0,2,12800.0,0.0,1664.0,14464.0,30992.0,63888.0,35848,1,18432,0.0,0.09033203125,0.090087890625,0.0110916178628911,738,8192,16,2.0,0.0301385379295429,63888.0,0.0005010000022593,0.0001250895826491,0.0006260895849085,12296,128,qam16,8,2,3.4646744738732576,low_sparse,42001,N128_qam16_low_sparse_S8_42001_35d0108e
7,ofdm:time:L0:K4,ofdm,time,0,4,12800.0,0.0,1664.0,14464.0,49440.0,82336.0,35848,1,18432,0.0,0.0897216796875,0.0897216796875,0.0086899431118641,735,8192,16,4.0,0.0007264790950416,82336.0,0.0004719000135082,0.00015514583141,0.0006270458449183,12296,128,qam16,8,2,3.4646744738732576,low_sparse,42001,N128_qam16_low_sparse_S8_42001_35d0108e
8,ofdm:time:L0:K8,ofdm,time,0,8,12800.0,0.0,1664.0,14464.0,86336.0,119232.0,35848,1,18432,0.0,0.08984375,0.089599609375,0.0086431758120779,734,8192,16,8.0,4.1750775136916563e-07,119232.0,0.0004636000085156,0.0001968458351587,0.0006604458436744,12296,128,qam16,8,2,3.4646744738732576,low_sparse,42001,N128_qam16_low_sparse_S8_42001_35d0108e
9,ofdm:time:L0:K16,ofdm,time,0,16,12800.0,0.0,1664.0,14464.0,160128.0,193024.0,35848,1,18432,0.0,0.08984375,0.089599609375,0.0086431758120779,734,8192,16,8.0,4.1750775136916563e-07,119232.0,0.0004696000105468,0.0002095645837801,0.000679164594327,12296,128,qam16,8,2,3.4646744738732576,low_sparse,42001,N128_qam16_low_sparse_S8_42001_35d0108e
10,ofdm:dense:L128:K0,ofdm,dense,128,0,1421824.0,0.0,0.0,23791701.33333333,403200.0,24213333.33333333,1073152,1,18432,0.0,0.08984375,0.089599609375,0.0086431758120779,734,8192,16,0.0,5.977459871721707e-16,24213333.33333333,0.0035912000166717,0.0002881958295223,0.0038793958461941,786432,128,qam16,8,2,3.4646744738732576,low_sparse,42001,N128_qam16_low_sparse_S8_42001_35d0108e
11,otfs:symbol:L4:K2,otfs,symbol,4,2,2077184.0,212992.0,3200.0,2293376.0,46352.0,2358160.0,570376,1,18432,1.6006220040942765e-05,0.088134765625,0.0888671875,0.0086173917227991,728,8192,16,2.0,0.0299615789948554,2358160.0,0.0095528999954694,0.000142785798909,0.0096956857943785,22536,128,qam16,8,2,3.4646744738732576,low_sparse,42001,N128_qam16_low_sparse_S8_42001_35d0108e
12,otfs:symbol:L4:K8,otfs,symbol,4,8,2077184.0,212992.0,3200.0,2293376.0,126272.0,2438080.0,570376,1,18432,1.6006220040942765e-05,0.089111328125,0.085693359375,0.009591547444981,702,8192,16,8.0,4.158729398327561e-07,2438080.0,0.0094035000074654,0.0002253107979248,0.0096288108053902,22536,128,qam16,8,2,3.4646744738732576,low_sparse,42001,N128_qam16_low_sparse_S8_42001_35d0108e
13,otfs:symbol:L8:K4,otfs,symbol,8,4,2077184.0,212992.0,6272.0,2296448.0,109856.0,2424736.0,590856,1,18432,6.203666125359497e-06,0.0889892578125,0.0859375,0.0102360645869966,704,8192,16,4.0,0.0007406944316835,2424736.0,0.0094300000055227,0.000186979543452,0.0096169795489748,43016,128,qam16,8,2,3.4646744738732576,low_sparse,42001,N128_qam16_low_sparse_S8_42001_35d0108e
14,otfs:symbol:L8:K16,otfs,symbol,8,16,2077184.0,212992.0,6272.0,2296448.0,368000.0,2682880.0,590856,1,18432,6.203666125359497e-06,0.0892333984375,0.0859375,0.0102360645869966,704,8192,16,8.0,4.1586570405957523e-07,2510784.0,0.0097340000065742,0.0002894670444055,0.0100234670509797,43016,128,qam16,8,2,3.4646744738732576,low_sparse,42001,N128_qam16_low_sparse_S8_42001_35d0108e
15,otfs:symbol:L16:K8,otfs,symbol,16,8,2077184.0,212992.0,12416.0,2302592.0,335168.0,2656192.0,631816,1,18432,0.0,0.0889892578125,0.0855712890625,0.0103894195239795,701,8192,16,8.0,4.161017667790492e-07,2656192.0,0.0095518000016454,0.000255210791858,0.0098070107935034,83976,128,qam16,8,2,3.4646744738732576,low_sparse,42001,N128_qam16_low_sparse_S8_42001_35d0108e
16,otfs:symbol:L32:K16,otfs,symbol,32,16,2077184.0,212992.0,24704.0,2314880.0,1179008.0,3512320.0,713736,1,18432,0.0,0.0889892578125,0.0855712890625,0.0103894195239795,701,8192,16,8.0,4.161017667790493e-07,2947008.0,0.0096906000107992,0.0002994732951099,0.0099900733059092,165896,128,qam16,8,2,3.4646744738732576,low_sparse,42001,N128_qam16_low_sparse_S8_42001_35d0108e
17,otfs:time:L0:K2,otfs,time,0,2,12800.0,0.0,1664.0,14464.0,36112.0,69008.0,35848,1,18432,0.0,0.08837890625,0.088623046875,0.0091574975597042,726,8192,16,2.0,0.0299546863851765,69008.0,0.0007857000018702,0.0001352670444082,0.0009209670462785,12296,128,qam16,8,2,3.4646744738732576,low_sparse,42001,N128_qam16_low_sparse_S8_42001_35d0108e
18,otfs:time:L0:K4,otfs,time,0,4,12800.0,0.0,1664.0,14464.0,54560.0,87456.0,35848,1,18432,0.0,0.0888671875,0.08544921875,0.0104451109040007,700,8192,16,4.0,0.0007405690828085,87456.0,0.0007821000035619,0.000173704546052,0.000955804549614,12296,128,qam16,8,2,3.4646744738732576,low_sparse,42001,N128_qam16_low_sparse_S8_42001_35d0108e
19,otfs:time:L0:K8,otfs,time,0,8,12800.0,0.0,1664.0,14464.0,91456.0,124352.0,35848,1,18432,0.0,0.0889892578125,0.0855712890625,0.0103894195239795,701,8192,16,8.0,4.1610176677904963e-07,124352.0,0.0007940000068629,0.00025394204493,0.0010479420517929,12296,128,qam16,8,2,3.4646744738732576,low_sparse,42001,N128_qam16_low_sparse_S8_42001_35d0108e
20,otfs:time:L0:K16,otfs,time,0,16,12800.0,0.0,1664.0,14464.0,165248.0,198144.0,35848,1,18432,0.0,0.0889892578125,0.0855712890625,0.0103894195239795,701,8192,16,8.0,4.1610176677904963e-07,124352.0,0.0007972999883349,0.0002238858007165,0.0010211857890515,12296,128,qam16,8,2,3.4646744738732576,low_sparse,42001,N128_qam16_low_sparse_S8_42001_35d0108e
21,otfs:dense:L128:K0,otfs,dense,128,0,2077184.0,0.0,0.0,24447061.33333333,408320.0,24873813.33333333,1073152,1,18432,0.0,0.0889892578125,0.0855712890625,0.0103894195239795,701,8192,16,0.0,3.6006611932227023e-16,24873813.33333333,0.0092039000010117,0.0001782607952753,0.0093821607962871,786432,128,qam16,8,2,3.4646744738732576,low_sparse,42001,N128_qam16_low_sparse_S8_42001_35d0108e
22,afdm:symbol:L4:K2,afdm,symbol,4,2,1828096.0,212992.0,3200.0,2044288.0,44304.0,2107024.0,570376,1,18432,1.756364054716908e-05,0.0919189453125,0.0860595703125,0.0117072154605404,705,8192,16,2.0,0.0294440418654566,2107024.0,0.0038515999913215,0.0002019041682863,0.0040535041596079,22536,128,qam16,8,2,3.4646744738732576,low_sparse,42001,N128_qam16_low_sparse_S8_42001_35d0108e
23,afdm:symbol:L4:K8,afdm,symbol,4,8,1828096.0,212992.0,3200.0,2044288.0,124224.0,2186944.0,570376,1,18432,1.756364054716908e-05,0.0906982421875,0.0849609375,0.0121240670281091,696,8192,16,8.0,4.1702394798509205e-07,2186944.0,0.0040436999843223,0.0002328791685861,0.0042765791529084,22536,128,qam16,8,2,3.4646744738732576,low_sparse,42001,N128_qam16_low_sparse_S8_42001_35d0108e
24,afdm:symbol:L8:K4,afdm,symbol,8,4,1828096.0,212992.0,6272.0,2047360.0,107808.0,2173600.0,590856,1,18432,9.420667770876356e-06,0.090576171875,0.084716796875,0.0119524228756205,694,8192,16,4.0,0.0007237002543462,2173600.0,0.0045390999875962,0.000177704168643,0.0047168041562392,43016,128,qam16,8,2,3.4646744738732576,low_sparse,42001,N128_qam16_low_sparse_S8_42001_35d0108e
25,afdm:symbol:L8:K16,afdm,symbol,8,16,1828096.0,212992.0,6272.0,2047360.0,365952.0,2431744.0,590856,1,18432,9.420667770876356e-06,0.0906982421875,0.0845947265625,0.0121600659027321,693,8192,16,8.0,4.183931362480981e-07,2259648.0,0.003901300005964,0.0002092729170974,0.0041105729230614,43016,128,qam16,8,2,3.4646744738732576,low_sparse,42001,N128_qam16_low_sparse_S8_42001_35d0108e
26,afdm:symbol:L16:K8,afdm,symbol,16,8,1828096.0,212992.0,12416.0,2053504.0,333120.0,2405056.0,631816,1,18432,4.070267385136717e-06,0.0902099609375,0.0843505859375,0.0118743735700315,691,8192,16,8.0,4.176586445711176e-07,2405056.0,0.0040286000003106,0.0002252041683525,0.0042538041686632,83976,128,qam16,8,2,3.4646744738732576,low_sparse,42001,N128_qam16_low_sparse_S8_42001_35d0108e
27,afdm:symbol:L32:K16,afdm,symbol,32,16,1828096.0,212992.0,24704.0,2065792.0,1176960.0,3261184.0,713736,1,18432,1.4049987075992476e-06,0.0899658203125,0.084228515625,0.0117160370123493,690,8192,16,8.0,4.179315527854511e-07,2695872.0,0.0040722999983699,0.0003360729203698,0.0044083729187398,165896,128,qam16,8,2,3.4646744738732576,low_sparse,42001,N128_qam16_low_sparse_S8_42001_35d0108e
28,afdm:time:L0:K2,afdm,time,0,2,25856.0,0.0,1664.0,27520.0,34064.0,80016.0,35848,1,18432,0.0,0.091064453125,0.0860595703125,0.0108503960462441,705,8192,16,2.0,0.0294290972394199,80016.0,0.0004795999993802,0.0001193166678852,0.0005989166672655,12296,128,qam16,8,2,3.4646744738732576,low_sparse,42001,N128_qam16_low_sparse_S8_42001_35d0108e
29,afdm:time:L0:K4,afdm,time,0,4,25856.0,0.0,1664.0,27520.0,52512.0,98464.0,35848,1,18432,0.0,0.09033203125,0.0843505859375,0.0117451687884067,691,8192,16,4.0,0.0007231201223423,98464.0,0.0004860000044573,0.0001460916680364,0.0006320916724937,12296,128,qam16,8,2,3.4646744738732576,low_sparse,42001,N128_qam16_low_sparse_S8_42001_35d0108e
30,afdm:time:L0:K8,afdm,time,0,8,25856.0,0.0,1664.0,27520.0,89408.0,135360.0,35848,1,18432,0.0,0.090087890625,0.0843505859375,0.0117451687884067,691,8192,16,8.0,4.1700363998517963e-07,135360.0,0.0004884999943897,0.0001996354173818,0.0006881354117715,12296,128,qam16,8,2,3.4646744738732576,low_sparse,42001,N128_qam16_low_sparse_S8_42001_35d0108e
31,afdm:time:L0:K16,afdm,time,0,16,25856.0,0.0,1664.0,27520.0,163200.0,209152.0,35848,1,18432,0.0,0.090087890625,0.0843505859375,0.0117451687884067,691,8192,16,8.0,4.1700363998517963e-07,135360.0,0.0004722999874502,0.0004090729168886,0.0008813729043388,12296,128,qam16,8,2,3.4646744738732576,low_sparse,42001,N128_qam16_low_sparse_S8_42001_35d0108e
32,afdm:dense:L128:K0,afdm,dense,128,0,1828096.0,0.0,0.0,24197973.33333333,406272.0,24622677.33333333,1073152,1,18432,0.0,0.090087890625,0.0843505859375,0.0117451687884067,691,8192,16,0.0,6.584465578620178e-16,24622677.33333333,0.003926199991838,0.0001963729216434,0.0041225729134814,786432,128,qam16,8,2,3.4646744738732576,low_sparse,42001,N128_qam16_low_sparse_S8_42001_35d0108e
0,ofdm:symbol:L4:K2,ofdm,symbol,4,2,1421824.0,212992.0,3200.0,1638016.0,41232.0,1697680.0,570376,1,18432,5.095368540752876e-05,0.324951171875,0.3267822265625,0.0140791053218959,2677,8192,16,2.0,6.027671211644248e-05,1697680.0,0.0063820999930612,0.0001196253842036,0.0065017253772649,22536,128,qam16,8,2,4.809150010245572,low_sparse,42002,N128_qam16_low_sparse_S8_42002_945c7fe0
1,ofdm:symbol:L4:K8,ofdm,symbol,4,8,1421824.0,212992.0,3200.0,1638016.0,121152.0,1777600.0,570376,1,18432,5.095368540752876e-05,0.324951171875,0.326904296875,0.0139913383210586,2678,8192,16,3.0,3.329677055063641e-07,1711000.0,0.005865500002983,0.0001314066275054,0.0059969066304884,22536,128,qam16,8,2,4.809150010245572,low_sparse,42002,N128_qam16_low_sparse_S8_42002_945c7fe0
2,ofdm:symbol:L8:K4,ofdm,symbol,8,4,1421824.0,212992.0,6272.0,1641088.0,104736.0,1764256.0,590856,1,18432,2.6988412160311448e-05,0.324462890625,0.326416015625,0.0140819274080198,2674,8192,16,3.0,6.146521832360242e-07,1742744.0,0.0059019999898737,0.0001301566289012,0.006032156618775,43016,128,qam16,8,2,4.809150010245572,low_sparse,42002,N128_qam16_low_sparse_S8_42002_945c7fe0
3,ofdm:symbol:L8:K16,ofdm,symbol,8,16,1421824.0,212992.0,6272.0,1641088.0,362880.0,2022400.0,590856,1,18432,2.6988412160311448e-05,0.324462890625,0.326416015625,0.0140819274080198,2674,8192,16,3.0,6.146521832360242e-07,1742744.0,0.0059307999908924,0.0001715441284514,0.0061023441193438,43016,128,qam16,8,2,4.809150010245572,low_sparse,42002,N128_qam16_low_sparse_S8_42002_945c7fe0
4,ofdm:symbol:L16:K8,ofdm,symbol,16,8,1421824.0,212992.0,12416.0,1647232.0,330048.0,1995712.0,631816,1,18432,1.245462948140652e-05,0.324462890625,0.3262939453125,0.0140021264414082,2673,8192,16,3.1875,7.618744838889174e-07,1813337.5,0.0061456999974325,0.0001945753764713,0.0063402753739038,83976,128,qam16,8,2,4.809150010245572,low_sparse,42002,N128_qam16_low_sparse_S8_42002_945c7fe0
5,ofdm:symbol:L32:K16,ofdm,symbol,32,16,1421824.0,212992.0,24704.0,1659520.0,1173888.0,2851840.0,713736,1,18432,5.84980747708741e-06,0.324462890625,0.3262939453125,0.0141825881947555,2673,8192,16,3.0625,8.677104271896227e-07,1937624.5,0.0061074999975971,0.0002117816283399,0.0063192816259371,165896,128,qam16,8,2,4.809150010245572,low_sparse,42002,N128_qam16_low_sparse_S8_42002_945c7fe0
6,ofdm:time:L0:K2,ofdm,time,0,2,12800.0,0.0,1664.0,14464.0,30992.0,63888.0,35848,1,18432,0.0,0.325927734375,0.3270263671875,0.0149081789444075,2679,8192,16,2.0,0.041021729647652,63888.0,0.0006042999884812,0.0001352941316409,0.0007395941201221,12296,128,qam16,8,2,4.809150010245572,low_sparse,42002,N128_qam16_low_sparse_S8_42002_945c7fe0
7,ofdm:time:L0:K4,ofdm,time,0,4,12800.0,0.0,1664.0,14464.0,49440.0,82336.0,35848,1,18432,0.0,0.32421875,0.3260498046875,0.0140565082359537,2671,8192,16,4.0,0.0027661988938514,82336.0,0.0005996999971102,0.0001522878818915,0.0007519878790018,12296,128,qam16,8,2,4.809150010245572,low_sparse,42002,N128_qam16_low_sparse_S8_42002_945c7fe0
8,ofdm:time:L0:K8,ofdm,time,0,8,12800.0,0.0,1664.0,14464.0,86336.0,119232.0,35848,1,18432,0.0,0.3248291015625,0.3265380859375,0.0139612010837713,2675,8192,16,8.0,1.2465244206428012e-05,119232.0,0.000562399989576,0.0002113566332892,0.0007737566228653,12296,128,qam16,8,2,4.809150010245572,low_sparse,42002,N128_qam16_low_sparse_S8_42002_945c7fe0
9,ofdm:time:L0:K16,ofdm,time,0,16,12800.0,0.0,1664.0,14464.0,160128.0,193024.0,35848,1,18432,0.0,0.3248291015625,0.3265380859375,0.0139612010837713,2675,8192,16,10.0,8.517938938325032e-07,137680.0,0.0006079000013414,0.0002467816283652,0.0008546816297067,12296,128,qam16,8,2,4.809150010245572,low_sparse,42002,N128_qam16_low_sparse_S8_42002_945c7fe0
10,ofdm:dense:L128:K0,ofdm,dense,128,0,1421824.0,0.0,0.0,23791701.33333333,403200.0,24213333.33333333,1073152,1,18432,0.0,0.3248291015625,0.3265380859375,0.0139612010837713,2675,8192,16,0.0,4.596687467083888e-16,24213333.33333333,0.0058177999890176,0.0001635316283764,0.0059813316173941,786432,128,qam16,8,2,4.809150010245572,low_sparse,42002,N128_qam16_low_sparse_S8_42002_945c7fe0
11,otfs:symbol:L4:K2,otfs,symbol,4,2,2077184.0,212992.0,3200.0,2293376.0,46352.0,2358160.0,570376,1,18432,9.198812671795677e-05,0.3349609375,0.3232421875,0.0167255632534702,2648,8192,16,2.0,0.0411982530661402,2358160.0,0.0073293000023113,0.0001376600390689,0.0074669600413802,22536,128,qam16,8,2,4.809150010245572,low_sparse,42002,N128_qam16_low_sparse_S8_42002_945c7fe0
12,otfs:symbol:L4:K8,otfs,symbol,4,8,2077184.0,212992.0,3200.0,2293376.0,126272.0,2438080.0,570376,1,18432,9.198812671795677e-05,0.3341064453125,0.3232421875,0.017012006521437,2648,8192,16,8.0,1.2436973680100837e-05,2438080.0,0.0072845999966375,0.0002446162876698,0.0075292162843073,22536,128,qam16,8,2,4.809150010245572,low_sparse,42002,N128_qam16_low_sparse_S8_42002_945c7fe0
13,otfs:symbol:L8:K4,otfs,symbol,8,4,2077184.0,212992.0,6272.0,2296448.0,109856.0,2424736.0,590856,1,18432,3.7345867929916565e-05,0.3336181640625,0.32373046875,0.0167938466262261,2652,8192,16,4.0,0.0027625759721475,2424736.0,0.0072924999985843,0.0002057412881516,0.007498241286736,43016,128,qam16,8,2,4.809150010245572,low_sparse,42002,N128_qam16_low_sparse_S8_42002_945c7fe0
14,otfs:symbol:L8:K16,otfs,symbol,8,16,2077184.0,212992.0,6272.0,2296448.0,368000.0,2682880.0,590856,1,18432,3.7345867929916565e-05,0.3341064453125,0.3233642578125,0.0163249590419004,2649,8192,16,10.0,8.435325977791596e-07,2553808.0,0.0074735999951371,0.0002970975380197,0.0077706975331569,43016,128,qam16,8,2,4.809150010245572,low_sparse,42002,N128_qam16_low_sparse_S8_42002_945c7fe0
15,otfs:symbol:L16:K8,otfs,symbol,16,8,2077184.0,212992.0,12416.0,2302592.0,335168.0,2656192.0,631816,1,18432,0.0,0.3341064453125,0.322509765625,0.0169951805314204,2642,8192,16,8.0,1.2438079438393733e-05,2656192.0,0.0071783000021241,0.0002480162880932,0.0074263162902174,83976,128,qam16,8,2,4.809150010245572,low_sparse,42002,N128_qam16_low_sparse_S8_42002_945c7fe0
16,otfs:symbol:L32:K16,otfs,symbol,32,16,2077184.0,212992.0,24704.0,2314880.0,1179008.0,3512320.0,713736,1,18432,0.0,0.3341064453125,0.322509765625,0.0169951805314204,2642,8192,16,10.0,8.435948362675072e-07,3088336.0,0.0072548000025562,0.0003598475365255,0.0076146475390818,165896,128,qam16,8,2,4.809150010245572,low_sparse,42002,N128_qam16_low_sparse_S8_42002_945c7fe0
17,otfs:time:L0:K2,otfs,time,0,2,12800.0,0.0,1664.0,14464.0,36112.0,69008.0,35848,1,18432,0.0,0.33447265625,0.3232421875,0.0164959107543228,2648,8192,16,2.0,0.0411965049822845,69008.0,0.0004826000076718,0.0001400537872872,0.000622653794959,12296,128,qam16,8,2,4.809150010245572,low_sparse,42002,N128_qam16_low_sparse_S8_42002_945c7fe0
18,otfs:time:L0:K4,otfs,time,0,4,12800.0,0.0,1664.0,14464.0,54560.0,87456.0,35848,1,18432,0.0,0.333984375,0.3232421875,0.0171904590255879,2648,8192,16,4.0,0.0027621204791651,87456.0,0.0004928999987896,0.0002083662844928,0.0007012662832824,12296,128,qam16,8,2,4.809150010245572,low_sparse,42002,N128_qam16_low_sparse_S8_42002_945c7fe0
19,otfs:time:L0:K8,otfs,time,0,8,12800.0,0.0,1664.0,14464.0,91456.0,124352.0,35848,1,18432,0.0,0.3341064453125,0.322509765625,0.0169951805314204,2642,8192,16,8.0,1.2438079438393738e-05,124352.0,0.000508000011905,0.0002224725354939,0.000730472547399,12296,128,qam16,8,2,4.809150010245572,low_sparse,42002,N128_qam16_low_sparse_S8_42002_945c7fe0
20,otfs:time:L0:K16,otfs,time,0,16,12800.0,0.0,1664.0,14464.0,165248.0,198144.0,35848,1,18432,0.0,0.3341064453125,0.322509765625,0.0169951805314204,2642,8192,16,10.0,8.43594836267508e-07,142800.0,0.0004471000138437,0.0002500287888654,0.0006971288027092,12296,128,qam16,8,2,4.809150010245572,low_sparse,42002,N128_qam16_low_sparse_S8_42002_945c7fe0
21,otfs:dense:L128:K0,otfs,dense,128,0,2077184.0,0.0,0.0,24447061.33333333,408320.0,24873813.33333333,1073152,1,18432,0.0,0.3341064453125,0.322509765625,0.0169951805314204,2642,8192,16,0.0,2.3319563458166713e-16,24873813.33333333,0.0070078999997349,0.0001969412857182,0.0072048412854531,786432,128,qam16,8,2,4.809150010245572,low_sparse,42002,N128_qam16_low_sparse_S8_42002_945c7fe0
22,afdm:symbol:L4:K2,afdm,symbol,4,2,1828096.0,212992.0,3200.0,2044288.0,44304.0,2107024.0,570376,1,18432,9.902009070927864e-05,0.3294677734375,0.3353271484375,0.015090445062551,2747,8192,16,2.0,0.0401969603786158,2107024.0,0.0043727000011131,0.0001325409075434,0.0045052409086565,22536,128,qam16,8,2,4.809150010245572,low_sparse,42002,N128_qam16_low_sparse_S8_42002_945c7fe0
23,afdm:symbol:L4:K8,afdm,symbol,4,8,1828096.0,212992.0,3200.0,2044288.0,124224.0,2186944.0,570376,1,18432,9.902009070927864e-05,0.3284912109375,0.334228515625,0.0159452053217858,2738,8192,16,8.0,1.2045250000342162e-05,2186944.0,0.0043513999989954,0.0002092471568175,0.004560647155813,22536,128,qam16,8,2,4.809150010245572,low_sparse,42002,N128_qam16_low_sparse_S8_42002_945c7fe0
24,afdm:symbol:L8:K4,afdm,symbol,8,4,1828096.0,212992.0,6272.0,2047360.0,107808.0,2173600.0,590856,1,18432,5.020806697841884e-05,0.3284912109375,0.334716796875,0.015881280412661,2742,8192,16,4.0,0.0027069505327888,2173600.0,0.0042811000021174,0.00015132840781,0.0044324284099275,43016,128,qam16,8,2,4.809150010245572,low_sparse,42002,N128_qam16_low_sparse_S8_42002_945c7fe0
25,afdm:symbol:L8:K16,afdm,symbol,8,16,1828096.0,212992.0,6272.0,2047360.0,365952.0,2431744.0,590856,1,18432,5.020806697841884e-05,0.328369140625,0.3345947265625,0.0157016147374388,2741,8192,16,10.0,8.20931411085949e-07,2302672.0,0.0043240999948466,0.0002416909055682,0.0045657909004148,43016,128,qam16,8,2,4.809150010245572,low_sparse,42002,N128_qam16_low_sparse_S8_42002_945c7fe0
26,afdm:symbol:L16:K8,afdm,symbol,16,8,1828096.0,212992.0,12416.0,2053504.0,333120.0,2405056.0,631816,1,18432,2.2496035302910226e-05,0.32861328125,0.334716796875,0.0160722924055833,2742,8192,16,8.0,1.2050650189124605e-05,2405056.0,0.0044931000011274,0.0002752659056568,0.0047683659067843,83976,128,qam16,8,2,4.809150010245572,low_sparse,42002,N128_qam16_low_sparse_S8_42002_945c7fe0
27,afdm:symbol:L32:K16,afdm,symbol,32,16,1828096.0,212992.0,24704.0,2065792.0,1176960.0,3261184.0,713736,1,18432,7.432155477937741e-06,0.328857421875,0.3349609375,0.0159790614131692,2744,8192,16,10.0,8.209830889499735e-07,2837200.0,0.0045281000057002,0.0003115346544291,0.0048396346601293,165896,128,qam16,8,2,4.809150010245572,low_sparse,42002,N128_qam16_low_sparse_S8_42002_945c7fe0
28,afdm:time:L0:K2,afdm,time,0,2,25856.0,0.0,1664.0,27520.0,34064.0,80016.0,35848,1,18432,0.0,0.3304443359375,0.334716796875,0.0161983824373682,2742,8192,16,2.0,0.0401988194515519,80016.0,0.0005506999877979,0.000109228409201,0.000659928396999,12296,128,qam16,8,2,4.809150010245572,low_sparse,42002,N128_qam16_low_sparse_S8_42002_945c7fe0
29,afdm:time:L0:K4,afdm,time,0,4,25856.0,0.0,1664.0,27520.0,52512.0,98464.0,35848,1,18432,0.0,0.328857421875,0.3349609375,0.0159949688948718,2744,8192,16,4.0,0.0027077184590638,98464.0,0.0004975000047124,0.0001368784078294,0.0006343784125419,12296,128,qam16,8,2,4.809150010245572,low_sparse,42002,N128_qam16_low_sparse_S8_42002_945c7fe0
30,afdm:time:L0:K8,afdm,time,0,8,25856.0,0.0,1664.0,27520.0,89408.0,135360.0,35848,1,18432,0.0,0.3289794921875,0.33447265625,0.0160505209262879,2740,8192,16,8.0,1.2044503575867709e-05,135360.0,0.0004657999961636,0.0001978159043574,0.0006636159005211,12296,128,qam16,8,2,4.809150010245572,low_sparse,42002,N128_qam16_low_sparse_S8_42002_945c7fe0
31,afdm:time:L0:K16,afdm,time,0,16,25856.0,0.0,1664.0,27520.0,163200.0,209152.0,35848,1,18432,0.0,0.3289794921875,0.33447265625,0.0160505209262879,2740,8192,16,10.0,8.21392624716501e-07,153808.0,0.0004863000067416,0.0002773471615,0.0007636471682417,12296,128,qam16,8,2,4.809150010245572,low_sparse,42002,N128_qam16_low_sparse_S8_42002_945c7fe0
32,afdm:dense:L128:K0,afdm,dense,128,0,1828096.0,0.0,0.0,24197973.33333333,406272.0,24622677.33333333,1073152,1,18432,0.0,0.3289794921875,0.33447265625,0.0160505209262879,2740,8192,16,0.0,3.872781259809935e-16,24622677.33333333,0.0041830999980447,0.000170140910086,0.0043532409081308,786432,128,qam16,8,2,4.809150010245572,low_sparse,42002,N128_qam16_low_sparse_S8_42002_945c7fe0
0,ofdm:symbol:L4:K2,ofdm,symbol,4,2,1421824.0,212992.0,3200.0,1638016.0,41232.0,1697680.0,570376,1,18432,1.365598100155907e-05,0.34326171875,0.34423828125,0.0246073081142616,2820,8192,16,2.0,1.3435248393348578e-05,1697680.0,0.0039898999966681,0.0001072708310775,0.0040971708277456,22536,128,qam16,8,2,2.075628226237778,low_sparse,42003,N128_qam16_low_sparse_S8_42003_bfcc6493
1,ofdm:symbol:L4:K8,ofdm,symbol,4,8,1421824.0,212992.0,3200.0,1638016.0,121152.0,1777600.0,570376,1,18432,1.365598100155907e-05,0.34326171875,0.34423828125,0.0246073081142616,2820,8192,16,3.0,4.7036373184889235e-08,1711000.0,0.0038101999962236,0.0001212270791174,0.003931427075341,22536,128,qam16,8,2,2.075628226237778,low_sparse,42003,N128_qam16_low_sparse_S8_42003_bfcc6493
2,ofdm:symbol:L8:K4,ofdm,symbol,8,4,1421824.0,212992.0,6272.0,1641088.0,104736.0,1764256.0,590856,1,18432,6.176189540685328e-06,0.34375,0.34423828125,0.0247618457947193,2820,8192,16,3.0,6.40493213508877e-08,1742744.0,0.0037624999822583,0.000126433335109,0.0038889333173673,43016,128,qam16,8,2,2.075628226237778,low_sparse,42003,N128_qam16_low_sparse_S8_42003_bfcc6493
3,ofdm:symbol:L8:K16,ofdm,symbol,8,16,1421824.0,212992.0,6272.0,1641088.0,362880.0,2022400.0,590856,1,18432,6.176189540685328e-06,0.34375,0.34423828125,0.0247618457947193,2820,8192,16,3.0,6.40493213508877e-08,1742744.0,0.0037999999913154,0.0001224583312167,0.0039224583225322,43016,128,qam16,8,2,2.075628226237778,low_sparse,42003,N128_qam16_low_sparse_S8_42003_bfcc6493
4,ofdm:symbol:L16:K8,ofdm,symbol,16,8,1421824.0,212992.0,12416.0,1647232.0,330048.0,1995712.0,631816,1,18432,3.238132151084372e-06,0.3436279296875,0.3441162109375,0.0246869514500963,2819,8192,16,3.0,9.059103036973013e-08,1806232.0,0.0040760999836493,0.0001363083302666,0.0042124083139159,83976,128,qam16,8,2,2.075628226237778,low_sparse,42003,N128_qam16_low_sparse_S8_42003_bfcc6493
5,ofdm:symbol:L32:K16,ofdm,symbol,32,16,1421824.0,212992.0,24704.0,1659520.0,1173888.0,2851840.0,713736,1,18432,1.4085148154485694e-06,0.34375,0.3438720703125,0.0241900530378694,2817,8192,16,3.0,1.023732319425062e-07,1933208.0,0.0043358999828342,0.0001677458331786,0.0045036458160128,165896,128,qam16,8,2,2.075628226237778,low_sparse,42003,N128_qam16_low_sparse_S8_42003_bfcc6493
6,ofdm:time:L0:K2,ofdm,time,0,2,12800.0,0.0,1664.0,14464.0,30992.0,63888.0,35848,1,18432,0.0,0.3431396484375,0.3453369140625,0.0240609225462037,2829,8192,16,2.0,0.0322996285208462,63888.0,0.0004697999975178,0.0001053208335096,0.0005751208310274,12296,128,qam16,8,2,2.075628226237778,low_sparse,42003,N128_qam16_low_sparse_S8_42003_bfcc6493
7,ofdm:time:L0:K4,ofdm,time,0,4,12800.0,0.0,1664.0,14464.0,49440.0,82336.0,35848,1,18432,0.0,0.34375,0.3441162109375,0.0242399389625846,2819,8192,16,4.0,0.0016348580729267,82336.0,0.0004418000025907,0.0001326270822491,0.0005744270848398,12296,128,qam16,8,2,2.075628226237778,low_sparse,42003,N128_qam16_low_sparse_S8_42003_bfcc6493
8,ofdm:time:L0:K8,ofdm,time,0,8,12800.0,0.0,1664.0,14464.0,86336.0,119232.0,35848,1,18432,0.0,0.34375,0.3438720703125,0.0241900530378694,2817,8192,16,8.0,4.037674419204487e-06,119232.0,0.0004501000075833,0.0001905145837471,0.0006406145913305,12296,128,qam16,8,2,2.075628226237778,low_sparse,42003,N128_qam16_low_sparse_S8_42003_bfcc6493
9,ofdm:time:L0:K16,ofdm,time,0,16,12800.0,0.0,1664.0,14464.0,160128.0,193024.0,35848,1,18432,0.0,0.34375,0.3438720703125,0.0241900530378694,2817,8192,16,9.0625,8.467914815965912e-07,129032.5,0.0004418999888002,0.000206777081158,0.0006486770699583,12296,128,qam16,8,2,2.075628226237778,low_sparse,42003,N128_qam16_low_sparse_S8_42003_bfcc6493
10,ofdm:dense:L128:K0,ofdm,dense,128,0,1421824.0,0.0,0.0,23791701.33333333,403200.0,24213333.33333333,1073152,1,18432,0.0,0.34375,0.3438720703125,0.0241900530378694,2817,8192,16,0.0,3.3655370152578083e-16,24213333.33333333,0.0037668999866582,0.0001491083304162,0.0039160083170744,786432,128,qam16,8,2,2.075628226237778,low_sparse,42003,N128_qam16_low_sparse_S8_42003_bfcc6493
11,otfs:symbol:L4:K2,otfs,symbol,4,2,2077184.0,212992.0,3200.0,2293376.0,46352.0,2358160.0,570376,1,18432,2.8444907824720644e-05,0.3487548828125,0.34912109375,0.0125264206456875,2860,8192,16,2.0,0.032139107131371,2358160.0,0.008712100010598,0.0001379361735664,0.0088500361841645,22536,128,qam16,8,2,2.075628226237778,low_sparse,42003,N128_qam16_low_sparse_S8_42003_bfcc6493
12,otfs:symbol:L4:K8,otfs,symbol,4,8,2077184.0,212992.0,3200.0,2293376.0,126272.0,2438080.0,570376,1,18432,2.8444907824720644e-05,0.3492431640625,0.3489990234375,0.0134509446654949,2859,8192,16,8.0,3.981611484759317e-06,2438080.0,0.0087894000025698,0.0002328924244714,0.0090222924270413,22536,128,qam16,8,2,2.075628226237778,low_sparse,42003,N128_qam16_low_sparse_S8_42003_bfcc6493
13,otfs:symbol:L8:K4,otfs,symbol,8,4,2077184.0,212992.0,6272.0,2296448.0,109856.0,2424736.0,590856,1,18432,1.103135049318471e-05,0.348876953125,0.3486328125,0.0140480249575637,2856,8192,16,4.0,0.0016085797911949,2424736.0,0.0085328999994089,0.0001666361738237,0.0086995361732326,43016,128,qam16,8,2,2.075628226237778,low_sparse,42003,N128_qam16_low_sparse_S8_42003_bfcc6493
14,otfs:symbol:L8:K16,otfs,symbol,8,16,2077184.0,212992.0,6272.0,2296448.0,368000.0,2682880.0,590856,1,18432,1.103135049318471e-05,0.3492431640625,0.3489990234375,0.0143829014388771,2859,8192,16,9.0,8.851931472231083e-07,2532296.0,0.0086144000088097,0.0002973674206507,0.0089117674294605,43016,128,qam16,8,2,2.075628226237778,low_sparse,42003,N128_qam16_low_sparse_S8_42003_bfcc6493
15,otfs:symbol:L16:K8,otfs,symbol,16,8,2077184.0,212992.0,12416.0,2302592.0,335168.0,2656192.0,631816,1,18432,0.0,0.3497314453125,0.3487548828125,0.0143696340967295,2857,8192,16,8.0,3.9802774272809975e-06,2656192.0,0.0085816000064369,0.0002553861738554,0.0088369861802923,83976,128,qam16,8,2,2.075628226237778,low_sparse,42003,N128_qam16_low_sparse_S8_42003_bfcc6493
16,otfs:symbol:L32:K16,otfs,symbol,32,16,2077184.0,212992.0,24704.0,2314880.0,1179008.0,3512320.0,713736,1,18432,0.0,0.3497314453125,0.3487548828125,0.0143696340967295,2857,8192,16,9.0,8.853273693370698e-07,3017672.0,0.0085833000048296,0.0003062361754266,0.0088895361802563,165896,128,qam16,8,2,2.075628226237778,low_sparse,42003,N128_qam16_low_sparse_S8_42003_bfcc6493
17,otfs:time:L0:K2,otfs,time,0,2,12800.0,0.0,1664.0,14464.0,36112.0,69008.0,35848,1,18432,0.0,0.3494873046875,0.349365234375,0.0124526079135117,2862,8192,16,2.0,0.032140770618724,69008.0,0.000616399993305,0.0001350049221648,0.0007514049154699,12296,128,qam16,8,2,2.075628226237778,low_sparse,42003,N128_qam16_low_sparse_S8_42003_bfcc6493
18,otfs:time:L0:K4,otfs,time,0,4,12800.0,0.0,1664.0,14464.0,54560.0,87456.0,35848,1,18432,0.0,0.3492431640625,0.3487548828125,0.0140112047316505,2857,8192,16,4.0,0.0016085859956424,87456.0,0.0006177000032039,0.0001669424216081,0.0007846424248121,12296,128,qam16,8,2,2.075628226237778,low_sparse,42003,N128_qam16_low_sparse_S8_42003_bfcc6493
19,otfs:time:L0:K8,otfs,time,0,8,12800.0,0.0,1664.0,14464.0,91456.0,124352.0,35848,1,18432,0.0,0.3497314453125,0.3487548828125,0.0143696340967295,2857,8192,16,8.0,3.9802774272810025e-06,124352.0,0.0006305999850155,0.0002804299262854,0.000911029911301,12296,128,qam16,8,2,2.075628226237778,low_sparse,42003,N128_qam16_low_sparse_S8_42003_bfcc6493
20,otfs:time:L0:K16,otfs,time,0,16,12800.0,0.0,1664.0,14464.0,165248.0,198144.0,35848,1,18432,0.0,0.3497314453125,0.3487548828125,0.0143696340967295,2857,8192,16,9.0,8.853273693370707e-07,133576.0,0.00063379999483,0.0002467986703116,0.0008805986651416,12296,128,qam16,8,2,2.075628226237778,low_sparse,42003,N128_qam16_low_sparse_S8_42003_bfcc6493
21,otfs:dense:L128:K0,otfs,dense,128,0,2077184.0,0.0,0.0,24447061.33333333,408320.0,24873813.33333333,1073152,1,18432,0.0,0.3497314453125,0.3487548828125,0.0143696340967295,2857,8192,16,0.0,2.366514229417042e-16,24873813.33333333,0.0084636000101454,0.0001889799257035,0.0086525799358489,786432,128,qam16,8,2,2.075628226237778,low_sparse,42003,N128_qam16_low_sparse_S8_42003_bfcc6493
22,afdm:symbol:L4:K2,afdm,symbol,4,2,1828096.0,212992.0,3200.0,2044288.0,44304.0,2107024.0,570376,1,18432,2.9574459899262e-05,0.3487548828125,0.3477783203125,0.0188483308925026,2849,8192,16,2.0,0.032210393234143,2107024.0,0.0046569999976782,0.0001121386425107,0.004769138640189,22536,128,qam16,8,2,2.075628226237778,low_sparse,42003,N128_qam16_low_sparse_S8_42003_bfcc6493
23,afdm:symbol:L4:K8,afdm,symbol,4,8,1828096.0,212992.0,3200.0,2044288.0,124224.0,2186944.0,570376,1,18432,2.9574459899262e-05,0.34765625,0.349609375,0.0186384485492467,2864,8192,16,8.0,4.056139624393969e-06,2186944.0,0.0046525000070687,0.0002699948857877,0.0049224948928564,22536,128,qam16,8,2,2.075628226237778,low_sparse,42003,N128_qam16_low_sparse_S8_42003_bfcc6493
24,afdm:symbol:L8:K4,afdm,symbol,8,4,1828096.0,212992.0,6272.0,2047360.0,107808.0,2173600.0,590856,1,18432,1.2774721067421169e-05,0.3477783203125,0.3494873046875,0.0191029703756471,2863,8192,16,4.0,0.0016054109280295,2173600.0,0.0049813000077847,0.0001646761360131,0.0051459761437978,43016,128,qam16,8,2,2.075628226237778,low_sparse,42003,N128_qam16_low_sparse_S8_42003_bfcc6493
25,afdm:symbol:L8:K16,afdm,symbol,8,16,1828096.0,212992.0,6272.0,2047360.0,365952.0,2431744.0,590856,1,18432,1.2774721067421169e-05,0.3477783203125,0.3497314453125,0.0185765188178948,2865,8192,16,9.0,8.934824167340098e-07,2281160.0,0.004823800001759,0.0002774698863173,0.0051012698880764,43016,128,qam16,8,2,2.075628226237778,low_sparse,42003,N128_qam16_low_sparse_S8_42003_bfcc6493
26,afdm:symbol:L16:K8,afdm,symbol,16,8,1828096.0,212992.0,12416.0,2053504.0,333120.0,2405056.0,631816,1,18432,4.396794976768703e-06,0.347412109375,0.3492431640625,0.0184632306057042,2861,8192,16,8.0,4.056618215008059e-06,2405056.0,0.0047450999991269,0.0003348261355892,0.0050799261347161,83976,128,qam16,8,2,2.075628226237778,low_sparse,42003,N128_qam16_low_sparse_S8_42003_bfcc6493
27,afdm:symbol:L32:K16,afdm,symbol,32,16,1828096.0,212992.0,24704.0,2065792.0,1176960.0,3261184.0,713736,1,18432,1.616222001232792e-06,0.3475341796875,0.34912109375,0.0184395412888365,2860,8192,16,9.0,8.942378162720638e-07,2766536.0,0.0052123000059509,0.0003521886322811,0.0055644886382321,165896,128,qam16,8,2,2.075628226237778,low_sparse,42003,N128_qam16_low_sparse_S8_42003_bfcc6493
28,afdm:time:L0:K2,afdm,time,0,2,25856.0,0.0,1664.0,27520.0,34064.0,80016.0,35848,1,18432,0.0,0.3482666015625,0.34716796875,0.0184395412888365,2844,8192,16,2.0,0.0322174696249162,80016.0,0.0005716000014217,0.0001154073846588,0.0006870073860806,12296,128,qam16,8,2,2.075628226237778,low_sparse,42003,N128_qam16_low_sparse_S8_42003_bfcc6493
29,afdm:time:L0:K4,afdm,time,0,4,25856.0,0.0,1664.0,27520.0,52512.0,98464.0,35848,1,18432,0.0,0.346923828125,0.349365234375,0.0187997792981767,2862,8192,16,4.0,0.0016055002671334,98464.0,0.0004847000091103,0.0001630886357485,0.0006477886448589,12296,128,qam16,8,2,2.075628226237778,low_sparse,42003,N128_qam16_low_sparse_S8_42003_bfcc6493
30,afdm:time:L0:K8,afdm,time,0,8,25856.0,0.0,1664.0,27520.0,89408.0,135360.0,35848,1,18432,0.0,0.347412109375,0.349365234375,0.0188672953326801,2862,8192,16,8.0,4.057549976894115e-06,135360.0,0.0005299000040395,0.0001935073872697,0.0007234073913092,12296,128,qam16,8,2,2.075628226237778,low_sparse,42003,N128_qam16_low_sparse_S8_42003_bfcc6493
31,afdm:time:L0:K16,afdm,time,0,16,25856.0,0.0,1664.0,27520.0,163200.0,209152.0,35848,1,18432,0.0,0.347412109375,0.349365234375,0.0188672953326801,2862,8192,16,9.0,8.934733614929669e-07,144584.0,0.0004666999884648,0.0002072511427865,0.0006739511312513,12296,128,qam16,8,2,2.075628226237778,low_sparse,42003,N128_qam16_low_sparse_S8_42003_bfcc6493
32,afdm:dense:L128:K0,afdm,dense,128,0,1828096.0,0.0,0.0,24197973.33333333,406272.0,24622677.33333333,1073152,1,18432,0.0,0.347412109375,0.349365234375,0.0188672953326801,2862,8192,16,0.0,3.133318864362217e-16,24622677.33333333,0.0044812999985879,0.0001633573868854,0.0046446573854733,786432,128,qam16,8,2,2.075628226237778,low_sparse,42003,N128_qam16_low_sparse_S8_42003_bfcc6493
0,ofdm:symbol:L4:K2,ofdm,symbol,4,2,2250752.0,212992.0,3200.0,2466944.0,41232.0,2513296.0,570376,1,5120,0.2552207181556982,0.1201171875,0.125732421875,0.0215006448811655,515,4096,16,2.0,0.1615223441593379,2513296.0,0.0040994000009959,0.0001048244316045,0.0042042244326005,22536,128,qpsk,18,8,1876.1541125923209,high_rich,42001,N128_qpsk_high_rich_S18_42001_3aa161f9
1,ofdm:symbol:L4:K8,ofdm,symbol,4,8,2250752.0,212992.0,3200.0,2466944.0,121152.0,2593216.0,570376,1,5120,0.2552207181556982,0.158935546875,0.153564453125,0.024980410212174,629,4096,16,8.0,0.0320268087117675,2593216.0,0.0040156000031856,0.0002213744314069,0.0042369744345926,22536,128,qpsk,18,8,1876.1541125923209,high_rich,42001,N128_qpsk_high_rich_S18_42001_3aa161f9
2,ofdm:symbol:L8:K4,ofdm,symbol,8,4,2250752.0,212992.0,6272.0,2470016.0,104736.0,2579872.0,590856,1,5120,0.0661213400649356,0.045166015625,0.052490234375,0.0161983824373682,215,4096,16,4.0,0.0598967708583067,2579872.0,0.0043032999965362,0.0001787744308096,0.0044820744273458,43016,128,qpsk,18,8,1876.1541125923209,high_rich,42001,N128_qpsk_high_rich_S18_42001_3aa161f9
3,ofdm:symbol:L8:K16,ofdm,symbol,8,16,2250752.0,212992.0,6272.0,2470016.0,362880.0,2838016.0,590856,1,5120,0.0661213400649356,0.05859375,0.0556640625,0.0222118777463958,228,4096,16,16.0,0.0072244453573327,2838016.0,0.0041419000044697,0.0003687806869713,0.0045106806914411,43016,128,qpsk,18,8,1876.1541125923209,high_rich,42001,N128_qpsk_high_rich_S18_42001_3aa161f9
4,ofdm:symbol:L16:K8,ofdm,symbol,16,8,2250752.0,212992.0,12416.0,2476160.0,330048.0,2811328.0,631816,1,5120,0.019142215101326,0.009521484375,0.01220703125,0.0093396686668902,50,4096,16,8.0,0.019795053577994,2811328.0,0.0041028000123333,0.000232768184491,0.0043355681968243,83976,128,qpsk,18,8,1876.1541125923209,high_rich,42001,N128_qpsk_high_rich_S18_42001_3aa161f9
5,ofdm:symbol:L32:K16,ofdm,symbol,32,16,2250752.0,212992.0,24704.0,2488448.0,1173888.0,3667456.0,713736,1,5120,0.008070883122995,0.00341796875,0.005126953125,0.0054722366117663,21,4096,16,16.0,0.0047604573559387,3667456.0,0.0043116000015288,0.0004669619315102,0.004778561933039,165896,128,qpsk,18,8,1876.1541125923209,high_rich,42001,N128_qpsk_high_rich_S18_42001_3aa161f9
6,ofdm:time:L0:K2,ofdm,time,0,2,55296.0,0.0,6272.0,61568.0,61712.0,128400.0,66568,1,5120,0.0,0.0595703125,0.064453125,0.017872249934139,264,4096,16,2.0,0.1287176138941668,128400.0,0.0007868999819038,0.0001168744333192,0.000903774415223,43016,128,qpsk,18,8,1876.1541125923209,high_rich,42001,N128_qpsk_high_rich_S18_42001_3aa161f9
7,ofdm:time:L0:K4,ofdm,time,0,4,55296.0,0.0,6272.0,61568.0,104736.0,171424.0,66568,1,5120,0.0,0.015869140625,0.017578125,0.0091331655816407,72,4096,16,4.0,0.0545201274855724,171424.0,0.0007594999915454,0.0001339244267221,0.0008934244182676,43016,128,qpsk,18,8,1876.1541125923209,high_rich,42001,N128_qpsk_high_rich_S18_42001_3aa161f9
8,ofdm:time:L0:K8,ofdm,time,0,8,55296.0,0.0,6272.0,61568.0,190784.0,257472.0,66568,1,5120,0.0,0.0029296875,0.003662109375,0.0048304483858201,15,4096,16,8.0,0.017628654927966,257472.0,0.000758299982408,0.0001957806829743,0.0009540806653824,43016,128,qpsk,18,8,1876.1541125923209,high_rich,42001,N128_qpsk_high_rich_S18_42001_3aa161f9
9,ofdm:time:L0:K16,ofdm,time,0,16,55296.0,0.0,6272.0,61568.0,362880.0,429568.0,66568,1,5120,0.0,0.000244140625,0.0009765625,0.0022552744890219,4,4096,16,16.0,0.0042919343257061,429568.0,0.0007926999824121,0.0004159556832967,0.0012086556657088,43016,128,qpsk,18,8,1876.1541125923209,high_rich,42001,N128_qpsk_high_rich_S18_42001_3aa161f9
10,ofdm:dense:L128:K0,ofdm,dense,128,0,2250752.0,0.0,0.0,24620629.33333333,403200.0,25028949.33333333,1073152,1,5120,0.0,0.0,0.000732421875,0.0021246313635521,3,4096,16,0.0,6.232880203435788e-16,25028949.33333333,0.0039075999957276,0.0001800681797469,0.0040876681754746,786432,128,qpsk,18,8,1876.1541125923209,high_rich,42001,N128_qpsk_high_rich_S18_42001_3aa161f9
11,otfs:symbol:L4:K2,otfs,symbol,4,2,2906112.0,212992.0,3200.0,3122304.0,46352.0,3173776.0,570376,1,5120,0.398006036017231,0.17041015625,0.18017578125,0.0267941416244414,738,4096,16,2.0,0.1965648990718091,3173776.0,0.0080343000154243,0.0001606706463269,0.0081949706617513,22536,128,qpsk,18,8,1876.1541125923209,high_rich,42001,N128_qpsk_high_rich_S18_42001_3aa161f9
12,otfs:symbol:L4:K8,otfs,symbol,4,8,2906112.0,212992.0,3200.0,3122304.0,126272.0,3253696.0,570376,1,5120,0.398006036017231,0.222900390625,0.2353515625,0.0304420288810689,964,4096,16,8.0,0.0353573406260486,3253696.0,0.0080191000160994,0.0002666331428179,0.0082857331589173,22536,128,qpsk,18,8,1876.1541125923209,high_rich,42001,N128_qpsk_high_rich_S18_42001_3aa161f9
13,otfs:symbol:L8:K4,otfs,symbol,8,4,2906112.0,212992.0,6272.0,3125376.0,109856.0,3240352.0,590856,1,5120,0.2107569036819848,0.1171875,0.12841796875,0.0259454603121103,526,4096,16,4.0,0.1015480108130492,3240352.0,0.0078694000112591,0.000170820644488,0.0080402206557471,43016,128,qpsk,18,8,1876.1541125923209,high_rich,42001,N128_qpsk_high_rich_S18_42001_3aa161f9
14,otfs:symbol:L8:K16,otfs,symbol,8,16,2906112.0,212992.0,6272.0,3125376.0,368000.0,3498496.0,590856,1,5120,0.2107569036819848,0.166015625,0.176513671875,0.0333969145607942,723,4096,16,16.0,0.0109826903120396,3498496.0,0.0077866000065114,0.0004024081434897,0.0081890081500012,43016,128,qpsk,18,8,1876.1541125923209,high_rich,42001,N128_qpsk_high_rich_S18_42001_3aa161f9
15,otfs:symbol:L16:K8,otfs,symbol,16,8,2906112.0,212992.0,12416.0,3131520.0,335168.0,3471808.0,631816,1,5120,0.0751049538785798,0.047607421875,0.045654296875,0.0161196917488152,187,4096,16,8.0,0.0298456348241519,3471808.0,0.0081675999972503,0.0002902768936826,0.008457876890933,83976,128,qpsk,18,8,1876.1541125923209,high_rich,42001,N128_qpsk_high_rich_S18_42001_3aa161f9
16,otfs:symbol:L32:K16,otfs,symbol,32,16,2906112.0,212992.0,24704.0,3143808.0,1179008.0,4327936.0,713736,1,5120,0.0089127152098095,0.0009765625,0.00244140625,0.0031493194329291,10,4096,16,16.0,0.0047741694292783,4327936.0,0.0079470000055152,0.0005561081469557,0.008503108152471,165896,128,qpsk,18,8,1876.1541125923209,high_rich,42001,N128_qpsk_high_rich_S18_42001_3aa161f9
17,otfs:time:L0:K2,otfs,time,0,2,55296.0,0.0,6272.0,61568.0,66832.0,133520.0,66568,1,5120,0.0,0.060302734375,0.06640625,0.0195572743286651,272,4096,16,2.0,0.1303165599487373,133520.0,0.0008801000076346,0.0001430706423696,0.0010231706500042,43016,128,qpsk,18,8,1876.1541125923209,high_rich,42001,N128_qpsk_high_rich_S18_42001_3aa161f9
18,otfs:time:L0:K4,otfs,time,0,4,55296.0,0.0,6272.0,61568.0,109856.0,176544.0,66568,1,5120,0.0,0.015625,0.017333984375,0.0103810017702486,71,4096,16,4.0,0.0545111105131828,176544.0,0.0007895000017015,0.0002098518988339,0.0009993519005354,43016,128,qpsk,18,8,1876.1541125923209,high_rich,42001,N128_qpsk_high_rich_S18_42001_3aa161f9
19,otfs:time:L0:K8,otfs,time,0,8,55296.0,0.0,6272.0,61568.0,195904.0,262592.0,66568,1,5120,0.0,0.00146484375,0.0029296875,0.0043963393271182,12,4096,16,8.0,0.0177241548826188,262592.0,0.0007780000014463,0.0002333956434802,0.0010113956449265,43016,128,qpsk,18,8,1876.1541125923209,high_rich,42001,N128_qpsk_high_rich_S18_42001_3aa161f9
20,otfs:time:L0:K16,otfs,time,0,16,55296.0,0.0,6272.0,61568.0,368000.0,434688.0,66568,1,5120,0.0,0.00048828125,0.000244140625,0.0009765625,1,4096,16,16.0,0.0044774323748023,434688.0,0.0007633000204805,0.0003606893941458,0.0011239894146263,43016,128,qpsk,18,8,1876.1541125923209,high_rich,42001,N128_qpsk_high_rich_S18_42001_3aa161f9
21,otfs:dense:L128:K0,otfs,dense,128,0,2906112.0,0.0,0.0,25275989.33333333,408320.0,25689429.33333333,1073152,1,5120,0.0,0.00048828125,0.000244140625,0.0009765625,1,4096,16,0.0,4.958637234168258e-16,25689429.33333333,0.0077813000098103,0.0001931456453155,0.0079744456551259,786432,128,qpsk,18,8,1876.1541125923209,high_rich,42001,N128_qpsk_high_rich_S18_42001_3aa161f9
22,afdm:symbol:L4:K2,afdm,symbol,4,2,2657024.0,212992.0,3200.0,2873216.0,44304.0,2922640.0,570376,1,5120,0.2616887660917923,0.1455078125,0.13232421875,0.0214369742252093,542,4096,16,2.0,0.1714508547971194,2922640.0,0.0044212999928276,0.0001159829578572,0.0045372829506849,22536,128,qpsk,18,8,1876.1541125923209,high_rich,42001,N128_qpsk_high_rich_S18_42001_3aa161f9
23,afdm:symbol:L4:K8,afdm,symbol,4,8,2657024.0,212992.0,3200.0,2873216.0,124224.0,3002560.0,570376,1,5120,0.2616887660917923,0.1669921875,0.149169921875,0.0217359208764583,611,4096,16,8.0,0.0349702510865113,3002560.0,0.004360999999335,0.0002936017070059,0.0046546017063409,22536,128,qpsk,18,8,1876.1541125923209,high_rich,42001,N128_qpsk_high_rich_S18_42001_3aa161f9
24,afdm:symbol:L8:K4,afdm,symbol,8,4,2657024.0,212992.0,6272.0,2876288.0,107808.0,2989216.0,590856,1,5120,0.0918914048449488,0.061767578125,0.06201171875,0.0188082320567074,254,4096,16,4.0,0.0647110222150462,2989216.0,0.0044299999863142,0.0002065392025432,0.0046365391888574,43016,128,qpsk,18,8,1876.1541125923209,high_rich,42001,N128_qpsk_high_rich_S18_42001_3aa161f9
25,afdm:symbol:L8:K16,afdm,symbol,8,16,2657024.0,212992.0,6272.0,2876288.0,365952.0,3247360.0,590856,1,5120,0.0918914048449488,0.0947265625,0.09326171875,0.031017199267352,382,4096,16,16.0,0.0077165837984659,3247360.0,0.0050019999907817,0.0004095579550156,0.0054115579457974,43016,128,qpsk,18,8,1876.1541125923209,high_rich,42001,N128_qpsk_high_rich_S18_42001_3aa161f9
26,afdm:symbol:L16:K8,afdm,symbol,16,8,2657024.0,212992.0,12416.0,2882432.0,333120.0,3220672.0,631816,1,5120,0.0293539721040682,0.0146484375,0.01953125,0.0125972777317164,80,4096,16,8.0,0.0188213450356853,3220672.0,0.0046809999912511,0.0002319892080666,0.0049129891993178,83976,128,qpsk,18,8,1876.1541125923209,high_rich,42001,N128_qpsk_high_rich_S18_42001_3aa161f9
27,afdm:symbol:L32:K16,afdm,symbol,32,16,2657024.0,212992.0,24704.0,2894720.0,1176960.0,4076800.0,713736,1,5120,0.0089890009293903,0.00830078125,0.008544921875,0.0093770342844982,35,4096,16,16.0,0.0050827214039415,4076800.0,0.0045161999878473,0.0004930392040367,0.0050092391918841,165896,128,qpsk,18,8,1876.1541125923209,high_rich,42001,N128_qpsk_high_rich_S18_42001_3aa161f9
28,afdm:time:L0:K2,afdm,time,0,2,68352.0,0.0,6272.0,74624.0,64784.0,144528.0,66568,1,5120,0.0,0.068115234375,0.064453125,0.0194529681218573,264,4096,16,2.0,0.1279456079830299,144528.0,0.000806800002465,0.0001221892078209,0.0009289892102859,43016,128,qpsk,18,8,1876.1541125923209,high_rich,42001,N128_qpsk_high_rich_S18_42001_3aa161f9
29,afdm:time:L0:K4,afdm,time,0,4,68352.0,0.0,6272.0,74624.0,107808.0,187552.0,66568,1,5120,0.0,0.0205078125,0.01953125,0.0092438746610931,80,4096,16,4.0,0.0539633292992896,187552.0,0.0007932000007713,0.0001495704607694,0.0009427704615408,43016,128,qpsk,18,8,1876.1541125923209,high_rich,42001,N128_qpsk_high_rich_S18_42001_3aa161f9
30,afdm:time:L0:K8,afdm,time,0,8,68352.0,0.0,6272.0,74624.0,193856.0,273600.0,66568,1,5120,0.0,0.00390625,0.00537109375,0.0051180322934983,22,4096,16,8.0,0.0170957138864783,273600.0,0.0008126999891828,0.0002128767035063,0.0010255766926892,43016,128,qpsk,18,8,1876.1541125923209,high_rich,42001,N128_qpsk_high_rich_S18_42001_3aa161f9
31,afdm:time:L0:K16,afdm,time,0,16,68352.0,0.0,6272.0,74624.0,365952.0,445696.0,66568,1,5120,0.0,0.001708984375,0.001220703125,0.0023518739411703,5,4096,16,16.0,0.0041213848868864,445696.0,0.0007693000079598,0.0003986392064579,0.0011679392144177,43016,128,qpsk,18,8,1876.1541125923209,high_rich,42001,N128_qpsk_high_rich_S18_42001_3aa161f9
32,afdm:dense:L128:K0,afdm,dense,128,0,2657024.0,0.0,0.0,25026901.33333333,406272.0,25438293.33333333,1073152,1,5120,0.0,0.000732421875,0.000732421875,0.0015746597164645,3,4096,16,0.0,5.973868685225175e-16,25438293.33333333,0.0043141999922227,0.0003310267054874,0.0046452266977102,786432,128,qpsk,18,8,1876.1541125923209,high_rich,42001,N128_qpsk_high_rich_S18_42001_3aa161f9
0,ofdm:symbol:L4:K2,ofdm,symbol,4,2,2250752.0,212992.0,3200.0,2466944.0,41232.0,2513296.0,570376,1,5120,0.284025104937774,0.122802734375,0.1220703125,0.0200960016882504,500,4096,16,2.0,0.1945009587064782,2513296.0,0.0053263000008882,0.000112731821928,0.0054390318228163,22536,128,qpsk,18,8,2290.424725165879,high_rich,42002,N128_qpsk_high_rich_S18_42002_783d7f85
1,ofdm:symbol:L4:K8,ofdm,symbol,4,8,2250752.0,212992.0,3200.0,2466944.0,121152.0,2593216.0,570376,1,5120,0.284025104937774,0.14404296875,0.152587890625,0.0293174840706543,625,4096,16,8.0,0.0300330917510092,2593216.0,0.0052323999989312,0.0004437755660822,0.0056761755650134,22536,128,qpsk,18,8,2290.424725165879,high_rich,42002,N128_qpsk_high_rich_S18_42002_783d7f85
2,ofdm:symbol:L8:K4,ofdm,symbol,8,4,2250752.0,212992.0,6272.0,2470016.0,104736.0,2579872.0,590856,1,5120,0.088164764153046,0.036376953125,0.034423828125,0.0186094313032663,141,4096,16,4.0,0.0753129359995796,2579872.0,0.0056081999937305,0.000263713069244,0.0058719130629745,43016,128,qpsk,18,8,2290.424725165879,high_rich,42002,N128_qpsk_high_rich_S18_42002_783d7f85
3,ofdm:symbol:L8:K16,ofdm,symbol,8,16,2250752.0,212992.0,6272.0,2470016.0,362880.0,2838016.0,590856,1,5120,0.088164764153046,0.06494140625,0.066650390625,0.0342168696567654,273,4096,16,16.0,0.0044526157062366,2838016.0,0.0052983999921707,0.0003538068149558,0.0056522068071265,43016,128,qpsk,18,8,2290.424725165879,high_rich,42002,N128_qpsk_high_rich_S18_42002_783d7f85
4,ofdm:symbol:L16:K8,ofdm,symbol,16,8,2250752.0,212992.0,12416.0,2476160.0,330048.0,2811328.0,631816,1,5120,0.0239343673492653,0.01025390625,0.010009765625,0.0105751694156913,41,4096,16,8.0,0.018063288621194,2811328.0,0.0054029999882914,0.0002304005684257,0.0056334005567171,83976,128,qpsk,18,8,2290.424725165879,high_rich,42002,N128_qpsk_high_rich_S18_42002_783d7f85
5,ofdm:symbol:L32:K16,ofdm,symbol,32,16,2250752.0,212992.0,24704.0,2488448.0,1173888.0,3667456.0,713736,1,5120,0.0093548207992193,0.006103515625,0.005126953125,0.0066473235210488,21,4096,16,16.0,0.0031864370181982,3667456.0,0.0055102000042097,0.0004446818211638,0.0059548818253736,165896,128,qpsk,18,8,2290.424725165879,high_rich,42002,N128_qpsk_high_rich_S18_42002_783d7f85
6,ofdm:time:L0:K2,ofdm,time,0,2,55296.0,0.0,6272.0,61568.0,61712.0,128400.0,66568,1,5120,0.0,0.0458984375,0.045654296875,0.0191216822719695,187,4096,16,2.0,0.1675206843572637,128400.0,0.0009128999954555,0.0001224318166626,0.0010353318121181,43016,128,qpsk,18,8,2290.424725165879,high_rich,42002,N128_qpsk_high_rich_S18_42002_783d7f85
7,ofdm:time:L0:K4,ofdm,time,0,4,55296.0,0.0,6272.0,61568.0,104736.0,171424.0,66568,1,5120,0.0,0.010009765625,0.007080078125,0.0059187529561546,29,4096,16,4.0,0.0543189236759758,171424.0,0.0009143000061158,0.000166038067646,0.0010803380737618,43016,128,qpsk,18,8,2290.424725165879,high_rich,42002,N128_qpsk_high_rich_S18_42002_783d7f85
8,ofdm:time:L0:K8,ofdm,time,0,8,55296.0,0.0,6272.0,61568.0,190784.0,257472.0,66568,1,5120,0.0,0.00341796875,0.003173828125,0.003258461915688,13,4096,16,8.0,0.0148212885163431,257472.0,0.0009428999910596,0.0002557943162449,0.0011986943073045,43016,128,qpsk,18,8,2290.424725165879,high_rich,42002,N128_qpsk_high_rich_S18_42002_783d7f85
9,ofdm:time:L0:K16,ofdm,time,0,16,55296.0,0.0,6272.0,61568.0,362880.0,429568.0,66568,1,5120,0.0,0.001220703125,0.000732421875,0.0015746597164645,3,4096,16,16.0,0.0024171985007731,429568.0,0.0009259999933419,0.0003491755697089,0.0012751755630509,43016,128,qpsk,18,8,2290.424725165879,high_rich,42002,N128_qpsk_high_rich_S18_42002_783d7f85
10,ofdm:dense:L128:K0,ofdm,dense,128,0,2250752.0,0.0,0.0,24620629.33333333,403200.0,25028949.33333333,1073152,1,5120,0.0,0.00048828125,0.0,0.0,0,4096,16,0.0,6.157475350199846e-16,25028949.33333333,0.005108299999847,0.000179450573369,0.005287750573216,786432,128,qpsk,18,8,2290.424725165879,high_rich,42002,N128_qpsk_high_rich_S18_42002_783d7f85
11,otfs:symbol:L4:K2,otfs,symbol,4,2,2906112.0,212992.0,3200.0,3122304.0,46352.0,3173776.0,570376,1,5120,0.4209183717267425,0.14453125,0.147705078125,0.0179414846356423,605,4096,16,2.0,0.2767911387192541,3173776.0,0.0080006000061985,0.0002287499972115,0.0082293500034101,22536,128,qpsk,18,8,2290.424725165879,high_rich,42002,N128_qpsk_high_rich_S18_42002_783d7f85
12,otfs:symbol:L4:K8,otfs,symbol,4,8,2906112.0,212992.0,3200.0,3122304.0,126272.0,3253696.0,570376,1,5120,0.4209183717267425,0.185791015625,0.1884765625,0.0210358000278691,772,4096,16,8.0,0.0398287489353063,3253696.0,0.0078428000124404,0.0003181312502309,0.0081609312626714,22536,128,qpsk,18,8,2290.424725165879,high_rich,42002,N128_qpsk_high_rich_S18_42002_783d7f85
13,otfs:symbol:L8:K4,otfs,symbol,8,4,2906112.0,212992.0,6272.0,3125376.0,109856.0,3240352.0,590856,1,5120,0.2691302288869237,0.1279296875,0.128662109375,0.0254543970772518,527,4096,16,4.0,0.1117560385463143,3240352.0,0.007823299994925,0.0002234312485487,0.0080467312434738,43016,128,qpsk,18,8,2290.424725165879,high_rich,42002,N128_qpsk_high_rich_S18_42002_783d7f85
14,otfs:symbol:L8:K16,otfs,symbol,8,16,2906112.0,212992.0,6272.0,3125376.0,368000.0,3498496.0,590856,1,5120,0.2691302288869237,0.18310546875,0.180908203125,0.0323289881142835,741,4096,16,16.0,0.0075924737177292,3498496.0,0.0078053000179352,0.0005116312475255,0.0083169312654607,43016,128,qpsk,18,8,2290.424725165879,high_rich,42002,N128_qpsk_high_rich_S18_42002_783d7f85
15,otfs:symbol:L16:K8,otfs,symbol,16,8,2906112.0,212992.0,12416.0,3131520.0,335168.0,3471808.0,631816,1,5120,0.1189997144170159,0.06640625,0.07373046875,0.0130630824979772,302,4096,16,8.0,0.0317442800143656,3471808.0,0.0079788000148255,0.0003897937511172,0.0083685937659428,83976,128,qpsk,18,8,2290.424725165879,high_rich,42002,N128_qpsk_high_rich_S18_42002_783d7f85
16,otfs:symbol:L32:K16,otfs,symbol,32,16,2906112.0,212992.0,24704.0,3143808.0,1179008.0,4327936.0,713736,1,5120,0.0315288397454224,0.012451171875,0.01416015625,0.0130630824979772,58,4096,16,16.0,0.0022118784042242,4327936.0,0.0079151000099955,0.0006491937527133,0.0085642937627088,165896,128,qpsk,18,8,2290.424725165879,high_rich,42002,N128_qpsk_high_rich_S18_42002_783d7f85
17,otfs:time:L0:K2,otfs,time,0,2,55296.0,0.0,6272.0,61568.0,66832.0,133520.0,66568,1,5120,0.0,0.04541015625,0.0458984375,0.0122284967519519,188,4096,16,2.0,0.17250264491849,133520.0,0.0009047000057762,0.0003360687522107,0.0012407687579869,43016,128,qpsk,18,8,2290.424725165879,high_rich,42002,N128_qpsk_high_rich_S18_42002_783d7f85
18,otfs:time:L0:K4,otfs,time,0,4,55296.0,0.0,6272.0,61568.0,109856.0,176544.0,66568,1,5120,0.0,0.010009765625,0.0107421875,0.0067658234670659,44,4096,16,4.0,0.0558851568977881,176544.0,0.0009468000062042,0.000237449999793,0.0011842500059973,43016,128,qpsk,18,8,2290.424725165879,high_rich,42002,N128_qpsk_high_rich_S18_42002_783d7f85
19,otfs:time:L0:K8,otfs,time,0,8,55296.0,0.0,6272.0,61568.0,195904.0,262592.0,66568,1,5120,0.0,0.0029296875,0.00244140625,0.0037399496396731,10,4096,16,8.0,0.0155026413382888,262592.0,0.0008121999999275,0.000287768750957,0.0010999687508846,43016,128,qpsk,18,8,2290.424725165879,high_rich,42002,N128_qpsk_high_rich_S18_42002_783d7f85
20,otfs:time:L0:K16,otfs,time,0,16,55296.0,0.0,6272.0,61568.0,368000.0,434688.0,66568,1,5120,0.0,0.001708984375,0.001708984375,0.002457628396898,7,4096,16,16.0,0.0024360601006856,434688.0,0.0007748000061837,0.000448349999522,0.0012231500057058,43016,128,qpsk,18,8,2290.424725165879,high_rich,42002,N128_qpsk_high_rich_S18_42002_783d7f85
21,otfs:dense:L128:K0,otfs,dense,128,0,2906112.0,0.0,0.0,25275989.33333333,408320.0,25689429.33333333,1073152,1,5120,0.0,0.001953125,0.00146484375,0.001953125,6,4096,16,0.0,4.822787301804805e-16,25689429.33333333,0.0076276000036159,0.0002876374999576,0.0079152375035736,786432,128,qpsk,18,8,2290.424725165879,high_rich,42002,N128_qpsk_high_rich_S18_42002_783d7f85
22,afdm:symbol:L4:K2,afdm,symbol,4,2,2657024.0,212992.0,3200.0,2873216.0,44304.0,2922640.0,570376,1,5120,0.3785577283099213,0.142333984375,0.146728515625,0.0275464492161979,601,4096,16,2.0,0.2301013250411303,2922640.0,0.0101168000110192,0.0001225064422462,0.0102393064532655,22536,128,qpsk,18,8,2290.424725165879,high_rich,42002,N128_qpsk_high_rich_S18_42002_783d7f85
23,afdm:symbol:L4:K8,afdm,symbol,4,8,2657024.0,212992.0,3200.0,2873216.0,124224.0,3002560.0,570376,1,5120,0.3785577283099213,0.18310546875,0.19189453125,0.0292621321772233,786,4096,16,8.0,0.0360683556843871,3002560.0,0.0102631000045221,0.000339787690543,0.0106028876950652,22536,128,qpsk,18,8,2290.424725165879,high_rich,42002,N128_qpsk_high_rich_S18_42002_783d7f85
24,afdm:symbol:L8:K4,afdm,symbol,8,4,2657024.0,212992.0,6272.0,2876288.0,107808.0,2989216.0,590856,1,5120,0.1883109400352627,0.084228515625,0.076416015625,0.0196594102479085,313,4096,16,4.0,0.1141859281843032,2989216.0,0.0112993000075221,0.0001739001943199,0.011473200201842,43016,128,qpsk,18,8,2290.424725165879,high_rich,42002,N128_qpsk_high_rich_S18_42002_783d7f85
25,afdm:symbol:L8:K16,afdm,symbol,8,16,2657024.0,212992.0,6272.0,2876288.0,365952.0,3247360.0,590856,1,5120,0.1883109400352627,0.115966796875,0.115478515625,0.0314113267429745,473,4096,16,16.0,0.0078088476706631,3247360.0,0.0100867000001017,0.0003633751891604,0.0104500751892622,43016,128,qpsk,18,8,2290.424725165879,high_rich,42002,N128_qpsk_high_rich_S18_42002_783d7f85
26,afdm:symbol:L16:K8,afdm,symbol,16,8,2657024.0,212992.0,12416.0,2882432.0,333120.0,3220672.0,631816,1,5120,0.0541759330481759,0.031494140625,0.025390625,0.0139754248593736,104,4096,16,8.0,0.0210001944975513,3220672.0,0.0101334000064525,0.0002315689396048,0.0103649689460574,83976,128,qpsk,18,8,2290.424725165879,high_rich,42002,N128_qpsk_high_rich_S18_42002_783d7f85
27,afdm:symbol:L32:K16,afdm,symbol,32,16,2657024.0,212992.0,24704.0,2894720.0,1176960.0,4076800.0,713736,1,5120,0.0134952282441613,0.009033203125,0.0068359375,0.0077471222815851,28,4096,16,16.0,0.0031750527595853,4076800.0,0.0102502000081585,0.0004421939399683,0.0106923939481269,165896,128,qpsk,18,8,2290.424725165879,high_rich,42002,N128_qpsk_high_rich_S18_42002_783d7f85
28,afdm:time:L0:K2,afdm,time,0,2,68352.0,0.0,6272.0,74624.0,64784.0,144528.0,66568,1,5120,0.0,0.045654296875,0.047119140625,0.0175545994193755,193,4096,16,2.0,0.1693035633864796,144528.0,0.0016496000025654,0.00012053144085,0.0017701314434155,43016,128,qpsk,18,8,2290.424725165879,high_rich,42002,N128_qpsk_high_rich_S18_42002_783d7f85
29,afdm:time:L0:K4,afdm,time,0,4,68352.0,0.0,6272.0,74624.0,107808.0,187552.0,66568,1,5120,0.0,0.010986328125,0.010498046875,0.0084044915195282,43,4096,16,4.0,0.054166092265473,187552.0,0.0016400000022258,0.0001603626885546,0.0018003626907805,43016,128,qpsk,18,8,2290.424725165879,high_rich,42002,N128_qpsk_high_rich_S18_42002_783d7f85
30,afdm:time:L0:K8,afdm,time,0,8,68352.0,0.0,6272.0,74624.0,193856.0,273600.0,66568,1,5120,0.0,0.00341796875,0.001953125,0.0020171788261496,8,4096,16,8.0,0.0148063833387111,273600.0,0.0016388000076403,0.0002258814408626,0.001864681448503,43016,128,qpsk,18,8,2290.424725165879,high_rich,42002,N128_qpsk_high_rich_S18_42002_783d7f85
31,afdm:time:L0:K16,afdm,time,0,16,68352.0,0.0,6272.0,74624.0,365952.0,445696.0,66568,1,5120,0.0,0.002197265625,0.001220703125,0.0023518739411703,5,4096,16,16.0,0.0023450094456154,445696.0,0.0016343000024789,0.0003583876921104,0.0019926876945894,43016,128,qpsk,18,8,2290.424725165879,high_rich,42002,N128_qpsk_high_rich_S18_42002_783d7f85
32,afdm:dense:L128:K0,afdm,dense,128,0,2657024.0,0.0,0.0,25026901.33333333,406272.0,25438293.33333333,1073152,1,5120,0.0,0.001953125,0.001220703125,0.0023518739411703,5,4096,16,0.0,6.581024842211236e-16,25438293.33333333,0.0099099000071873,0.0001617814420817,0.0100716814492691,786432,128,qpsk,18,8,2290.424725165879,high_rich,42002,N128_qpsk_high_rich_S18_42002_783d7f85
0,ofdm:symbol:L4:K2,ofdm,symbol,4,2,2250752.0,212992.0,3200.0,2466944.0,41232.0,2513296.0,570376,1,5120,0.2896916253501861,0.13720703125,0.126220703125,0.0239831767989249,517,4096,16,2.0,0.1755359867321633,2513296.0,0.004225500015309,0.0001053081417866,0.0043308081570957,22536,128,qpsk,18,8,2263.629231145662,high_rich,42003,N128_qpsk_high_rich_S18_42003_8b1573fa
1,ofdm:symbol:L4:K8,ofdm,symbol,4,8,2250752.0,212992.0,3200.0,2466944.0,121152.0,2593216.0,570376,1,5120,0.2896916253501861,0.154052734375,0.14404296875,0.0207129497128557,590,4096,16,8.0,0.0227030087909034,2593216.0,0.004027800008771,0.0002867831430139,0.0043145831517849,22536,128,qpsk,18,8,2263.629231145662,high_rich,42003,N128_qpsk_high_rich_S18_42003_8b1573fa
2,ofdm:symbol:L8:K4,ofdm,symbol,8,4,2250752.0,212992.0,6272.0,2470016.0,104736.0,2579872.0,590856,1,5120,0.0725879253200071,0.040771484375,0.03515625,0.0125162654590603,144,4096,16,4.0,0.0761908594030446,2579872.0,0.0042325000104028,0.0001457268976027,0.0043782269080056,43016,128,qpsk,18,8,2263.629231145662,high_rich,42003,N128_qpsk_high_rich_S18_42003_8b1573fa
3,ofdm:symbol:L8:K16,ofdm,symbol,8,16,2250752.0,212992.0,6272.0,2470016.0,362880.0,2838016.0,590856,1,5120,0.0725879253200071,0.0546875,0.04345703125,0.0178081020703767,178,4096,16,16.0,0.0044500407141761,2838016.0,0.0040791999927023,0.0003452018967381,0.0044244018894405,43016,128,qpsk,18,8,2263.629231145662,high_rich,42003,N128_qpsk_high_rich_S18_42003_8b1573fa
4,ofdm:symbol:L16:K8,ofdm,symbol,16,8,2250752.0,212992.0,12416.0,2476160.0,330048.0,2811328.0,631816,1,5120,0.0208215865711194,0.010986328125,0.013671875,0.0072730416894629,56,4096,16,8.0,0.0197741346269522,2811328.0,0.004138000003877,0.0002221268981829,0.00436012690206,83976,128,qpsk,18,8,2263.629231145662,high_rich,42003,N128_qpsk_high_rich_S18_42003_8b1573fa
5,ofdm:symbol:L32:K16,ofdm,symbol,32,16,2250752.0,212992.0,24704.0,2488448.0,1173888.0,3667456.0,713736,1,5120,0.0075530938896972,0.007080078125,0.00634765625,0.0069694915057669,26,4096,16,16.0,0.0036247134317108,3667456.0,0.004260300003807,0.0004881081425937,0.0047484081464007,165896,128,qpsk,18,8,2263.629231145662,high_rich,42003,N128_qpsk_high_rich_S18_42003_8b1573fa
6,ofdm:time:L0:K2,ofdm,time,0,2,55296.0,0.0,6272.0,61568.0,61712.0,128400.0,66568,1,5120,0.0,0.05419921875,0.063232421875,0.0224269443855523,259,4096,16,2.0,0.1861996679771916,128400.0,0.0008481999975629,0.0001150581469063,0.0009632581444693,43016,128,qpsk,18,8,2263.629231145662,high_rich,42003,N128_qpsk_high_rich_S18_42003_8b1573fa
7,ofdm:time:L0:K4,ofdm,time,0,4,55296.0,0.0,6272.0,61568.0,104736.0,171424.0,66568,1,5120,0.0,0.013427734375,0.013916015625,0.0080647745398681,57,4096,16,4.0,0.0692844531167278,171424.0,0.0007561999955214,0.0001447956441497,0.0009009956396711,43016,128,qpsk,18,8,2263.629231145662,high_rich,42003,N128_qpsk_high_rich_S18_42003_8b1573fa
8,ofdm:time:L0:K8,ofdm,time,0,8,55296.0,0.0,6272.0,61568.0,190784.0,257472.0,66568,1,5120,0.0,0.00341796875,0.00390625,0.0047307036782773,16,4096,16,8.0,0.0199297074914841,257472.0,0.0007709000055911,0.0002056831430253,0.0009765831486165,43016,128,qpsk,18,8,2263.629231145662,high_rich,42003,N128_qpsk_high_rich_S18_42003_8b1573fa
9,ofdm:time:L0:K16,ofdm,time,0,16,55296.0,0.0,6272.0,61568.0,362880.0,429568.0,66568,1,5120,0.0,0.0029296875,0.0029296875,0.0048370249013038,12,4096,16,16.0,0.0033031243229859,429568.0,0.0007823000050848,0.0006799581427857,0.0014622581478706,43016,128,qpsk,18,8,2263.629231145662,high_rich,42003,N128_qpsk_high_rich_S18_42003_8b1573fa
10,ofdm:dense:L128:K0,ofdm,dense,128,0,2250752.0,0.0,0.0,24620629.33333333,403200.0,25028949.33333333,1073152,1,5120,0.0,0.0029296875,0.00244140625,0.0047037478823407,10,4096,16,0.0,5.432497606891326e-16,25028949.33333333,0.0040647000132594,0.0001518581469953,0.0042165581602548,786432,128,qpsk,18,8,2263.629231145662,high_rich,42003,N128_qpsk_high_rich_S18_42003_8b1573fa
11,otfs:symbol:L4:K2,otfs,symbol,4,2,2906112.0,212992.0,3200.0,3122304.0,46352.0,3173776.0,570376,1,5120,0.4062609893581185,0.170166015625,0.16357421875,0.0272832291545366,670,4096,16,2.0,0.2484944877277095,3173776.0,0.0074180000083288,0.00013674735171,0.0075547473600388,22536,128,qpsk,18,8,2263.629231145662,high_rich,42003,N128_qpsk_high_rich_S18_42003_8b1573fa
12,otfs:symbol:L4:K8,otfs,symbol,4,8,2906112.0,212992.0,3200.0,3122304.0,126272.0,3253696.0,570376,1,5120,0.4062609893581185,0.228515625,0.21044921875,0.0338704387977032,862,4096,16,8.0,0.0273902648134366,3253696.0,0.0074883000052068,0.0003310973472914,0.0078193973524982,22536,128,qpsk,18,8,2263.629231145662,high_rich,42003,N128_qpsk_high_rich_S18_42003_8b1573fa
13,otfs:symbol:L8:K4,otfs,symbol,8,4,2906112.0,212992.0,6272.0,3125376.0,109856.0,3240352.0,590856,1,5120,0.2108627314314708,0.103759765625,0.106201171875,0.0226076503711904,435,4096,16,4.0,0.1378674348511923,3240352.0,0.007381700008409,0.00018359110097,0.0075652911093791,43016,128,qpsk,18,8,2263.629231145662,high_rich,42003,N128_qpsk_high_rich_S18_42003_8b1573fa
14,otfs:symbol:L8:K16,otfs,symbol,8,16,2906112.0,212992.0,6272.0,3125376.0,368000.0,3498496.0,590856,1,5120,0.2108627314314708,0.154296875,0.153076171875,0.0331216448158298,627,4096,16,16.0,0.0081477057954844,3498496.0,0.0074578000203473,0.0003862598498678,0.0078440598702152,43016,128,qpsk,18,8,2263.629231145662,high_rich,42003,N128_qpsk_high_rich_S18_42003_8b1573fa
15,otfs:symbol:L16:K8,otfs,symbol,16,8,2906112.0,212992.0,12416.0,3131520.0,335168.0,3471808.0,631816,1,5120,0.0964119711315394,0.053466796875,0.05517578125,0.026140761979119,226,4096,16,8.0,0.0310457493181559,3471808.0,0.0075570000190055,0.0003238098481894,0.0078808098671949,83976,128,qpsk,18,8,2263.629231145662,high_rich,42003,N128_qpsk_high_rich_S18_42003_8b1573fa
16,otfs:symbol:L32:K16,otfs,symbol,32,16,2906112.0,212992.0,24704.0,3143808.0,1179008.0,4327936.0,713736,1,5120,0.0243346707483087,0.010986328125,0.010009765625,0.0069831616558862,41,4096,16,16.0,0.0043170454040585,4327936.0,0.0079926000034902,0.0004636786009293,0.0084562786044195,165896,128,qpsk,18,8,2263.629231145662,high_rich,42003,N128_qpsk_high_rich_S18_42003_8b1573fa
17,otfs:time:L0:K2,otfs,time,0,2,55296.0,0.0,6272.0,61568.0,66832.0,133520.0,66568,1,5120,0.0,0.0595703125,0.0556640625,0.014857449818329,228,4096,16,2.0,0.1803017039973023,133520.0,0.0007573999901069,0.0001558223487088,0.0009132223388157,43016,128,qpsk,18,8,2263.629231145662,high_rich,42003,N128_qpsk_high_rich_S18_42003_8b1573fa
18,otfs:time:L0:K4,otfs,time,0,4,55296.0,0.0,6272.0,61568.0,109856.0,176544.0,66568,1,5120,0.0,0.01806640625,0.0166015625,0.0110024115491029,68,4096,16,4.0,0.0699333257684937,176544.0,0.0007334999972954,0.000192878602568,0.0009263785998634,43016,128,qpsk,18,8,2263.629231145662,high_rich,42003,N128_qpsk_high_rich_S18_42003_8b1573fa
19,otfs:time:L0:K8,otfs,time,0,8,55296.0,0.0,6272.0,61568.0,195904.0,262592.0,66568,1,5120,0.0,0.00390625,0.005126953125,0.0042116911431343,21,4096,16,8.0,0.0195007970518424,262592.0,0.0008403999963775,0.0003993785969875,0.0012397785933651,43016,128,qpsk,18,8,2263.629231145662,high_rich,42003,N128_qpsk_high_rich_S18_42003_8b1573fa
20,otfs:time:L0:K16,otfs,time,0,16,55296.0,0.0,6272.0,61568.0,368000.0,434688.0,66568,1,5120,0.0,0.003173828125,0.001708984375,0.0028415563597389,7,4096,16,16.0,0.0035684513806585,434688.0,0.0007496000034734,0.0003943098474999,0.0011439098509733,43016,128,qpsk,18,8,2263.629231145662,high_rich,42003,N128_qpsk_high_rich_S18_42003_8b1573fa
21,otfs:dense:L128:K0,otfs,dense,128,0,2906112.0,0.0,0.0,25275989.33333333,408320.0,25689429.33333333,1073152,1,5120,0.0,0.00244140625,0.001708984375,0.0020013575714764,7,4096,16,0.0,4.787146219208484e-16,25689429.33333333,0.0072058000077959,0.0001851973486488,0.0073909973564447,786432,128,qpsk,18,8,2263.629231145662,high_rich,42003,N128_qpsk_high_rich_S18_42003_8b1573fa
22,afdm:symbol:L4:K2,afdm,symbol,4,2,2657024.0,212992.0,3200.0,2873216.0,44304.0,2922640.0,570376,1,5120,0.1879261937496679,0.097412109375,0.10546875,0.0224623527633831,432,4096,16,2.0,0.1955386956649198,2922640.0,0.0046279999951366,0.0001219721609342,0.0047499721560708,22536,128,qpsk,18,8,2263.629231145662,high_rich,42003,N128_qpsk_high_rich_S18_42003_8b1573fa
23,afdm:symbol:L4:K8,afdm,symbol,4,8,2657024.0,212992.0,3200.0,2873216.0,124224.0,3002560.0,570376,1,5120,0.1879261937496679,0.110595703125,0.1171875,0.0243318929724959,480,4096,16,8.0,0.0253631462228473,3002560.0,0.0048463000130141,0.0002379409044916,0.0050842409175057,22536,128,qpsk,18,8,2263.629231145662,high_rich,42003,N128_qpsk_high_rich_S18_42003_8b1573fa
24,afdm:symbol:L8:K4,afdm,symbol,8,4,2657024.0,212992.0,6272.0,2876288.0,107808.0,2989216.0,590856,1,5120,0.0610841043232966,0.0341796875,0.0380859375,0.0134940066750329,156,4096,16,4.0,0.0777627700556947,2989216.0,0.0045777000050293,0.0001490409087747,0.004726740913804,43016,128,qpsk,18,8,2263.629231145662,high_rich,42003,N128_qpsk_high_rich_S18_42003_8b1573fa
25,afdm:symbol:L8:K16,afdm,symbol,8,16,2657024.0,212992.0,6272.0,2876288.0,365952.0,3247360.0,590856,1,5120,0.0610841043232966,0.0458984375,0.041259765625,0.0144737852053487,169,4096,16,16.0,0.0051999821582293,3247360.0,0.0045389000151772,0.00036134090825,0.0049002409234273,43016,128,qpsk,18,8,2263.629231145662,high_rich,42003,N128_qpsk_high_rich_S18_42003_8b1573fa
26,afdm:symbol:L16:K8,afdm,symbol,16,8,2657024.0,212992.0,12416.0,2882432.0,333120.0,3220672.0,631816,1,5120,0.0184624772719148,0.01318359375,0.01513671875,0.009765625,62,4096,16,8.0,0.0202708048671885,3220672.0,0.0046999000041978,0.0002540721599981,0.0049539721641959,83976,128,qpsk,18,8,2263.629231145662,high_rich,42003,N128_qpsk_high_rich_S18_42003_8b1573fa
27,afdm:symbol:L32:K16,afdm,symbol,32,16,2657024.0,212992.0,24704.0,2894720.0,1176960.0,4076800.0,713736,1,5120,0.0076840378594329,0.00927734375,0.010986328125,0.0088179502114147,45,4096,16,16.0,0.0042217217327395,4076800.0,0.0046678000071551,0.0004108096547607,0.0050786096619159,165896,128,qpsk,18,8,2263.629231145662,high_rich,42003,N128_qpsk_high_rich_S18_42003_8b1573fa
28,afdm:time:L0:K2,afdm,time,0,2,68352.0,0.0,6272.0,74624.0,64784.0,144528.0,66568,1,5120,0.0,0.0576171875,0.05859375,0.0188149915293629,240,4096,16,2.0,0.1813036886845061,144528.0,0.0007962000090628,0.0001134096584902,0.0009096096675531,43016,128,qpsk,18,8,2263.629231145662,high_rich,42003,N128_qpsk_high_rich_S18_42003_8b1573fa
29,afdm:time:L0:K4,afdm,time,0,4,68352.0,0.0,6272.0,74624.0,107808.0,187552.0,66568,1,5120,0.0,0.016845703125,0.020263671875,0.0144209770565077,83,4096,16,4.0,0.0681691323867802,187552.0,0.0007709000055911,0.0001453221586526,0.0009162221642437,43016,128,qpsk,18,8,2263.629231145662,high_rich,42003,N128_qpsk_high_rich_S18_42003_8b1573fa
30,afdm:time:L0:K8,afdm,time,0,8,68352.0,0.0,6272.0,74624.0,193856.0,273600.0,66568,1,5120,0.0,0.00537109375,0.0068359375,0.0077471222815851,28,4096,16,8.0,0.019220956052123,273600.0,0.0007907999970484,0.0002763284066642,0.0010671284037126,43016,128,qpsk,18,8,2263.629231145662,high_rich,42003,N128_qpsk_high_rich_S18_42003_8b1573fa
31,afdm:time:L0:K16,afdm,time,0,16,68352.0,0.0,6272.0,74624.0,365952.0,445696.0,66568,1,5120,0.0,0.004150390625,0.00439453125,0.0047037478823407,18,4096,16,16.0,0.0035049473668319,445696.0,0.0008127000037347,0.00034177216022,0.0011544721639548,43016,128,qpsk,18,8,2263.629231145662,high_rich,42003,N128_qpsk_high_rich_S18_42003_8b1573fa
32,afdm:dense:L128:K0,afdm,dense,128,0,2657024.0,0.0,0.0,25026901.33333333,406272.0,25438293.33333333,1073152,1,5120,0.0,0.00341796875,0.003662109375,0.0041508693045039,15,4096,16,0.0,6.194125748914433e-16,25438293.33333333,0.0044749000080628,0.0001553721605997,0.0046302721686625,786432,128,qpsk,18,8,2263.629231145662,high_rich,42003,N128_qpsk_high_rich_S18_42003_8b1573fa
0,ofdm:symbol:L4:K2,ofdm,symbol,4,2,2250752.0,212992.0,3200.0,2466944.0,41232.0,2513296.0,570376,1,5120,0.2552207181556982,0.138916015625,0.14306640625,0.0206144918780605,586,4096,16,2.0,0.1410292145500088,2513296.0,0.0041278999997302,0.0001537899602639,0.0042816899599942,22536,128,qpsk,8,8,1876.1541125923209,high_rich,42001,N128_qpsk_high_rich_S8_42001_fa9a1d59
1,ofdm:symbol:L4:K8,ofdm,symbol,4,8,2250752.0,212992.0,3200.0,2466944.0,121152.0,2593216.0,570376,1,5120,0.2552207181556982,0.1513671875,0.154052734375,0.018650383704826,631,4096,16,8.0,0.0081563604425915,2593216.0,0.0043836999830091,0.0002473024638179,0.004631002446827,22536,128,qpsk,8,8,1876.1541125923209,high_rich,42001,N128_qpsk_high_rich_S8_42001_fa9a1d59
2,ofdm:symbol:L8:K4,ofdm,symbol,8,4,2250752.0,212992.0,6272.0,2470016.0,104736.0,2579872.0,590856,1,5120,0.0661213400649356,0.080078125,0.08154296875,0.0219990437617704,334,4096,16,4.0,0.0493587513582245,2579872.0,0.0041150000033667,0.0001408149660578,0.0042558149694245,43016,128,qpsk,8,8,1876.1541125923209,high_rich,42001,N128_qpsk_high_rich_S8_42001_fa9a1d59
3,ofdm:symbol:L8:K16,ofdm,symbol,8,16,2250752.0,212992.0,6272.0,2470016.0,362880.0,2838016.0,590856,1,5120,0.0661213400649356,0.0751953125,0.07958984375,0.0179786544261231,326,4096,16,16.0,0.0004810391602914,2838016.0,0.0040977999888127,0.000330164964494,0.0044279649533068,43016,128,qpsk,8,8,1876.1541125923209,high_rich,42001,N128_qpsk_high_rich_S8_42001_fa9a1d59
4,ofdm:symbol:L16:K8,ofdm,symbol,16,8,2250752.0,212992.0,12416.0,2476160.0,330048.0,2811328.0,631816,1,5120,0.019142215101326,0.05078125,0.052734375,0.0189764965648298,216,4096,16,8.0,0.0091900735995585,2811328.0,0.004140399993048,0.0002250274660995,0.0043654274591476,83976,128,qpsk,8,8,1876.1541125923209,high_rich,42001,N128_qpsk_high_rich_S8_42001_fa9a1d59
5,ofdm:symbol:L32:K16,ofdm,symbol,32,16,2250752.0,212992.0,24704.0,2488448.0,1173888.0,3667456.0,713736,1,5120,0.008070883122995,0.04296875,0.04638671875,0.0122596522081837,190,4096,16,16.0,0.0004333685888634,3667456.0,0.0043215999903623,0.000490852462049,0.0048124524524113,165896,128,qpsk,8,8,1876.1541125923209,high_rich,42001,N128_qpsk_high_rich_S8_42001_fa9a1d59
6,ofdm:time:L0:K2,ofdm,time,0,2,55296.0,0.0,6272.0,61568.0,61712.0,128400.0,66568,1,5120,0.0,0.080810546875,0.085205078125,0.02487839688058,349,4096,16,2.0,0.1237218074848145,128400.0,0.0008229999948525,0.0001079462140709,0.0009309462089235,43016,128,qpsk,8,8,1876.1541125923209,high_rich,42001,N128_qpsk_high_rich_S8_42001_fa9a1d59
7,ofdm:time:L0:K4,ofdm,time,0,4,55296.0,0.0,6272.0,61568.0,104736.0,171424.0,66568,1,5120,0.0,0.04931640625,0.0517578125,0.019738483918372,212,4096,16,4.0,0.0473887478499019,171424.0,0.0008049000025494,0.0001413524628746,0.000946252465424,43016,128,qpsk,8,8,1876.1541125923209,high_rich,42001,N128_qpsk_high_rich_S8_42001_fa9a1d59
8,ofdm:time:L0:K8,ofdm,time,0,8,55296.0,0.0,6272.0,61568.0,190784.0,257472.0,66568,1,5120,0.0,0.03759765625,0.0419921875,0.0140117719294943,172,4096,16,8.0,0.0094221972446627,257472.0,0.0007917000039014,0.0003143149629481,0.0011060149668496,43016,128,qpsk,8,8,1876.1541125923209,high_rich,42001,N128_qpsk_high_rich_S8_42001_fa9a1d59
9,ofdm:time:L0:K16,ofdm,time,0,16,55296.0,0.0,6272.0,61568.0,362880.0,429568.0,66568,1,5120,0.0,0.03466796875,0.045166015625,0.0125137253747198,185,4096,16,16.0,0.0004080158264528,429568.0,0.0009958000009646,0.0004834524620905,0.0014792524630551,43016,128,qpsk,8,8,1876.1541125923209,high_rich,42001,N128_qpsk_high_rich_S8_42001_fa9a1d59
10,ofdm:dense:L128:K0,ofdm,dense,128,0,2250752.0,0.0,0.0,24620629.33333333,403200.0,25028949.33333333,1073152,1,5120,0.0,0.034423828125,0.044677734375,0.0129137852233794,183,4096,16,0.0,5.54639480055651e-16,25028949.33333333,0.0040092999988701,0.0001490712143508,0.0041583712132209,786432,128,qpsk,8,8,1876.1541125923209,high_rich,42001,N128_qpsk_high_rich_S8_42001_fa9a1d59
11,otfs:symbol:L4:K2,otfs,symbol,4,2,2906112.0,212992.0,3200.0,3122304.0,46352.0,3173776.0,570376,1,5120,0.398006036017231,0.186767578125,0.195556640625,0.0223474260342902,801,4096,16,2.0,0.1643646812046082,3173776.0,0.0084229999774834,0.0001424509467721,0.0085654509242555,22536,128,qpsk,8,8,1876.1541125923209,high_rich,42001,N128_qpsk_high_rich_S8_42001_fa9a1d59
12,otfs:symbol:L4:K8,otfs,symbol,4,8,2906112.0,212992.0,3200.0,3122304.0,126272.0,3253696.0,570376,1,5120,0.398006036017231,0.2041015625,0.21533203125,0.0304545573247906,882,4096,16,8.0,0.0069231346736483,3253696.0,0.0075897999777225,0.0002333071982899,0.0078231071760125,22536,128,qpsk,8,8,1876.1541125923209,high_rich,42001,N128_qpsk_high_rich_S8_42001_fa9a1d59
13,otfs:symbol:L8:K4,otfs,symbol,8,4,2906112.0,212992.0,6272.0,3125376.0,109856.0,3240352.0,590856,1,5120,0.2107569036819848,0.139404296875,0.145751953125,0.0281943138215578,597,4096,16,4.0,0.0779800307964857,3240352.0,0.007762899986119,0.0001869571964231,0.0079498571825421,43016,128,qpsk,8,8,1876.1541125923209,high_rich,42001,N128_qpsk_high_rich_S8_42001_fa9a1d59
14,otfs:symbol:L8:K16,otfs,symbol,8,16,2906112.0,212992.0,6272.0,3125376.0,368000.0,3498496.0,590856,1,5120,0.2107569036819848,0.1474609375,0.156005859375,0.0327587838465971,639,4096,16,16.0,0.0006716887114682,3498496.0,0.0077664999844273,0.0003992571968079,0.0081657571812353,43016,128,qpsk,8,8,1876.1541125923209,high_rich,42001,N128_qpsk_high_rich_S8_42001_fa9a1d59
15,otfs:symbol:L16:K8,otfs,symbol,16,8,2906112.0,212992.0,12416.0,3131520.0,335168.0,3471808.0,631816,1,5120,0.0751049538785798,0.076416015625,0.0810546875,0.0211803776745718,332,4096,16,8.0,0.0119803106839923,3471808.0,0.0076763999823015,0.0002559947009682,0.0079323946832697,83976,128,qpsk,8,8,1876.1541125923209,high_rich,42001,N128_qpsk_high_rich_S8_42001_fa9a1d59
16,otfs:symbol:L32:K16,otfs,symbol,32,16,2906112.0,212992.0,24704.0,3143808.0,1179008.0,4327936.0,713736,1,5120,0.0089127152098095,0.04296875,0.04638671875,0.017693487189706,190,4096,16,16.0,0.0003568608155308,4327936.0,0.0077061999909346,0.0004500759472317,0.0081562759381664,165896,128,qpsk,8,8,1876.1541125923209,high_rich,42001,N128_qpsk_high_rich_S8_42001_fa9a1d59
17,otfs:time:L0:K2,otfs,time,0,2,55296.0,0.0,6272.0,61568.0,66832.0,133520.0,66568,1,5120,0.0,0.082275390625,0.088623046875,0.0221760694404311,363,4096,16,2.0,0.1260777283442368,133520.0,0.0007719999848632,0.000142757197285,0.0009147571821482,43016,128,qpsk,8,8,1876.1541125923209,high_rich,42001,N128_qpsk_high_rich_S8_42001_fa9a1d59
18,otfs:time:L0:K4,otfs,time,0,4,55296.0,0.0,6272.0,61568.0,109856.0,176544.0,66568,1,5120,0.0,0.046875,0.053466796875,0.0193858520305872,219,4096,16,4.0,0.0472013651719225,176544.0,0.0007553999894298,0.0001759384507419,0.0009313384401717,43016,128,qpsk,8,8,1876.1541125923209,high_rich,42001,N128_qpsk_high_rich_S8_42001_fa9a1d59
19,otfs:time:L0:K8,otfs,time,0,8,55296.0,0.0,6272.0,61568.0,195904.0,262592.0,66568,1,5120,0.0,0.0390625,0.044677734375,0.0180967334139039,183,4096,16,8.0,0.0095084129582877,262592.0,0.0007598999800393,0.0003014696998103,0.0010613696798497,43016,128,qpsk,8,8,1876.1541125923209,high_rich,42001,N128_qpsk_high_rich_S8_42001_fa9a1d59
20,otfs:time:L0:K16,otfs,time,0,16,55296.0,0.0,6272.0,61568.0,368000.0,434688.0,66568,1,5120,0.0,0.0400390625,0.044677734375,0.0166321715372819,183,4096,16,16.0,0.0004171924983613,434688.0,0.0007627000013599,0.000379144697366,0.001141844698726,43016,128,qpsk,8,8,1876.1541125923209,high_rich,42001,N128_qpsk_high_rich_S8_42001_fa9a1d59
21,otfs:dense:L128:K0,otfs,dense,128,0,2906112.0,0.0,0.0,25275989.33333333,408320.0,25689429.33333333,1073152,1,5120,0.0,0.040283203125,0.04443359375,0.0163798771164181,182,4096,16,0.0,4.55270317592118e-16,25689429.33333333,0.0073849999898811,0.0001856072016049,0.0075706071914861,786432,128,qpsk,8,8,1876.1541125923209,high_rich,42001,N128_qpsk_high_rich_S8_42001_fa9a1d59
22,afdm:symbol:L4:K2,afdm,symbol,4,2,2657024.0,212992.0,3200.0,2873216.0,44304.0,2922640.0,570376,1,5120,0.2616887660917923,0.1611328125,0.151123046875,0.0255839495092819,619,4096,16,2.0,0.1531328526149745,2922640.0,0.0047868999972706,0.0002525598467786,0.0050394598440492,22536,128,qpsk,8,8,1876.1541125923209,high_rich,42001,N128_qpsk_high_rich_S8_42001_fa9a1d59
23,afdm:symbol:L4:K8,afdm,symbol,4,8,2657024.0,212992.0,3200.0,2873216.0,124224.0,3002560.0,570376,1,5120,0.2616887660917923,0.16748046875,0.15185546875,0.0264886765189195,622,4096,16,8.0,0.0101428926051452,3002560.0,0.004725499995402,0.0002141911047532,0.0049396911001553,22536,128,qpsk,8,8,1876.1541125923209,high_rich,42001,N128_qpsk_high_rich_S8_42001_fa9a1d59
24,afdm:symbol:L8:K4,afdm,symbol,8,4,2657024.0,212992.0,6272.0,2876288.0,107808.0,2989216.0,590856,1,5120,0.0918914048449488,0.09228515625,0.089111328125,0.0234035670156493,365,4096,16,4.0,0.0528130233454905,2989216.0,0.004721100005554,0.0001734036006768,0.0048945036062308,43016,128,qpsk,8,8,1876.1541125923209,high_rich,42001,N128_qpsk_high_rich_S8_42001_fa9a1d59
25,afdm:symbol:L8:K16,afdm,symbol,8,16,2657024.0,212992.0,6272.0,2876288.0,365952.0,3247360.0,590856,1,5120,0.0918914048449488,0.095947265625,0.084228515625,0.0187048474344372,345,4096,16,16.0,0.0004381077065607,3247360.0,0.0047876000026008,0.0004107598535869,0.0051983598561877,43016,128,qpsk,8,8,1876.1541125923209,high_rich,42001,N128_qpsk_high_rich_S8_42001_fa9a1d59
26,afdm:symbol:L16:K8,afdm,symbol,16,8,2657024.0,212992.0,12416.0,2882432.0,333120.0,3220672.0,631816,1,5120,0.0293539721040682,0.05859375,0.063232421875,0.0212627656776893,259,4096,16,8.0,0.008052967319593,3220672.0,0.0055178999900817,0.0002701160958553,0.0057880160859371,83976,128,qpsk,8,8,1876.1541125923209,high_rich,42001,N128_qpsk_high_rich_S8_42001_fa9a1d59
27,afdm:symbol:L32:K16,afdm,symbol,32,16,2657024.0,212992.0,24704.0,2894720.0,1176960.0,4076800.0,713736,1,5120,0.0089890009293903,0.046630859375,0.047119140625,0.01840330239114,193,4096,16,16.0,0.0003456686234974,4076800.0,0.0048927000025287,0.0005083411017425,0.0054010411042713,165896,128,qpsk,8,8,1876.1541125923209,high_rich,42001,N128_qpsk_high_rich_S8_42001_fa9a1d59
28,afdm:time:L0:K2,afdm,time,0,2,68352.0,0.0,6272.0,74624.0,64784.0,144528.0,66568,1,5120,0.0,0.089599609375,0.079345703125,0.0259393334410984,325,4096,16,2.0,0.1241576777509702,144528.0,0.0010905999952228,0.0002581660994496,0.0013487660946724,43016,128,qpsk,8,8,1876.1541125923209,high_rich,42001,N128_qpsk_high_rich_S8_42001_fa9a1d59
29,afdm:time:L0:K4,afdm,time,0,4,68352.0,0.0,6272.0,74624.0,107808.0,187552.0,66568,1,5120,0.0,0.05322265625,0.04736328125,0.020663779436467,194,4096,16,4.0,0.0473203249661521,187552.0,0.0009162999922409,0.000159003601077,0.0010753035933179,43016,128,qpsk,8,8,1876.1541125923209,high_rich,42001,N128_qpsk_high_rich_S8_42001_fa9a1d59
30,afdm:time:L0:K8,afdm,time,0,8,68352.0,0.0,6272.0,74624.0,193856.0,273600.0,66568,1,5120,0.0,0.04296875,0.041015625,0.0172347834455982,168,4096,16,8.0,0.0094033037398942,273600.0,0.0009124999924097,0.0002153160987676,0.0011278160911773,43016,128,qpsk,8,8,1876.1541125923209,high_rich,42001,N128_qpsk_high_rich_S8_42001_fa9a1d59
31,afdm:time:L0:K16,afdm,time,0,16,68352.0,0.0,6272.0,74624.0,365952.0,445696.0,66568,1,5120,0.0,0.045654296875,0.041748046875,0.0167388623914576,171,4096,16,16.0,0.0004094729949372,445696.0,0.0009051999950315,0.0003749410982367,0.0012801410932683,43016,128,qpsk,8,8,1876.1541125923209,high_rich,42001,N128_qpsk_high_rich_S8_42001_fa9a1d59
32,afdm:dense:L128:K0,afdm,dense,128,0,2657024.0,0.0,0.0,25026901.33333333,406272.0,25438293.33333333,1073152,1,5120,0.0,0.045654296875,0.041748046875,0.0167388623914576,171,4096,16,0.0,5.338481403981546e-16,25438293.33333333,0.0047382999910041,0.0001679098497719,0.0049062098407761,786432,128,qpsk,8,8,1876.1541125923209,high_rich,42001,N128_qpsk_high_rich_S8_42001_fa9a1d59
0,ofdm:symbol:L4:K2,ofdm,symbol,4,2,2250752.0,212992.0,3200.0,2466944.0,41232.0,2513296.0,570376,1,5120,0.284025104937774,0.16845703125,0.16552734375,0.0255901614674915,678,4096,16,2.0,0.1424470429120833,2513296.0,0.0043204999965382,0.0005120179900559,0.0048325179865941,22536,128,qpsk,8,8,2290.424725165879,high_rich,42002,N128_qpsk_high_rich_S8_42002_c548bbf9
1,ofdm:symbol:L4:K8,ofdm,symbol,4,8,2250752.0,212992.0,3200.0,2466944.0,121152.0,2593216.0,570376,1,5120,0.284025104937774,0.162109375,0.16162109375,0.0291925224867709,662,4096,16,8.0,0.002734193523547,2593216.0,0.0046018999855732,0.0002000242418007,0.0048019242273739,22536,128,qpsk,8,8,2290.424725165879,high_rich,42002,N128_qpsk_high_rich_S8_42002_c548bbf9
2,ofdm:symbol:L8:K4,ofdm,symbol,8,4,2250752.0,212992.0,6272.0,2470016.0,104736.0,2579872.0,590856,1,5120,0.088164764153046,0.108642578125,0.099853515625,0.0224609375,409,4096,16,4.0,0.0420838041743524,2579872.0,0.0042508999904384,0.0001453679939886,0.0043962679844271,43016,128,qpsk,8,8,2290.424725165879,high_rich,42002,N128_qpsk_high_rich_S8_42002_c548bbf9
3,ofdm:symbol:L8:K16,ofdm,symbol,8,16,2250752.0,212992.0,6272.0,2470016.0,362880.0,2838016.0,590856,1,5120,0.088164764153046,0.109375,0.100341796875,0.0211428224521583,411,4096,16,16.0,3.632665795315488e-05,2838016.0,0.0042155999981332,0.0006911304905742,0.0049067304887075,43016,128,qpsk,8,8,2290.424725165879,high_rich,42002,N128_qpsk_high_rich_S8_42002_c548bbf9
4,ofdm:symbol:L16:K8,ofdm,symbol,16,8,2250752.0,212992.0,12416.0,2476160.0,330048.0,2811328.0,631816,1,5120,0.0239343673492653,0.081298828125,0.082763671875,0.0217359208764583,339,4096,16,8.0,0.0031978075820857,2811328.0,0.0043667999998433,0.0002313992387798,0.0045981992386232,83976,128,qpsk,8,8,2290.424725165879,high_rich,42002,N128_qpsk_high_rich_S8_42002_c548bbf9
5,ofdm:symbol:L32:K16,ofdm,symbol,32,16,2250752.0,212992.0,24704.0,2488448.0,1173888.0,3667456.0,713736,1,5120,0.0093548207992193,0.07666015625,0.081298828125,0.0203334602393687,333,4096,16,16.0,3.4718943066034744e-05,3667456.0,0.004404199993587,0.0010441742421762,0.0054483742357633,165896,128,qpsk,8,8,2290.424725165879,high_rich,42002,N128_qpsk_high_rich_S8_42002_c548bbf9
6,ofdm:time:L0:K2,ofdm,time,0,2,55296.0,0.0,6272.0,61568.0,61712.0,128400.0,66568,1,5120,0.0,0.102294921875,0.096923828125,0.0223815399216479,397,4096,16,2.0,0.1463328845933509,128400.0,0.0007827999943401,0.0001169804906539,0.0008997804849941,43016,128,qpsk,8,8,2290.424725165879,high_rich,42002,N128_qpsk_high_rich_S8_42002_c548bbf9
7,ofdm:time:L0:K4,ofdm,time,0,4,55296.0,0.0,6272.0,61568.0,104736.0,171424.0,66568,1,5120,0.0,0.0771484375,0.08056640625,0.0218132965321374,330,4096,16,4.0,0.0343220865902029,171424.0,0.0007466999959433,0.0001469304858773,0.0008936304818207,43016,128,qpsk,8,8,2290.424725165879,high_rich,42002,N128_qpsk_high_rich_S8_42002_c548bbf9
8,ofdm:time:L0:K8,ofdm,time,0,8,55296.0,0.0,6272.0,61568.0,190784.0,257472.0,66568,1,5120,0.0,0.074462890625,0.075439453125,0.0190149867865715,309,4096,16,8.0,0.0036107624961156,257472.0,0.0007467999967047,0.0002333929866808,0.0009801929833856,43016,128,qpsk,8,8,2290.424725165879,high_rich,42002,N128_qpsk_high_rich_S8_42002_c548bbf9
9,ofdm:time:L0:K16,ofdm,time,0,16,55296.0,0.0,6272.0,61568.0,362880.0,429568.0,66568,1,5120,0.0,0.07470703125,0.074462890625,0.0176701152002867,305,4096,16,16.0,3.572427854852908e-05,429568.0,0.000760299997637,0.0003643429906305,0.0011246429882675,43016,128,qpsk,8,8,2290.424725165879,high_rich,42002,N128_qpsk_high_rich_S8_42002_c548bbf9
10,ofdm:dense:L128:K0,ofdm,dense,128,0,2250752.0,0.0,0.0,24620629.33333333,403200.0,25028949.33333333,1073152,1,5120,0.0,0.07470703125,0.074462890625,0.0176701152002867,305,4096,16,0.0,5.033057072574908e-16,25028949.33333333,0.0040956000011647,0.0001559742392573,0.004251574240422,786432,128,qpsk,8,8,2290.424725165879,high_rich,42002,N128_qpsk_high_rich_S8_42002_c548bbf9
11,otfs:symbol:L4:K2,otfs,symbol,4,2,2906112.0,212992.0,3200.0,3122304.0,46352.0,3173776.0,570376,1,5120,0.4209183717267425,0.18115234375,0.1884765625,0.0153954492227681,772,4096,16,2.0,0.1792106185796921,3173776.0,0.0082932000077562,0.0001818615525156,0.0084750615602719,22536,128,qpsk,8,8,2290.424725165879,high_rich,42002,N128_qpsk_high_rich_S8_42002_c548bbf9
12,otfs:symbol:L4:K8,otfs,symbol,4,8,2906112.0,212992.0,3200.0,3122304.0,126272.0,3253696.0,570376,1,5120,0.4209183717267425,0.175537109375,0.180419921875,0.0233164735463861,739,4096,16,8.0,0.0018230674671953,3253696.0,0.0081770999968284,0.0002673365512567,0.0084444365480852,22536,128,qpsk,8,8,2290.424725165879,high_rich,42002,N128_qpsk_high_rich_S8_42002_c548bbf9
13,otfs:symbol:L8:K4,otfs,symbol,8,4,2906112.0,212992.0,6272.0,3125376.0,109856.0,3240352.0,590856,1,5120,0.2691302288869237,0.159912109375,0.15966796875,0.021484375,654,4096,16,4.0,0.0498684869863624,3240352.0,0.0083771000063279,0.0003512615491093,0.0087283615554373,43016,128,qpsk,8,8,2290.424725165879,high_rich,42002,N128_qpsk_high_rich_S8_42002_c548bbf9
14,otfs:symbol:L8:K16,otfs,symbol,8,16,2906112.0,212992.0,6272.0,3125376.0,368000.0,3498496.0,590856,1,5120,0.2691302288869237,0.16015625,0.166015625,0.0212522976698991,680,4096,16,16.0,3.375275642277416e-05,3498496.0,0.0083280000108061,0.0005278740533288,0.008855874064135,43016,128,qpsk,8,8,2290.424725165879,high_rich,42002,N128_qpsk_high_rich_S8_42002_c548bbf9
15,otfs:symbol:L16:K8,otfs,symbol,16,8,2906112.0,212992.0,12416.0,3131520.0,335168.0,3471808.0,631816,1,5120,0.1189997144170159,0.109619140625,0.120361328125,0.0234469924353705,493,4096,16,8.0,0.005149171843136,3471808.0,0.0082628999953158,0.0004048365532402,0.008667736548556,83976,128,qpsk,8,8,2290.424725165879,high_rich,42002,N128_qpsk_high_rich_S8_42002_c548bbf9
16,otfs:symbol:L32:K16,otfs,symbol,32,16,2906112.0,212992.0,24704.0,3143808.0,1179008.0,4327936.0,713736,1,5120,0.0315288397454224,0.081298828125,0.09326171875,0.0186452695736467,382,4096,16,16.0,2.9384392664251976e-05,4327936.0,0.0083276999939698,0.0004990428048007,0.0088267427987706,165896,128,qpsk,8,8,2290.424725165879,high_rich,42002,N128_qpsk_high_rich_S8_42002_c548bbf9
17,otfs:time:L0:K2,otfs,time,0,2,55296.0,0.0,6272.0,61568.0,66832.0,133520.0,66568,1,5120,0.0,0.09326171875,0.097900390625,0.0156554878338685,401,4096,16,2.0,0.1490999361318182,133520.0,0.0009650000138208,0.0001706240515307,0.0011356240653516,43016,128,qpsk,8,8,2290.424725165879,high_rich,42002,N128_qpsk_high_rich_S8_42002_c548bbf9
18,otfs:time:L0:K4,otfs,time,0,4,55296.0,0.0,6272.0,61568.0,109856.0,176544.0,66568,1,5120,0.0,0.071044921875,0.080810546875,0.0184722676033603,331,4096,16,4.0,0.0349887101889095,176544.0,0.0009119000023929,0.0001757678015895,0.0010876678039825,43016,128,qpsk,8,8,2290.424725165879,high_rich,42002,N128_qpsk_high_rich_S8_42002_c548bbf9
19,otfs:time:L0:K8,otfs,time,0,8,55296.0,0.0,6272.0,61568.0,195904.0,262592.0,66568,1,5120,0.0,0.0693359375,0.07763671875,0.0181476039905811,318,4096,16,8.0,0.0036280591454444,262592.0,0.0008251999970525,0.0002492615573249,0.0010744615543775,43016,128,qpsk,8,8,2290.424725165879,high_rich,42002,N128_qpsk_high_rich_S8_42002_c548bbf9
20,otfs:time:L0:K16,otfs,time,0,16,55296.0,0.0,6272.0,61568.0,368000.0,434688.0,66568,1,5120,0.0,0.0703125,0.0771484375,0.0188959165975747,316,4096,16,16.0,3.573606268874048e-05,434688.0,0.0008265999931609,0.0003698740544099,0.0011964740475708,43016,128,qpsk,8,8,2290.424725165879,high_rich,42002,N128_qpsk_high_rich_S8_42002_c548bbf9
21,otfs:dense:L128:K0,otfs,dense,128,0,2906112.0,0.0,0.0,25275989.33333333,408320.0,25689429.33333333,1073152,1,5120,0.0,0.0703125,0.0771484375,0.0188959165975747,316,4096,16,0.0,3.9434828201601663e-16,25689429.33333333,0.0079616000002715,0.000187767800195,0.0081493678004666,786432,128,qpsk,8,8,2290.424725165879,high_rich,42002,N128_qpsk_high_rich_S8_42002_c548bbf9
22,afdm:symbol:L4:K2,afdm,symbol,4,2,2657024.0,212992.0,3200.0,2873216.0,44304.0,2922640.0,570376,1,5120,0.3785577283099213,0.181884765625,0.19189453125,0.0243266664891422,786,4096,16,2.0,0.1622393595410561,2922640.0,0.004589100004523,0.0001112121173002,0.0047003121218233,22536,128,qpsk,8,8,2290.424725165879,high_rich,42002,N128_qpsk_high_rich_S8_42002_c548bbf9
23,afdm:symbol:L4:K8,afdm,symbol,4,8,2657024.0,212992.0,3200.0,2873216.0,124224.0,3002560.0,570376,1,5120,0.3785577283099213,0.18505859375,0.189208984375,0.0212028788789142,775,4096,16,8.0,0.0027877661581865,3002560.0,0.0044471000146586,0.0001989621179029,0.0046460621325615,22536,128,qpsk,8,8,2290.424725165879,high_rich,42002,N128_qpsk_high_rich_S8_42002_c548bbf9
24,afdm:symbol:L8:K4,afdm,symbol,8,4,2657024.0,212992.0,6272.0,2876288.0,107808.0,2989216.0,590856,1,5120,0.1883109400352627,0.132568359375,0.13134765625,0.0212941388252094,538,4096,16,4.0,0.0618337736519859,2989216.0,0.004399800003739,0.0001454308695621,0.0045452308733012,43016,128,qpsk,8,8,2290.424725165879,high_rich,42002,N128_qpsk_high_rich_S8_42002_c548bbf9
25,afdm:symbol:L8:K16,afdm,symbol,8,16,2657024.0,212992.0,6272.0,2876288.0,365952.0,3247360.0,590856,1,5120,0.1883109400352627,0.134033203125,0.126708984375,0.0224156018917755,519,4096,16,16.0,7.954412378038259e-05,3247360.0,0.0043915000132983,0.0005079933736135,0.0048994933869118,43016,128,qpsk,8,8,2290.424725165879,high_rich,42002,N128_qpsk_high_rich_S8_42002_c548bbf9
26,afdm:symbol:L16:K8,afdm,symbol,16,8,2657024.0,212992.0,12416.0,2882432.0,333120.0,3220672.0,631816,1,5120,0.0541759330481759,0.09912109375,0.101806640625,0.0198396869815211,417,4096,16,8.0,0.0033940248964066,3220672.0,0.0045489000040106,0.0002388808690022,0.0047877808730129,83976,128,qpsk,8,8,2290.424725165879,high_rich,42002,N128_qpsk_high_rich_S8_42002_c548bbf9
27,afdm:symbol:L32:K16,afdm,symbol,32,16,2657024.0,212992.0,24704.0,2894720.0,1176960.0,4076800.0,713736,1,5120,0.0134952282441613,0.0791015625,0.0849609375,0.0205465284349733,348,4096,16,16.0,3.6962908306341575e-05,4076800.0,0.0045516000100178,0.0004480058734054,0.0049996058834232,165896,128,qpsk,8,8,2290.424725165879,high_rich,42002,N128_qpsk_high_rich_S8_42002_c548bbf9
28,afdm:time:L0:K2,afdm,time,0,2,68352.0,0.0,6272.0,74624.0,64784.0,144528.0,66568,1,5120,0.0,0.09423828125,0.10498046875,0.0204161518057956,430,4096,16,2.0,0.1473280395742291,144528.0,0.0009177000029012,0.0001184121230118,0.0010361121259131,43016,128,qpsk,8,8,2290.424725165879,high_rich,42002,N128_qpsk_high_rich_S8_42002_c548bbf9
29,afdm:time:L0:K4,afdm,time,0,4,68352.0,0.0,6272.0,74624.0,107808.0,187552.0,66568,1,5120,0.0,0.078857421875,0.084716796875,0.0201575999830541,347,4096,16,4.0,0.0346337182085038,187552.0,0.0008227000071201,0.0001468121228037,0.0009695121299239,43016,128,qpsk,8,8,2290.424725165879,high_rich,42002,N128_qpsk_high_rich_S8_42002_c548bbf9
30,afdm:time:L0:K8,afdm,time,0,8,68352.0,0.0,6272.0,74624.0,193856.0,273600.0,66568,1,5120,0.0,0.0751953125,0.083251953125,0.0208033027374298,341,4096,16,8.0,0.0035756933004122,273600.0,0.0008277000160887,0.000237012122053,0.0010647121381418,43016,128,qpsk,8,8,2290.424725165879,high_rich,42002,N128_qpsk_high_rich_S8_42002_c548bbf9
31,afdm:time:L0:K16,afdm,time,0,16,68352.0,0.0,6272.0,74624.0,365952.0,445696.0,66568,1,5120,0.0,0.076171875,0.082763671875,0.0202833700379807,339,4096,16,16.0,3.630772302198086e-05,445696.0,0.0008284999930765,0.0003228808747018,0.0011513808677784,43016,128,qpsk,8,8,2290.424725165879,high_rich,42002,N128_qpsk_high_rich_S8_42002_c548bbf9
32,afdm:dense:L128:K0,afdm,dense,128,0,2657024.0,0.0,0.0,25026901.33333333,406272.0,25438293.33333333,1073152,1,5120,0.0,0.076171875,0.082763671875,0.0202833700379807,339,4096,16,0.0,5.379824692934096e-16,25438293.33333333,0.004327300004661,0.0001509996237666,0.0044782996284277,786432,128,qpsk,8,8,2290.424725165879,high_rich,42002,N128_qpsk_high_rich_S8_42002_c548bbf9
0,ofdm:symbol:L4:K2,ofdm,symbol,4,2,2250752.0,212992.0,3200.0,2466944.0,41232.0,2513296.0,570376,1,5120,0.2896916253501861,0.170654296875,0.161376953125,0.0265210595092558,661,4096,16,2.0,0.1391955484715915,2513296.0,0.0044005999952787,0.0001047278439286,0.0045053278392074,22536,128,qpsk,8,8,2263.629231145662,high_rich,42003,N128_qpsk_high_rich_S8_42003_437b4ae7
1,ofdm:symbol:L4:K8,ofdm,symbol,4,8,2250752.0,212992.0,3200.0,2466944.0,121152.0,2593216.0,570376,1,5120,0.2896916253501861,0.16455078125,0.161376953125,0.0346966119202363,661,4096,16,8.0,0.0039507548742176,2593216.0,0.0042149999935645,0.000196577839371,0.0044115778329355,22536,128,qpsk,8,8,2263.629231145662,high_rich,42003,N128_qpsk_high_rich_S8_42003_437b4ae7
2,ofdm:symbol:L8:K4,ofdm,symbol,8,4,2250752.0,212992.0,6272.0,2470016.0,104736.0,2579872.0,590856,1,5120,0.0725879253200071,0.09375,0.091064453125,0.0213344079382771,373,4096,16,4.0,0.0525345479164949,2579872.0,0.0043014999828301,0.0001484465912212,0.0044499465740514,43016,128,qpsk,8,8,2263.629231145662,high_rich,42003,N128_qpsk_high_rich_S8_42003_437b4ae7
3,ofdm:symbol:L8:K16,ofdm,symbol,8,16,2250752.0,212992.0,6272.0,2470016.0,362880.0,2838016.0,590856,1,5120,0.0725879253200071,0.0966796875,0.09375,0.0207190877926209,384,4096,16,16.0,0.000168877896984,2838016.0,0.0044576000072993,0.0003645778425848,0.0048221778498841,43016,128,qpsk,8,8,2263.629231145662,high_rich,42003,N128_qpsk_high_rich_S8_42003_437b4ae7
4,ofdm:symbol:L16:K8,ofdm,symbol,16,8,2250752.0,212992.0,12416.0,2476160.0,330048.0,2811328.0,631816,1,5120,0.0208215865711194,0.07080078125,0.07666015625,0.0201149751008369,314,4096,16,8.0,0.0065072176388218,2811328.0,0.0043953999993391,0.000214496591208,0.0046098965905471,83976,128,qpsk,8,8,2263.629231145662,high_rich,42003,N128_qpsk_high_rich_S8_42003_437b4ae7
5,ofdm:symbol:L32:K16,ofdm,symbol,32,16,2250752.0,212992.0,24704.0,2488448.0,1173888.0,3667456.0,713736,1,5120,0.0075530938896972,0.0673828125,0.073974609375,0.0171441658973659,303,4096,16,16.0,0.0001510720404959,3667456.0,0.0044987999863224,0.0005483090900738,0.0050471090763962,165896,128,qpsk,8,8,2263.629231145662,high_rich,42003,N128_qpsk_high_rich_S8_42003_437b4ae7
6,ofdm:time:L0:K2,ofdm,time,0,2,55296.0,0.0,6272.0,61568.0,61712.0,128400.0,66568,1,5120,0.0,0.099853515625,0.10498046875,0.0202661229378559,430,4096,16,2.0,0.1696546875365173,128400.0,0.0009207999974023,0.0001044465908776,0.0010252465882799,43016,128,qpsk,8,8,2263.629231145662,high_rich,42003,N128_qpsk_high_rich_S8_42003_437b4ae7
7,ofdm:time:L0:K4,ofdm,time,0,4,55296.0,0.0,6272.0,61568.0,104736.0,171424.0,66568,1,5120,0.0,0.07421875,0.077392578125,0.0177132394015791,317,4096,16,4.0,0.0533264601397761,171424.0,0.0009004000021377,0.0001353090894113,0.001035709091549,43016,128,qpsk,8,8,2263.629231145662,high_rich,42003,N128_qpsk_high_rich_S8_42003_437b4ae7
8,ofdm:time:L0:K8,ofdm,time,0,8,55296.0,0.0,6272.0,61568.0,190784.0,257472.0,66568,1,5120,0.0,0.0654296875,0.0703125,0.0179290775813109,288,4096,16,8.0,0.007315895761272,257472.0,0.0009807999886106,0.0002056778440887,0.0011864778326994,43016,128,qpsk,8,8,2263.629231145662,high_rich,42003,N128_qpsk_high_rich_S8_42003_437b4ae7
9,ofdm:time:L0:K16,ofdm,time,0,16,55296.0,0.0,6272.0,61568.0,362880.0,429568.0,66568,1,5120,0.0,0.06591796875,0.0703125,0.0180421959121758,288,4096,16,16.0,0.0002015921194134,429568.0,0.0008617999992566,0.0004315403440628,0.0012933403433194,43016,128,qpsk,8,8,2263.629231145662,high_rich,42003,N128_qpsk_high_rich_S8_42003_437b4ae7
10,ofdm:dense:L128:K0,ofdm,dense,128,0,2250752.0,0.0,0.0,24620629.33333333,403200.0,25028949.33333333,1073152,1,5120,0.0,0.066162109375,0.0703125,0.0180421959121758,288,4096,16,0.0,4.83097830106236e-16,25028949.33333333,0.0042475000082049,0.0001550528396833,0.0044025528478882,786432,128,qpsk,8,8,2263.629231145662,high_rich,42003,N128_qpsk_high_rich_S8_42003_437b4ae7
11,otfs:symbol:L4:K2,otfs,symbol,4,2,2906112.0,212992.0,3200.0,3122304.0,46352.0,3173776.0,570376,1,5120,0.4062609893581185,0.1943359375,0.199462890625,0.0238449287573145,817,4096,16,2.0,0.1862513545800246,3173776.0,0.0074945999804185,0.000130354730159,0.0076249547105775,22536,128,qpsk,8,8,2263.629231145662,high_rich,42003,N128_qpsk_high_rich_S8_42003_437b4ae7
12,otfs:symbol:L4:K8,otfs,symbol,4,8,2906112.0,212992.0,3200.0,3122304.0,126272.0,3253696.0,570376,1,5120,0.4062609893581185,0.209228515625,0.20361328125,0.0351381608555042,834,4096,16,8.0,0.0034878083943903,3253696.0,0.0073693000013008,0.0002229422412214,0.0075922422425223,22536,128,qpsk,8,8,2263.629231145662,high_rich,42003,N128_qpsk_high_rich_S8_42003_437b4ae7
13,otfs:symbol:L8:K4,otfs,symbol,8,4,2906112.0,212992.0,6272.0,3125376.0,109856.0,3240352.0,590856,1,5120,0.2108627314314708,0.1435546875,0.141357421875,0.0188268147668245,579,4096,16,4.0,0.0913582979513562,3240352.0,0.0074792999803321,0.0002064109863071,0.0076857109666393,43016,128,qpsk,8,8,2263.629231145662,high_rich,42003,N128_qpsk_high_rich_S8_42003_437b4ae7
14,otfs:symbol:L8:K16,otfs,symbol,8,16,2906112.0,212992.0,6272.0,3125376.0,368000.0,3498496.0,590856,1,5120,0.2108627314314708,0.151123046875,0.14111328125,0.0218598813081702,578,4096,16,16.0,0.0001538114134099,3498496.0,0.0075192999938735,0.000385760983177,0.0079050609770506,43016,128,qpsk,8,8,2263.629231145662,high_rich,42003,N128_qpsk_high_rich_S8_42003_437b4ae7
15,otfs:symbol:L16:K8,otfs,symbol,16,8,2906112.0,212992.0,12416.0,3131520.0,335168.0,3471808.0,631816,1,5120,0.0964119711315394,0.109130859375,0.102783203125,0.0275741317782958,421,4096,16,8.0,0.0103827007356672,3471808.0,0.0074648999870987,0.0002634547341089,0.0077283547212077,83976,128,qpsk,8,8,2263.629231145662,high_rich,42003,N128_qpsk_high_rich_S8_42003_437b4ae7
16,otfs:symbol:L32:K16,otfs,symbol,32,16,2906112.0,212992.0,24704.0,3143808.0,1179008.0,4327936.0,713736,1,5120,0.0243346707483087,0.083251953125,0.06982421875,0.0213418568431995,286,4096,16,16.0,0.0002132867832885,4327936.0,0.0076865999872097,0.000629954734491,0.0083165547217008,165896,128,qpsk,8,8,2263.629231145662,high_rich,42003,N128_qpsk_high_rich_S8_42003_437b4ae7
17,otfs:time:L0:K2,otfs,time,0,2,55296.0,0.0,6272.0,61568.0,66832.0,133520.0,66568,1,5120,0.0,0.102783203125,0.096923828125,0.0216890698541759,397,4096,16,2.0,0.1654540185270029,133520.0,0.0007636999944224,0.0001398609870606,0.0009035609814831,43016,128,qpsk,8,8,2263.629231145662,high_rich,42003,N128_qpsk_high_rich_S8_42003_437b4ae7
18,otfs:time:L0:K4,otfs,time,0,4,55296.0,0.0,6272.0,61568.0,109856.0,176544.0,66568,1,5120,0.0,0.076171875,0.06884765625,0.021484375,282,4096,16,4.0,0.0539097361472086,176544.0,0.0007344000041484,0.0001628922368995,0.0008972922410479,43016,128,qpsk,8,8,2263.629231145662,high_rich,42003,N128_qpsk_high_rich_S8_42003_437b4ae7
19,otfs:time:L0:K8,otfs,time,0,8,55296.0,0.0,6272.0,61568.0,195904.0,262592.0,66568,1,5120,0.0,0.072265625,0.06396484375,0.0183704532179337,262,4096,16,8.0,0.0072071768945129,262592.0,0.0007318999996641,0.0002610922288526,0.0009929922285168,43016,128,qpsk,8,8,2263.629231145662,high_rich,42003,N128_qpsk_high_rich_S8_42003_437b4ae7
20,otfs:time:L0:K16,otfs,time,0,16,55296.0,0.0,6272.0,61568.0,368000.0,434688.0,66568,1,5120,0.0,0.07177734375,0.063720703125,0.0176268854958882,261,4096,16,16.0,0.0002041901290426,434688.0,0.0007683000003453,0.000408910985739,0.0011772109860844,43016,128,qpsk,8,8,2263.629231145662,high_rich,42003,N128_qpsk_high_rich_S8_42003_437b4ae7
21,otfs:dense:L128:K0,otfs,dense,128,0,2906112.0,0.0,0.0,25275989.33333333,408320.0,25689429.33333333,1073152,1,5120,0.0,0.07177734375,0.064208984375,0.0178704711583263,263,4096,16,0.0,4.081659634841256e-16,25689429.33333333,0.0072977999807335,0.0001813234826344,0.007479123463368,786432,128,qpsk,8,8,2263.629231145662,high_rich,42003,N128_qpsk_high_rich_S8_42003_437b4ae7
22,afdm:symbol:L4:K2,afdm,symbol,4,2,2657024.0,212992.0,3200.0,2873216.0,44304.0,2922640.0,570376,1,5120,0.1879261937496679,0.12744140625,0.141357421875,0.0215006448811655,579,4096,16,2.0,0.1633127847493411,2922640.0,0.0044566999858943,0.0001445454511144,0.0046012454370087,22536,128,qpsk,8,8,2263.629231145662,high_rich,42003,N128_qpsk_high_rich_S8_42003_437b4ae7
23,afdm:symbol:L4:K8,afdm,symbol,4,8,2657024.0,212992.0,3200.0,2873216.0,124224.0,3002560.0,570376,1,5120,0.1879261937496679,0.126708984375,0.13330078125,0.0221832357257823,546,4096,16,8.0,0.0054993727106901,3002560.0,0.0044934999896213,0.0002519642077844,0.0047454641974058,22536,128,qpsk,8,8,2263.629231145662,high_rich,42003,N128_qpsk_high_rich_S8_42003_437b4ae7
24,afdm:symbol:L8:K4,afdm,symbol,8,4,2657024.0,212992.0,6272.0,2876288.0,107808.0,2989216.0,590856,1,5120,0.0610841043232966,0.08837890625,0.093017578125,0.016276692695313,381,4096,16,4.0,0.0565343657466358,2989216.0,0.0043427000055089,0.0001526642074554,0.0044953642129643,43016,128,qpsk,8,8,2263.629231145662,high_rich,42003,N128_qpsk_high_rich_S8_42003_437b4ae7
25,afdm:symbol:L8:K16,afdm,symbol,8,16,2657024.0,212992.0,6272.0,2876288.0,365952.0,3247360.0,590856,1,5120,0.0610841043232966,0.088623046875,0.088134765625,0.0133780746015849,361,4096,16,16.0,0.0002242656471867,3247360.0,0.0043090999970445,0.0003528204499547,0.0046619204469993,43016,128,qpsk,8,8,2263.629231145662,high_rich,42003,N128_qpsk_high_rich_S8_42003_437b4ae7
26,afdm:symbol:L16:K8,afdm,symbol,16,8,2657024.0,212992.0,12416.0,2882432.0,333120.0,3220672.0,631816,1,5120,0.0184624772719148,0.072265625,0.074951171875,0.0156392350520836,307,4096,16,8.0,0.0072557962012,3220672.0,0.0044076000049244,0.000284051702913,0.0046916517078374,83976,128,qpsk,8,8,2263.629231145662,high_rich,42003,N128_qpsk_high_rich_S8_42003_437b4ae7
27,afdm:symbol:L32:K16,afdm,symbol,32,16,2657024.0,212992.0,24704.0,2894720.0,1176960.0,4076800.0,713736,1,5120,0.0076840378594329,0.0673828125,0.068603515625,0.0176988763427391,281,4096,16,16.0,0.0002046766695028,4076800.0,0.0044746000057784,0.0004105517029915,0.00488515170877,165896,128,qpsk,8,8,2263.629231145662,high_rich,42003,N128_qpsk_high_rich_S8_42003_437b4ae7
28,afdm:time:L0:K2,afdm,time,0,2,68352.0,0.0,6272.0,74624.0,64784.0,144528.0,66568,1,5120,0.0,0.09228515625,0.104736328125,0.0242992090083399,429,4096,16,2.0,0.1652211393807121,144528.0,0.0008088999893516,0.0001575141998204,0.000966414189172,43016,128,qpsk,8,8,2263.629231145662,high_rich,42003,N128_qpsk_high_rich_S8_42003_437b4ae7
29,afdm:time:L0:K4,afdm,time,0,4,68352.0,0.0,6272.0,74624.0,107808.0,187552.0,66568,1,5120,0.0,0.06640625,0.072998046875,0.0178562345727896,299,4096,16,4.0,0.0531565822240425,187552.0,0.000779699999839,0.0001841829564386,0.0009638829562776,43016,128,qpsk,8,8,2263.629231145662,high_rich,42003,N128_qpsk_high_rich_S8_42003_437b4ae7
30,afdm:time:L0:K8,afdm,time,0,8,68352.0,0.0,6272.0,74624.0,193856.0,273600.0,66568,1,5120,0.0,0.0625,0.06640625,0.0164495955180768,272,4096,16,8.0,0.0072568955143599,273600.0,0.0010789999942062,0.0003148454572896,0.0013938454514958,43016,128,qpsk,8,8,2263.629231145662,high_rich,42003,N128_qpsk_high_rich_S8_42003_437b4ae7
31,afdm:time:L0:K16,afdm,time,0,16,68352.0,0.0,6272.0,74624.0,365952.0,445696.0,66568,1,5120,0.0,0.06396484375,0.066650390625,0.0169652264556476,273,4096,16,16.0,0.0001991653634895,445696.0,0.0007826999935787,0.0003263517048639,0.0011090516984426,43016,128,qpsk,8,8,2263.629231145662,high_rich,42003,N128_qpsk_high_rich_S8_42003_437b4ae7
32,afdm:dense:L128:K0,afdm,dense,128,0,2657024.0,0.0,0.0,25026901.33333333,406272.0,25438293.33333333,1073152,1,5120,0.0,0.06396484375,0.066650390625,0.0169652264556476,273,4096,16,0.0,5.411018030007258e-16,25438293.33333333,0.0041092999890679,0.0001604267065362,0.0042697266956042,786432,128,qpsk,8,8,2263.629231145662,high_rich,42003,N128_qpsk_high_rich_S8_42003_437b4ae7
0,ofdm:symbol:L4:K2,ofdm,symbol,4,2,1421824.0,212992.0,3200.0,1638016.0,41232.0,1684368.0,570376,1,5120,0.0221851997742317,0.0,0.0,0.0,0,4096,16,2.0,0.0214055965411563,1684368.0,0.0041548999870428,0.0001615662904166,0.0043164662774594,22536,128,qpsk,18,2,1042.8069868220514,high_sparse,42001,N128_qpsk_high_sparse_S18_42001_48ae8146
1,ofdm:symbol:L4:K8,ofdm,symbol,4,8,1421824.0,212992.0,3200.0,1638016.0,121152.0,1764288.0,570376,1,5120,0.0221851997742317,0.0,0.0,0.0,0,4096,16,7.0,7.178940439951727e-07,1750968.0,0.0042579999862937,0.0002307037911757,0.0044887037774694,22536,128,qpsk,18,2,1042.8069868220514,high_sparse,42001,N128_qpsk_high_sparse_S18_42001_48ae8146
2,ofdm:symbol:L8:K4,ofdm,symbol,8,4,1421824.0,212992.0,6272.0,1641088.0,104736.0,1750944.0,590856,1,5120,0.0109999978858573,0.0,0.0,0.0,0,4096,16,4.0,0.0001254578578526,1750944.0,0.0035823999933199,0.0001617725392586,0.0037441725325786,43016,128,qpsk,18,2,1042.8069868220514,high_sparse,42001,N128_qpsk_high_sparse_S18_42001_48ae8146
3,ofdm:symbol:L8:K16,ofdm,symbol,8,16,1421824.0,212992.0,6272.0,1641088.0,362880.0,2009088.0,590856,1,5120,0.0109999978858573,0.0,0.0,0.0,0,4096,16,7.0,1.4369151886516685e-07,1815480.0,0.0035480999940773,0.0002099600351081,0.0037580600291855,43016,128,qpsk,18,2,1042.8069868220514,high_sparse,42001,N128_qpsk_high_sparse_S18_42001_48ae8146
4,ofdm:symbol:L16:K8,ofdm,symbol,16,8,1421824.0,212992.0,12416.0,1647232.0,330048.0,1982400.0,631816,1,5120,0.0054377335397822,0.0,0.0,0.0,0,4096,16,6.0,4.633876949320261e-07,1906608.0,0.0035694999824045,0.0001998537936467,0.0037693537760512,83976,128,qpsk,18,2,1042.8069868220514,high_sparse,42001,N128_qpsk_high_sparse_S18_42001_48ae8146
5,ofdm:symbol:L32:K16,ofdm,symbol,32,16,1421824.0,212992.0,24704.0,1659520.0,1173888.0,2838528.0,713736,1,5120,0.0026101950799536,0.0,0.0,0.0,0,4096,16,5.9375,9.829963317849833e-08,2127471.5,0.0038009999989299,0.0002399975391833,0.0040409975381132,165896,128,qpsk,18,2,1042.8069868220514,high_sparse,42001,N128_qpsk_high_sparse_S18_42001_48ae8146
6,ofdm:time:L0:K2,ofdm,time,0,2,12800.0,0.0,1664.0,14464.0,30992.0,50576.0,35848,1,5120,0.0,0.0,0.0,0.0,0,4096,16,2.0,0.0001230433906597,50576.0,0.0004899999912595,0.000121460038799,0.0006114600300586,12296,128,qpsk,18,2,1042.8069868220514,high_sparse,42001,N128_qpsk_high_sparse_S18_42001_48ae8146
7,ofdm:time:L0:K4,ofdm,time,0,4,12800.0,0.0,1664.0,14464.0,49440.0,69024.0,35848,1,5120,0.0,0.0,0.0,0.0,0,4096,16,4.0,1.0854824900625104e-08,69024.0,0.000460799987195,0.0001526100358839,0.0006134100230789,12296,128,qpsk,18,2,1042.8069868220514,high_sparse,42001,N128_qpsk_high_sparse_S18_42001_48ae8146
8,ofdm:time:L0:K8,ofdm,time,0,8,12800.0,0.0,1664.0,14464.0,86336.0,105920.0,35848,1,5120,0.0,0.0,0.0,0.0,0,4096,16,4.0,1.0854824900625104e-08,69024.0,0.0004630000039469,0.0002341600383894,0.0006971600423364,12296,128,qpsk,18,2,1042.8069868220514,high_sparse,42001,N128_qpsk_high_sparse_S18_42001_48ae8146
9,ofdm:time:L0:K16,ofdm,time,0,16,12800.0,0.0,1664.0,14464.0,160128.0,179712.0,35848,1,5120,0.0,0.0,0.0,0.0,0,4096,16,4.0,1.0854824900625104e-08,69024.0,0.000560399988899,0.000163728790512,0.000724128779411,12296,128,qpsk,18,2,1042.8069868220514,high_sparse,42001,N128_qpsk_high_sparse_S18_42001_48ae8146
10,ofdm:dense:L128:K0,ofdm,dense,128,0,1421824.0,0.0,0.0,23791701.33333333,403200.0,24200021.33333333,1073152,1,5120,0.0,0.0,0.0,0.0,0,4096,16,0.0,6.719664986298947e-16,24200021.33333333,0.0036020999832544,0.0002687787873307,0.0038708787705852,786432,128,qpsk,18,2,1042.8069868220514,high_sparse,42001,N128_qpsk_high_sparse_S18_42001_48ae8146
11,otfs:symbol:L4:K2,otfs,symbol,4,2,2077184.0,212992.0,3200.0,2293376.0,46352.0,2344848.0,570376,1,5120,0.0175604451713031,0.0,0.0,0.0,0,4096,16,2.0,0.0120475312112525,2344848.0,0.008291400008602,0.0001775348462229,0.008468934854825,22536,128,qpsk,18,2,1042.8069868220514,high_sparse,42001,N128_qpsk_high_sparse_S18_42001_48ae8146
12,otfs:symbol:L4:K8,otfs,symbol,4,8,2077184.0,212992.0,3200.0,2293376.0,126272.0,2424768.0,570376,1,5120,0.0175604451713031,0.0,0.0,0.0,0,4096,16,3.0,2.9078504199408056e-17,2358168.0,0.0079792999895289,0.000165709845312,0.008145009834841,22536,128,qpsk,18,2,1042.8069868220514,high_sparse,42001,N128_qpsk_high_sparse_S18_42001_48ae8146
13,otfs:symbol:L8:K4,otfs,symbol,8,4,2077184.0,212992.0,6272.0,2296448.0,109856.0,2411424.0,590856,1,5120,9.09348360391693e-05,0.0,0.0,0.0,0,4096,16,1.0,3.971140748251171e-16,2346888.0,0.0078785000077914,0.0001663973478185,0.0080448973556099,43016,128,qpsk,18,2,1042.8069868220514,high_sparse,42001,N128_qpsk_high_sparse_S18_42001_48ae8146
14,otfs:symbol:L8:K16,otfs,symbol,8,16,2077184.0,212992.0,6272.0,2296448.0,368000.0,2669568.0,590856,1,5120,9.09348360391693e-05,0.0,0.0,0.0,0,4096,16,1.0,3.971140748251171e-16,2346888.0,0.0079711000144016,0.0001312848487555,0.0081023848631571,43016,128,qpsk,18,2,1042.8069868220514,high_sparse,42001,N128_qpsk_high_sparse_S18_42001_48ae8146
15,otfs:symbol:L16:K8,otfs,symbol,16,8,2077184.0,212992.0,12416.0,2302592.0,335168.0,2642880.0,631816,1,5120,0.0,0.0,0.0,0.0,0,4096,16,4.0,1.0889983420496472e-08,2491296.0,0.0080594000028213,0.0003121348443142,0.0083715348471356,83976,128,qpsk,18,2,1042.8069868220514,high_sparse,42001,N128_qpsk_high_sparse_S18_42001_48ae8146
16,otfs:symbol:L32:K16,otfs,symbol,32,16,2077184.0,212992.0,24704.0,2314880.0,1179008.0,3499008.0,713736,1,5120,0.0,0.0,0.0,0.0,0,4096,16,4.0,1.0889983420496492e-08,2651040.0,0.0080650999880163,0.0002458973492662,0.0083109973372825,165896,128,qpsk,18,2,1042.8069868220514,high_sparse,42001,N128_qpsk_high_sparse_S18_42001_48ae8146
17,otfs:time:L0:K2,otfs,time,0,2,12800.0,0.0,1664.0,14464.0,36112.0,55696.0,35848,1,5120,0.0,0.0,0.0,0.0,0,4096,16,2.0,0.0001229508212586,55696.0,0.0005426999996416,0.0001523161006458,0.0006950161002874,12296,128,qpsk,18,2,1042.8069868220514,high_sparse,42001,N128_qpsk_high_sparse_S18_42001_48ae8146
18,otfs:time:L0:K4,otfs,time,0,4,12800.0,0.0,1664.0,14464.0,54560.0,74144.0,35848,1,5120,0.0,0.0,0.0,0.0,0,4096,16,4.0,1.0889983420496472e-08,74144.0,0.0005196999991312,0.000194978601719,0.0007146786008502,12296,128,qpsk,18,2,1042.8069868220514,high_sparse,42001,N128_qpsk_high_sparse_S18_42001_48ae8146
19,otfs:time:L0:K8,otfs,time,0,8,12800.0,0.0,1664.0,14464.0,91456.0,111040.0,35848,1,5120,0.0,0.0,0.0,0.0,0,4096,16,4.0,1.0889983420496472e-08,74144.0,0.0005425999988801,0.0002808348506346,0.0008234348495148,12296,128,qpsk,18,2,1042.8069868220514,high_sparse,42001,N128_qpsk_high_sparse_S18_42001_48ae8146
20,otfs:time:L0:K16,otfs,time,0,16,12800.0,0.0,1664.0,14464.0,165248.0,184832.0,35848,1,5120,0.0,0.0,0.0,0.0,0,4096,16,4.0,1.0889983420496472e-08,74144.0,0.0007416000007651,0.0004127160989424,0.0011543160997076,12296,128,qpsk,18,2,1042.8069868220514,high_sparse,42001,N128_qpsk_high_sparse_S18_42001_48ae8146
21,otfs:dense:L128:K0,otfs,dense,128,0,2077184.0,0.0,0.0,24447061.33333333,408320.0,24860501.33333333,1073152,1,5120,0.0,0.0,0.0,0.0,0,4096,16,0.0,3.379416307121368e-16,24860501.33333333,0.0076693000009981,0.0002367285967535,0.0079060285977516,786432,128,qpsk,18,2,1042.8069868220514,high_sparse,42001,N128_qpsk_high_sparse_S18_42001_48ae8146
22,afdm:symbol:L4:K2,afdm,symbol,4,2,1828096.0,212992.0,3200.0,2044288.0,44304.0,2093712.0,570376,1,5120,0.0222747159673224,0.0,0.0,0.0,0,4096,16,2.0,0.0208072891878425,2093712.0,0.004894299985608,0.0001188448855883,0.0050131448711964,22536,128,qpsk,18,2,1042.8069868220514,high_sparse,42001,N128_qpsk_high_sparse_S18_42001_48ae8146
23,afdm:symbol:L4:K8,afdm,symbol,4,8,1828096.0,212992.0,3200.0,2044288.0,124224.0,2173632.0,570376,1,5120,0.0222747159673224,0.0,0.0,0.0,0,4096,16,7.0,6.97233904567774e-07,2160312.0,0.004906199988909,0.0004700636323887,0.0053762636212978,22536,128,qpsk,18,2,1042.8069868220514,high_sparse,42001,N128_qpsk_high_sparse_S18_42001_48ae8146
24,afdm:symbol:L8:K4,afdm,symbol,8,4,1828096.0,212992.0,6272.0,2047360.0,107808.0,2160288.0,590856,1,5120,0.0110905142252156,0.0,0.0,0.0,0,4096,16,4.0,0.0001194903434323,2160288.0,0.0049442000017734,0.0002048823849746,0.005149082386748,43016,128,qpsk,18,2,1042.8069868220514,high_sparse,42001,N128_qpsk_high_sparse_S18_42001_48ae8146
25,afdm:symbol:L8:K16,afdm,symbol,8,16,1828096.0,212992.0,6272.0,2047360.0,365952.0,2418432.0,590856,1,5120,0.0110905142252156,0.0,0.0,0.0,0,4096,16,7.0,1.3791803221553824e-07,2224824.0,0.0052615000022342,0.0003729323831121,0.0056344323853464,43016,128,qpsk,18,2,1042.8069868220514,high_sparse,42001,N128_qpsk_high_sparse_S18_42001_48ae8146
26,afdm:symbol:L16:K8,afdm,symbol,16,8,1828096.0,212992.0,12416.0,2053504.0,333120.0,2391744.0,631816,1,5120,0.0055106256171219,0.0,0.0,0.0,0,4096,16,6.0,3.704758976518308e-07,2315952.0,0.0052062999893678,0.0002256323865422,0.00543193237591,83976,128,qpsk,18,2,1042.8069868220514,high_sparse,42001,N128_qpsk_high_sparse_S18_42001_48ae8146
27,afdm:symbol:L32:K16,afdm,symbol,32,16,1828096.0,212992.0,24704.0,2065792.0,1176960.0,3247872.0,713736,1,5120,0.0025943974314079,0.0,0.0,0.0,0,4096,16,5.0,6.418327906025158e-07,2470568.0,0.0058952999825123,0.0004733511319555,0.0063686511144679,165896,128,qpsk,18,2,1042.8069868220514,high_sparse,42001,N128_qpsk_high_sparse_S18_42001_48ae8146
28,afdm:time:L0:K2,afdm,time,0,2,25856.0,0.0,1664.0,27520.0,34064.0,66704.0,35848,1,5120,0.0,0.0,0.0,0.0,0,4096,16,2.0,0.0001255110314949,66704.0,0.0005183999892324,0.0001343573882023,0.0006527573774347,12296,128,qpsk,18,2,1042.8069868220514,high_sparse,42001,N128_qpsk_high_sparse_S18_42001_48ae8146
29,afdm:time:L0:K4,afdm,time,0,4,25856.0,0.0,1664.0,27520.0,52512.0,85152.0,35848,1,5120,0.0,0.0,0.0,0.0,0,4096,16,4.0,1.0955799506677408e-08,85152.0,0.0005215999844949,0.0001770948871181,0.000698694871613,12296,128,qpsk,18,2,1042.8069868220514,high_sparse,42001,N128_qpsk_high_sparse_S18_42001_48ae8146
30,afdm:time:L0:K8,afdm,time,0,8,25856.0,0.0,1664.0,27520.0,89408.0,122048.0,35848,1,5120,0.0,0.0,0.0,0.0,0,4096,16,4.0,1.0955799506677408e-08,85152.0,0.0005654999840771,0.0001592011336525,0.0007247011177296,12296,128,qpsk,18,2,1042.8069868220514,high_sparse,42001,N128_qpsk_high_sparse_S18_42001_48ae8146
31,afdm:time:L0:K16,afdm,time,0,16,25856.0,0.0,1664.0,27520.0,163200.0,195840.0,35848,1,5120,0.0,0.0,0.0,0.0,0,4096,16,4.0,1.0955799506677408e-08,85152.0,0.0005344999954104,0.000224588638599,0.0007590886340095,12296,128,qpsk,18,2,1042.8069868220514,high_sparse,42001,N128_qpsk_high_sparse_S18_42001_48ae8146
32,afdm:dense:L128:K0,afdm,dense,128,0,1828096.0,0.0,0.0,24197973.33333333,406272.0,24609365.33333333,1073152,1,5120,0.0,0.0,0.0,0.0,0,4096,16,0.0,6.534125406227895e-16,24609365.33333333,0.0048460999969393,0.0002546573901836,0.0051007573871229,786432,128,qpsk,18,2,1042.8069868220514,high_sparse,42001,N128_qpsk_high_sparse_S18_42001_48ae8146
0,ofdm:symbol:L4:K2,ofdm,symbol,4,2,1421824.0,212992.0,3200.0,1638016.0,41232.0,1684368.0,570376,1,5120,0.1027516725819756,0.004150390625,0.003662109375,0.0046150543225123,15,4096,16,2.0,0.1240369020280732,1684368.0,0.0049531999975442,0.0001212498112484,0.0050744498087927,22536,128,qpsk,18,2,2110.965432432229,high_sparse,42002,N128_qpsk_high_sparse_S18_42002_4e9fd73c
1,ofdm:symbol:L4:K8,ofdm,symbol,4,8,1421824.0,212992.0,3200.0,1638016.0,121152.0,1764288.0,570376,1,5120,0.1027516725819756,0.0185546875,0.022705078125,0.0112509719993869,93,4096,16,8.0,0.0043033298779214,1764288.0,0.0051393999892752,0.000230556062282,0.0053699560515572,22536,128,qpsk,18,2,2110.965432432229,high_sparse,42002,N128_qpsk_high_sparse_S18_42002_4e9fd73c
2,ofdm:symbol:L8:K4,ofdm,symbol,8,4,1421824.0,212992.0,6272.0,1641088.0,104736.0,1750944.0,590856,1,5120,0.0421049280393258,0.001953125,0.00048828125,0.001953125,2,4096,16,4.0,0.0362812403054545,1750944.0,0.0049876999983098,0.0001848373097648,0.0051725373080747,43016,128,qpsk,18,2,2110.965432432229,high_sparse,42002,N128_qpsk_high_sparse_S18_42002_4e9fd73c
3,ofdm:symbol:L8:K16,ofdm,symbol,8,16,1421824.0,212992.0,6272.0,1641088.0,362880.0,2009088.0,590856,1,5120,0.0421049280393258,0.026611328125,0.03076171875,0.0234754467115599,126,4096,16,16.0,5.144455392235189e-05,2009088.0,0.0049556000012671,0.0006753123073697,0.0056309123086369,43016,128,qpsk,18,2,2110.965432432229,high_sparse,42002,N128_qpsk_high_sparse_S18_42002_4e9fd73c
4,ofdm:symbol:L16:K8,ofdm,symbol,16,8,1421824.0,212992.0,12416.0,1647232.0,330048.0,1982400.0,631816,1,5120,0.0186105751170817,0.000244140625,0.000244140625,0.0009765625,1,4096,16,8.0,0.0012859386923109,1982400.0,0.0050406999944243,0.000231999811452,0.0052726998058763,83976,128,qpsk,18,2,2110.965432432229,high_sparse,42002,N128_qpsk_high_sparse_S18_42002_4e9fd73c
5,ofdm:symbol:L32:K16,ofdm,symbol,32,16,1421824.0,212992.0,24704.0,1659520.0,1173888.0,2838528.0,713736,1,5120,0.0089083429271125,0.0,0.0,0.0,0,4096,16,13.5625,5.710383827663247e-07,2666284.5,0.0052594000007957,0.000431618561682,0.0056910185624777,165896,128,qpsk,18,2,2110.965432432229,high_sparse,42002,N128_qpsk_high_sparse_S18_42002_4e9fd73c
6,ofdm:time:L0:K2,ofdm,time,0,2,12800.0,0.0,1664.0,14464.0,30992.0,50576.0,35848,1,5120,0.0,0.0,0.0,0.0,0,4096,16,2.0,0.0520559684297874,50576.0,0.0005144999886397,0.0001155935581967,0.0006300935468364,12296,128,qpsk,18,2,2110.965432432229,high_sparse,42002,N128_qpsk_high_sparse_S18_42002_4e9fd73c
7,ofdm:time:L0:K4,ofdm,time,0,4,12800.0,0.0,1664.0,14464.0,49440.0,69024.0,35848,1,5120,0.0,0.0,0.0,0.0,0,4096,16,4.0,0.0024016754751521,69024.0,0.0005043999844929,0.0001908435627531,0.0006952435472461,12296,128,qpsk,18,2,2110.965432432229,high_sparse,42002,N128_qpsk_high_sparse_S18_42002_4e9fd73c
8,ofdm:time:L0:K8,ofdm,time,0,8,12800.0,0.0,1664.0,14464.0,86336.0,105920.0,35848,1,5120,0.0,0.0,0.0,0.0,0,4096,16,8.0,4.655905973211668e-06,105920.0,0.0005077999812783,0.0002014560580695,0.0007092560393478,12296,128,qpsk,18,2,2110.965432432229,high_sparse,42002,N128_qpsk_high_sparse_S18_42002_4e9fd73c
9,ofdm:time:L0:K16,ofdm,time,0,16,12800.0,0.0,1664.0,14464.0,160128.0,179712.0,35848,1,5120,0.0,0.0,0.0,0.0,0,4096,16,9.5,5.870408587690594e-07,119756.0,0.0005463999841595,0.0002239123126249,0.0007703122967844,12296,128,qpsk,18,2,2110.965432432229,high_sparse,42002,N128_qpsk_high_sparse_S18_42002_4e9fd73c
10,ofdm:dense:L128:K0,ofdm,dense,128,0,1421824.0,0.0,0.0,23791701.33333333,403200.0,24200021.33333333,1073152,1,5120,0.0,0.0,0.0,0.0,0,4096,16,0.0,6.959777913849237e-16,24200021.33333333,0.0049345000006724,0.0001471873122985,0.0050816873129709,786432,128,qpsk,18,2,2110.965432432229,high_sparse,42002,N128_qpsk_high_sparse_S18_42002_4e9fd73c
11,otfs:symbol:L4:K2,otfs,symbol,4,2,2077184.0,212992.0,3200.0,2293376.0,46352.0,2344848.0,570376,1,5120,0.0954169102234457,0.002685546875,0.003173828125,0.0029296875,13,4096,16,2.0,0.1158922129232349,2344848.0,0.0074375999975018,0.0001344284117459,0.0075720284092478,22536,128,qpsk,18,2,2110.965432432229,high_sparse,42002,N128_qpsk_high_sparse_S18_42002_4e9fd73c
12,otfs:symbol:L4:K8,otfs,symbol,4,8,2077184.0,212992.0,3200.0,2293376.0,126272.0,2424768.0,570376,1,5120,0.0954169102234457,0.00927734375,0.010498046875,0.0056550754852158,43,4096,16,8.0,0.0011678581050267,2424768.0,0.0072929000016301,0.0002264596594779,0.0075193596611081,22536,128,qpsk,18,2,2110.965432432229,high_sparse,42002,N128_qpsk_high_sparse_S18_42002_4e9fd73c
13,otfs:symbol:L8:K4,otfs,symbol,8,4,2077184.0,212992.0,6272.0,2296448.0,109856.0,2411424.0,590856,1,5120,0.0182678027580477,0.0,0.0,0.0,0,4096,16,4.0,0.0054472673777831,2411424.0,0.0073506999906385,0.0003364909096655,0.007687190900304,43016,128,qpsk,18,2,2110.965432432229,high_sparse,42002,N128_qpsk_high_sparse_S18_42002_4e9fd73c
14,otfs:symbol:L8:K16,otfs,symbol,8,16,2077184.0,212992.0,6272.0,2296448.0,368000.0,2669568.0,590856,1,5120,0.0182678027580477,0.0,0.0,0.0,0,4096,16,11.0,4.934298484763883e-07,2562008.0,0.0076876000093761,0.0002900221650799,0.0079776221744561,43016,128,qpsk,18,2,2110.965432432229,high_sparse,42002,N128_qpsk_high_sparse_S18_42002_4e9fd73c
15,otfs:symbol:L16:K8,otfs,symbol,16,8,2077184.0,212992.0,12416.0,2302592.0,335168.0,2642880.0,631816,1,5120,2.220446049250313e-16,0.0,0.0,0.0,0,4096,16,8.0,4.763641112360683e-06,2642880.0,0.0073634000000311,0.0003197534059092,0.0076831534059403,83976,128,qpsk,18,2,2110.965432432229,high_sparse,42002,N128_qpsk_high_sparse_S18_42002_4e9fd73c
16,otfs:symbol:L32:K16,otfs,symbol,32,16,2077184.0,212992.0,24704.0,2314880.0,1179008.0,3499008.0,713736,1,5120,2.220446049250313e-16,0.0,0.0,0.0,0,4096,16,9.6875,4.47397145519558e-07,3052941.5,0.0080417999997735,0.0005969784095379,0.0086387784093114,165896,128,qpsk,18,2,2110.965432432229,high_sparse,42002,N128_qpsk_high_sparse_S18_42002_4e9fd73c
17,otfs:time:L0:K2,otfs,time,0,2,12800.0,0.0,1664.0,14464.0,36112.0,55696.0,35848,1,5120,0.0,0.0,0.0,0.0,0,4096,16,2.0,0.0515336317093837,55696.0,0.0005575000104727,0.0002412096590143,0.000798709669487,12296,128,qpsk,18,2,2110.965432432229,high_sparse,42002,N128_qpsk_high_sparse_S18_42002_4e9fd73c
18,otfs:time:L0:K4,otfs,time,0,4,12800.0,0.0,1664.0,14464.0,54560.0,74144.0,35848,1,5120,0.0,0.0,0.0,0.0,0,4096,16,4.0,0.0023656888492045,74144.0,0.0004680999991251,0.0001892346597907,0.0006573346589158,12296,128,qpsk,18,2,2110.965432432229,high_sparse,42002,N128_qpsk_high_sparse_S18_42002_4e9fd73c
19,otfs:time:L0:K8,otfs,time,0,8,12800.0,0.0,1664.0,14464.0,91456.0,111040.0,35848,1,5120,0.0,0.0,0.0,0.0,0,4096,16,8.0,4.763641112360684e-06,111040.0,0.0004707999905804,0.0002643534106193,0.0007351534011997,12296,128,qpsk,18,2,2110.965432432229,high_sparse,42002,N128_qpsk_high_sparse_S18_42002_4e9fd73c
20,otfs:time:L0:K16,otfs,time,0,16,12800.0,0.0,1664.0,14464.0,165248.0,184832.0,35848,1,5120,0.0,0.0,0.0,0.0,0,4096,16,9.6875,4.473971455195579e-07,126605.5,0.0004614000063156,0.0002939159065301,0.0007553159128457,12296,128,qpsk,18,2,2110.965432432229,high_sparse,42002,N128_qpsk_high_sparse_S18_42002_4e9fd73c
21,otfs:dense:L128:K0,otfs,dense,128,0,2077184.0,0.0,0.0,24447061.33333333,408320.0,24860501.33333333,1073152,1,5120,0.0,0.0,0.0,0.0,0,4096,16,0.0,3.5916257528562453e-16,24860501.33333333,0.007380800001556,0.0002055909060965,0.0075863909076526,786432,128,qpsk,18,2,2110.965432432229,high_sparse,42002,N128_qpsk_high_sparse_S18_42002_4e9fd73c
22,afdm:symbol:L4:K2,afdm,symbol,4,2,1828096.0,212992.0,3200.0,2044288.0,44304.0,2093712.0,570376,1,5120,0.1052358740418185,0.001953125,0.004638671875,0.0064136691667866,19,4096,16,2.0,0.1192403024626999,2093712.0,0.0039806999993743,0.0001152695098371,0.0040959695092114,22536,128,qpsk,18,2,2110.965432432229,high_sparse,42002,N128_qpsk_high_sparse_S18_42002_4e9fd73c
23,afdm:symbol:L4:K8,afdm,symbol,4,8,1828096.0,212992.0,3200.0,2044288.0,124224.0,2173632.0,570376,1,5120,0.1052358740418185,0.016357421875,0.02001953125,0.0096608967716403,82,4096,16,8.0,0.0031322243723292,2173632.0,0.0040281999972648,0.0002128570098593,0.0042410570071241,22536,128,qpsk,18,2,2110.965432432229,high_sparse,42002,N128_qpsk_high_sparse_S18_42002_4e9fd73c
24,afdm:symbol:L8:K4,afdm,symbol,8,4,1828096.0,212992.0,6272.0,2047360.0,107808.0,2160288.0,590856,1,5120,0.0466321337440329,0.00048828125,0.0,0.0,0,4096,16,4.0,0.0374419675639869,2160288.0,0.0039890000043669,0.0001867632567099,0.0041757632610769,43016,128,qpsk,18,2,2110.965432432229,high_sparse,42002,N128_qpsk_high_sparse_S18_42002_4e9fd73c
25,afdm:symbol:L8:K16,afdm,symbol,8,16,1828096.0,212992.0,6272.0,2047360.0,365952.0,2418432.0,590856,1,5120,0.0466321337440329,0.01513671875,0.01953125,0.0180984899519729,80,4096,16,16.0,2.4556962054563347e-05,2418432.0,0.0039792000025045,0.0003459320117999,0.0043251320143044,43016,128,qpsk,18,2,2110.965432432229,high_sparse,42002,N128_qpsk_high_sparse_S18_42002_4e9fd73c
26,afdm:symbol:L16:K8,afdm,symbol,16,8,1828096.0,212992.0,12416.0,2053504.0,333120.0,2391744.0,631816,1,5120,0.0188517406509831,0.000732421875,0.00048828125,0.0013342383809843,2,4096,16,8.0,0.0022768552135903,2391744.0,0.0040058000013232,0.0002664632624091,0.0042722632637323,83976,128,qpsk,18,2,2110.965432432229,high_sparse,42002,N128_qpsk_high_sparse_S18_42002_4e9fd73c
27,afdm:symbol:L32:K16,afdm,symbol,32,16,1828096.0,212992.0,24704.0,2065792.0,1176960.0,3247872.0,713736,1,5120,0.0088751361645258,0.0,0.0,0.0,0,4096,16,14.0,3.0845867093823065e-07,3106544.0,0.0045486999879358,0.0004621820111369,0.0050108819990727,165896,128,qpsk,18,2,2110.965432432229,high_sparse,42002,N128_qpsk_high_sparse_S18_42002_4e9fd73c
28,afdm:time:L0:K2,afdm,time,0,2,25856.0,0.0,1664.0,27520.0,34064.0,66704.0,35848,1,5120,0.0,0.0,0.0,0.0,0,4096,16,2.0,0.051960391684661,66704.0,0.0005027000006521,0.0001140945108945,0.0006167945115466,12296,128,qpsk,18,2,2110.965432432229,high_sparse,42002,N128_qpsk_high_sparse_S18_42002_4e9fd73c
29,afdm:time:L0:K4,afdm,time,0,4,25856.0,0.0,1664.0,27520.0,52512.0,85152.0,35848,1,5120,0.0,0.0,0.0,0.0,0,4096,16,4.0,0.0023983514459217,85152.0,0.0004890000127488,0.0001431445092693,0.0006321445220182,12296,128,qpsk,18,2,2110.965432432229,high_sparse,42002,N128_qpsk_high_sparse_S18_42002_4e9fd73c
30,afdm:time:L0:K8,afdm,time,0,8,25856.0,0.0,1664.0,27520.0,89408.0,122048.0,35848,1,5120,0.0,0.0,0.0,0.0,0,4096,16,8.0,4.8378267852202e-06,122048.0,0.000494100007927,0.0002089632593142,0.0007030632672412,12296,128,qpsk,18,2,2110.965432432229,high_sparse,42002,N128_qpsk_high_sparse_S18_42002_4e9fd73c
31,afdm:time:L0:K16,afdm,time,0,16,25856.0,0.0,1664.0,27520.0,163200.0,195840.0,35848,1,5120,0.0,0.0,0.0,0.0,0,4096,16,9.5625,5.519915257651393e-07,136460.5,0.0005252999981166,0.0003474070102983,0.000872707008415,12296,128,qpsk,18,2,2110.965432432229,high_sparse,42002,N128_qpsk_high_sparse_S18_42002_4e9fd73c
32,afdm:dense:L128:K0,afdm,dense,128,0,1828096.0,0.0,0.0,24197973.33333333,406272.0,24609365.33333333,1073152,1,5120,0.0,0.0,0.0,0.0,0,4096,16,0.0,6.913295250864798e-16,24609365.33333333,0.0039048000035109,0.0001556382634534,0.0040604382669643,786432,128,qpsk,18,2,2110.965432432229,high_sparse,42002,N128_qpsk_high_sparse_S18_42002_4e9fd73c
0,ofdm:symbol:L4:K2,ofdm,symbol,4,2,1421824.0,212992.0,3200.0,1638016.0,41232.0,1684368.0,570376,1,5120,0.1028063785702708,0.02734375,0.02734375,0.0148916442244747,112,4096,16,2.0,0.1447896817244777,1684368.0,0.0042060999985551,0.0001081873099268,0.004314287308482,22536,128,qpsk,18,2,921.32970673084,high_sparse,42003,N128_qpsk_high_sparse_S18_42003_3eb1f2e0
1,ofdm:symbol:L4:K8,ofdm,symbol,4,8,1421824.0,212992.0,3200.0,1638016.0,121152.0,1764288.0,570376,1,5120,0.1028063785702708,0.03955078125,0.035888671875,0.0168901088563984,147,4096,16,8.0,0.0096560906538116,1764288.0,0.004279500019038,0.0002179873101726,0.0044974873292107,22536,128,qpsk,18,2,921.32970673084,high_sparse,42003,N128_qpsk_high_sparse_S18_42003_3eb1f2e0
2,ofdm:symbol:L8:K4,ofdm,symbol,8,4,1421824.0,212992.0,6272.0,1641088.0,104736.0,1750944.0,590856,1,5120,0.037834879978592,0.007568359375,0.005859375,0.0040343576522993,24,4096,16,4.0,0.0384429714518338,1750944.0,0.0041070000006584,0.0001612935559409,0.0042682935565994,43016,128,qpsk,18,2,921.32970673084,high_sparse,42003,N128_qpsk_high_sparse_S18_42003_3eb1f2e0
3,ofdm:symbol:L8:K16,ofdm,symbol,8,16,1421824.0,212992.0,6272.0,1641088.0,362880.0,2009088.0,590856,1,5120,0.037834879978592,0.01416015625,0.012939453125,0.0072335973641627,53,4096,16,16.0,6.625902674777673e-05,2009088.0,0.0041854000010062,0.0004635060606619,0.0046489060616681,43016,128,qpsk,18,2,921.32970673084,high_sparse,42003,N128_qpsk_high_sparse_S18_42003_3eb1f2e0
4,ofdm:symbol:L16:K8,ofdm,symbol,16,8,1421824.0,212992.0,12416.0,1647232.0,330048.0,1982400.0,631816,1,5120,0.0178958463726118,0.004638671875,0.004150390625,0.0046150543225123,17,4096,16,8.0,0.0033003431670339,1982400.0,0.0042579000000841,0.0002269685621671,0.0044848685622513,83976,128,qpsk,18,2,921.32970673084,high_sparse,42003,N128_qpsk_high_sparse_S18_42003_3eb1f2e0
5,ofdm:symbol:L32:K16,ofdm,symbol,32,16,1421824.0,212992.0,24704.0,1659520.0,1173888.0,2838528.0,713736,1,5120,0.008566117223286,0.0029296875,0.00146484375,0.001953125,6,4096,16,16.0,8.377256277381252e-06,2838528.0,0.0042919999978039,0.0007085810595912,0.0050005810573951,165896,128,qpsk,18,2,921.32970673084,high_sparse,42003,N128_qpsk_high_sparse_S18_42003_3eb1f2e0
6,ofdm:time:L0:K2,ofdm,time,0,2,12800.0,0.0,1664.0,14464.0,30992.0,50576.0,35848,1,5120,0.0,0.004150390625,0.00439453125,0.0040027151429529,18,4096,16,2.0,0.1016921305586261,50576.0,0.0006793999928049,0.0001197373087438,0.0007991373015487,12296,128,qpsk,18,2,921.32970673084,high_sparse,42003,N128_qpsk_high_sparse_S18_42003_3eb1f2e0
7,ofdm:time:L0:K4,ofdm,time,0,4,12800.0,0.0,1664.0,14464.0,49440.0,69024.0,35848,1,5120,0.0,0.001708984375,0.000244140625,0.0009765625,1,4096,16,4.0,0.0187056842781077,69024.0,0.0006613000150537,0.0001614998120589,0.0008227998271126,12296,128,qpsk,18,2,921.32970673084,high_sparse,42003,N128_qpsk_high_sparse_S18_42003_3eb1f2e0
8,ofdm:time:L0:K8,ofdm,time,0,8,12800.0,0.0,1664.0,14464.0,86336.0,105920.0,35848,1,5120,0.0,0.001708984375,0.000244140625,0.0009765625,1,4096,16,8.0,0.000506332718736,105920.0,0.0007059000054141,0.0002025685573629,0.0009084685627771,12296,128,qpsk,18,2,921.32970673084,high_sparse,42003,N128_qpsk_high_sparse_S18_42003_3eb1f2e0
9,ofdm:time:L0:K16,ofdm,time,0,16,12800.0,0.0,1664.0,14464.0,160128.0,179712.0,35848,1,5120,0.0,0.001708984375,0.000244140625,0.0009765625,1,4096,16,15.0,8.381967282172013e-07,170488.0,0.0006626999966101,0.000665887311918,0.0013285873085282,12296,128,qpsk,18,2,921.32970673084,high_sparse,42003,N128_qpsk_high_sparse_S18_42003_3eb1f2e0
10,ofdm:dense:L128:K0,ofdm,dense,128,0,1421824.0,0.0,0.0,23791701.33333333,403200.0,24200021.33333333,1073152,1,5120,0.0,0.001708984375,0.000244140625,0.0009765625,1,4096,16,0.0,6.231292705692131e-16,24200021.33333333,0.0043260000093141,0.0001578748071937,0.0044838748165079,786432,128,qpsk,18,2,921.32970673084,high_sparse,42003,N128_qpsk_high_sparse_S18_42003_3eb1f2e0
11,otfs:symbol:L4:K2,otfs,symbol,4,2,2077184.0,212992.0,3200.0,2293376.0,46352.0,2344848.0,570376,1,5120,0.0979237722604279,0.032470703125,0.032470703125,0.013205879119802,133,4096,16,2.0,0.131773298336603,2344848.0,0.0074677000229712,0.0001410803003333,0.0076087803233046,22536,128,qpsk,18,2,921.32970673084,high_sparse,42003,N128_qpsk_high_sparse_S18_42003_3eb1f2e0
12,otfs:symbol:L4:K8,otfs,symbol,4,8,2077184.0,212992.0,3200.0,2293376.0,126272.0,2424768.0,570376,1,5120,0.0979237722604279,0.042236328125,0.040771484375,0.0121004461369091,167,4096,16,8.0,0.0052427432016732,2424768.0,0.0072870000149123,0.0002349490502335,0.0075219490651458,22536,128,qpsk,18,2,921.32970673084,high_sparse,42003,N128_qpsk_high_sparse_S18_42003_3eb1f2e0
13,otfs:symbol:L8:K4,otfs,symbol,8,4,2077184.0,212992.0,6272.0,2296448.0,109856.0,2411424.0,590856,1,5120,0.0238092143103118,0.002685546875,0.002197265625,0.0028415563597389,9,4096,16,4.0,0.0214407367436828,2411424.0,0.007407900004182,0.0002103303046775,0.0076182303088595,43016,128,qpsk,18,2,921.32970673084,high_sparse,42003,N128_qpsk_high_sparse_S18_42003_3eb1f2e0
14,otfs:symbol:L8:K16,otfs,symbol,8,16,2077184.0,212992.0,6272.0,2296448.0,368000.0,2669568.0,590856,1,5120,0.0238092143103118,0.0029296875,0.002197265625,0.0028415563597389,9,4096,16,16.0,6.455036414446509e-07,2669568.0,0.0074389000074006,0.0004129678015184,0.0078518678089191,43016,128,qpsk,18,2,921.32970673084,high_sparse,42003,N128_qpsk_high_sparse_S18_42003_3eb1f2e0
15,otfs:symbol:L16:K8,otfs,symbol,16,8,2077184.0,212992.0,12416.0,2302592.0,335168.0,2642880.0,631816,1,5120,0.0,0.0,0.0,0.0,0,4096,16,8.0,0.0005172441278879,2642880.0,0.0073586000071372,0.000269380303204,0.0076279803103413,83976,128,qpsk,18,2,921.32970673084,high_sparse,42003,N128_qpsk_high_sparse_S18_42003_3eb1f2e0
16,otfs:symbol:L32:K16,otfs,symbol,32,16,2077184.0,212992.0,24704.0,2314880.0,1179008.0,3499008.0,713736,1,5120,0.0,0.0,0.0,0.0,0,4096,16,15.0,8.440044807851871e-07,3428344.0,0.0076204000069992,0.0005171615509122,0.0081375615579114,165896,128,qpsk,18,2,921.32970673084,high_sparse,42003,N128_qpsk_high_sparse_S18_42003_3eb1f2e0
17,otfs:time:L0:K2,otfs,time,0,2,12800.0,0.0,1664.0,14464.0,36112.0,55696.0,35848,1,5120,0.0,0.00439453125,0.00244140625,0.0024185124506519,10,4096,16,2.0,0.1027476906302584,55696.0,0.000510400001076,0.0001399115550763,0.0006503115561523,12296,128,qpsk,18,2,921.32970673084,high_sparse,42003,N128_qpsk_high_sparse_S18_42003_3eb1f2e0
18,otfs:time:L0:K4,otfs,time,0,4,12800.0,0.0,1664.0,14464.0,54560.0,74144.0,35848,1,5120,0.0,0.00048828125,0.0,0.0,0,4096,16,4.0,0.0192054224532491,74144.0,0.0004736999981105,0.0001868803034691,0.0006605803015797,12296,128,qpsk,18,2,921.32970673084,high_sparse,42003,N128_qpsk_high_sparse_S18_42003_3eb1f2e0
19,otfs:time:L0:K8,otfs,time,0,8,12800.0,0.0,1664.0,14464.0,91456.0,111040.0,35848,1,5120,0.0,0.0,0.0,0.0,0,4096,16,8.0,0.0005172441278879,111040.0,0.0004798000009031,0.0002497365573314,0.0007295365582346,12296,128,qpsk,18,2,921.32970673084,high_sparse,42003,N128_qpsk_high_sparse_S18_42003_3eb1f2e0
20,otfs:time:L0:K16,otfs,time,0,16,12800.0,0.0,1664.0,14464.0,165248.0,184832.0,35848,1,5120,0.0,0.0,0.0,0.0,0,4096,16,15.0,8.440044807851876e-07,175608.0,0.0004898000042885,0.0003431303017957,0.0008329303060842,12296,128,qpsk,18,2,921.32970673084,high_sparse,42003,N128_qpsk_high_sparse_S18_42003_3eb1f2e0
21,otfs:dense:L128:K0,otfs,dense,128,0,2077184.0,0.0,0.0,24447061.33333333,408320.0,24860501.33333333,1073152,1,5120,0.0,0.0,0.0,0.0,0,4096,16,0.0,3.1008741208986683e-16,24860501.33333333,0.0072804000228643,0.0001928365515292,0.0074732365743936,786432,128,qpsk,18,2,921.32970673084,high_sparse,42003,N128_qpsk_high_sparse_S18_42003_3eb1f2e0
22,afdm:symbol:L4:K2,afdm,symbol,4,2,1828096.0,212992.0,3200.0,2044288.0,44304.0,2093712.0,570376,1,5120,0.1088398689532065,0.031982421875,0.033935546875,0.015736499954781,139,4096,16,2.0,0.1292146495018061,2093712.0,0.0040393999806838,0.0001117581403267,0.0041511581210105,22536,128,qpsk,18,2,921.32970673084,high_sparse,42003,N128_qpsk_high_sparse_S18_42003_3eb1f2e0
23,afdm:symbol:L4:K8,afdm,symbol,4,8,1828096.0,212992.0,3200.0,2044288.0,124224.0,2173632.0,570376,1,5120,0.1088398689532065,0.044677734375,0.043701171875,0.0193595972671865,179,4096,16,8.0,0.0051179637920842,2173632.0,0.003991199992015,0.0002018893926905,0.0041930893847055,22536,128,qpsk,18,2,921.32970673084,high_sparse,42003,N128_qpsk_high_sparse_S18_42003_3eb1f2e0
24,afdm:symbol:L8:K4,afdm,symbol,8,4,1828096.0,212992.0,6272.0,2047360.0,107808.0,2160288.0,590856,1,5120,0.0521785950986113,0.007080078125,0.007080078125,0.0059187529561546,29,4096,16,4.0,0.0410715738685087,2160288.0,0.0039702999929431,0.0001637018938598,0.004134001886803,43016,128,qpsk,18,2,921.32970673084,high_sparse,42003,N128_qpsk_high_sparse_S18_42003_3eb1f2e0
25,afdm:symbol:L8:K16,afdm,symbol,8,16,1828096.0,212992.0,6272.0,2047360.0,365952.0,2418432.0,590856,1,5120,0.0521785950986113,0.013427734375,0.0126953125,0.0099334537097711,52,4096,16,16.0,3.068150141829049e-05,2418432.0,0.0041561999823898,0.0006442331430552,0.004800433125445,43016,128,qpsk,18,2,921.32970673084,high_sparse,42003,N128_qpsk_high_sparse_S18_42003_3eb1f2e0
26,afdm:symbol:L16:K8,afdm,symbol,16,8,1828096.0,212992.0,12416.0,2053504.0,333120.0,2391744.0,631816,1,5120,0.0241426064877393,0.006591796875,0.00390625,0.0037737960276534,16,4096,16,8.0,0.0044578472886733,2391744.0,0.0041106999997282,0.0002429456433563,0.0043536456430846,83976,128,qpsk,18,2,921.32970673084,high_sparse,42003,N128_qpsk_high_sparse_S18_42003_3eb1f2e0
27,afdm:symbol:L32:K16,afdm,symbol,32,16,1828096.0,212992.0,24704.0,2065792.0,1176960.0,3247872.0,713736,1,5120,0.0089100042076578,0.000244140625,0.000732421875,0.0015746597164645,3,4096,16,16.0,2.4012612450424905e-05,3247872.0,0.0041675999964354,0.0005069831420659,0.0046745831385013,165896,128,qpsk,18,2,921.32970673084,high_sparse,42003,N128_qpsk_high_sparse_S18_42003_3eb1f2e0
28,afdm:time:L0:K2,afdm,time,0,2,25856.0,0.0,1664.0,27520.0,34064.0,66704.0,35848,1,5120,0.0,0.00244140625,0.004638671875,0.0043307730129069,19,4096,16,2.0,0.1011066832922024,66704.0,0.0005351999861886,0.0001135956424949,0.0006487956286836,12296,128,qpsk,18,2,921.32970673084,high_sparse,42003,N128_qpsk_high_sparse_S18_42003_3eb1f2e0
29,afdm:time:L0:K4,afdm,time,0,4,25856.0,0.0,1664.0,27520.0,52512.0,85152.0,35848,1,5120,0.0,0.0,0.0,0.0,0,4096,16,4.0,0.0189956320250794,85152.0,0.0004822999908355,0.0001391018911707,0.0006214018820063,12296,128,qpsk,18,2,921.32970673084,high_sparse,42003,N128_qpsk_high_sparse_S18_42003_3eb1f2e0
30,afdm:time:L0:K8,afdm,time,0,8,25856.0,0.0,1664.0,27520.0,89408.0,122048.0,35848,1,5120,0.0,0.0,0.000244140625,0.0009765625,1,4096,16,8.0,0.000500784885876,122048.0,0.000473599997349,0.0002053893920564,0.0006789893894055,12296,128,qpsk,18,2,921.32970673084,high_sparse,42003,N128_qpsk_high_sparse_S18_42003_3eb1f2e0
31,afdm:time:L0:K16,afdm,time,0,16,25856.0,0.0,1664.0,27520.0,163200.0,195840.0,35848,1,5120,0.0,0.0,0.000244140625,0.0009765625,1,4096,16,15.0,8.543283897683547e-07,186616.0,0.0004666000022552,0.0003138893933172,0.0007804893955725,12296,128,qpsk,18,2,921.32970673084,high_sparse,42003,N128_qpsk_high_sparse_S18_42003_3eb1f2e0
32,afdm:dense:L128:K0,afdm,dense,128,0,1828096.0,0.0,0.0,24197973.33333333,406272.0,24609365.33333333,1073152,1,5120,0.0,0.0,0.000244140625,0.0009765625,1,4096,16,0.0,5.082780277835444e-16,24609365.33333333,0.0039010999898891,0.000170383141074,0.0040714831309632,786432,128,qpsk,18,2,921.32970673084,high_sparse,42003,N128_qpsk_high_sparse_S18_42003_3eb1f2e0
0,ofdm:symbol:L4:K2,ofdm,symbol,4,2,1421824.0,212992.0,3200.0,1638016.0,41232.0,1684368.0,570376,1,5120,0.0221851997742317,0.00390625,0.006591796875,0.0056550754852158,27,4096,16,2.0,0.0172453351243879,1684368.0,0.0042771999869728,0.0001170217816858,0.0043942217686587,22536,128,qpsk,8,2,1042.8069868220514,high_sparse,42001,N128_qpsk_high_sparse_S8_42001_69aa61a3
1,ofdm:symbol:L4:K8,ofdm,symbol,4,8,1421824.0,212992.0,3200.0,1638016.0,121152.0,1764288.0,570376,1,5120,0.0221851997742317,0.00439453125,0.006591796875,0.0056550754852158,27,4096,16,7.0,3.299076292502608e-07,1750968.0,0.0040348999900743,0.000192940533149,0.0042278405232233,22536,128,qpsk,8,2,1042.8069868220514,high_sparse,42001,N128_qpsk_high_sparse_S8_42001_69aa61a3
2,ofdm:symbol:L8:K4,ofdm,symbol,8,4,1421824.0,212992.0,6272.0,1641088.0,104736.0,1750944.0,590856,1,5120,0.0109999978858573,0.003173828125,0.003173828125,0.0040891429029797,13,4096,16,4.0,8.113009571229776e-05,1750944.0,0.0041980999812949,0.0001726092793129,0.0043707092606079,43016,128,qpsk,8,2,1042.8069868220514,high_sparse,42001,N128_qpsk_high_sparse_S8_42001_69aa61a3
3,ofdm:symbol:L8:K16,ofdm,symbol,8,16,1421824.0,212992.0,6272.0,1641088.0,362880.0,2009088.0,590856,1,5120,0.0109999978858573,0.003173828125,0.003173828125,0.0040891429029797,13,4096,16,6.0,6.321364627237924e-07,1793968.0,0.0041333999979542,0.000352971775707,0.0044863717736613,43016,128,qpsk,8,2,1042.8069868220514,high_sparse,42001,N128_qpsk_high_sparse_S8_42001_69aa61a3
4,ofdm:symbol:L16:K8,ofdm,symbol,16,8,1421824.0,212992.0,12416.0,1647232.0,330048.0,1982400.0,631816,1,5120,0.0054377335397822,0.001953125,0.00244140625,0.0028077940954228,10,4096,16,6.0,2.38966795298634e-07,1906608.0,0.0043283999839331,0.0001975217862006,0.0045259217701338,83976,128,qpsk,8,2,1042.8069868220514,high_sparse,42001,N128_qpsk_high_sparse_S8_42001_69aa61a3
5,ofdm:symbol:L32:K16,ofdm,symbol,32,16,1421824.0,212992.0,24704.0,1659520.0,1173888.0,2838528.0,713736,1,5120,0.0026101950799536,0.00244140625,0.00244140625,0.0028077940954228,10,4096,16,5.0,6.698577174710416e-07,2061224.0,0.0041763999906834,0.000193009280944,0.0043694092716274,165896,128,qpsk,8,2,1042.8069868220514,high_sparse,42001,N128_qpsk_high_sparse_S8_42001_69aa61a3
6,ofdm:time:L0:K2,ofdm,time,0,2,12800.0,0.0,1664.0,14464.0,30992.0,50576.0,35848,1,5120,0.0,0.001953125,0.00146484375,0.001953125,6,4096,16,2.0,0.0001003580237588,50576.0,0.0007082999945851,0.0001946780290988,0.0009029780236839,12296,128,qpsk,8,2,1042.8069868220514,high_sparse,42001,N128_qpsk_high_sparse_S8_42001_69aa61a3
7,ofdm:time:L0:K4,ofdm,time,0,4,12800.0,0.0,1664.0,14464.0,49440.0,69024.0,35848,1,5120,0.0,0.001953125,0.00146484375,0.001953125,6,4096,16,3.0,8.66091197093862e-07,59800.0,0.000920499995118,0.00013340303182,0.001053903026938,12296,128,qpsk,8,2,1042.8069868220514,high_sparse,42001,N128_qpsk_high_sparse_S8_42001_69aa61a3
8,ofdm:time:L0:K8,ofdm,time,0,8,12800.0,0.0,1664.0,14464.0,86336.0,105920.0,35848,1,5120,0.0,0.001953125,0.00146484375,0.001953125,6,4096,16,3.0,8.66091197093862e-07,59800.0,0.0007123999821487,0.0001237905304757,0.0008361905126245,12296,128,qpsk,8,2,1042.8069868220514,high_sparse,42001,N128_qpsk_high_sparse_S8_42001_69aa61a3
9,ofdm:time:L0:K16,ofdm,time,0,16,12800.0,0.0,1664.0,14464.0,160128.0,179712.0,35848,1,5120,0.0,0.001953125,0.00146484375,0.001953125,6,4096,16,3.0,8.66091197093862e-07,59800.0,0.0007378999871434,0.0001434030288388,0.0008813030159823,12296,128,qpsk,8,2,1042.8069868220514,high_sparse,42001,N128_qpsk_high_sparse_S8_42001_69aa61a3
10,ofdm:dense:L128:K0,ofdm,dense,128,0,1421824.0,0.0,0.0,23791701.33333333,403200.0,24200021.33333333,1073152,1,5120,0.0,0.001953125,0.00146484375,0.001953125,6,4096,16,0.0,6.255160952863936e-16,24200021.33333333,0.0045907999883638,0.000242640530511,0.0048334405188749,786432,128,qpsk,8,2,1042.8069868220514,high_sparse,42001,N128_qpsk_high_sparse_S8_42001_69aa61a3
11,otfs:symbol:L4:K2,otfs,symbol,4,2,2077184.0,212992.0,3200.0,2293376.0,46352.0,2344848.0,570376,1,5120,0.0175604451713031,0.00390625,0.0048828125,0.0048370249013038,20,4096,16,2.0,0.0097125349220434,2344848.0,0.0082719000201905,0.0001528092789709,0.0084247092991614,22536,128,qpsk,8,2,1042.8069868220514,high_sparse,42001,N128_qpsk_high_sparse_S8_42001_69aa61a3
12,otfs:symbol:L4:K8,otfs,symbol,4,8,2077184.0,212992.0,3200.0,2293376.0,126272.0,2424768.0,570376,1,5120,0.0175604451713031,0.003662109375,0.005126953125,0.0054722366117663,21,4096,16,3.0,2.1325525233998986e-17,2358168.0,0.0080283000133931,0.000262221776266,0.0082905217896592,22536,128,qpsk,8,2,1042.8069868220514,high_sparse,42001,N128_qpsk_high_sparse_S8_42001_69aa61a3
13,otfs:symbol:L8:K4,otfs,symbol,8,4,2077184.0,212992.0,6272.0,2296448.0,109856.0,2411424.0,590856,1,5120,9.09348360391693e-05,0.000732421875,0.000732421875,0.0015746597164645,3,4096,16,1.0,3.5416296876429823e-16,2346888.0,0.0081945000274572,0.0003028342771909,0.0084973343046482,43016,128,qpsk,8,2,1042.8069868220514,high_sparse,42001,N128_qpsk_high_sparse_S8_42001_69aa61a3
14,otfs:symbol:L8:K16,otfs,symbol,8,16,2077184.0,212992.0,6272.0,2296448.0,368000.0,2669568.0,590856,1,5120,9.09348360391693e-05,0.000732421875,0.000732421875,0.0015746597164645,3,4096,16,1.0,3.5416296876429823e-16,2346888.0,0.0080843000177992,0.0002747842773356,0.0083590842951349,43016,128,qpsk,8,2,1042.8069868220514,high_sparse,42001,N128_qpsk_high_sparse_S8_42001_69aa61a3
15,otfs:symbol:L16:K8,otfs,symbol,16,8,2077184.0,212992.0,12416.0,2302592.0,335168.0,2642880.0,631816,1,5120,0.0,0.000732421875,0.000732421875,0.0015746597164645,3,4096,16,3.0,8.59949919449573e-07,2453400.0,0.0079749000142328,0.0001683405244517,0.0081432405386845,83976,128,qpsk,8,2,1042.8069868220514,high_sparse,42001,N128_qpsk_high_sparse_S8_42001_69aa61a3
16,otfs:symbol:L32:K16,otfs,symbol,32,16,2077184.0,212992.0,24704.0,2314880.0,1179008.0,3499008.0,713736,1,5120,0.0,0.000732421875,0.000732421875,0.0015746597164645,3,4096,16,3.0,8.599499194495739e-07,2580376.0,0.0081970000173896,0.0002557405296653,0.0084527405470549,165896,128,qpsk,8,2,1042.8069868220514,high_sparse,42001,N128_qpsk_high_sparse_S8_42001_69aa61a3
17,otfs:time:L0:K2,otfs,time,0,2,12800.0,0.0,1664.0,14464.0,36112.0,55696.0,35848,1,5120,0.0,0.000732421875,0.000732421875,0.0015746597164645,3,4096,16,2.0,9.957875722461068e-05,55696.0,0.0005015000206185,0.0001542905275169,0.0006557905481355,12296,128,qpsk,8,2,1042.8069868220514,high_sparse,42001,N128_qpsk_high_sparse_S8_42001_69aa61a3
18,otfs:time:L0:K4,otfs,time,0,4,12800.0,0.0,1664.0,14464.0,54560.0,74144.0,35848,1,5120,0.0,0.000732421875,0.000732421875,0.0015746597164645,3,4096,16,3.0,8.599499194495724e-07,64920.0,0.0007531000010203,0.0004565842783091,0.0012096842793294,12296,128,qpsk,8,2,1042.8069868220514,high_sparse,42001,N128_qpsk_high_sparse_S8_42001_69aa61a3
19,otfs:time:L0:K8,otfs,time,0,8,12800.0,0.0,1664.0,14464.0,91456.0,111040.0,35848,1,5120,0.0,0.000732421875,0.000732421875,0.0015746597164645,3,4096,16,3.0,8.599499194495724e-07,64920.0,0.0005909000174142,0.0002543905275712,0.0008452905449854,12296,128,qpsk,8,2,1042.8069868220514,high_sparse,42001,N128_qpsk_high_sparse_S8_42001_69aa61a3
20,otfs:time:L0:K16,otfs,time,0,16,12800.0,0.0,1664.0,14464.0,165248.0,184832.0,35848,1,5120,0.0,0.000732421875,0.000732421875,0.0015746597164645,3,4096,16,3.0,8.599499194495724e-07,64920.0,0.0005794000026071,0.0001627342763282,0.0007421342789353,12296,128,qpsk,8,2,1042.8069868220514,high_sparse,42001,N128_qpsk_high_sparse_S8_42001_69aa61a3
21,otfs:dense:L128:K0,otfs,dense,128,0,2077184.0,0.0,0.0,24447061.33333333,408320.0,24860501.33333333,1073152,1,5120,0.0,0.000732421875,0.000732421875,0.0015746597164645,3,4096,16,0.0,3.2897853173903824e-16,24860501.33333333,0.0076671000133501,0.0001859530330517,0.0078530530464018,786432,128,qpsk,8,2,1042.8069868220514,high_sparse,42001,N128_qpsk_high_sparse_S8_42001_69aa61a3
22,afdm:symbol:L4:K2,afdm,symbol,4,2,1828096.0,212992.0,3200.0,2044288.0,44304.0,2093712.0,570376,1,5120,0.0222747159673224,0.002197265625,0.00341796875,0.0037399496396731,14,4096,16,2.0,0.0166126210373835,2093712.0,0.004390100002638,0.0001107359844492,0.0045008359870872,22536,128,qpsk,8,2,1042.8069868220514,high_sparse,42001,N128_qpsk_high_sparse_S8_42001_69aa61a3
23,afdm:symbol:L4:K8,afdm,symbol,4,8,1828096.0,212992.0,3200.0,2044288.0,124224.0,2173632.0,570376,1,5120,0.0222747159673224,0.00244140625,0.004150390625,0.0046150543225123,17,4096,16,7.0,3.206529233149143e-07,2160312.0,0.0043470000091474,0.0001999109868076,0.004546910995955,22536,128,qpsk,8,2,1042.8069868220514,high_sparse,42001,N128_qpsk_high_sparse_S8_42001_69aa61a3
24,afdm:symbol:L8:K4,afdm,symbol,8,4,1828096.0,212992.0,6272.0,2047360.0,107808.0,2160288.0,590856,1,5120,0.0110905142252156,0.002197265625,0.002685546875,0.0042116911431343,11,4096,16,4.0,7.755581777686584e-05,2160288.0,0.0053877000173088,0.0002728984795932,0.005660598496902,43016,128,qpsk,8,2,1042.8069868220514,high_sparse,42001,N128_qpsk_high_sparse_S8_42001_69aa61a3
25,afdm:symbol:L8:K16,afdm,symbol,8,16,1828096.0,212992.0,6272.0,2047360.0,365952.0,2418432.0,590856,1,5120,0.0110905142252156,0.002197265625,0.002685546875,0.0042116911431343,11,4096,16,6.0,6.373392500294731e-07,2203312.0,0.0043892000103369,0.0002367672345964,0.0046259672449333,43016,128,qpsk,8,2,1042.8069868220514,high_sparse,42001,N128_qpsk_high_sparse_S8_42001_69aa61a3
26,afdm:symbol:L16:K8,afdm,symbol,16,8,1828096.0,212992.0,12416.0,2053504.0,333120.0,2391744.0,631816,1,5120,0.0055106256171219,0.001953125,0.001708984375,0.0034847457528834,7,4096,16,6.0,1.8846662830137905e-07,2315952.0,0.0044209000043338,0.0002017234860569,0.0046226234903907,83976,128,qpsk,8,2,1042.8069868220514,high_sparse,42001,N128_qpsk_high_sparse_S8_42001_69aa61a3
27,afdm:symbol:L32:K16,afdm,symbol,32,16,1828096.0,212992.0,24704.0,2065792.0,1176960.0,3247872.0,713736,1,5120,0.0025943974314079,0.002197265625,0.0009765625,0.0022552744890219,4,4096,16,5.0,3.69961067404082e-07,2470568.0,0.0044855000014649,0.0004543859881915,0.0049398859896565,165896,128,qpsk,8,2,1042.8069868220514,high_sparse,42001,N128_qpsk_high_sparse_S8_42001_69aa61a3
28,afdm:time:L0:K2,afdm,time,0,2,25856.0,0.0,1664.0,27520.0,34064.0,66704.0,35848,1,5120,0.0,0.002197265625,0.000732421875,0.0015746597164645,3,4096,16,2.0,0.0001018365766806,66704.0,0.0006041000015102,0.0001154984852429,0.0007195984867531,12296,128,qpsk,8,2,1042.8069868220514,high_sparse,42001,N128_qpsk_high_sparse_S8_42001_69aa61a3
29,afdm:time:L0:K4,afdm,time,0,4,25856.0,0.0,1664.0,27520.0,52512.0,85152.0,35848,1,5120,0.0,0.002197265625,0.000732421875,0.0015746597164645,3,4096,16,3.0,8.589171766862736e-07,75928.0,0.0004913999873679,0.0003061172324261,0.000797517219794,12296,128,qpsk,8,2,1042.8069868220514,high_sparse,42001,N128_qpsk_high_sparse_S8_42001_69aa61a3
30,afdm:time:L0:K8,afdm,time,0,8,25856.0,0.0,1664.0,27520.0,89408.0,122048.0,35848,1,5120,0.0,0.002197265625,0.000732421875,0.0015746597164645,3,4096,16,3.0,8.589171766862736e-07,75928.0,0.0005258000019239,0.0001349984836589,0.0006607984855828,12296,128,qpsk,8,2,1042.8069868220514,high_sparse,42001,N128_qpsk_high_sparse_S8_42001_69aa61a3
31,afdm:time:L0:K16,afdm,time,0,16,25856.0,0.0,1664.0,27520.0,163200.0,195840.0,35848,1,5120,0.0,0.002197265625,0.000732421875,0.0015746597164645,3,4096,16,3.0,8.589171766862736e-07,75928.0,0.0005051000043749,0.0002824547386946,0.0007875547430695,12296,128,qpsk,8,2,1042.8069868220514,high_sparse,42001,N128_qpsk_high_sparse_S8_42001_69aa61a3
32,afdm:dense:L128:K0,afdm,dense,128,0,1828096.0,0.0,0.0,24197973.33333333,406272.0,24609365.33333333,1073152,1,5120,0.0,0.002197265625,0.000732421875,0.0015746597164645,3,4096,16,0.0,6.006893612849592e-16,24609365.33333333,0.0051782000082312,0.0001796734891423,0.0053578734973736,786432,128,qpsk,8,2,1042.8069868220514,high_sparse,42001,N128_qpsk_high_sparse_S8_42001_69aa61a3
0,ofdm:symbol:L4:K2,ofdm,symbol,4,2,1421824.0,212992.0,3200.0,1638016.0,41232.0,1684368.0,570376,1,5120,0.1027516725819756,0.01513671875,0.015869140625,0.0090738019952905,65,4096,16,2.0,0.1092950681757151,1684368.0,0.0066884999978356,0.0001246178028326,0.0068131178006682,22536,128,qpsk,8,2,2110.965432432229,high_sparse,42002,N128_qpsk_high_sparse_S8_42002_9e683785
1,ofdm:symbol:L4:K8,ofdm,symbol,4,8,1421824.0,212992.0,3200.0,1638016.0,121152.0,1764288.0,570376,1,5120,0.1027516725819756,0.02294921875,0.02783203125,0.0117512569972588,114,4096,16,8.0,0.0018926926260758,1764288.0,0.0059901999920839,0.0002162490529757,0.0062064490450597,22536,128,qpsk,8,2,2110.965432432229,high_sparse,42002,N128_qpsk_high_sparse_S8_42002_9e683785
2,ofdm:symbol:L8:K4,ofdm,symbol,8,4,1421824.0,212992.0,6272.0,1641088.0,104736.0,1750944.0,590856,1,5120,0.0421049280393258,0.0048828125,0.00439453125,0.0047037478823407,18,4096,16,4.0,0.0268049965297911,1750944.0,0.006059199993615,0.0001558053029315,0.0062150052965466,43016,128,qpsk,8,2,2110.965432432229,high_sparse,42002,N128_qpsk_high_sparse_S8_42002_9e683785
3,ofdm:symbol:L8:K16,ofdm,symbol,8,16,1421824.0,212992.0,6272.0,1641088.0,362880.0,2009088.0,590856,1,5120,0.0421049280393258,0.0068359375,0.008056640625,0.0073383110954137,33,4096,16,16.0,4.541608093479278e-06,2009088.0,0.0060861999809276,0.0003600615520939,0.0064462615330216,43016,128,qpsk,8,2,2110.965432432229,high_sparse,42002,N128_qpsk_high_sparse_S8_42002_9e683785
4,ofdm:symbol:L16:K8,ofdm,symbol,16,8,1421824.0,212992.0,12416.0,1647232.0,330048.0,1982400.0,631816,1,5120,0.0186105751170817,0.001953125,0.000732421875,0.0021246313635521,3,4096,16,8.0,0.0005802679169506,1982400.0,0.0064465000032214,0.0003379553002036,0.006784455303425,83976,128,qpsk,8,2,2110.965432432229,high_sparse,42002,N128_qpsk_high_sparse_S8_42002_9e683785
5,ofdm:symbol:L32:K16,ofdm,symbol,32,16,1421824.0,212992.0,24704.0,1659520.0,1173888.0,2838528.0,713736,1,5120,0.0089083429271125,0.0,0.00048828125,0.0013342383809843,2,4096,16,13.0,3.292806705753596e-07,2626536.0,0.0061498999857576,0.0003990177985928,0.0065489177843505,165896,128,qpsk,8,2,2110.965432432229,high_sparse,42002,N128_qpsk_high_sparse_S8_42002_9e683785
6,ofdm:time:L0:K2,ofdm,time,0,2,12800.0,0.0,1664.0,14464.0,30992.0,50576.0,35848,1,5120,0.0,0.0,0.0,0.0,0,4096,16,2.0,0.0463986995475568,50576.0,0.0009159999899566,0.0001150365544548,0.0010310365444114,12296,128,qpsk,8,2,2110.965432432229,high_sparse,42002,N128_qpsk_high_sparse_S8_42002_9e683785
7,ofdm:time:L0:K4,ofdm,time,0,4,12800.0,0.0,1664.0,14464.0,49440.0,69024.0,35848,1,5120,0.0,0.0,0.0,0.0,0,4096,16,4.0,0.0018783598553913,69024.0,0.0009024999890243,0.0001471927982878,0.0010496927873122,12296,128,qpsk,8,2,2110.965432432229,high_sparse,42002,N128_qpsk_high_sparse_S8_42002_9e683785
8,ofdm:time:L0:K8,ofdm,time,0,8,12800.0,0.0,1664.0,14464.0,86336.0,105920.0,35848,1,5120,0.0,0.0,0.0,0.0,0,4096,16,8.0,2.842632071949385e-06,105920.0,0.0009205999958794,0.0002082240528056,0.001128824048685,12296,128,qpsk,8,2,2110.965432432229,high_sparse,42002,N128_qpsk_high_sparse_S8_42002_9e683785
9,ofdm:time:L0:K16,ofdm,time,0,16,12800.0,0.0,1664.0,14464.0,160128.0,179712.0,35848,1,5120,0.0,0.0,0.0,0.0,0,4096,16,9.0,5.733567959158283e-07,115144.0,0.0008987999899545,0.0002266615522261,0.0011254615421807,12296,128,qpsk,8,2,2110.965432432229,high_sparse,42002,N128_qpsk_high_sparse_S8_42002_9e683785
10,ofdm:dense:L128:K0,ofdm,dense,128,0,1421824.0,0.0,0.0,23791701.33333333,403200.0,24200021.33333333,1073152,1,5120,0.0,0.0,0.0,0.0,0,4096,16,0.0,6.476652999657738e-16,24200021.33333333,0.0060741999914171,0.0001674240540909,0.006241624045508,786432,128,qpsk,8,2,2110.965432432229,high_sparse,42002,N128_qpsk_high_sparse_S8_42002_9e683785
11,otfs:symbol:L4:K2,otfs,symbol,4,2,2077184.0,212992.0,3200.0,2293376.0,46352.0,2344848.0,570376,1,5120,0.0954169102234457,0.012939453125,0.013671875,0.0090210979560879,56,4096,16,2.0,0.1032076867397222,2344848.0,0.0079098000132944,0.0001473729168785,0.008057172930173,22536,128,qpsk,8,2,2110.965432432229,high_sparse,42002,N128_qpsk_high_sparse_S8_42002_9e683785
12,otfs:symbol:L4:K8,otfs,symbol,4,8,2077184.0,212992.0,3200.0,2293376.0,126272.0,2424768.0,570376,1,5120,0.0954169102234457,0.020751953125,0.021728515625,0.0110456658564452,89,4096,16,8.0,0.0005804759635999,2424768.0,0.007746400005999,0.0004432166631225,0.0081896166691215,22536,128,qpsk,8,2,2110.965432432229,high_sparse,42002,N128_qpsk_high_sparse_S8_42002_9e683785
13,otfs:symbol:L8:K4,otfs,symbol,8,4,2077184.0,212992.0,6272.0,2296448.0,109856.0,2411424.0,590856,1,5120,0.0182678027580477,0.0,0.0009765625,0.0017469281074217,4,4096,16,4.0,0.0042556896344066,2411424.0,0.0081600999983493,0.0001791354131703,0.0083392354115196,43016,128,qpsk,8,2,2110.965432432229,high_sparse,42002,N128_qpsk_high_sparse_S8_42002_9e683785
14,otfs:symbol:L8:K16,otfs,symbol,8,16,2077184.0,212992.0,6272.0,2296448.0,368000.0,2669568.0,590856,1,5120,0.0182678027580477,0.0,0.0009765625,0.0017469281074217,4,4096,16,10.625,5.087275664410665e-07,2553941.0,0.0080449000088265,0.0010128541687002,0.0090577541775267,43016,128,qpsk,8,2,2110.965432432229,high_sparse,42002,N128_qpsk_high_sparse_S8_42002_9e683785
15,otfs:symbol:L16:K8,otfs,symbol,16,8,2077184.0,212992.0,12416.0,2302592.0,335168.0,2642880.0,631816,1,5120,2.220446049250313e-16,0.0,0.000244140625,0.0009765625,1,4096,16,8.0,2.8930311805710663e-06,2642880.0,0.0088325000106124,0.0008477604112406,0.009680260421853,83976,128,qpsk,8,2,2110.965432432229,high_sparse,42002,N128_qpsk_high_sparse_S8_42002_9e683785
16,otfs:symbol:L32:K16,otfs,symbol,32,16,2077184.0,212992.0,24704.0,2314880.0,1179008.0,3499008.0,713736,1,5120,2.220446049250313e-16,0.0,0.000244140625,0.0009765625,1,4096,16,9.0,5.808949745575973e-07,3004360.0,0.0088394000194966,0.0007685979178197,0.0096079979373164,165896,128,qpsk,8,2,2110.965432432229,high_sparse,42002,N128_qpsk_high_sparse_S8_42002_9e683785
17,otfs:time:L0:K2,otfs,time,0,2,12800.0,0.0,1664.0,14464.0,36112.0,55696.0,35848,1,5120,0.0,0.0,0.00048828125,0.0013342383809843,2,4096,16,2.0,0.046138573320836,55696.0,0.000813399994513,0.0002112854105937,0.0010246854051067,12296,128,qpsk,8,2,2110.965432432229,high_sparse,42002,N128_qpsk_high_sparse_S8_42002_9e683785
18,otfs:time:L0:K4,otfs,time,0,4,12800.0,0.0,1664.0,14464.0,54560.0,74144.0,35848,1,5120,0.0,0.0,0.000244140625,0.0009765625,1,4096,16,4.0,0.0018606063244751,74144.0,0.0006665999972028,0.0001804791588504,0.0008470791560532,12296,128,qpsk,8,2,2110.965432432229,high_sparse,42002,N128_qpsk_high_sparse_S8_42002_9e683785
19,otfs:time:L0:K8,otfs,time,0,8,12800.0,0.0,1664.0,14464.0,91456.0,111040.0,35848,1,5120,0.0,0.0,0.000244140625,0.0009765625,1,4096,16,8.0,2.893031180571067e-06,111040.0,0.000683599995682,0.0002304666620396,0.0009140666577216,12296,128,qpsk,8,2,2110.965432432229,high_sparse,42002,N128_qpsk_high_sparse_S8_42002_9e683785
20,otfs:time:L0:K16,otfs,time,0,16,12800.0,0.0,1664.0,14464.0,165248.0,184832.0,35848,1,5120,0.0,0.0,0.000244140625,0.0009765625,1,4096,16,9.0,5.808949745575972e-07,120264.0,0.0006731999892508,0.0002809729137218,0.0009541729029727,12296,128,qpsk,8,2,2110.965432432229,high_sparse,42002,N128_qpsk_high_sparse_S8_42002_9e683785
21,otfs:dense:L128:K0,otfs,dense,128,0,2077184.0,0.0,0.0,24447061.33333333,408320.0,24860501.33333333,1073152,1,5120,0.0,0.0,0.000244140625,0.0009765625,1,4096,16,0.0,3.7060740835995837e-16,24860501.33333333,0.0078870000143069,0.0004398229145656,0.0083268229288726,786432,128,qpsk,8,2,2110.965432432229,high_sparse,42002,N128_qpsk_high_sparse_S8_42002_9e683785
22,afdm:symbol:L4:K2,afdm,symbol,4,2,1828096.0,212992.0,3200.0,2044288.0,44304.0,2093712.0,570376,1,5120,0.1052358740418185,0.012939453125,0.015380859375,0.0094041160283537,63,4096,16,2.0,0.1049549139405659,2093712.0,0.0046421000006375,0.0001352825770344,0.004777382577672,22536,128,qpsk,8,2,2110.965432432229,high_sparse,42002,N128_qpsk_high_sparse_S8_42002_9e683785
23,afdm:symbol:L4:K8,afdm,symbol,4,8,1828096.0,212992.0,3200.0,2044288.0,124224.0,2173632.0,570376,1,5120,0.1052358740418185,0.025146484375,0.025390625,0.0102856341969434,104,4096,16,8.0,0.0013901282031984,2173632.0,0.0045974000095156,0.0002242388286366,0.0048216388381523,22536,128,qpsk,8,2,2110.965432432229,high_sparse,42002,N128_qpsk_high_sparse_S8_42002_9e683785
24,afdm:symbol:L8:K4,afdm,symbol,8,4,1828096.0,212992.0,6272.0,2047360.0,107808.0,2160288.0,590856,1,5120,0.0466321337440329,0.00439453125,0.003173828125,0.0035569761405332,13,4096,16,4.0,0.0271258603821531,2160288.0,0.0046818999981042,0.0002546200762343,0.0049365200743385,43016,128,qpsk,8,2,2110.965432432229,high_sparse,42002,N128_qpsk_high_sparse_S8_42002_9e683785
25,afdm:symbol:L8:K16,afdm,symbol,8,16,1828096.0,212992.0,6272.0,2047360.0,365952.0,2418432.0,590856,1,5120,0.0466321337440329,0.006591796875,0.006591796875,0.003697205954297,27,4096,16,16.0,3.304443566700475e-06,2418432.0,0.004687599997851,0.0006492388279046,0.0053368388257557,43016,128,qpsk,8,2,2110.965432432229,high_sparse,42002,N128_qpsk_high_sparse_S8_42002_9e683785
26,afdm:symbol:L16:K8,afdm,symbol,16,8,1828096.0,212992.0,12416.0,2053504.0,333120.0,2391744.0,631816,1,5120,0.0188517406509831,0.001953125,0.00146484375,0.0024185124506519,6,4096,16,8.0,0.0009412022068318,2391744.0,0.0050085999973816,0.0004330075775986,0.0054416075749803,83976,128,qpsk,8,2,2110.965432432229,high_sparse,42002,N128_qpsk_high_sparse_S8_42002_9e683785
27,afdm:symbol:L32:K16,afdm,symbol,32,16,1828096.0,212992.0,24704.0,2065792.0,1176960.0,3247872.0,713736,1,5120,0.0088751361645258,0.000244140625,0.00048828125,0.0013342383809843,2,4096,16,13.0,4.076019105583157e-07,3035880.0,0.0052020000002812,0.0004063388309849,0.0056083388312661,165896,128,qpsk,8,2,2110.965432432229,high_sparse,42002,N128_qpsk_high_sparse_S8_42002_9e683785
28,afdm:time:L0:K2,afdm,time,0,2,25856.0,0.0,1664.0,27520.0,34064.0,66704.0,35848,1,5120,0.0,0.0,0.000244140625,0.0009765625,1,4096,16,2.0,0.0464564742255648,66704.0,0.0007089999999152,0.0001526950768355,0.0008616950767508,12296,128,qpsk,8,2,2110.965432432229,high_sparse,42002,N128_qpsk_high_sparse_S8_42002_9e683785
29,afdm:time:L0:K4,afdm,time,0,4,25856.0,0.0,1664.0,27520.0,52512.0,85152.0,35848,1,5120,0.0,0.0,0.000244140625,0.0009765625,1,4096,16,4.0,0.0018830399266776,85152.0,0.0007655000081285,0.0002566075768162,0.0010221075849447,12296,128,qpsk,8,2,2110.965432432229,high_sparse,42002,N128_qpsk_high_sparse_S8_42002_9e683785
30,afdm:time:L0:K8,afdm,time,0,8,25856.0,0.0,1664.0,27520.0,89408.0,122048.0,35848,1,5120,0.0,0.0,0.000244140625,0.0009765625,1,4096,16,8.0,2.9327804203360567e-06,122048.0,0.0007272000075317,0.000337176325488,0.0010643763330197,12296,128,qpsk,8,2,2110.965432432229,high_sparse,42002,N128_qpsk_high_sparse_S8_42002_9e683785
31,afdm:time:L0:K16,afdm,time,0,16,25856.0,0.0,1664.0,27520.0,163200.0,195840.0,35848,1,5120,0.0,0.0,0.000244140625,0.0009765625,1,4096,16,9.0,5.835896414654851e-07,131272.0,0.0006701999955112,0.0002359388249577,0.0009061388204689,12296,128,qpsk,8,2,2110.965432432229,high_sparse,42002,N128_qpsk_high_sparse_S8_42002_9e683785
32,afdm:dense:L128:K0,afdm,dense,128,0,1828096.0,0.0,0.0,24197973.33333333,406272.0,24609365.33333333,1073152,1,5120,0.0,0.0,0.000244140625,0.0009765625,1,4096,16,0.0,6.498199961555683e-16,24609365.33333333,0.0045397999929264,0.0001855013228895,0.0047253013158159,786432,128,qpsk,8,2,2110.965432432229,high_sparse,42002,N128_qpsk_high_sparse_S8_42002_9e683785
0,ofdm:symbol:L4:K2,ofdm,symbol,4,2,1421824.0,212992.0,3200.0,1638016.0,41232.0,1684368.0,570376,1,5120,0.1028063785702708,0.15576171875,0.155517578125,0.0268829759694245,637,4096,16,2.0,0.0683358859860801,1684368.0,0.0039051999920047,0.0001074024653875,0.0040126024573923,22536,128,qpsk,8,2,921.32970673084,high_sparse,42003,N128_qpsk_high_sparse_S8_42003_1d9e3ed6
1,ofdm:symbol:L4:K8,ofdm,symbol,4,8,1421824.0,212992.0,3200.0,1638016.0,121152.0,1764288.0,570376,1,5120,0.1028063785702708,0.15234375,0.151123046875,0.0226301371606571,619,4096,16,8.0,6.789605054328694e-05,1764288.0,0.0036688999825855,0.0002033462128978,0.0038722461954834,22536,128,qpsk,8,2,921.32970673084,high_sparse,42003,N128_qpsk_high_sparse_S8_42003_1d9e3ed6
2,ofdm:symbol:L8:K4,ofdm,symbol,8,4,1421824.0,212992.0,6272.0,1641088.0,104736.0,1750944.0,590856,1,5120,0.037834879978592,0.13623046875,0.14013671875,0.0186997481983659,574,4096,16,4.0,0.0052684698331289,1750944.0,0.0036633999843616,0.0001644962126606,0.0038278961970222,43016,128,qpsk,8,2,921.32970673084,high_sparse,42003,N128_qpsk_high_sparse_S8_42003_1d9e3ed6
3,ofdm:symbol:L8:K16,ofdm,symbol,8,16,1421824.0,212992.0,6272.0,1641088.0,362880.0,2009088.0,590856,1,5120,0.037834879978592,0.1357421875,0.137939453125,0.0196981798702779,565,4096,16,12.0,3.567493533376744e-07,1923040.0,0.0037382999871624,0.0002787712142393,0.0040170712014018,43016,128,qpsk,8,2,921.32970673084,high_sparse,42003,N128_qpsk_high_sparse_S8_42003_1d9e3ed6
4,ofdm:symbol:L16:K8,ofdm,symbol,16,8,1421824.0,212992.0,12416.0,1647232.0,330048.0,1982400.0,631816,1,5120,0.0178958463726118,0.132080078125,0.1376953125,0.0210358000278691,564,4096,16,8.0,3.434952135476602e-05,1982400.0,0.0037574999878415,0.0004615337134468,0.0042190337012884,83976,128,qpsk,8,2,921.32970673084,high_sparse,42003,N128_qpsk_high_sparse_S8_42003_1d9e3ed6
5,ofdm:symbol:L32:K16,ofdm,symbol,32,16,1421824.0,212992.0,24704.0,1659520.0,1173888.0,2838528.0,713736,1,5120,0.008566117223286,0.1318359375,0.13037109375,0.0207129497128557,534,4096,16,11.0,4.839041925381012e-07,2485208.0,0.0039841999969212,0.0003312212134419,0.0043154212103631,165896,128,qpsk,8,2,921.32970673084,high_sparse,42003,N128_qpsk_high_sparse_S8_42003_1d9e3ed6
6,ofdm:time:L0:K2,ofdm,time,0,2,12800.0,0.0,1664.0,14464.0,30992.0,50576.0,35848,1,5120,0.0,0.12744140625,0.130615234375,0.0228203802563755,535,4096,16,2.0,0.0515865609072551,50576.0,0.0005196999991312,0.0001750337092248,0.000694733708356,12296,128,qpsk,8,2,921.32970673084,high_sparse,42003,N128_qpsk_high_sparse_S8_42003_1d9e3ed6
7,ofdm:time:L0:K4,ofdm,time,0,4,12800.0,0.0,1664.0,14464.0,49440.0,69024.0,35848,1,5120,0.0,0.128662109375,0.130859375,0.0205712683938869,536,4096,16,4.0,0.002990891188386,69024.0,0.000666000007186,0.0001611462144368,0.0008271462216229,12296,128,qpsk,8,2,921.32970673084,high_sparse,42003,N128_qpsk_high_sparse_S8_42003_1d9e3ed6
8,ofdm:time:L0:K8,ofdm,time,0,8,12800.0,0.0,1664.0,14464.0,86336.0,105920.0,35848,1,5120,0.0,0.128662109375,0.13037109375,0.0194464304076341,534,4096,16,8.0,9.326672862634462e-06,105920.0,0.0004924999957438,0.00020428371367,0.0006967837094138,12296,128,qpsk,8,2,921.32970673084,high_sparse,42003,N128_qpsk_high_sparse_S8_42003_1d9e3ed6
9,ofdm:time:L0:K16,ofdm,time,0,16,12800.0,0.0,1664.0,14464.0,160128.0,179712.0,35848,1,5120,0.0,0.128662109375,0.13037109375,0.0194464304076341,534,4096,16,10.0,5.114818630826044e-07,124368.0,0.000484400006826,0.0002336774637528,0.0007180774705788,12296,128,qpsk,8,2,921.32970673084,high_sparse,42003,N128_qpsk_high_sparse_S8_42003_1d9e3ed6
10,ofdm:dense:L128:K0,ofdm,dense,128,0,1421824.0,0.0,0.0,23791701.33333333,403200.0,24200021.33333333,1073152,1,5120,0.0,0.128662109375,0.13037109375,0.0194464304076341,534,4096,16,0.0,4.219069677771371e-16,24200021.33333333,0.003648099998827,0.0001540274611629,0.00380212745999,786432,128,qpsk,8,2,921.32970673084,high_sparse,42003,N128_qpsk_high_sparse_S8_42003_1d9e3ed6
11,otfs:symbol:L4:K2,otfs,symbol,4,2,2077184.0,212992.0,3200.0,2293376.0,46352.0,2344848.0,570376,1,5120,0.0979237722604279,0.158203125,0.1630859375,0.0190032806241229,668,4096,16,2.0,0.0622803519824911,2344848.0,0.0083572000003186,0.0001451965870067,0.0085023965873254,22536,128,qpsk,8,2,921.32970673084,high_sparse,42003,N128_qpsk_high_sparse_S8_42003_1d9e3ed6
12,otfs:symbol:L4:K8,otfs,symbol,4,8,2077184.0,212992.0,3200.0,2293376.0,126272.0,2424768.0,570376,1,5120,0.0979237722604279,0.15771484375,0.1591796875,0.0193743699494331,652,4096,16,8.0,4.2717463731947175e-05,2424768.0,0.0080670000024838,0.0002492528417199,0.0083162528442037,22536,128,qpsk,8,2,921.32970673084,high_sparse,42003,N128_qpsk_high_sparse_S8_42003_1d9e3ed6
13,otfs:symbol:L8:K4,otfs,symbol,8,4,2077184.0,212992.0,6272.0,2296448.0,109856.0,2411424.0,590856,1,5120,0.0238092143103118,0.136474609375,0.137451171875,0.0142077817986947,563,4096,16,4.0,0.0032481417600445,2411424.0,0.0080389999930048,0.0001920590882284,0.0082310590812333,43016,128,qpsk,8,2,921.32970673084,high_sparse,42003,N128_qpsk_high_sparse_S8_42003_1d9e3ed6
14,otfs:symbol:L8:K16,otfs,symbol,8,16,2077184.0,212992.0,6272.0,2296448.0,368000.0,2669568.0,590856,1,5120,0.0238092143103118,0.13671875,0.137939453125,0.0138818511086174,565,4096,16,10.0,6.324016335256076e-07,2540496.0,0.0080965000088326,0.0003450278379453,0.0084415278467779,43016,128,qpsk,8,2,921.32970673084,high_sparse,42003,N128_qpsk_high_sparse_S8_42003_1d9e3ed6
15,otfs:symbol:L16:K8,otfs,symbol,16,8,2077184.0,212992.0,12416.0,2302592.0,335168.0,2642880.0,631816,1,5120,0.0,0.12939453125,0.135009765625,0.0125947539857767,553,4096,16,8.0,9.51311949151902e-06,2642880.0,0.0087344000057782,0.0002660590896332,0.0090004590954115,83976,128,qpsk,8,2,921.32970673084,high_sparse,42003,N128_qpsk_high_sparse_S8_42003_1d9e3ed6
16,otfs:symbol:L32:K16,otfs,symbol,32,16,2077184.0,212992.0,24704.0,2314880.0,1179008.0,3499008.0,713736,1,5120,0.0,0.12939453125,0.135009765625,0.0125947539857767,553,4096,16,10.0,5.160261917944498e-07,3075024.0,0.0081728999939514,0.0003441465866919,0.0085170465806434,165896,128,qpsk,8,2,921.32970673084,high_sparse,42003,N128_qpsk_high_sparse_S8_42003_1d9e3ed6
17,otfs:time:L0:K2,otfs,time,0,2,12800.0,0.0,1664.0,14464.0,36112.0,55696.0,35848,1,5120,0.0,0.131591796875,0.1357421875,0.0151959317300991,556,4096,16,2.0,0.0517917556221097,55696.0,0.0005489999894052,0.0001418090930449,0.0006908090824502,12296,128,qpsk,8,2,921.32970673084,high_sparse,42003,N128_qpsk_high_sparse_S8_42003_1d9e3ed6
18,otfs:time:L0:K4,otfs,time,0,4,12800.0,0.0,1664.0,14464.0,54560.0,74144.0,35848,1,5120,0.0,0.12939453125,0.134765625,0.0128372474415273,552,4096,16,4.0,0.0030262426512183,74144.0,0.0005246999935479,0.0001756028447992,0.0007003028383471,12296,128,qpsk,8,2,921.32970673084,high_sparse,42003,N128_qpsk_high_sparse_S8_42003_1d9e3ed6
19,otfs:time:L0:K8,otfs,time,0,8,12800.0,0.0,1664.0,14464.0,91456.0,111040.0,35848,1,5120,0.0,0.12939453125,0.135009765625,0.0125947539857767,553,4096,16,8.0,9.513119491519027e-06,111040.0,0.0012040999863529,0.0002737278416382,0.0014778278279911,12296,128,qpsk,8,2,921.32970673084,high_sparse,42003,N128_qpsk_high_sparse_S8_42003_1d9e3ed6
20,otfs:time:L0:K16,otfs,time,0,16,12800.0,0.0,1664.0,14464.0,165248.0,184832.0,35848,1,5120,0.0,0.12939453125,0.135009765625,0.0125947539857767,553,4096,16,10.0,5.160261917944505e-07,129488.0,0.0005959999834885,0.0003241965884874,0.000920196571976,12296,128,qpsk,8,2,921.32970673084,high_sparse,42003,N128_qpsk_high_sparse_S8_42003_1d9e3ed6
21,otfs:dense:L128:K0,otfs,dense,128,0,2077184.0,0.0,0.0,24447061.33333333,408320.0,24860501.33333333,1073152,1,5120,0.0,0.12939453125,0.135009765625,0.0125947539857767,553,4096,16,0.0,2.39286008732971e-16,24860501.33333333,0.007917399998405,0.0001986403410476,0.0081160403394526,786432,128,qpsk,8,2,921.32970673084,high_sparse,42003,N128_qpsk_high_sparse_S8_42003_1d9e3ed6
22,afdm:symbol:L4:K2,afdm,symbol,4,2,1828096.0,212992.0,3200.0,2044288.0,44304.0,2093712.0,570376,1,5120,0.1088398689532065,0.15966796875,0.160400390625,0.0259687292387351,657,4096,16,2.0,0.060998373827308,2093712.0,0.0042730000131996,0.0001169742439411,0.0043899742571408,22536,128,qpsk,8,2,921.32970673084,high_sparse,42003,N128_qpsk_high_sparse_S8_42003_1d9e3ed6
23,afdm:symbol:L4:K8,afdm,symbol,4,8,1828096.0,212992.0,3200.0,2044288.0,124224.0,2173632.0,570376,1,5120,0.1088398689532065,0.162109375,0.15576171875,0.0254706271675294,638,4096,16,8.0,4.0389653732180296e-05,2173632.0,0.0039952999941306,0.0002155179948782,0.0042108179890088,22536,128,qpsk,8,2,921.32970673084,high_sparse,42003,N128_qpsk_high_sparse_S8_42003_1d9e3ed6
24,afdm:symbol:L8:K4,afdm,symbol,8,4,1828096.0,212992.0,6272.0,2047360.0,107808.0,2160288.0,590856,1,5120,0.0521785950986113,0.13720703125,0.141357421875,0.0198781050010052,579,4096,16,4.0,0.0058870135310365,2160288.0,0.0039612000109627,0.0001495304980959,0.0041107305090587,43016,128,qpsk,8,2,921.32970673084,high_sparse,42003,N128_qpsk_high_sparse_S8_42003_1d9e3ed6
25,afdm:symbol:L8:K16,afdm,symbol,8,16,1828096.0,212992.0,6272.0,2047360.0,365952.0,2418432.0,590856,1,5120,0.0521785950986113,0.13671875,0.140869140625,0.0198396869815211,577,4096,16,12.0,3.82552923078456e-07,2332384.0,0.0039501999999629,0.0002801429994757,0.0042303429994386,43016,128,qpsk,8,2,921.32970673084,high_sparse,42003,N128_qpsk_high_sparse_S8_42003_1d9e3ed6
26,afdm:symbol:L16:K8,afdm,symbol,16,8,1828096.0,212992.0,12416.0,2053504.0,333120.0,2391744.0,631816,1,5120,0.0241426064877393,0.131591796875,0.1328125,0.0201212955959186,544,4096,16,8.0,3.871707284353911e-05,2391744.0,0.0039964000025065,0.0005132179934331,0.0045096179959397,83976,128,qpsk,8,2,921.32970673084,high_sparse,42003,N128_qpsk_high_sparse_S8_42003_1d9e3ed6
27,afdm:symbol:L32:K16,afdm,symbol,32,16,1828096.0,212992.0,24704.0,2065792.0,1176960.0,3247872.0,713736,1,5120,0.0089100042076578,0.127685546875,0.130859375,0.0197642353760523,536,4096,16,11.0,8.007674575254448e-07,2894552.0,0.0041713000100571,0.0005594617481289,0.004730761758186,165896,128,qpsk,8,2,921.32970673084,high_sparse,42003,N128_qpsk_high_sparse_S8_42003_1d9e3ed6
28,afdm:time:L0:K2,afdm,time,0,2,25856.0,0.0,1664.0,27520.0,34064.0,66704.0,35848,1,5120,0.0,0.131103515625,0.130859375,0.0193480996052153,536,4096,16,2.0,0.0506281877895261,66704.0,0.000516800006153,0.0001112804933324,0.0006280804994854,12296,128,qpsk,8,2,921.32970673084,high_sparse,42003,N128_qpsk_high_sparse_S8_42003_1d9e3ed6
29,afdm:time:L0:K4,afdm,time,0,4,25856.0,0.0,1664.0,27520.0,52512.0,85152.0,35848,1,5120,0.0,0.1259765625,0.12841796875,0.0213418568431995,526,4096,16,4.0,0.0030517346452553,85152.0,0.0004619999963324,0.0001416304979681,0.0006036304943005,12296,128,qpsk,8,2,921.32970673084,high_sparse,42003,N128_qpsk_high_sparse_S8_42003_1d9e3ed6
30,afdm:time:L0:K8,afdm,time,0,8,25856.0,0.0,1664.0,27520.0,89408.0,122048.0,35848,1,5120,0.0,0.12548828125,0.129638671875,0.0214532800545197,531,4096,16,8.0,9.346890128237e-06,122048.0,0.0004580000095302,0.0002486742454162,0.0007066742549465,12296,128,qpsk,8,2,921.32970673084,high_sparse,42003,N128_qpsk_high_sparse_S8_42003_1d9e3ed6
31,afdm:time:L0:K16,afdm,time,0,16,25856.0,0.0,1664.0,27520.0,163200.0,195840.0,35848,1,5120,0.0,0.12548828125,0.129638671875,0.0214532800545197,531,4096,16,10.0,5.141924875838189e-07,140496.0,0.0004842000053031,0.0002721429958579,0.0007563430011611,12296,128,qpsk,8,2,921.32970673084,high_sparse,42003,N128_qpsk_high_sparse_S8_42003_1d9e3ed6
32,afdm:dense:L128:K0,afdm,dense,128,0,1828096.0,0.0,0.0,24197973.33333333,406272.0,24609365.33333333,1073152,1,5120,0.0,0.12548828125,0.129638671875,0.0214532800545197,531,4096,16,0.0,3.537083173234718e-16,24609365.33333333,0.0037698000087402,0.0003221804930614,0.0040919805018016,786432,128,qpsk,8,2,921.32970673084,high_sparse,42003,N128_qpsk_high_sparse_S8_42003_1d9e3ed6
0,ofdm:symbol:L4:K2,ofdm,symbol,4,2,1421824.0,212992.0,3200.0,1638016.0,41232.0,1684368.0,570376,1,5120,1.074977540138633e-05,0.0,0.0,0.0,0,4096,16,2.0,2.0241820969571413e-05,1684368.0,0.0038746999925933,0.000110247160013,0.0039849471526064,22536,128,qpsk,18,2,3.4646744738732576,low_sparse,42001,N128_qpsk_low_sparse_S18_42001_33f3a188
1,ofdm:symbol:L4:K8,ofdm,symbol,4,8,1421824.0,212992.0,3200.0,1638016.0,121152.0,1764288.0,570376,1,5120,1.074977540138633e-05,0.0,0.0,0.0,0,4096,16,3.0,5.7057670330416456e-08,1697688.0,0.003979100001743,0.0001522221558513,0.0041313221575943,22536,128,qpsk,18,2,3.4646744738732576,low_sparse,42001,N128_qpsk_low_sparse_S18_42001_33f3a188
2,ofdm:symbol:L8:K4,ofdm,symbol,8,4,1421824.0,212992.0,6272.0,1641088.0,104736.0,1750944.0,590856,1,5120,5.601851673753266e-06,0.0,0.0,0.0,0,4096,16,3.0,5.988387143007606e-08,1729432.0,0.0038675999967381,0.000130328407398,0.0039979284041361,43016,128,qpsk,18,2,3.4646744738732576,low_sparse,42001,N128_qpsk_low_sparse_S18_42001_33f3a188
3,ofdm:symbol:L8:K16,ofdm,symbol,8,16,1421824.0,212992.0,6272.0,1641088.0,362880.0,2009088.0,590856,1,5120,5.601851673753266e-06,0.0,0.0,0.0,0,4096,16,3.0,5.988387143007606e-08,1729432.0,0.0038425999955506,0.0001328409101585,0.0039754409057092,43016,128,qpsk,18,2,3.4646744738732576,low_sparse,42001,N128_qpsk_low_sparse_S18_42001_33f3a188
4,ofdm:symbol:L16:K8,ofdm,symbol,16,8,1421824.0,212992.0,12416.0,1647232.0,330048.0,1982400.0,631816,1,5120,2.660400235776628e-06,0.0,0.0,0.0,0,4096,16,3.0,1.41870333754379e-07,1792920.0,0.0038693999958923,0.0001326784098306,0.0040020784057229,83976,128,qpsk,18,2,3.4646744738732576,low_sparse,42001,N128_qpsk_low_sparse_S18_42001_33f3a188
5,ofdm:symbol:L32:K16,ofdm,symbol,32,16,1421824.0,212992.0,24704.0,1659520.0,1173888.0,2838528.0,713736,1,5120,1.261907859984035e-06,0.0,0.0,0.0,0,4096,16,3.0,1.2194329375679133e-07,1919896.0,0.0038022999942768,0.0001571846581679,0.0039594846524447,165896,128,qpsk,18,2,3.4646744738732576,low_sparse,42001,N128_qpsk_low_sparse_S18_42001_33f3a188
6,ofdm:time:L0:K2,ofdm,time,0,2,12800.0,0.0,1664.0,14464.0,30992.0,50576.0,35848,1,5120,0.0,0.0,0.0,0.0,0,4096,16,2.0,0.0374173874170494,50576.0,0.000498699984746,0.0001030096549253,0.0006017096396714,12296,128,qpsk,18,2,3.4646744738732576,low_sparse,42001,N128_qpsk_low_sparse_S18_42001_33f3a188
7,ofdm:time:L0:K4,ofdm,time,0,4,12800.0,0.0,1664.0,14464.0,49440.0,69024.0,35848,1,5120,0.0,0.0,0.0,0.0,0,4096,16,4.0,0.0011347789866602,69024.0,0.0004691999783972,0.0001651909100143,0.0006343908884115,12296,128,qpsk,18,2,3.4646744738732576,low_sparse,42001,N128_qpsk_low_sparse_S18_42001_33f3a188
8,ofdm:time:L0:K8,ofdm,time,0,8,12800.0,0.0,1664.0,14464.0,86336.0,105920.0,35848,1,5120,0.0,0.0,0.0,0.0,0,4096,16,8.0,1.0255609803549982e-06,105920.0,0.0007716999825788,0.0002432534041541,0.001014953386733,12296,128,qpsk,18,2,3.4646744738732576,low_sparse,42001,N128_qpsk_low_sparse_S18_42001_33f3a188
9,ofdm:time:L0:K16,ofdm,time,0,16,12800.0,0.0,1664.0,14464.0,160128.0,179712.0,35848,1,5120,0.0,0.0,0.0,0.0,0,4096,16,9.0,1.7768188014124847e-07,115144.0,0.0004885999951511,0.0002100471568734,0.0006986471520246,12296,128,qpsk,18,2,3.4646744738732576,low_sparse,42001,N128_qpsk_low_sparse_S18_42001_33f3a188
10,ofdm:dense:L128:K0,ofdm,dense,128,0,1421824.0,0.0,0.0,23791701.33333333,403200.0,24200021.33333333,1073152,1,5120,0.0,0.0,0.0,0.0,0,4096,16,0.0,6.350737164014256e-16,24200021.33333333,0.0038160999974934,0.000242697159923,0.0040587971574165,786432,128,qpsk,18,2,3.4646744738732576,low_sparse,42001,N128_qpsk_low_sparse_S18_42001_33f3a188
11,otfs:symbol:L4:K2,otfs,symbol,4,2,2077184.0,212992.0,3200.0,2293376.0,46352.0,2344848.0,570376,1,5120,1.6006220040942765e-05,0.0,0.0,0.0,0,4096,16,2.0,0.0365667523935786,2344848.0,0.0129680000100051,0.0001743162825512,0.0131423162925564,22536,128,qpsk,18,2,3.4646744738732576,low_sparse,42001,N128_qpsk_low_sparse_S18_42001_33f3a188
12,otfs:symbol:L4:K8,otfs,symbol,4,8,2077184.0,212992.0,3200.0,2293376.0,126272.0,2424768.0,570376,1,5120,1.6006220040942765e-05,0.0,0.0,0.0,0,4096,16,8.0,1.0106083989649017e-06,2424768.0,0.0121384000085527,0.0002627100362367,0.0124011100447894,22536,128,qpsk,18,2,3.4646744738732576,low_sparse,42001,N128_qpsk_low_sparse_S18_42001_33f3a188
13,otfs:symbol:L8:K4,otfs,symbol,8,4,2077184.0,212992.0,6272.0,2296448.0,109856.0,2411424.0,590856,1,5120,6.203666125359497e-06,0.0,0.0,0.0,0,4096,16,4.0,0.0011123567931672,2411424.0,0.0121962999983225,0.0002127350367807,0.0124090350351032,43016,128,qpsk,18,2,3.4646744738732576,low_sparse,42001,N128_qpsk_low_sparse_S18_42001_33f3a188
14,otfs:symbol:L8:K16,otfs,symbol,8,16,2077184.0,212992.0,6272.0,2296448.0,368000.0,2669568.0,590856,1,5120,6.203666125359497e-06,0.0,0.0,0.0,0,4096,16,8.625,4.7461008686936283e-07,2510917.0,0.0124153999931877,0.0002690850365759,0.0126844850297636,43016,128,qpsk,18,2,3.4646744738732576,low_sparse,42001,N128_qpsk_low_sparse_S18_42001_33f3a188
15,otfs:symbol:L16:K8,otfs,symbol,16,8,2077184.0,212992.0,12416.0,2302592.0,335168.0,2642880.0,631816,1,5120,0.0,0.0,0.0,0.0,0,4096,16,8.0,1.0109804283149094e-06,2642880.0,0.0122240000055171,0.0004092787845145,0.0126332787900316,83976,128,qpsk,18,2,3.4646744738732576,low_sparse,42001,N128_qpsk_low_sparse_S18_42001_33f3a188
16,otfs:symbol:L32:K16,otfs,symbol,32,16,2077184.0,212992.0,24704.0,2314880.0,1179008.0,3499008.0,713736,1,5120,0.0,0.0,0.0,0.0,0,4096,16,8.625,4.7486422017196877e-07,2977861.0,0.0123996999900555,0.0003490412842218,0.0127487412742773,165896,128,qpsk,18,2,3.4646744738732576,low_sparse,42001,N128_qpsk_low_sparse_S18_42001_33f3a188
17,otfs:time:L0:K2,otfs,time,0,2,12800.0,0.0,1664.0,14464.0,36112.0,55696.0,35848,1,5120,0.0,0.0,0.0,0.0,0,4096,16,2.0,0.0365555084404941,55696.0,0.0006714000046486,0.0001504787883966,0.0008218787930452,12296,128,qpsk,18,2,3.4646744738732576,low_sparse,42001,N128_qpsk_low_sparse_S18_42001_33f3a188
18,otfs:time:L0:K4,otfs,time,0,4,12800.0,0.0,1664.0,14464.0,54560.0,74144.0,35848,1,5120,0.0,0.0,0.0,0.0,0,4096,16,4.0,0.0011131098110594,74144.0,0.0006297000072663,0.0001842600345987,0.0008139600418651,12296,128,qpsk,18,2,3.4646744738732576,low_sparse,42001,N128_qpsk_low_sparse_S18_42001_33f3a188
19,otfs:time:L0:K8,otfs,time,0,8,12800.0,0.0,1664.0,14464.0,91456.0,111040.0,35848,1,5120,0.0,0.0,0.0,0.0,0,4096,16,8.0,1.0109804283149094e-06,111040.0,0.0006162000063341,0.0002388850367203,0.0008550850430544,12296,128,qpsk,18,2,3.4646744738732576,low_sparse,42001,N128_qpsk_low_sparse_S18_42001_33f3a188
20,otfs:time:L0:K16,otfs,time,0,16,12800.0,0.0,1664.0,14464.0,165248.0,184832.0,35848,1,5120,0.0,0.0,0.0,0.0,0,4096,16,8.625,4.7486422017196877e-07,116805.0,0.0006364000000758,0.0002586600354113,0.0008950600354871,12296,128,qpsk,18,2,3.4646744738732576,low_sparse,42001,N128_qpsk_low_sparse_S18_42001_33f3a188
21,otfs:dense:L128:K0,otfs,dense,128,0,2077184.0,0.0,0.0,24447061.33333333,408320.0,24860501.33333333,1073152,1,5120,0.0,0.0,0.0,0.0,0,4096,16,0.0,3.541577775941974e-16,24860501.33333333,0.0119100000010803,0.0002006475375089,0.0121106475385893,786432,128,qpsk,18,2,3.4646744738732576,low_sparse,42001,N128_qpsk_low_sparse_S18_42001_33f3a188
22,afdm:symbol:L4:K2,afdm,symbol,4,2,1828096.0,212992.0,3200.0,2044288.0,44304.0,2093712.0,570376,1,5120,1.756364054716908e-05,0.0,0.0,0.0,0,4096,16,2.0,0.0369353703372764,2093712.0,0.0045110999926691,0.0001363003769559,0.0046474003696251,22536,128,qpsk,18,2,3.4646744738732576,low_sparse,42001,N128_qpsk_low_sparse_S18_42001_33f3a188
23,afdm:symbol:L4:K8,afdm,symbol,4,8,1828096.0,212992.0,3200.0,2044288.0,124224.0,2173632.0,570376,1,5120,1.756364054716908e-05,0.0,0.0,0.0,0,4096,16,8.0,9.798287392138922e-07,2173632.0,0.0044654999946942,0.0002258503785318,0.004691350373226,22536,128,qpsk,18,2,3.4646744738732576,low_sparse,42001,N128_qpsk_low_sparse_S18_42001_33f3a188
24,afdm:symbol:L8:K4,afdm,symbol,8,4,1828096.0,212992.0,6272.0,2047360.0,107808.0,2160288.0,590856,1,5120,9.420667770876356e-06,0.0,0.0,0.0,0,4096,16,4.0,0.0011285729048308,2160288.0,0.0044710999936796,0.0001643128756162,0.0046354128692958,43016,128,qpsk,18,2,3.4646744738732576,low_sparse,42001,N128_qpsk_low_sparse_S18_42001_33f3a188
25,afdm:symbol:L8:K16,afdm,symbol,8,16,1828096.0,212992.0,6272.0,2047360.0,365952.0,2418432.0,590856,1,5120,9.420667770876356e-06,0.0,0.0,0.0,0,4096,16,8.125,8.709367429771938e-07,2249025.0,0.0044113999902037,0.0002646378801121,0.0046760378703159,43016,128,qpsk,18,2,3.4646744738732576,low_sparse,42001,N128_qpsk_low_sparse_S18_42001_33f3a188
26,afdm:symbol:L16:K8,afdm,symbol,16,8,1828096.0,212992.0,12416.0,2053504.0,333120.0,2391744.0,631816,1,5120,4.070267385136717e-06,0.0,0.0,0.0,0,4096,16,8.0,9.814676700919777e-07,2391744.0,0.0046848999918438,0.000237494130791,0.0049223941226349,83976,128,qpsk,18,2,3.4646744738732576,low_sparse,42001,N128_qpsk_low_sparse_S18_42001_33f3a188
27,afdm:symbol:L32:K16,afdm,symbol,32,16,1828096.0,212992.0,24704.0,2065792.0,1176960.0,3247872.0,713736,1,5120,1.4049987075992476e-06,0.0,0.0,0.0,0,4096,16,8.125,8.717293070108204e-07,2691393.0,0.0045879999961471,0.0002741003775857,0.0048621003737328,165896,128,qpsk,18,2,3.4646744738732576,low_sparse,42001,N128_qpsk_low_sparse_S18_42001_33f3a188
28,afdm:time:L0:K2,afdm,time,0,2,25856.0,0.0,1664.0,27520.0,34064.0,66704.0,35848,1,5120,0.0,0.0,0.0,0.0,0,4096,16,2.0,0.0369418881627112,66704.0,0.0004755999980261,0.0001140316301947,0.0005896316282208,12296,128,qpsk,18,2,3.4646744738732576,low_sparse,42001,N128_qpsk_low_sparse_S18_42001_33f3a188
29,afdm:time:L0:K4,afdm,time,0,4,25856.0,0.0,1664.0,27520.0,52512.0,85152.0,35848,1,5120,0.0,0.0,0.0,0.0,0,4096,16,4.0,0.0011285981697128,85152.0,0.0004592000041157,0.0002108691290535,0.0006700691331692,12296,128,qpsk,18,2,3.4646744738732576,low_sparse,42001,N128_qpsk_low_sparse_S18_42001_33f3a188
30,afdm:time:L0:K8,afdm,time,0,8,25856.0,0.0,1664.0,27520.0,89408.0,122048.0,35848,1,5120,0.0,0.0,0.0,0.0,0,4096,16,8.0,9.800388257221183e-07,122048.0,0.0005313000001478,0.0002935753758113,0.0008248753759592,12296,128,qpsk,18,2,3.4646744738732576,low_sparse,42001,N128_qpsk_low_sparse_S18_42001_33f3a188
31,afdm:time:L0:K16,afdm,time,0,16,25856.0,0.0,1664.0,27520.0,163200.0,195840.0,35848,1,5120,0.0,0.0,0.0,0.0,0,4096,16,8.125,8.699964238883831e-07,123201.0,0.0005844999977853,0.0002172566240309,0.0008017566218162,12296,128,qpsk,18,2,3.4646744738732576,low_sparse,42001,N128_qpsk_low_sparse_S18_42001_33f3a188
32,afdm:dense:L128:K0,afdm,dense,128,0,1828096.0,0.0,0.0,24197973.33333333,406272.0,24609365.33333333,1073152,1,5120,0.0,0.0,0.0,0.0,0,4096,16,0.0,7.034975151583767e-16,24609365.33333333,0.004259599983925,0.0001646316253148,0.0044242316092398,786432,128,qpsk,18,2,3.4646744738732576,low_sparse,42001,N128_qpsk_low_sparse_S18_42001_33f3a188
0,ofdm:symbol:L4:K2,ofdm,symbol,4,2,1421824.0,212992.0,3200.0,1638016.0,41232.0,1684368.0,570376,1,5120,5.095368540752876e-05,0.053955078125,0.05859375,0.0166340827319492,240,4096,16,2.0,0.0003942056675304,1684368.0,0.0052399999985937,0.0001071331438321,0.0053471331424258,22536,128,qpsk,18,2,4.809150010245572,low_sparse,42002,N128_qpsk_low_sparse_S18_42002_82cdaae7
1,ofdm:symbol:L4:K8,ofdm,symbol,4,8,1421824.0,212992.0,3200.0,1638016.0,121152.0,1764288.0,570376,1,5120,5.095368540752876e-05,0.053955078125,0.05859375,0.0166340827319492,240,4096,16,4.0,2.758659887155376e-07,1711008.0,0.0050495999894337,0.0001379893950467,0.0051875893844804,22536,128,qpsk,18,2,4.809150010245572,low_sparse,42002,N128_qpsk_low_sparse_S18_42002_82cdaae7
2,ofdm:symbol:L8:K4,ofdm,symbol,8,4,1421824.0,212992.0,6272.0,1641088.0,104736.0,1750944.0,590856,1,5120,2.6988412160311448e-05,0.05419921875,0.05908203125,0.0167483553102672,242,4096,16,4.0,3.84050975508915e-07,1750944.0,0.004993899987312,0.0001462331432445,0.0051401331305566,43016,128,qpsk,18,2,4.809150010245572,low_sparse,42002,N128_qpsk_low_sparse_S18_42002_82cdaae7
3,ofdm:symbol:L8:K16,ofdm,symbol,8,16,1421824.0,212992.0,6272.0,1641088.0,362880.0,2009088.0,590856,1,5120,2.6988412160311448e-05,0.05419921875,0.05908203125,0.0167483553102672,242,4096,16,4.0,3.84050975508915e-07,1750944.0,0.0050219999975524,0.0001533581383806,0.0051753581359331,43016,128,qpsk,18,2,4.809150010245572,low_sparse,42002,N128_qpsk_low_sparse_S18_42002_82cdaae7
4,ofdm:symbol:L16:K8,ofdm,symbol,16,8,1421824.0,212992.0,12416.0,1647232.0,330048.0,1982400.0,631816,1,5120,1.245462948140652e-05,0.054443359375,0.059326171875,0.0165862367986027,243,4096,16,4.0,6.261238080140779e-07,1830816.0,0.0052452999952947,0.0001616456432781,0.0054069456385729,83976,128,qpsk,18,2,4.809150010245572,low_sparse,42002,N128_qpsk_low_sparse_S18_42002_82cdaae7
5,ofdm:symbol:L32:K16,ofdm,symbol,32,16,1421824.0,212992.0,24704.0,1659520.0,1173888.0,2838528.0,713736,1,5120,5.84980747708741e-06,0.05419921875,0.059326171875,0.01633907066837,243,4096,16,4.0,5.124364794103402e-07,1990560.0,0.0052896999841323,0.0001857581449836,0.0054754581291159,165896,128,qpsk,18,2,4.809150010245572,low_sparse,42002,N128_qpsk_low_sparse_S18_42002_82cdaae7
6,ofdm:time:L0:K2,ofdm,time,0,2,12800.0,0.0,1664.0,14464.0,30992.0,50576.0,35848,1,5120,0.0,0.052978515625,0.05908203125,0.0135972666667713,242,4096,16,2.0,0.0909150968582036,50576.0,0.0009207999974023,0.0001565831402,0.0010773831376024,12296,128,qpsk,18,2,4.809150010245572,low_sparse,42002,N128_qpsk_low_sparse_S18_42002_82cdaae7
7,ofdm:time:L0:K4,ofdm,time,0,4,12800.0,0.0,1664.0,14464.0,49440.0,69024.0,35848,1,5120,0.0,0.052734375,0.058837890625,0.0149916392443612,241,4096,16,4.0,0.0272688730924625,69024.0,0.0008299000037368,0.0001456956436992,0.000975595647436,12296,128,qpsk,18,2,4.809150010245572,low_sparse,42002,N128_qpsk_low_sparse_S18_42002_82cdaae7
8,ofdm:time:L0:K8,ofdm,time,0,8,12800.0,0.0,1664.0,14464.0,86336.0,105920.0,35848,1,5120,0.0,0.054443359375,0.05810546875,0.0152210144405344,238,4096,16,8.0,0.0041404338368043,105920.0,0.0007827999943401,0.0002083706425434,0.0009911706368835,12296,128,qpsk,18,2,4.809150010245572,low_sparse,42002,N128_qpsk_low_sparse_S18_42002_82cdaae7
9,ofdm:time:L0:K16,ofdm,time,0,16,12800.0,0.0,1664.0,14464.0,160128.0,179712.0,35848,1,5120,0.0,0.054443359375,0.05859375,0.015625,240,4096,16,16.0,0.000106871924906,179712.0,0.0008124000014504,0.0005848706390348,0.0013972706404853,12296,128,qpsk,18,2,4.809150010245572,low_sparse,42002,N128_qpsk_low_sparse_S18_42002_82cdaae7
10,ofdm:dense:L128:K0,ofdm,dense,128,0,1421824.0,0.0,0.0,23791701.33333333,403200.0,24200021.33333333,1073152,1,5120,0.0,0.054443359375,0.05859375,0.015625,240,4096,16,0.0,6.651224287945083e-16,24200021.33333333,0.0049773999926401,0.0001498956474857,0.0051272956401259,786432,128,qpsk,18,2,4.809150010245572,low_sparse,42002,N128_qpsk_low_sparse_S18_42002_82cdaae7
11,otfs:symbol:L4:K2,otfs,symbol,4,2,2077184.0,212992.0,3200.0,2293376.0,46352.0,2344848.0,570376,1,5120,9.198812671795677e-05,0.0517578125,0.0537109375,0.0179006863084212,220,4096,16,2.0,0.0914650174600337,2344848.0,0.0079932000080589,0.0001357104191342,0.0081289104271931,22536,128,qpsk,18,2,4.809150010245572,low_sparse,42002,N128_qpsk_low_sparse_S18_42002_82cdaae7
12,otfs:symbol:L4:K8,otfs,symbol,4,8,2077184.0,212992.0,3200.0,2293376.0,126272.0,2424768.0,570376,1,5120,9.198812671795677e-05,0.023681640625,0.029052734375,0.0170549308560283,119,4096,16,8.0,0.0039818805826459,2424768.0,0.0078138999961083,0.0002593166662777,0.0080732166623861,22536,128,qpsk,18,2,4.809150010245572,low_sparse,42002,N128_qpsk_low_sparse_S18_42002_82cdaae7
13,otfs:symbol:L8:K4,otfs,symbol,8,4,2077184.0,212992.0,6272.0,2296448.0,109856.0,2411424.0,590856,1,5120,3.7345867929916565e-05,0.029052734375,0.03173828125,0.0137460783943624,130,4096,16,4.0,0.0274054960694759,2411424.0,0.007908600004157,0.0002254541621809,0.008134054166338,43016,128,qpsk,18,2,4.809150010245572,low_sparse,42002,N128_qpsk_low_sparse_S18_42002_82cdaae7
14,otfs:symbol:L8:K16,otfs,symbol,8,16,2077184.0,212992.0,6272.0,2296448.0,368000.0,2669568.0,590856,1,5120,3.7345867929916565e-05,0.02294921875,0.029296875,0.0163254458527682,120,4096,16,16.0,0.0001037558069903,2669568.0,0.0081642000004649,0.0003946479190276,0.0085588479194925,43016,128,qpsk,18,2,4.809150010245572,low_sparse,42002,N128_qpsk_low_sparse_S18_42002_82cdaae7
15,otfs:symbol:L16:K8,otfs,symbol,16,8,2077184.0,212992.0,12416.0,2302592.0,335168.0,2642880.0,631816,1,5120,0.0,0.02392578125,0.0283203125,0.0162317104606743,116,4096,16,8.0,0.0039806302801251,2642880.0,0.0079916999966371,0.0002646791634547,0.0082563791600918,83976,128,qpsk,18,2,4.809150010245572,low_sparse,42002,N128_qpsk_low_sparse_S18_42002_82cdaae7
16,otfs:symbol:L32:K16,otfs,symbol,32,16,2077184.0,212992.0,24704.0,2314880.0,1179008.0,3499008.0,713736,1,5120,0.0,0.023193359375,0.029296875,0.0161374306091975,120,4096,16,16.0,0.0001037356953483,3499008.0,0.0079755000042496,0.0006753104160893,0.0086508104203389,165896,128,qpsk,18,2,4.809150010245572,low_sparse,42002,N128_qpsk_low_sparse_S18_42002_82cdaae7
17,otfs:time:L0:K2,otfs,time,0,2,12800.0,0.0,1664.0,14464.0,36112.0,55696.0,35848,1,5120,0.0,0.0517578125,0.05419921875,0.019236050394133,222,4096,16,2.0,0.0914433874740326,55696.0,0.0004630000039469,0.000139172920943,0.00060217292489,12296,128,qpsk,18,2,4.809150010245572,low_sparse,42002,N128_qpsk_low_sparse_S18_42002_82cdaae7
18,otfs:time:L0:K4,otfs,time,0,4,12800.0,0.0,1664.0,14464.0,54560.0,74144.0,35848,1,5120,0.0,0.02880859375,0.031494140625,0.0145088838569594,129,4096,16,4.0,0.0274015756208294,74144.0,0.000458400012576,0.0001762104173835,0.0006346104299595,12296,128,qpsk,18,2,4.809150010245572,low_sparse,42002,N128_qpsk_low_sparse_S18_42002_82cdaae7
19,otfs:time:L0:K8,otfs,time,0,8,12800.0,0.0,1664.0,14464.0,91456.0,111040.0,35848,1,5120,0.0,0.02392578125,0.0283203125,0.0162317104606743,116,4096,16,8.0,0.0039806302801251,111040.0,0.0004906999965896,0.0002481416675877,0.0007388416641774,12296,128,qpsk,18,2,4.809150010245572,low_sparse,42002,N128_qpsk_low_sparse_S18_42002_82cdaae7
20,otfs:time:L0:K16,otfs,time,0,16,12800.0,0.0,1664.0,14464.0,165248.0,184832.0,35848,1,5120,0.0,0.023193359375,0.029296875,0.0161374306091975,120,4096,16,16.0,0.0001037356953483,184832.0,0.0004728999920189,0.0004089291631757,0.0008818291551947,12296,128,qpsk,18,2,4.809150010245572,low_sparse,42002,N128_qpsk_low_sparse_S18_42002_82cdaae7
21,otfs:dense:L128:K0,otfs,dense,128,0,2077184.0,0.0,0.0,24447061.33333333,408320.0,24860501.33333333,1073152,1,5120,0.0,0.0234375,0.029296875,0.0161374306091975,120,4096,16,0.0,2.980681124398362e-16,24860501.33333333,0.0078582999994978,0.0002086666653199,0.0080669666648177,786432,128,qpsk,18,2,4.809150010245572,low_sparse,42002,N128_qpsk_low_sparse_S18_42002_82cdaae7
22,afdm:symbol:L4:K2,afdm,symbol,4,2,1828096.0,212992.0,3200.0,2044288.0,44304.0,2093712.0,570376,1,5120,9.902009070927864e-05,0.060302734375,0.05712890625,0.0173450989527961,234,4096,16,2.0,0.094718918006663,2093712.0,0.0040119000041158,0.0001101789765732,0.0041220789806891,22536,128,qpsk,18,2,4.809150010245572,low_sparse,42002,N128_qpsk_low_sparse_S18_42002_82cdaae7
23,afdm:symbol:L4:K8,afdm,symbol,4,8,1828096.0,212992.0,3200.0,2044288.0,124224.0,2173632.0,570376,1,5120,9.902009070927864e-05,0.029541015625,0.036376953125,0.014803862938779,149,4096,16,8.0,0.0041175952330961,2173632.0,0.003913000007742,0.0001998164742679,0.00411281648201,22536,128,qpsk,18,2,4.809150010245572,low_sparse,42002,N128_qpsk_low_sparse_S18_42002_82cdaae7
24,afdm:symbol:L8:K4,afdm,symbol,8,4,1828096.0,212992.0,6272.0,2047360.0,107808.0,2160288.0,590856,1,5120,5.020806697841884e-05,0.035400390625,0.0390625,0.0187065468709041,160,4096,16,4.0,0.0279612150740142,2160288.0,0.0038950000162003,0.00015996647733,0.0040549664935304,43016,128,qpsk,18,2,4.809150010245572,low_sparse,42002,N128_qpsk_low_sparse_S18_42002_82cdaae7
25,afdm:symbol:L8:K16,afdm,symbol,8,16,1828096.0,212992.0,6272.0,2047360.0,365952.0,2418432.0,590856,1,5120,5.020806697841884e-05,0.029296875,0.03515625,0.0139024456406657,144,4096,16,16.0,0.0001066228213937,2418432.0,0.0039246000233106,0.0005330039765602,0.0044576039998708,43016,128,qpsk,18,2,4.809150010245572,low_sparse,42002,N128_qpsk_low_sparse_S18_42002_82cdaae7
26,afdm:symbol:L16:K8,afdm,symbol,16,8,1828096.0,212992.0,12416.0,2053504.0,333120.0,2391744.0,631816,1,5120,2.2496035302910226e-05,0.02978515625,0.035400390625,0.0146484375,145,4096,16,8.0,0.0041163818122456,2391744.0,0.0041118000081041,0.0002352352293008,0.0043470352374049,83976,128,qpsk,18,2,4.809150010245572,low_sparse,42002,N128_qpsk_low_sparse_S18_42002_82cdaae7
27,afdm:symbol:L32:K16,afdm,symbol,32,16,1828096.0,212992.0,24704.0,2065792.0,1176960.0,3247872.0,713736,1,5120,7.432155477937741e-06,0.029052734375,0.034912109375,0.0137899477407061,143,4096,16,16.0,0.0001066502712251,3247872.0,0.0040410000074189,0.0009466789750866,0.0049876789825055,165896,128,qpsk,18,2,4.809150010245572,low_sparse,42002,N128_qpsk_low_sparse_S18_42002_82cdaae7
28,afdm:time:L0:K2,afdm,time,0,2,25856.0,0.0,1664.0,27520.0,34064.0,66704.0,35848,1,5120,0.0,0.06103515625,0.0576171875,0.0159790614131692,236,4096,16,2.0,0.0946598101477141,66704.0,0.0004916000179946,0.0001364789767456,0.0006280789947402,12296,128,qpsk,18,2,4.809150010245572,low_sparse,42002,N128_qpsk_low_sparse_S18_42002_82cdaae7
29,afdm:time:L0:K4,afdm,time,0,4,25856.0,0.0,1664.0,27520.0,52512.0,85152.0,35848,1,5120,0.0,0.034912109375,0.039794921875,0.0191482632506011,163,4096,16,4.0,0.0279671050159842,85152.0,0.0004821000038646,0.000149441475404,0.0006315414792686,12296,128,qpsk,18,2,4.809150010245572,low_sparse,42002,N128_qpsk_low_sparse_S18_42002_82cdaae7
30,afdm:time:L0:K8,afdm,time,0,8,25856.0,0.0,1664.0,27520.0,89408.0,122048.0,35848,1,5120,0.0,0.030029296875,0.035400390625,0.0146484375,145,4096,16,8.0,0.0041138839512321,122048.0,0.0005018000083509,0.0002036164777371,0.0007054164860881,12296,128,qpsk,18,2,4.809150010245572,low_sparse,42002,N128_qpsk_low_sparse_S18_42002_82cdaae7
31,afdm:time:L0:K16,afdm,time,0,16,25856.0,0.0,1664.0,27520.0,163200.0,195840.0,35848,1,5120,0.0,0.029296875,0.035400390625,0.0145088838569594,145,4096,16,16.0,0.0001066928075687,195840.0,0.0004633000062312,0.000313460226497,0.0007767602327283,12296,128,qpsk,18,2,4.809150010245572,low_sparse,42002,N128_qpsk_low_sparse_S18_42002_82cdaae7
32,afdm:dense:L128:K0,afdm,dense,128,0,1828096.0,0.0,0.0,24197973.33333333,406272.0,24609365.33333333,1073152,1,5120,0.0,0.029296875,0.03515625,0.0142636082683637,144,4096,16,0.0,5.810202628150705e-16,24609365.33333333,0.0037849000218557,0.0002184164740163,0.004003316495872,786432,128,qpsk,18,2,4.809150010245572,low_sparse,42002,N128_qpsk_low_sparse_S18_42002_82cdaae7
0,ofdm:symbol:L4:K2,ofdm,symbol,4,2,1421824.0,212992.0,3200.0,1638016.0,41232.0,1684368.0,570376,1,5120,1.365598100155907e-05,0.068603515625,0.0703125,0.0130728129145949,288,4096,16,2.0,8.065887197646716e-05,1684368.0,0.0038227000040933,0.0001071299232011,0.0039298299272945,22536,128,qpsk,18,2,2.075628226237778,low_sparse,42003,N128_qpsk_low_sparse_S18_42003_02672d9b
1,ofdm:symbol:L4:K8,ofdm,symbol,4,8,1421824.0,212992.0,3200.0,1638016.0,121152.0,1764288.0,570376,1,5120,1.365598100155907e-05,0.068603515625,0.0703125,0.0130728129145949,288,4096,16,4.0,1.3467755869345611e-08,1711008.0,0.0037483000050997,0.0001356549248543,0.003883954929954,22536,128,qpsk,18,2,2.075628226237778,low_sparse,42003,N128_qpsk_low_sparse_S18_42003_02672d9b
2,ofdm:symbol:L8:K4,ofdm,symbol,8,4,1421824.0,212992.0,6272.0,1641088.0,104736.0,1750944.0,590856,1,5120,6.176189540685328e-06,0.068359375,0.070068359375,0.013109237651992,287,4096,16,4.0,3.036895591871603e-08,1750944.0,0.0037283999990904,0.0001424674203394,0.0038708674194298,43016,128,qpsk,18,2,2.075628226237778,low_sparse,42003,N128_qpsk_low_sparse_S18_42003_02672d9b
3,ofdm:symbol:L8:K16,ofdm,symbol,8,16,1421824.0,212992.0,6272.0,1641088.0,362880.0,2009088.0,590856,1,5120,6.176189540685328e-06,0.068359375,0.070068359375,0.013109237651992,287,4096,16,4.0,3.036895591871603e-08,1750944.0,0.0047056000039447,0.0001520486714456,0.0048576486753903,43016,128,qpsk,18,2,2.075628226237778,low_sparse,42003,N128_qpsk_low_sparse_S18_42003_02672d9b
4,ofdm:symbol:L16:K8,ofdm,symbol,16,8,1421824.0,212992.0,12416.0,1647232.0,330048.0,1982400.0,631816,1,5120,3.238132151084372e-06,0.06787109375,0.06982421875,0.0131407240880132,286,4096,16,4.0,3.6600336627188045e-08,1830816.0,0.0038100999954622,0.0001662236720607,0.0039763236675229,83976,128,qpsk,18,2,2.075628226237778,low_sparse,42003,N128_qpsk_low_sparse_S18_42003_02672d9b
5,ofdm:symbol:L32:K16,ofdm,symbol,32,16,1421824.0,212992.0,24704.0,1659520.0,1173888.0,2838528.0,713736,1,5120,1.4085148154485694e-06,0.067626953125,0.069580078125,0.0133970708122207,285,4096,16,4.0,4.5390470848292514e-08,1990560.0,0.0039070000057108,0.000167548669417,0.0040745486751279,165896,128,qpsk,18,2,2.075628226237778,low_sparse,42003,N128_qpsk_low_sparse_S18_42003_02672d9b
6,ofdm:time:L0:K2,ofdm,time,0,2,12800.0,0.0,1664.0,14464.0,30992.0,50576.0,35848,1,5120,0.0,0.068603515625,0.070068359375,0.0132635260105702,287,4096,16,2.0,0.0876463669386368,50576.0,0.000477800014778,0.0001031799240467,0.0005809799388247,12296,128,qpsk,18,2,2.075628226237778,low_sparse,42003,N128_qpsk_low_sparse_S18_42003_02672d9b
7,ofdm:time:L0:K4,ofdm,time,0,4,12800.0,0.0,1664.0,14464.0,49440.0,69024.0,35848,1,5120,0.0,0.06787109375,0.0693359375,0.0137922527884014,284,4096,16,4.0,0.0245639163110925,69024.0,0.0004753999965032,0.0001465986763309,0.0006219986728341,12296,128,qpsk,18,2,2.075628226237778,low_sparse,42003,N128_qpsk_low_sparse_S18_42003_02672d9b
8,ofdm:time:L0:K8,ofdm,time,0,8,12800.0,0.0,1664.0,14464.0,86336.0,105920.0,35848,1,5120,0.0,0.067626953125,0.0693359375,0.0131890179813547,284,4096,16,8.0,0.0030336083546605,105920.0,0.0004686000029323,0.0002007986752163,0.0006693986781487,12296,128,qpsk,18,2,2.075628226237778,low_sparse,42003,N128_qpsk_low_sparse_S18_42003_02672d9b
9,ofdm:time:L0:K16,ofdm,time,0,16,12800.0,0.0,1664.0,14464.0,160128.0,179712.0,35848,1,5120,0.0,0.067626953125,0.069580078125,0.0133970708122207,285,4096,16,16.0,4.936076058604471e-05,179712.0,0.0004980000085197,0.0003628611723274,0.0008608611808471,12296,128,qpsk,18,2,2.075628226237778,low_sparse,42003,N128_qpsk_low_sparse_S18_42003_02672d9b
10,ofdm:dense:L128:K0,ofdm,dense,128,0,1421824.0,0.0,0.0,23791701.33333333,403200.0,24200021.33333333,1073152,1,5120,0.0,0.067626953125,0.069580078125,0.0133970708122207,285,4096,16,0.0,5.606721764391497e-16,24200021.33333333,0.0036731000000145,0.0001507986755699,0.0038238986755845,786432,128,qpsk,18,2,2.075628226237778,low_sparse,42003,N128_qpsk_low_sparse_S18_42003_02672d9b
11,otfs:symbol:L4:K2,otfs,symbol,4,2,2077184.0,212992.0,3200.0,2293376.0,46352.0,2344848.0,570376,1,5120,2.8444907824720644e-05,0.064453125,0.0634765625,0.0167862733015451,260,4096,16,2.0,0.0878312280056484,2344848.0,0.0073564999911468,0.0001348354168536,0.0074913354080005,22536,128,qpsk,18,2,2.075628226237778,low_sparse,42003,N128_qpsk_low_sparse_S18_42003_02672d9b
12,otfs:symbol:L4:K8,otfs,symbol,4,8,2077184.0,212992.0,3200.0,2293376.0,126272.0,2424768.0,570376,1,5120,2.8444907824720644e-05,0.042236328125,0.04736328125,0.0152210144405344,194,4096,16,8.0,0.0030404281701092,2424768.0,0.0072356999880867,0.0002858666681883,0.007521566656275,22536,128,qpsk,18,2,2.075628226237778,low_sparse,42003,N128_qpsk_low_sparse_S18_42003_02672d9b
13,otfs:symbol:L8:K4,otfs,symbol,8,4,2077184.0,212992.0,6272.0,2296448.0,109856.0,2411424.0,590856,1,5120,1.103135049318471e-05,0.0458984375,0.0478515625,0.0163565716119189,196,4096,16,4.0,0.0247664430671483,2411424.0,0.007468499999959,0.000197829160849,0.007666329160808,43016,128,qpsk,18,2,2.075628226237778,low_sparse,42003,N128_qpsk_low_sparse_S18_42003_02672d9b
14,otfs:symbol:L8:K16,otfs,symbol,8,16,2077184.0,212992.0,6272.0,2296448.0,368000.0,2669568.0,590856,1,5120,1.103135049318471e-05,0.04248046875,0.047607421875,0.015508599633676,195,4096,16,16.0,4.873199588197638e-05,2669568.0,0.0074383999890415,0.0004160166633179,0.0078544166523594,43016,128,qpsk,18,2,2.075628226237778,low_sparse,42003,N128_qpsk_low_sparse_S18_42003_02672d9b
15,otfs:symbol:L16:K8,otfs,symbol,16,8,2077184.0,212992.0,12416.0,2302592.0,335168.0,2642880.0,631816,1,5120,0.0,0.042236328125,0.0478515625,0.0143701871472097,196,4096,16,8.0,0.0030396626159633,2642880.0,0.0074451999826123,0.0003588354135596,0.007804035396172,83976,128,qpsk,18,2,2.075628226237778,low_sparse,42003,N128_qpsk_low_sparse_S18_42003_02672d9b
16,otfs:symbol:L32:K16,otfs,symbol,32,16,2077184.0,212992.0,24704.0,2314880.0,1179008.0,3499008.0,713736,1,5120,0.0,0.042724609375,0.047607421875,0.0157041452560353,195,4096,16,16.0,4.873374450509444e-05,3499008.0,0.0080257999943569,0.0004655666704517,0.0084913666648086,165896,128,qpsk,18,2,2.075628226237778,low_sparse,42003,N128_qpsk_low_sparse_S18_42003_02672d9b
17,otfs:time:L0:K2,otfs,time,0,2,12800.0,0.0,1664.0,14464.0,36112.0,55696.0,35848,1,5120,0.0,0.064697265625,0.063720703125,0.0163701705217189,261,4096,16,2.0,0.0878449524560755,55696.0,0.0004453999863471,0.0001696354171751,0.0006150354035222,12296,128,qpsk,18,2,2.075628226237778,low_sparse,42003,N128_qpsk_low_sparse_S18_42003_02672d9b
18,otfs:time:L0:K4,otfs,time,0,4,12800.0,0.0,1664.0,14464.0,54560.0,74144.0,35848,1,5120,0.0,0.046142578125,0.048095703125,0.0158652589403227,197,4096,16,4.0,0.0247633563639714,74144.0,0.0004593000048771,0.0002013354166289,0.0006606354215061,12296,128,qpsk,18,2,2.075628226237778,low_sparse,42003,N128_qpsk_low_sparse_S18_42003_02672d9b
19,otfs:time:L0:K8,otfs,time,0,8,12800.0,0.0,1664.0,14464.0,91456.0,111040.0,35848,1,5120,0.0,0.042236328125,0.0478515625,0.0143701871472097,196,4096,16,8.0,0.0030396626159633,111040.0,0.0004850999976042,0.000352741667181,0.0008378416647853,12296,128,qpsk,18,2,2.075628226237778,low_sparse,42003,N128_qpsk_low_sparse_S18_42003_02672d9b
20,otfs:time:L0:K16,otfs,time,0,16,12800.0,0.0,1664.0,14464.0,165248.0,184832.0,35848,1,5120,0.0,0.042724609375,0.047607421875,0.0157041452560353,195,4096,16,16.0,4.873374450509446e-05,184832.0,0.0004571000026771,0.0005422104128835,0.0009993104155607,12296,128,qpsk,18,2,2.075628226237778,low_sparse,42003,N128_qpsk_low_sparse_S18_42003_02672d9b
21,otfs:dense:L128:K0,otfs,dense,128,0,2077184.0,0.0,0.0,24447061.33333333,408320.0,24860501.33333333,1073152,1,5120,0.0,0.042724609375,0.047607421875,0.0157041452560353,195,4096,16,0.0,3.0062806511032833e-16,24860501.33333333,0.0071099999913712,0.0001898791648879,0.0072998791562592,786432,128,qpsk,18,2,2.075628226237778,low_sparse,42003,N128_qpsk_low_sparse_S18_42003_02672d9b
22,afdm:symbol:L4:K2,afdm,symbol,4,2,1828096.0,212992.0,3200.0,2044288.0,44304.0,2093712.0,570376,1,5120,2.9574459899262e-05,0.053955078125,0.06787109375,0.0156168598587858,278,4096,16,2.0,0.0894266192102049,2093712.0,0.0043696999928215,0.000117858902327,0.0044875588951485,22536,128,qpsk,18,2,2.075628226237778,low_sparse,42003,N128_qpsk_low_sparse_S18_42003_02672d9b
23,afdm:symbol:L4:K8,afdm,symbol,4,8,1828096.0,212992.0,3200.0,2044288.0,124224.0,2173632.0,570376,1,5120,2.9574459899262e-05,0.03955078125,0.0458984375,0.0179574239667284,188,4096,16,8.0,0.003037142851763,2173632.0,0.0042772000015247,0.0002153276505354,0.0044925276520602,22536,128,qpsk,18,2,2.075628226237778,low_sparse,42003,N128_qpsk_low_sparse_S18_42003_02672d9b
24,afdm:symbol:L8:K4,afdm,symbol,8,4,1828096.0,212992.0,6272.0,2047360.0,107808.0,2160288.0,590856,1,5120,1.2774721067421169e-05,0.0390625,0.047607421875,0.0159611465457839,195,4096,16,4.0,0.0249081465984934,2160288.0,0.0043083999917143,0.0001653526501699,0.0044737526418843,43016,128,qpsk,18,2,2.075628226237778,low_sparse,42003,N128_qpsk_low_sparse_S18_42003_02672d9b
25,afdm:symbol:L8:K16,afdm,symbol,8,16,1828096.0,212992.0,6272.0,2047360.0,365952.0,2418432.0,590856,1,5120,1.2774721067421169e-05,0.039794921875,0.0458984375,0.0173817152041304,188,4096,16,16.0,4.851751562626134e-05,2418432.0,0.0043412999948486,0.0003850339012801,0.0047263338961287,43016,128,qpsk,18,2,2.075628226237778,low_sparse,42003,N128_qpsk_low_sparse_S18_42003_02672d9b
26,afdm:symbol:L16:K8,afdm,symbol,16,8,1828096.0,212992.0,12416.0,2053504.0,333120.0,2391744.0,631816,1,5120,4.396794976768703e-06,0.03955078125,0.0458984375,0.0172642698374658,188,4096,16,8.0,0.0030357797186661,2391744.0,0.0043420000001788,0.0002352589022352,0.004577258902414,83976,128,qpsk,18,2,2.075628226237778,low_sparse,42003,N128_qpsk_low_sparse_S18_42003_02672d9b
27,afdm:symbol:L32:K16,afdm,symbol,32,16,1828096.0,212992.0,24704.0,2065792.0,1176960.0,3247872.0,713736,1,5120,1.616222001232792e-06,0.039306640625,0.046630859375,0.0177848807026663,191,4096,16,16.0,4.857195600069608e-05,3247872.0,0.0044725000043399,0.0004467714029901,0.0049192714073301,165896,128,qpsk,18,2,2.075628226237778,low_sparse,42003,N128_qpsk_low_sparse_S18_42003_02672d9b
28,afdm:time:L0:K2,afdm,time,0,2,25856.0,0.0,1664.0,27520.0,34064.0,66704.0,35848,1,5120,0.0,0.05322265625,0.068359375,0.0156899690952,280,4096,16,2.0,0.0893899081415805,66704.0,0.0004818000161321,0.0001185964006667,0.0006003964167989,12296,128,qpsk,18,2,2.075628226237778,low_sparse,42003,N128_qpsk_low_sparse_S18_42003_02672d9b
29,afdm:time:L0:K4,afdm,time,0,4,25856.0,0.0,1664.0,27520.0,52512.0,85152.0,35848,1,5120,0.0,0.0390625,0.047607421875,0.0168297733785293,195,4096,16,4.0,0.0249169025898734,85152.0,0.0005004000122426,0.0001711963991924,0.000671596411435,12296,128,qpsk,18,2,2.075628226237778,low_sparse,42003,N128_qpsk_low_sparse_S18_42003_02672d9b
30,afdm:time:L0:K8,afdm,time,0,8,25856.0,0.0,1664.0,27520.0,89408.0,122048.0,35848,1,5120,0.0,0.039794921875,0.0458984375,0.0172642698374658,188,4096,16,8.0,0.0030341991886142,122048.0,0.0005112000071676,0.000318371401177,0.0008295714083446,12296,128,qpsk,18,2,2.075628226237778,low_sparse,42003,N128_qpsk_low_sparse_S18_42003_02672d9b
31,afdm:time:L0:K16,afdm,time,0,16,25856.0,0.0,1664.0,27520.0,163200.0,195840.0,35848,1,5120,0.0,0.039306640625,0.04638671875,0.0180351468023493,190,4096,16,16.0,4.851146886180722e-05,195840.0,0.0006171999993966,0.0003545464010544,0.000971746400451,12296,128,qpsk,18,2,2.075628226237778,low_sparse,42003,N128_qpsk_low_sparse_S18_42003_02672d9b
32,afdm:dense:L128:K0,afdm,dense,128,0,1828096.0,0.0,0.0,24197973.33333333,406272.0,24609365.33333333,1073152,1,5120,0.0,0.039306640625,0.04638671875,0.0180351468023493,190,4096,16,0.0,4.877378640944442e-16,24609365.33333333,0.0041146000003209,0.0003465901514077,0.0044611901517286,786432,128,qpsk,18,2,2.075628226237778,low_sparse,42003,N128_qpsk_low_sparse_S18_42003_02672d9b
0,ofdm:symbol:L4:K2,ofdm,symbol,4,2,1421824.0,212992.0,3200.0,1638016.0,41232.0,1684368.0,570376,1,5120,1.074977540138633e-05,0.005126953125,0.004150390625,0.0052347150853451,17,4096,16,2.0,1.610342656462469e-05,1684368.0,0.0042089000198757,0.0001104590927284,0.0043193591126041,22536,128,qpsk,8,2,3.4646744738732576,low_sparse,42001,N128_qpsk_low_sparse_S8_42001_285578ca
1,ofdm:symbol:L4:K8,ofdm,symbol,4,8,1421824.0,212992.0,3200.0,1638016.0,121152.0,1764288.0,570376,1,5120,1.074977540138633e-05,0.005126953125,0.004150390625,0.0052347150853451,17,4096,16,3.0,4.0245437392702366e-08,1697688.0,0.0040754000219749,0.0001607278426022,0.0042361278645771,22536,128,qpsk,8,2,3.4646744738732576,low_sparse,42001,N128_qpsk_low_sparse_S8_42001_285578ca
2,ofdm:symbol:L8:K4,ofdm,symbol,8,4,1421824.0,212992.0,6272.0,1641088.0,104736.0,1750944.0,590856,1,5120,5.601851673753266e-06,0.005615234375,0.004150390625,0.0050366394368076,17,4096,16,3.0,4.219643244622821e-08,1729432.0,0.0041397000168217,0.0001661590912121,0.0043058591080339,43016,128,qpsk,8,2,3.4646744738732576,low_sparse,42001,N128_qpsk_low_sparse_S8_42001_285578ca
3,ofdm:symbol:L8:K16,ofdm,symbol,8,16,1421824.0,212992.0,6272.0,1641088.0,362880.0,2009088.0,590856,1,5120,5.601851673753266e-06,0.005615234375,0.004150390625,0.0050366394368076,17,4096,16,3.0,4.219643244622821e-08,1729432.0,0.0039774000324541,0.0001541528434686,0.0041315528759227,43016,128,qpsk,8,2,3.4646744738732576,low_sparse,42001,N128_qpsk_low_sparse_S8_42001_285578ca
4,ofdm:symbol:L16:K8,ofdm,symbol,16,8,1421824.0,212992.0,12416.0,1647232.0,330048.0,1982400.0,631816,1,5120,2.660400235776628e-06,0.00537109375,0.00390625,0.004941058844013,16,4096,16,3.0,1.0180168745633593e-07,1792920.0,0.0044812000269303,0.000133202838559,0.0046144028654893,83976,128,qpsk,8,2,3.4646744738732576,low_sparse,42001,N128_qpsk_low_sparse_S8_42001_285578ca
5,ofdm:symbol:L32:K16,ofdm,symbol,32,16,1421824.0,212992.0,24704.0,1659520.0,1173888.0,2838528.0,713736,1,5120,1.261907859984035e-06,0.00537109375,0.00390625,0.004941058844013,16,4096,16,3.0,8.588087314999535e-08,1919896.0,0.004118400029256,0.0001489965924051,0.0042673966216611,165896,128,qpsk,8,2,3.4646744738732576,low_sparse,42001,N128_qpsk_low_sparse_S8_42001_285578ca
6,ofdm:time:L0:K2,ofdm,time,0,2,12800.0,0.0,1664.0,14464.0,30992.0,50576.0,35848,1,5120,0.0,0.005615234375,0.003662109375,0.0046150543225123,15,4096,16,2.0,0.0305254171620666,50576.0,0.0005768000119132,0.0001018090896181,0.0006786091015314,12296,128,qpsk,8,2,3.4646744738732576,low_sparse,42001,N128_qpsk_low_sparse_S8_42001_285578ca
7,ofdm:time:L0:K4,ofdm,time,0,4,12800.0,0.0,1664.0,14464.0,49440.0,69024.0,35848,1,5120,0.0,0.00537109375,0.003662109375,0.0046150543225123,15,4096,16,4.0,0.0007345496729148,69024.0,0.0005528000183403,0.0002131153422383,0.0007659153605786,12296,128,qpsk,8,2,3.4646744738732576,low_sparse,42001,N128_qpsk_low_sparse_S8_42001_285578ca
8,ofdm:time:L0:K8,ofdm,time,0,8,12800.0,0.0,1664.0,14464.0,86336.0,105920.0,35848,1,5120,0.0,0.00537109375,0.003662109375,0.0046150543225123,15,4096,16,8.0,4.222397391912741e-07,105920.0,0.0005890000029467,0.0002221528392042,0.0008111528421509,12296,128,qpsk,8,2,3.4646744738732576,low_sparse,42001,N128_qpsk_low_sparse_S8_42001_285578ca
9,ofdm:time:L0:K16,ofdm,time,0,16,12800.0,0.0,1664.0,14464.0,160128.0,179712.0,35848,1,5120,0.0,0.00537109375,0.003662109375,0.0046150543225123,15,4096,16,8.0,4.222397391912741e-07,105920.0,0.0005732999998144,0.0002084215910585,0.000781721590873,12296,128,qpsk,8,2,3.4646744738732576,low_sparse,42001,N128_qpsk_low_sparse_S8_42001_285578ca
10,ofdm:dense:L128:K0,ofdm,dense,128,0,1421824.0,0.0,0.0,23791701.33333333,403200.0,24200021.33333333,1073152,1,5120,0.0,0.00537109375,0.003662109375,0.0046150543225123,15,4096,16,0.0,5.862596762971934e-16,24200021.33333333,0.0042257000313838,0.0001644090951672,0.0043901091265511,786432,128,qpsk,8,2,3.4646744738732576,low_sparse,42001,N128_qpsk_low_sparse_S8_42001_285578ca
11,otfs:symbol:L4:K2,otfs,symbol,4,2,2077184.0,212992.0,3200.0,2293376.0,46352.0,2344848.0,570376,1,5120,1.6006220040942765e-05,0.00341796875,0.001708984375,0.002457628396898,7,4096,16,2.0,0.0299120840758835,2344848.0,0.0074804000178119,0.000166829358546,0.0076472293763579,22536,128,qpsk,8,2,3.4646744738732576,low_sparse,42001,N128_qpsk_low_sparse_S8_42001_285578ca
12,otfs:symbol:L4:K8,otfs,symbol,4,8,2077184.0,212992.0,3200.0,2293376.0,126272.0,2424768.0,570376,1,5120,1.6006220040942765e-05,0.00439453125,0.001708984375,0.0028415563597389,7,4096,16,8.0,4.202569779974591e-07,2424768.0,0.007582700025523,0.0002646106064055,0.0078473106319286,22536,128,qpsk,8,2,3.4646744738732576,low_sparse,42001,N128_qpsk_low_sparse_S8_42001_285578ca
13,otfs:symbol:L8:K4,otfs,symbol,8,4,2077184.0,212992.0,6272.0,2296448.0,109856.0,2411424.0,590856,1,5120,6.203666125359497e-06,0.004638671875,0.001708984375,0.0028415563597389,7,4096,16,4.0,0.0007280315934357,2411424.0,0.0077635000197915,0.0001844106050846,0.0079479106248761,43016,128,qpsk,8,2,3.4646744738732576,low_sparse,42001,N128_qpsk_low_sparse_S8_42001_285578ca
14,otfs:symbol:L8:K16,otfs,symbol,8,16,2077184.0,212992.0,6272.0,2296448.0,368000.0,2669568.0,590856,1,5120,6.203666125359497e-06,0.00439453125,0.001708984375,0.0028415563597389,7,4096,16,8.0,4.202452136794001e-07,2497472.0,0.0073008000181289,0.0002358918578245,0.0075366918759534,43016,128,qpsk,8,2,3.4646744738732576,low_sparse,42001,N128_qpsk_low_sparse_S8_42001_285578ca
15,otfs:symbol:L16:K8,otfs,symbol,16,8,2077184.0,212992.0,12416.0,2302592.0,335168.0,2642880.0,631816,1,5120,0.0,0.004638671875,0.001708984375,0.0028415563597389,7,4096,16,8.0,4.204674329056408e-07,2642880.0,0.0074352000083308,0.0003904856044534,0.0078256856127843,83976,128,qpsk,8,2,3.4646744738732576,low_sparse,42001,N128_qpsk_low_sparse_S8_42001_285578ca
16,otfs:symbol:L32:K16,otfs,symbol,32,16,2077184.0,212992.0,24704.0,2314880.0,1179008.0,3499008.0,713736,1,5120,0.0,0.004638671875,0.001708984375,0.0028415563597389,7,4096,16,8.0,4.204674329056409e-07,2933696.0,0.0080101000203285,0.0002990356066,0.0083091356269285,165896,128,qpsk,8,2,3.4646744738732576,low_sparse,42001,N128_qpsk_low_sparse_S8_42001_285578ca
17,otfs:time:L0:K2,otfs,time,0,2,12800.0,0.0,1664.0,14464.0,36112.0,55696.0,35848,1,5120,0.0,0.003662109375,0.001953125,0.0028527216536727,8,4096,16,2.0,0.0299032730227917,55696.0,0.0004601999971782,0.0001507606035154,0.0006109606006937,12296,128,qpsk,8,2,3.4646744738732576,low_sparse,42001,N128_qpsk_low_sparse_S8_42001_285578ca
18,otfs:time:L0:K4,otfs,time,0,4,12800.0,0.0,1664.0,14464.0,54560.0,74144.0,35848,1,5120,0.0,0.00439453125,0.001708984375,0.0028415563597389,7,4096,16,4.0,0.0007284750437995,74144.0,0.000482200004626,0.0001741356077907,0.0006563356124168,12296,128,qpsk,8,2,3.4646744738732576,low_sparse,42001,N128_qpsk_low_sparse_S8_42001_285578ca
19,otfs:time:L0:K8,otfs,time,0,8,12800.0,0.0,1664.0,14464.0,91456.0,111040.0,35848,1,5120,0.0,0.004638671875,0.001708984375,0.0028415563597389,7,4096,16,8.0,4.204674329056409e-07,111040.0,0.0004904000088572,0.0002806418575125,0.0007710418663698,12296,128,qpsk,8,2,3.4646744738732576,low_sparse,42001,N128_qpsk_low_sparse_S8_42001_285578ca
20,otfs:time:L0:K16,otfs,time,0,16,12800.0,0.0,1664.0,14464.0,165248.0,184832.0,35848,1,5120,0.0,0.004638671875,0.001708984375,0.0028415563597389,7,4096,16,8.0,4.204674329056409e-07,111040.0,0.000556900005904,0.0002557231096723,0.0008126231155763,12296,128,qpsk,8,2,3.4646744738732576,low_sparse,42001,N128_qpsk_low_sparse_S8_42001_285578ca
21,otfs:dense:L128:K0,otfs,dense,128,0,2077184.0,0.0,0.0,24447061.33333333,408320.0,24860501.33333333,1073152,1,5120,0.0,0.004638671875,0.001708984375,0.0028415563597389,7,4096,16,0.0,3.577993373872932e-16,24860501.33333333,0.0074521000206004,0.0002689668577438,0.0077210668783443,786432,128,qpsk,8,2,3.4646744738732576,low_sparse,42001,N128_qpsk_low_sparse_S8_42001_285578ca
22,afdm:symbol:L4:K2,afdm,symbol,4,2,1828096.0,212992.0,3200.0,2044288.0,44304.0,2093712.0,570376,1,5120,1.756364054716908e-05,0.00244140625,0.00048828125,0.0013342383809843,2,4096,16,2.0,0.0301367009517985,2093712.0,0.0040192000160459,0.0001098412854899,0.0041290413015358,22536,128,qpsk,8,2,3.4646744738732576,low_sparse,42001,N128_qpsk_low_sparse_S8_42001_285578ca
23,afdm:symbol:L4:K8,afdm,symbol,4,8,1828096.0,212992.0,3200.0,2044288.0,124224.0,2173632.0,570376,1,5120,1.756364054716908e-05,0.00146484375,0.000732421875,0.0015746597164645,3,4096,16,8.0,4.065046029020117e-07,2173632.0,0.0040109000110533,0.0002210850376341,0.0042319850486874,22536,128,qpsk,8,2,3.4646744738732576,low_sparse,42001,N128_qpsk_low_sparse_S8_42001_285578ca
24,afdm:symbol:L8:K4,afdm,symbol,8,4,1828096.0,212992.0,6272.0,2047360.0,107808.0,2160288.0,590856,1,5120,9.420667770876356e-06,0.00146484375,0.000732421875,0.0015746597164645,3,4096,16,4.0,0.0007318383300315,2160288.0,0.0041089000151259,0.0001448412873342,0.0042537413024602,43016,128,qpsk,8,2,3.4646744738732576,low_sparse,42001,N128_qpsk_low_sparse_S8_42001_285578ca
25,afdm:symbol:L8:K16,afdm,symbol,8,16,1828096.0,212992.0,6272.0,2047360.0,365952.0,2418432.0,590856,1,5120,9.420667770876356e-06,0.00146484375,0.000732421875,0.0015746597164645,3,4096,16,8.0,4.069988162545033e-07,2246336.0,0.0041859000193653,0.0002255350351388,0.0044114350545042,43016,128,qpsk,8,2,3.4646744738732576,low_sparse,42001,N128_qpsk_low_sparse_S8_42001_285578ca
26,afdm:symbol:L16:K8,afdm,symbol,16,8,1828096.0,212992.0,12416.0,2053504.0,333120.0,2391744.0,631816,1,5120,4.070267385136717e-06,0.00146484375,0.000732421875,0.0015746597164645,3,4096,16,8.0,4.071433322527826e-07,2391744.0,0.004307500028517,0.0002253225371587,0.0045328225656758,83976,128,qpsk,8,2,3.4646744738732576,low_sparse,42001,N128_qpsk_low_sparse_S8_42001_285578ca
27,afdm:symbol:L32:K16,afdm,symbol,32,16,1828096.0,212992.0,24704.0,2065792.0,1176960.0,3247872.0,713736,1,5120,1.4049987075992476e-06,0.00146484375,0.000732421875,0.0015746597164645,3,4096,16,8.0,4.074460132778271e-07,2682560.0,0.0042045000154757,0.0002719537829817,0.0044764537984574,165896,128,qpsk,8,2,3.4646744738732576,low_sparse,42001,N128_qpsk_low_sparse_S8_42001_285578ca
28,afdm:time:L0:K2,afdm,time,0,2,25856.0,0.0,1664.0,27520.0,34064.0,66704.0,35848,1,5120,0.0,0.00244140625,0.00048828125,0.0013342383809843,2,4096,16,2.0,0.0301462916148834,66704.0,0.0005075000080978,0.0001064600397567,0.0006139600478546,12296,128,qpsk,8,2,3.4646744738732576,low_sparse,42001,N128_qpsk_low_sparse_S8_42001_285578ca
29,afdm:time:L0:K4,afdm,time,0,4,25856.0,0.0,1664.0,27520.0,52512.0,85152.0,35848,1,5120,0.0,0.00146484375,0.000732421875,0.0015746597164645,3,4096,16,4.0,0.0007319069258882,85152.0,0.0004810000100405,0.0001470912880959,0.0006280912981365,12296,128,qpsk,8,2,3.4646744738732576,low_sparse,42001,N128_qpsk_low_sparse_S8_42001_285578ca
30,afdm:time:L0:K8,afdm,time,0,8,25856.0,0.0,1664.0,27520.0,89408.0,122048.0,35848,1,5120,0.0,0.00146484375,0.000732421875,0.0015746597164645,3,4096,16,8.0,4.066158995207039e-07,122048.0,0.0004942000086884,0.0002552225410964,0.0007494225497849,12296,128,qpsk,8,2,3.4646744738732576,low_sparse,42001,N128_qpsk_low_sparse_S8_42001_285578ca
31,afdm:time:L0:K16,afdm,time,0,16,25856.0,0.0,1664.0,27520.0,163200.0,195840.0,35848,1,5120,0.0,0.00146484375,0.000732421875,0.0015746597164645,3,4096,16,8.0,4.066158995207039e-07,122048.0,0.0005346000107238,0.0002299912899671,0.0007645913006909,12296,128,qpsk,8,2,3.4646744738732576,low_sparse,42001,N128_qpsk_low_sparse_S8_42001_285578ca
32,afdm:dense:L128:K0,afdm,dense,128,0,1828096.0,0.0,0.0,24197973.33333333,406272.0,24609365.33333333,1073152,1,5120,0.0,0.00146484375,0.000732421875,0.0015746597164645,3,4096,16,0.0,6.546360175369707e-16,24609365.33333333,0.0038847000250825,0.0001699537893783,0.0040546538144608,786432,128,qpsk,8,2,3.4646744738732576,low_sparse,42001,N128_qpsk_low_sparse_S8_42001_285578ca
0,ofdm:symbol:L4:K2,ofdm,symbol,4,2,1421824.0,212992.0,3200.0,1638016.0,41232.0,1684368.0,570376,1,5120,5.095368540752876e-05,0.20361328125,0.218994140625,0.0227086655712029,897,4096,16,2.0,5.968688794588541e-05,1684368.0,0.005172199991648,0.0001216342776167,0.0052938342692648,22536,128,qpsk,8,2,4.809150010245572,low_sparse,42002,N128_qpsk_low_sparse_S8_42002_32b7ff36
1,ofdm:symbol:L4:K8,ofdm,symbol,4,8,1421824.0,212992.0,3200.0,1638016.0,121152.0,1764288.0,570376,1,5120,5.095368540752876e-05,0.20361328125,0.218994140625,0.0227086655712029,897,4096,16,3.0,3.4037183897645764e-07,1697688.0,0.0048815999907674,0.000126021779193,0.0050076217699604,22536,128,qpsk,8,2,4.809150010245572,low_sparse,42002,N128_qpsk_low_sparse_S8_42002_32b7ff36
2,ofdm:symbol:L8:K4,ofdm,symbol,8,4,1421824.0,212992.0,6272.0,1641088.0,104736.0,1750944.0,590856,1,5120,2.6988412160311448e-05,0.2041015625,0.219970703125,0.0236844090682067,901,4096,16,3.0,6.335892561792044e-07,1729432.0,0.0047766999778104,0.0001259967780931,0.0049026967559036,43016,128,qpsk,8,2,4.809150010245572,low_sparse,42002,N128_qpsk_low_sparse_S8_42002_32b7ff36
3,ofdm:symbol:L8:K16,ofdm,symbol,8,16,1421824.0,212992.0,6272.0,1641088.0,362880.0,2009088.0,590856,1,5120,2.6988412160311448e-05,0.2041015625,0.219970703125,0.0236844090682067,901,4096,16,3.0,6.335892561792044e-07,1729432.0,0.0047345999919343,0.0001264280286484,0.0048610280205828,43016,128,qpsk,8,2,4.809150010245572,low_sparse,42002,N128_qpsk_low_sparse_S8_42002_32b7ff36
4,ofdm:symbol:L16:K8,ofdm,symbol,16,8,1421824.0,212992.0,12416.0,1647232.0,330048.0,1982400.0,631816,1,5120,1.245462948140652e-05,0.2041015625,0.2197265625,0.0240162908577178,900,4096,16,3.3125,6.524908421319533e-07,1804762.5,0.0049450999940745,0.0001405717808445,0.005085671774919,83976,128,qpsk,8,2,4.809150010245572,low_sparse,42002,N128_qpsk_low_sparse_S8_42002_32b7ff36
5,ofdm:symbol:L32:K16,ofdm,symbol,32,16,1421824.0,212992.0,24704.0,1659520.0,1173888.0,2838528.0,713736,1,5120,5.84980747708741e-06,0.203857421875,0.2197265625,0.0239314273737659,900,4096,16,3.125,8.240888031314238e-07,1928729.0,0.0053525999828707,0.0001688905309272,0.0055214905137979,165896,128,qpsk,8,2,4.809150010245572,low_sparse,42002,N128_qpsk_low_sparse_S8_42002_32b7ff36
6,ofdm:time:L0:K2,ofdm,time,0,2,12800.0,0.0,1664.0,14464.0,30992.0,50576.0,35848,1,5120,0.0,0.204345703125,0.220458984375,0.0247862259053068,903,4096,16,2.0,0.0413028323924943,50576.0,0.0009005000028992,0.000105009276536,0.0010055092794352,12296,128,qpsk,8,2,4.809150010245572,low_sparse,42002,N128_qpsk_low_sparse_S8_42002_32b7ff36
7,ofdm:time:L0:K4,ofdm,time,0,4,12800.0,0.0,1664.0,14464.0,49440.0,69024.0,35848,1,5120,0.0,0.203857421875,0.219482421875,0.0241732919315096,899,4096,16,4.0,0.0027209771662812,69024.0,0.0008582000009482,0.0001380655263126,0.0009962655272609,12296,128,qpsk,8,2,4.809150010245572,low_sparse,42002,N128_qpsk_low_sparse_S8_42002_32b7ff36
8,ofdm:time:L0:K8,ofdm,time,0,8,12800.0,0.0,1664.0,14464.0,86336.0,105920.0,35848,1,5120,0.0,0.203857421875,0.219482421875,0.0241732919315096,899,4096,16,8.0,1.25773893395286e-05,105920.0,0.0008271999977296,0.0001880842806492,0.0010152842783788,12296,128,qpsk,8,2,4.809150010245572,low_sparse,42002,N128_qpsk_low_sparse_S8_42002_32b7ff36
9,ofdm:time:L0:K16,ofdm,time,0,16,12800.0,0.0,1664.0,14464.0,160128.0,179712.0,35848,1,5120,0.0,0.203857421875,0.219482421875,0.0241732919315096,899,4096,16,10.0625,7.978199917652323e-07,124944.5,0.0008314000006066,0.000225215530532,0.0010566155311387,12296,128,qpsk,8,2,4.809150010245572,low_sparse,42002,N128_qpsk_low_sparse_S8_42002_32b7ff36
10,ofdm:dense:L128:K0,ofdm,dense,128,0,1421824.0,0.0,0.0,23791701.33333333,403200.0,24200021.33333333,1073152,1,5120,0.0,0.203857421875,0.219482421875,0.0241732919315096,899,4096,16,0.0,4.616741863609521e-16,24200021.33333333,0.0047602999839,0.0001473280304487,0.0049076280143488,786432,128,qpsk,8,2,4.809150010245572,low_sparse,42002,N128_qpsk_low_sparse_S8_42002_32b7ff36
11,otfs:symbol:L4:K2,otfs,symbol,4,2,2077184.0,212992.0,3200.0,2293376.0,46352.0,2344848.0,570376,1,5120,9.198812671795677e-05,0.2041015625,0.204833984375,0.0251528833636206,839,4096,16,2.0,0.0411956288777103,2344848.0,0.0072836999897845,0.000154260795639,0.0074379607854235,22536,128,qpsk,8,2,4.809150010245572,low_sparse,42002,N128_qpsk_low_sparse_S8_42002_32b7ff36
12,otfs:symbol:L4:K8,otfs,symbol,4,8,2077184.0,212992.0,3200.0,2293376.0,126272.0,2424768.0,570376,1,5120,9.198812671795677e-05,0.205078125,0.205322265625,0.0255938879187116,841,4096,16,8.0,1.2515751141866032e-05,2424768.0,0.007112599996617,0.000227204546277,0.007339804542894,22536,128,qpsk,8,2,4.809150010245572,low_sparse,42002,N128_qpsk_low_sparse_S8_42002_32b7ff36
13,otfs:symbol:L8:K4,otfs,symbol,8,4,2077184.0,212992.0,6272.0,2296448.0,109856.0,2411424.0,590856,1,5120,3.7345867929916565e-05,0.205322265625,0.205322265625,0.0259883079649081,841,4096,16,4.0,0.0027463607615396,2411424.0,0.0070256999897537,0.0001661670426211,0.0071918670323749,43016,128,qpsk,8,2,4.809150010245572,low_sparse,42002,N128_qpsk_low_sparse_S8_42002_32b7ff36
14,otfs:symbol:L8:K16,otfs,symbol,8,16,2077184.0,212992.0,6272.0,2296448.0,368000.0,2669568.0,590856,1,5120,3.7345867929916565e-05,0.20556640625,0.205322265625,0.0261444099515028,841,4096,16,10.0,8.410378062132677e-07,2540496.0,0.006991599992034,0.0002598857950171,0.0072514857870511,43016,128,qpsk,8,2,4.809150010245572,low_sparse,42002,N128_qpsk_low_sparse_S8_42002_32b7ff36
15,otfs:symbol:L16:K8,otfs,symbol,16,8,2077184.0,212992.0,12416.0,2302592.0,335168.0,2642880.0,631816,1,5120,0.0,0.205810546875,0.20556640625,0.024493360800578,842,4096,16,8.0,1.2520314809990127e-05,2642880.0,0.0071198999939952,0.0002845857948297,0.0074044857888249,83976,128,qpsk,8,2,4.809150010245572,low_sparse,42002,N128_qpsk_low_sparse_S8_42002_32b7ff36
16,otfs:symbol:L32:K16,otfs,symbol,32,16,2077184.0,212992.0,24704.0,2314880.0,1179008.0,3499008.0,713736,1,5120,0.0,0.205810546875,0.20556640625,0.024493360800578,842,4096,16,10.0,8.409863160806102e-07,3075024.0,0.0073884000012185,0.0003889482909609,0.0077773482921794,165896,128,qpsk,8,2,4.809150010245572,low_sparse,42002,N128_qpsk_low_sparse_S8_42002_32b7ff36
17,otfs:time:L0:K2,otfs,time,0,2,12800.0,0.0,1664.0,14464.0,36112.0,55696.0,35848,1,5120,0.0,0.20361328125,0.205078125,0.0246228055282766,840,4096,16,2.0,0.041190842678777,55696.0,0.0004580000095302,0.000143254542777,0.0006012545523073,12296,128,qpsk,8,2,4.809150010245572,low_sparse,42002,N128_qpsk_low_sparse_S8_42002_32b7ff36
18,otfs:time:L0:K4,otfs,time,0,4,12800.0,0.0,1664.0,14464.0,54560.0,74144.0,35848,1,5120,0.0,0.20556640625,0.20556640625,0.0256298823473816,842,4096,16,4.0,0.0027462849767214,74144.0,0.0004248000041116,0.0001767357985183,0.0006015358026299,12296,128,qpsk,8,2,4.809150010245572,low_sparse,42002,N128_qpsk_low_sparse_S8_42002_32b7ff36
19,otfs:time:L0:K8,otfs,time,0,8,12800.0,0.0,1664.0,14464.0,91456.0,111040.0,35848,1,5120,0.0,0.205810546875,0.20556640625,0.024493360800578,842,4096,16,8.0,1.2520314809990134e-05,111040.0,0.0004263000009814,0.0002692045477625,0.000695504548744,12296,128,qpsk,8,2,4.809150010245572,low_sparse,42002,N128_qpsk_low_sparse_S8_42002_32b7ff36
20,otfs:time:L0:K16,otfs,time,0,16,12800.0,0.0,1664.0,14464.0,165248.0,184832.0,35848,1,5120,0.0,0.205810546875,0.20556640625,0.024493360800578,842,4096,16,10.0,8.409863160806113e-07,129488.0,0.0004901000065729,0.0003402295428851,0.000830329549458,12296,128,qpsk,8,2,4.809150010245572,low_sparse,42002,N128_qpsk_low_sparse_S8_42002_32b7ff36
21,otfs:dense:L128:K0,otfs,dense,128,0,2077184.0,0.0,0.0,24447061.33333333,408320.0,24860501.33333333,1073152,1,5120,0.0,0.205810546875,0.20556640625,0.024493360800578,842,4096,16,0.0,2.343565083639559e-16,24860501.33333333,0.0070590999966952,0.0002679732974821,0.0073270732941774,786432,128,qpsk,8,2,4.809150010245572,low_sparse,42002,N128_qpsk_low_sparse_S8_42002_32b7ff36
22,afdm:symbol:L4:K2,afdm,symbol,4,2,1828096.0,212992.0,3200.0,2044288.0,44304.0,2093712.0,570376,1,5120,9.902009070927864e-05,0.20654296875,0.20458984375,0.0200135757147648,838,4096,16,2.0,0.0421990395434101,2093712.0,0.0055556000006617,0.0001292729168033,0.0056848729174651,22536,128,qpsk,8,2,4.809150010245572,low_sparse,42002,N128_qpsk_low_sparse_S8_42002_32b7ff36
23,afdm:symbol:L4:K8,afdm,symbol,4,8,1828096.0,212992.0,3200.0,2044288.0,124224.0,2173632.0,570376,1,5120,9.902009070927864e-05,0.20849609375,0.202392578125,0.0198268644324476,829,4096,16,8.0,1.270604683196468e-05,2173632.0,0.0054409000003943,0.0005768166694741,0.0060177166698684,22536,128,qpsk,8,2,4.809150010245572,low_sparse,42002,N128_qpsk_low_sparse_S8_42002_32b7ff36
24,afdm:symbol:L8:K4,afdm,symbol,8,4,1828096.0,212992.0,6272.0,2047360.0,107808.0,2160288.0,590856,1,5120,5.020806697841884e-05,0.2080078125,0.2021484375,0.019738483918372,828,4096,16,4.0,0.0027665152886358,2160288.0,0.0055764999997336,0.0001575479183719,0.0057340479181055,43016,128,qpsk,8,2,4.809150010245572,low_sparse,42002,N128_qpsk_low_sparse_S8_42002_32b7ff36
25,afdm:symbol:L8:K16,afdm,symbol,8,16,1828096.0,212992.0,6272.0,2047360.0,365952.0,2418432.0,590856,1,5120,5.020806697841884e-05,0.207763671875,0.20263671875,0.0194986707446249,830,4096,16,10.0,8.42274058712704e-07,2289360.0,0.0053631000046152,0.0002539104181613,0.0056170104227765,43016,128,qpsk,8,2,4.809150010245572,low_sparse,42002,N128_qpsk_low_sparse_S8_42002_32b7ff36
26,afdm:symbol:L16:K8,afdm,symbol,16,8,1828096.0,212992.0,12416.0,2053504.0,333120.0,2391744.0,631816,1,5120,2.2496035302910226e-05,0.208251953125,0.202392578125,0.0202331558311925,829,4096,16,8.0,1.271034226394571e-05,2391744.0,0.0053611000039381,0.0002362229162661,0.0055973229202043,83976,128,qpsk,8,2,4.809150010245572,low_sparse,42002,N128_qpsk_low_sparse_S8_42002_32b7ff36
27,afdm:symbol:L32:K16,afdm,symbol,32,16,1828096.0,212992.0,24704.0,2065792.0,1176960.0,3247872.0,713736,1,5120,7.432155477937741e-06,0.208251953125,0.2021484375,0.0201465577472306,828,4096,16,10.0,8.420345199789673e-07,2823888.0,0.0054837000061525,0.0003723291676413,0.0058560291737938,165896,128,qpsk,8,2,4.809150010245572,low_sparse,42002,N128_qpsk_low_sparse_S8_42002_32b7ff36
28,afdm:time:L0:K2,afdm,time,0,2,25856.0,0.0,1664.0,27520.0,34064.0,66704.0,35848,1,5120,0.0,0.208251953125,0.2060546875,0.0180139829224179,844,4096,16,2.0,0.042199890441406,66704.0,0.0006053999968571,0.0001565229132955,0.0007619229101526,12296,128,qpsk,8,2,4.809150010245572,low_sparse,42002,N128_qpsk_low_sparse_S8_42002_32b7ff36
29,afdm:time:L0:K4,afdm,time,0,4,25856.0,0.0,1664.0,27520.0,52512.0,85152.0,35848,1,5120,0.0,0.208251953125,0.201171875,0.0210599652282872,824,4096,16,4.0,0.0027683398536373,85152.0,0.0005904999998165,0.0001558479163412,0.0007463479161577,12296,128,qpsk,8,2,4.809150010245572,low_sparse,42002,N128_qpsk_low_sparse_S8_42002_32b7ff36
30,afdm:time:L0:K8,afdm,time,0,8,25856.0,0.0,1664.0,27520.0,89408.0,122048.0,35848,1,5120,0.0,0.20849609375,0.20166015625,0.0204659170272339,826,4096,16,8.0,1.2714543334385666e-05,122048.0,0.0005775000026915,0.0002265291697602,0.0008040291724517,12296,128,qpsk,8,2,4.809150010245572,low_sparse,42002,N128_qpsk_low_sparse_S8_42002_32b7ff36
31,afdm:time:L0:K16,afdm,time,0,16,25856.0,0.0,1664.0,27520.0,163200.0,195840.0,35848,1,5120,0.0,0.20849609375,0.20166015625,0.0204659170272339,826,4096,16,10.0,8.424056516381104e-07,140496.0,0.0006732000038027,0.0002503354200433,0.000923535423846,12296,128,qpsk,8,2,4.809150010245572,low_sparse,42002,N128_qpsk_low_sparse_S8_42002_32b7ff36
32,afdm:dense:L128:K0,afdm,dense,128,0,1828096.0,0.0,0.0,24197973.33333333,406272.0,24609365.33333333,1073152,1,5120,0.0,0.20849609375,0.20166015625,0.0204659170272339,826,4096,16,0.0,3.8417402142723117e-16,24609365.33333333,0.0053329999936977,0.0001977041667321,0.0055307041604299,786432,128,qpsk,8,2,4.809150010245572,low_sparse,42002,N128_qpsk_low_sparse_S8_42002_32b7ff36
0,ofdm:symbol:L4:K2,ofdm,symbol,4,2,1421824.0,212992.0,3200.0,1638016.0,41232.0,1684368.0,570376,1,5120,1.365598100155907e-05,0.231201171875,0.240966796875,0.0193333068496698,987,4096,16,2.0,1.3392896106090905e-05,1684368.0,0.0038328000082401,0.0001097433700896,0.0039425433783297,22536,128,qpsk,8,2,2.075628226237778,low_sparse,42003,N128_qpsk_low_sparse_S8_42003_b5ba0795
1,ofdm:symbol:L4:K8,ofdm,symbol,4,8,1421824.0,212992.0,3200.0,1638016.0,121152.0,1764288.0,570376,1,5120,1.365598100155907e-05,0.231201171875,0.240966796875,0.0193333068496698,987,4096,16,3.0,4.7147966195879237e-08,1697688.0,0.0037090999976499,0.0001195558693187,0.0038286558669686,22536,128,qpsk,8,2,2.075628226237778,low_sparse,42003,N128_qpsk_low_sparse_S8_42003_b5ba0795
2,ofdm:symbol:L8:K4,ofdm,symbol,8,4,1421824.0,212992.0,6272.0,1641088.0,104736.0,1750944.0,590856,1,5120,6.176189540685328e-06,0.231201171875,0.241455078125,0.0195686490893211,989,4096,16,3.0,6.43898421584659e-08,1729432.0,0.0038166999875102,0.0002476121203334,0.0040643121078436,43016,128,qpsk,8,2,2.075628226237778,low_sparse,42003,N128_qpsk_low_sparse_S8_42003_b5ba0795
3,ofdm:symbol:L8:K16,ofdm,symbol,8,16,1421824.0,212992.0,6272.0,1641088.0,362880.0,2009088.0,590856,1,5120,6.176189540685328e-06,0.231201171875,0.241455078125,0.0195686490893211,989,4096,16,3.0,6.43898421584659e-08,1729432.0,0.0038043999957153,0.0001326683718478,0.0039370683675632,43016,128,qpsk,8,2,2.075628226237778,low_sparse,42003,N128_qpsk_low_sparse_S8_42003_b5ba0795
4,ofdm:symbol:L16:K8,ofdm,symbol,16,8,1421824.0,212992.0,12416.0,1647232.0,330048.0,1982400.0,631816,1,5120,3.238132151084372e-06,0.2314453125,0.240478515625,0.0195556488227546,985,4096,16,3.0,8.80698012429666e-08,1792920.0,0.0038117999938549,0.0001319558700605,0.0039437558639154,83976,128,qpsk,8,2,2.075628226237778,low_sparse,42003,N128_qpsk_low_sparse_S8_42003_b5ba0795
5,ofdm:symbol:L32:K16,ofdm,symbol,32,16,1421824.0,212992.0,24704.0,1659520.0,1173888.0,2838528.0,713736,1,5120,1.4085148154485694e-06,0.23095703125,0.240478515625,0.0202205827954398,985,4096,16,3.0,9.901723022845744e-08,1919896.0,0.0038487999991048,0.0001566621208301,0.004005462119935,165896,128,qpsk,8,2,2.075628226237778,low_sparse,42003,N128_qpsk_low_sparse_S8_42003_b5ba0795
6,ofdm:time:L0:K2,ofdm,time,0,2,12800.0,0.0,1664.0,14464.0,30992.0,50576.0,35848,1,5120,0.0,0.23046875,0.23974609375,0.019236050394133,982,4096,16,2.0,0.0323786568945419,50576.0,0.0004965999978594,0.0001144933680596,0.0006110933659191,12296,128,qpsk,8,2,2.075628226237778,low_sparse,42003,N128_qpsk_low_sparse_S8_42003_b5ba0795
7,ofdm:time:L0:K4,ofdm,time,0,4,12800.0,0.0,1664.0,14464.0,49440.0,69024.0,35848,1,5120,0.0,0.23046875,0.239990234375,0.0202205827954398,983,4096,16,4.0,0.0016001561214886,69024.0,0.0004648000031011,0.0001355121234927,0.0006003121265938,12296,128,qpsk,8,2,2.075628226237778,low_sparse,42003,N128_qpsk_low_sparse_S8_42003_b5ba0795
8,ofdm:time:L0:K8,ofdm,time,0,8,12800.0,0.0,1664.0,14464.0,86336.0,105920.0,35848,1,5120,0.0,0.23046875,0.239990234375,0.0202205827954398,983,4096,16,8.0,4.03110996789674e-06,105920.0,0.0004528000135906,0.0002992308713918,0.0007520308849824,12296,128,qpsk,8,2,2.075628226237778,low_sparse,42003,N128_qpsk_low_sparse_S8_42003_b5ba0795
9,ofdm:time:L0:K16,ofdm,time,0,16,12800.0,0.0,1664.0,14464.0,160128.0,179712.0,35848,1,5120,0.0,0.23046875,0.239990234375,0.0202205827954398,983,4096,16,9.0,8.983761358945298e-07,115144.0,0.0004849000106332,0.0002216808702404,0.0007065808808737,12296,128,qpsk,8,2,2.075628226237778,low_sparse,42003,N128_qpsk_low_sparse_S8_42003_b5ba0795
10,ofdm:dense:L128:K0,ofdm,dense,128,0,1421824.0,0.0,0.0,23791701.33333333,403200.0,24200021.33333333,1073152,1,5120,0.0,0.23046875,0.239990234375,0.0202205827954398,983,4096,16,0.0,3.384809606339188e-16,24200021.33333333,0.0036093000089749,0.0001644058734062,0.0037737058823812,786432,128,qpsk,8,2,2.075628226237778,low_sparse,42003,N128_qpsk_low_sparse_S8_42003_b5ba0795
11,otfs:symbol:L4:K2,otfs,symbol,4,2,2077184.0,212992.0,3200.0,2293376.0,46352.0,2344848.0,570376,1,5120,2.8444907824720644e-05,0.21875,0.233642578125,0.0269207894048631,957,4096,16,2.0,0.0328637725042305,2344848.0,0.0075197999976808,0.0001413615563334,0.0076611615540142,22536,128,qpsk,8,2,2.075628226237778,low_sparse,42003,N128_qpsk_low_sparse_S8_42003_b5ba0795
12,otfs:symbol:L4:K8,otfs,symbol,4,8,2077184.0,212992.0,3200.0,2293376.0,126272.0,2424768.0,570376,1,5120,2.8444907824720644e-05,0.21923828125,0.233154296875,0.0262899137739835,955,4096,16,8.0,4.099014817747719e-06,2424768.0,0.0074534000013954,0.0002317303050486,0.0076851303064441,22536,128,qpsk,8,2,2.075628226237778,low_sparse,42003,N128_qpsk_low_sparse_S8_42003_b5ba0795
13,otfs:symbol:L8:K4,otfs,symbol,8,4,2077184.0,212992.0,6272.0,2296448.0,109856.0,2411424.0,590856,1,5120,1.103135049318471e-05,0.219482421875,0.232666015625,0.0262221124650342,953,4096,16,4.0,0.0016381950116809,2411424.0,0.0076094000105513,0.0002175365533813,0.0078269365639326,43016,128,qpsk,8,2,2.075628226237778,low_sparse,42003,N128_qpsk_low_sparse_S8_42003_b5ba0795
14,otfs:symbol:L8:K16,otfs,symbol,8,16,2077184.0,212992.0,6272.0,2296448.0,368000.0,2669568.0,590856,1,5120,1.103135049318471e-05,0.219482421875,0.232666015625,0.0255938879187116,953,4096,16,9.0625,8.753129334747005e-07,2520328.5,0.0075416000036057,0.0002984553019897,0.0078400553055954,43016,128,qpsk,8,2,2.075628226237778,low_sparse,42003,N128_qpsk_low_sparse_S8_42003_b5ba0795
15,otfs:symbol:L16:K8,otfs,symbol,16,8,2077184.0,212992.0,12416.0,2302592.0,335168.0,2642880.0,631816,1,5120,0.0,0.21923828125,0.232666015625,0.0262221124650342,953,4096,16,8.0,4.099526350967891e-06,2642880.0,0.0075372000137576,0.0002949240542048,0.0078321240679625,83976,128,qpsk,8,2,2.075628226237778,low_sparse,42003,N128_qpsk_low_sparse_S8_42003_b5ba0795
16,otfs:symbol:L32:K16,otfs,symbol,32,16,2077184.0,212992.0,24704.0,2314880.0,1179008.0,3499008.0,713736,1,5120,0.0,0.21923828125,0.232666015625,0.0262221124650342,953,4096,16,9.0625,8.752154468202414e-07,3008776.5,0.007684500014875,0.0005252990557974,0.0082097990706725,165896,128,qpsk,8,2,2.075628226237778,low_sparse,42003,N128_qpsk_low_sparse_S8_42003_b5ba0795
17,otfs:time:L0:K2,otfs,time,0,2,12800.0,0.0,1664.0,14464.0,36112.0,55696.0,35848,1,5120,0.0,0.218505859375,0.233642578125,0.0265018743655863,957,4096,16,2.0,0.032864979571331,55696.0,0.0006170000124257,0.0001751928029162,0.0007921928153419,12296,128,qpsk,8,2,2.075628226237778,low_sparse,42003,N128_qpsk_low_sparse_S8_42003_b5ba0795
18,otfs:time:L0:K4,otfs,time,0,4,12800.0,0.0,1664.0,14464.0,54560.0,74144.0,35848,1,5120,0.0,0.21923828125,0.232421875,0.0260676953255045,952,4096,16,4.0,0.0016381128623404,74144.0,0.0004868000105489,0.0002965428074358,0.0007833428179847,12296,128,qpsk,8,2,2.075628226237778,low_sparse,42003,N128_qpsk_low_sparse_S8_42003_b5ba0795
19,otfs:time:L0:K8,otfs,time,0,8,12800.0,0.0,1664.0,14464.0,91456.0,111040.0,35848,1,5120,0.0,0.21923828125,0.232666015625,0.0262221124650342,953,4096,16,8.0,4.099526350967896e-06,111040.0,0.0005791000003227,0.000365749054171,0.0009448490544937,12296,128,qpsk,8,2,2.075628226237778,low_sparse,42003,N128_qpsk_low_sparse_S8_42003_b5ba0795
20,otfs:time:L0:K16,otfs,time,0,16,12800.0,0.0,1664.0,14464.0,165248.0,184832.0,35848,1,5120,0.0,0.21923828125,0.232666015625,0.0262221124650342,953,4096,16,9.0625,8.752154468202424e-07,120840.5,0.0004597999941324,0.0002631990545606,0.0007229990486931,12296,128,qpsk,8,2,2.075628226237778,low_sparse,42003,N128_qpsk_low_sparse_S8_42003_b5ba0795
21,otfs:dense:L128:K0,otfs,dense,128,0,2077184.0,0.0,0.0,24447061.33333333,408320.0,24860501.33333333,1073152,1,5120,0.0,0.21923828125,0.232666015625,0.0262221124650342,953,4096,16,0.0,2.3699632391336996e-16,24860501.33333333,0.0071861000033095,0.0002492490511113,0.0074353490544209,786432,128,qpsk,8,2,2.075628226237778,low_sparse,42003,N128_qpsk_low_sparse_S8_42003_b5ba0795
22,afdm:symbol:L4:K2,afdm,symbol,4,2,1828096.0,212992.0,3200.0,2044288.0,44304.0,2093712.0,570376,1,5120,2.9574459899262e-05,0.220703125,0.22265625,0.0217256808485564,912,4096,16,2.0,0.0327192986269716,2093712.0,0.0048724999942351,0.00018588844851,0.0050583884427451,22536,128,qpsk,8,2,2.075628226237778,low_sparse,42003,N128_qpsk_low_sparse_S8_42003_b5ba0795
23,afdm:symbol:L4:K8,afdm,symbol,4,8,1828096.0,212992.0,3200.0,2044288.0,124224.0,2173632.0,570376,1,5120,2.9574459899262e-05,0.220458984375,0.224853515625,0.0220033784064077,921,4096,16,8.0,4.04262132206647e-06,2173632.0,0.0048106000031111,0.0002177571974298,0.005028357200541,22536,128,qpsk,8,2,2.075628226237778,low_sparse,42003,N128_qpsk_low_sparse_S8_42003_b5ba0795
24,afdm:symbol:L8:K4,afdm,symbol,8,4,1828096.0,212992.0,6272.0,2047360.0,107808.0,2160288.0,590856,1,5120,1.2774721067421169e-05,0.22021484375,0.22412109375,0.0226820524767334,918,4096,16,4.0,0.0016248632783865,2160288.0,0.0043532999843591,0.0001569946967775,0.0045102946811367,43016,128,qpsk,8,2,2.075628226237778,low_sparse,42003,N128_qpsk_low_sparse_S8_42003_b5ba0795
25,afdm:symbol:L8:K16,afdm,symbol,8,16,1828096.0,212992.0,6272.0,2047360.0,365952.0,2418432.0,590856,1,5120,1.2774721067421169e-05,0.220458984375,0.224365234375,0.0226862566198254,919,4096,16,9.0625,8.530278249873544e-07,2269192.5,0.0043928999948548,0.0004374009500734,0.0048303009449282,43016,128,qpsk,8,2,2.075628226237778,low_sparse,42003,N128_qpsk_low_sparse_S8_42003_b5ba0795
26,afdm:symbol:L16:K8,afdm,symbol,16,8,1828096.0,212992.0,12416.0,2053504.0,333120.0,2391744.0,631816,1,5120,4.396794976768703e-06,0.220947265625,0.2236328125,0.0231536632608283,916,4096,16,8.0,4.042902895031937e-06,2391744.0,0.004457299990463,0.0002744009449143,0.0047317009353774,83976,128,qpsk,8,2,2.075628226237778,low_sparse,42003,N128_qpsk_low_sparse_S8_42003_b5ba0795
27,afdm:symbol:L32:K16,afdm,symbol,32,16,1828096.0,212992.0,24704.0,2065792.0,1176960.0,3247872.0,713736,1,5120,1.616222001232792e-06,0.220947265625,0.22412109375,0.0234320740246986,918,4096,16,9.0625,8.544692418794635e-07,2757640.5,0.0046877999993739,0.0003243384477228,0.0050121384470967,165896,128,qpsk,8,2,2.075628226237778,low_sparse,42003,N128_qpsk_low_sparse_S8_42003_b5ba0795
28,afdm:time:L0:K2,afdm,time,0,2,25856.0,0.0,1664.0,27520.0,34064.0,66704.0,35848,1,5120,0.0,0.22119140625,0.22216796875,0.0225471059990476,910,4096,16,2.0,0.032722708997995,66704.0,0.0006032999808667,0.0001422509509266,0.0007455509317933,12296,128,qpsk,8,2,2.075628226237778,low_sparse,42003,N128_qpsk_low_sparse_S8_42003_b5ba0795
29,afdm:time:L0:K4,afdm,time,0,4,25856.0,0.0,1664.0,27520.0,52512.0,85152.0,35848,1,5120,0.0,0.220947265625,0.224365234375,0.0234795087932131,919,4096,16,4.0,0.0016253870305121,85152.0,0.0005929999897489,0.0001818009501276,0.0007748009398765,12296,128,qpsk,8,2,2.075628226237778,low_sparse,42003,N128_qpsk_low_sparse_S8_42003_b5ba0795
30,afdm:time:L0:K8,afdm,time,0,8,25856.0,0.0,1664.0,27520.0,89408.0,122048.0,35848,1,5120,0.0,0.220703125,0.224365234375,0.0233055639780984,919,4096,16,8.0,4.042710164514696e-06,122048.0,0.0006513999978778,0.0002879946956509,0.0009393946935288,12296,128,qpsk,8,2,2.075628226237778,low_sparse,42003,N128_qpsk_low_sparse_S8_42003_b5ba0795
31,afdm:time:L0:K16,afdm,time,0,16,25856.0,0.0,1664.0,27520.0,163200.0,195840.0,35848,1,5120,0.0,0.220703125,0.224365234375,0.0233055639780984,919,4096,16,9.0625,8.534368529402354e-07,131848.5,0.0006419999845093,0.0002498821973913,0.0008918821819007,12296,128,qpsk,8,2,2.075628226237778,low_sparse,42003,N128_qpsk_low_sparse_S8_42003_b5ba0795
32,afdm:dense:L128:K0,afdm,dense,128,0,1828096.0,0.0,0.0,24197973.33333333,406272.0,24609365.33333333,1073152,1,5120,0.0,0.220703125,0.224365234375,0.0233055639780984,919,4096,16,0.0,3.0079861322910507e-16,24609365.33333333,0.0041952000028686,0.0001977946982206,0.0043929947010893,786432,128,qpsk,8,2,2.075628226237778,low_sparse,42003,N128_qpsk_low_sparse_S8_42003_b5ba0795
0,ofdm:symbol:L4:K2,ofdm,symbol,4,2,9547776.0,917504.0,6400.0,10471680.0,85008.0,10593552.0,2189320,1,36864,0.1607467369433475,0.20208740234375,0.20037841796875,0.0112888752394899,3283,16384,16,2.0,0.1568564734684826,10593552.0,0.011361000011675,0.0001398746213233,0.0115008746329983,45064,256,qam16,18,8,1997.6940326655729,high_rich,42001,N256_qam16_high_rich_S18_42001_d4f828e8
1,ofdm:symbol:L4:K8,ofdm,symbol,4,8,9547776.0,917504.0,6400.0,10471680.0,244800.0,10753344.0,2189320,1,36864,0.1607467369433475,0.19036865234375,0.19134521484375,0.0148423311325026,3135,16384,16,8.0,0.0172775582508524,10753344.0,0.0112703000049805,0.0002613746197091,0.0115316746246896,45064,256,qam16,18,8,1997.6940326655729,high_rich,42001,N256_qam16_high_rich_S18_42001_d4f828e8
2,ofdm:symbol:L8:K4,ofdm,symbol,8,4,9547776.0,917504.0,12544.0,10477824.0,212000.0,10726688.0,2230280,1,36864,0.0514597036728948,0.1297607421875,0.12860107421875,0.0124025680241369,2107,16384,16,4.0,0.0647248915782294,10726688.0,0.0111616000212961,0.0001746308731305,0.0113362308944267,86024,256,qam16,18,8,1997.6940326655729,high_rich,42001,N256_qam16_high_rich_S18_42001_d4f828e8
3,ofdm:symbol:L8:K16,ofdm,symbol,8,16,9547776.0,917504.0,12544.0,10477824.0,728192.0,11242880.0,2230280,1,36864,0.0514597036728948,0.12158203125,0.12408447265625,0.0156431728222524,2033,16384,16,16.0,0.0037716253942426,11242880.0,0.0109358000190695,0.0004236496184382,0.0113594496375078,86024,256,qam16,18,8,1997.6940326655729,high_rich,42001,N256_qam16_high_rich_S18_42001_d4f828e8
4,ofdm:symbol:L16:K8,ofdm,symbol,16,8,9547776.0,917504.0,24832.0,10490112.0,662592.0,11189568.0,2312200,1,36864,0.0138152782118632,0.06640625,0.0665283203125,0.0106612421388731,1090,16384,16,8.0,0.0177250372919247,11189568.0,0.0111162000102922,0.0003866433731452,0.0115028433834375,167944,256,qam16,18,8,1997.6940326655729,high_rich,42001,N256_qam16_high_rich_S18_42001_d4f828e8
5,ofdm:symbol:L32:K16,ofdm,symbol,32,16,9547776.0,917504.0,49408.0,10514688.0,2350208.0,12901760.0,2476040,1,36864,0.003874033481066,0.0439453125,0.04144287109375,0.0101548022681099,679,16384,16,16.0,0.0030831532743751,12901760.0,0.0122573000116972,0.0006691371259655,0.0129264371376627,331784,256,qam16,18,8,1997.6940326655729,high_rich,42001,N256_qam16_high_rich_S18_42001_d4f828e8
6,ofdm:time:L0:K2,ofdm,time,0,2,110592.0,0.0,12544.0,123136.0,125968.0,285968.0,133128,1,36864,0.0,0.19134521484375,0.1845703125,0.0113829939144202,3024,16384,16,2.0,0.171504611647967,285968.0,0.0011321000056341,0.0001411246235654,0.0012732246291996,86024,256,qam16,18,8,1997.6940326655729,high_rich,42001,N256_qam16_high_rich_S18_42001_d4f828e8
7,ofdm:time:L0:K4,ofdm,time,0,4,110592.0,0.0,12544.0,123136.0,212000.0,372000.0,133128,1,36864,0.0,0.1036376953125,0.09832763671875,0.0116355485535844,1611,16384,16,4.0,0.0629661363708157,372000.0,0.0012022000009892,0.0001778308729406,0.0013800308739298,86024,256,qam16,18,8,1997.6940326655729,high_rich,42001,N256_qam16_high_rich_S18_42001_d4f828e8
8,ofdm:time:L0:K8,ofdm,time,0,8,110592.0,0.0,12544.0,123136.0,384064.0,544064.0,133128,1,36864,0.0,0.05206298828125,0.05029296875,0.0107687880875704,824,16384,16,8.0,0.0177190957045934,544064.0,0.0011126000026706,0.0002912121222614,0.001403812124932,86024,256,qam16,18,8,1997.6940326655729,high_rich,42001,N256_qam16_high_rich_S18_42001_d4f828e8
9,ofdm:time:L0:K16,ofdm,time,0,16,110592.0,0.0,12544.0,123136.0,728192.0,888192.0,133128,1,36864,0.0,0.03662109375,0.0341796875,0.0100984936286412,560,16384,16,16.0,0.0033197743489548,888192.0,0.0011571000068215,0.0004129496215462,0.0015700496283677,86024,256,qam16,18,8,1997.6940326655729,high_rich,42001,N256_qam16_high_rich_S18_42001_d4f828e8
10,ofdm:dense:L256:K0,ofdm,dense,256,0,9547776.0,0.0,0.0,188505258.66666663,1595392.0,190137514.66666663,4243456,1,36864,0.0,0.0318603515625,0.03143310546875,0.0101375701487944,515,16384,16,0.0,7.525875788922378e-16,190137514.66666663,0.0139651000063167,0.0003723746172688,0.0143374746235856,3145728,256,qam16,18,8,1997.6940326655729,high_rich,42001,N256_qam16_high_rich_S18_42001_d4f828e8
11,otfs:symbol:L4:K2,otfs,symbol,4,2,12169216.0,917504.0,6400.0,13093120.0,95248.0,13225232.0,2189320,1,36864,0.2305785225237471,0.22509765625,0.224609375,0.0135222466919871,3680,16384,16,2.0,0.1932079448225004,13225232.0,0.0213354000152321,0.0001706816266243,0.0215060816418565,45064,256,qam16,18,8,1997.6940326655729,high_rich,42001,N256_qam16_high_rich_S18_42001_d4f828e8
12,otfs:symbol:L4:K8,otfs,symbol,4,8,12169216.0,917504.0,6400.0,13093120.0,255040.0,13385024.0,2189320,1,36864,0.2305785225237471,0.2275390625,0.22509765625,0.0180738828842343,3688,16384,16,8.0,0.0236750800409475,13385024.0,0.02140720000898,0.0007612816290213,0.0221684816380013,45064,256,qam16,18,8,1997.6940326655729,high_rich,42001,N256_qam16_high_rich_S18_42001_d4f828e8
13,otfs:symbol:L8:K4,otfs,symbol,8,4,12169216.0,917504.0,12544.0,13099264.0,222240.0,13358368.0,2230280,1,36864,0.1011263307326429,0.166015625,0.1646728515625,0.0171084348283827,2698,16384,16,4.0,0.0819941791294288,13358368.0,0.0233743000135291,0.0002377441288637,0.0236120441423929,86024,256,qam16,18,8,1997.6940326655729,high_rich,42001,N256_qam16_high_rich_S18_42001_d4f828e8
14,otfs:symbol:L8:K16,otfs,symbol,8,16,12169216.0,917504.0,12544.0,13099264.0,738432.0,13874560.0,2230280,1,36864,0.1011263307326429,0.17657470703125,0.17742919921875,0.0177462974949209,2907,16384,16,16.0,0.0068880905878648,13874560.0,0.0220970999944256,0.0004463316273551,0.0225434316217808,86024,256,qam16,18,8,1997.6940326655729,high_rich,42001,N256_qam16_high_rich_S18_42001_d4f828e8
15,otfs:symbol:L16:K8,otfs,symbol,16,8,12169216.0,917504.0,24832.0,13111552.0,672832.0,13821248.0,2312200,1,36864,0.0439092722077598,0.1158447265625,0.11151123046875,0.0111129136742631,1827,16384,16,8.0,0.0220208077988396,13821248.0,0.0219098000088706,0.0003575753754568,0.0222673753843275,167944,256,qam16,18,8,1997.6940326655729,high_rich,42001,N256_qam16_high_rich_S18_42001_d4f828e8
16,otfs:symbol:L32:K16,otfs,symbol,32,16,12169216.0,917504.0,49408.0,13136128.0,2360448.0,15533440.0,2476040,1,36864,0.0112739781089278,0.06292724609375,0.059326171875,0.0110858842787071,972,16384,16,16.0,0.0040479121307898,15533440.0,0.0220182000048225,0.0006495753788123,0.0226677753836349,331784,256,qam16,18,8,1997.6940326655729,high_rich,42001,N256_qam16_high_rich_S18_42001_d4f828e8
17,otfs:time:L0:K2,otfs,time,0,2,110592.0,0.0,12544.0,123136.0,136208.0,296208.0,133128,1,36864,0.0,0.19549560546875,0.1968994140625,0.0109669606487289,3226,16384,16,2.0,0.1693221627430408,296208.0,0.0011929000174859,0.0002466503766492,0.0014395503941352,86024,256,qam16,18,8,1997.6940326655729,high_rich,42001,N256_qam16_high_rich_S18_42001_d4f828e8
18,otfs:time:L0:K4,otfs,time,0,4,110592.0,0.0,12544.0,123136.0,222240.0,382240.0,133128,1,36864,0.0,0.11444091796875,0.1142578125,0.0146506074781616,1872,16384,16,4.0,0.0633851978735662,382240.0,0.0013572000025305,0.0002741941317446,0.0016313941342752,86024,256,qam16,18,8,1997.6940326655729,high_rich,42001,N256_qam16_high_rich_S18_42001_d4f828e8
19,otfs:time:L0:K8,otfs,time,0,8,110592.0,0.0,12544.0,123136.0,394304.0,554304.0,133128,1,36864,0.0,0.054931640625,0.05279541015625,0.0130507570380867,865,16384,16,8.0,0.0181984233872076,554304.0,0.0011719000031007,0.0002842128779968,0.0014561128810975,86024,256,qam16,18,8,1997.6940326655729,high_rich,42001,N256_qam16_high_rich_S18_42001_d4f828e8
20,otfs:time:L0:K16,otfs,time,0,16,110592.0,0.0,12544.0,123136.0,738432.0,898432.0,133128,1,36864,0.0,0.034912109375,0.03277587890625,0.0118909267231861,537,16384,16,16.0,0.0033607486976955,898432.0,0.0011818000057246,0.000481025379596,0.0016628253853206,86024,256,qam16,18,8,1997.6940326655729,high_rich,42001,N256_qam16_high_rich_S18_42001_d4f828e8
21,otfs:dense:L256:K0,otfs,dense,256,0,12169216.0,0.0,0.0,191126698.66666663,1605632.0,192769194.66666663,4243456,1,36864,0.0,0.03173828125,0.02874755859375,0.0102792577852113,471,16384,16,0.0,5.332106637115199e-16,192769194.66666663,0.0244114000088302,0.0004369253748529,0.0248483253836831,3145728,256,qam16,18,8,1997.6940326655729,high_rich,42001,N256_qam16_high_rich_S18_42001_d4f828e8
22,afdm:symbol:L4:K2,afdm,symbol,4,2,11146752.0,917504.0,6400.0,12070656.0,91152.0,12198672.0,2189320,1,36864,0.1502297955870662,0.21124267578125,0.2064208984375,0.008956556513622,3382,16384,16,2.0,0.1697022599102284,12198672.0,0.0115960999974049,0.0001313668560187,0.0117274668534236,45064,256,qam16,18,8,1997.6940326655729,high_rich,42001,N256_qam16_high_rich_S18_42001_d4f828e8
23,afdm:symbol:L4:K8,afdm,symbol,4,8,11146752.0,917504.0,6400.0,12070656.0,250944.0,12358464.0,2189320,1,36864,0.1502297955870662,0.1925048828125,0.18817138671875,0.013600626992751,3083,16384,16,8.0,0.0211175508302758,12358464.0,0.0113760999956866,0.000433398106631,0.0118094981023177,45064,256,qam16,18,8,1997.6940326655729,high_rich,42001,N256_qam16_high_rich_S18_42001_d4f828e8
24,afdm:symbol:L8:K4,afdm,symbol,8,4,11146752.0,917504.0,12544.0,12076800.0,218144.0,12331808.0,2230280,1,36864,0.0648730429141595,0.1473388671875,0.1387939453125,0.0137084471785775,2274,16384,16,4.0,0.0685259525700402,12331808.0,0.0130792999843833,0.0004013918521168,0.0134806918365002,86024,256,qam16,18,8,1997.6940326655729,high_rich,42001,N256_qam16_high_rich_S18_42001_d4f828e8
25,afdm:symbol:L8:K16,afdm,symbol,8,16,11146752.0,917504.0,12544.0,12076800.0,734336.0,12848000.0,2230280,1,36864,0.0648730429141595,0.14141845703125,0.13897705078125,0.0172632340606842,2277,16384,16,16.0,0.0059516323681137,12848000.0,0.0111733999947318,0.0003980731086785,0.0115714731034103,86024,256,qam16,18,8,1997.6940326655729,high_rich,42001,N256_qam16_high_rich_S18_42001_d4f828e8
26,afdm:symbol:L16:K8,afdm,symbol,16,8,11146752.0,917504.0,24832.0,12089088.0,668736.0,12794688.0,2312200,1,36864,0.0257412528789541,0.093017578125,0.08294677734375,0.0137621126864771,1359,16384,16,8.0,0.0185212017472713,12794688.0,0.0112702999904286,0.0002721418583832,0.0115424418488118,167944,256,qam16,18,8,1997.6940326655729,high_rich,42001,N256_qam16_high_rich_S18_42001_d4f828e8
27,afdm:symbol:L32:K16,afdm,symbol,32,16,11146752.0,917504.0,49408.0,12113664.0,2356352.0,14506880.0,2476040,1,36864,0.0068666448190001,0.05426025390625,0.044921875,0.0124959303270938,736,16384,16,16.0,0.003532911785264,14506880.0,0.0122143999906256,0.0005932981036466,0.0128076980942723,331784,256,qam16,18,8,1997.6940326655729,high_rich,42001,N256_qam16_high_rich_S18_42001_d4f828e8
28,afdm:time:L0:K2,afdm,time,0,2,136704.0,0.0,12544.0,149248.0,132112.0,318224.0,133128,1,36864,0.0,0.1954345703125,0.19244384765625,0.0115078060359897,3153,16384,16,2.0,0.1738972288807629,318224.0,0.0011401999945519,0.0001377356108577,0.0012779356054097,86024,256,qam16,18,8,1997.6940326655729,high_rich,42001,N256_qam16_high_rich_S18_42001_d4f828e8
29,afdm:time:L0:K4,afdm,time,0,4,136704.0,0.0,12544.0,149248.0,218144.0,404256.0,133128,1,36864,0.0,0.111572265625,0.1036376953125,0.0119277958330897,1698,16384,16,4.0,0.0646597934549969,404256.0,0.0011473000049591,0.0001885793541959,0.001335879359155,86024,256,qam16,18,8,1997.6940326655729,high_rich,42001,N256_qam16_high_rich_S18_42001_d4f828e8
30,afdm:time:L0:K8,afdm,time,0,8,136704.0,0.0,12544.0,149248.0,390208.0,576320.0,133128,1,36864,0.0,0.0556640625,0.04705810546875,0.0110325272840964,771,16384,16,8.0,0.0179234502575524,576320.0,0.0011411000014049,0.0003677606052378,0.0015088606066428,86024,256,qam16,18,8,1997.6940326655729,high_rich,42001,N256_qam16_high_rich_S18_42001_d4f828e8
31,afdm:time:L0:K16,afdm,time,0,16,136704.0,0.0,12544.0,149248.0,734336.0,920448.0,133128,1,36864,0.0,0.03607177734375,0.03045654296875,0.0096623362564747,499,16384,16,16.0,0.0034961040834406,920448.0,0.0011844999971799,0.0004290731064402,0.0016135731036201,86024,256,qam16,18,8,1997.6940326655729,high_rich,42001,N256_qam16_high_rich_S18_42001_d4f828e8
32,afdm:dense:L256:K0,afdm,dense,256,0,11146752.0,0.0,0.0,190104234.66666663,1601536.0,191742634.66666663,4243456,1,36864,0.0,0.033203125,0.02642822265625,0.008472066645071,433,16384,16,0.0,6.679463013047452e-16,191742634.66666663,0.0137939999840455,0.00038369810745,0.0141776980914955,3145728,256,qam16,18,8,1997.6940326655729,high_rich,42001,N256_qam16_high_rich_S18_42001_d4f828e8
0,ofdm:symbol:L4:K2,ofdm,symbol,4,2,9547776.0,917504.0,6400.0,10471680.0,85008.0,10593552.0,2189320,1,36864,0.1234025631423086,0.2152099609375,0.2132568359375,0.013241337661705,3494,16384,16,2.0,0.1943146820324468,10593552.0,0.0107466000044951,0.0001418435596419,0.0108884435641371,45064,256,qam16,18,8,1870.3672426973865,high_rich,42002,N256_qam16_high_rich_S18_42002_ce9ae822
1,ofdm:symbol:L4:K8,ofdm,symbol,4,8,9547776.0,917504.0,6400.0,10471680.0,244800.0,10753344.0,2189320,1,36864,0.1234025631423086,0.18927001953125,0.1807861328125,0.0086164694354605,2962,16384,16,8.0,0.0195190535151192,10753344.0,0.0106873999902745,0.0002248810571031,0.0109122810473777,45064,256,qam16,18,8,1870.3672426973865,high_rich,42002,N256_qam16_high_rich_S18_42002_ce9ae822
2,ofdm:symbol:L8:K4,ofdm,symbol,8,4,9547776.0,917504.0,12544.0,10477824.0,212000.0,10726688.0,2230280,1,36864,0.0280515064211375,0.155029296875,0.14117431640625,0.013916015625,2313,16384,16,4.0,0.0568657640690262,10726688.0,0.0105820999888237,0.0001839623120317,0.0107660623008555,86024,256,qam16,18,8,1870.3672426973865,high_rich,42002,N256_qam16_high_rich_S18_42002_ce9ae822
3,ofdm:symbol:L8:K16,ofdm,symbol,8,16,9547776.0,917504.0,12544.0,10477824.0,728192.0,11242880.0,2230280,1,36864,0.0280515064211375,0.1290283203125,0.11566162109375,0.0133898020090436,1895,16384,16,16.0,0.0047240933832374,11242880.0,0.0105039000045508,0.0012292685625211,0.0117331685670719,86024,256,qam16,18,8,1870.3672426973865,high_rich,42002,N256_qam16_high_rich_S18_42002_ce9ae822
4,ofdm:symbol:L16:K8,ofdm,symbol,16,8,9547776.0,917504.0,24832.0,10490112.0,662592.0,11189568.0,2312200,1,36864,0.0088752006391025,0.1181640625,0.1055908203125,0.0086679664028463,1730,16384,16,8.0,0.0138763542677498,11189568.0,0.0126671999896643,0.0004036935617036,0.013070893551368,167944,256,qam16,18,8,1870.3672426973865,high_rich,42002,N256_qam16_high_rich_S18_42002_ce9ae822
5,ofdm:symbol:L32:K16,ofdm,symbol,32,16,9547776.0,917504.0,49408.0,10514688.0,2350208.0,12901760.0,2476040,1,36864,0.003804848597577,0.098388671875,0.08831787109375,0.0101297276766124,1447,16384,16,16.0,0.0036707108639821,12901760.0,0.0110119999881135,0.0009067810634874,0.0119187810516009,331784,256,qam16,18,8,1870.3672426973865,high_rich,42002,N256_qam16_high_rich_S18_42002_ce9ae822
6,ofdm:time:L0:K2,ofdm,time,0,2,110592.0,0.0,12544.0,123136.0,125968.0,285968.0,133128,1,36864,0.0,0.216064453125,0.20880126953125,0.0098513086756679,3421,16384,16,2.0,0.1918662835700516,285968.0,0.0013383999903453,0.0001247435604013,0.0014631435507467,86024,256,qam16,18,8,1870.3672426973865,high_rich,42002,N256_qam16_high_rich_S18_42002_ce9ae822
7,ofdm:time:L0:K4,ofdm,time,0,4,110592.0,0.0,12544.0,123136.0,212000.0,372000.0,133128,1,36864,0.0,0.1474609375,0.1365966796875,0.0123931129526534,2238,16384,16,4.0,0.0667363990854677,372000.0,0.001259199983906,0.0001693435616757,0.0014285435455817,86024,256,qam16,18,8,1870.3672426973865,high_rich,42002,N256_qam16_high_rich_S18_42002_ce9ae822
8,ofdm:time:L0:K8,ofdm,time,0,8,110592.0,0.0,12544.0,123136.0,384064.0,544064.0,133128,1,36864,0.0,0.10992431640625,0.09722900390625,0.0097914291244804,1593,16384,16,8.0,0.0178871866624108,544064.0,0.0012988999806111,0.0002716060563684,0.0015705060369796,86024,256,qam16,18,8,1870.3672426973865,high_rich,42002,N256_qam16_high_rich_S18_42002_ce9ae822
9,ofdm:time:L0:K16,ofdm,time,0,16,110592.0,0.0,12544.0,123136.0,728192.0,888192.0,133128,1,36864,0.0,0.09271240234375,0.0833740234375,0.011980979892775,1366,16384,16,16.0,0.0046221328529747,888192.0,0.0012487999920267,0.0006476123136522,0.0018964123056789,86024,256,qam16,18,8,1870.3672426973865,high_rich,42002,N256_qam16_high_rich_S18_42002_ce9ae822
10,ofdm:dense:L256:K0,ofdm,dense,256,0,9547776.0,0.0,0.0,188505258.66666663,1595392.0,190137514.66666663,4243456,1,36864,0.0,0.088623046875,0.07843017578125,0.0110469248985016,1285,16384,16,0.0,6.839502623222777e-16,190137514.66666663,0.0128911999927368,0.0003913498086617,0.0132825498013985,3145728,256,qam16,18,8,1870.3672426973865,high_rich,42002,N256_qam16_high_rich_S18_42002_ce9ae822
11,otfs:symbol:L4:K2,otfs,symbol,4,2,12169216.0,917504.0,6400.0,13093120.0,95248.0,13225232.0,2189320,1,36864,0.3658061736641766,0.28399658203125,0.28875732421875,0.0089554473013234,4731,16384,16,2.0,0.2047244914869078,13225232.0,0.0197101999801816,0.0001879000018644,0.019898099982046,45064,256,qam16,18,8,1870.3672426973865,high_rich,42002,N256_qam16_high_rich_S18_42002_ce9ae822
12,otfs:symbol:L4:K8,otfs,symbol,4,8,12169216.0,917504.0,6400.0,13093120.0,255040.0,13385024.0,2189320,1,36864,0.3658061736641766,0.3089599609375,0.3101806640625,0.0165262345876733,5082,16384,16,8.0,0.0249673754305612,13385024.0,0.0200136999919777,0.0004095437515471,0.0204232437435249,45064,256,qam16,18,8,1870.3672426973865,high_rich,42002,N256_qam16_high_rich_S18_42002_ce9ae822
13,otfs:symbol:L8:K4,otfs,symbol,8,4,12169216.0,917504.0,12544.0,13099264.0,222240.0,13358368.0,2230280,1,36864,0.0982780640075193,0.19171142578125,0.1937255859375,0.0106552769728507,3174,16384,16,4.0,0.0896084200177655,13358368.0,0.0193808000040007,0.000217618745327,0.0195984187493278,86024,256,qam16,18,8,1870.3672426973865,high_rich,42002,N256_qam16_high_rich_S18_42002_ce9ae822
14,otfs:symbol:L8:K16,otfs,symbol,8,16,12169216.0,917504.0,12544.0,13099264.0,738432.0,13874560.0,2230280,1,36864,0.0982780640075193,0.19256591796875,0.190185546875,0.0105330010985439,3116,16384,16,16.0,0.0073895766410424,13874560.0,0.019252799989772,0.0005118062471493,0.0197646062369213,86024,256,qam16,18,8,1870.3672426973865,high_rich,42002,N256_qam16_high_rich_S18_42002_ce9ae822
15,otfs:symbol:L16:K8,otfs,symbol,16,8,12169216.0,917504.0,24832.0,13111552.0,672832.0,13821248.0,2312200,1,36864,0.0420855205471289,0.149658203125,0.15045166015625,0.0160008059537078,2465,16384,16,8.0,0.0228869086655709,13821248.0,0.02030509999895,0.0003168312495373,0.0206219312484873,167944,256,qam16,18,8,1870.3672426973865,high_rich,42002,N256_qam16_high_rich_S18_42002_ce9ae822
16,otfs:symbol:L32:K16,otfs,symbol,32,16,12169216.0,917504.0,49408.0,13136128.0,2360448.0,15533440.0,2476040,1,36864,0.0160790296290574,0.12115478515625,0.11962890625,0.0110715373278548,1960,16384,16,16.0,0.0055587036540287,15533440.0,0.0197639999969396,0.000705631251466,0.0204696312484057,331784,256,qam16,18,8,1870.3672426973865,high_rich,42002,N256_qam16_high_rich_S18_42002_ce9ae822
17,otfs:time:L0:K2,otfs,time,0,2,110592.0,0.0,12544.0,123136.0,136208.0,296208.0,133128,1,36864,0.0,0.21710205078125,0.2210693359375,0.0138331034691031,3622,16384,16,2.0,0.1905751012104051,296208.0,0.0016638999950373,0.0002230250010225,0.0018869249960599,86024,256,qam16,18,8,1870.3672426973865,high_rich,42002,N256_qam16_high_rich_S18_42002_ce9ae822
18,otfs:time:L0:K4,otfs,time,0,4,110592.0,0.0,12544.0,123136.0,222240.0,382240.0,133128,1,36864,0.0,0.15087890625,0.151123046875,0.0148253209337187,2476,16384,16,4.0,0.0700545484797031,382240.0,0.0017372000002069,0.0002797937476398,0.0020169937478468,86024,256,qam16,18,8,1870.3672426973865,high_rich,42002,N256_qam16_high_rich_S18_42002_ce9ae822
19,otfs:time:L0:K8,otfs,time,0,8,110592.0,0.0,12544.0,123136.0,394304.0,554304.0,133128,1,36864,0.0,0.11517333984375,0.11334228515625,0.019591277384761,1857,16384,16,8.0,0.0180178914704695,554304.0,0.0016407999937655,0.0003682187515633,0.0020090187453289,86024,256,qam16,18,8,1870.3672426973865,high_rich,42002,N256_qam16_high_rich_S18_42002_ce9ae822
20,otfs:time:L0:K16,otfs,time,0,16,110592.0,0.0,12544.0,123136.0,738432.0,898432.0,133128,1,36864,0.0,0.09930419921875,0.09295654296875,0.0170240315763591,1523,16384,16,16.0,0.0047069206667104,898432.0,0.0016302000003634,0.0009378562525936,0.002568056252957,86024,256,qam16,18,8,1870.3672426973865,high_rich,42002,N256_qam16_high_rich_S18_42002_ce9ae822
21,otfs:dense:L256:K0,otfs,dense,256,0,12169216.0,0.0,0.0,191126698.66666663,1605632.0,192769194.66666663,4243456,1,36864,0.0,0.09539794921875,0.09136962890625,0.0159470742582669,1497,16384,16,0.0,5.137346597599629e-16,192769194.66666663,0.0218499999900814,0.0010749624988503,0.0229249624889317,3145728,256,qam16,18,8,1870.3672426973865,high_rich,42002,N256_qam16_high_rich_S18_42002_ce9ae822
22,afdm:symbol:L4:K2,afdm,symbol,4,2,11146752.0,917504.0,6400.0,12070656.0,91152.0,12198672.0,2189320,1,36864,0.279748558867309,0.2613525390625,0.25982666015625,0.0155820893115796,4257,16384,16,2.0,0.2151406137834083,12198672.0,0.0212316999968606,0.0001500168552934,0.0213817168521541,45064,256,qam16,18,8,1870.3672426973865,high_rich,42002,N256_qam16_high_rich_S18_42002_ce9ae822
23,afdm:symbol:L4:K8,afdm,symbol,4,8,11146752.0,917504.0,6400.0,12070656.0,250944.0,12358464.0,2189320,1,36864,0.279748558867309,0.281982421875,0.28045654296875,0.0216089509419914,4595,16384,16,8.0,0.0289856300186091,12358464.0,0.0212685000005876,0.0002560418577173,0.0215245418583049,45064,256,qam16,18,8,1870.3672426973865,high_rich,42002,N256_qam16_high_rich_S18_42002_ce9ae822
24,afdm:symbol:L8:K4,afdm,symbol,8,4,11146752.0,917504.0,12544.0,12076800.0,218144.0,12331808.0,2230280,1,36864,0.072429989500212,0.175048828125,0.1722412109375,0.0121443704255192,2822,16384,16,4.0,0.0752785451333693,12331808.0,0.0210723999916808,0.0001883356033045,0.0212607355949854,86024,256,qam16,18,8,1870.3672426973865,high_rich,42002,N256_qam16_high_rich_S18_42002_ce9ae822
25,afdm:symbol:L8:K16,afdm,symbol,8,16,11146752.0,917504.0,12544.0,12076800.0,734336.0,12848000.0,2230280,1,36864,0.072429989500212,0.16766357421875,0.171142578125,0.015512698642505,2804,16384,16,16.0,0.0061644697922645,12848000.0,0.0214597000012872,0.0004269231001286,0.0218866231014158,86024,256,qam16,18,8,1870.3672426973865,high_rich,42002,N256_qam16_high_rich_S18_42002_ce9ae822
26,afdm:symbol:L16:K8,afdm,symbol,16,8,11146752.0,917504.0,24832.0,12089088.0,668736.0,12794688.0,2312200,1,36864,0.0190905837215292,0.12188720703125,0.119384765625,0.0102887243680202,1956,16384,16,8.0,0.0177540786204183,12794688.0,0.0216918999940389,0.0002912793568226,0.0219831793508615,167944,256,qam16,18,8,1870.3672426973865,high_rich,42002,N256_qam16_high_rich_S18_42002_ce9ae822
27,afdm:symbol:L32:K16,afdm,symbol,32,16,11146752.0,917504.0,49408.0,12113664.0,2356352.0,14506880.0,2476040,1,36864,0.0046238893167713,0.09967041015625,0.09466552734375,0.0175544862394703,1551,16384,16,16.0,0.0047866916097431,14506880.0,0.0217618000024231,0.0006197668560685,0.0223815668584916,331784,256,qam16,18,8,1870.3672426973865,high_rich,42002,N256_qam16_high_rich_S18_42002_ce9ae822
28,afdm:time:L0:K2,afdm,time,0,2,136704.0,0.0,12544.0,149248.0,132112.0,318224.0,133128,1,36864,0.0,0.212158203125,0.211181640625,0.0087673342529154,3460,16384,16,2.0,0.191445345643665,318224.0,0.0017897999932756,0.0001582043539725,0.0019480043472481,86024,256,qam16,18,8,1870.3672426973865,high_rich,42002,N256_qam16_high_rich_S18_42002_ce9ae822
29,afdm:time:L0:K4,afdm,time,0,4,136704.0,0.0,12544.0,149248.0,218144.0,404256.0,133128,1,36864,0.0,0.1424560546875,0.142822265625,0.0116288872239095,2340,16384,16,4.0,0.067281877664396,404256.0,0.0017931999900611,0.0001903231057054,0.0019835230957665,86024,256,qam16,18,8,1870.3672426973865,high_rich,42002,N256_qam16_high_rich_S18_42002_ce9ae822
30,afdm:time:L0:K8,afdm,time,0,8,136704.0,0.0,12544.0,149248.0,390208.0,576320.0,133128,1,36864,0.0,0.10821533203125,0.10589599609375,0.0116696494694496,1735,16384,16,8.0,0.018722901922956,576320.0,0.0017241000023204,0.0002914668527933,0.0020155668551138,86024,256,qam16,18,8,1870.3672426973865,high_rich,42002,N256_qam16_high_rich_S18_42002_ce9ae822
31,afdm:time:L0:K16,afdm,time,0,16,136704.0,0.0,12544.0,149248.0,734336.0,920448.0,133128,1,36864,0.0,0.091064453125,0.08636474609375,0.0157100903702987,1415,16384,16,16.0,0.0048044183014836,920448.0,0.0018461999861756,0.000425716856405,0.0022719168425806,86024,256,qam16,18,8,1870.3672426973865,high_rich,42002,N256_qam16_high_rich_S18_42002_ce9ae822
32,afdm:dense:L256:K0,afdm,dense,256,0,11146752.0,0.0,0.0,190104234.66666663,1601536.0,191742634.66666663,4243456,1,36864,0.0,0.08575439453125,0.08319091796875,0.0161106916716482,1363,16384,16,0.0,6.628592623316699e-16,191742634.66666663,0.0238733000005595,0.0003971543571947,0.0242704543577543,3145728,256,qam16,18,8,1870.3672426973865,high_rich,42002,N256_qam16_high_rich_S18_42002_ce9ae822
0,ofdm:symbol:L4:K2,ofdm,symbol,4,2,9547776.0,917504.0,6400.0,10471680.0,85008.0,10593552.0,2189320,1,36864,0.1603243647883631,0.233154296875,0.2366943359375,0.0135169561829391,3878,16384,16,2.0,0.1495510669591901,10593552.0,0.0108767000056104,0.0001317473430996,0.0110084473487101,45064,256,qam16,18,8,1942.0815707581664,high_rich,42003,N256_qam16_high_rich_S18_42003_c047118b
1,ofdm:symbol:L4:K8,ofdm,symbol,4,8,9547776.0,917504.0,6400.0,10471680.0,244800.0,10753344.0,2189320,1,36864,0.1603243647883631,0.250732421875,0.24542236328125,0.016104771071817,4021,16384,16,8.0,0.0263039316813994,10753344.0,0.0103364999959012,0.0003902161003376,0.0107267160962389,45064,256,qam16,18,8,1942.0815707581664,high_rich,42003,N256_qam16_high_rich_S18_42003_c047118b
2,ofdm:symbol:L8:K4,ofdm,symbol,8,4,9547776.0,917504.0,12544.0,10477824.0,212000.0,10726688.0,2230280,1,36864,0.0482717574826291,0.18231201171875,0.17791748046875,0.0138988723901272,2915,16384,16,4.0,0.0566387771181601,10726688.0,0.0101785999868297,0.0001761848513221,0.0103547848381519,86024,256,qam16,18,8,1942.0815707581664,high_rich,42003,N256_qam16_high_rich_S18_42003_c047118b
3,ofdm:symbol:L8:K16,ofdm,symbol,8,16,9547776.0,917504.0,12544.0,10477824.0,728192.0,11242880.0,2230280,1,36864,0.0482717574826291,0.16448974609375,0.165283203125,0.0110110760036934,2708,16384,16,16.0,0.0059813548148811,11242880.0,0.0102333999966504,0.0005196348471751,0.0107530348438255,86024,256,qam16,18,8,1942.0815707581664,high_rich,42003,N256_qam16_high_rich_S18_42003_c047118b
4,ofdm:symbol:L16:K8,ofdm,symbol,16,8,9547776.0,917504.0,24832.0,10490112.0,662592.0,11189568.0,2312200,1,36864,0.0134451700341529,0.12603759765625,0.1239013671875,0.0160183043681003,2030,16384,16,8.0,0.0172932422789915,11189568.0,0.010675400000764,0.0003097785990272,0.0109851785997913,167944,256,qam16,18,8,1942.0815707581664,high_rich,42003,N256_qam16_high_rich_S18_42003_c047118b
5,ofdm:symbol:L32:K16,ofdm,symbol,32,16,9547776.0,917504.0,49408.0,10514688.0,2350208.0,12901760.0,2476040,1,36864,0.0064447558861452,0.10089111328125,0.09765625,0.0157304385178399,1600,16384,16,16.0,0.004244312227332,12901760.0,0.0126221999962581,0.0005836410961516,0.0132058410924097,331784,256,qam16,18,8,1942.0815707581664,high_rich,42003,N256_qam16_high_rich_S18_42003_c047118b
6,ofdm:time:L0:K2,ofdm,time,0,2,110592.0,0.0,12544.0,123136.0,125968.0,285968.0,133128,1,36864,0.0,0.20465087890625,0.210205078125,0.0083055669415189,3444,16384,16,2.0,0.1435223571021426,285968.0,0.0013552000164054,0.0001335848470868,0.0014887848634922,86024,256,qam16,18,8,1942.0815707581664,high_rich,42003,N256_qam16_high_rich_S18_42003_c047118b
7,ofdm:time:L0:K4,ofdm,time,0,4,110592.0,0.0,12544.0,123136.0,212000.0,372000.0,133128,1,36864,0.0,0.15301513671875,0.15362548828125,0.0139377001190644,2517,16384,16,4.0,0.0478455203428692,372000.0,0.0012908000062452,0.0001902723485424,0.0014810723547877,86024,256,qam16,18,8,1942.0815707581664,high_rich,42003,N256_qam16_high_rich_S18_42003_c047118b
8,ofdm:time:L0:K8,ofdm,time,0,8,110592.0,0.0,12544.0,123136.0,384064.0,544064.0,133128,1,36864,0.0,0.1046142578125,0.100830078125,0.0133638097232417,1652,16384,16,8.0,0.015438546005318,544064.0,0.0012850000057369,0.0003997973496249,0.0016847973553619,86024,256,qam16,18,8,1942.0815707581664,high_rich,42003,N256_qam16_high_rich_S18_42003_c047118b
9,ofdm:time:L0:K16,ofdm,time,0,16,110592.0,0.0,12544.0,123136.0,728192.0,888192.0,133128,1,36864,0.0,0.0792236328125,0.078857421875,0.0147047528599829,1292,16384,16,16.0,0.0037041008467818,888192.0,0.0012871000071754,0.0004020161010582,0.0016891161082336,86024,256,qam16,18,8,1942.0815707581664,high_rich,42003,N256_qam16_high_rich_S18_42003_c047118b
10,ofdm:dense:L256:K0,ofdm,dense,256,0,9547776.0,0.0,0.0,188505258.66666663,1595392.0,190137514.66666663,4243456,1,36864,0.0,0.07293701171875,0.074462890625,0.0145176452610532,1220,16384,16,0.0,7.25143176226268e-16,190137514.66666663,0.0136295999982394,0.0004106223438308,0.0140402223420702,3145728,256,qam16,18,8,1942.0815707581664,high_rich,42003,N256_qam16_high_rich_S18_42003_c047118b
11,otfs:symbol:L4:K2,otfs,symbol,4,2,12169216.0,917504.0,6400.0,13093120.0,95248.0,13225232.0,2189320,1,36864,0.2485266207308476,0.25286865234375,0.25555419921875,0.0157373837192755,4187,16384,16,2.0,0.1779985017514524,13225232.0,0.0313886000076308,0.0001875772746147,0.0315761772822456,45064,256,qam16,18,8,1942.0815707581664,high_rich,42003,N256_qam16_high_rich_S18_42003_c047118b
12,otfs:symbol:L4:K8,otfs,symbol,4,8,12169216.0,917504.0,6400.0,13093120.0,255040.0,13385024.0,2189320,1,36864,0.2485266207308476,0.2822265625,0.2911376953125,0.0169366271672685,4770,16384,16,8.0,0.0277921040087054,13385024.0,0.0299181000009411,0.0002693085239529,0.0301874085248941,45064,256,qam16,18,8,1942.0815707581664,high_rich,42003,N256_qam16_high_rich_S18_42003_c047118b
13,otfs:symbol:L8:K4,otfs,symbol,8,4,12169216.0,917504.0,12544.0,13099264.0,222240.0,13358368.0,2230280,1,36864,0.116524966108353,0.20526123046875,0.2071533203125,0.0146890712465735,3394,16384,16,4.0,0.0686108578326394,13358368.0,0.0305265000060899,0.0002297022752331,0.030756202281323,86024,256,qam16,18,8,1942.0815707581664,high_rich,42003,N256_qam16_high_rich_S18_42003_c047118b
14,otfs:symbol:L8:K16,otfs,symbol,8,16,12169216.0,917504.0,12544.0,13099264.0,738432.0,13874560.0,2230280,1,36864,0.116524966108353,0.23114013671875,0.242919921875,0.0201607537967295,3980,16384,16,16.0,0.0064518777995469,13874560.0,0.0300645000097574,0.000488058523429,0.0305525585331865,86024,256,qam16,18,8,1942.0815707581664,high_rich,42003,N256_qam16_high_rich_S18_42003_c047118b
15,otfs:symbol:L16:K8,otfs,symbol,16,8,12169216.0,917504.0,24832.0,13111552.0,672832.0,13821248.0,2312200,1,36864,0.051953325957027,0.15692138671875,0.1673583984375,0.0128168015121159,2742,16384,16,8.0,0.0190448445604991,13821248.0,0.0302606000041123,0.0004222335215176,0.0306828335256299,167944,256,qam16,18,8,1942.0815707581664,high_rich,42003,N256_qam16_high_rich_S18_42003_c047118b
16,otfs:symbol:L32:K16,otfs,symbol,32,16,12169216.0,917504.0,49408.0,13136128.0,2360448.0,15533440.0,2476040,1,36864,0.0148806377610607,0.108642578125,0.1141357421875,0.0120813846112925,1870,16384,16,16.0,0.0042660673179909,15533440.0,0.0310968999983742,0.0008663335234318,0.0319632335218061,331784,256,qam16,18,8,1942.0815707581664,high_rich,42003,N256_qam16_high_rich_S18_42003_c047118b
17,otfs:time:L0:K2,otfs,time,0,2,110592.0,0.0,12544.0,123136.0,136208.0,296208.0,133128,1,36864,0.0,0.204833984375,0.205078125,0.0125922297340256,3360,16384,16,2.0,0.1428617476493164,296208.0,0.0014826000115135,0.0002400647731933,0.0017226647847068,86024,256,qam16,18,8,1942.0815707581664,high_rich,42003,N256_qam16_high_rich_S18_42003_c047118b
18,otfs:time:L0:K4,otfs,time,0,4,110592.0,0.0,12544.0,123136.0,222240.0,382240.0,133128,1,36864,0.0,0.15264892578125,0.15667724609375,0.0152125275284855,2567,16384,16,4.0,0.046823660247696,382240.0,0.0015481000154977,0.0002930897749551,0.0018411897904529,86024,256,qam16,18,8,1942.0815707581664,high_rich,42003,N256_qam16_high_rich_S18_42003_c047118b
19,otfs:time:L0:K8,otfs,time,0,8,110592.0,0.0,12544.0,123136.0,394304.0,554304.0,133128,1,36864,0.0,0.09814453125,0.1063232421875,0.0153949330040404,1742,16384,16,8.0,0.0151751618392235,554304.0,0.0015293000033125,0.0005198397735016,0.0020491397768141,86024,256,qam16,18,8,1942.0815707581664,high_rich,42003,N256_qam16_high_rich_S18_42003_c047118b
20,otfs:time:L0:K16,otfs,time,0,16,110592.0,0.0,12544.0,123136.0,738432.0,898432.0,133128,1,36864,0.0,0.0750732421875,0.08489990234375,0.0132249724380023,1391,16384,16,16.0,0.0035726222290608,898432.0,0.0015854999946895,0.0005478772696237,0.0021333772643133,86024,256,qam16,18,8,1942.0815707581664,high_rich,42003,N256_qam16_high_rich_S18_42003_c047118b
21,otfs:dense:L256:K0,otfs,dense,256,0,12169216.0,0.0,0.0,191126698.66666663,1605632.0,192769194.66666663,4243456,1,36864,0.0,0.0711669921875,0.08203125,0.0161137744558356,1344,16384,16,0.0,5.4966829747573e-16,192769194.66666663,0.0321612000116147,0.0004637835223051,0.0326249835339198,3145728,256,qam16,18,8,1942.0815707581664,high_rich,42003,N256_qam16_high_rich_S18_42003_c047118b
22,afdm:symbol:L4:K2,afdm,symbol,4,2,11146752.0,917504.0,6400.0,12070656.0,91152.0,12198672.0,2189320,1,36864,0.2422146923771605,0.2578125,0.2576904296875,0.015207955691034,4222,16384,16,2.0,0.1803268486827343,12198672.0,0.0113370999897597,0.0001592801141448,0.0114963801039045,45064,256,qam16,18,8,1942.0815707581664,high_rich,42003,N256_qam16_high_rich_S18_42003_c047118b
23,afdm:symbol:L4:K8,afdm,symbol,4,8,11146752.0,917504.0,6400.0,12070656.0,250944.0,12358464.0,2189320,1,36864,0.2422146923771605,0.2884521484375,0.28656005859375,0.0143168581084188,4695,16384,16,8.0,0.0291619060589493,12358464.0,0.0115492999902926,0.000311417614808,0.0118607176051007,45064,256,qam16,18,8,1942.0815707581664,high_rich,42003,N256_qam16_high_rich_S18_42003_c047118b
24,afdm:symbol:L8:K4,afdm,symbol,8,4,11146752.0,917504.0,12544.0,12076800.0,218144.0,12331808.0,2230280,1,36864,0.0974911140455303,0.19915771484375,0.2027587890625,0.0165761716065133,3322,16384,16,4.0,0.0727053171967233,12331808.0,0.0117824999906588,0.0003214801159408,0.0121039801065997,86024,256,qam16,18,8,1942.0815707581664,high_rich,42003,N256_qam16_high_rich_S18_42003_c047118b
25,afdm:symbol:L8:K16,afdm,symbol,8,16,11146752.0,917504.0,12544.0,12076800.0,734336.0,12848000.0,2230280,1,36864,0.0974911140455303,0.21221923828125,0.2178955078125,0.0187604239416311,3570,16384,16,16.0,0.006426335020367,12848000.0,0.0126960999914444,0.0010135488615339,0.0137096488529784,86024,256,qam16,18,8,1942.0815707581664,high_rich,42003,N256_qam16_high_rich_S18_42003_c047118b
26,afdm:symbol:L16:K8,afdm,symbol,16,8,11146752.0,917504.0,24832.0,12089088.0,668736.0,12794688.0,2312200,1,36864,0.0328303792800955,0.14154052734375,0.1505126953125,0.0155959813541634,2466,16384,16,8.0,0.0183559584835965,12794688.0,0.0125576999998884,0.000291636363341,0.0128493363632294,167944,256,qam16,18,8,1942.0815707581664,high_rich,42003,N256_qam16_high_rich_S18_42003_c047118b
27,afdm:symbol:L32:K16,afdm,symbol,32,16,11146752.0,917504.0,49408.0,12113664.0,2356352.0,14506880.0,2476040,1,36864,0.0094627294001082,0.104736328125,0.10888671875,0.0127078263645463,1784,16384,16,16.0,0.0043929902579459,14506880.0,0.012066599985701,0.0007449488644631,0.0128115488501641,331784,256,qam16,18,8,1942.0815707581664,high_rich,42003,N256_qam16_high_rich_S18_42003_c047118b
28,afdm:time:L0:K2,afdm,time,0,2,136704.0,0.0,12544.0,149248.0,132112.0,318224.0,133128,1,36864,0.0,0.2105712890625,0.21661376953125,0.0131900724339707,3549,16384,16,2.0,0.1454672859610965,318224.0,0.0011918999953195,0.0002757113657714,0.001467611361091,86024,256,qam16,18,8,1942.0815707581664,high_rich,42003,N256_qam16_high_rich_S18_42003_c047118b
29,afdm:time:L0:K4,afdm,time,0,4,136704.0,0.0,12544.0,149248.0,218144.0,404256.0,133128,1,36864,0.0,0.15484619140625,0.157958984375,0.0183963916502312,2588,16384,16,4.0,0.0493861280407773,404256.0,0.0011919999960809,0.0002253051148507,0.0014173051109316,86024,256,qam16,18,8,1942.0815707581664,high_rich,42003,N256_qam16_high_rich_S18_42003_c047118b
30,afdm:time:L0:K8,afdm,time,0,8,136704.0,0.0,12544.0,149248.0,390208.0,576320.0,133128,1,36864,0.0,0.0986328125,0.10833740234375,0.0148466140928623,1775,16384,16,8.0,0.0160356723617156,576320.0,0.0011812000011559,0.0002526488629662,0.0014338488641221,86024,256,qam16,18,8,1942.0815707581664,high_rich,42003,N256_qam16_high_rich_S18_42003_c047118b
31,afdm:time:L0:K16,afdm,time,0,16,136704.0,0.0,12544.0,149248.0,734336.0,920448.0,133128,1,36864,0.0,0.07659912109375,0.08087158203125,0.0141482248134063,1325,16384,16,16.0,0.003958798365865,920448.0,0.0011774999875342,0.0004269363685814,0.0016044363561156,86024,256,qam16,18,8,1942.0815707581664,high_rich,42003,N256_qam16_high_rich_S18_42003_c047118b
32,afdm:dense:L256:K0,afdm,dense,256,0,11146752.0,0.0,0.0,190104234.66666663,1601536.0,191742634.66666663,4243456,1,36864,0.0,0.07037353515625,0.07476806640625,0.0141381103078086,1225,16384,16,0.0,7.16338263610122e-16,191742634.66666663,0.0139185999869368,0.0003995051143426,0.0143181051012795,3145728,256,qam16,18,8,1942.0815707581664,high_rich,42003,N256_qam16_high_rich_S18_42003_c047118b
0,ofdm:symbol:L4:K2,ofdm,symbol,4,2,9547776.0,917504.0,6400.0,10471680.0,85008.0,10593552.0,2189320,1,36864,0.1607467369433475,0.2296142578125,0.2325439453125,0.0121443704255192,3810,16384,16,2.0,0.1373082169362917,10593552.0,0.0121843999804696,0.0001228619341528,0.0123072619146224,45064,256,qam16,8,8,1997.6940326655729,high_rich,42001,N256_qam16_high_rich_S8_42001_ab99034f
1,ofdm:symbol:L4:K8,ofdm,symbol,4,8,9547776.0,917504.0,6400.0,10471680.0,244800.0,10753344.0,2189320,1,36864,0.1607467369433475,0.21600341796875,0.22186279296875,0.0125528806483295,3635,16384,16,8.0,0.0056621287063222,10753344.0,0.0119290000002365,0.0004490056846517,0.0123780056848883,45064,256,qam16,8,8,1997.6940326655729,high_rich,42001,N256_qam16_high_rich_S8_42001_ab99034f
2,ofdm:symbol:L8:K4,ofdm,symbol,8,4,9547776.0,917504.0,12544.0,10477824.0,212000.0,10726688.0,2230280,1,36864,0.0514597036728948,0.18365478515625,0.1859130859375,0.0114713190650475,3046,16384,16,4.0,0.0510326011151317,10726688.0,0.0138902999897254,0.0001657119321063,0.0140560119218317,86024,256,qam16,8,8,1997.6940326655729,high_rich,42001,N256_qam16_high_rich_S8_42001_ab99034f
3,ofdm:symbol:L8:K16,ofdm,symbol,8,16,9547776.0,917504.0,12544.0,10477824.0,728192.0,11242880.0,2230280,1,36864,0.0514597036728948,0.17840576171875,0.1807861328125,0.0122590039437829,2962,16384,16,16.0,0.0003920969902892,11242880.0,0.0120564999961061,0.0003794056830994,0.0124359056792055,86024,256,qam16,8,8,1997.6940326655729,high_rich,42001,N256_qam16_high_rich_S8_42001_ab99034f
4,ofdm:symbol:L16:K8,ofdm,symbol,16,8,9547776.0,917504.0,24832.0,10490112.0,662592.0,11189568.0,2312200,1,36864,0.0138152782118632,0.16064453125,0.162109375,0.0109618868753142,2656,16384,16,8.0,0.0094751786536331,11189568.0,0.012191999980132,0.000320461929925,0.0125124619100571,167944,256,qam16,8,8,1997.6940326655729,high_rich,42001,N256_qam16_high_rich_S8_42001_ab99034f
5,ofdm:symbol:L32:K16,ofdm,symbol,32,16,9547776.0,917504.0,49408.0,10514688.0,2350208.0,12901760.0,2476040,1,36864,0.003874033481066,0.1546630859375,0.15374755859375,0.0107331208778663,2519,16384,16,16.0,0.000528598649087,12901760.0,0.0127007999981287,0.0006104181749943,0.0133112181731231,331784,256,qam16,8,8,1997.6940326655729,high_rich,42001,N256_qam16_high_rich_S8_42001_ab99034f
6,ofdm:time:L0:K2,ofdm,time,0,2,110592.0,0.0,12544.0,123136.0,125968.0,285968.0,133128,1,36864,0.0,0.21563720703125,0.2137451171875,0.0086679664028463,3502,16384,16,2.0,0.1625382866052352,285968.0,0.0019061999919358,0.0001274744319854,0.0020336744239212,86024,256,qam16,8,8,1997.6940326655729,high_rich,42001,N256_qam16_high_rich_S8_42001_ab99034f
7,ofdm:time:L0:K4,ofdm,time,0,4,110592.0,0.0,12544.0,123136.0,212000.0,372000.0,133128,1,36864,0.0,0.16888427734375,0.165771484375,0.0112848265553403,2716,16384,16,4.0,0.0540059429017332,372000.0,0.0019368999928701,0.0001744244347829,0.0021113244276531,86024,256,qam16,8,8,1997.6940326655729,high_rich,42001,N256_qam16_high_rich_S8_42001_ab99034f
8,ofdm:time:L0:K8,ofdm,time,0,8,110592.0,0.0,12544.0,123136.0,384064.0,544064.0,133128,1,36864,0.0,0.15350341796875,0.152587890625,0.0086652153951908,2500,16384,16,8.0,0.0099411374453622,544064.0,0.0019565999973565,0.0002813806833838,0.0022379806807404,86024,256,qam16,8,8,1997.6940326655729,high_rich,42001,N256_qam16_high_rich_S8_42001_ab99034f
9,ofdm:time:L0:K16,ofdm,time,0,16,110592.0,0.0,12544.0,123136.0,728192.0,888192.0,133128,1,36864,0.0,0.15338134765625,0.1522216796875,0.0080361462027916,2494,16384,16,16.0,0.0005197005970861,888192.0,0.0020004999969387,0.0010765181788993,0.0030770181758381,86024,256,qam16,8,8,1997.6940326655729,high_rich,42001,N256_qam16_high_rich_S8_42001_ab99034f
10,ofdm:dense:L256:K0,ofdm,dense,256,0,9547776.0,0.0,0.0,188505258.66666663,1595392.0,190137514.66666663,4243456,1,36864,0.0,0.15338134765625,0.15234375,0.0078530846886815,2496,16384,16,0.0,6.951851548020886e-16,190137514.66666663,0.0146137999981874,0.0003902994314668,0.0150040994296542,3145728,256,qam16,8,8,1997.6940326655729,high_rich,42001,N256_qam16_high_rich_S8_42001_ab99034f
11,otfs:symbol:L4:K2,otfs,symbol,4,2,12169216.0,917504.0,6400.0,13093120.0,95248.0,13225232.0,2189320,1,36864,0.2305785225237471,0.249267578125,0.24957275390625,0.0129308516025399,4089,16384,16,2.0,0.1721390580948247,13225232.0,0.0236163000081433,0.000155432574805,0.0237717325829483,45064,256,qam16,8,8,1997.6940326655729,high_rich,42001,N256_qam16_high_rich_S8_42001_ab99034f
12,otfs:symbol:L4:K8,otfs,symbol,4,8,12169216.0,917504.0,6400.0,13093120.0,255040.0,13385024.0,2189320,1,36864,0.2305785225237471,0.24078369140625,0.2427978515625,0.0174141476405033,3978,16384,16,8.0,0.0083371441483625,13385024.0,0.023325800008024,0.0002744950728204,0.0236002950808445,45064,256,qam16,8,8,1997.6940326655729,high_rich,42001,N256_qam16_high_rich_S8_42001_ab99034f
13,otfs:symbol:L8:K4,otfs,symbol,8,4,12169216.0,917504.0,12544.0,13099264.0,222240.0,13358368.0,2230280,1,36864,0.1011263307326429,0.204833984375,0.2049560546875,0.0149507647026392,3358,16384,16,4.0,0.066015644090783,13358368.0,0.0234970000019529,0.0002028513248054,0.0236998513267584,86024,256,qam16,8,8,1997.6940326655729,high_rich,42001,N256_qam16_high_rich_S8_42001_ab99034f
14,otfs:symbol:L8:K16,otfs,symbol,8,16,12169216.0,917504.0,12544.0,13099264.0,738432.0,13874560.0,2230280,1,36864,0.1011263307326429,0.2000732421875,0.2042236328125,0.0121809617461377,3346,16384,16,16.0,0.0006731266730541,13874560.0,0.0243201999983284,0.0004369450747011,0.0247571450730295,86024,256,qam16,8,8,1997.6940326655729,high_rich,42001,N256_qam16_high_rich_S8_42001_ab99034f
15,otfs:symbol:L16:K8,otfs,symbol,16,8,12169216.0,917504.0,24832.0,13111552.0,672832.0,13821248.0,2312200,1,36864,0.0439092722077598,0.18096923828125,0.1817626953125,0.011421328815529,2978,16384,16,8.0,0.0113860332652482,13821248.0,0.0239035000122385,0.000307551324416,0.0242110513366545,167944,256,qam16,8,8,1997.6940326655729,high_rich,42001,N256_qam16_high_rich_S8_42001_ab99034f
16,otfs:symbol:L32:K16,otfs,symbol,32,16,12169216.0,917504.0,49408.0,13136128.0,2360448.0,15533440.0,2476040,1,36864,0.0112739781089278,0.160400390625,0.1658935546875,0.0150271149444282,2718,16384,16,16.0,0.0005490276382439,15533440.0,0.0256519999966258,0.0007415013254406,0.0263935013220664,331784,256,qam16,8,8,1997.6940326655729,high_rich,42001,N256_qam16_high_rich_S8_42001_ab99034f
17,otfs:time:L0:K2,otfs,time,0,2,110592.0,0.0,12544.0,123136.0,136208.0,296208.0,133128,1,36864,0.0,0.218994140625,0.2220458984375,0.0156610708320902,3638,16384,16,2.0,0.1603958469154782,296208.0,0.0011339000047883,0.0001696450738866,0.0013035450786749,86024,256,qam16,8,8,1997.6940326655729,high_rich,42001,N256_qam16_high_rich_S8_42001_ab99034f
18,otfs:time:L0:K4,otfs,time,0,4,110592.0,0.0,12544.0,123136.0,222240.0,382240.0,133128,1,36864,0.0,0.16943359375,0.1737060546875,0.0147279741738842,2846,16384,16,4.0,0.054469670605738,382240.0,0.0011980000126641,0.0001986263244665,0.0013966263371306,86024,256,qam16,8,8,1997.6940326655729,high_rich,42001,N256_qam16_high_rich_S8_42001_ab99034f
19,otfs:time:L0:K8,otfs,time,0,8,110592.0,0.0,12544.0,123136.0,394304.0,554304.0,133128,1,36864,0.0,0.15704345703125,0.1593017578125,0.0141960303475507,2610,16384,16,8.0,0.0100886058923344,554304.0,0.0011717000015778,0.0002749325770613,0.0014466325786391,86024,256,qam16,8,8,1997.6940326655729,high_rich,42001,N256_qam16_high_rich_S8_42001_ab99034f
20,otfs:time:L0:K16,otfs,time,0,16,110592.0,0.0,12544.0,123136.0,738432.0,898432.0,133128,1,36864,0.0,0.156982421875,0.15826416015625,0.0138771272237202,2593,16384,16,16.0,0.0005290609285681,898432.0,0.0011349000124027,0.0004343513258694,0.0015692513382722,86024,256,qam16,8,8,1997.6940326655729,high_rich,42001,N256_qam16_high_rich_S8_42001_ab99034f
21,otfs:dense:L256:K0,otfs,dense,256,0,12169216.0,0.0,0.0,191126698.66666663,1605632.0,192769194.66666663,4243456,1,36864,0.0,0.1566162109375,0.15826416015625,0.0136787034194005,2593,16384,16,0.0,4.878377674119955e-16,192769194.66666663,0.0260547000070801,0.000554838824731,0.0266095388318111,3145728,256,qam16,8,8,1997.6940326655729,high_rich,42001,N256_qam16_high_rich_S8_42001_ab99034f
22,afdm:symbol:L4:K2,afdm,symbol,4,2,11146752.0,917504.0,6400.0,12070656.0,91152.0,12198672.0,2189320,1,36864,0.1502297955870662,0.23504638671875,0.23138427734375,0.0100699252894388,3791,16384,16,2.0,0.153924996178885,12198672.0,0.0110493000101996,0.0001315613609414,0.0111808613711411,45064,256,qam16,8,8,1997.6940326655729,high_rich,42001,N256_qam16_high_rich_S8_42001_ab99034f
23,afdm:symbol:L4:K8,afdm,symbol,4,8,11146752.0,917504.0,6400.0,12070656.0,250944.0,12358464.0,2189320,1,36864,0.1502297955870662,0.22088623046875,0.21600341796875,0.0150031648052259,3539,16384,16,8.0,0.0085772556542423,12358464.0,0.0112181000149576,0.0002721801130257,0.0114902801279833,45064,256,qam16,8,8,1997.6940326655729,high_rich,42001,N256_qam16_high_rich_S8_42001_ab99034f
24,afdm:symbol:L8:K4,afdm,symbol,8,4,11146752.0,917504.0,12544.0,12076800.0,218144.0,12331808.0,2230280,1,36864,0.0648730429141595,0.195068359375,0.19097900390625,0.0150908400400649,3129,16384,16,4.0,0.0556201582883403,12331808.0,0.0108270000055199,0.0001783238659492,0.0110053238714692,86024,256,qam16,8,8,1997.6940326655729,high_rich,42001,N256_qam16_high_rich_S8_42001_ab99034f
25,afdm:symbol:L8:K16,afdm,symbol,8,16,11146752.0,917504.0,12544.0,12076800.0,734336.0,12848000.0,2230280,1,36864,0.0648730429141595,0.191650390625,0.18206787109375,0.0141785250380796,2983,16384,16,16.0,0.000672742599403,12848000.0,0.0105941000074381,0.0004099301114558,0.0110040301188939,86024,256,qam16,8,8,1997.6940326655729,high_rich,42001,N256_qam16_high_rich_S8_42001_ab99034f
26,afdm:symbol:L16:K8,afdm,symbol,16,8,11146752.0,917504.0,24832.0,12089088.0,668736.0,12794688.0,2312200,1,36864,0.0257412528789541,0.17242431640625,0.16510009765625,0.015479747831474,2705,16384,16,8.0,0.0099163197119765,12794688.0,0.0104792000056477,0.0003669363642267,0.0108461363698745,167944,256,qam16,8,8,1997.6940326655729,high_rich,42001,N256_qam16_high_rich_S8_42001_ab99034f
27,afdm:symbol:L32:K16,afdm,symbol,32,16,11146752.0,917504.0,49408.0,12113664.0,2356352.0,14506880.0,2476040,1,36864,0.0068666448190001,0.15960693359375,0.155517578125,0.0130801059767603,2548,16384,16,16.0,0.0005663662690992,14506880.0,0.011594600015087,0.0006488551090307,0.0122434551241178,331784,256,qam16,8,8,1997.6940326655729,high_rich,42001,N256_qam16_high_rich_S8_42001_ab99034f
28,afdm:time:L0:K2,afdm,time,0,2,136704.0,0.0,12544.0,149248.0,132112.0,318224.0,133128,1,36864,0.0,0.22412109375,0.21832275390625,0.0108802021197637,3577,16384,16,2.0,0.16380596427332,318224.0,0.0011411000159569,0.0001349988625599,0.0012760988785168,86024,256,qam16,8,8,1997.6940326655729,high_rich,42001,N256_qam16_high_rich_S8_42001_ab99034f
29,afdm:time:L0:K4,afdm,time,0,4,136704.0,0.0,12544.0,149248.0,218144.0,404256.0,133128,1,36864,0.0,0.17449951171875,0.16876220703125,0.0151842907941123,2765,16384,16,4.0,0.0546552787211088,404256.0,0.0011672000109683,0.0002052738565191,0.0013724738674875,86024,256,qam16,8,8,1997.6940326655729,high_rich,42001,N256_qam16_high_rich_S8_42001_ab99034f
30,afdm:time:L0:K8,afdm,time,0,8,136704.0,0.0,12544.0,149248.0,390208.0,576320.0,133128,1,36864,0.0,0.157470703125,0.15325927734375,0.0163272712642511,2511,16384,16,8.0,0.0100853420096941,576320.0,0.0011477000080049,0.0004024051069074,0.0015501051149123,86024,256,qam16,8,8,1997.6940326655729,high_rich,42001,N256_qam16_high_rich_S8_42001_ab99034f
31,afdm:time:L0:K16,afdm,time,0,16,136704.0,0.0,12544.0,149248.0,734336.0,920448.0,133128,1,36864,0.0,0.156982421875,0.15118408203125,0.0160077579684156,2477,16384,16,16.0,0.0005353625400305,920448.0,0.0010863000206882,0.000424011359538,0.0015103113802262,86024,256,qam16,8,8,1997.6940326655729,high_rich,42001,N256_qam16_high_rich_S8_42001_ab99034f
32,afdm:dense:L256:K0,afdm,dense,256,0,11146752.0,0.0,0.0,190104234.66666663,1601536.0,191742634.66666663,4243456,1,36864,0.0,0.15716552734375,0.151123046875,0.015679835419083,2476,16384,16,0.0,5.911845324760056e-16,191742634.66666663,0.0130289000080665,0.000388005113674,0.0134169051217406,3145728,256,qam16,8,8,1997.6940326655729,high_rich,42001,N256_qam16_high_rich_S8_42001_ab99034f
0,ofdm:symbol:L4:K2,ofdm,symbol,4,2,9547776.0,917504.0,6400.0,10471680.0,85008.0,10593552.0,2189320,1,36864,0.1234025631423086,0.25543212890625,0.25048828125,0.0108920652293739,4104,16384,16,2.0,0.1708448154113857,10593552.0,0.0106123000005027,0.0002793922354116,0.0108916922359143,45064,256,qam16,8,8,1870.3672426973865,high_rich,42002,N256_qam16_high_rich_S8_42002_c1b47d26
1,ofdm:symbol:L4:K8,ofdm,symbol,4,8,9547776.0,917504.0,6400.0,10471680.0,244800.0,10753344.0,2189320,1,36864,0.1234025631423086,0.24029541015625,0.234130859375,0.0084271553580306,3836,16384,16,8.0,0.0072917598542456,10753344.0,0.0096591000037733,0.0002283172321271,0.0098874172359005,45064,256,qam16,8,8,1870.3672426973865,high_rich,42002,N256_qam16_high_rich_S8_42002_c1b47d26
2,ofdm:symbol:L8:K4,ofdm,symbol,8,4,9547776.0,917504.0,12544.0,10477824.0,212000.0,10726688.0,2230280,1,36864,0.0280515064211375,0.22381591796875,0.209716796875,0.0095383714430271,3436,16384,16,4.0,0.0440754258131779,10726688.0,0.0094883999990997,0.0001916859869611,0.0096800859860608,86024,256,qam16,8,8,1870.3672426973865,high_rich,42002,N256_qam16_high_rich_S8_42002_c1b47d26
3,ofdm:symbol:L8:K16,ofdm,symbol,8,16,9547776.0,917504.0,12544.0,10477824.0,728192.0,11242880.0,2230280,1,36864,0.0280515064211375,0.216796875,0.206787109375,0.0111259573192391,3388,16384,16,16.0,0.0002951333988919,11242880.0,0.0098308000015094,0.0006455859825523,0.0104763859840617,86024,256,qam16,8,8,1870.3672426973865,high_rich,42002,N256_qam16_high_rich_S8_42002_c1b47d26
4,ofdm:symbol:L16:K8,ofdm,symbol,16,8,9547776.0,917504.0,24832.0,10490112.0,662592.0,11189568.0,2312200,1,36864,0.0088752006391025,0.212646484375,0.20025634765625,0.0073206914249301,3281,16384,16,8.0,0.0058839550828943,11189568.0,0.0105075000028591,0.0002748297397788,0.0107823297426379,167944,256,qam16,8,8,1870.3672426973865,high_rich,42002,N256_qam16_high_rich_S8_42002_c1b47d26
5,ofdm:symbol:L32:K16,ofdm,symbol,32,16,9547776.0,917504.0,49408.0,10514688.0,2350208.0,12901760.0,2476040,1,36864,0.003804848597577,0.209228515625,0.19708251953125,0.0062603546833475,3229,16384,16,16.0,0.0003167828234796,12901760.0,0.0101863000018056,0.0005922609848725,0.0107785609866782,331784,256,qam16,8,8,1870.3672426973865,high_rich,42002,N256_qam16_high_rich_S8_42002_c1b47d26
6,ofdm:time:L0:K2,ofdm,time,0,2,110592.0,0.0,12544.0,123136.0,125968.0,285968.0,133128,1,36864,0.0,0.24798583984375,0.24298095703125,0.0097800593194807,3981,16384,16,2.0,0.1749307987381473,285968.0,0.0011317000025883,0.0001852234868651,0.0013169234894534,86024,256,qam16,8,8,1870.3672426973865,high_rich,42002,N256_qam16_high_rich_S8_42002_c1b47d26
7,ofdm:time:L0:K4,ofdm,time,0,4,110592.0,0.0,12544.0,123136.0,212000.0,372000.0,133128,1,36864,0.0,0.2161865234375,0.204833984375,0.0075854037745644,3356,16384,16,4.0,0.0522803093280589,372000.0,0.0012029999925289,0.0002235609832,0.0014265609757289,86024,256,qam16,8,8,1870.3672426973865,high_rich,42002,N256_qam16_high_rich_S8_42002_c1b47d26
8,ofdm:time:L0:K8,ofdm,time,0,8,110592.0,0.0,12544.0,123136.0,384064.0,544064.0,133128,1,36864,0.0,0.20849609375,0.197265625,0.0062986388658582,3232,16384,16,8.0,0.0084697008680216,544064.0,0.0012652000004891,0.0002611109817239,0.001526310982213,86024,256,qam16,8,8,1870.3672426973865,high_rich,42002,N256_qam16_high_rich_S8_42002_c1b47d26
9,ofdm:time:L0:K16,ofdm,time,0,16,110592.0,0.0,12544.0,123136.0,728192.0,888192.0,133128,1,36864,0.0,0.2080078125,0.19598388671875,0.0070305152791768,3211,16384,16,16.0,0.000302406572258,888192.0,0.001163799999631,0.0003988047324541,0.0015626047320851,86024,256,qam16,8,8,1870.3672426973865,high_rich,42002,N256_qam16_high_rich_S8_42002_c1b47d26
10,ofdm:dense:L256:K0,ofdm,dense,256,0,9547776.0,0.0,0.0,188505258.66666663,1595392.0,190137514.66666663,4243456,1,36864,0.0,0.20819091796875,0.196044921875,0.0070826032673706,3212,16384,16,0.0,6.125441521823375e-16,190137514.66666663,0.0116818999958923,0.0007084734866525,0.0123903734825448,3145728,256,qam16,8,8,1870.3672426973865,high_rich,42002,N256_qam16_high_rich_S8_42002_c1b47d26
11,otfs:symbol:L4:K2,otfs,symbol,4,2,12169216.0,917504.0,6400.0,13093120.0,95248.0,13225232.0,2189320,1,36864,0.3658061736641766,0.30767822265625,0.31158447265625,0.0106109930723148,5105,16384,16,2.0,0.162990404029075,13225232.0,0.0196600000053877,0.0002048793591684,0.0198648793645561,45064,256,qam16,8,8,1870.3672426973865,high_rich,42002,N256_qam16_high_rich_S8_42002_c1b47d26
12,otfs:symbol:L4:K8,otfs,symbol,4,8,12169216.0,917504.0,6400.0,13093120.0,255040.0,13385024.0,2189320,1,36864,0.3658061736641766,0.30712890625,0.30938720703125,0.0139900602295864,5069,16384,16,8.0,0.0042419118187946,13385024.0,0.0195471000042743,0.0003578231023284,0.0199049231066028,45064,256,qam16,8,8,1870.3672426973865,high_rich,42002,N256_qam16_high_rich_S8_42002_c1b47d26
13,otfs:symbol:L8:K4,otfs,symbol,8,4,12169216.0,917504.0,12544.0,13099264.0,222240.0,13358368.0,2230280,1,36864,0.0982780640075193,0.24017333984375,0.2445068359375,0.0121496045041699,4006,16384,16,4.0,0.0655938179645036,13358368.0,0.0194328000070527,0.0002083231062869,0.0196411231133397,86024,256,qam16,8,8,1870.3672426973865,high_rich,42002,N256_qam16_high_rich_S8_42002_c1b47d26
14,otfs:symbol:L8:K16,otfs,symbol,8,16,12169216.0,917504.0,12544.0,13099264.0,738432.0,13874560.0,2230280,1,36864,0.0982780640075193,0.2379150390625,0.23992919921875,0.0147574879664637,3931,16384,16,16.0,0.0002622749645917,13874560.0,0.0195674999995389,0.0004386356028562,0.0200061356023952,86024,256,qam16,8,8,1870.3672426973865,high_rich,42002,N256_qam16_high_rich_S8_42002_c1b47d26
15,otfs:symbol:L16:K8,otfs,symbol,16,8,12169216.0,917504.0,24832.0,13111552.0,672832.0,13821248.0,2312200,1,36864,0.0420855205471289,0.22039794921875,0.222900390625,0.0134207782645143,3652,16384,16,8.0,0.0094962342421892,13821248.0,0.020173099997919,0.0003300293544243,0.0205031293523433,167944,256,qam16,8,8,1870.3672426973865,high_rich,42002,N256_qam16_high_rich_S8_42002_c1b47d26
16,otfs:symbol:L32:K16,otfs,symbol,32,16,12169216.0,917504.0,49408.0,13136128.0,2360448.0,15533440.0,2476040,1,36864,0.0160790296290574,0.21173095703125,0.21588134765625,0.0136694043061458,3537,16384,16,16.0,0.0002880596809896,15533440.0,0.020076800006791,0.0007327981044881,0.0208095981112792,331784,256,qam16,8,8,1870.3672426973865,high_rich,42002,N256_qam16_high_rich_S8_42002_c1b47d26
17,otfs:time:L0:K2,otfs,time,0,2,110592.0,0.0,12544.0,123136.0,136208.0,296208.0,133128,1,36864,0.0,0.25146484375,0.25140380859375,0.0140025521177441,4119,16384,16,2.0,0.1745668708910553,296208.0,0.0012265000113984,0.0002009606066139,0.0014274606180124,86024,256,qam16,8,8,1870.3672426973865,high_rich,42002,N256_qam16_high_rich_S8_42002_c1b47d26
18,otfs:time:L0:K4,otfs,time,0,4,110592.0,0.0,12544.0,123136.0,222240.0,382240.0,133128,1,36864,0.0,0.215576171875,0.218017578125,0.0150297590271022,3572,16384,16,4.0,0.0546552651189554,382240.0,0.0012011000217171,0.0002012356068889,0.001402335628606,86024,256,qam16,8,8,1870.3672426973865,high_rich,42002,N256_qam16_high_rich_S8_42002_c1b47d26
19,otfs:time:L0:K8,otfs,time,0,8,110592.0,0.0,12544.0,123136.0,394304.0,554304.0,133128,1,36864,0.0,0.20855712890625,0.209716796875,0.0148638672614985,3436,16384,16,8.0,0.0084291420793476,554304.0,0.0013437000161502,0.0003205043528368,0.0016642043689871,86024,256,qam16,8,8,1870.3672426973865,high_rich,42002,N256_qam16_high_rich_S8_42002_c1b47d26
20,otfs:time:L0:K16,otfs,time,0,16,110592.0,0.0,12544.0,123136.0,738432.0,898432.0,133128,1,36864,0.0,0.20819091796875,0.20904541015625,0.0144164298300868,3425,16384,16,16.0,0.0003167421302039,898432.0,0.0012391000054776,0.0004842793566212,0.0017233793620989,86024,256,qam16,8,8,1870.3672426973865,high_rich,42002,N256_qam16_high_rich_S8_42002_c1b47d26
21,otfs:dense:L256:K0,otfs,dense,256,0,12169216.0,0.0,0.0,191126698.66666663,1605632.0,192769194.66666663,4243456,1,36864,0.0,0.20806884765625,0.208984375,0.0144231812562999,3424,16384,16,0.0,4.552910736877396e-16,192769194.66666663,0.0217362999974284,0.0003882606049018,0.0221245606023303,3145728,256,qam16,8,8,1870.3672426973865,high_rich,42002,N256_qam16_high_rich_S8_42002_c1b47d26
22,afdm:symbol:L4:K2,afdm,symbol,4,2,11146752.0,917504.0,6400.0,12070656.0,91152.0,12198672.0,2189320,1,36864,0.279748558867309,0.29132080078125,0.28546142578125,0.0123923113438253,4677,16384,16,2.0,0.1821179357832703,12198672.0,0.0111225999862654,0.0001271051143538,0.0112497051006192,45064,256,qam16,8,8,1870.3672426973865,high_rich,42002,N256_qam16_high_rich_S8_42002_c1b47d26
23,afdm:symbol:L4:K8,afdm,symbol,4,8,11146752.0,917504.0,6400.0,12070656.0,250944.0,12358464.0,2189320,1,36864,0.279748558867309,0.28656005859375,0.2823486328125,0.0194492909280142,4626,16384,16,8.0,0.0073236161737067,12358464.0,0.0111304000020027,0.0004208676147589,0.0115512676167616,45064,256,qam16,8,8,1870.3672426973865,high_rich,42002,N256_qam16_high_rich_S8_42002_c1b47d26
24,afdm:symbol:L8:K4,afdm,symbol,8,4,11146752.0,917504.0,12544.0,12076800.0,218144.0,12331808.0,2230280,1,36864,0.072429989500212,0.22564697265625,0.22467041015625,0.0101829373804543,3681,16384,16,4.0,0.0568285961616957,12331808.0,0.0108367000066209,0.0001782738638046,0.0110149738704256,86024,256,qam16,8,8,1870.3672426973865,high_rich,42002,N256_qam16_high_rich_S8_42002_c1b47d26
25,afdm:symbol:L8:K16,afdm,symbol,8,16,11146752.0,917504.0,12544.0,12076800.0,734336.0,12848000.0,2230280,1,36864,0.072429989500212,0.2232666015625,0.2222900390625,0.0120180686975789,3642,16384,16,16.0,0.0002524544551324,12848000.0,0.0111120000074151,0.0004262551121262,0.0115382551195414,86024,256,qam16,8,8,1870.3672426973865,high_rich,42002,N256_qam16_high_rich_S8_42002_c1b47d26
26,afdm:symbol:L16:K8,afdm,symbol,16,8,11146752.0,917504.0,24832.0,12089088.0,668736.0,12794688.0,2312200,1,36864,0.0190905837215292,0.20751953125,0.2049560546875,0.0126268939621422,3358,16384,16,8.0,0.0077282620425154,12794688.0,0.0111276999959955,0.0003929238620747,0.0115206238580702,167944,256,qam16,8,8,1870.3672426973865,high_rich,42002,N256_qam16_high_rich_S8_42002_c1b47d26
27,afdm:symbol:L32:K16,afdm,symbol,32,16,11146752.0,917504.0,49408.0,12113664.0,2356352.0,14506880.0,2476040,1,36864,0.0046238893167713,0.2037353515625,0.198974609375,0.012614929816068,3260,16384,16,16.0,0.000289651939061,14506880.0,0.0116722000093432,0.0006220863662582,0.0122942863756014,331784,256,qam16,8,8,1870.3672426973865,high_rich,42002,N256_qam16_high_rich_S8_42002_c1b47d26
28,afdm:time:L0:K2,afdm,time,0,2,136704.0,0.0,12544.0,149248.0,132112.0,318224.0,133128,1,36864,0.0,0.2427978515625,0.2406005859375,0.0086679664028463,3942,16384,16,2.0,0.1758918597855573,318224.0,0.0011936000082641,0.0001322926147457,0.0013258926230099,86024,256,qam16,8,8,1870.3672426973865,high_rich,42002,N256_qam16_high_rich_S8_42002_c1b47d26
29,afdm:time:L0:K4,afdm,time,0,4,136704.0,0.0,12544.0,149248.0,218144.0,404256.0,133128,1,36864,0.0,0.20904541015625,0.20806884765625,0.010953002116357,3409,16384,16,4.0,0.0533109732889555,404256.0,0.0011810000141849,0.0001690051123494,0.0013500051265344,86024,256,qam16,8,8,1870.3672426973865,high_rich,42002,N256_qam16_high_rich_S8_42002_c1b47d26
30,afdm:time:L0:K8,afdm,time,0,8,136704.0,0.0,12544.0,149248.0,390208.0,576320.0,133128,1,36864,0.0,0.200927734375,0.19873046875,0.0116752665476353,3256,16384,16,8.0,0.0087083953030785,576320.0,0.0011179000139236,0.0002499551166527,0.0013678551305764,86024,256,qam16,8,8,1870.3672426973865,high_rich,42002,N256_qam16_high_rich_S8_42002_c1b47d26
31,afdm:time:L0:K16,afdm,time,0,16,136704.0,0.0,12544.0,149248.0,734336.0,920448.0,133128,1,36864,0.0,0.2001953125,0.19744873046875,0.0113730406139072,3235,16384,16,16.0,0.0003120381575878,920448.0,0.0012084000045433,0.0004565238670527,0.0016649238715961,86024,256,qam16,8,8,1870.3672426973865,high_rich,42002,N256_qam16_high_rich_S8_42002_c1b47d26
32,afdm:dense:L256:K0,afdm,dense,256,0,11146752.0,0.0,0.0,190104234.66666663,1601536.0,191742634.66666663,4243456,1,36864,0.0,0.20013427734375,0.19732666015625,0.0115739137143929,3233,16384,16,0.0,5.9015980141826595e-16,191742634.66666663,0.0145273999951314,0.0005906613643508,0.0151180613594822,3145728,256,qam16,8,8,1870.3672426973865,high_rich,42002,N256_qam16_high_rich_S8_42002_c1b47d26
0,ofdm:symbol:L4:K2,ofdm,symbol,4,2,9547776.0,917504.0,6400.0,10471680.0,85008.0,10593552.0,2189320,1,36864,0.1603243647883631,0.25933837890625,0.264404296875,0.0113969487975743,4332,16384,16,2.0,0.1297890995308734,10593552.0,0.0124109999887878,0.0001408812487087,0.0125518812374965,45064,256,qam16,8,8,1942.0815707581664,high_rich,42003,N256_qam16_high_rich_S8_42003_0b173d91
1,ofdm:symbol:L4:K8,ofdm,symbol,4,8,9547776.0,917504.0,6400.0,10471680.0,244800.0,10753344.0,2189320,1,36864,0.1603243647883631,0.25628662109375,0.258544921875,0.0127303203220226,4236,16384,16,8.0,0.006206578486555,10753344.0,0.0117100999923422,0.0002559750001554,0.0119660749924977,45064,256,qam16,8,8,1942.0815707581664,high_rich,42003,N256_qam16_high_rich_S8_42003_0b173d91
2,ofdm:symbol:L8:K4,ofdm,symbol,8,4,9547776.0,917504.0,12544.0,10477824.0,212000.0,10726688.0,2230280,1,36864,0.0482717574826291,0.22186279296875,0.2255859375,0.0114498222415013,3696,16384,16,4.0,0.0436999715780915,10726688.0,0.0118182000005617,0.0001828937502895,0.0120010937508513,86024,256,qam16,8,8,1942.0815707581664,high_rich,42003,N256_qam16_high_rich_S8_42003_0b173d91
3,ofdm:symbol:L8:K16,ofdm,symbol,8,16,9547776.0,917504.0,12544.0,10477824.0,728192.0,11242880.0,2230280,1,36864,0.0482717574826291,0.21844482421875,0.2203369140625,0.0095741316253005,3610,16384,16,16.0,0.0002516403636035,11242880.0,0.0117636999930255,0.0004811125000659,0.0122448124930914,86024,256,qam16,8,8,1942.0815707581664,high_rich,42003,N256_qam16_high_rich_S8_42003_0b173d91
4,ofdm:symbol:L16:K8,ofdm,symbol,16,8,9547776.0,917504.0,24832.0,10490112.0,662592.0,11189568.0,2312200,1,36864,0.0134451700341529,0.204345703125,0.20318603515625,0.0085318911058857,3329,16384,16,8.0,0.0068506989332795,11189568.0,0.0126696999941486,0.0003316625007672,0.0130013624949159,167944,256,qam16,8,8,1942.0815707581664,high_rich,42003,N256_qam16_high_rich_S8_42003_0b173d91
5,ofdm:symbol:L32:K16,ofdm,symbol,32,16,9547776.0,917504.0,49408.0,10514688.0,2350208.0,12901760.0,2476040,1,36864,0.0064447558861452,0.19744873046875,0.20135498046875,0.0079992232740356,3299,16384,16,16.0,0.0002347493173231,12901760.0,0.0127416999894194,0.0006329812523207,0.0133746812417402,331784,256,qam16,8,8,1942.0815707581664,high_rich,42003,N256_qam16_high_rich_S8_42003_0b173d91
6,ofdm:time:L0:K2,ofdm,time,0,2,110592.0,0.0,12544.0,123136.0,125968.0,285968.0,133128,1,36864,0.0,0.23114013671875,0.24053955078125,0.0081838714868095,3941,16384,16,2.0,0.1313222596568649,285968.0,0.0017622000013943,0.0002151250001506,0.0019773250015449,86024,256,qam16,8,8,1942.0815707581664,high_rich,42003,N256_qam16_high_rich_S8_42003_0b173d91
7,ofdm:time:L0:K4,ofdm,time,0,4,110592.0,0.0,12544.0,123136.0,212000.0,372000.0,133128,1,36864,0.0,0.2044677734375,0.2125244140625,0.009027262615927,3482,16384,16,4.0,0.0391153023587748,372000.0,0.0017824999958975,0.000312800000839,0.0020952999967366,86024,256,qam16,8,8,1942.0815707581664,high_rich,42003,N256_qam16_high_rich_S8_42003_0b173d91
8,ofdm:time:L0:K8,ofdm,time,0,8,110592.0,0.0,12544.0,123136.0,384064.0,544064.0,133128,1,36864,0.0,0.1947021484375,0.2000732421875,0.0097778244113773,3278,16384,16,8.0,0.0064048978568902,544064.0,0.0017224000039277,0.000266293746873,0.0019886937508007,86024,256,qam16,8,8,1942.0815707581664,high_rich,42003,N256_qam16_high_rich_S8_42003_0b173d91
9,ofdm:time:L0:K16,ofdm,time,0,16,110592.0,0.0,12544.0,123136.0,728192.0,888192.0,133128,1,36864,0.0,0.19427490234375,0.19964599609375,0.0086097798976315,3271,16384,16,16.0,0.0002277866430264,888192.0,0.0017172999941976,0.0004586124960868,0.0021759124902845,86024,256,qam16,8,8,1942.0815707581664,high_rich,42003,N256_qam16_high_rich_S8_42003_0b173d91
10,ofdm:dense:L256:K0,ofdm,dense,256,0,9547776.0,0.0,0.0,188505258.66666663,1595392.0,190137514.66666663,4243456,1,36864,0.0,0.1943359375,0.19970703125,0.0084760524520127,3272,16384,16,0.0,6.358143593800241e-16,190137514.66666663,0.0146733999863499,0.0004926937500303,0.0151660937363803,3145728,256,qam16,8,8,1942.0815707581664,high_rich,42003,N256_qam16_high_rich_S8_42003_0b173d91
11,otfs:symbol:L4:K2,otfs,symbol,4,2,12169216.0,917504.0,6400.0,13093120.0,95248.0,13225232.0,2189320,1,36864,0.2485266207308476,0.27392578125,0.28045654296875,0.0184126925200915,4595,16384,16,2.0,0.1513605402931488,13225232.0,0.0206018000026233,0.0002188128766757,0.0208206128792991,45064,256,qam16,8,8,1942.0815707581664,high_rich,42003,N256_qam16_high_rich_S8_42003_0b173d91
12,otfs:symbol:L4:K8,otfs,symbol,4,8,12169216.0,917504.0,6400.0,13093120.0,255040.0,13385024.0,2189320,1,36864,0.2485266207308476,0.27685546875,0.28631591796875,0.0170836809944814,4691,16384,16,8.0,0.0059025357014418,13385024.0,0.0204828000132692,0.0003324066303431,0.0208152066436124,45064,256,qam16,8,8,1942.0815707581664,high_rich,42003,N256_qam16_high_rich_S8_42003_0b173d91
13,otfs:symbol:L8:K4,otfs,symbol,8,4,12169216.0,917504.0,12544.0,13099264.0,222240.0,13358368.0,2230280,1,36864,0.116524966108353,0.24078369140625,0.245361328125,0.0125391030632781,4020,16384,16,4.0,0.0498213046362212,13358368.0,0.0206200000102398,0.0002324441258789,0.0208524441361188,86024,256,qam16,8,8,1942.0815707581664,high_rich,42003,N256_qam16_high_rich_S8_42003_0b173d91
14,otfs:symbol:L8:K16,otfs,symbol,8,16,12169216.0,917504.0,12544.0,13099264.0,738432.0,13874560.0,2230280,1,36864,0.116524966108353,0.24102783203125,0.2484130859375,0.0129451331381534,4070,16384,16,16.0,0.0002295154140519,13874560.0,0.0200658000248949,0.0004748066259818,0.0205406066508768,86024,256,qam16,8,8,1942.0815707581664,high_rich,42003,N256_qam16_high_rich_S8_42003_0b173d91
15,otfs:symbol:L16:K8,otfs,symbol,16,8,12169216.0,917504.0,24832.0,13111552.0,672832.0,13821248.0,2312200,1,36864,0.051953325957027,0.216796875,0.2213134765625,0.0159825425276898,3626,16384,16,8.0,0.0069578536709626,13821248.0,0.0210024000116391,0.0003167566294106,0.0213191566410497,167944,256,qam16,8,8,1942.0815707581664,high_rich,42003,N256_qam16_high_rich_S8_42003_0b173d91
16,otfs:symbol:L32:K16,otfs,symbol,32,16,12169216.0,917504.0,49408.0,13136128.0,2360448.0,15533440.0,2476040,1,36864,0.0148806377610607,0.208251953125,0.20556640625,0.0149470432925747,3368,16384,16,16.0,0.0002072936420043,15533440.0,0.0207186000188812,0.0007062941314981,0.0214248941503793,331784,256,qam16,8,8,1942.0815707581664,high_rich,42003,N256_qam16_high_rich_S8_42003_0b173d91
17,otfs:time:L0:K2,otfs,time,0,2,110592.0,0.0,12544.0,123136.0,136208.0,296208.0,133128,1,36864,0.0,0.237548828125,0.23541259765625,0.0170062828795463,3857,16384,16,2.0,0.1317196746863865,296208.0,0.0012386000016704,0.0001652066277639,0.0014038066294343,86024,256,qam16,8,8,1942.0815707581664,high_rich,42003,N256_qam16_high_rich_S8_42003_0b173d91
18,otfs:time:L0:K4,otfs,time,0,4,110592.0,0.0,12544.0,123136.0,222240.0,382240.0,133128,1,36864,0.0,0.20751953125,0.20977783203125,0.0143578767378803,3437,16384,16,4.0,0.039194921305477,382240.0,0.0011909000022569,0.0001947941284125,0.0013856941306695,86024,256,qam16,8,8,1942.0815707581664,high_rich,42003,N256_qam16_high_rich_S8_42003_0b173d91
19,otfs:time:L0:K8,otfs,time,0,8,110592.0,0.0,12544.0,123136.0,394304.0,554304.0,133128,1,36864,0.0,0.199951171875,0.2005615234375,0.0135826468889089,3286,16384,16,8.0,0.0063434643101822,554304.0,0.0011693999986164,0.0003470003777803,0.0015164003763967,86024,256,qam16,8,8,1942.0815707581664,high_rich,42003,N256_qam16_high_rich_S8_42003_0b173d91
20,otfs:time:L0:K16,otfs,time,0,16,110592.0,0.0,12544.0,123136.0,738432.0,898432.0,133128,1,36864,0.0,0.1995849609375,0.2003173828125,0.0141915510446554,3282,16384,16,16.0,0.0002223691289431,898432.0,0.0012400000123307,0.0004553878763655,0.0016953878886962,86024,256,qam16,8,8,1942.0815707581664,high_rich,42003,N256_qam16_high_rich_S8_42003_0b173d91
21,otfs:dense:L256:K0,otfs,dense,256,0,12169216.0,0.0,0.0,191126698.66666663,1605632.0,192769194.66666663,4243456,1,36864,0.0,0.1995849609375,0.20001220703125,0.0139855149584109,3277,16384,16,0.0,4.862763646236492e-16,192769194.66666663,0.0217198000173084,0.0004552316269947,0.0221750316443032,3145728,256,qam16,8,8,1942.0815707581664,high_rich,42003,N256_qam16_high_rich_S8_42003_0b173d91
22,afdm:symbol:L4:K2,afdm,symbol,4,2,11146752.0,917504.0,6400.0,12070656.0,91152.0,12198672.0,2189320,1,36864,0.2422146923771605,0.28125,0.28399658203125,0.0134997477095777,4653,16384,16,2.0,0.1538018568560585,12198672.0,0.0225215999962529,0.0001523738660993,0.0226739738623523,45064,256,qam16,8,8,1942.0815707581664,high_rich,42003,N256_qam16_high_rich_S8_42003_0b173d91
23,afdm:symbol:L4:K8,afdm,symbol,4,8,11146752.0,917504.0,6400.0,12070656.0,250944.0,12358464.0,2189320,1,36864,0.2422146923771605,0.2862548828125,0.28558349609375,0.0133088367657558,4679,16384,16,8.0,0.0063810859286542,12358464.0,0.0220513999956892,0.0002945426154341,0.0223459426111234,45064,256,qam16,8,8,1942.0815707581664,high_rich,42003,N256_qam16_high_rich_S8_42003_0b173d91
24,afdm:symbol:L8:K4,afdm,symbol,8,4,11146752.0,917504.0,12544.0,12076800.0,218144.0,12331808.0,2230280,1,36864,0.0974911140455303,0.23651123046875,0.24652099609375,0.0134087816054805,4039,16384,16,4.0,0.0543751280953132,12331808.0,0.0215549999993527,0.0002110488644988,0.0217660488638516,86024,256,qam16,8,8,1942.0815707581664,high_rich,42003,N256_qam16_high_rich_S8_42003_0b173d91
25,afdm:symbol:L8:K16,afdm,symbol,8,16,11146752.0,917504.0,12544.0,12076800.0,734336.0,12848000.0,2230280,1,36864,0.0974911140455303,0.2364501953125,0.2471923828125,0.0181085867393424,4050,16384,16,16.0,0.0003377356637985,12848000.0,0.0214160000032279,0.0004489426151353,0.0218649426183632,86024,256,qam16,8,8,1942.0815707581664,high_rich,42003,N256_qam16_high_rich_S8_42003_0b173d91
26,afdm:symbol:L16:K8,afdm,symbol,16,8,11146752.0,917504.0,24832.0,12089088.0,668736.0,12794688.0,2312200,1,36864,0.0328303792800955,0.2110595703125,0.2252197265625,0.015022883444184,3690,16384,16,8.0,0.0071675719011491,12794688.0,0.0218094000010751,0.0004152426150044,0.0222246426160795,167944,256,qam16,8,8,1942.0815707581664,high_rich,42003,N256_qam16_high_rich_S8_42003_0b173d91
27,afdm:symbol:L32:K16,afdm,symbol,32,16,11146752.0,917504.0,49408.0,12113664.0,2356352.0,14506880.0,2476040,1,36864,0.0094627294001082,0.200927734375,0.21209716796875,0.0116927812852969,3475,16384,16,16.0,0.0002194747209847,14506880.0,0.0219751999975414,0.0006245613681544,0.0225997613656959,331784,256,qam16,8,8,1942.0815707581664,high_rich,42003,N256_qam16_high_rich_S8_42003_0b173d91
28,afdm:time:L0:K2,afdm,time,0,2,136704.0,0.0,12544.0,149248.0,132112.0,318224.0,133128,1,36864,0.0,0.2391357421875,0.2451171875,0.0152335403083301,4016,16384,16,2.0,0.1339211196442432,318224.0,0.0013160999951651,0.0001491613634656,0.0014652613586308,86024,256,qam16,8,8,1942.0815707581664,high_rich,42003,N256_qam16_high_rich_S8_42003_0b173d91
29,afdm:time:L0:K4,afdm,time,0,4,136704.0,0.0,12544.0,149248.0,218144.0,404256.0,133128,1,36864,0.0,0.20782470703125,0.21881103515625,0.014983022406679,3585,16384,16,4.0,0.0403907061854656,404256.0,0.0013013000134378,0.0001962426127151,0.001497542626153,86024,256,qam16,8,8,1942.0815707581664,high_rich,42003,N256_qam16_high_rich_S8_42003_0b173d91
30,afdm:time:L0:K8,afdm,time,0,8,136704.0,0.0,12544.0,149248.0,390208.0,576320.0,133128,1,36864,0.0,0.19525146484375,0.20587158203125,0.01314178241557,3373,16384,16,8.0,0.0065627058134763,576320.0,0.0012821999989682,0.0003527426138548,0.001634942612823,86024,256,qam16,8,8,1942.0815707581664,high_rich,42003,N256_qam16_high_rich_S8_42003_0b173d91
31,afdm:time:L0:K16,afdm,time,0,16,136704.0,0.0,12544.0,149248.0,734336.0,920448.0,133128,1,36864,0.0,0.19482421875,0.2061767578125,0.0125663269185921,3378,16384,16,16.0,0.0002372600161832,920448.0,0.0013343000027816,0.000440086365002,0.0017743863677837,86024,256,qam16,8,8,1942.0815707581664,high_rich,42003,N256_qam16_high_rich_S8_42003_0b173d91
32,afdm:dense:L256:K0,afdm,dense,256,0,11146752.0,0.0,0.0,190104234.66666663,1601536.0,191742634.66666663,4243456,1,36864,0.0,0.19488525390625,0.20635986328125,0.0124383998015013,3381,16384,16,0.0,6.269000632391224e-16,191742634.66666663,0.0241199000010965,0.0004274863636469,0.0245473863647434,3145728,256,qam16,8,8,1942.0815707581664,high_rich,42003,N256_qam16_high_rich_S8_42003_0b173d91
0,ofdm:symbol:L4:K2,ofdm,symbol,4,2,6317056.0,917504.0,6400.0,7240960.0,85008.0,7362832.0,2189320,1,36864,0.0039773271745912,0.00018310546875,0.00030517578125,0.0007746096376491,5,16384,16,2.0,0.0100231621352898,7362832.0,0.0100071000051684,0.0001228259460814,0.0101299259512498,45064,256,qam16,18,2,1697.692801261208,high_sparse,42001,N256_qam16_high_sparse_S18_42001_939407e4
1,ofdm:symbol:L4:K8,ofdm,symbol,4,8,6317056.0,917504.0,6400.0,7240960.0,244800.0,7522624.0,2189320,1,36864,0.0039773271745912,0.000244140625,0.000244140625,0.0007564420598061,4,16384,16,6.0,5.570978909705911e-07,7469360.0,0.0104929999943124,0.000246207197878,0.0107392071921904,45064,256,qam16,18,2,1697.692801261208,high_sparse,42001,N256_qam16_high_sparse_S18_42001_939407e4
2,ofdm:symbol:L8:K4,ofdm,symbol,8,4,6317056.0,917504.0,12544.0,7247104.0,212000.0,7495968.0,2230280,1,36864,0.0020416105643882,0.0,6.103515625e-05,0.000244140625,1,16384,16,4.0,0.0001065365339495,7495968.0,0.0099724999890895,0.000341369699444,0.0103138696885335,86024,256,qam16,18,2,1697.692801261208,high_sparse,42001,N256_qam16_high_sparse_S18_42001_939407e4
3,ofdm:symbol:L8:K16,ofdm,symbol,8,16,6317056.0,917504.0,12544.0,7247104.0,728192.0,8012160.0,2230280,1,36864,0.0020416105643882,0.0,6.103515625e-05,0.000244140625,1,16384,16,6.0,9.406072506521446e-07,7582000.0,0.010028599994257,0.0002235696983089,0.010252169692566,86024,256,qam16,18,2,1697.692801261208,high_sparse,42001,N256_qam16_high_sparse_S18_42001_939407e4
4,ofdm:symbol:L16:K8,ofdm,symbol,16,8,6317056.0,917504.0,24832.0,7259392.0,662592.0,7958848.0,2312200,1,36864,0.0008119866020772,0.0,0.0,0.0,0,16384,16,6.0,8.00418329901363e-07,7807280.0,0.0097249000100418,0.0002320759475961,0.009956975957638,167944,256,qam16,18,2,1697.692801261208,high_sparse,42001,N256_qam16_high_sparse_S18_42001_939407e4
5,ofdm:symbol:L32:K16,ofdm,symbol,32,16,6317056.0,917504.0,49408.0,7283968.0,2350208.0,9671040.0,2476040,1,36864,0.0003071475934167,0.0,6.103515625e-05,0.000244140625,1,16384,16,6.0,8.082269856173393e-07,8257840.0,0.0101372999924933,0.0002903821968257,0.0104276821893191,331784,256,qam16,18,2,1697.692801261208,high_sparse,42001,N256_qam16_high_sparse_S18_42001_939407e4
6,ofdm:time:L0:K2,ofdm,time,0,2,25600.0,0.0,3328.0,28928.0,64528.0,130320.0,71688,1,36864,0.0,0.0,6.103515625e-05,0.000244140625,1,16384,16,2.0,0.0113282105241463,130320.0,0.0005587999912677,0.0001649822005757,0.0007237821918434,24584,256,qam16,18,2,1697.692801261208,high_sparse,42001,N256_qam16_high_sparse_S18_42001_939407e4
7,ofdm:time:L0:K4,ofdm,time,0,4,25600.0,0.0,3328.0,28928.0,101408.0,167200.0,71688,1,36864,0.0,0.0,0.0,0.0,0,16384,16,4.0,9.10823448284972e-05,167200.0,0.0005693999846698,0.00019715719728,0.0007665571819498,24584,256,qam16,18,2,1697.692801261208,high_sparse,42001,N256_qam16_high_sparse_S18_42001_939407e4
8,ofdm:time:L0:K8,ofdm,time,0,8,25600.0,0.0,3328.0,28928.0,175168.0,240960.0,71688,1,36864,0.0,0.0,0.0,0.0,0,16384,16,6.0,7.31464064807701e-07,204080.0,0.0005516999954124,0.0002169509497517,0.0007686509451642,24584,256,qam16,18,2,1697.692801261208,high_sparse,42001,N256_qam16_high_sparse_S18_42001_939407e4
9,ofdm:time:L0:K16,ofdm,time,0,16,25600.0,0.0,3328.0,28928.0,322688.0,388480.0,71688,1,36864,0.0,0.0,0.0,0.0,0,16384,16,6.0,7.31464064807701e-07,204080.0,0.0005289999971864,0.0002063759519924,0.0007353759491789,24584,256,qam16,18,2,1697.692801261208,high_sparse,42001,N256_qam16_high_sparse_S18_42001_939407e4
10,ofdm:dense:L256:K0,ofdm,dense,256,0,6317056.0,0.0,0.0,185274538.66666663,1595392.0,186906794.66666663,4243456,1,36864,0.0,0.0,0.0,0.0,0,16384,16,0.0,7.992339969314213e-16,186906794.66666663,0.0117593000031774,0.0003571946935236,0.012116494696701,3145728,256,qam16,18,2,1697.692801261208,high_sparse,42001,N256_qam16_high_sparse_S18_42001_939407e4
11,otfs:symbol:L4:K2,otfs,symbol,4,2,8938496.0,917504.0,6400.0,9862400.0,95248.0,9994512.0,2189320,1,36864,0.0039194593462724,0.00018310546875,0.000244140625,0.0006671191904921,4,16384,16,2.0,0.009844234596042,9994512.0,0.0175758999976096,0.0001465600389565,0.0177224600365661,45064,256,qam16,18,2,1697.692801261208,high_sparse,42001,N256_qam16_high_sparse_S18_42001_939407e4
12,otfs:symbol:L4:K8,otfs,symbol,4,8,8938496.0,917504.0,6400.0,9862400.0,255040.0,10154304.0,2189320,1,36864,0.0039194593462724,0.0001220703125,0.000244140625,0.0006671191904921,4,16384,16,6.0,5.439515415584743e-07,10101040.0,0.0176693000103114,0.0002523162902434,0.0179216163005548,45064,256,qam16,18,2,1697.692801261208,high_sparse,42001,N256_qam16_high_sparse_S18_42001_939407e4
13,otfs:symbol:L8:K4,otfs,symbol,8,4,8938496.0,917504.0,12544.0,9868544.0,222240.0,10127648.0,2230280,1,36864,0.0019495572998041,6.103515625e-05,6.103515625e-05,0.000244140625,1,16384,16,4.0,0.0001446347319478,10127648.0,0.0175017000146908,0.0001900912893688,0.0176917913040597,86024,256,qam16,18,2,1697.692801261208,high_sparse,42001,N256_qam16_high_sparse_S18_42001_939407e4
14,otfs:symbol:L8:K16,otfs,symbol,8,16,8938496.0,917504.0,12544.0,9868544.0,738432.0,10643840.0,2230280,1,36864,0.0019495572998041,6.103515625e-05,6.103515625e-05,0.000244140625,1,16384,16,7.0,1.4122192533998098e-07,10256696.0,0.0174758000066503,0.0002597662942207,0.0177355663008711,86024,256,qam16,18,2,1697.692801261208,high_sparse,42001,N256_qam16_high_sparse_S18_42001_939407e4
15,otfs:symbol:L16:K8,otfs,symbol,16,8,8938496.0,917504.0,24832.0,9880832.0,672832.0,10590528.0,2312200,1,36864,0.0006626992755635,0.0,0.0,0.0,0,16384,16,6.0,7.870146765794961e-07,10438960.0,0.0175441000028513,0.0002716475455599,0.0178157475484113,167944,256,qam16,18,2,1697.692801261208,high_sparse,42001,N256_qam16_high_sparse_S18_42001_939407e4
16,otfs:symbol:L32:K16,otfs,symbol,32,16,8938496.0,917504.0,49408.0,9905408.0,2360448.0,12302720.0,2476040,1,36864,0.0,0.0,0.0,0.0,0,16384,16,6.0,7.386942957266763e-07,10889520.0,0.0181228000001283,0.0003021537922904,0.0184249537924188,331784,256,qam16,18,2,1697.692801261208,high_sparse,42001,N256_qam16_high_sparse_S18_42001_939407e4
17,otfs:time:L0:K2,otfs,time,0,2,25600.0,0.0,3328.0,28928.0,74768.0,140560.0,71688,1,36864,0.0,0.0,0.0,0.0,0,16384,16,2.0,0.0111264756837923,140560.0,0.0005399000074248,0.0001471225450586,0.0006870225524835,24584,256,qam16,18,2,1697.692801261208,high_sparse,42001,N256_qam16_high_sparse_S18_42001_939407e4
18,otfs:time:L0:K4,otfs,time,0,4,25600.0,0.0,3328.0,28928.0,111648.0,177440.0,71688,1,36864,0.0,0.0,0.0,0.0,0,16384,16,4.0,9.13827491571866e-05,177440.0,0.0005309999978635,0.0002426850423944,0.0007736850402579,24584,256,qam16,18,2,1697.692801261208,high_sparse,42001,N256_qam16_high_sparse_S18_42001_939407e4
19,otfs:time:L0:K8,otfs,time,0,8,25600.0,0.0,3328.0,28928.0,185408.0,251200.0,71688,1,36864,0.0,0.0,0.0,0.0,0,16384,16,6.0,7.386942957266761e-07,214320.0,0.0005433999904198,0.0002353850377403,0.0007787850281602,24584,256,qam16,18,2,1697.692801261208,high_sparse,42001,N256_qam16_high_sparse_S18_42001_939407e4
20,otfs:time:L0:K16,otfs,time,0,16,25600.0,0.0,3328.0,28928.0,332928.0,398720.0,71688,1,36864,0.0,0.0,0.0,0.0,0,16384,16,6.0,7.386942957266761e-07,214320.0,0.0005443000118248,0.000234503791944,0.0007788038037688,24584,256,qam16,18,2,1697.692801261208,high_sparse,42001,N256_qam16_high_sparse_S18_42001_939407e4
21,otfs:dense:L256:K0,otfs,dense,256,0,8938496.0,0.0,0.0,187895978.66666663,1605632.0,189538474.66666663,4243456,1,36864,0.0,0.0,0.0,0.0,0,16384,16,0.0,4.124595260919556e-16,189538474.66666663,0.0199120000033872,0.0003947287887058,0.020306728792093,3145728,256,qam16,18,2,1697.692801261208,high_sparse,42001,N256_qam16_high_sparse_S18_42001_939407e4
22,afdm:symbol:L4:K2,afdm,symbol,4,2,7916032.0,917504.0,6400.0,8839936.0,91152.0,8967952.0,2189320,1,36864,0.0039702486493703,0.00018310546875,0.0001220703125,0.000333559595246,2,16384,16,2.0,0.0098502379623027,8967952.0,0.0104528000083519,0.0001351975376812,0.0105879975460332,45064,256,qam16,18,2,1697.692801261208,high_sparse,42001,N256_qam16_high_sparse_S18_42001_939407e4
23,afdm:symbol:L4:K8,afdm,symbol,4,8,7916032.0,917504.0,6400.0,8839936.0,250944.0,9127744.0,2189320,1,36864,0.0039702486493703,0.000244140625,0.0001220703125,0.000333559595246,2,16384,16,6.0,5.525351935515041e-07,9074480.0,0.0099756000126944,0.0001936412906864,0.0101692413033809,45064,256,qam16,18,2,1697.692801261208,high_sparse,42001,N256_qam16_high_sparse_S18_42001_939407e4
24,afdm:symbol:L8:K4,afdm,symbol,8,4,7916032.0,917504.0,12544.0,8846080.0,218144.0,9101088.0,2230280,1,36864,0.0019830281637646,0.0,6.103515625e-05,0.000244140625,1,16384,16,4.0,0.0001104296069456,9101088.0,0.0100164000177755,0.0002069225390435,0.0102233225568191,86024,256,qam16,18,2,1697.692801261208,high_sparse,42001,N256_qam16_high_sparse_S18_42001_939407e4
25,afdm:symbol:L8:K16,afdm,symbol,8,16,7916032.0,917504.0,12544.0,8846080.0,734336.0,9617280.0,2230280,1,36864,0.0019830281637646,0.0,6.103515625e-05,0.000244140625,1,16384,16,7.0,9.682369259373657e-08,9230136.0,0.0100007000000914,0.0003296287893383,0.0103303287894298,86024,256,qam16,18,2,1697.692801261208,high_sparse,42001,N256_qam16_high_sparse_S18_42001_939407e4
26,afdm:symbol:L16:K8,afdm,symbol,16,8,7916032.0,917504.0,24832.0,8858368.0,668736.0,9563968.0,2312200,1,36864,0.0007785538618334,0.0,0.0,0.0,0,16384,16,6.0,7.961868943140177e-07,9412400.0,0.0108690000051865,0.0002796600453869,0.0111486600505734,167944,256,qam16,18,2,1697.692801261208,high_sparse,42001,N256_qam16_high_sparse_S18_42001_939407e4
27,afdm:symbol:L32:K16,afdm,symbol,32,16,7916032.0,917504.0,49408.0,8882944.0,2356352.0,11276160.0,2476040,1,36864,0.0003036836792358,0.0,0.0,0.0,0,16384,16,6.0,8.777831503741243e-07,9862960.0,0.0108254000078886,0.000578235042419,0.0114036350503077,331784,256,qam16,18,2,1697.692801261208,high_sparse,42001,N256_qam16_high_sparse_S18_42001_939407e4
28,afdm:time:L0:K2,afdm,time,0,2,51712.0,0.0,3328.0,55040.0,70672.0,162576.0,71688,1,36864,0.0,0.0,0.0,0.0,0,16384,16,2.0,0.0110943626629647,162576.0,0.0005745000089518,0.0001427037902679,0.0007172037992197,24584,256,qam16,18,2,1697.692801261208,high_sparse,42001,N256_qam16_high_sparse_S18_42001_939407e4
29,afdm:time:L0:K4,afdm,time,0,4,51712.0,0.0,3328.0,55040.0,107552.0,199456.0,71688,1,36864,0.0,0.0,0.0,0.0,0,16384,16,4.0,9.02578050188792e-05,199456.0,0.0006330000178422,0.0001558600385826,0.0007888600564249,24584,256,qam16,18,2,1697.692801261208,high_sparse,42001,N256_qam16_high_sparse_S18_42001_939407e4
30,afdm:time:L0:K8,afdm,time,0,8,51712.0,0.0,3328.0,55040.0,181312.0,273216.0,71688,1,36864,0.0,0.0,0.0,0.0,0,16384,16,6.0,7.398001778134011e-07,236336.0,0.0005377000052249,0.0002166975388966,0.0007543975441215,24584,256,qam16,18,2,1697.692801261208,high_sparse,42001,N256_qam16_high_sparse_S18_42001_939407e4
31,afdm:time:L0:K16,afdm,time,0,16,51712.0,0.0,3328.0,55040.0,328832.0,420736.0,71688,1,36864,0.0,0.0,0.0,0.0,0,16384,16,6.0,7.398001778134011e-07,236336.0,0.0005574000097112,0.0001904662901572,0.0007478662998685,24584,256,qam16,18,2,1697.692801261208,high_sparse,42001,N256_qam16_high_sparse_S18_42001_939407e4
32,afdm:dense:L256:K0,afdm,dense,256,0,7916032.0,0.0,0.0,186873514.66666663,1601536.0,188511914.66666663,4243456,1,36864,0.0,0.0,0.0,0.0,0,16384,16,0.0,7.412119218566757e-16,188511914.66666663,0.012099900006433,0.0003679600401731,0.0124678600466061,3145728,256,qam16,18,2,1697.692801261208,high_sparse,42001,N256_qam16_high_sparse_S18_42001_939407e4
0,ofdm:symbol:L4:K2,ofdm,symbol,4,2,6317056.0,917504.0,6400.0,7240960.0,85008.0,7362832.0,2189320,1,36864,0.0855700510389521,0.21099853515625,0.2098388671875,0.0109901252118823,3438,16384,16,2.0,0.1749689259071518,7362832.0,0.00860410000314,0.000143860037607,0.008747960040747,45064,256,qam16,18,2,1698.0545997351242,high_sparse,42002,N256_qam16_high_sparse_S18_42002_fb49e939
1,ofdm:symbol:L4:K8,ofdm,symbol,4,8,6317056.0,917504.0,6400.0,7240960.0,244800.0,7522624.0,2189320,1,36864,0.0855700510389521,0.152587890625,0.1541748046875,0.0116963490324321,2526,16384,16,8.0,0.016786671318596,7522624.0,0.008290500001749,0.0002169537866586,0.0085074537884076,45064,256,qam16,18,2,1698.0545997351242,high_sparse,42002,N256_qam16_high_sparse_S18_42002_fb49e939
2,ofdm:symbol:L8:K4,ofdm,symbol,8,4,6317056.0,917504.0,12544.0,7247104.0,212000.0,7495968.0,2230280,1,36864,0.0403600034847373,0.1434326171875,0.14776611328125,0.0108553389040115,2421,16384,16,4.0,0.0420117223366398,7495968.0,0.0083361000142758,0.0001762412895197,0.0085123413037956,86024,256,qam16,18,2,1698.0545997351242,high_sparse,42002,N256_qam16_high_sparse_S18_42002_fb49e939
3,ofdm:symbol:L8:K16,ofdm,symbol,8,16,6317056.0,917504.0,12544.0,7247104.0,728192.0,8012160.0,2230280,1,36864,0.0403600034847373,0.12152099609375,0.1285400390625,0.0155183330117805,2106,16384,16,16.0,0.0006750463966171,8012160.0,0.0083499000029405,0.0004418787858605,0.0087917787888011,86024,256,qam16,18,2,1698.0545997351242,high_sparse,42002,N256_qam16_high_sparse_S18_42002_fb49e939
4,ofdm:symbol:L16:K8,ofdm,symbol,16,8,6317056.0,917504.0,24832.0,7259392.0,662592.0,7958848.0,2312200,1,36864,0.0144572606865718,0.099853515625,0.10595703125,0.0112311763816915,1736,16384,16,8.0,0.00957074161544,7958848.0,0.0088653999991947,0.0003854787875036,0.0092508787866983,167944,256,qam16,18,2,1698.0545997351242,high_sparse,42002,N256_qam16_high_sparse_S18_42002_fb49e939
5,ofdm:symbol:L32:K16,ofdm,symbol,32,16,6317056.0,917504.0,49408.0,7283968.0,2350208.0,9671040.0,2476040,1,36864,0.0053166851598885,0.0875244140625,0.09619140625,0.0106917613793625,1576,16384,16,16.0,0.0004200623233565,9671040.0,0.008964200009359,0.0007128475364163,0.0096770475457753,331784,256,qam16,18,2,1698.0545997351242,high_sparse,42002,N256_qam16_high_sparse_S18_42002_fb49e939
6,ofdm:time:L0:K2,ofdm,time,0,2,25600.0,0.0,3328.0,28928.0,64528.0,130320.0,71688,1,36864,0.0,0.16845703125,0.173828125,0.0117890685401464,2848,16384,16,2.0,0.0948543073582146,130320.0,0.000527600001078,0.0001216350375409,0.000649235038619,24584,256,qam16,18,2,1698.0545997351242,high_sparse,42002,N256_qam16_high_sparse_S18_42002_fb49e939
7,ofdm:time:L0:K4,ofdm,time,0,4,25600.0,0.0,3328.0,28928.0,101408.0,167200.0,71688,1,36864,0.0,0.1112060546875,0.11248779296875,0.0111585887519789,1843,16384,16,4.0,0.0341845359031022,167200.0,0.0005199000006541,0.0001960600394533,0.0007159600401075,24584,256,qam16,18,2,1698.0545997351242,high_sparse,42002,N256_qam16_high_sparse_S18_42002_fb49e939
8,ofdm:time:L0:K8,ofdm,time,0,8,25600.0,0.0,3328.0,28928.0,175168.0,240960.0,71688,1,36864,0.0,0.08282470703125,0.08172607421875,0.0105704714698989,1339,16384,16,8.0,0.0074030013537453,240960.0,0.0005573999951593,0.0002483600366042,0.0008057600317635,24584,256,qam16,18,2,1698.0545997351242,high_sparse,42002,N256_qam16_high_sparse_S18_42002_fb49e939
9,ofdm:time:L0:K16,ofdm,time,0,16,25600.0,0.0,3328.0,28928.0,322688.0,388480.0,71688,1,36864,0.0,0.08056640625,0.08111572265625,0.0089891061903008,1329,16384,16,16.0,0.0002973792867849,388480.0,0.0005154999962542,0.0004165600386124,0.0009320600348666,24584,256,qam16,18,2,1698.0545997351242,high_sparse,42002,N256_qam16_high_sparse_S18_42002_fb49e939
10,ofdm:dense:L256:K0,ofdm,dense,256,0,6317056.0,0.0,0.0,185274538.66666663,1595392.0,186906794.66666663,4243456,1,36864,0.0,0.080322265625,0.08111572265625,0.009010299652457,1329,16384,16,0.0,6.327735617624501e-16,186906794.66666663,0.011097199996584,0.0004413725365531,0.0115385725331372,3145728,256,qam16,18,2,1698.0545997351242,high_sparse,42002,N256_qam16_high_sparse_S18_42002_fb49e939
11,otfs:symbol:L4:K2,otfs,symbol,4,2,8938496.0,917504.0,6400.0,9862400.0,95248.0,9994512.0,2189320,1,36864,0.0855322425548942,0.20703125,0.20947265625,0.0116316205386079,3432,16384,16,2.0,0.1769139876543679,9994512.0,0.0170436999906087,0.0001653333298566,0.0172090333204654,45064,256,qam16,18,2,1698.0545997351242,high_sparse,42002,N256_qam16_high_sparse_S18_42002_fb49e939
12,otfs:symbol:L4:K8,otfs,symbol,4,8,8938496.0,917504.0,6400.0,9862400.0,255040.0,10154304.0,2189320,1,36864,0.0855322425548942,0.14703369140625,0.14959716796875,0.0113450548666799,2451,16384,16,8.0,0.0161128259781264,10154304.0,0.0169609000004129,0.0002669708288852,0.0172278708292982,45064,256,qam16,18,2,1698.0545997351242,high_sparse,42002,N256_qam16_high_sparse_S18_42002_fb49e939
13,otfs:symbol:L8:K4,otfs,symbol,8,4,8938496.0,917504.0,12544.0,9868544.0,222240.0,10127648.0,2230280,1,36864,0.0414520195460174,0.1434326171875,0.14129638671875,0.0089767202303148,2315,16384,16,4.0,0.0508157993991136,10127648.0,0.0176600999984657,0.0005322958346699,0.0181923958331357,86024,256,qam16,18,2,1698.0545997351242,high_sparse,42002,N256_qam16_high_sparse_S18_42002_fb49e939
14,otfs:symbol:L8:K16,otfs,symbol,8,16,8938496.0,917504.0,12544.0,9868544.0,738432.0,10643840.0,2230280,1,36864,0.0414520195460174,0.1160888671875,0.11688232421875,0.0103455340027316,1915,16384,16,16.0,0.0005152729778942,10643840.0,0.0188512999884551,0.0006472645833458,0.019498564571801,86024,256,qam16,18,2,1698.0545997351242,high_sparse,42002,N256_qam16_high_sparse_S18_42002_fb49e939
15,otfs:symbol:L16:K8,otfs,symbol,16,8,8938496.0,917504.0,24832.0,9880832.0,672832.0,10590528.0,2312200,1,36864,0.0172081637568619,0.09539794921875,0.09576416015625,0.008679648457922,1569,16384,16,8.0,0.009707092081246,10590528.0,0.0174816999933682,0.00032019583217,0.0178018958255382,167944,256,qam16,18,2,1698.0545997351242,high_sparse,42002,N256_qam16_high_sparse_S18_42002_fb49e939
16,otfs:symbol:L32:K16,otfs,symbol,32,16,8938496.0,917504.0,49408.0,9905408.0,2360448.0,12302720.0,2476040,1,36864,1.1102230246251563e-16,0.07952880859375,0.0782470703125,0.0075969198175654,1282,16384,16,16.0,0.0003015302675754,12302720.0,0.0185980999958701,0.0006845833319279,0.019282683327798,331784,256,qam16,18,2,1698.0545997351242,high_sparse,42002,N256_qam16_high_sparse_S18_42002_fb49e939
17,otfs:time:L0:K2,otfs,time,0,2,25600.0,0.0,3328.0,28928.0,74768.0,140560.0,71688,1,36864,0.0,0.16998291015625,0.166015625,0.0147974194725592,2720,16384,16,2.0,0.0974776691515012,140560.0,0.0005404999974416,0.0004127833304995,0.0009532833279412,24584,256,qam16,18,2,1698.0545997351242,high_sparse,42002,N256_qam16_high_sparse_S18_42002_fb49e939
18,otfs:time:L0:K4,otfs,time,0,4,25600.0,0.0,3328.0,28928.0,111648.0,177440.0,71688,1,36864,0.0,0.10504150390625,0.1055908203125,0.0088422508092324,1730,16384,16,4.0,0.0341502991664042,177440.0,0.0007588999869767,0.0001978458318593,0.0009567458188361,24584,256,qam16,18,2,1698.0545997351242,high_sparse,42002,N256_qam16_high_sparse_S18_42002_fb49e939
19,otfs:time:L0:K8,otfs,time,0,8,25600.0,0.0,3328.0,28928.0,185408.0,251200.0,71688,1,36864,0.0,0.080078125,0.07952880859375,0.006565219376272,1303,16384,16,8.0,0.0075358183311129,251200.0,0.000528899996425,0.0002870520817272,0.0008159520781522,24584,256,qam16,18,2,1698.0545997351242,high_sparse,42002,N256_qam16_high_sparse_S18_42002_fb49e939
20,otfs:time:L0:K16,otfs,time,0,16,25600.0,0.0,3328.0,28928.0,332928.0,398720.0,71688,1,36864,0.0,0.07952880859375,0.0782470703125,0.0075969198175654,1282,16384,16,16.0,0.0003015302675754,398720.0,0.0005412000027718,0.0004060895859187,0.0009472895886905,24584,256,qam16,18,2,1698.0545997351242,high_sparse,42002,N256_qam16_high_sparse_S18_42002_fb49e939
21,otfs:dense:L256:K0,otfs,dense,256,0,8938496.0,0.0,0.0,187895978.66666663,1605632.0,189538474.66666663,4243456,1,36864,0.0,0.07952880859375,0.0782470703125,0.0075381094901753,1282,16384,16,0.0,3.5895084476611654e-16,189538474.66666663,0.0209328999917488,0.0005584270835573,0.0214913270753062,3145728,256,qam16,18,2,1698.0545997351242,high_sparse,42002,N256_qam16_high_sparse_S18_42002_fb49e939
22,afdm:symbol:L4:K2,afdm,symbol,4,2,7916032.0,917504.0,6400.0,8839936.0,91152.0,8967952.0,2189320,1,36864,0.0861355882380557,0.20904541015625,0.20654296875,0.0149427891176508,3384,16384,16,2.0,0.1760515059976864,8967952.0,0.0099570000020321,0.0001290950748432,0.0100860950768754,45064,256,qam16,18,2,1698.0545997351242,high_sparse,42002,N256_qam16_high_sparse_S18_42002_fb49e939
23,afdm:symbol:L4:K8,afdm,symbol,4,8,7916032.0,917504.0,6400.0,8839936.0,250944.0,9127744.0,2189320,1,36864,0.0861355882380557,0.15264892578125,0.1483154296875,0.0124851138167259,2430,16384,16,8.0,0.0159780542001935,9127744.0,0.0097558999987086,0.0002490325758833,0.010004932574592,45064,256,qam16,18,2,1698.0545997351242,high_sparse,42002,N256_qam16_high_sparse_S18_42002_fb49e939
24,afdm:symbol:L8:K4,afdm,symbol,8,4,7916032.0,917504.0,12544.0,8846080.0,218144.0,9101088.0,2230280,1,36864,0.0423799251976815,0.14080810546875,0.1395263671875,0.0146890712465735,2286,16384,16,4.0,0.0441626185270938,9101088.0,0.0100355000031413,0.0001712075762759,0.0102067075794173,86024,256,qam16,18,2,1698.0545997351242,high_sparse,42002,N256_qam16_high_sparse_S18_42002_fb49e939
25,afdm:symbol:L8:K16,afdm,symbol,8,16,7916032.0,917504.0,12544.0,8846080.0,734336.0,9617280.0,2230280,1,36864,0.0423799251976815,0.12054443359375,0.1201171875,0.0148188867977483,1968,16384,16,16.0,0.0005266552045524,9617280.0,0.0099380000174278,0.0004119825770237,0.0103499825944516,86024,256,qam16,18,2,1698.0545997351242,high_sparse,42002,N256_qam16_high_sparse_S18_42002_fb49e939
26,afdm:symbol:L16:K8,afdm,symbol,16,8,7916032.0,917504.0,24832.0,8858368.0,668736.0,9563968.0,2312200,1,36864,0.0184598251710238,0.10186767578125,0.10296630859375,0.0149043135968051,1687,16384,16,8.0,0.0103247600255441,9563968.0,0.010239300012472,0.0002686513288415,0.0105079513413136,167944,256,qam16,18,2,1698.0545997351242,high_sparse,42002,N256_qam16_high_sparse_S18_42002_fb49e939
27,afdm:symbol:L32:K16,afdm,symbol,32,16,7916032.0,917504.0,49408.0,8882944.0,2356352.0,11276160.0,2476040,1,36864,0.0060198529751519,0.09014892578125,0.09228515625,0.0117782776284662,1512,16384,16,16.0,0.0003817324443843,11276160.0,0.0108021000050939,0.0006069200779882,0.0114090200830822,331784,256,qam16,18,2,1698.0545997351242,high_sparse,42002,N256_qam16_high_sparse_S18_42002_fb49e939
28,afdm:time:L0:K2,afdm,time,0,2,51712.0,0.0,3328.0,55040.0,70672.0,162576.0,71688,1,36864,0.0,0.16998291015625,0.1668701171875,0.015790444896342,2734,16384,16,2.0,0.0960917312544744,162576.0,0.0006082000036258,0.0001504950759033,0.0007586950795291,24584,256,qam16,18,2,1698.0545997351242,high_sparse,42002,N256_qam16_high_sparse_S18_42002_fb49e939
29,afdm:time:L0:K4,afdm,time,0,4,51712.0,0.0,3328.0,55040.0,107552.0,199456.0,71688,1,36864,0.0,0.1083984375,0.1043701171875,0.0141421850759467,1710,16384,16,4.0,0.0336142453002043,199456.0,0.0005995999963488,0.0001687950770054,0.0007683950733542,24584,256,qam16,18,2,1698.0545997351242,high_sparse,42002,N256_qam16_high_sparse_S18_42002_fb49e939
30,afdm:time:L0:K8,afdm,time,0,8,51712.0,0.0,3328.0,55040.0,181312.0,273216.0,71688,1,36864,0.0,0.08258056640625,0.07867431640625,0.0104995608162235,1289,16384,16,8.0,0.0073207754656019,273216.0,0.0006145999941509,0.0002325825788637,0.0008471825730146,24584,256,qam16,18,2,1698.0545997351242,high_sparse,42002,N256_qam16_high_sparse_S18_42002_fb49e939
31,afdm:time:L0:K16,afdm,time,0,16,51712.0,0.0,3328.0,55040.0,328832.0,420736.0,71688,1,36864,0.0,0.07928466796875,0.07708740234375,0.0098658190191292,1263,16384,16,16.0,0.0002892642533771,420736.0,0.0006135000003268,0.0003680200796941,0.000981520080021,24584,256,qam16,18,2,1698.0545997351242,high_sparse,42002,N256_qam16_high_sparse_S18_42002_fb49e939
32,afdm:dense:L256:K0,afdm,dense,256,0,7916032.0,0.0,0.0,186873514.66666663,1601536.0,188511914.66666663,4243456,1,36864,0.0,0.07952880859375,0.0771484375,0.0096081045908194,1264,16384,16,0.0,6.601075688847052e-16,188511914.66666663,0.0125908000045456,0.0004486013293706,0.0130394013339162,3145728,256,qam16,18,2,1698.0545997351242,high_sparse,42002,N256_qam16_high_sparse_S18_42002_fb49e939
0,ofdm:symbol:L4:K2,ofdm,symbol,4,2,6317056.0,917504.0,6400.0,7240960.0,85008.0,7362832.0,2189320,1,36864,0.1205199811555618,0.105224609375,0.1026611328125,0.0125511394900372,1682,16384,16,2.0,0.1484146158889549,7362832.0,0.0092079999885754,0.000120402648959,0.0093284026375344,45064,256,qam16,18,2,2144.5539250124293,high_sparse,42003,N256_qam16_high_sparse_S18_42003_04810d33
1,ofdm:symbol:L4:K8,ofdm,symbol,4,8,6317056.0,917504.0,6400.0,7240960.0,244800.0,7522624.0,2189320,1,36864,0.1205199811555618,0.154052734375,0.15093994140625,0.0148401891887906,2473,16384,16,8.0,0.0045219753361901,7522624.0,0.0089345000014873,0.0003537401485532,0.0092882401500405,45064,256,qam16,18,2,2144.5539250124293,high_sparse,42003,N256_qam16_high_sparse_S18_42003_04810d33
2,ofdm:symbol:L8:K4,ofdm,symbol,8,4,6317056.0,917504.0,12544.0,7247104.0,212000.0,7495968.0,2230280,1,36864,0.0441120452092672,0.0621337890625,0.0615234375,0.0115987782503607,1008,16384,16,4.0,0.0490032509038929,7495968.0,0.008892800004105,0.0001634964005874,0.0090562964046925,86024,256,qam16,18,2,2144.5539250124293,high_sparse,42003,N256_qam16_high_sparse_S18_42003_04810d33
3,ofdm:symbol:L8:K16,ofdm,symbol,8,16,6317056.0,917504.0,12544.0,7247104.0,728192.0,8012160.0,2230280,1,36864,0.0441120452092672,0.109619140625,0.11083984375,0.0201717882614969,1816,16384,16,16.0,7.043574095586018e-05,8012160.0,0.009362599987071,0.0004008213978026,0.0097634213848736,86024,256,qam16,18,2,2144.5539250124293,high_sparse,42003,N256_qam16_high_sparse_S18_42003_04810d33
4,ofdm:symbol:L16:K8,ofdm,symbol,16,8,6317056.0,917504.0,24832.0,7259392.0,662592.0,7958848.0,2312200,1,36864,0.0175847801768663,0.03594970703125,0.03631591796875,0.0152886101823608,595,16384,16,8.0,0.0021431403141902,7958848.0,0.0089356999960727,0.0002591151483515,0.0091948151444243,167944,256,qam16,18,2,2144.5539250124293,high_sparse,42003,N256_qam16_high_sparse_S18_42003_04810d33
5,ofdm:symbol:L32:K16,ofdm,symbol,32,16,6317056.0,917504.0,49408.0,7283968.0,2350208.0,9671040.0,2476040,1,36864,0.0084120067752558,0.0086669921875,0.00860595703125,0.0064701104200198,141,16384,16,16.0,1.965250706603736e-06,9671040.0,0.0095857999986037,0.000563427649054,0.0101492276476578,331784,256,qam16,18,2,2144.5539250124293,high_sparse,42003,N256_qam16_high_sparse_S18_42003_04810d33
6,ofdm:time:L0:K2,ofdm,time,0,2,25600.0,0.0,3328.0,28928.0,64528.0,130320.0,71688,1,36864,0.0,0.00726318359375,0.00634765625,0.0030257682392245,104,16384,16,2.0,0.0872263954297483,130320.0,0.000561299995752,0.0001188088995563,0.0006801088953083,24584,256,qam16,18,2,2144.5539250124293,high_sparse,42003,N256_qam16_high_sparse_S18_42003_04810d33
7,ofdm:time:L0:K4,ofdm,time,0,4,25600.0,0.0,3328.0,28928.0,101408.0,167200.0,71688,1,36864,0.0,6.103515625e-05,0.0,0.0,0,16384,16,4.0,0.0096762130856324,167200.0,0.000620799997705,0.0001814338980197,0.0008022338957247,24584,256,qam16,18,2,2144.5539250124293,high_sparse,42003,N256_qam16_high_sparse_S18_42003_04810d33
8,ofdm:time:L0:K8,ofdm,time,0,8,25600.0,0.0,3328.0,28928.0,175168.0,240960.0,71688,1,36864,0.0,6.103515625e-05,0.0,0.0,0,16384,16,8.0,9.809692362153772e-05,240960.0,0.0005504000000655,0.0002382776506651,0.0007886776507306,24584,256,qam16,18,2,2144.5539250124293,high_sparse,42003,N256_qam16_high_sparse_S18_42003_04810d33
9,ofdm:time:L0:K16,ofdm,time,0,16,25600.0,0.0,3328.0,28928.0,322688.0,388480.0,71688,1,36864,0.0,6.103515625e-05,0.0,0.0,0,16384,16,12.4375,6.876082936052547e-07,322787.5,0.000573199999053,0.0003052151483147,0.0008784151473677,24584,256,qam16,18,2,2144.5539250124293,high_sparse,42003,N256_qam16_high_sparse_S18_42003_04810d33
10,ofdm:dense:L256:K0,ofdm,dense,256,0,6317056.0,0.0,0.0,185274538.66666663,1595392.0,186906794.66666663,4243456,1,36864,0.0,6.103515625e-05,0.0,0.0,0,16384,16,0.0,8.185618722127151e-16,186906794.66666663,0.0114904999936698,0.000572471400615,0.0120629713942848,3145728,256,qam16,18,2,2144.5539250124293,high_sparse,42003,N256_qam16_high_sparse_S18_42003_04810d33
11,otfs:symbol:L4:K2,otfs,symbol,4,2,8938496.0,917504.0,6400.0,9862400.0,95248.0,9994512.0,2189320,1,36864,0.1278469731171319,0.1138916015625,0.11566162109375,0.0128667745641687,1895,16384,16,2.0,0.1155816019469882,9994512.0,0.0251795000076526,0.000253752463736,0.0254332524713886,45064,256,qam16,18,2,2144.5539250124293,high_sparse,42003,N256_qam16_high_sparse_S18_42003_04810d33
12,otfs:symbol:L4:K8,otfs,symbol,4,8,8938496.0,917504.0,6400.0,9862400.0,255040.0,10154304.0,2189320,1,36864,0.1278469731171319,0.149169921875,0.147216796875,0.0145395256732599,2412,16384,16,8.0,0.0003061618038879,10154304.0,0.0249513000017032,0.0004255774642429,0.0253768774659461,45064,256,qam16,18,2,2144.5539250124293,high_sparse,42003,N256_qam16_high_sparse_S18_42003_04810d33
13,otfs:symbol:L8:K4,otfs,symbol,8,4,8938496.0,917504.0,12544.0,9868544.0,222240.0,10127648.0,2230280,1,36864,0.054409316610631,0.0740966796875,0.0728759765625,0.0166794092421657,1194,16384,16,4.0,0.0252130840054236,10127648.0,0.0250518000102601,0.0002272587111788,0.025279058721439,86024,256,qam16,18,2,2144.5539250124293,high_sparse,42003,N256_qam16_high_sparse_S18_42003_04810d33
14,otfs:symbol:L8:K16,otfs,symbol,8,16,8938496.0,917504.0,12544.0,9868544.0,738432.0,10643840.0,2230280,1,36864,0.054409316610631,0.07916259765625,0.080322265625,0.016470839501182,1316,16384,16,15.125,8.721749185495865e-07,10606201.0,0.0246774999977787,0.0004861274623677,0.0251636274601465,86024,256,qam16,18,2,2144.5539250124293,high_sparse,42003,N256_qam16_high_sparse_S18_42003_04810d33
15,otfs:symbol:L16:K8,otfs,symbol,16,8,8938496.0,917504.0,24832.0,9880832.0,672832.0,10590528.0,2312200,1,36864,0.0188544862755104,0.00750732421875,0.0101318359375,0.0031061238171784,166,16384,16,8.0,0.0002882483073454,10590528.0,0.0247951000055763,0.0003260899606671,0.0251211899662435,167944,256,qam16,18,2,2144.5539250124293,high_sparse,42003,N256_qam16_high_sparse_S18_42003_04810d33
16,otfs:symbol:L32:K16,otfs,symbol,32,16,8938496.0,917504.0,49408.0,9905408.0,2360448.0,12302720.0,2476040,1,36864,0.0,6.103515625e-05,0.0001220703125,0.000333559595246,2,16384,16,12.875,4.092780345315631e-07,11861095.0,0.0252854999998817,0.0005907962108308,0.0258762962107125,331784,256,qam16,18,2,2144.5539250124293,high_sparse,42003,N256_qam16_high_sparse_S18_42003_04810d33
17,otfs:time:L0:K2,otfs,time,0,2,25600.0,0.0,3328.0,28928.0,74768.0,140560.0,71688,1,36864,0.0,0.00604248046875,0.0067138671875,0.0021358235289484,110,16384,16,2.0,0.0902343717741874,140560.0,0.0009378999966429,0.000190846211312,0.0011287462079549,24584,256,qam16,18,2,2144.5539250124293,high_sparse,42003,N256_qam16_high_sparse_S18_42003_04810d33
18,otfs:time:L0:K4,otfs,time,0,4,25600.0,0.0,3328.0,28928.0,111648.0,177440.0,71688,1,36864,0.0,6.103515625e-05,0.0,0.0,0,16384,16,4.0,0.0098693724032066,177440.0,0.0007125999982235,0.0002080837097806,0.0009206837080042,24584,256,qam16,18,2,2144.5539250124293,high_sparse,42003,N256_qam16_high_sparse_S18_42003_04810d33
19,otfs:time:L0:K8,otfs,time,0,8,25600.0,0.0,3328.0,28928.0,185408.0,251200.0,71688,1,36864,0.0,6.103515625e-05,0.0001220703125,0.000333559595246,2,16384,16,8.0,9.996024877867472e-05,251200.0,0.0007044999947538,0.0002795274590012,0.0009840274537551,24584,256,qam16,18,2,2144.5539250124293,high_sparse,42003,N256_qam16_high_sparse_S18_42003_04810d33
20,otfs:time:L0:K16,otfs,time,0,16,25600.0,0.0,3328.0,28928.0,332928.0,398720.0,71688,1,36864,0.0,6.103515625e-05,0.0001220703125,0.000333559595246,2,16384,16,12.875,4.092780345315631e-07,341095.0,0.0007509999995818,0.0006172087118598,0.0013682087114416,24584,256,qam16,18,2,2144.5539250124293,high_sparse,42003,N256_qam16_high_sparse_S18_42003_04810d33
21,otfs:dense:L256:K0,otfs,dense,256,0,8938496.0,0.0,0.0,187895978.66666663,1605632.0,189538474.66666663,4243456,1,36864,0.0,6.103515625e-05,0.0001220703125,0.000333559595246,2,16384,16,0.0,4.012017522985297e-16,189538474.66666663,0.0282509999960893,0.0007344899608638,0.0289854899569532,3145728,256,qam16,18,2,2144.5539250124293,high_sparse,42003,N256_qam16_high_sparse_S18_42003_04810d33
22,afdm:symbol:L4:K2,afdm,symbol,4,2,7916032.0,917504.0,6400.0,8839936.0,91152.0,8967952.0,2189320,1,36864,0.1303420353374822,0.11956787109375,0.12396240234375,0.0156999696816315,2031,16384,16,2.0,0.1184584483346622,8967952.0,0.0097961000137729,0.0001227490532928,0.0099188490670657,45064,256,qam16,18,2,2144.5539250124293,high_sparse,42003,N256_qam16_high_sparse_S18_42003_04810d33
23,afdm:symbol:L4:K8,afdm,symbol,4,8,7916032.0,917504.0,6400.0,8839936.0,250944.0,9127744.0,2189320,1,36864,0.1303420353374822,0.1539306640625,0.151611328125,0.0158090559233054,2484,16384,16,8.0,0.0002053039690692,9127744.0,0.0097867000149562,0.0006230678030933,0.0104097678180496,45064,256,qam16,18,2,2144.5539250124293,high_sparse,42003,N256_qam16_high_sparse_S18_42003_04810d33
24,afdm:symbol:L8:K4,afdm,symbol,8,4,7916032.0,917504.0,12544.0,8846080.0,218144.0,9101088.0,2230280,1,36864,0.0594781573940371,0.085693359375,0.08551025390625,0.0138656687016715,1401,16384,16,4.0,0.0322484647452453,9101088.0,0.0104306000139331,0.0002138490530286,0.0106444490669618,86024,256,qam16,18,2,2144.5539250124293,high_sparse,42003,N256_qam16_high_sparse_S18_42003_04810d33
25,afdm:symbol:L8:K16,afdm,symbol,8,16,7916032.0,917504.0,12544.0,8846080.0,734336.0,9617280.0,2230280,1,36864,0.0594781573940371,0.09918212890625,0.0992431640625,0.0149465115869277,1626,16384,16,16.0,2.618621162289742e-06,9617280.0,0.0097291000129189,0.000574036552638,0.0103031365655569,86024,256,qam16,18,2,2144.5539250124293,high_sparse,42003,N256_qam16_high_sparse_S18_42003_04810d33
26,afdm:symbol:L16:K8,afdm,symbol,16,8,7916032.0,917504.0,24832.0,8858368.0,668736.0,9563968.0,2312200,1,36864,0.0297398109633244,0.0506591796875,0.05126953125,0.017815241017174,840,16384,16,8.0,0.0012781760541848,9563968.0,0.0099792000255547,0.0002879490515569,0.0102671490771116,167944,256,qam16,18,2,2144.5539250124293,high_sparse,42003,N256_qam16_high_sparse_S18_42003_04810d33
27,afdm:symbol:L32:K16,afdm,symbol,32,16,7916032.0,917504.0,49408.0,8882944.0,2356352.0,11276160.0,2476040,1,36864,0.0134019451845619,0.02734375,0.0257568359375,0.0174104963016488,422,16384,16,16.0,8.898664524059693e-06,11276160.0,0.0104658000200288,0.0009259553002211,0.0113917553202499,331784,256,qam16,18,2,2144.5539250124293,high_sparse,42003,N256_qam16_high_sparse_S18_42003_04810d33
28,afdm:time:L0:K2,afdm,time,0,2,51712.0,0.0,3328.0,55040.0,70672.0,162576.0,71688,1,36864,0.0,0.00531005859375,0.00628662109375,0.0033254546196463,103,16384,16,2.0,0.0896185530136303,162576.0,0.0005971000064164,0.0001342115541719,0.0007313115605883,24584,256,qam16,18,2,2144.5539250124293,high_sparse,42003,N256_qam16_high_sparse_S18_42003_04810d33
29,afdm:time:L0:K4,afdm,time,0,4,51712.0,0.0,3328.0,55040.0,107552.0,199456.0,71688,1,36864,0.0,0.0,6.103515625e-05,0.000244140625,1,16384,16,4.0,0.0097212014122701,199456.0,0.0006569000252056,0.0001903865526346,0.0008472865778402,24584,256,qam16,18,2,2144.5539250124293,high_sparse,42003,N256_qam16_high_sparse_S18_42003_04810d33
30,afdm:time:L0:K8,afdm,time,0,8,51712.0,0.0,3328.0,55040.0,181312.0,273216.0,71688,1,36864,0.0,0.0,6.103515625e-05,0.000244140625,1,16384,16,8.0,9.859666477476372e-05,273216.0,0.0008537000103387,0.0003408803016954,0.0011945803120342,24584,256,qam16,18,2,2144.5539250124293,high_sparse,42003,N256_qam16_high_sparse_S18_42003_04810d33
31,afdm:time:L0:K16,afdm,time,0,16,51712.0,0.0,3328.0,55040.0,328832.0,420736.0,71688,1,36864,0.0,0.0,6.103515625e-05,0.000244140625,1,16384,16,12.625,5.621097994890707e-07,358501.0,0.000592600001255,0.0003291802999173,0.0009217803011724,24584,256,qam16,18,2,2144.5539250124293,high_sparse,42003,N256_qam16_high_sparse_S18_42003_04810d33
32,afdm:dense:L256:K0,afdm,dense,256,0,7916032.0,0.0,0.0,186873514.66666663,1601536.0,188511914.66666663,4243456,1,36864,0.0,0.0,6.103515625e-05,0.000244140625,1,16384,16,0.0,7.363029835543846e-16,188511914.66666663,0.0132463000190909,0.0003946490509351,0.0136409490700261,3145728,256,qam16,18,2,2144.5539250124293,high_sparse,42003,N256_qam16_high_sparse_S18_42003_04810d33
0,ofdm:symbol:L4:K2,ofdm,symbol,4,2,6317056.0,917504.0,6400.0,7240960.0,85008.0,7362832.0,2189320,1,36864,0.0039773271745912,0.0821533203125,0.0836181640625,0.0076386499849202,1370,16384,16,2.0,0.0081687037349622,7362832.0,0.010042699999758,0.0001495272778232,0.0101922272775813,45064,256,qam16,8,2,1697.692801261208,high_sparse,42001,N256_qam16_high_sparse_S8_42001_e69cf69c
1,ofdm:symbol:L4:K8,ofdm,symbol,4,8,6317056.0,917504.0,6400.0,7240960.0,244800.0,7522624.0,2189320,1,36864,0.0039773271745912,0.0816650390625,0.08355712890625,0.0079493927057901,1369,16384,16,6.0,2.9897519613953866e-07,7469360.0,0.0098993999854428,0.0002069522712521,0.0101063522566949,45064,256,qam16,8,2,1697.692801261208,high_sparse,42001,N256_qam16_high_sparse_S8_42001_e69cf69c
2,ofdm:symbol:L8:K4,ofdm,symbol,8,4,6317056.0,917504.0,12544.0,7247104.0,212000.0,7495968.0,2230280,1,36864,0.0020416105643882,0.08135986328125,0.08258056640625,0.0079653724044711,1353,16384,16,4.0,7.067486917606482e-05,7495968.0,0.0098379999981261,0.0001744772722635,0.0100124772703896,86024,256,qam16,8,2,1697.692801261208,high_sparse,42001,N256_qam16_high_sparse_S8_42001_e69cf69c
3,ofdm:symbol:L8:K16,ofdm,symbol,8,16,6317056.0,917504.0,12544.0,7247104.0,728192.0,8012160.0,2230280,1,36864,0.0020416105643882,0.08148193359375,0.08258056640625,0.0079653724044711,1353,16384,16,6.0,5.070047696288619e-07,7582000.0,0.0098133999854326,0.00024656476911,0.0100599647545426,86024,256,qam16,8,2,1697.692801261208,high_sparse,42001,N256_qam16_high_sparse_S8_42001_e69cf69c
4,ofdm:symbol:L16:K8,ofdm,symbol,16,8,6317056.0,917504.0,24832.0,7259392.0,662592.0,7958848.0,2312200,1,36864,0.0008119866020772,0.08123779296875,0.08221435546875,0.0088805907643473,1347,16384,16,6.0,4.309298580817405e-07,7807280.0,0.0104678999923635,0.0002728647765583,0.0107407647689218,167944,256,qam16,8,2,1697.692801261208,high_sparse,42001,N256_qam16_high_sparse_S8_42001_e69cf69c
5,ofdm:symbol:L32:K16,ofdm,symbol,32,16,6317056.0,917504.0,49408.0,7283968.0,2350208.0,9671040.0,2476040,1,36864,0.0003071475934167,0.07977294921875,0.08282470703125,0.0095697727180897,1357,16384,16,6.0,4.335562014918182e-07,8257840.0,0.0102938999916659,0.0003051772706715,0.0105990772623375,331784,256,qam16,8,2,1697.692801261208,high_sparse,42001,N256_qam16_high_sparse_S8_42001_e69cf69c
6,ofdm:time:L0:K2,ofdm,time,0,2,25600.0,0.0,3328.0,28928.0,64528.0,130320.0,71688,1,36864,0.0,0.0792236328125,0.0809326171875,0.0088781294342319,1326,16384,16,2.0,0.0092445437652307,130320.0,0.0006049999938113,0.000122308524293,0.0007273085181044,24584,256,qam16,8,2,1697.692801261208,high_sparse,42001,N256_qam16_high_sparse_S8_42001_e69cf69c
7,ofdm:time:L0:K4,ofdm,time,0,4,25600.0,0.0,3328.0,28928.0,101408.0,167200.0,71688,1,36864,0.0,0.0791015625,0.08111572265625,0.0085393396945087,1329,16384,16,4.0,6.037766391312311e-05,167200.0,0.0006825000018579,0.0001671960232091,0.0008496960250671,24584,256,qam16,8,2,1697.692801261208,high_sparse,42001,N256_qam16_high_sparse_S8_42001_e69cf69c
8,ofdm:time:L0:K8,ofdm,time,0,8,25600.0,0.0,3328.0,28928.0,175168.0,240960.0,71688,1,36864,0.0,0.0791015625,0.08111572265625,0.0085393396945087,1329,16384,16,6.0,3.93336903586943e-07,204080.0,0.0006052999960957,0.0002059210279515,0.0008112210240473,24584,256,qam16,8,2,1697.692801261208,high_sparse,42001,N256_qam16_high_sparse_S8_42001_e69cf69c
9,ofdm:time:L0:K16,ofdm,time,0,16,25600.0,0.0,3328.0,28928.0,322688.0,388480.0,71688,1,36864,0.0,0.0791015625,0.08111572265625,0.0085393396945087,1329,16384,16,6.0,3.93336903586943e-07,204080.0,0.0006190999993123,0.0001986772737258,0.0008177772730381,24584,256,qam16,8,2,1697.692801261208,high_sparse,42001,N256_qam16_high_sparse_S8_42001_e69cf69c
10,ofdm:dense:L256:K0,ofdm,dense,256,0,6317056.0,0.0,0.0,185274538.66666663,1595392.0,186906794.66666663,4243456,1,36864,0.0,0.0791015625,0.08111572265625,0.0085393396945087,1329,16384,16,0.0,7.100073234900687e-16,186906794.66666663,0.0119858999969437,0.0003857897733145,0.0123716897702582,3145728,256,qam16,8,2,1697.692801261208,high_sparse,42001,N256_qam16_high_sparse_S8_42001_e69cf69c
11,otfs:symbol:L4:K2,otfs,symbol,4,2,8938496.0,917504.0,6400.0,9862400.0,95248.0,9994512.0,2189320,1,36864,0.0039194593462724,0.08447265625,0.08355712890625,0.0109675041280923,1369,16384,16,2.0,0.0080204023461884,9994512.0,0.0196396999963326,0.0001776178025024,0.0198173177988351,45064,256,qam16,8,2,1697.692801261208,high_sparse,42001,N256_qam16_high_sparse_S8_42001_e69cf69c
12,otfs:symbol:L4:K8,otfs,symbol,4,8,8938496.0,917504.0,6400.0,9862400.0,255040.0,10154304.0,2189320,1,36864,0.0039194593462724,0.08453369140625,0.08258056640625,0.0101171670763749,1353,16384,16,6.0,2.9131287102484254e-07,10101040.0,0.019334999989951,0.0002509178003961,0.0195859177903471,45064,256,qam16,8,2,1697.692801261208,high_sparse,42001,N256_qam16_high_sparse_S8_42001_e69cf69c
13,otfs:symbol:L8:K4,otfs,symbol,8,4,8938496.0,917504.0,12544.0,9868544.0,222240.0,10127648.0,2230280,1,36864,0.0019495572998041,0.08111572265625,0.08245849609375,0.0095946540862137,1351,16384,16,4.0,9.606257348019392e-05,10127648.0,0.0194822000048588,0.0002243115533488,0.0197065115582077,86024,256,qam16,8,2,1697.692801261208,high_sparse,42001,N256_qam16_high_sparse_S8_42001_e69cf69c
14,otfs:symbol:L8:K16,otfs,symbol,8,16,8938496.0,917504.0,12544.0,9868544.0,738432.0,10643840.0,2230280,1,36864,0.0019495572998041,0.08111572265625,0.08245849609375,0.0095946540862137,1351,16384,16,6.0,7.603557201885227e-07,10213680.0,0.0192264999932376,0.0004383928036545,0.0196648927968922,86024,256,qam16,8,2,1697.692801261208,high_sparse,42001,N256_qam16_high_sparse_S8_42001_e69cf69c
15,otfs:symbol:L16:K8,otfs,symbol,16,8,8938496.0,917504.0,24832.0,9880832.0,672832.0,10590528.0,2312200,1,36864,0.0006626992755635,0.07952880859375,0.0821533203125,0.0096797986335932,1346,16384,16,6.0,4.230204397707191e-07,10438960.0,0.0202916999987792,0.0003131740533276,0.0206048740521068,167944,256,qam16,8,2,1697.692801261208,high_sparse,42001,N256_qam16_high_sparse_S8_42001_e69cf69c
16,otfs:symbol:L32:K16,otfs,symbol,32,16,8938496.0,917504.0,49408.0,9905408.0,2360448.0,12302720.0,2476040,1,36864,0.0,0.079345703125,0.08062744140625,0.0093666463297377,1321,16384,16,6.0,3.962745243270023e-07,10889520.0,0.0198654999985592,0.0003303303029965,0.0201958303015558,331784,256,qam16,8,2,1697.692801261208,high_sparse,42001,N256_qam16_high_sparse_S8_42001_e69cf69c
17,otfs:time:L0:K2,otfs,time,0,2,25600.0,0.0,3328.0,28928.0,74768.0,140560.0,71688,1,36864,0.0,0.07928466796875,0.0806884765625,0.0094941096197763,1322,16384,16,2.0,0.0090839305859371,140560.0,0.0005368999991333,0.0001699740525068,0.0007068740516401,24584,256,qam16,8,2,1697.692801261208,high_sparse,42001,N256_qam16_high_sparse_S8_42001_e69cf69c
18,otfs:time:L0:K4,otfs,time,0,4,25600.0,0.0,3328.0,28928.0,111648.0,177440.0,71688,1,36864,0.0,0.07928466796875,0.08062744140625,0.0093666463297377,1321,16384,16,4.0,6.031649994984123e-05,177440.0,0.0005610999942291,0.0001943990529539,0.0007554990471831,24584,256,qam16,8,2,1697.692801261208,high_sparse,42001,N256_qam16_high_sparse_S8_42001_e69cf69c
19,otfs:time:L0:K8,otfs,time,0,8,25600.0,0.0,3328.0,28928.0,185408.0,251200.0,71688,1,36864,0.0,0.079345703125,0.08062744140625,0.0093666463297377,1321,16384,16,6.0,3.962745243270021e-07,214320.0,0.0005277000018395,0.0003087365531896,0.0008364365550292,24584,256,qam16,8,2,1697.692801261208,high_sparse,42001,N256_qam16_high_sparse_S8_42001_e69cf69c
20,otfs:time:L0:K16,otfs,time,0,16,25600.0,0.0,3328.0,28928.0,332928.0,398720.0,71688,1,36864,0.0,0.079345703125,0.08062744140625,0.0093666463297377,1321,16384,16,6.0,3.962745243270021e-07,214320.0,0.0006810999911976,0.0002492428021937,0.0009303427933914,24584,256,qam16,8,2,1697.692801261208,high_sparse,42001,N256_qam16_high_sparse_S8_42001_e69cf69c
21,otfs:dense:L256:K0,otfs,dense,256,0,8938496.0,0.0,0.0,187895978.66666663,1605632.0,189538474.66666663,4243456,1,36864,0.0,0.079345703125,0.08062744140625,0.0093666463297377,1321,16384,16,0.0,3.7478385294632685e-16,189538474.66666663,0.0210363999940454,0.0004133615513196,0.0214497615453651,3145728,256,qam16,8,2,1697.692801261208,high_sparse,42001,N256_qam16_high_sparse_S8_42001_e69cf69c
22,afdm:symbol:L4:K2,afdm,symbol,4,2,7916032.0,917504.0,6400.0,8839936.0,91152.0,8967952.0,2189320,1,36864,0.0039702486493703,0.08551025390625,0.08612060546875,0.0074902513512954,1411,16384,16,2.0,0.0080203782846338,8967952.0,0.0097233999986201,0.0001317130712998,0.0098551130699199,45064,256,qam16,8,2,1697.692801261208,high_sparse,42001,N256_qam16_high_sparse_S8_42001_e69cf69c
23,afdm:symbol:L4:K8,afdm,symbol,4,8,7916032.0,917504.0,6400.0,8839936.0,250944.0,9127744.0,2189320,1,36864,0.0039702486493703,0.08544921875,0.08624267578125,0.0074690008613455,1413,16384,16,6.0,2.967458240497405e-07,9074480.0,0.0098607999971136,0.0002173818196972,0.0100781818168109,45064,256,qam16,8,2,1697.692801261208,high_sparse,42001,N256_qam16_high_sparse_S8_42001_e69cf69c
24,afdm:symbol:L8:K4,afdm,symbol,8,4,7916032.0,917504.0,12544.0,8846080.0,218144.0,9101088.0,2230280,1,36864,0.0019830281637646,0.08245849609375,0.0845947265625,0.008806226007534,1386,16384,16,4.0,7.345574882978676e-05,9101088.0,0.0097481999982846,0.0001737818214899,0.0099219818197745,86024,256,qam16,8,2,1697.692801261208,high_sparse,42001,N256_qam16_high_sparse_S8_42001_e69cf69c
25,afdm:symbol:L8:K16,afdm,symbol,8,16,7916032.0,917504.0,12544.0,8846080.0,734336.0,9617280.0,2230280,1,36864,0.0019830281637646,0.08245849609375,0.08447265625,0.0088143444250397,1384,16384,16,6.0,5.798142904903751e-07,9187120.0,0.009641200012993,0.0002139380698501,0.0098551380828432,86024,256,qam16,8,2,1697.692801261208,high_sparse,42001,N256_qam16_high_sparse_S8_42001_e69cf69c
26,afdm:symbol:L16:K8,afdm,symbol,16,8,7916032.0,917504.0,24832.0,8858368.0,668736.0,9563968.0,2312200,1,36864,0.0007785538618334,0.081787109375,0.08319091796875,0.0083872165683208,1363,16384,16,6.0,4.283232959813917e-07,9412400.0,0.0100311999995028,0.0002482130716309,0.0102794130711338,167944,256,qam16,8,2,1697.692801261208,high_sparse,42001,N256_qam16_high_sparse_S8_42001_e69cf69c
27,afdm:symbol:L32:K16,afdm,symbol,32,16,7916032.0,917504.0,49408.0,8882944.0,2356352.0,11276160.0,2476040,1,36864,0.0003036836792358,0.0816650390625,0.08282470703125,0.0079193438637721,1357,16384,16,6.0,4.705479887534468e-07,9862960.0,0.0103463999985251,0.0002933630707268,0.010639763069252,331784,256,qam16,8,2,1697.692801261208,high_sparse,42001,N256_qam16_high_sparse_S8_42001_e69cf69c
28,afdm:time:L0:K2,afdm,time,0,2,51712.0,0.0,3328.0,55040.0,70672.0,162576.0,71688,1,36864,0.0,0.08154296875,0.08197021484375,0.007492373085309,1343,16384,16,2.0,0.0090556517361279,162576.0,0.0005628999933833,0.0001269880698821,0.0006898880632654,24584,256,qam16,8,2,1697.692801261208,high_sparse,42001,N256_qam16_high_sparse_S8_42001_e69cf69c
29,afdm:time:L0:K4,afdm,time,0,4,51712.0,0.0,3328.0,55040.0,107552.0,199456.0,71688,1,36864,0.0,0.0814208984375,0.0828857421875,0.0075381094901753,1358,16384,16,4.0,6.0005235496463326e-05,199456.0,0.0005321000062394,0.0001700005718014,0.0007021005780409,24584,256,qam16,8,2,1697.692801261208,high_sparse,42001,N256_qam16_high_sparse_S8_42001_e69cf69c
30,afdm:time:L0:K8,afdm,time,0,8,51712.0,0.0,3328.0,55040.0,181312.0,273216.0,71688,1,36864,0.0,0.08148193359375,0.0828857421875,0.0075381094901753,1358,16384,16,6.0,3.984237707484837e-07,236336.0,0.0005426999850897,0.00019831306547,0.0007410130505597,24584,256,qam16,8,2,1697.692801261208,high_sparse,42001,N256_qam16_high_sparse_S8_42001_e69cf69c
31,afdm:time:L0:K16,afdm,time,0,16,51712.0,0.0,3328.0,55040.0,328832.0,420736.0,71688,1,36864,0.0,0.08148193359375,0.0828857421875,0.0075381094901753,1358,16384,16,6.0,3.984237707484837e-07,236336.0,0.0006102999905124,0.0002020193245918,0.0008123193151043,24584,256,qam16,8,2,1697.692801261208,high_sparse,42001,N256_qam16_high_sparse_S8_42001_e69cf69c
32,afdm:dense:L256:K0,afdm,dense,256,0,7916032.0,0.0,0.0,186873514.66666663,1601536.0,188511914.66666663,4243456,1,36864,0.0,0.08148193359375,0.0828857421875,0.0075381094901753,1358,16384,16,0.0,6.617664311696444e-16,188511914.66666663,0.0120028999954229,0.0003983630671648,0.0124012630625877,3145728,256,qam16,8,2,1697.692801261208,high_sparse,42001,N256_qam16_high_sparse_S8_42001_e69cf69c
0,ofdm:symbol:L4:K2,ofdm,symbol,4,2,6317056.0,917504.0,6400.0,7240960.0,85008.0,7362832.0,2189320,1,36864,0.0855700510389521,0.28564453125,0.28875732421875,0.0104068073661851,4731,16384,16,2.0,0.1188876398801234,7362832.0,0.0097471999906701,0.0001247369348702,0.0098719369255404,45064,256,qam16,8,2,1698.0545997351242,high_sparse,42002,N256_qam16_high_sparse_S8_42002_8e29743c
1,ofdm:symbol:L4:K8,ofdm,symbol,4,8,6317056.0,917504.0,6400.0,7240960.0,244800.0,7522624.0,2189320,1,36864,0.0855700510389521,0.2767333984375,0.2783203125,0.0103534049067957,4560,16384,16,8.0,0.0009472170749424,7522624.0,0.0106685999926412,0.0002294681801713,0.0108980681728126,45064,256,qam16,8,2,1698.0545997351242,high_sparse,42002,N256_qam16_high_sparse_S8_42002_8e29743c
2,ofdm:symbol:L8:K4,ofdm,symbol,8,4,6317056.0,917504.0,12544.0,7247104.0,212000.0,7495968.0,2230280,1,36864,0.0403600034847373,0.26812744140625,0.27362060546875,0.0099922833869316,4483,16384,16,4.0,0.0143318136392391,7495968.0,0.0092540000041481,0.0003464994327287,0.0096004994368768,86024,256,qam16,8,2,1698.0545997351242,high_sparse,42002,N256_qam16_high_sparse_S8_42002_8e29743c
3,ofdm:symbol:L8:K16,ofdm,symbol,8,16,6317056.0,917504.0,12544.0,7247104.0,728192.0,8012160.0,2230280,1,36864,0.0403600034847373,0.26763916015625,0.27392578125,0.0102670736389085,4488,16384,16,15.0,7.405422820686986e-07,7969144.0,0.0119849000038811,0.000736024434721,0.0127209244386022,86024,256,qam16,8,2,1698.0545997351242,high_sparse,42002,N256_qam16_high_sparse_S8_42002_8e29743c
4,ofdm:symbol:L16:K8,ofdm,symbol,16,8,6317056.0,917504.0,24832.0,7259392.0,662592.0,7958848.0,2312200,1,36864,0.0144572606865718,0.26165771484375,0.2659912109375,0.0118153300990676,4358,16384,16,8.0,0.0003203372184517,7958848.0,0.010448200002429,0.0002752306802931,0.0107234306827222,167944,256,qam16,8,2,1698.0545997351242,high_sparse,42002,N256_qam16_high_sparse_S8_42002_8e29743c
5,ofdm:symbol:L32:K16,ofdm,symbol,32,16,6317056.0,917504.0,49408.0,7283968.0,2350208.0,9671040.0,2476040,1,36864,0.0053166851598885,0.2584228515625,0.264404296875,0.0122881419844901,4332,16384,16,14.5,6.799702814383035e-07,9459060.0,0.0101949999952921,0.0007571619337823,0.0109521619290744,331784,256,qam16,8,2,1698.0545997351242,high_sparse,42002,N256_qam16_high_sparse_S8_42002_8e29743c
6,ofdm:time:L0:K2,ofdm,time,0,2,25600.0,0.0,3328.0,28928.0,64528.0,130320.0,71688,1,36864,0.0,0.26513671875,0.27191162109375,0.0131888673383848,4455,16384,16,2.0,0.0685838366772249,130320.0,0.0006100999889895,0.0001350931818733,0.0007451931708629,24584,256,qam16,8,2,1698.0545997351242,high_sparse,42002,N256_qam16_high_sparse_S8_42002_8e29743c
7,ofdm:time:L0:K4,ofdm,time,0,4,25600.0,0.0,3328.0,28928.0,101408.0,167200.0,71688,1,36864,0.0,0.25921630859375,0.2645263671875,0.0128613689077276,4334,16384,16,4.0,0.0107876539454429,167200.0,0.0005567999905906,0.0001660369355732,0.0007228369261638,24584,256,qam16,8,2,1698.0545997351242,high_sparse,42002,N256_qam16_high_sparse_S8_42002_8e29743c
8,ofdm:time:L0:K8,ofdm,time,0,8,25600.0,0.0,3328.0,28928.0,175168.0,240960.0,71688,1,36864,0.0,0.25872802734375,0.26507568359375,0.0122957388818763,4343,16384,16,8.0,0.0002447688837712,240960.0,0.0005583999882219,0.0002233181824549,0.0007817181706768,24584,256,qam16,8,2,1698.0545997351242,high_sparse,42002,N256_qam16_high_sparse_S8_42002_8e29743c
9,ofdm:time:L0:K16,ofdm,time,0,16,25600.0,0.0,3328.0,28928.0,322688.0,388480.0,71688,1,36864,0.0,0.25872802734375,0.26495361328125,0.0123717724736683,4341,16384,16,14.0,7.893152509359101e-07,351600.0,0.0005837999924551,0.0003422244310995,0.0009260244235547,24584,256,qam16,8,2,1698.0545997351242,high_sparse,42002,N256_qam16_high_sparse_S8_42002_8e29743c
10,ofdm:dense:L256:K0,ofdm,dense,256,0,6317056.0,0.0,0.0,185274538.66666663,1595392.0,186906794.66666663,4243456,1,36864,0.0,0.25872802734375,0.26495361328125,0.0123717724736683,4341,16384,16,0.0,5.028919680817244e-16,186906794.66666663,0.0119471999933011,0.0003964681830466,0.0123436681763478,3145728,256,qam16,8,2,1698.0545997351242,high_sparse,42002,N256_qam16_high_sparse_S8_42002_8e29743c
11,otfs:symbol:L4:K2,otfs,symbol,4,2,8938496.0,917504.0,6400.0,9862400.0,95248.0,9994512.0,2189320,1,36864,0.0855322425548942,0.28375244140625,0.27935791015625,0.0127151725167908,4577,16384,16,2.0,0.1200409800401265,9994512.0,0.0182014999882085,0.0001592734844245,0.018360773472633,45064,256,qam16,8,2,1698.0545997351242,high_sparse,42002,N256_qam16_high_sparse_S8_42002_8e29743c
12,otfs:symbol:L4:K8,otfs,symbol,4,8,8938496.0,917504.0,6400.0,9862400.0,255040.0,10154304.0,2189320,1,36864,0.0855322425548942,0.2716064453125,0.27227783203125,0.01209896830004,4461,16384,16,8.0,0.0009485402042372,10154304.0,0.0180589999945368,0.0002732547337666,0.0183322547283034,45064,256,qam16,8,2,1698.0545997351242,high_sparse,42002,N256_qam16_high_sparse_S8_42002_8e29743c
13,otfs:symbol:L8:K4,otfs,symbol,8,4,8938496.0,917504.0,12544.0,9868544.0,222240.0,10127648.0,2230280,1,36864,0.0414520195460174,0.265869140625,0.26611328125,0.0133328501295906,4360,16384,16,4.0,0.0180840291863829,10127648.0,0.0183328999992227,0.0002390547343759,0.0185719547335986,86024,256,qam16,8,2,1698.0545997351242,high_sparse,42002,N256_qam16_high_sparse_S8_42002_8e29743c
14,otfs:symbol:L8:K16,otfs,symbol,8,16,8938496.0,917504.0,12544.0,9868544.0,738432.0,10643840.0,2230280,1,36864,0.0414520195460174,0.26483154296875,0.264892578125,0.013109237651992,4340,16384,16,15.0,8.579991014565208e-07,10600824.0,0.0181744000001344,0.0004187234845823,0.0185931234847168,86024,256,qam16,8,2,1698.0545997351242,high_sparse,42002,N256_qam16_high_sparse_S8_42002_8e29743c
15,otfs:symbol:L16:K8,otfs,symbol,16,8,8938496.0,917504.0,24832.0,9880832.0,672832.0,10590528.0,2312200,1,36864,0.0172081637568619,0.263916015625,0.261474609375,0.0129776301487345,4284,16384,16,8.0,0.0004089799145971,10590528.0,0.0185684999887598,0.000334679733097,0.0189031797218569,167944,256,qam16,8,2,1698.0545997351242,high_sparse,42002,N256_qam16_high_sparse_S8_42002_8e29743c
16,otfs:symbol:L32:K16,otfs,symbol,32,16,8938496.0,917504.0,49408.0,9905408.0,2360448.0,12302720.0,2476040,1,36864,1.1102230246251563e-16,0.261474609375,0.2584228515625,0.0126771454549671,4234,16384,16,14.0,8.132655642176503e-07,12020080.0,0.0188253999949665,0.0006243172348342,0.0194497172298008,331784,256,qam16,8,2,1698.0545997351242,high_sparse,42002,N256_qam16_high_sparse_S8_42002_8e29743c
17,otfs:time:L0:K2,otfs,time,0,2,25600.0,0.0,3328.0,28928.0,74768.0,140560.0,71688,1,36864,0.0,0.26898193359375,0.2637939453125,0.0117829998683191,4322,16384,16,2.0,0.0700040570523219,140560.0,0.0005658000009134,0.0001605234857572,0.0007263234866706,24584,256,qam16,8,2,1698.0545997351242,high_sparse,42002,N256_qam16_high_sparse_S8_42002_8e29743c
18,otfs:time:L0:K4,otfs,time,0,4,25600.0,0.0,3328.0,28928.0,111648.0,177440.0,71688,1,36864,0.0,0.26177978515625,0.25909423828125,0.0117443229542293,4245,16384,16,4.0,0.0109919236403584,177440.0,0.0005563000013353,0.0002096297340551,0.0007659297353904,24584,256,qam16,8,2,1698.0545997351242,high_sparse,42002,N256_qam16_high_sparse_S8_42002_8e29743c
19,otfs:time:L0:K8,otfs,time,0,8,25600.0,0.0,3328.0,28928.0,185408.0,251200.0,71688,1,36864,0.0,0.261474609375,0.2584228515625,0.0127122033068638,4234,16384,16,8.0,0.0002520259171509,251200.0,0.0005616999987978,0.0002758547317364,0.0008375547305342,24584,256,qam16,8,2,1698.0545997351242,high_sparse,42002,N256_qam16_high_sparse_S8_42002_8e29743c
20,otfs:time:L0:K16,otfs,time,0,16,25600.0,0.0,3328.0,28928.0,332928.0,398720.0,71688,1,36864,0.0,0.261474609375,0.2584228515625,0.0126771454549671,4234,16384,16,14.0,8.132655642176495e-07,361840.0,0.0005809000140288,0.000488829735442,0.0010697297494709,24584,256,qam16,8,2,1698.0545997351242,high_sparse,42002,N256_qam16_high_sparse_S8_42002_8e29743c
21,otfs:dense:L256:K0,otfs,dense,256,0,8938496.0,0.0,0.0,187895978.66666663,1605632.0,189538474.66666663,4243456,1,36864,0.0,0.261474609375,0.2584228515625,0.0126771454549671,4234,16384,16,0.0,2.910023681211863e-16,189538474.66666663,0.0211921000009169,0.0007460234847905,0.0219381234857075,3145728,256,qam16,8,2,1698.0545997351242,high_sparse,42002,N256_qam16_high_sparse_S8_42002_8e29743c
22,afdm:symbol:L4:K2,afdm,symbol,4,2,7916032.0,917504.0,6400.0,8839936.0,91152.0,8967952.0,2189320,1,36864,0.0861355882380557,0.283203125,0.27972412109375,0.0158831568710489,4583,16384,16,2.0,0.1188036503604231,8967952.0,0.0099322000023676,0.0001255731081486,0.0100577731105162,45064,256,qam16,8,2,1698.0545997351242,high_sparse,42002,N256_qam16_high_sparse_S8_42002_8e29743c
23,afdm:symbol:L4:K8,afdm,symbol,4,8,7916032.0,917504.0,6400.0,8839936.0,250944.0,9127744.0,2189320,1,36864,0.0861355882380557,0.26922607421875,0.2706298828125,0.0164065406410268,4434,16384,16,8.0,0.0009250270183389,9127744.0,0.0099670000054175,0.0003472793583072,0.0103142793637247,45064,256,qam16,8,2,1698.0545997351242,high_sparse,42002,N256_qam16_high_sparse_S8_42002_8e29743c
24,afdm:symbol:L8:K4,afdm,symbol,8,4,7916032.0,917504.0,12544.0,8846080.0,218144.0,9101088.0,2230280,1,36864,0.0423799251976815,0.26507568359375,0.26318359375,0.0139161583965629,4312,16384,16,4.0,0.0149652169714338,9101088.0,0.0106334000156493,0.0002149856068585,0.0108483856225079,86024,256,qam16,8,2,1698.0545997351242,high_sparse,42002,N256_qam16_high_sparse_S8_42002_8e29743c
25,afdm:symbol:L8:K16,afdm,symbol,8,16,7916032.0,917504.0,12544.0,8846080.0,734336.0,9617280.0,2230280,1,36864,0.0423799251976815,0.26409912109375,0.2626953125,0.0153540968804949,4304,16384,16,15.0,8.132338667433144e-07,9574264.0,0.0102226000017253,0.0006002043569837,0.0108228043587091,86024,256,qam16,8,2,1698.0545997351242,high_sparse,42002,N256_qam16_high_sparse_S8_42002_8e29743c
26,afdm:symbol:L16:K8,afdm,symbol,16,8,7916032.0,917504.0,24832.0,8858368.0,668736.0,9563968.0,2312200,1,36864,0.0184598251710238,0.25982666015625,0.25653076171875,0.0144483678738583,4203,16384,16,8.0,0.000358030121367,9563968.0,0.010210200009169,0.0003074606116073,0.0105176606207764,167944,256,qam16,8,2,1698.0545997351242,high_sparse,42002,N256_qam16_high_sparse_S8_42002_8e29743c
27,afdm:symbol:L32:K16,afdm,symbol,32,16,7916032.0,917504.0,49408.0,8882944.0,2356352.0,11276160.0,2476040,1,36864,0.0060198529751519,0.2574462890625,0.2532958984375,0.0145149078903753,4150,16384,16,14.0,8.8605255660055e-07,10993520.0,0.0106534000078681,0.0005736293538079,0.0112270293616761,331784,256,qam16,8,2,1698.0545997351242,high_sparse,42002,N256_qam16_high_sparse_S8_42002_8e29743c
28,afdm:time:L0:K2,afdm,time,0,2,51712.0,0.0,3328.0,55040.0,70672.0,162576.0,71688,1,36864,0.0,0.26251220703125,0.26019287109375,0.0130629304027072,4263,16384,16,2.0,0.0690830288125175,162576.0,0.0006970000104047,0.0001217606091317,0.0008187606195364,24584,256,qam16,8,2,1698.0545997351242,high_sparse,42002,N256_qam16_high_sparse_S8_42002_8e29743c
29,afdm:time:L0:K4,afdm,time,0,4,51712.0,0.0,3328.0,55040.0,107552.0,199456.0,71688,1,36864,0.0,0.25634765625,0.25372314453125,0.0129860476913308,4157,16384,16,4.0,0.0107945562635476,199456.0,0.000687799998559,0.0001677231062289,0.000855523104788,24584,256,qam16,8,2,1698.0545997351242,high_sparse,42002,N256_qam16_high_sparse_S8_42002_8e29743c
30,afdm:time:L0:K8,afdm,time,0,8,51712.0,0.0,3328.0,55040.0,181312.0,273216.0,71688,1,36864,0.0,0.25616455078125,0.25390625,0.0136486037065342,4160,16384,16,8.0,0.0002459391491005,273216.0,0.0007557000062661,0.0005167168606435,0.0012724168669096,24584,256,qam16,8,2,1698.0545997351242,high_sparse,42002,N256_qam16_high_sparse_S8_42002_8e29743c
31,afdm:time:L0:K16,afdm,time,0,16,51712.0,0.0,3328.0,55040.0,328832.0,420736.0,71688,1,36864,0.0,0.25616455078125,0.2537841796875,0.0135873269293231,4158,16384,16,14.0,7.81006651428501e-07,383856.0,0.0007370999956037,0.0004055481063418,0.0011426481019456,24584,256,qam16,8,2,1698.0545997351242,high_sparse,42002,N256_qam16_high_sparse_S8_42002_8e29743c
32,afdm:dense:L256:K0,afdm,dense,256,0,7916032.0,0.0,0.0,186873514.66666663,1601536.0,188511914.66666663,4243456,1,36864,0.0,0.25616455078125,0.2537841796875,0.0135873269293231,4158,16384,16,0.0,5.003892917538529e-16,188511914.66666663,0.0151704000018071,0.0003562606066638,0.015526660608471,3145728,256,qam16,8,2,1698.0545997351242,high_sparse,42002,N256_qam16_high_sparse_S8_42002_8e29743c
0,ofdm:symbol:L4:K2,ofdm,symbol,4,2,6317056.0,917504.0,6400.0,7240960.0,85008.0,7362832.0,2189320,1,36864,0.1205199811555618,0.15924072265625,0.157470703125,0.0135339959744991,2580,16384,16,2.0,0.1220710378152351,7362832.0,0.0096032000001287,0.0001254543568034,0.0097286543569322,45064,256,qam16,8,2,2144.5539250124293,high_sparse,42003,N256_qam16_high_sparse_S8_42003_66565dd2
1,ofdm:symbol:L4:K8,ofdm,symbol,4,8,6317056.0,917504.0,6400.0,7240960.0,244800.0,7522624.0,2189320,1,36864,0.1205199811555618,0.17181396484375,0.16619873046875,0.0128185065851608,2723,16384,16,8.0,0.0012998825928629,7522624.0,0.0096878999902401,0.0002319981059014,0.0099198980961415,45064,256,qam16,8,2,2144.5539250124293,high_sparse,42003,N256_qam16_high_sparse_S8_42003_66565dd2
2,ofdm:symbol:L8:K4,ofdm,symbol,8,4,6317056.0,917504.0,12544.0,7247104.0,212000.0,7495968.0,2230280,1,36864,0.0441120452092672,0.123291015625,0.12615966796875,0.0108054408438073,2067,16384,16,4.0,0.0280156351674566,7495968.0,0.01033269999607,0.0001583731046235,0.0104910731006935,86024,256,qam16,8,2,2144.5539250124293,high_sparse,42003,N256_qam16_high_sparse_S8_42003_66565dd2
3,ofdm:symbol:L8:K16,ofdm,symbol,8,16,6317056.0,917504.0,12544.0,7247104.0,728192.0,8012160.0,2230280,1,36864,0.0441120452092672,0.1331787109375,0.13134765625,0.011691591794315,2152,16384,16,16.0,3.763697957369626e-06,8012160.0,0.0092168999981367,0.00038189185676,0.0095987918548968,86024,256,qam16,8,2,2144.5539250124293,high_sparse,42003,N256_qam16_high_sparse_S8_42003_66565dd2
4,ofdm:symbol:L16:K8,ofdm,symbol,16,8,6317056.0,917504.0,24832.0,7259392.0,662592.0,7958848.0,2312200,1,36864,0.0175847801768663,0.11065673828125,0.11236572265625,0.0093768224004548,1841,16384,16,8.0,0.0006891258168618,7958848.0,0.0095438999996986,0.000280054355299,0.0098239543549976,167944,256,qam16,8,2,2144.5539250124293,high_sparse,42003,N256_qam16_high_sparse_S8_42003_66565dd2
5,ofdm:symbol:L32:K16,ofdm,symbol,32,16,6317056.0,917504.0,49408.0,7283968.0,2350208.0,9671040.0,2476040,1,36864,0.0084120067752558,0.099609375,0.10113525390625,0.0087198428035414,1657,16384,16,15.0,5.326175961422404e-07,9529720.0,0.0096799000020837,0.0006468856082034,0.0103267856102871,331784,256,qam16,8,2,2144.5539250124293,high_sparse,42003,N256_qam16_high_sparse_S8_42003_66565dd2
6,ofdm:time:L0:K2,ofdm,time,0,2,25600.0,0.0,3328.0,28928.0,64528.0,130320.0,71688,1,36864,0.0,0.10308837890625,0.1046142578125,0.0105292278578358,1714,16384,16,2.0,0.0745315440689107,130320.0,0.000573199999053,0.0001604668587429,0.000733666857796,24584,256,qam16,8,2,2144.5539250124293,high_sparse,42003,N256_qam16_high_sparse_S8_42003_66565dd2
7,ofdm:time:L0:K4,ofdm,time,0,4,25600.0,0.0,3328.0,28928.0,101408.0,167200.0,71688,1,36864,0.0,0.09246826171875,0.09423828125,0.0098498968077029,1544,16384,16,4.0,0.0063945166514497,167200.0,0.000574299992877,0.0001658731035246,0.0007401730964016,24584,256,qam16,8,2,2144.5539250124293,high_sparse,42003,N256_qam16_high_sparse_S8_42003_66565dd2
8,ofdm:time:L0:K8,ofdm,time,0,8,25600.0,0.0,3328.0,28928.0,175168.0,240960.0,71688,1,36864,0.0,0.09210205078125,0.0946044921875,0.0097322019189431,1550,16384,16,8.0,4.048032294579307e-05,240960.0,0.0005496000085258,0.000303891857639,0.0008534918661649,24584,256,qam16,8,2,2144.5539250124293,high_sparse,42003,N256_qam16_high_sparse_S8_42003_66565dd2
9,ofdm:time:L0:K16,ofdm,time,0,16,25600.0,0.0,3328.0,28928.0,322688.0,388480.0,71688,1,36864,0.0,0.09210205078125,0.0946044921875,0.0097322019189431,1550,16384,16,11.0625,8.686615265584419e-07,297432.5,0.0006179000047268,0.0003037043571208,0.0009216043618476,24584,256,qam16,8,2,2144.5539250124293,high_sparse,42003,N256_qam16_high_sparse_S8_42003_66565dd2
10,ofdm:dense:L256:K0,ofdm,dense,256,0,6317056.0,0.0,0.0,185274538.66666663,1595392.0,186906794.66666663,4243456,1,36864,0.0,0.09210205078125,0.0946044921875,0.0097322019189431,1550,16384,16,0.0,7.426090117794564e-16,186906794.66666663,0.0115138000110164,0.0004660481072829,0.0119798481182993,3145728,256,qam16,8,2,2144.5539250124293,high_sparse,42003,N256_qam16_high_sparse_S8_42003_66565dd2
11,otfs:symbol:L4:K2,otfs,symbol,4,2,8938496.0,917504.0,6400.0,9862400.0,95248.0,9994512.0,2189320,1,36864,0.1278469731171319,0.1671142578125,0.16656494140625,0.0126172920592771,2729,16384,16,2.0,0.093475160749653,9994512.0,0.0165489000064553,0.0001556742427606,0.016704574249216,45064,256,qam16,8,2,2144.5539250124293,high_sparse,42003,N256_qam16_high_sparse_S8_42003_66565dd2
12,otfs:symbol:L4:K8,otfs,symbol,4,8,8938496.0,917504.0,6400.0,9862400.0,255040.0,10154304.0,2189320,1,36864,0.1278469731171319,0.1776123046875,0.17706298828125,0.0113085698559584,2901,16384,16,8.0,0.0001017925847389,10154304.0,0.017178000009153,0.0002932554926343,0.0174712555017873,45064,256,qam16,8,2,2144.5539250124293,high_sparse,42003,N256_qam16_high_sparse_S8_42003_66565dd2
13,otfs:symbol:L8:K4,otfs,symbol,8,4,8938496.0,917504.0,12544.0,9868544.0,222240.0,10127648.0,2230280,1,36864,0.054409316610631,0.12921142578125,0.13043212890625,0.0120185646459417,2137,16384,16,4.0,0.0158184148848378,10127648.0,0.0165001000132178,0.000200136742988,0.0167002367562059,86024,256,qam16,8,2,2144.5539250124293,high_sparse,42003,N256_qam16_high_sparse_S8_42003_66565dd2
14,otfs:symbol:L8:K16,otfs,symbol,8,16,8938496.0,917504.0,12544.0,9868544.0,738432.0,10643840.0,2230280,1,36864,0.054409316610631,0.13104248046875,0.1317138671875,0.0118314620853256,2158,16384,16,14.0,4.676318981271777e-07,10557808.0,0.0163601999956881,0.0004764992436872,0.0168366992393754,86024,256,qam16,8,2,2144.5539250124293,high_sparse,42003,N256_qam16_high_sparse_S8_42003_66565dd2
15,otfs:symbol:L16:K8,otfs,symbol,16,8,8938496.0,917504.0,24832.0,9880832.0,672832.0,10590528.0,2312200,1,36864,0.0188544862755104,0.09893798828125,0.1025390625,0.0116970284799352,1680,16384,16,8.0,0.0001186278555968,10590528.0,0.0169167000130983,0.0003507929896482,0.0172674930027466,167944,256,qam16,8,2,2144.5539250124293,high_sparse,42003,N256_qam16_high_sparse_S8_42003_66565dd2
16,otfs:symbol:L32:K16,otfs,symbol,32,16,8938496.0,917504.0,49408.0,9905408.0,2360448.0,12302720.0,2476040,1,36864,0.0,0.090087890625,0.09185791015625,0.0097816843864664,1505,16384,16,11.0,9.453379265460604e-07,11596120.0,0.0172248000162653,0.0005615429882351,0.0177863430045004,331784,256,qam16,8,2,2144.5539250124293,high_sparse,42003,N256_qam16_high_sparse_S8_42003_66565dd2
17,otfs:time:L0:K2,otfs,time,0,2,25600.0,0.0,3328.0,28928.0,74768.0,140560.0,71688,1,36864,0.0,0.09991455078125,0.1031494140625,0.0066604617170906,1690,16384,16,2.0,0.076472883357314,140560.0,0.0005896999937249,0.0001614492421691,0.000751149235894,24584,256,qam16,8,2,2144.5539250124293,high_sparse,42003,N256_qam16_high_sparse_S8_42003_66565dd2
18,otfs:time:L0:K4,otfs,time,0,4,25600.0,0.0,3328.0,28928.0,111648.0,177440.0,71688,1,36864,0.0,0.09039306640625,0.09161376953125,0.009265986400673,1501,16384,16,4.0,0.0065053875903963,177440.0,0.0005325999954948,0.0001859929980679,0.0007185929935627,24584,256,qam16,8,2,2144.5539250124293,high_sparse,42003,N256_qam16_high_sparse_S8_42003_66565dd2
19,otfs:time:L0:K8,otfs,time,0,8,25600.0,0.0,3328.0,28928.0,185408.0,251200.0,71688,1,36864,0.0,0.090087890625,0.09185791015625,0.0097816843864664,1505,16384,16,8.0,4.096776218988551e-05,251200.0,0.0005257000011624,0.0003026804970983,0.0008283804982607,24584,256,qam16,8,2,2144.5539250124293,high_sparse,42003,N256_qam16_high_sparse_S8_42003_66565dd2
20,otfs:time:L0:K16,otfs,time,0,16,25600.0,0.0,3328.0,28928.0,332928.0,398720.0,71688,1,36864,0.0,0.090087890625,0.09185791015625,0.0097816843864664,1505,16384,16,11.0,9.453379265460606e-07,306520.0,0.000550500000827,0.0003617054927059,0.0009122054935329,24584,256,qam16,8,2,2144.5539250124293,high_sparse,42003,N256_qam16_high_sparse_S8_42003_66565dd2
21,otfs:dense:L256:K0,otfs,dense,256,0,8938496.0,0.0,0.0,187895978.66666663,1605632.0,189538474.66666663,4243456,1,36864,0.0,0.09002685546875,0.09185791015625,0.0097816843864664,1505,16384,16,0.0,3.6788341192853373e-16,189538474.66666663,0.0197537000203738,0.0006273867439273,0.0203810867643011,3145728,256,qam16,8,2,2144.5539250124293,high_sparse,42003,N256_qam16_high_sparse_S8_42003_66565dd2
22,afdm:symbol:L4:K2,afdm,symbol,4,2,7916032.0,917504.0,6400.0,8839936.0,91152.0,8967952.0,2189320,1,36864,0.1303420353374822,0.16827392578125,0.17352294921875,0.0159540496867047,2843,16384,16,2.0,0.0949095998573529,8967952.0,0.0097842000104719,0.0001275960265488,0.0099117960370208,45064,256,qam16,8,2,2144.5539250124293,high_sparse,42003,N256_qam16_high_sparse_S8_42003_66565dd2
23,afdm:symbol:L4:K8,afdm,symbol,4,8,7916032.0,917504.0,6400.0,8839936.0,250944.0,9127744.0,2189320,1,36864,0.1303420353374822,0.1781005859375,0.177978515625,0.0152523098222978,2916,16384,16,8.0,6.863449958854234e-05,9127744.0,0.0098635000031208,0.0002629522785796,0.0101264522817004,45064,256,qam16,8,2,2144.5539250124293,high_sparse,42003,N256_qam16_high_sparse_S8_42003_66565dd2
24,afdm:symbol:L8:K4,afdm,symbol,8,4,7916032.0,917504.0,12544.0,8846080.0,218144.0,9101088.0,2230280,1,36864,0.0594781573940371,0.13543701171875,0.13720703125,0.0086688832113953,2248,16384,16,4.0,0.0197159353736841,9101088.0,0.0098006000043824,0.0001642960204194,0.0099648960248018,86024,256,qam16,8,2,2144.5539250124293,high_sparse,42003,N256_qam16_high_sparse_S8_42003_66565dd2
25,afdm:symbol:L8:K16,afdm,symbol,8,16,7916032.0,917504.0,12544.0,8846080.0,734336.0,9617280.0,2230280,1,36864,0.0594781573940371,0.13848876953125,0.1412353515625,0.0094605673505729,2314,16384,16,15.0,7.031621482689198e-07,9574264.0,0.0094982000155141,0.0004259272744534,0.0099241272899675,86024,256,qam16,8,2,2144.5539250124293,high_sparse,42003,N256_qam16_high_sparse_S8_42003_66565dd2
26,afdm:symbol:L16:K8,afdm,symbol,16,8,7916032.0,917504.0,24832.0,8858368.0,668736.0,9563968.0,2312200,1,36864,0.0297398109633244,0.1162109375,0.1195068359375,0.0102414979486766,1958,16384,16,8.0,0.0004220256264083,9563968.0,0.0101070000091567,0.0003175460240968,0.0104245460332535,167944,256,qam16,8,2,2144.5539250124293,high_sparse,42003,N256_qam16_high_sparse_S8_42003_66565dd2
27,afdm:symbol:L32:K16,afdm,symbol,32,16,7916032.0,917504.0,49408.0,8882944.0,2356352.0,11276160.0,2476040,1,36864,0.0134019451845619,0.10052490234375,0.10345458984375,0.0103501420875907,1695,16384,16,16.0,7.151449014415327e-07,11276160.0,0.0109820000070612,0.0006243397764123,0.0116063397834736,331784,256,qam16,8,2,2144.5539250124293,high_sparse,42003,N256_qam16_high_sparse_S8_42003_66565dd2
28,afdm:time:L0:K2,afdm,time,0,2,51712.0,0.0,3328.0,55040.0,70672.0,162576.0,71688,1,36864,0.0,0.10162353515625,0.10284423828125,0.0095264910714811,1685,16384,16,2.0,0.0761171833792116,162576.0,0.0005916000081924,0.0001212210316666,0.0007128210398591,24584,256,qam16,8,2,2144.5539250124293,high_sparse,42003,N256_qam16_high_sparse_S8_42003_66565dd2
29,afdm:time:L0:K4,afdm,time,0,4,51712.0,0.0,3328.0,55040.0,107552.0,199456.0,71688,1,36864,0.0,0.08807373046875,0.09149169921875,0.0088626745898182,1499,16384,16,4.0,0.0064170471975884,199456.0,0.0005520999984582,0.0001490147732042,0.0007011147716625,24584,256,qam16,8,2,2144.5539250124293,high_sparse,42003,N256_qam16_high_sparse_S8_42003_66565dd2
30,afdm:time:L0:K8,afdm,time,0,8,51712.0,0.0,3328.0,55040.0,181312.0,273216.0,71688,1,36864,0.0,0.0885009765625,0.091064453125,0.0086578751012896,1492,16384,16,8.0,4.081195814801057e-05,273216.0,0.000561299995752,0.000223358529955,0.000784658525707,24584,256,qam16,8,2,2144.5539250124293,high_sparse,42003,N256_qam16_high_sparse_S8_42003_66565dd2
31,afdm:time:L0:K16,afdm,time,0,16,51712.0,0.0,3328.0,55040.0,328832.0,420736.0,71688,1,36864,0.0,0.0885009765625,0.091064453125,0.0086578751012896,1492,16384,16,11.0,9.341060196372434e-07,328536.0,0.0005668999947374,0.000320964774663,0.0008878647694004,24584,256,qam16,8,2,2144.5539250124293,high_sparse,42003,N256_qam16_high_sparse_S8_42003_66565dd2
32,afdm:dense:L256:K0,afdm,dense,256,0,7916032.0,0.0,0.0,186873514.66666663,1601536.0,188511914.66666663,4243456,1,36864,0.0,0.0885009765625,0.091064453125,0.0086578751012896,1492,16384,16,0.0,6.86372864143348e-16,188511914.66666663,0.0123028000089107,0.0004457147768775,0.0127485147857882,3145728,256,qam16,8,2,2144.5539250124293,high_sparse,42003,N256_qam16_high_sparse_S8_42003_66565dd2
0,ofdm:symbol:L4:K2,ofdm,symbol,4,2,6317056.0,917504.0,6400.0,7240960.0,85008.0,7362832.0,2189320,1,36864,7.81609527544802e-05,0.02508544921875,0.0281982421875,0.0042772248366271,462,16384,16,2.0,0.0004475906689365,7362832.0,0.0089615999895613,0.0001424380661774,0.0091040380557387,45064,256,qam16,18,2,2.7308696822703773,low_sparse,42001,N256_qam16_low_sparse_S18_42001_2d81eb4b
1,ofdm:symbol:L4:K8,ofdm,symbol,4,8,6317056.0,917504.0,6400.0,7240960.0,244800.0,7522624.0,2189320,1,36864,7.81609527544802e-05,0.02496337890625,0.02801513671875,0.0043777711357242,459,16384,16,4.0,5.4081160305678e-07,7416096.0,0.0087170999904628,0.0001668880659053,0.0088839880563682,45064,256,qam16,18,2,2.7308696822703773,low_sparse,42001,N256_qam16_low_sparse_S18_42001_2d81eb4b
2,ofdm:symbol:L8:K4,ofdm,symbol,8,4,6317056.0,917504.0,12544.0,7247104.0,212000.0,7495968.0,2230280,1,36864,3.839244265080311e-05,0.0252685546875,0.0274658203125,0.0044662834420612,450,16384,16,4.0,9.239766650380498e-07,7495968.0,0.0087610999908065,0.000163638070262,0.0089247380610686,86024,256,qam16,18,2,2.7308696822703773,low_sparse,42001,N256_qam16_low_sparse_S18_42001_2d81eb4b
3,ofdm:symbol:L8:K16,ofdm,symbol,8,16,6317056.0,917504.0,12544.0,7247104.0,728192.0,8012160.0,2230280,1,36864,3.839244265080311e-05,0.0252685546875,0.0274658203125,0.0044662834420612,450,16384,16,4.0625,8.61193682555803e-07,7498656.5,0.0088438999810023,0.0001595693174749,0.0090034692984772,86024,256,qam16,18,2,2.7308696822703773,low_sparse,42001,N256_qam16_low_sparse_S18_42001_2d81eb4b
4,ofdm:symbol:L16:K8,ofdm,symbol,16,8,6317056.0,917504.0,24832.0,7259392.0,662592.0,7958848.0,2312200,1,36864,1.945094214572673e-05,0.02508544921875,0.0274658203125,0.0046339579940997,450,16384,16,5.0,3.2029732298674845e-08,7731496.0,0.0088218999881064,0.0002051443170785,0.0090270443051849,167944,256,qam16,18,2,2.7308696822703773,low_sparse,42001,N256_qam16_low_sparse_S18_42001_2d81eb4b
5,ofdm:symbol:L32:K16,ofdm,symbol,32,16,6317056.0,917504.0,49408.0,7283968.0,2350208.0,9671040.0,2476040,1,36864,9.606239135817596e-06,0.025146484375,0.0272216796875,0.0043800397637128,446,16384,16,5.0,5.8894540130322284e-08,8116520.0,0.0091496999957598,0.0002556568169893,0.0094053568127492,331784,256,qam16,18,2,2.7308696822703773,low_sparse,42001,N256_qam16_low_sparse_S18_42001_2d81eb4b
6,ofdm:time:L0:K2,ofdm,time,0,2,25600.0,0.0,3328.0,28928.0,64528.0,130320.0,71688,1,36864,0.0,0.089599609375,0.093505859375,0.0067139411690999,1532,16384,16,2.0,0.0996919693034705,130320.0,0.0005568999913521,0.0001762068186508,0.0007331068100029,24584,256,qam16,18,2,2.7308696822703773,low_sparse,42001,N256_qam16_low_sparse_S18_42001_2d81eb4b
7,ofdm:time:L0:K4,ofdm,time,0,4,25600.0,0.0,3328.0,28928.0,101408.0,167200.0,71688,1,36864,0.0,0.053955078125,0.05426025390625,0.0065263679911949,889,16384,16,4.0,0.0365056392814913,167200.0,0.0005224000051384,0.0001489255673732,0.0006713255725117,24584,256,qam16,18,2,2.7308696822703773,low_sparse,42001,N256_qam16_low_sparse_S18_42001_2d81eb4b
8,ofdm:time:L0:K8,ofdm,time,0,8,25600.0,0.0,3328.0,28928.0,175168.0,240960.0,71688,1,36864,0.0,0.03131103515625,0.03302001953125,0.0043850266138919,541,16384,16,8.0,0.0103526575331742,240960.0,0.0006873999955132,0.0002202505711466,0.0009076505666598,24584,256,qam16,18,2,2.7308696822703773,low_sparse,42001,N256_qam16_low_sparse_S18_42001_2d81eb4b
9,ofdm:time:L0:K16,ofdm,time,0,16,25600.0,0.0,3328.0,28928.0,322688.0,388480.0,71688,1,36864,0.0,0.025146484375,0.02728271484375,0.0048824055820027,447,16384,16,16.0,0.0007979348870648,388480.0,0.000535300001502,0.000358438065632,0.0008937380671341,24584,256,qam16,18,2,2.7308696822703773,low_sparse,42001,N256_qam16_low_sparse_S18_42001_2d81eb4b
10,ofdm:dense:L256:K0,ofdm,dense,256,0,6317056.0,0.0,0.0,185274538.66666663,1595392.0,186906794.66666663,4243456,1,36864,0.0,0.02520751953125,0.0274658203125,0.0049265618186052,450,16384,16,0.0,6.986972864277404e-16,186906794.66666663,0.0109152999939396,0.0003593443152567,0.0112746443091964,3145728,256,qam16,18,2,2.7308696822703773,low_sparse,42001,N256_qam16_low_sparse_S18_42001_2d81eb4b
11,otfs:symbol:L4:K2,otfs,symbol,4,2,8938496.0,917504.0,6400.0,9862400.0,95248.0,9994512.0,2189320,1,36864,0.0001019214081661,0.16339111328125,0.16302490234375,0.0156309752165466,2671,16384,16,2.0,0.0981922987342364,9994512.0,0.0174172000115504,0.0001490803035377,0.0175662803150881,45064,256,qam16,18,2,2.7308696822703773,low_sparse,42001,N256_qam16_low_sparse_S18_42001_2d81eb4b
12,otfs:symbol:L4:K8,otfs,symbol,4,8,8938496.0,917504.0,6400.0,9862400.0,255040.0,10154304.0,2189320,1,36864,0.0001019214081661,0.02783203125,0.0272216796875,0.0084148866892646,446,16384,16,8.0,0.010306828181066,10154304.0,0.0172043999918969,0.0002786803053933,0.0174830802972902,45064,256,qam16,18,2,2.7308696822703773,low_sparse,42001,N256_qam16_low_sparse_S18_42001_2d81eb4b
13,otfs:symbol:L8:K4,otfs,symbol,8,4,8938496.0,917504.0,12544.0,9868544.0,222240.0,10127648.0,2230280,1,36864,4.296145706139676e-05,0.0845947265625,0.07965087890625,0.0135643500078573,1305,16384,16,4.0,0.0367185403995538,10127648.0,0.0175815999973565,0.00021726780252,0.0177988677998765,86024,256,qam16,18,2,2.7308696822703773,low_sparse,42001,N256_qam16_low_sparse_S18_42001_2d81eb4b
14,otfs:symbol:L8:K16,otfs,symbol,8,16,8938496.0,917504.0,12544.0,9868544.0,738432.0,10643840.0,2230280,1,36864,4.296145706139676e-05,0.01849365234375,0.01995849609375,0.0057494987601034,327,16384,16,16.0,0.0008041132827495,10643840.0,0.0172804000030737,0.0005116177992132,0.0177920178022869,86024,256,qam16,18,2,2.7308696822703773,low_sparse,42001,N256_qam16_low_sparse_S18_42001_2d81eb4b
15,otfs:symbol:L16:K8,otfs,symbol,16,8,8938496.0,917504.0,24832.0,9880832.0,672832.0,10590528.0,2312200,1,36864,9.832307740098578e-06,0.027587890625,0.02685546875,0.0081393228125166,440,16384,16,8.0,0.010295145217692,10590528.0,0.0177264000085415,0.0002934303058392,0.0180198303143807,167944,256,qam16,18,2,2.7308696822703773,low_sparse,42001,N256_qam16_low_sparse_S18_42001_2d81eb4b
16,otfs:symbol:L32:K16,otfs,symbol,32,16,8938496.0,917504.0,49408.0,9905408.0,2360448.0,12302720.0,2476040,1,36864,0.0,0.01885986328125,0.01885986328125,0.0053810720522851,309,16384,16,16.0,0.0008036064093606,12302720.0,0.0177412999910302,0.000660705305756,0.0184020052967863,331784,256,qam16,18,2,2.7308696822703773,low_sparse,42001,N256_qam16_low_sparse_S18_42001_2d81eb4b
17,otfs:time:L0:K2,otfs,time,0,2,25600.0,0.0,3328.0,28928.0,74768.0,140560.0,71688,1,36864,0.0,0.16351318359375,0.16241455078125,0.0160295875287151,2661,16384,16,2.0,0.0981620310306375,140560.0,0.000516999993124,0.0001507740546113,0.0006677740477354,24584,256,qam16,18,2,2.7308696822703773,low_sparse,42001,N256_qam16_low_sparse_S18_42001_2d81eb4b
18,otfs:time:L0:K4,otfs,time,0,4,25600.0,0.0,3328.0,28928.0,111648.0,177440.0,71688,1,36864,0.0,0.0845947265625,0.07977294921875,0.0133553327427235,1307,16384,16,4.0,0.0367091903836832,177440.0,0.0004867999959969,0.0001810115520239,0.0006678115480209,24584,256,qam16,18,2,2.7308696822703773,low_sparse,42001,N256_qam16_low_sparse_S18_42001_2d81eb4b
19,otfs:time:L0:K8,otfs,time,0,8,25600.0,0.0,3328.0,28928.0,185408.0,251200.0,71688,1,36864,0.0,0.02783203125,0.0272216796875,0.0077951875235313,446,16384,16,8.0,0.0102977309413636,251200.0,0.0004770999948959,0.0002839115524803,0.0007610115473763,24584,256,qam16,18,2,2.7308696822703773,low_sparse,42001,N256_qam16_low_sparse_S18_42001_2d81eb4b
20,otfs:time:L0:K16,otfs,time,0,16,25600.0,0.0,3328.0,28928.0,332928.0,398720.0,71688,1,36864,0.0,0.01885986328125,0.01885986328125,0.0053810720522851,309,16384,16,16.0,0.0008036064093606,398720.0,0.0005069999897386,0.0003877303017471,0.0008947302914858,24584,256,qam16,18,2,2.7308696822703773,low_sparse,42001,N256_qam16_low_sparse_S18_42001_2d81eb4b
21,otfs:dense:L256:K0,otfs,dense,256,0,8938496.0,0.0,0.0,187895978.66666663,1605632.0,189538474.66666663,4243456,1,36864,0.0,0.0189208984375,0.018798828125,0.0056775163491205,308,16384,16,0.0,3.668286779067655e-16,189538474.66666663,0.019284099995275,0.0004699928033115,0.0197540927985866,3145728,256,qam16,18,2,2.7308696822703773,low_sparse,42001,N256_qam16_low_sparse_S18_42001_2d81eb4b
22,afdm:symbol:L4:K2,afdm,symbol,4,2,7916032.0,917504.0,6400.0,8839936.0,91152.0,8967952.0,2189320,1,36864,0.0001045912756374,0.150390625,0.16131591796875,0.0097865579683606,2643,16384,16,2.0,0.0986891550242023,8967952.0,0.0100439999951049,0.000119533139613,0.0101635331347179,45064,256,qam16,18,2,2.7308696822703773,low_sparse,42001,N256_qam16_low_sparse_S18_42001_2d81eb4b
23,afdm:symbol:L4:K8,afdm,symbol,4,8,7916032.0,917504.0,6400.0,8839936.0,250944.0,9127744.0,2189320,1,36864,0.0001045912756374,0.023681640625,0.02581787109375,0.0079333808202951,423,16384,16,8.0,0.0102650309272674,9127744.0,0.0097785000107251,0.0002333206383892,0.0100118206491143,45064,256,qam16,18,2,2.7308696822703773,low_sparse,42001,N256_qam16_low_sparse_S18_42001_2d81eb4b
24,afdm:symbol:L8:K4,afdm,symbol,8,4,7916032.0,917504.0,12544.0,8846080.0,218144.0,9101088.0,2230280,1,36864,4.969318663239353e-05,0.0733642578125,0.07659912109375,0.0139707326143439,1255,16384,16,4.0,0.0359934647996819,9101088.0,0.0096784999914234,0.0001957956455126,0.0098742956369361,86024,256,qam16,18,2,2.7308696822703773,low_sparse,42001,N256_qam16_low_sparse_S18_42001_2d81eb4b
25,afdm:symbol:L8:K16,afdm,symbol,8,16,7916032.0,917504.0,12544.0,8846080.0,734336.0,9617280.0,2230280,1,36864,4.969318663239353e-05,0.017822265625,0.01922607421875,0.0067537728585668,315,16384,16,16.0,0.0007799446089059,9617280.0,0.0096650999912526,0.0004220206500659,0.0100871206413185,86024,256,qam16,18,2,2.7308696822703773,low_sparse,42001,N256_qam16_low_sparse_S18_42001_2d81eb4b
26,afdm:symbol:L16:K8,afdm,symbol,16,8,7916032.0,917504.0,24832.0,8858368.0,668736.0,9563968.0,2312200,1,36864,2.4647645626374448e-05,0.02349853515625,0.02520751953125,0.0075325724811107,413,16384,16,8.0,0.0102683169643221,9563968.0,0.0096757999999681,0.000320633145665,0.0099964331456331,167944,256,qam16,18,2,2.7308696822703773,low_sparse,42001,N256_qam16_low_sparse_S18_42001_2d81eb4b
27,afdm:symbol:L32:K16,afdm,symbol,32,16,7916032.0,917504.0,49408.0,8882944.0,2356352.0,11276160.0,2476040,1,36864,1.029500361715563e-05,0.01715087890625,0.01885986328125,0.0067254723327474,309,16384,16,16.0,0.0007807475385271,11276160.0,0.0100972000072943,0.0006977018955777,0.010794901902872,331784,256,qam16,18,2,2.7308696822703773,low_sparse,42001,N256_qam16_low_sparse_S18_42001_2d81eb4b
28,afdm:time:L0:K2,afdm,time,0,2,51712.0,0.0,3328.0,55040.0,70672.0,162576.0,71688,1,36864,0.0,0.150390625,0.1605224609375,0.0093183714515353,2630,16384,16,2.0,0.0987071493121486,162576.0,0.0006157000025268,0.000158264388946,0.0007739643914729,24584,256,qam16,18,2,2.7308696822703773,low_sparse,42001,N256_qam16_low_sparse_S18_42001_2d81eb4b
29,afdm:time:L0:K4,afdm,time,0,4,51712.0,0.0,3328.0,55040.0,107552.0,199456.0,71688,1,36864,0.0,0.07342529296875,0.07672119140625,0.0133088367657558,1257,16384,16,4.0,0.0360156280499453,199456.0,0.0005951000057393,0.0001859018956648,0.0007810019014042,24584,256,qam16,18,2,2.7308696822703773,low_sparse,42001,N256_qam16_low_sparse_S18_42001_2d81eb4b
30,afdm:time:L0:K8,afdm,time,0,8,51712.0,0.0,3328.0,55040.0,181312.0,273216.0,71688,1,36864,0.0,0.023681640625,0.02581787109375,0.0080526939512587,423,16384,16,8.0,0.0102632099258716,273216.0,0.0007531000010203,0.0002454456443129,0.0009985456453333,24584,256,qam16,18,2,2.7308696822703773,low_sparse,42001,N256_qam16_low_sparse_S18_42001_2d81eb4b
31,afdm:time:L0:K16,afdm,time,0,16,51712.0,0.0,3328.0,55040.0,328832.0,420736.0,71688,1,36864,0.0,0.01739501953125,0.0194091796875,0.006544911869428,318,16384,16,16.0,0.0007794698555632,420736.0,0.0005865999992238,0.0003856518905277,0.0009722518897516,24584,256,qam16,18,2,2.7308696822703773,low_sparse,42001,N256_qam16_low_sparse_S18_42001_2d81eb4b
32,afdm:dense:L256:K0,afdm,dense,256,0,7916032.0,0.0,0.0,186873514.66666663,1601536.0,188511914.66666663,4243456,1,36864,0.0,0.01739501953125,0.0191650390625,0.0064568926116897,314,16384,16,0.0,7.66071572068035e-16,188511914.66666663,0.0122289000137243,0.0003845581431133,0.0126134581568377,3145728,256,qam16,18,2,2.7308696822703773,low_sparse,42001,N256_qam16_low_sparse_S18_42001_2d81eb4b
0,ofdm:symbol:L4:K2,ofdm,symbol,4,2,6317056.0,917504.0,6400.0,7240960.0,85008.0,7362832.0,2189320,1,36864,0.0002268783358628,0.0074462890625,0.00762939453125,0.0025768114847575,125,16384,16,2.0,0.0010563945620744,7362832.0,0.0090230999921914,0.0001249706437275,0.0091480706359189,45064,256,qam16,18,2,3.948077306236649,low_sparse,42002,N256_qam16_low_sparse_S18_42002_09e751a4
1,ofdm:symbol:L4:K8,ofdm,symbol,4,8,6317056.0,917504.0,6400.0,7240960.0,244800.0,7522624.0,2189320,1,36864,0.0002268783358628,0.00738525390625,0.007568359375,0.0026565372087373,124,16384,16,4.6875,3.272302749754413e-07,7434405.5,0.0089441000018268,0.0001827893956115,0.0091268893974384,45064,256,qam16,18,2,3.948077306236649,low_sparse,42002,N256_qam16_low_sparse_S18_42002_09e751a4
2,ofdm:symbol:L8:K4,ofdm,symbol,8,4,6317056.0,917504.0,12544.0,7247104.0,212000.0,7495968.0,2230280,1,36864,0.0001212562609913,0.0074462890625,0.00738525390625,0.0027843450690935,121,16384,16,4.0,1.598670128144252e-06,7495968.0,0.0089348000037716,0.0001685206451921,0.0091033206489638,86024,256,qam16,18,2,3.948077306236649,low_sparse,42002,N256_qam16_low_sparse_S18_42002_09e751a4
3,ofdm:symbol:L8:K16,ofdm,symbol,8,16,6317056.0,917504.0,12544.0,7247104.0,728192.0,8012160.0,2230280,1,36864,0.0001212562609913,0.0074462890625,0.00738525390625,0.0027843450690935,121,16384,16,5.0,5.1506548684337725e-08,7538984.0,0.0090459999919403,0.0002018831463911,0.0092478831383315,86024,256,qam16,18,2,3.948077306236649,low_sparse,42002,N256_qam16_low_sparse_S18_42002_09e751a4
4,ofdm:symbol:L16:K8,ofdm,symbol,16,8,6317056.0,917504.0,24832.0,7259392.0,662592.0,7958848.0,2312200,1,36864,5.669888882009477e-05,0.00762939453125,0.0074462890625,0.0029593764780773,122,16384,16,5.0,1.0076822510764792e-07,7731496.0,0.010251400002744,0.0002284518904244,0.0104798518931684,167944,256,qam16,18,2,3.948077306236649,low_sparse,42002,N256_qam16_low_sparse_S18_42002_09e751a4
5,ofdm:symbol:L32:K16,ofdm,symbol,32,16,6317056.0,917504.0,49408.0,7283968.0,2350208.0,9671040.0,2476040,1,36864,2.776575981555673e-05,0.00732421875,0.00677490234375,0.0027266620665171,111,16384,16,5.0,8.022277630145009e-08,8116520.0,0.0096290999936172,0.0002585768960753,0.0098876768896926,331784,256,qam16,18,2,3.948077306236649,low_sparse,42002,N256_qam16_low_sparse_S18_42002_09e751a4
6,ofdm:time:L0:K2,ofdm,time,0,2,25600.0,0.0,3328.0,28928.0,64528.0,130320.0,71688,1,36864,0.0,0.06280517578125,0.06298828125,0.0045943434282232,1032,16384,16,2.0,0.1077244514938947,130320.0,0.0005359999922802,0.000128995641634,0.0006649956339143,24584,256,qam16,18,2,3.948077306236649,low_sparse,42002,N256_qam16_low_sparse_S18_42002_09e751a4
7,ofdm:time:L0:K4,ofdm,time,0,4,25600.0,0.0,3328.0,28928.0,101408.0,167200.0,71688,1,36864,0.0,0.01202392578125,0.01123046875,0.0030257682392245,184,16384,16,4.0,0.0270612633352619,167200.0,0.0005319999909261,0.0001702393946371,0.0007022393855632,24584,256,qam16,18,2,3.948077306236649,low_sparse,42002,N256_qam16_low_sparse_S18_42002_09e751a4
8,ofdm:time:L0:K8,ofdm,time,0,8,25600.0,0.0,3328.0,28928.0,175168.0,240960.0,71688,1,36864,0.0,0.00726318359375,0.00726318359375,0.0030875183434398,119,16384,16,8.0,0.001296990880226,240960.0,0.0005175999976927,0.0002170143942831,0.0007346143919758,24584,256,qam16,18,2,3.948077306236649,low_sparse,42002,N256_qam16_low_sparse_S18_42002_09e751a4
9,ofdm:time:L0:K16,ofdm,time,0,16,25600.0,0.0,3328.0,28928.0,322688.0,388480.0,71688,1,36864,0.0,0.00726318359375,0.00714111328125,0.0030616701000722,117,16384,16,16.0,2.661596743405343e-06,388480.0,0.0005241999897407,0.0003739018947354,0.0008981018844761,24584,256,qam16,18,2,3.948077306236649,low_sparse,42002,N256_qam16_low_sparse_S18_42002_09e751a4
10,ofdm:dense:L256:K0,ofdm,dense,256,0,6317056.0,0.0,0.0,185274538.66666663,1595392.0,186906794.66666663,4243456,1,36864,0.0,0.00726318359375,0.00714111328125,0.0030616701000722,117,16384,16,0.0,7.089299891150281e-16,186906794.66666663,0.0110492999956477,0.0003583893957594,0.0114076893914071,3145728,256,qam16,18,2,3.948077306236649,low_sparse,42002,N256_qam16_low_sparse_S18_42002_09e751a4
11,otfs:symbol:L4:K2,otfs,symbol,4,2,8938496.0,917504.0,6400.0,9862400.0,95248.0,9994512.0,2189320,1,36864,0.0004024816543766,0.06915283203125,0.07281494140625,0.008565358745116,1193,16384,16,2.0,0.1092562498938368,9994512.0,0.016654799983371,0.0001648920467756,0.0168196920301466,45064,256,qam16,18,2,3.948077306236649,low_sparse,42002,N256_qam16_low_sparse_S18_42002_09e751a4
12,otfs:symbol:L4:K8,otfs,symbol,4,8,8938496.0,917504.0,6400.0,9862400.0,255040.0,10154304.0,2189320,1,36864,0.0004024816543766,0.0030517578125,0.00286865234375,0.0014024811148774,47,16384,16,8.0,0.0012970880210971,10154304.0,0.0165045999747235,0.0002520170471667,0.0167566170218902,45064,256,qam16,18,2,3.948077306236649,low_sparse,42002,N256_qam16_low_sparse_S18_42002_09e751a4
13,otfs:symbol:L8:K4,otfs,symbol,8,4,8938496.0,917504.0,12544.0,9868544.0,222240.0,10127648.0,2230280,1,36864,0.0002034472432795,0.0048828125,0.0048828125,0.0021981696635591,80,16384,16,4.0,0.0276813679822956,10127648.0,0.016528299980564,0.0001957295442094,0.0167240295247734,86024,256,qam16,18,2,3.948077306236649,low_sparse,42002,N256_qam16_low_sparse_S18_42002_09e751a4
14,otfs:symbol:L8:K16,otfs,symbol,8,16,8938496.0,917504.0,12544.0,9868544.0,738432.0,10643840.0,2230280,1,36864,0.0002034472432795,0.002685546875,0.00225830078125,0.0011674585833612,37,16384,16,16.0,2.681448633572345e-06,10643840.0,0.0165425999875878,0.0004645482920364,0.0170071482796243,86024,256,qam16,18,2,3.948077306236649,low_sparse,42002,N256_qam16_low_sparse_S18_42002_09e751a4
15,otfs:symbol:L16:K8,otfs,symbol,16,8,8938496.0,917504.0,24832.0,9880832.0,672832.0,10590528.0,2312200,1,36864,7.534013930143857e-05,0.00311279296875,0.0023193359375,0.001062315681776,38,16384,16,8.0,0.0012975183933652,10590528.0,0.0171449999907054,0.000322960798037,0.0174679607887424,167944,256,qam16,18,2,3.948077306236649,low_sparse,42002,N256_qam16_low_sparse_S18_42002_09e751a4
16,otfs:symbol:L32:K16,otfs,symbol,32,16,8938496.0,917504.0,49408.0,9905408.0,2360448.0,12302720.0,2476040,1,36864,0.0,0.00274658203125,0.002197265625,0.0009765625,36,16384,16,16.0,2.6794800513358885e-06,12302720.0,0.0172410999803105,0.0006269920456885,0.017868092025999,331784,256,qam16,18,2,3.948077306236649,low_sparse,42002,N256_qam16_low_sparse_S18_42002_09e751a4
17,otfs:time:L0:K2,otfs,time,0,2,25600.0,0.0,3328.0,28928.0,74768.0,140560.0,71688,1,36864,0.0,0.06927490234375,0.07147216796875,0.0080309525767469,1171,16384,16,2.0,0.1092376610853798,140560.0,0.0005382999952416,0.0001835420432667,0.0007218420385084,24584,256,qam16,18,2,3.948077306236649,low_sparse,42002,N256_qam16_low_sparse_S18_42002_09e751a4
18,otfs:time:L0:K4,otfs,time,0,4,25600.0,0.0,3328.0,28928.0,111648.0,177440.0,71688,1,36864,0.0,0.00506591796875,0.0042724609375,0.0021358235289484,70,16384,16,4.0,0.0276619967935335,177440.0,0.0005431999888969,0.0001897795507444,0.0007329795396413,24584,256,qam16,18,2,3.948077306236649,low_sparse,42002,N256_qam16_low_sparse_S18_42002_09e751a4
19,otfs:time:L0:K8,otfs,time,0,8,25600.0,0.0,3328.0,28928.0,185408.0,251200.0,71688,1,36864,0.0,0.00274658203125,0.002197265625,0.0009765625,36,16384,16,8.0,0.0012978339314227,251200.0,0.000538599997526,0.000255960793545,0.0007945607910711,24584,256,qam16,18,2,3.948077306236649,low_sparse,42002,N256_qam16_low_sparse_S18_42002_09e751a4
20,otfs:time:L0:K16,otfs,time,0,16,25600.0,0.0,3328.0,28928.0,332928.0,398720.0,71688,1,36864,0.0,0.00274658203125,0.002197265625,0.0009765625,36,16384,16,16.0,2.679480051335888e-06,398720.0,0.0005329999985406,0.0004195045464781,0.0009525045450187,24584,256,qam16,18,2,3.948077306236649,low_sparse,42002,N256_qam16_low_sparse_S18_42002_09e751a4
21,otfs:dense:L256:K0,otfs,dense,256,0,8938496.0,0.0,0.0,187895978.66666663,1605632.0,189538474.66666663,4243456,1,36864,0.0,0.00274658203125,0.002197265625,0.0009765625,36,16384,16,0.0,3.531091009667127e-16,189538474.66666663,0.019523199982359,0.0004518920457099,0.019975092028069,3145728,256,qam16,18,2,3.948077306236649,low_sparse,42002,N256_qam16_low_sparse_S18_42002_09e751a4
22,afdm:symbol:L4:K2,afdm,symbol,4,2,7916032.0,917504.0,6400.0,8839936.0,91152.0,8967952.0,2189320,1,36864,0.0004104600582751,0.07574462890625,0.0689697265625,0.0092430148857426,1130,16384,16,2.0,0.1054515720668932,8967952.0,0.0099070999858668,0.000131026134058,0.0100381261199248,45064,256,qam16,18,2,3.948077306236649,low_sparse,42002,N256_qam16_low_sparse_S18_42002_09e751a4
23,afdm:symbol:L4:K8,afdm,symbol,4,8,7916032.0,917504.0,6400.0,8839936.0,250944.0,9127744.0,2189320,1,36864,0.0004104600582751,0.00244140625,0.002685546875,0.0013578550530347,44,16384,16,8.0,0.0012501784785772,9127744.0,0.0097429000015836,0.0002396886310993,0.0099825886326829,45064,256,qam16,18,2,3.948077306236649,low_sparse,42002,N256_qam16_low_sparse_S18_42002_09e751a4
24,afdm:symbol:L8:K4,afdm,symbol,8,4,7916032.0,917504.0,12544.0,8846080.0,218144.0,9101088.0,2230280,1,36864,0.0002173571003409,0.00396728515625,0.00469970703125,0.0016808510232479,77,16384,16,4.0,0.0268061290730568,9101088.0,0.0097315999882994,0.0001693323819739,0.0099009323702733,86024,256,qam16,18,2,3.948077306236649,low_sparse,42002,N256_qam16_low_sparse_S18_42002_09e751a4
25,afdm:symbol:L8:K16,afdm,symbol,8,16,7916032.0,917504.0,12544.0,8846080.0,734336.0,9617280.0,2230280,1,36864,0.0002173571003409,0.0023193359375,0.00244140625,0.0018182604223657,40,16384,16,16.0,2.582991517085116e-06,9617280.0,0.0097823999967658,0.0004507073890084,0.0102331073857743,86024,256,qam16,18,2,3.948077306236649,low_sparse,42002,N256_qam16_low_sparse_S18_42002_09e751a4
26,afdm:symbol:L16:K8,afdm,symbol,16,8,7916032.0,917504.0,24832.0,8858368.0,668736.0,9563968.0,2312200,1,36864,0.0001072091047005,0.0023193359375,0.0025634765625,0.001507621898035,42,16384,16,8.0,0.0012521472211666,9563968.0,0.0102390999963972,0.0003205573856934,0.0105596573820906,167944,256,qam16,18,2,3.948077306236649,low_sparse,42002,N256_qam16_low_sparse_S18_42002_09e751a4
27,afdm:symbol:L32:K16,afdm,symbol,32,16,7916032.0,917504.0,49408.0,8882944.0,2356352.0,11276160.0,2476040,1,36864,4.8657793018658246e-05,0.0023193359375,0.00274658203125,0.0014360782392434,45,16384,16,16.0,2.5923807164998594e-06,11276160.0,0.0102062000078149,0.0006045386389263,0.0108107386467412,331784,256,qam16,18,2,3.948077306236649,low_sparse,42002,N256_qam16_low_sparse_S18_42002_09e751a4
28,afdm:time:L0:K2,afdm,time,0,2,51712.0,0.0,3328.0,55040.0,70672.0,162576.0,71688,1,36864,0.0,0.07452392578125,0.0687255859375,0.008534917879013,1126,16384,16,2.0,0.1054520067810977,162576.0,0.0005300999910105,0.0001239136362886,0.0006540136272991,24584,256,qam16,18,2,3.948077306236649,low_sparse,42002,N256_qam16_low_sparse_S18_42002_09e751a4
29,afdm:time:L0:K4,afdm,time,0,4,51712.0,0.0,3328.0,55040.0,107552.0,199456.0,71688,1,36864,0.0,0.0035400390625,0.00439453125,0.0018182604223657,72,16384,16,4.0,0.0268269384595163,199456.0,0.0004915000026812,0.0001672323841734,0.0006587323868547,24584,256,qam16,18,2,3.948077306236649,low_sparse,42002,N256_qam16_low_sparse_S18_42002_09e751a4
30,afdm:time:L0:K8,afdm,time,0,8,51712.0,0.0,3328.0,55040.0,181312.0,273216.0,71688,1,36864,0.0,0.0020751953125,0.00262451171875,0.0014137688713039,43,16384,16,8.0,0.0012521838725123,273216.0,0.0005053999921074,0.0002324761352969,0.0007378761274043,24584,256,qam16,18,2,3.948077306236649,low_sparse,42002,N256_qam16_low_sparse_S18_42002_09e751a4
31,afdm:time:L0:K16,afdm,time,0,16,51712.0,0.0,3328.0,55040.0,328832.0,420736.0,71688,1,36864,0.0,0.0020751953125,0.0025634765625,0.00146484375,42,16384,16,16.0,2.5853351939974606e-06,420736.0,0.0005162999877939,0.0003662198877822,0.0008825198755761,24584,256,qam16,18,2,3.948077306236649,low_sparse,42002,N256_qam16_low_sparse_S18_42002_09e751a4
32,afdm:dense:L256:K0,afdm,dense,256,0,7916032.0,0.0,0.0,186873514.66666663,1601536.0,188511914.66666663,4243456,1,36864,0.0,0.0020751953125,0.0025634765625,0.00146484375,42,16384,16,0.0,6.487113490419264e-16,188511914.66666663,0.011914999995497,0.0004426761351527,0.0123576761306498,3145728,256,qam16,18,2,3.948077306236649,low_sparse,42002,N256_qam16_low_sparse_S18_42002_09e751a4
0,ofdm:symbol:L4:K2,ofdm,symbol,4,2,6317056.0,917504.0,6400.0,7240960.0,85008.0,7362832.0,2189320,1,36864,0.0002322558089061,0.06396484375,0.0645751953125,0.0049906707194667,1058,16384,16,2.0,0.0026882330760955,7362832.0,0.0090608000027714,0.0001182558683495,0.0091790558711209,45064,256,qam16,18,2,4.461818062620177,low_sparse,42003,N256_qam16_low_sparse_S18_42003_8242e189
1,ofdm:symbol:L4:K8,ofdm,symbol,4,8,6317056.0,917504.0,6400.0,7240960.0,244800.0,7522624.0,2189320,1,36864,0.0002322558089061,0.06353759765625,0.06427001953125,0.0046111781155008,1053,16384,16,6.0,1.8058391246385025e-07,7469360.0,0.0086861000017961,0.0001875746186697,0.0088736746204658,45064,256,qam16,18,2,4.461818062620177,low_sparse,42003,N256_qam16_low_sparse_S18_42003_8242e189
2,ofdm:symbol:L8:K4,ofdm,symbol,8,4,6317056.0,917504.0,12544.0,7247104.0,212000.0,7495968.0,2230280,1,36864,0.0001090171322285,0.06451416015625,0.06475830078125,0.0036490653108463,1061,16384,16,4.0,4.43012947057824e-05,7495968.0,0.0087308999936794,0.0001574746241231,0.0088883746178026,86024,256,qam16,18,2,4.461818062620177,low_sparse,42003,N256_qam16_low_sparse_S18_42003_8242e189
3,ofdm:symbol:L8:K16,ofdm,symbol,8,16,6317056.0,917504.0,12544.0,7247104.0,728192.0,8012160.0,2230280,1,36864,0.0001090171322285,0.06451416015625,0.064697265625,0.0036452519997837,1060,16384,16,6.0,3.841801877159297e-07,7582000.0,0.0086856999987503,0.0002264246161785,0.0089121246149288,86024,256,qam16,18,2,4.461818062620177,low_sparse,42003,N256_qam16_low_sparse_S18_42003_8242e189
4,ofdm:symbol:L16:K8,ofdm,symbol,16,8,6317056.0,917504.0,24832.0,7259392.0,662592.0,7958848.0,2312200,1,36864,5.4924698911995584e-05,0.0640869140625,0.0640869140625,0.004048123475173,1050,16384,16,6.8125,2.6678685231958975e-07,7868854.5,0.0089969999971799,0.0002447621157471,0.009241762112927,167944,256,qam16,18,2,4.461818062620177,low_sparse,42003,N256_qam16_low_sparse_S18_42003_8242e189
5,ofdm:symbol:L32:K16,ofdm,symbol,32,16,6317056.0,917504.0,49408.0,7283968.0,2350208.0,9671040.0,2476040,1,36864,2.635015247720585e-05,0.064208984375,0.064208984375,0.0038323079824899,1052,16384,16,6.25,6.830437735875433e-07,8293170.0,0.0092544999934034,0.000284793369522,0.0095392933629255,331784,256,qam16,18,2,4.461818062620177,low_sparse,42003,N256_qam16_low_sparse_S18_42003_8242e189
6,ofdm:time:L0:K2,ofdm,time,0,2,25600.0,0.0,3328.0,28928.0,64528.0,130320.0,71688,1,36864,0.0,0.111328125,0.1112060546875,0.0064568926116897,1822,16384,16,2.0,0.097185793769222,130320.0,0.0005584000027738,0.0001201746184079,0.0006785746211817,24584,256,qam16,18,2,4.461818062620177,low_sparse,42003,N256_qam16_low_sparse_S18_42003_8242e189
7,ofdm:time:L0:K4,ofdm,time,0,4,25600.0,0.0,3328.0,28928.0,101408.0,167200.0,71688,1,36864,0.0,0.08013916015625,0.077880859375,0.0053902947513573,1276,16384,16,4.0,0.0335498323116029,167200.0,0.0005802000086987,0.000154337119332,0.0007345371280307,24584,256,qam16,18,2,4.461818062620177,low_sparse,42003,N256_qam16_low_sparse_S18_42003_8242e189
8,ofdm:time:L0:K8,ofdm,time,0,8,25600.0,0.0,3328.0,28928.0,175168.0,240960.0,71688,1,36864,0.0,0.06695556640625,0.06597900390625,0.0048628334748261,1081,16384,16,8.0,0.0087641777596268,240960.0,0.0005486000009113,0.0002438558679414,0.0007924558688528,24584,256,qam16,18,2,4.461818062620177,low_sparse,42003,N256_qam16_low_sparse_S18_42003_8242e189
9,ofdm:time:L0:K16,ofdm,time,0,16,25600.0,0.0,3328.0,28928.0,322688.0,388480.0,71688,1,36864,0.0,0.06396484375,0.063720703125,0.004042229577155,1044,16384,16,16.0,0.0009544064927657,388480.0,0.0006494999979622,0.0003912496170442,0.0010407496150064,24584,256,qam16,18,2,4.461818062620177,low_sparse,42003,N256_qam16_low_sparse_S18_42003_8242e189
10,ofdm:dense:L256:K0,ofdm,dense,256,0,6317056.0,0.0,0.0,185274538.66666663,1595392.0,186906794.66666663,4243456,1,36864,0.0,0.064208984375,0.064208984375,0.0039788181225514,1052,16384,16,0.0,6.675801633930103e-16,186906794.66666663,0.0111323000019183,0.0003562621216615,0.0114885621235798,3145728,256,qam16,18,2,4.461818062620177,low_sparse,42003,N256_qam16_low_sparse_S18_42003_8242e189
11,otfs:symbol:L4:K2,otfs,symbol,4,2,8938496.0,917504.0,6400.0,9862400.0,95248.0,9994512.0,2189320,1,36864,0.0005892580898922,0.177734375,0.1783447265625,0.0135122517692639,2922,16384,16,2.0,0.0957777159960455,9994512.0,0.018847800020012,0.0001542642030196,0.0190020642230317,45064,256,qam16,18,2,4.461818062620177,low_sparse,42003,N256_qam16_low_sparse_S18_42003_8242e189
12,otfs:symbol:L4:K8,otfs,symbol,4,8,8938496.0,917504.0,6400.0,9862400.0,255040.0,10154304.0,2189320,1,36864,0.0005892580898922,0.08758544921875,0.0919189453125,0.0111794015566594,1506,16384,16,8.0,0.0087757382283154,10154304.0,0.0186853000050177,0.0003102829523138,0.0189955829573315,45064,256,qam16,18,2,4.461818062620177,low_sparse,42003,N256_qam16_low_sparse_S18_42003_8242e189
13,otfs:symbol:L8:K4,otfs,symbol,8,4,8938496.0,917504.0,12544.0,9868544.0,222240.0,10127648.0,2230280,1,36864,0.0002587403112094,0.1207275390625,0.12176513671875,0.0142712673297612,1995,16384,16,4.0,0.0335319837936097,10127648.0,0.0184347000176785,0.0001980204560547,0.0186327204737332,86024,256,qam16,18,2,4.461818062620177,low_sparse,42003,N256_qam16_low_sparse_S18_42003_8242e189
14,otfs:symbol:L8:K16,otfs,symbol,8,16,8938496.0,917504.0,12544.0,9868544.0,738432.0,10643840.0,2230280,1,36864,0.0002587403112094,0.07977294921875,0.0850830078125,0.0107029052117792,1394,16384,16,16.0,0.0009486051642832,10643840.0,0.0184138000040547,0.0004274267048182,0.018841226708873,86024,256,qam16,18,2,4.461818062620177,low_sparse,42003,N256_qam16_low_sparse_S18_42003_8242e189
15,otfs:symbol:L16:K8,otfs,symbol,16,8,8938496.0,917504.0,24832.0,9880832.0,672832.0,10590528.0,2312200,1,36864,0.0001044314781614,0.0863037109375,0.091064453125,0.0117755783554553,1492,16384,16,8.0,0.0087751822032929,10590528.0,0.018553800007794,0.0003054892031011,0.0188592892108951,167944,256,qam16,18,2,4.461818062620177,low_sparse,42003,N256_qam16_low_sparse_S18_42003_8242e189
16,otfs:symbol:L32:K16,otfs,symbol,32,16,8938496.0,917504.0,49408.0,9905408.0,2360448.0,12302720.0,2476040,1,36864,1.1102230246251563e-16,0.0789794921875,0.08453369140625,0.0116696494694496,1385,16384,16,16.0,0.0009473444349596,12302720.0,0.0186905000155093,0.000589226702659,0.0192797267181683,331784,256,qam16,18,2,4.461818062620177,low_sparse,42003,N256_qam16_low_sparse_S18_42003_8242e189
17,otfs:time:L0:K2,otfs,time,0,2,25600.0,0.0,3328.0,28928.0,74768.0,140560.0,71688,1,36864,0.0,0.1783447265625,0.1788330078125,0.0143297583683119,2930,16384,16,2.0,0.0958297037741234,140560.0,0.0005257000011624,0.0001505891995927,0.0006762892007552,24584,256,qam16,18,2,4.461818062620177,low_sparse,42003,N256_qam16_low_sparse_S18_42003_8242e189
18,otfs:time:L0:K4,otfs,time,0,4,25600.0,0.0,3328.0,28928.0,111648.0,177440.0,71688,1,36864,0.0,0.12109375,0.1217041015625,0.0148953794752572,1994,16384,16,4.0,0.0335280961016498,177440.0,0.0005152000085217,0.0002114829512444,0.0007266829597662,24584,256,qam16,18,2,4.461818062620177,low_sparse,42003,N256_qam16_low_sparse_S18_42003_8242e189
19,otfs:time:L0:K8,otfs,time,0,8,25600.0,0.0,3328.0,28928.0,185408.0,251200.0,71688,1,36864,0.0,0.08563232421875,0.09136962890625,0.0118319658554887,1497,16384,16,8.0,0.0087818974774102,251200.0,0.0005028000159654,0.0003707704536006,0.0008735704695661,24584,256,qam16,18,2,4.461818062620177,low_sparse,42003,N256_qam16_low_sparse_S18_42003_8242e189
20,otfs:time:L0:K16,otfs,time,0,16,25600.0,0.0,3328.0,28928.0,332928.0,398720.0,71688,1,36864,0.0,0.0789794921875,0.08453369140625,0.0116696494694496,1385,16384,16,16.0,0.0009473444349596,398720.0,0.0005285000079311,0.0004363392062893,0.0009648392142204,24584,256,qam16,18,2,4.461818062620177,low_sparse,42003,N256_qam16_low_sparse_S18_42003_8242e189
21,otfs:dense:L256:K0,otfs,dense,256,0,8938496.0,0.0,0.0,187895978.66666663,1605632.0,189538474.66666663,4243456,1,36864,0.0,0.07855224609375,0.084228515625,0.01116019111497,1380,16384,16,0.0,3.587975319186769e-16,189538474.66666663,0.0211835000081919,0.0004193204513009,0.0216028204594928,3145728,256,qam16,18,2,4.461818062620177,low_sparse,42003,N256_qam16_low_sparse_S18_42003_8242e189
22,afdm:symbol:L4:K2,afdm,symbol,4,2,7916032.0,917504.0,6400.0,8839936.0,91152.0,8967952.0,2189320,1,36864,0.0005865950993799,0.179443359375,0.18341064453125,0.0120463051667374,3005,16384,16,2.0,0.0992146676691511,8967952.0,0.0102733000094303,0.0001450589037851,0.0104183589132155,45064,256,qam16,18,2,4.461818062620177,low_sparse,42003,N256_qam16_low_sparse_S18_42003_8242e189
23,afdm:symbol:L4:K8,afdm,symbol,4,8,7916032.0,917504.0,6400.0,8839936.0,250944.0,9127744.0,2189320,1,36864,0.0005865950993799,0.08636474609375,0.09344482421875,0.013042228922236,1531,16384,16,8.0,0.009080618432017,9127744.0,0.0097114000091096,0.0002638276513828,0.0099752276604924,45064,256,qam16,18,2,4.461818062620177,low_sparse,42003,N256_qam16_low_sparse_S18_42003_8242e189
24,afdm:symbol:L8:K4,afdm,symbol,8,4,7916032.0,917504.0,12544.0,8846080.0,218144.0,9101088.0,2230280,1,36864,0.0002663883423015,0.1190185546875,0.12384033203125,0.013136943650738,2029,16384,16,4.0,0.0343022618456122,9101088.0,0.0097207000071648,0.0001794214071417,0.0099001214143065,86024,256,qam16,18,2,4.461818062620177,low_sparse,42003,N256_qam16_low_sparse_S18_42003_8242e189
25,afdm:symbol:L8:K16,afdm,symbol,8,16,7916032.0,917504.0,12544.0,8846080.0,734336.0,9617280.0,2230280,1,36864,0.0002663883423015,0.08282470703125,0.08563232421875,0.0096524611923542,1403,16384,16,16.0,0.0009767834364475,9617280.0,0.0096685000171419,0.0004093589035839,0.0100778589207259,86024,256,qam16,18,2,4.461818062620177,low_sparse,42003,N256_qam16_low_sparse_S18_42003_8242e189
26,afdm:symbol:L16:K8,afdm,symbol,16,8,7916032.0,917504.0,24832.0,8858368.0,668736.0,9563968.0,2312200,1,36864,0.0001250823299694,0.0849609375,0.0914306640625,0.012556204007338,1498,16384,16,8.0,0.0090548186761024,9563968.0,0.009927900013281,0.0003028151463006,0.0102307151595816,167944,256,qam16,18,2,4.461818062620177,low_sparse,42003,N256_qam16_low_sparse_S18_42003_8242e189
27,afdm:symbol:L32:K16,afdm,symbol,32,16,7916032.0,917504.0,49408.0,8882944.0,2356352.0,11276160.0,2476040,1,36864,4.477506188027558e-05,0.08135986328125,0.084716796875,0.0106590055928245,1388,16384,16,16.0,0.0009762666424356,11276160.0,0.0100006000138819,0.0006397776536907,0.0106403776675726,331784,256,qam16,18,2,4.461818062620177,low_sparse,42003,N256_qam16_low_sparse_S18_42003_8242e189
28,afdm:time:L0:K2,afdm,time,0,2,51712.0,0.0,3328.0,55040.0,70672.0,162576.0,71688,1,36864,0.0,0.17889404296875,0.18310546875,0.0125922297340256,3000,16384,16,2.0,0.0990781520818202,162576.0,0.0005504000000655,0.0001403964019339,0.0006907964019994,24584,256,qam16,18,2,4.461818062620177,low_sparse,42003,N256_qam16_low_sparse_S18_42003_8242e189
29,afdm:time:L0:K4,afdm,time,0,4,51712.0,0.0,3328.0,55040.0,107552.0,199456.0,71688,1,36864,0.0,0.1192626953125,0.1229248046875,0.0125410043197237,2014,16384,16,4.0,0.0343000809517202,199456.0,0.000536200008355,0.0001620339048024,0.0006982339131575,24584,256,qam16,18,2,4.461818062620177,low_sparse,42003,N256_qam16_low_sparse_S18_42003_8242e189
30,afdm:time:L0:K8,afdm,time,0,8,51712.0,0.0,3328.0,55040.0,181312.0,273216.0,71688,1,36864,0.0,0.08477783203125,0.0916748046875,0.012346855448961,1502,16384,16,8.0,0.0090429577777155,273216.0,0.0005168000207049,0.0002306464015639,0.0007474464222689,24584,256,qam16,18,2,4.461818062620177,low_sparse,42003,N256_qam16_low_sparse_S18_42003_8242e189
31,afdm:time:L0:K16,afdm,time,0,16,51712.0,0.0,3328.0,55040.0,328832.0,420736.0,71688,1,36864,0.0,0.08111572265625,0.0849609375,0.009978156073785,1392,16384,16,16.0,0.0009733423307017,420736.0,0.0005181000014999,0.0003698714039494,0.0008879714054494,24584,256,qam16,18,2,4.461818062620177,low_sparse,42003,N256_qam16_low_sparse_S18_42003_8242e189
32,afdm:dense:L256:K0,afdm,dense,256,0,7916032.0,0.0,0.0,186873514.66666663,1601536.0,188511914.66666663,4243456,1,36864,0.0,0.081298828125,0.08526611328125,0.0105101522986462,1397,16384,16,0.0,6.33902198073615e-16,188511914.66666663,0.0121812000143108,0.0003727651532465,0.0125539651675574,3145728,256,qam16,18,2,4.461818062620177,low_sparse,42003,N256_qam16_low_sparse_S18_42003_8242e189
0,ofdm:symbol:L4:K2,ofdm,symbol,4,2,6317056.0,917504.0,6400.0,7240960.0,85008.0,7362832.0,2189320,1,36864,7.81609527544802e-05,0.15081787109375,0.15582275390625,0.0108626575220039,2553,16384,16,2.0,0.0002359092507826,7362832.0,0.0096513000025879,0.0001309253778648,0.0097822253804527,45064,256,qam16,8,2,2.7308696822703773,low_sparse,42001,N256_qam16_low_sparse_S8_42001_f67bdcc7
1,ofdm:symbol:L4:K8,ofdm,symbol,4,8,6317056.0,917504.0,6400.0,7240960.0,244800.0,7522624.0,2189320,1,36864,7.81609527544802e-05,0.15087890625,0.15576171875,0.0108100366744819,2552,16384,16,4.0,7.34660600658336e-08,7416096.0,0.0093787000078009,0.0001551378821507,0.0095338378899517,45064,256,qam16,8,2,2.7308696822703773,low_sparse,42001,N256_qam16_low_sparse_S8_42001_f67bdcc7
2,ofdm:symbol:L8:K4,ofdm,symbol,8,4,6317056.0,917504.0,12544.0,7247104.0,212000.0,7495968.0,2230280,1,36864,3.839244265080311e-05,0.1507568359375,0.1561279296875,0.0112078009458877,2558,16384,16,4.0,1.2352620474417518e-07,7495968.0,0.0094195999990915,0.0001788378770773,0.0095984378761689,86024,256,qam16,8,2,2.7308696822703773,low_sparse,42001,N256_qam16_low_sparse_S8_42001_f67bdcc7
3,ofdm:symbol:L8:K16,ofdm,symbol,8,16,6317056.0,917504.0,12544.0,7247104.0,728192.0,8012160.0,2230280,1,36864,3.839244265080311e-05,0.1507568359375,0.1561279296875,0.0112078009458877,2558,16384,16,4.0,1.2352620474417518e-07,7495968.0,0.0091864999994868,0.0001622691291534,0.0093487691286403,86024,256,qam16,8,2,2.7308696822703773,low_sparse,42001,N256_qam16_low_sparse_S8_42001_f67bdcc7
4,ofdm:symbol:L16:K8,ofdm,symbol,16,8,6317056.0,917504.0,24832.0,7259392.0,662592.0,7958848.0,2312200,1,36864,1.945094214572673e-05,0.15087890625,0.15576171875,0.0110887514413772,2552,16384,16,4.0,1.6737877499623347e-07,7655712.0,0.0095260999951278,0.0001860441282891,0.0097121441234169,167944,256,qam16,8,2,2.7308696822703773,low_sparse,42001,N256_qam16_low_sparse_S8_42001_f67bdcc7
5,ofdm:symbol:L32:K16,ofdm,symbol,32,16,6317056.0,917504.0,49408.0,7283968.0,2350208.0,9671040.0,2476040,1,36864,9.606239135817596e-06,0.15118408203125,0.15576171875,0.010851128463542,2552,16384,16,4.0,2.6955218690230605e-07,7975200.0,0.0131020000117132,0.0002731628786326,0.0133751628903458,331784,256,qam16,8,2,2.7308696822703773,low_sparse,42001,N256_qam16_low_sparse_S8_42001_f67bdcc7
6,ofdm:time:L0:K2,ofdm,time,0,2,25600.0,0.0,3328.0,28928.0,64528.0,130320.0,71688,1,36864,0.0,0.16375732421875,0.17230224609375,0.0117619037797323,2823,16384,16,2.0,0.0898632347483616,130320.0,0.0005597000126726,0.0001384441259991,0.0006981441386718,24584,256,qam16,8,2,2.7308696822703773,low_sparse,42001,N256_qam16_low_sparse_S8_42001_f67bdcc7
7,ofdm:time:L0:K4,ofdm,time,0,4,25600.0,0.0,3328.0,28928.0,101408.0,167200.0,71688,1,36864,0.0,0.15338134765625,0.15771484375,0.0108920652293739,2584,16384,16,4.0,0.0246723212479853,167200.0,0.0005331000138539,0.0001571566329706,0.0006902566468246,24584,256,qam16,8,2,2.7308696822703773,low_sparse,42001,N256_qam16_low_sparse_S8_42001_f67bdcc7
8,ofdm:time:L0:K8,ofdm,time,0,8,25600.0,0.0,3328.0,28928.0,175168.0,240960.0,71688,1,36864,0.0,0.1512451171875,0.1556396484375,0.0113822957211534,2550,16384,16,8.0,0.0022826553851132,240960.0,0.0005114000086905,0.000231575380288,0.0007429753889785,24584,256,qam16,8,2,2.7308696822703773,low_sparse,42001,N256_qam16_low_sparse_S8_42001_f67bdcc7
9,ofdm:time:L0:K16,ofdm,time,0,16,25600.0,0.0,3328.0,28928.0,322688.0,388480.0,71688,1,36864,0.0,0.1512451171875,0.1558837890625,0.0117343375065285,2554,16384,16,16.0,1.5305860011570093e-05,388480.0,0.0005100000125821,0.0003559316285948,0.000865931641177,24584,256,qam16,8,2,2.7308696822703773,low_sparse,42001,N256_qam16_low_sparse_S8_42001_f67bdcc7
10,ofdm:dense:L256:K0,ofdm,dense,256,0,6317056.0,0.0,0.0,185274538.66666663,1595392.0,186906794.66666663,4243456,1,36864,0.0,0.1512451171875,0.1558837890625,0.0117343375065285,2554,16384,16,0.0,6.453388145297142e-16,186906794.66666663,0.0121071000030497,0.0003607316305836,0.0124678316336333,3145728,256,qam16,8,2,2.7308696822703773,low_sparse,42001,N256_qam16_low_sparse_S8_42001_f67bdcc7
11,otfs:symbol:L4:K2,otfs,symbol,4,2,8938496.0,917504.0,6400.0,9862400.0,95248.0,9994512.0,2189320,1,36864,0.0001019214081661,0.21392822265625,0.211181640625,0.0103195751849917,3460,16384,16,2.0,0.0891971272674739,9994512.0,0.0173191000067163,0.0001529827616402,0.0174720827683565,45064,256,qam16,8,2,2.7308696822703773,low_sparse,42001,N256_qam16_low_sparse_S8_42001_f67bdcc7
12,otfs:symbol:L4:K8,otfs,symbol,4,8,8938496.0,917504.0,6400.0,9862400.0,255040.0,10154304.0,2189320,1,36864,0.0001019214081661,0.18267822265625,0.17913818359375,0.0134608375101329,2935,16384,16,8.0,0.0022665860462966,10154304.0,0.0170033999893348,0.0002524765198111,0.0172558765091459,45064,256,qam16,8,2,2.7308696822703773,low_sparse,42001,N256_qam16_low_sparse_S8_42001_f67bdcc7
13,otfs:symbol:L8:K4,otfs,symbol,8,4,8938496.0,917504.0,12544.0,9868544.0,222240.0,10127648.0,2230280,1,36864,4.296145706139676e-05,0.1893310546875,0.18194580078125,0.0145273587612379,2981,16384,16,4.0,0.0250443206804058,10127648.0,0.0171630999975604,0.0001906452655682,0.0173537452631287,86024,256,qam16,8,2,2.7308696822703773,low_sparse,42001,N256_qam16_low_sparse_S8_42001_f67bdcc7
14,otfs:symbol:L8:K16,otfs,symbol,8,16,8938496.0,917504.0,12544.0,9868544.0,738432.0,10643840.0,2230280,1,36864,4.296145706139676e-05,0.181640625,0.1800537109375,0.0134272904756172,2950,16384,16,16.0,1.5391106649959252e-05,10643840.0,0.0171018999972147,0.0004044890177035,0.0175063890149183,86024,256,qam16,8,2,2.7308696822703773,low_sparse,42001,N256_qam16_low_sparse_S8_42001_f67bdcc7
15,otfs:symbol:L16:K8,otfs,symbol,16,8,8938496.0,917504.0,24832.0,9880832.0,672832.0,10590528.0,2312200,1,36864,9.832307740098578e-06,0.1815185546875,0.1790771484375,0.0139475326124348,2934,16384,16,8.0,0.0022645758940867,10590528.0,0.0174729999998817,0.0002911827598588,0.0177641827597405,167944,256,qam16,8,2,2.7308696822703773,low_sparse,42001,N256_qam16_low_sparse_S8_42001_f67bdcc7
16,otfs:symbol:L32:K16,otfs,symbol,32,16,8938496.0,917504.0,49408.0,9905408.0,2360448.0,12302720.0,2476040,1,36864,0.0,0.18115234375,0.17926025390625,0.0137598025897007,2937,16384,16,16.0,1.5390132800633934e-05,12302720.0,0.0177014999935636,0.0005704702628215,0.0182719702563851,331784,256,qam16,8,2,2.7308696822703773,low_sparse,42001,N256_qam16_low_sparse_S8_42001_f67bdcc7
17,otfs:time:L0:K2,otfs,time,0,2,25600.0,0.0,3328.0,28928.0,74768.0,140560.0,71688,1,36864,0.0,0.2139892578125,0.21124267578125,0.0097442392790405,3461,16384,16,2.0,0.0891439378657847,140560.0,0.0005172000091988,0.000145064015917,0.0006622640251159,24584,256,qam16,8,2,2.7308696822703773,low_sparse,42001,N256_qam16_low_sparse_S8_42001_f67bdcc7
18,otfs:time:L0:K4,otfs,time,0,4,25600.0,0.0,3328.0,28928.0,111648.0,177440.0,71688,1,36864,0.0,0.1888427734375,0.18194580078125,0.0146407043389742,2981,16384,16,4.0,0.0250367582221108,177440.0,0.0006354000070132,0.0001896327651345,0.0008250327721477,24584,256,qam16,8,2,2.7308696822703773,low_sparse,42001,N256_qam16_low_sparse_S8_42001_f67bdcc7
19,otfs:time:L0:K8,otfs,time,0,8,25600.0,0.0,3328.0,28928.0,185408.0,251200.0,71688,1,36864,0.0,0.181396484375,0.17938232421875,0.0142801745209416,2939,16384,16,8.0,0.0022646452091279,251200.0,0.0005111999926157,0.0002637140144295,0.0007749140070452,24584,256,qam16,8,2,2.7308696822703773,low_sparse,42001,N256_qam16_low_sparse_S8_42001_f67bdcc7
20,otfs:time:L0:K16,otfs,time,0,16,25600.0,0.0,3328.0,28928.0,332928.0,398720.0,71688,1,36864,0.0,0.18115234375,0.17926025390625,0.0137598025897007,2937,16384,16,16.0,1.539013280063392e-05,398720.0,0.0005238000012468,0.0003846640149938,0.0009084640162406,24584,256,qam16,8,2,2.7308696822703773,low_sparse,42001,N256_qam16_low_sparse_S8_42001_f67bdcc7
21,otfs:dense:L256:K0,otfs,dense,256,0,8938496.0,0.0,0.0,187895978.66666663,1605632.0,189538474.66666663,4243456,1,36864,0.0,0.18115234375,0.17926025390625,0.0137598025897007,2937,16384,16,0.0,3.330693554046737e-16,189538474.66666663,0.0194035000022267,0.0004099015179897,0.0198134015202165,3145728,256,qam16,8,2,2.7308696822703773,low_sparse,42001,N256_qam16_low_sparse_S8_42001_f67bdcc7
22,afdm:symbol:L4:K2,afdm,symbol,4,2,7916032.0,917504.0,6400.0,8839936.0,91152.0,8967952.0,2189320,1,36864,0.0001045912756374,0.20294189453125,0.21038818359375,0.0116914218571528,3447,16384,16,2.0,0.0902349609566499,8967952.0,0.0107439999846974,0.0001382905345852,0.0108822905192827,45064,256,qam16,8,2,2.7308696822703773,low_sparse,42001,N256_qam16_low_sparse_S8_42001_f67bdcc7
23,afdm:symbol:L4:K8,afdm,symbol,4,8,7916032.0,917504.0,6400.0,8839936.0,250944.0,9127744.0,2189320,1,36864,0.0001045912756374,0.176025390625,0.17938232421875,0.0167700501569082,2939,16384,16,8.0,0.0022887683924327,9127744.0,0.0097762999939732,0.0002352592826245,0.0100115592765977,45064,256,qam16,8,2,2.7308696822703773,low_sparse,42001,N256_qam16_low_sparse_S8_42001_f67bdcc7
24,afdm:symbol:L8:K4,afdm,symbol,8,4,7916032.0,917504.0,12544.0,8846080.0,218144.0,9101088.0,2230280,1,36864,4.969318663239353e-05,0.17974853515625,0.18194580078125,0.0147919134558206,2981,16384,16,4.0,0.0249820899079753,9101088.0,0.0097067999740829,0.0001887030300966,0.0098955030041796,86024,256,qam16,8,2,2.7308696822703773,low_sparse,42001,N256_qam16_low_sparse_S8_42001_f67bdcc7
25,afdm:symbol:L8:K16,afdm,symbol,8,16,7916032.0,917504.0,12544.0,8846080.0,734336.0,9617280.0,2230280,1,36864,4.969318663239353e-05,0.17572021484375,0.17877197265625,0.0158971607592258,2929,16384,16,16.0,1.529269559428033e-05,9617280.0,0.0097997999982908,0.0004154092828574,0.0102152092811483,86024,256,qam16,8,2,2.7308696822703773,low_sparse,42001,N256_qam16_low_sparse_S8_42001_f67bdcc7
26,afdm:symbol:L16:K8,afdm,symbol,16,8,7916032.0,917504.0,24832.0,8858368.0,668736.0,9563968.0,2312200,1,36864,2.4647645626374448e-05,0.1756591796875,0.17926025390625,0.0168692750992044,2937,16384,16,8.0,0.002288889844572,9563968.0,0.010209299987764,0.0002961405332715,0.0105054405210356,167944,256,qam16,8,2,2.7308696822703773,low_sparse,42001,N256_qam16_low_sparse_S8_42001_f67bdcc7
27,afdm:symbol:L32:K16,afdm,symbol,32,16,7916032.0,917504.0,49408.0,8882944.0,2356352.0,11276160.0,2476040,1,36864,1.029500361715563e-05,0.17559814453125,0.1790771484375,0.0164915742264685,2934,16384,16,16.0,1.53189426684711e-05,11276160.0,0.0105141999811166,0.0006702405360446,0.0111844405171613,331784,256,qam16,8,2,2.7308696822703773,low_sparse,42001,N256_qam16_low_sparse_S8_42001_f67bdcc7
28,afdm:time:L0:K2,afdm,time,0,2,51712.0,0.0,3328.0,55040.0,70672.0,162576.0,71688,1,36864,0.0,0.20257568359375,0.2108154296875,0.0121496045041699,3454,16384,16,2.0,0.09026091912606,162576.0,0.0005658000009134,0.000132253033178,0.0006980530340914,24584,256,qam16,8,2,2.7308696822703773,low_sparse,42001,N256_qam16_low_sparse_S8_42001_f67bdcc7
29,afdm:time:L0:K4,afdm,time,0,4,51712.0,0.0,3328.0,55040.0,107552.0,199456.0,71688,1,36864,0.0,0.179443359375,0.18243408203125,0.0135420676930052,2989,16384,16,4.0,0.0249795110304798,199456.0,0.0005123000009916,0.0001646842818335,0.0006769842828251,24584,256,qam16,8,2,2.7308696822703773,low_sparse,42001,N256_qam16_low_sparse_S8_42001_f67bdcc7
30,afdm:time:L0:K8,afdm,time,0,8,51712.0,0.0,3328.0,55040.0,181312.0,273216.0,71688,1,36864,0.0,0.17572021484375,0.178955078125,0.0165286388582517,2932,16384,16,8.0,0.0022884563290912,273216.0,0.0004903000080958,0.0002288405301332,0.000719140538229,24584,256,qam16,8,2,2.7308696822703773,low_sparse,42001,N256_qam16_low_sparse_S8_42001_f67bdcc7
31,afdm:time:L0:K16,afdm,time,0,16,51712.0,0.0,3328.0,55040.0,328832.0,420736.0,71688,1,36864,0.0,0.17535400390625,0.179443359375,0.0163273929510937,2940,16384,16,16.0,1.5297241194047088e-05,420736.0,0.000514600003953,0.000372659279299,0.000887259283252,24584,256,qam16,8,2,2.7308696822703773,low_sparse,42001,N256_qam16_low_sparse_S8_42001_f67bdcc7
32,afdm:dense:L256:K0,afdm,dense,256,0,7916032.0,0.0,0.0,186873514.66666663,1601536.0,188511914.66666663,4243456,1,36864,0.0,0.17535400390625,0.179443359375,0.0163273929510937,2940,16384,16,0.0,6.476897042723678e-16,188511914.66666663,0.0121724999917205,0.0004645780316312,0.0126370780233518,3145728,256,qam16,8,2,2.7308696822703773,low_sparse,42001,N256_qam16_low_sparse_S8_42001_f67bdcc7
0,ofdm:symbol:L4:K2,ofdm,symbol,4,2,6317056.0,917504.0,6400.0,7240960.0,85008.0,7362832.0,2189320,1,36864,0.0002268783358628,0.134033203125,0.13824462890625,0.0070056023658252,2265,16384,16,2.0,0.0006872250659615,7362832.0,0.0093654999800492,0.0001369424231101,0.0095024424031593,45064,256,qam16,8,2,3.948077306236649,low_sparse,42002,N256_qam16_low_sparse_S8_42002_4667db30
1,ofdm:symbol:L4:K8,ofdm,symbol,4,8,6317056.0,917504.0,6400.0,7240960.0,244800.0,7522624.0,2189320,1,36864,0.0002268783358628,0.13397216796875,0.13800048828125,0.0072793220292361,2261,16384,16,4.0,3.597285847315108e-07,7416096.0,0.0089318999816896,0.0001563424271311,0.0090882424088208,45064,256,qam16,8,2,3.948077306236649,low_sparse,42002,N256_qam16_low_sparse_S8_42002_4667db30
2,ofdm:symbol:L8:K4,ofdm,symbol,8,4,6317056.0,917504.0,12544.0,7247104.0,212000.0,7495968.0,2230280,1,36864,0.0001212562609913,0.13494873046875,0.1373291015625,0.0074618151616201,2250,16384,16,4.0,6.282212226200619e-07,7495968.0,0.0092936999863013,0.0002058361756512,0.0094995361619525,86024,256,qam16,8,2,3.948077306236649,low_sparse,42002,N256_qam16_low_sparse_S8_42002_4667db30
3,ofdm:symbol:L8:K16,ofdm,symbol,8,16,6317056.0,917504.0,12544.0,7247104.0,728192.0,8012160.0,2230280,1,36864,0.0001212562609913,0.13494873046875,0.1373291015625,0.0074618151616201,2250,16384,16,4.0,6.282212226200619e-07,7495968.0,0.0091963000013493,0.0001648549228279,0.0093611549241772,86024,256,qam16,8,2,3.948077306236649,low_sparse,42002,N256_qam16_low_sparse_S8_42002_4667db30
4,ofdm:symbol:L16:K8,ofdm,symbol,16,8,6317056.0,917504.0,24832.0,7259392.0,662592.0,7958848.0,2312200,1,36864,5.669888882009477e-05,0.135009765625,0.13800048828125,0.0072880508903851,2261,16384,16,5.0,3.1508787976714025e-08,7731496.0,0.0090701999870361,0.0002214549254362,0.0092916549124724,167944,256,qam16,8,2,3.948077306236649,low_sparse,42002,N256_qam16_low_sparse_S8_42002_4667db30
5,ofdm:symbol:L32:K16,ofdm,symbol,32,16,6317056.0,917504.0,49408.0,7283968.0,2350208.0,9671040.0,2476040,1,36864,2.776575981555673e-05,0.135498046875,0.13726806640625,0.0074796336532066,2249,16384,16,4.0,8.990931502917962e-07,7975200.0,0.0095476999849779,0.0002363111739627,0.0097840111589407,331784,256,qam16,8,2,3.948077306236649,low_sparse,42002,N256_qam16_low_sparse_S8_42002_4667db30
6,ofdm:time:L0:K2,ofdm,time,0,2,25600.0,0.0,3328.0,28928.0,64528.0,130320.0,71688,1,36864,0.0,0.15234375,0.1512451171875,0.0080123764306278,2478,16384,16,2.0,0.0912762408546218,130320.0,0.0005833000031998,0.0001166486777451,0.0006999486809449,24584,256,qam16,8,2,3.948077306236649,low_sparse,42002,N256_qam16_low_sparse_S8_42002_4667db30
7,ofdm:time:L0:K4,ofdm,time,0,4,25600.0,0.0,3328.0,28928.0,101408.0,167200.0,71688,1,36864,0.0,0.13531494140625,0.13800048828125,0.0073315393102981,2261,16384,16,4.0,0.0149939242750061,167200.0,0.000530899997102,0.0001736736781326,0.0007045736752347,24584,256,qam16,8,2,3.948077306236649,low_sparse,42002,N256_qam16_low_sparse_S8_42002_4667db30
8,ofdm:time:L0:K8,ofdm,time,0,8,25600.0,0.0,3328.0,28928.0,175168.0,240960.0,71688,1,36864,0.0,0.13525390625,0.13677978515625,0.0078487825295939,2241,16384,16,8.0,0.0003152925737311,240960.0,0.0005166999908396,0.0002116674254879,0.0007283674163276,24584,256,qam16,8,2,3.948077306236649,low_sparse,42002,N256_qam16_low_sparse_S8_42002_4667db30
9,ofdm:time:L0:K16,ofdm,time,0,16,25600.0,0.0,3328.0,28928.0,322688.0,388480.0,71688,1,36864,0.0,0.13531494140625,0.13677978515625,0.0078811175285578,2241,16384,16,14.0,9.130977293054942e-07,351600.0,0.0005186000053072,0.0003347861725573,0.0008533861778646,24584,256,qam16,8,2,3.948077306236649,low_sparse,42002,N256_qam16_low_sparse_S8_42002_4667db30
10,ofdm:dense:L256:K0,ofdm,dense,256,0,6317056.0,0.0,0.0,185274538.66666663,1595392.0,186906794.66666663,4243456,1,36864,0.0,0.13531494140625,0.13677978515625,0.0078811175285578,2241,16384,16,0.0,6.454506749260176e-16,186906794.66666663,0.0110753999906592,0.0003579174213386,0.0114333174119978,3145728,256,qam16,8,2,3.948077306236649,low_sparse,42002,N256_qam16_low_sparse_S8_42002_4667db30
11,otfs:symbol:L4:K2,otfs,symbol,4,2,8938496.0,917504.0,6400.0,9862400.0,95248.0,9994512.0,2189320,1,36864,0.0004024816543766,0.1666259765625,0.166748046875,0.0130362864030978,2732,16384,16,2.0,0.0922972528563385,9994512.0,0.0170006999978795,0.0001534634508943,0.0171541634487739,45064,256,qam16,8,2,3.948077306236649,low_sparse,42002,N256_qam16_low_sparse_S8_42002_4667db30
12,otfs:symbol:L4:K8,otfs,symbol,4,8,8938496.0,917504.0,6400.0,9862400.0,255040.0,10154304.0,2189320,1,36864,0.0004024816543766,0.14910888671875,0.14801025390625,0.0089287848674149,2425,16384,16,8.0,0.0003124467548916,10154304.0,0.0168811000039568,0.0003216134452459,0.0172027134492027,45064,256,qam16,8,2,3.948077306236649,low_sparse,42002,N256_qam16_low_sparse_S8_42002_4667db30
13,otfs:symbol:L8:K4,otfs,symbol,8,4,8938496.0,917504.0,12544.0,9868544.0,222240.0,10127648.0,2230280,1,36864,0.0002034472432795,0.149169921875,0.1488037109375,0.0096929260152936,2438,16384,16,4.0,0.0152146226034412,10127648.0,0.016844800004037,0.0002007134441527,0.0170455134481898,86024,256,qam16,8,2,3.948077306236649,low_sparse,42002,N256_qam16_low_sparse_S8_42002_4667db30
14,otfs:symbol:L8:K16,otfs,symbol,8,16,8938496.0,917504.0,12544.0,9868544.0,738432.0,10643840.0,2230280,1,36864,0.0002034472432795,0.148681640625,0.1485595703125,0.0090413374833569,2434,16384,16,14.0,9.050324388498752e-07,10557808.0,0.0166676999942865,0.0004059071931778,0.0170736071874643,86024,256,qam16,8,2,3.948077306236649,low_sparse,42002,N256_qam16_low_sparse_S8_42002_4667db30
15,otfs:symbol:L16:K8,otfs,symbol,16,8,8938496.0,917504.0,24832.0,9880832.0,672832.0,10590528.0,2312200,1,36864,7.534013930143857e-05,0.14874267578125,0.14788818359375,0.0087996807242764,2423,16384,16,8.0,0.0003129083036808,10590528.0,0.0170298000011825,0.0003493946957832,0.0173791946969658,167944,256,qam16,8,2,3.948077306236649,low_sparse,42002,N256_qam16_low_sparse_S8_42002_4667db30
16,otfs:symbol:L32:K16,otfs,symbol,32,16,8938496.0,917504.0,49408.0,9905408.0,2360448.0,12302720.0,2476040,1,36864,0.0,0.14886474609375,0.147705078125,0.0081119373661309,2420,16384,16,14.0,9.045911496801848e-07,12020080.0,0.017270099997404,0.0005553321941051,0.0178254321915091,331784,256,qam16,8,2,3.948077306236649,low_sparse,42002,N256_qam16_low_sparse_S8_42002_4667db30
17,otfs:time:L0:K2,otfs,time,0,2,25600.0,0.0,3328.0,28928.0,74768.0,140560.0,71688,1,36864,0.0,0.1666259765625,0.1671142578125,0.0125308609519174,2738,16384,16,2.0,0.0922783633373752,140560.0,0.0005210999952396,0.0001707134440011,0.0006918134392408,24584,256,qam16,8,2,3.948077306236649,low_sparse,42002,N256_qam16_low_sparse_S8_42002_4667db30
18,otfs:time:L0:K4,otfs,time,0,4,25600.0,0.0,3328.0,28928.0,111648.0,177440.0,71688,1,36864,0.0,0.1497802734375,0.1485595703125,0.0100408799323605,2434,16384,16,4.0,0.0152055377002425,177440.0,0.0005105000018374,0.000201144694708,0.0007116446965455,24584,256,qam16,8,2,3.948077306236649,low_sparse,42002,N256_qam16_low_sparse_S8_42002_4667db30
19,otfs:time:L0:K8,otfs,time,0,8,25600.0,0.0,3328.0,28928.0,185408.0,251200.0,71688,1,36864,0.0,0.14886474609375,0.14776611328125,0.0081449352136778,2421,16384,16,8.0,0.0003129380395212,251200.0,0.0005158999993,0.0002705946978466,0.0007864946971467,24584,256,qam16,8,2,3.948077306236649,low_sparse,42002,N256_qam16_low_sparse_S8_42002_4667db30
20,otfs:time:L0:K16,otfs,time,0,16,25600.0,0.0,3328.0,28928.0,332928.0,398720.0,71688,1,36864,0.0,0.14886474609375,0.147705078125,0.0081119373661309,2420,16384,16,14.0,9.045911496801844e-07,361840.0,0.0004977999924449,0.0003583321965352,0.0008561321889801,24584,256,qam16,8,2,3.948077306236649,low_sparse,42002,N256_qam16_low_sparse_S8_42002_4667db30
21,otfs:dense:L256:K0,otfs,dense,256,0,8938496.0,0.0,0.0,187895978.66666663,1605632.0,189538474.66666663,4243456,1,36864,0.0,0.14886474609375,0.147705078125,0.0081119373661309,2420,16384,16,0.0,3.242905000488794e-16,189538474.66666663,0.0190702999825589,0.0004289134437358,0.0194992134262947,3145728,256,qam16,8,2,3.948077306236649,low_sparse,42002,N256_qam16_low_sparse_S8_42002_4667db30
22,afdm:symbol:L4:K2,afdm,symbol,4,2,7916032.0,917504.0,6400.0,8839936.0,91152.0,8967952.0,2189320,1,36864,0.0004104600582751,0.171142578125,0.16815185546875,0.0104342629901075,2755,16384,16,2.0,0.0888953524820613,8967952.0,0.0092793999938294,0.0001239668603871,0.0094033668542165,45064,256,qam16,8,2,3.948077306236649,low_sparse,42002,N256_qam16_low_sparse_S8_42002_4667db30
23,afdm:symbol:L4:K8,afdm,symbol,4,8,7916032.0,917504.0,6400.0,8839936.0,250944.0,9127744.0,2189320,1,36864,0.0004104600582751,0.1478271484375,0.1490478515625,0.0087555422714485,2442,16384,16,8.0,0.0003056407406107,9127744.0,0.0090978000080212,0.0002302793549957,0.009328079363017,45064,256,qam16,8,2,3.948077306236649,low_sparse,42002,N256_qam16_low_sparse_S8_42002_4667db30
24,afdm:symbol:L8:K4,afdm,symbol,8,4,7916032.0,917504.0,12544.0,8846080.0,218144.0,9101088.0,2230280,1,36864,0.0002173571003409,0.14892578125,0.14947509765625,0.007492373085309,2449,16384,16,4.0,0.0147948870904303,9101088.0,0.0095040000014705,0.000259810605216,0.0097638106066865,86024,256,qam16,8,2,3.948077306236649,low_sparse,42002,N256_qam16_low_sparse_S8_42002_4667db30
25,afdm:symbol:L8:K16,afdm,symbol,8,16,7916032.0,917504.0,12544.0,8846080.0,734336.0,9617280.0,2230280,1,36864,0.0002173571003409,0.14752197265625,0.14935302734375,0.0090595582594138,2447,16384,16,14.0,8.866092758399484e-07,9531248.0,0.0094582000019727,0.0003722543628596,0.0098304543648323,86024,256,qam16,8,2,3.948077306236649,low_sparse,42002,N256_qam16_low_sparse_S8_42002_4667db30
26,afdm:symbol:L16:K8,afdm,symbol,16,8,7916032.0,917504.0,24832.0,8858368.0,668736.0,9563968.0,2312200,1,36864,0.0001072091047005,0.147216796875,0.149658203125,0.009212872199274,2452,16384,16,8.0,0.0003061104281754,9563968.0,0.0093119000084698,0.0002795356071642,0.009591435615634,167944,256,qam16,8,2,3.948077306236649,low_sparse,42002,N256_qam16_low_sparse_S8_42002_4667db30
27,afdm:symbol:L32:K16,afdm,symbol,32,16,7916032.0,917504.0,49408.0,8882944.0,2356352.0,11276160.0,2476040,1,36864,4.8657793018658246e-05,0.14776611328125,0.14910888671875,0.0087616670119172,2443,16384,16,14.0,8.905061872494272e-07,10993520.0,0.0098204999958397,0.0005079293564036,0.0103284293522433,331784,256,qam16,8,2,3.948077306236649,low_sparse,42002,N256_qam16_low_sparse_S8_42002_4667db30
28,afdm:time:L0:K2,afdm,time,0,2,51712.0,0.0,3328.0,55040.0,70672.0,162576.0,71688,1,36864,0.0,0.1715087890625,0.16845703125,0.0107451463728009,2760,16384,16,2.0,0.0888899617488713,162576.0,0.0005445999995572,0.0001288356047139,0.0006734356042712,24584,256,qam16,8,2,3.948077306236649,low_sparse,42002,N256_qam16_low_sparse_S8_42002_4667db30
29,afdm:time:L0:K4,afdm,time,0,4,51712.0,0.0,3328.0,55040.0,107552.0,199456.0,71688,1,36864,0.0,0.14886474609375,0.14862060546875,0.0081253971100622,2435,16384,16,4.0,0.0148101457549871,199456.0,0.0005323999939719,0.0001645668575788,0.0006969668515508,24584,256,qam16,8,2,3.948077306236649,low_sparse,42002,N256_qam16_low_sparse_S8_42002_4667db30
30,afdm:time:L0:K8,afdm,time,0,8,51712.0,0.0,3328.0,55040.0,181312.0,273216.0,71688,1,36864,0.0,0.148193359375,0.14947509765625,0.0089678626424551,2449,16384,16,8.0,0.0003061467359202,273216.0,0.0005291999841574,0.0002221918561686,0.000751391840326,24584,256,qam16,8,2,3.948077306236649,low_sparse,42002,N256_qam16_low_sparse_S8_42002_4667db30
31,afdm:time:L0:K16,afdm,time,0,16,51712.0,0.0,3328.0,55040.0,328832.0,420736.0,71688,1,36864,0.0,0.14813232421875,0.14935302734375,0.0090665733566344,2447,16384,16,14.0,8.880584483081699e-07,383856.0,0.00054409999575,0.0003790106042784,0.0009231106000284,24584,256,qam16,8,2,3.948077306236649,low_sparse,42002,N256_qam16_low_sparse_S8_42002_4667db30
32,afdm:dense:L256:K0,afdm,dense,256,0,7916032.0,0.0,0.0,186873514.66666663,1601536.0,188511914.66666663,4243456,1,36864,0.0,0.14813232421875,0.14935302734375,0.0090665733566344,2447,16384,16,0.0,5.903663931669797e-16,188511914.66666663,0.0115383999946061,0.0004107606068414,0.0119491606014476,3145728,256,qam16,8,2,3.948077306236649,low_sparse,42002,N256_qam16_low_sparse_S8_42002_4667db30
0,ofdm:symbol:L4:K2,ofdm,symbol,4,2,6317056.0,917504.0,6400.0,7240960.0,85008.0,7362832.0,2189320,1,36864,0.0002322558089061,0.22613525390625,0.2261962890625,0.0112248060904946,3706,16384,16,2.0,0.0009195991583967,7362832.0,0.009274700001697,0.0001190159110509,0.009393715912748,45064,256,qam16,8,2,4.461818062620177,low_sparse,42003,N256_qam16_low_sparse_S8_42003_2a09be24
1,ofdm:symbol:L4:K8,ofdm,symbol,4,8,6317056.0,917504.0,6400.0,7240960.0,244800.0,7522624.0,2189320,1,36864,0.0002322558089061,0.2257080078125,0.225830078125,0.011301715803836,3700,16384,16,4.0,7.30763768771029e-07,7416096.0,0.0088662000052863,0.0001668659116066,0.0090330659168929,45064,256,qam16,8,2,4.461818062620177,low_sparse,42003,N256_qam16_low_sparse_S8_42003_2a09be24
2,ofdm:symbol:L8:K4,ofdm,symbol,8,4,6317056.0,917504.0,12544.0,7247104.0,212000.0,7495968.0,2230280,1,36864,0.0001090171322285,0.22589111328125,0.22625732421875,0.0112465563554522,3707,16384,16,4.0,1.9855417863359617e-06,7495968.0,0.0089583999942988,0.000157372162076,0.0091157721563749,86024,256,qam16,8,2,4.461818062620177,low_sparse,42003,N256_qam16_low_sparse_S8_42003_2a09be24
3,ofdm:symbol:L8:K16,ofdm,symbol,8,16,6317056.0,917504.0,12544.0,7247104.0,728192.0,8012160.0,2230280,1,36864,0.0001090171322285,0.22589111328125,0.22625732421875,0.0112465563554522,3707,16384,16,5.0,6.776225569706242e-08,7538984.0,0.0090533000184223,0.000205140910194,0.0092584409286163,86024,256,qam16,8,2,4.461818062620177,low_sparse,42003,N256_qam16_low_sparse_S8_42003_2a09be24
4,ofdm:symbol:L16:K8,ofdm,symbol,16,8,6317056.0,917504.0,24832.0,7259392.0,662592.0,7958848.0,2312200,1,36864,5.4924698911995584e-05,0.2259521484375,0.22613525390625,0.0105297939301385,3705,16384,16,5.0,1.3982585738518117e-07,7731496.0,0.0096965999982785,0.0002860159102882,0.0099826159085668,167944,256,qam16,8,2,4.461818062620177,low_sparse,42003,N256_qam16_low_sparse_S8_42003_2a09be24
5,ofdm:symbol:L32:K16,ofdm,symbol,32,16,6317056.0,917504.0,49408.0,7283968.0,2350208.0,9671040.0,2476040,1,36864,2.635015247720585e-05,0.2261962890625,0.22607421875,0.0110370285561358,3704,16384,16,5.0,1.2121696236645026e-07,8116520.0,0.0097117000113939,0.0002544909103479,0.0099661909217419,331784,256,qam16,8,2,4.461818062620177,low_sparse,42003,N256_qam16_low_sparse_S8_42003_2a09be24
6,ofdm:time:L0:K2,ofdm,time,0,2,25600.0,0.0,3328.0,28928.0,64528.0,130320.0,71688,1,36864,0.0,0.23284912109375,0.23248291015625,0.009336051567796,3809,16384,16,2.0,0.0775961696873499,130320.0,0.0005436000064946,0.0001171034110401,0.0006607034175348,24584,256,qam16,8,2,4.461818062620177,low_sparse,42003,N256_qam16_low_sparse_S8_42003_2a09be24
7,ofdm:time:L0:K4,ofdm,time,0,4,25600.0,0.0,3328.0,28928.0,101408.0,167200.0,71688,1,36864,0.0,0.2266845703125,0.22637939453125,0.0101187380040776,3709,16384,16,4.0,0.0147904560738191,167200.0,0.0005095000087749,0.0001536409136778,0.0006631409224527,24584,256,qam16,8,2,4.461818062620177,low_sparse,42003,N256_qam16_low_sparse_S8_42003_2a09be24
8,ofdm:time:L0:K8,ofdm,time,0,8,25600.0,0.0,3328.0,28928.0,175168.0,240960.0,71688,1,36864,0.0,0.22601318359375,0.22607421875,0.0105841836262346,3704,16384,16,8.0,0.000620797078616,240960.0,0.000504900002852,0.0002157096615436,0.0007206096643957,24584,256,qam16,8,2,4.461818062620177,low_sparse,42003,N256_qam16_low_sparse_S8_42003_2a09be24
9,ofdm:time:L0:K16,ofdm,time,0,16,25600.0,0.0,3328.0,28928.0,322688.0,388480.0,71688,1,36864,0.0,0.22576904296875,0.2261962890625,0.0105894383721439,3706,16384,16,16.0,9.941555372282965e-07,388480.0,0.0004927000118186,0.0003459971604487,0.0008386971722674,24584,256,qam16,8,2,4.461818062620177,low_sparse,42003,N256_qam16_low_sparse_S8_42003_2a09be24
10,ofdm:dense:L256:K0,ofdm,dense,256,0,6317056.0,0.0,0.0,185274538.66666663,1595392.0,186906794.66666663,4243456,1,36864,0.0,0.22576904296875,0.2261962890625,0.0105894383721439,3706,16384,16,0.0,5.959561108188244e-16,186906794.66666663,0.011146800010465,0.0003635721623967,0.0115103721728618,3145728,256,qam16,8,2,4.461818062620177,low_sparse,42003,N256_qam16_low_sparse_S8_42003_2a09be24
11,otfs:symbol:L4:K2,otfs,symbol,4,2,8938496.0,917504.0,6400.0,9862400.0,95248.0,9994512.0,2189320,1,36864,0.0005892580898922,0.2545166015625,0.25213623046875,0.0103976393808211,4131,16384,16,2.0,0.0757174698571605,9994512.0,0.0178666999854613,0.0001659676098356,0.0180326675952969,45064,256,qam16,8,2,4.461818062620177,low_sparse,42003,N256_qam16_low_sparse_S8_42003_2a09be24
12,otfs:symbol:L4:K8,otfs,symbol,4,8,8938496.0,917504.0,6400.0,9862400.0,255040.0,10154304.0,2189320,1,36864,0.0005892580898922,0.243408203125,0.2413330078125,0.0125814960140476,3954,16384,16,8.0,0.0006123419160441,10154304.0,0.0172798999992664,0.0002941363598879,0.0175740363591544,45064,256,qam16,8,2,4.461818062620177,low_sparse,42003,N256_qam16_low_sparse_S8_42003_2a09be24
13,otfs:symbol:L8:K4,otfs,symbol,8,4,8938496.0,917504.0,12544.0,9868544.0,222240.0,10127648.0,2230280,1,36864,0.0002587403112094,0.24468994140625,0.2413330078125,0.0123107572248376,3954,16384,16,4.0,0.0146501884319473,10127648.0,0.0178403999889269,0.0002139363622049,0.0180543363511319,86024,256,qam16,8,2,4.461818062620177,low_sparse,42003,N256_qam16_low_sparse_S8_42003_2a09be24
14,otfs:symbol:L8:K16,otfs,symbol,8,16,8938496.0,917504.0,12544.0,9868544.0,738432.0,10643840.0,2230280,1,36864,0.0002587403112094,0.24407958984375,0.2412109375,0.0127378094806204,3952,16384,16,16.0,9.924974773916133e-07,10643840.0,0.0175397999992128,0.0004369238602962,0.017976723859509,86024,256,qam16,8,2,4.461818062620177,low_sparse,42003,N256_qam16_low_sparse_S8_42003_2a09be24
15,otfs:symbol:L16:K8,otfs,symbol,16,8,8938496.0,917504.0,24832.0,9880832.0,672832.0,10590528.0,2312200,1,36864,0.0001044314781614,0.2427978515625,0.24102783203125,0.012451171875,3949,16384,16,8.0,0.0006141060361921,10590528.0,0.0176423999946564,0.0003049176119461,0.0179473176066025,167944,256,qam16,8,2,4.461818062620177,low_sparse,42003,N256_qam16_low_sparse_S8_42003_2a09be24
16,otfs:symbol:L32:K16,otfs,symbol,32,16,8938496.0,917504.0,49408.0,9905408.0,2360448.0,12302720.0,2476040,1,36864,1.1102230246251563e-16,0.2427978515625,0.2410888671875,0.0126721292729703,3950,16384,16,16.0,9.934062539948284e-07,12302720.0,0.0178349999914644,0.0006233551101545,0.0184583551016189,331784,256,qam16,8,2,4.461818062620177,low_sparse,42003,N256_qam16_low_sparse_S8_42003_2a09be24
17,otfs:time:L0:K2,otfs,time,0,2,25600.0,0.0,3328.0,28928.0,74768.0,140560.0,71688,1,36864,0.0,0.2545166015625,0.25250244140625,0.0103347738143858,4137,16384,16,2.0,0.0757307432027975,140560.0,0.0005299999756971,0.0001607113625582,0.0006907113382553,24584,256,qam16,8,2,4.461818062620177,low_sparse,42003,N256_qam16_low_sparse_S8_42003_2a09be24
18,otfs:time:L0:K4,otfs,time,0,4,25600.0,0.0,3328.0,28928.0,111648.0,177440.0,71688,1,36864,0.0,0.24395751953125,0.2412109375,0.0119603991346834,3952,16384,16,4.0,0.0146469610516698,177440.0,0.0005608999927062,0.0001971176151059,0.0007580176078122,24584,256,qam16,8,2,4.461818062620177,low_sparse,42003,N256_qam16_low_sparse_S8_42003_2a09be24
19,otfs:time:L0:K8,otfs,time,0,8,25600.0,0.0,3328.0,28928.0,185408.0,251200.0,71688,1,36864,0.0,0.2425537109375,0.240966796875,0.0124730136755212,3948,16384,16,8.0,0.0006142089887747,251200.0,0.000520299989148,0.0002609738620308,0.0007812738511788,24584,256,qam16,8,2,4.461818062620177,low_sparse,42003,N256_qam16_low_sparse_S8_42003_2a09be24
20,otfs:time:L0:K16,otfs,time,0,16,25600.0,0.0,3328.0,28928.0,332928.0,398720.0,71688,1,36864,0.0,0.2427978515625,0.2410888671875,0.0126721292729703,3950,16384,16,16.0,9.934062539948269e-07,398720.0,0.00050419998297,0.0003876301160275,0.0008918300989976,24584,256,qam16,8,2,4.461818062620177,low_sparse,42003,N256_qam16_low_sparse_S8_42003_2a09be24
21,otfs:dense:L256:K0,otfs,dense,256,0,8938496.0,0.0,0.0,187895978.66666663,1605632.0,189538474.66666663,4243456,1,36864,0.0,0.2427978515625,0.2410888671875,0.0126721292729703,3950,16384,16,0.0,3.009082701308739e-16,189538474.66666663,0.019359700003406,0.0004441051104081,0.0198038051138141,3145728,256,qam16,8,2,4.461818062620177,low_sparse,42003,N256_qam16_low_sparse_S8_42003_2a09be24
22,afdm:symbol:L4:K2,afdm,symbol,4,2,7916032.0,917504.0,6400.0,8839936.0,91152.0,8967952.0,2189320,1,36864,0.0005865950993799,0.24969482421875,0.2589111328125,0.0119597346496064,4242,16384,16,2.0,0.0785180417376925,8967952.0,0.0103361000074073,0.0001475170469292,0.0104836170543366,45064,256,qam16,8,2,4.461818062620177,low_sparse,42003,N256_qam16_low_sparse_S8_42003_2a09be24
23,afdm:symbol:L4:K8,afdm,symbol,4,8,7916032.0,917504.0,6400.0,8839936.0,250944.0,9127744.0,2189320,1,36864,0.0005865950993799,0.24444580078125,0.24725341796875,0.0134336516318146,4051,16384,16,8.0,0.0006299917273356,9127744.0,0.0103491000045323,0.0002366795400975,0.0105857795446299,45064,256,qam16,8,2,4.461818062620177,low_sparse,42003,N256_qam16_low_sparse_S8_42003_2a09be24
24,afdm:symbol:L8:K4,afdm,symbol,8,4,7916032.0,917504.0,12544.0,8846080.0,218144.0,9101088.0,2230280,1,36864,0.0002663883423015,0.24554443359375,0.2467041015625,0.012767099719426,4042,16384,16,4.0,0.0149126491550054,9101088.0,0.010327000010875,0.0001889607914508,0.0105159608023258,86024,256,qam16,8,2,4.461818062620177,low_sparse,42003,N256_qam16_low_sparse_S8_42003_2a09be24
25,afdm:symbol:L8:K16,afdm,symbol,8,16,7916032.0,917504.0,12544.0,8846080.0,734336.0,9617280.0,2230280,1,36864,0.0002663883423015,0.243408203125,0.2459716796875,0.0132221177112142,4030,16384,16,16.0,1.0044786688784822e-06,9617280.0,0.0103952000063145,0.0004492357988,0.0108444358051146,86024,256,qam16,8,2,4.461818062620177,low_sparse,42003,N256_qam16_low_sparse_S8_42003_2a09be24
26,afdm:symbol:L16:K8,afdm,symbol,16,8,7916032.0,917504.0,24832.0,8858368.0,668736.0,9563968.0,2312200,1,36864,0.0001250823299694,0.24359130859375,0.2462158203125,0.0132605297546279,4034,16384,16,8.0,0.0006293106086785,9563968.0,0.0106746999954339,0.0002907607944452,0.0109654607898791,167944,256,qam16,8,2,4.461818062620177,low_sparse,42003,N256_qam16_low_sparse_S8_42003_2a09be24
27,afdm:symbol:L32:K16,afdm,symbol,32,16,7916032.0,917504.0,49408.0,8882944.0,2356352.0,11276160.0,2476040,1,36864,4.477506188027558e-05,0.24407958984375,0.24603271484375,0.0130166110504434,4031,16384,16,16.0,1.005666222921842e-06,11276160.0,0.0108295000100042,0.0006554232944781,0.0114849233044823,331784,256,qam16,8,2,4.461818062620177,low_sparse,42003,N256_qam16_low_sparse_S8_42003_2a09be24
28,afdm:time:L0:K2,afdm,time,0,2,51712.0,0.0,3328.0,55040.0,70672.0,162576.0,71688,1,36864,0.0,0.24957275390625,0.2578125,0.0122596522081837,4224,16384,16,2.0,0.0784216177172341,162576.0,0.0007736000115983,0.0001323857944898,0.0009059858060881,24584,256,qam16,8,2,4.461818062620177,low_sparse,42003,N256_qam16_low_sparse_S8_42003_2a09be24
29,afdm:time:L0:K4,afdm,time,0,4,51712.0,0.0,3328.0,55040.0,107552.0,199456.0,71688,1,36864,0.0,0.245361328125,0.24560546875,0.0123629366970813,4024,16384,16,4.0,0.0149101574542688,199456.0,0.0005554999952437,0.0001877295429894,0.0007432295382331,24584,256,qam16,8,2,4.461818062620177,low_sparse,42003,N256_qam16_low_sparse_S8_42003_2a09be24
30,afdm:time:L0:K8,afdm,time,0,8,51712.0,0.0,3328.0,55040.0,181312.0,273216.0,71688,1,36864,0.0,0.24407958984375,0.2457275390625,0.0137408740652295,4026,16384,16,8.0,0.0006281738956975,273216.0,0.0005643000040436,0.0002541357929603,0.0008184357970039,24584,256,qam16,8,2,4.461818062620177,low_sparse,42003,N256_qam16_low_sparse_S8_42003_2a09be24
31,afdm:time:L0:K16,afdm,time,0,16,51712.0,0.0,3328.0,55040.0,328832.0,420736.0,71688,1,36864,0.0,0.24420166015625,0.24566650390625,0.0135079869791694,4025,16384,16,16.0,1.0016093137897929e-06,420736.0,0.0005879999953322,0.0003863170444619,0.0009743170397941,24584,256,qam16,8,2,4.461818062620177,low_sparse,42003,N256_qam16_low_sparse_S8_42003_2a09be24
32,afdm:dense:L256:K0,afdm,dense,256,0,7916032.0,0.0,0.0,186873514.66666663,1601536.0,188511914.66666663,4243456,1,36864,0.0,0.24420166015625,0.24566650390625,0.0135079869791694,4025,16384,16,0.0,4.9647715675013895e-16,188511914.66666663,0.0124847999977646,0.0004096045426139,0.0128944045403786,3145728,256,qam16,8,2,4.461818062620177,low_sparse,42003,N256_qam16_low_sparse_S8_42003_2a09be24
0,ofdm:symbol:L4:K2,ofdm,symbol,4,2,9547776.0,917504.0,6400.0,10471680.0,85008.0,10566928.0,2189320,1,10240,0.1607467369433475,0.0728759765625,0.0718994140625,0.0103649125294506,589,8192,16,2.0,0.1562508655034135,10566928.0,0.0100828999857185,0.0001366316255371,0.0102195316112556,45064,256,qpsk,18,8,1997.6940326655729,high_rich,42001,N256_qpsk_high_rich_S18_42001_8308f15a
1,ofdm:symbol:L4:K8,ofdm,symbol,4,8,9547776.0,917504.0,6400.0,10471680.0,244800.0,10726720.0,2189320,1,10240,0.1607467369433475,0.0721435546875,0.0787353515625,0.0151577055451742,645,8192,16,8.0,0.0168752525506064,10726720.0,0.0098735999927157,0.0002345378807149,0.0101081378734306,45064,256,qpsk,18,8,1997.6940326655729,high_rich,42001,N256_qpsk_high_rich_S18_42001_8308f15a
2,ofdm:symbol:L8:K4,ofdm,symbol,8,4,9547776.0,917504.0,12544.0,10477824.0,212000.0,10700064.0,2230280,1,10240,0.0514597036728948,0.018798828125,0.0218505859375,0.0075885462467456,179,8192,16,4.0,0.0660949952104774,10700064.0,0.0099719999852823,0.0001779941276254,0.0101499941129077,86024,256,qpsk,18,8,1997.6940326655729,high_rich,42001,N256_qpsk_high_rich_S18_42001_8308f15a
3,ofdm:symbol:L8:K16,ofdm,symbol,8,16,9547776.0,917504.0,12544.0,10477824.0,728192.0,11216256.0,2230280,1,10240,0.0514597036728948,0.02197265625,0.0234375,0.0074458221122373,192,8192,16,16.0,0.0040545852036162,11216256.0,0.0103458999947179,0.0009086378813663,0.0112545378760842,86024,256,qpsk,18,8,1997.6940326655729,high_rich,42001,N256_qpsk_high_rich_S18_42001_8308f15a
4,ofdm:symbol:L16:K8,ofdm,symbol,16,8,9547776.0,917504.0,24832.0,10490112.0,662592.0,11162944.0,2312200,1,10240,0.0138152782118632,0.002685546875,0.0047607421875,0.0023619895746968,39,8192,16,8.0,0.0178434731333168,11162944.0,0.0102746999909868,0.0003162253788104,0.0105909253697973,167944,256,qpsk,18,8,1997.6940326655729,high_rich,42001,N256_qpsk_high_rich_S18_42001_8308f15a
5,ofdm:symbol:L32:K16,ofdm,symbol,32,16,9547776.0,917504.0,49408.0,10514688.0,2350208.0,12875136.0,2476040,1,10240,0.003874033481066,0.001220703125,0.0023193359375,0.0019161539912449,19,8192,16,16.0,0.0030350202620275,12875136.0,0.0103155000106198,0.000744425380617,0.0110599253912369,331784,256,qpsk,18,8,1997.6940326655729,high_rich,42001,N256_qpsk_high_rich_S18_42001_8308f15a
6,ofdm:time:L0:K2,ofdm,time,0,2,110592.0,0.0,12544.0,123136.0,125968.0,259344.0,133128,1,10240,0.0,0.047119140625,0.04541015625,0.0073944119085941,372,8192,16,2.0,0.1715794183657049,259344.0,0.0011264999920967,0.0001614066277397,0.0012879066198365,86024,256,qpsk,18,8,1997.6940326655729,high_rich,42001,N256_qpsk_high_rich_S18_42001_8308f15a
7,ofdm:time:L0:K4,ofdm,time,0,4,110592.0,0.0,12544.0,123136.0,212000.0,345376.0,133128,1,10240,0.0,0.0120849609375,0.0146484375,0.0054314202121391,120,8192,16,4.0,0.0627258530761801,345376.0,0.0011923999845748,0.0001651441289141,0.0013575441134889,86024,256,qpsk,18,8,1997.6940326655729,high_rich,42001,N256_qpsk_high_rich_S18_42001_8308f15a
8,ofdm:time:L0:K8,ofdm,time,0,8,110592.0,0.0,12544.0,123136.0,384064.0,517440.0,133128,1,10240,0.0,0.0018310546875,0.0042724609375,0.0032068345833933,35,8192,16,8.0,0.0176909432667937,517440.0,0.001102099995478,0.0003151378778056,0.0014172378732837,86024,256,qpsk,18,8,1997.6940326655729,high_rich,42001,N256_qpsk_high_rich_S18_42001_8308f15a
9,ofdm:time:L0:K16,ofdm,time,0,16,110592.0,0.0,12544.0,123136.0,728192.0,861568.0,133128,1,10240,0.0,0.000732421875,0.00146484375,0.0015128841196122,12,8192,16,16.0,0.003558388574931,861568.0,0.00115409999853,0.0004978441274943,0.0016519441260243,86024,256,qpsk,18,8,1997.6940326655729,high_rich,42001,N256_qpsk_high_rich_S18_42001_8308f15a
10,ofdm:dense:L256:K0,ofdm,dense,256,0,9547776.0,0.0,0.0,188505258.66666663,1595392.0,190110890.66666663,4243456,1,10240,0.0,0.0010986328125,0.001220703125,0.0014038970477114,10,8192,16,0.0,7.542830984315184e-16,190110890.66666663,0.0122648999968077,0.0004179003799436,0.0126828003767514,3145728,256,qpsk,18,8,1997.6940326655729,high_rich,42001,N256_qpsk_high_rich_S18_42001_8308f15a
11,otfs:symbol:L4:K2,otfs,symbol,4,2,12169216.0,917504.0,6400.0,13093120.0,95248.0,13198608.0,2189320,1,10240,0.2305785225237471,0.0977783203125,0.0950927734375,0.0123262408371512,779,8192,16,2.0,0.1926619912084018,13198608.0,0.0185512000025482,0.0001750363631579,0.0187262363657062,45064,256,qpsk,18,8,1997.6940326655729,high_rich,42001,N256_qpsk_high_rich_S18_42001_8308f15a
12,otfs:symbol:L4:K8,otfs,symbol,4,8,12169216.0,917504.0,6400.0,13093120.0,255040.0,13358400.0,2189320,1,10240,0.2305785225237471,0.0982666015625,0.099365234375,0.0140095030003353,814,8192,16,8.0,0.0231453621914545,13358400.0,0.0181676999927731,0.0002683801108794,0.0184360801036525,45064,256,qpsk,18,8,1997.6940326655729,high_rich,42001,N256_qpsk_high_rich_S18_42001_8308f15a
13,otfs:symbol:L8:K4,otfs,symbol,8,4,12169216.0,917504.0,12544.0,13099264.0,222240.0,13331744.0,2230280,1,10240,0.1011263307326429,0.0386962890625,0.0377197265625,0.0088995871801752,309,8192,16,4.0,0.0816958146634205,13331744.0,0.018124699985492,0.0002130738581179,0.0183377738436099,86024,256,qpsk,18,8,1997.6940326655729,high_rich,42001,N256_qpsk_high_rich_S18_42001_8308f15a
14,otfs:symbol:L8:K16,otfs,symbol,8,16,12169216.0,917504.0,12544.0,13099264.0,738432.0,13847936.0,2230280,1,10240,0.1011263307326429,0.051513671875,0.0513916015625,0.0157823900874795,421,8192,16,16.0,0.0068568224717843,13847936.0,0.0182660999853396,0.0004440238622698,0.0187101238476095,86024,256,qpsk,18,8,1997.6940326655729,high_rich,42001,N256_qpsk_high_rich_S18_42001_8308f15a
15,otfs:symbol:L16:K8,otfs,symbol,16,8,12169216.0,917504.0,24832.0,13111552.0,672832.0,13794624.0,2312200,1,10240,0.0439092722077598,0.0089111328125,0.009521484375,0.0056998688621382,78,8192,16,8.0,0.0212131846654199,13794624.0,0.018421999993734,0.0002981488610892,0.0187201488548232,167944,256,qpsk,18,8,1997.6940326655729,high_rich,42001,N256_qpsk_high_rich_S18_42001_8308f15a
16,otfs:symbol:L32:K16,otfs,symbol,32,16,12169216.0,917504.0,49408.0,13136128.0,2360448.0,15506816.0,2476040,1,10240,0.0112739781089278,0.00048828125,0.0006103515625,0.0013753014436378,5,8192,16,16.0,0.0039277714940459,15506816.0,0.0183559999859426,0.0011077926124705,0.0194637925984131,331784,256,qpsk,18,8,1997.6940326655729,high_rich,42001,N256_qpsk_high_rich_S18_42001_8308f15a
17,otfs:time:L0:K2,otfs,time,0,2,110592.0,0.0,12544.0,123136.0,136208.0,269584.0,133128,1,10240,0.0,0.043212890625,0.04443359375,0.0083931366507725,364,8192,16,2.0,0.1707115237745813,269584.0,0.0012571999977808,0.0003183113609118,0.0015755113586926,86024,256,qpsk,18,8,1997.6940326655729,high_rich,42001,N256_qpsk_high_rich_S18_42001_8308f15a
18,otfs:time:L0:K4,otfs,time,0,4,110592.0,0.0,12544.0,123136.0,222240.0,355616.0,133128,1,10240,0.0,0.0050048828125,0.0064697265625,0.0039527666535127,53,8192,16,4.0,0.0633415732193253,355616.0,0.0011420999944675,0.0002610488623538,0.0014031488568214,86024,256,qpsk,18,8,1997.6940326655729,high_rich,42001,N256_qpsk_high_rich_S18_42001_8308f15a
19,otfs:time:L0:K8,otfs,time,0,8,110592.0,0.0,12544.0,123136.0,394304.0,527680.0,133128,1,10240,0.0,0.00048828125,0.0006103515625,0.0009349874099182,5,8192,16,8.0,0.0175705413169656,527680.0,0.0011186000047018,0.0003134363656279,0.0014320363703298,86024,256,qpsk,18,8,1997.6940326655729,high_rich,42001,N256_qpsk_high_rich_S18_42001_8308f15a
20,otfs:time:L0:K16,otfs,time,0,16,110592.0,0.0,12544.0,123136.0,738432.0,871808.0,133128,1,10240,0.0,0.0001220703125,0.000244140625,0.0009765625,2,8192,16,16.0,0.0034740283316714,871808.0,0.001074099985999,0.000427630114769,0.0015017301007681,86024,256,qpsk,18,8,1997.6940326655729,high_rich,42001,N256_qpsk_high_rich_S18_42001_8308f15a
21,otfs:dense:L256:K0,otfs,dense,256,0,12169216.0,0.0,0.0,191126698.66666663,1605632.0,192742570.66666663,4243456,1,10240,0.0,0.0,0.000244140625,0.0009765625,2,8192,16,0.0,5.25860290506488e-16,192742570.66666663,0.0200155999918933,0.0003935176133161,0.0204091176052095,3145728,256,qpsk,18,8,1997.6940326655729,high_rich,42001,N256_qpsk_high_rich_S18_42001_8308f15a
22,afdm:symbol:L4:K2,afdm,symbol,4,2,11146752.0,917504.0,6400.0,12070656.0,91152.0,12172048.0,2189320,1,10240,0.1502297955870662,0.065185546875,0.0684814453125,0.0145717393110037,561,8192,16,2.0,0.1711434466323781,12172048.0,0.0102630999899702,0.0001300596533672,0.0103931596433374,45064,256,qpsk,18,8,1997.6940326655729,high_rich,42001,N256_qpsk_high_rich_S18_42001_8308f15a
23,afdm:symbol:L4:K8,afdm,symbol,4,8,11146752.0,917504.0,6400.0,12070656.0,250944.0,12331840.0,2189320,1,10240,0.1502297955870662,0.062744140625,0.0650634765625,0.0145411653769292,533,8192,16,8.0,0.0204326081289963,12331840.0,0.0101177999895298,0.0002290721560546,0.0103468721455845,45064,256,qpsk,18,8,1997.6940326655729,high_rich,42001,N256_qpsk_high_rich_S18_42001_8308f15a
24,afdm:symbol:L8:K4,afdm,symbol,8,4,11146752.0,917504.0,12544.0,12076800.0,218144.0,12305184.0,2230280,1,10240,0.0648730429141595,0.0245361328125,0.024169921875,0.0096444302575885,198,8192,16,4.0,0.0663583066878611,12305184.0,0.01013020001119,0.0001663034092251,0.0102965034204151,86024,256,qpsk,18,8,1997.6940326655729,high_rich,42001,N256_qpsk_high_rich_S18_42001_8308f15a
25,afdm:symbol:L8:K16,afdm,symbol,8,16,11146752.0,917504.0,12544.0,12076800.0,734336.0,12821376.0,2230280,1,10240,0.0648730429141595,0.0233154296875,0.02783203125,0.0106858132501793,228,8192,16,16.0,0.0055860745748325,12821376.0,0.0101028000062797,0.0004216284052579,0.0105244284115377,86024,256,qpsk,18,8,1997.6940326655729,high_rich,42001,N256_qpsk_high_rich_S18_42001_8308f15a
26,afdm:symbol:L16:K8,afdm,symbol,16,8,11146752.0,917504.0,24832.0,12089088.0,668736.0,12768064.0,2312200,1,10240,0.0257412528789541,0.0076904296875,0.0072021484375,0.0056480444300473,59,8192,16,8.0,0.0183389438243228,12768064.0,0.0104607999965082,0.0002747346581434,0.0107355346546517,167944,256,qpsk,18,8,1997.6940326655729,high_rich,42001,N256_qpsk_high_rich_S18_42001_8308f15a
27,afdm:symbol:L32:K16,afdm,symbol,32,16,11146752.0,917504.0,49408.0,12113664.0,2356352.0,14480256.0,2476040,1,10240,0.0068666448190001,0.0013427734375,0.0015869140625,0.002689243431292,13,8192,16,16.0,0.0035664706968074,14480256.0,0.0104989999963436,0.0005728096595538,0.0110718096558974,331784,256,qpsk,18,8,1997.6940326655729,high_rich,42001,N256_qpsk_high_rich_S18_42001_8308f15a
28,afdm:time:L0:K2,afdm,time,0,2,136704.0,0.0,12544.0,149248.0,132112.0,291600.0,133128,1,10240,0.0,0.0379638671875,0.039794921875,0.0117377233557799,326,8192,16,2.0,0.1704636262711845,291600.0,0.0011120000126538,0.0001383471591742,0.001250347171828,86024,256,qpsk,18,8,1997.6940326655729,high_rich,42001,N256_qpsk_high_rich_S18_42001_8308f15a
29,afdm:time:L0:K4,afdm,time,0,4,136704.0,0.0,12544.0,149248.0,218144.0,377632.0,133128,1,10240,0.0,0.0078125,0.0079345703125,0.0038052536101336,65,8192,16,4.0,0.0627247251875492,377632.0,0.0011135999957332,0.0001685409098916,0.0012821409056248,86024,256,qpsk,18,8,1997.6940326655729,high_rich,42001,N256_qpsk_high_rich_S18_42001_8308f15a
30,afdm:time:L0:K8,afdm,time,0,8,136704.0,0.0,12544.0,149248.0,390208.0,549696.0,133128,1,10240,0.0,0.0013427734375,0.001708984375,0.0022411346976638,14,8192,16,8.0,0.0173824874962427,549696.0,0.0011050000030081,0.0002814221563147,0.0013864221593228,86024,256,qpsk,18,8,1997.6940326655729,high_rich,42001,N256_qpsk_high_rich_S18_42001_8308f15a
31,afdm:time:L0:K16,afdm,time,0,16,136704.0,0.0,12544.0,149248.0,734336.0,893824.0,133128,1,10240,0.0,0.000732421875,0.0009765625,0.0014263608268363,8,8192,16,16.0,0.0034668574053907,893824.0,0.0012902000016765,0.0005288659078194,0.001819065909496,86024,256,qpsk,18,8,1997.6940326655729,high_rich,42001,N256_qpsk_high_rich_S18_42001_8308f15a
32,afdm:dense:L256:K0,afdm,dense,256,0,11146752.0,0.0,0.0,190104234.66666663,1601536.0,191716010.66666663,4243456,1,10240,0.0,0.00048828125,0.000732421875,0.0009765625,6,8192,16,0.0,6.596708870633382e-16,191716010.66666663,0.0127631000068504,0.0003987659057946,0.013161865912645,3145728,256,qpsk,18,8,1997.6940326655729,high_rich,42001,N256_qpsk_high_rich_S18_42001_8308f15a
0,ofdm:symbol:L4:K2,ofdm,symbol,4,2,9547776.0,917504.0,6400.0,10471680.0,85008.0,10566928.0,2189320,1,10240,0.1234025631423086,0.0721435546875,0.078369140625,0.0147004285685029,642,8192,16,2.0,0.1943709037782421,10566928.0,0.01167059999716,0.0001806090873618,0.0118512090845218,45064,256,qpsk,18,8,1870.3672426973865,high_rich,42002,N256_qpsk_high_rich_S18_42002_0286e17d
1,ofdm:symbol:L4:K8,ofdm,symbol,4,8,9547776.0,917504.0,6400.0,10471680.0,244800.0,10726720.0,2189320,1,10240,0.1234025631423086,0.0679931640625,0.06787109375,0.0117295956756207,556,8192,16,8.0,0.0197892414413638,10726720.0,0.0109721999906469,0.0002844090910333,0.0112566090816802,45064,256,qpsk,18,8,1870.3672426973865,high_rich,42002,N256_qpsk_high_rich_S18_42002_0286e17d
2,ofdm:symbol:L8:K4,ofdm,symbol,8,4,9547776.0,917504.0,12544.0,10477824.0,212000.0,10700064.0,2230280,1,10240,0.0280515064211375,0.03369140625,0.032958984375,0.0089893272130615,270,8192,16,4.0,0.0589822193397296,10700064.0,0.0106943999999202,0.0002007653435033,0.0108951653434236,86024,256,qpsk,18,8,1870.3672426973865,high_rich,42002,N256_qpsk_high_rich_S18_42002_0286e17d
3,ofdm:symbol:L8:K16,ofdm,symbol,8,16,9547776.0,917504.0,12544.0,10477824.0,728192.0,11216256.0,2230280,1,10240,0.0280515064211375,0.02001953125,0.02294921875,0.0085134744991028,188,8192,16,16.0,0.00492684998907,11216256.0,0.0106755000015255,0.0004526590916033,0.0111281590931288,86024,256,qpsk,18,8,1870.3672426973865,high_rich,42002,N256_qpsk_high_rich_S18_42002_0286e17d
4,ofdm:symbol:L16:K8,ofdm,symbol,16,8,9547776.0,917504.0,24832.0,10490112.0,662592.0,11162944.0,2312200,1,10240,0.0088752006391025,0.0169677734375,0.017822265625,0.0073383110954137,146,8192,16,8.0,0.0152181074012295,11162944.0,0.0113216000027023,0.0003653153413655,0.0116869153440678,167944,256,qpsk,18,8,1870.3672426973865,high_rich,42002,N256_qpsk_high_rich_S18_42002_0286e17d
5,ofdm:symbol:L32:K16,ofdm,symbol,32,16,9547776.0,917504.0,49408.0,10514688.0,2350208.0,12875136.0,2476040,1,10240,0.003804848597577,0.01171875,0.0125732421875,0.0062160843290928,103,8192,16,16.0,0.003668987807159,12875136.0,0.0110795999935362,0.0010457278382422,0.0121253278317784,331784,256,qpsk,18,8,1870.3672426973865,high_rich,42002,N256_qpsk_high_rich_S18_42002_0286e17d
6,ofdm:time:L0:K2,ofdm,time,0,2,110592.0,0.0,12544.0,123136.0,125968.0,259344.0,133128,1,10240,0.0,0.05908203125,0.062744140625,0.011318579850725,514,8192,16,2.0,0.1907624792788549,259344.0,0.001185399989481,0.0001919278398748,0.0013773278293559,86024,256,qpsk,18,8,1870.3672426973865,high_rich,42002,N256_qpsk_high_rich_S18_42002_0286e17d
7,ofdm:time:L0:K4,ofdm,time,0,4,110592.0,0.0,12544.0,123136.0,212000.0,345376.0,133128,1,10240,0.0,0.027099609375,0.026123046875,0.0073035733330329,214,8192,16,4.0,0.0686127154202141,345376.0,0.0012046999909216,0.0002347340902236,0.0014394340811453,86024,256,qpsk,18,8,1870.3672426973865,high_rich,42002,N256_qpsk_high_rich_S18_42002_0286e17d
8,ofdm:time:L0:K8,ofdm,time,0,8,110592.0,0.0,12544.0,123136.0,384064.0,517440.0,133128,1,10240,0.0,0.0150146484375,0.0147705078125,0.0060502230684545,121,8192,16,8.0,0.0186039028511638,517440.0,0.001203699997859,0.0004198028424401,0.0016235028402992,86024,256,qpsk,18,8,1870.3672426973865,high_rich,42002,N256_qpsk_high_rich_S18_42002_0286e17d
9,ofdm:time:L0:K16,ofdm,time,0,16,110592.0,0.0,12544.0,123136.0,728192.0,861568.0,133128,1,10240,0.0,0.0096435546875,0.0107421875,0.0051920317805668,88,8192,16,16.0,0.0046686437770607,861568.0,0.0011908000014955,0.0010081903389039,0.0021989903403995,86024,256,qpsk,18,8,1870.3672426973865,high_rich,42002,N256_qpsk_high_rich_S18_42002_0286e17d
10,ofdm:dense:L256:K0,ofdm,dense,256,0,9547776.0,0.0,0.0,188505258.66666663,1595392.0,190110890.66666663,4243456,1,10240,0.0,0.00830078125,0.0093994140625,0.0052027354357104,77,8192,16,0.0,6.901314889358297e-16,190110890.66666663,0.014178899989929,0.0005659278391579,0.014744827829087,3145728,256,qpsk,18,8,1870.3672426973865,high_rich,42002,N256_qpsk_high_rich_S18_42002_0286e17d
11,otfs:symbol:L4:K2,otfs,symbol,4,2,12169216.0,917504.0,6400.0,13093120.0,95248.0,13198608.0,2189320,1,10240,0.3658061736641766,0.1612548828125,0.1627197265625,0.015291338980314,1333,8192,16,2.0,0.2053155123172794,13198608.0,0.0220683000079588,0.0001565515156361,0.022224851523595,45064,256,qpsk,18,8,1870.3672426973865,high_rich,42002,N256_qpsk_high_rich_S18_42002_0286e17d
12,otfs:symbol:L4:K8,otfs,symbol,4,8,12169216.0,917504.0,6400.0,13093120.0,255040.0,13358400.0,2189320,1,10240,0.3658061736641766,0.196044921875,0.1925048828125,0.0187061220262617,1577,8192,16,8.0,0.0254722586353003,13358400.0,0.0218955000018468,0.0002800390118753,0.0221755390137221,45064,256,qpsk,18,8,1870.3672426973865,high_rich,42002,N256_qpsk_high_rich_S18_42002_0286e17d
13,otfs:symbol:L8:K4,otfs,symbol,8,4,12169216.0,917504.0,12544.0,13099264.0,222240.0,13331744.0,2230280,1,10240,0.0982780640075193,0.0562744140625,0.057373046875,0.0154593267541444,470,8192,16,4.0,0.0882857577429828,13331744.0,0.022160900014569,0.0002109077666208,0.0223718077811898,86024,256,qpsk,18,8,1870.3672426973865,high_rich,42002,N256_qpsk_high_rich_S18_42002_0286e17d
14,otfs:symbol:L8:K16,otfs,symbol,8,16,12169216.0,917504.0,12544.0,13099264.0,738432.0,13847936.0,2230280,1,10240,0.0982780640075193,0.06103515625,0.065673828125,0.0185135234171242,538,8192,16,16.0,0.00709574684718,13847936.0,0.0221029000094858,0.0004169015180995,0.0225198015275854,86024,256,qpsk,18,8,1870.3672426973865,high_rich,42002,N256_qpsk_high_rich_S18_42002_0286e17d
15,otfs:symbol:L16:K8,otfs,symbol,16,8,12169216.0,917504.0,24832.0,13111552.0,672832.0,13794624.0,2312200,1,10240,0.0420855205471289,0.0260009765625,0.0272216796875,0.0090624087975834,223,8192,16,8.0,0.0220070681074484,13794624.0,0.022366500008502,0.0003627265184949,0.0227292265269969,167944,256,qpsk,18,8,1870.3672426973865,high_rich,42002,N256_qpsk_high_rich_S18_42002_0286e17d
16,otfs:symbol:L32:K16,otfs,symbol,32,16,12169216.0,917504.0,49408.0,13136128.0,2360448.0,15506816.0,2476040,1,10240,0.0160790296290574,0.01123046875,0.0145263671875,0.0064173854408793,119,8192,16,16.0,0.0054951746055267,15506816.0,0.0228451000148197,0.0006982015172869,0.0235433015321067,331784,256,qpsk,18,8,1870.3672426973865,high_rich,42002,N256_qpsk_high_rich_S18_42002_0286e17d
17,otfs:time:L0:K2,otfs,time,0,2,110592.0,0.0,12544.0,123136.0,136208.0,269584.0,133128,1,10240,0.0,0.06005859375,0.06201171875,0.011772878463558,508,8192,16,2.0,0.1907783411834596,269584.0,0.0012290000013308,0.0002064765165304,0.0014354765178612,86024,256,qpsk,18,8,1870.3672426973865,high_rich,42002,N256_qpsk_high_rich_S18_42002_0286e17d
18,otfs:time:L0:K4,otfs,time,0,4,110592.0,0.0,12544.0,123136.0,222240.0,355616.0,133128,1,10240,0.0,0.021240234375,0.020751953125,0.007407297910658,170,8192,16,4.0,0.0682512756665333,355616.0,0.001207900015288,0.0002677140171616,0.0014756140324497,86024,256,qpsk,18,8,1870.3672426973865,high_rich,42002,N256_qpsk_high_rich_S18_42002_0286e17d
19,otfs:time:L0:K8,otfs,time,0,8,110592.0,0.0,12544.0,123136.0,394304.0,527680.0,133128,1,10240,0.0,0.006591796875,0.0093994140625,0.0045228656941052,77,8192,16,8.0,0.0179201903294365,527680.0,0.0012988000089535,0.0003780827681001,0.0016768827770537,86024,256,qpsk,18,8,1870.3672426973865,high_rich,42002,N256_qpsk_high_rich_S18_42002_0286e17d
20,otfs:time:L0:K16,otfs,time,0,16,110592.0,0.0,12544.0,123136.0,738432.0,871808.0,133128,1,10240,0.0,0.0030517578125,0.005126953125,0.0038981034843548,42,8192,16,16.0,0.0047266538028414,871808.0,0.0012169000110588,0.0006301765149945,0.0018470765260534,86024,256,qpsk,18,8,1870.3672426973865,high_rich,42002,N256_qpsk_high_rich_S18_42002_0286e17d
21,otfs:dense:L256:K0,otfs,dense,256,0,12169216.0,0.0,0.0,191126698.66666663,1605632.0,192742570.66666663,4243456,1,10240,0.0,0.0030517578125,0.0040283203125,0.0041259043309135,33,8192,16,0.0,5.048130432594222e-16,192742570.66666663,0.0239730000030249,0.0003938515217558,0.0243668515247808,3145728,256,qpsk,18,8,1870.3672426973865,high_rich,42002,N256_qpsk_high_rich_S18_42002_0286e17d
22,afdm:symbol:L4:K2,afdm,symbol,4,2,11146752.0,917504.0,6400.0,12070656.0,91152.0,12172048.0,2189320,1,10240,0.279748558867309,0.127197265625,0.1434326171875,0.0150101817860736,1175,8192,16,2.0,0.2179728292283771,12172048.0,0.010450400004629,0.0001380782157205,0.0105884782203495,45064,256,qpsk,18,8,1870.3672426973865,high_rich,42002,N256_qpsk_high_rich_S18_42002_0286e17d
23,afdm:symbol:L4:K8,afdm,symbol,4,8,11146752.0,917504.0,6400.0,12070656.0,250944.0,12331840.0,2189320,1,10240,0.279748558867309,0.1497802734375,0.1673583984375,0.0146457245751688,1371,8192,16,8.0,0.029168512809035,12331840.0,0.0106942999991588,0.0002617219722444,0.0109560219714033,45064,256,qpsk,18,8,1870.3672426973865,high_rich,42002,N256_qpsk_high_rich_S18_42002_0286e17d
24,afdm:symbol:L8:K4,afdm,symbol,8,4,11146752.0,917504.0,12544.0,12076800.0,218144.0,12305184.0,2230280,1,10240,0.072429989500212,0.0447998046875,0.05078125,0.0114553736707931,416,8192,16,4.0,0.0784003671546093,12305184.0,0.0103100999986054,0.0001796032208651,0.0104897032194706,86024,256,qpsk,18,8,1870.3672426973865,high_rich,42002,N256_qpsk_high_rich_S18_42002_0286e17d
25,afdm:symbol:L8:K16,afdm,symbol,8,16,11146752.0,917504.0,12544.0,12076800.0,734336.0,12821376.0,2230280,1,10240,0.072429989500212,0.0452880859375,0.05126953125,0.0084233822862686,420,8192,16,16.0,0.0061555383468349,12821376.0,0.0104252000019187,0.0004167594686143,0.0108419594705331,86024,256,qpsk,18,8,1870.3672426973865,high_rich,42002,N256_qpsk_high_rich_S18_42002_0286e17d
26,afdm:symbol:L16:K8,afdm,symbol,16,8,11146752.0,917504.0,24832.0,12089088.0,668736.0,12768064.0,2312200,1,10240,0.0190905837215292,0.0150146484375,0.01953125,0.0087637076408665,160,8192,16,8.0,0.0171882432895691,12768064.0,0.0105250000051455,0.0002880094686836,0.0108130094738292,167944,256,qpsk,18,8,1870.3672426973865,high_rich,42002,N256_qpsk_high_rich_S18_42002_0286e17d
27,afdm:symbol:L32:K16,afdm,symbol,32,16,11146752.0,917504.0,49408.0,12113664.0,2356352.0,14480256.0,2476040,1,10240,0.0046238893167713,0.00634765625,0.0098876953125,0.0068579908406739,81,8192,16,16.0,0.0046476169566077,14480256.0,0.0108269000047585,0.0007839282231791,0.0116108282279376,331784,256,qpsk,18,8,1870.3672426973865,high_rich,42002,N256_qpsk_high_rich_S18_42002_0286e17d
28,afdm:time:L0:K2,afdm,time,0,2,136704.0,0.0,12544.0,149248.0,132112.0,291600.0,133128,1,10240,0.0,0.0562744140625,0.0576171875,0.0145635561580525,472,8192,16,2.0,0.193786630033597,291600.0,0.001112900004955,0.0001376282186604,0.0012505282236154,86024,256,qpsk,18,8,1870.3672426973865,high_rich,42002,N256_qpsk_high_rich_S18_42002_0286e17d
29,afdm:time:L0:K4,afdm,time,0,4,136704.0,0.0,12544.0,149248.0,218144.0,377632.0,133128,1,10240,0.0,0.0205078125,0.0240478515625,0.0090694216899446,197,8192,16,4.0,0.0685689680431162,377632.0,0.0011429000005591,0.0001839594740224,0.0013268594745816,86024,256,qpsk,18,8,1870.3672426973865,high_rich,42002,N256_qpsk_high_rich_S18_42002_0286e17d
30,afdm:time:L0:K8,afdm,time,0,8,136704.0,0.0,12544.0,149248.0,390208.0,549696.0,133128,1,10240,0.0,0.0084228515625,0.0128173828125,0.0065351904947797,105,8192,16,8.0,0.0179465329105231,549696.0,0.0011314000003039,0.0002607594740104,0.0013921594743144,86024,256,qpsk,18,8,1870.3672426973865,high_rich,42002,N256_qpsk_high_rich_S18_42002_0286e17d
31,afdm:time:L0:K16,afdm,time,0,16,136704.0,0.0,12544.0,149248.0,734336.0,893824.0,133128,1,10240,0.0,0.005615234375,0.00634765625,0.0043673202685542,52,8192,16,16.0,0.0045137629503383,893824.0,0.0011333000002196,0.0004722907185416,0.0016055907187612,86024,256,qpsk,18,8,1870.3672426973865,high_rich,42002,N256_qpsk_high_rich_S18_42002_0286e17d
32,afdm:dense:L256:K0,afdm,dense,256,0,11146752.0,0.0,0.0,190104234.66666663,1601536.0,191716010.66666663,4243456,1,10240,0.0,0.00439453125,0.0057373046875,0.0041259043309135,47,8192,16,0.0,6.688630573815652e-16,191716010.66666663,0.0131861000118078,0.0003829719669077,0.0135690719787155,3145728,256,qpsk,18,8,1870.3672426973865,high_rich,42002,N256_qpsk_high_rich_S18_42002_0286e17d
0,ofdm:symbol:L4:K2,ofdm,symbol,4,2,9547776.0,917504.0,6400.0,10471680.0,85008.0,10566928.0,2189320,1,10240,0.1603243647883631,0.0972900390625,0.09814453125,0.0162395424082764,804,8192,16,2.0,0.1489201236172682,10566928.0,0.0136952999891946,0.000138860416717,0.0138341604059116,45064,256,qpsk,18,8,1942.0815707581664,high_rich,42003,N256_qpsk_high_rich_S18_42003_7b7c7ab8
1,ofdm:symbol:L4:K8,ofdm,symbol,4,8,9547776.0,917504.0,6400.0,10471680.0,244800.0,10726720.0,2189320,1,10240,0.1603243647883631,0.1051025390625,0.1114501953125,0.016808510232479,913,8192,16,8.0,0.0251716212385132,10726720.0,0.0133363000059034,0.0002483541673593,0.0135846541732627,45064,256,qpsk,18,8,1942.0815707581664,high_rich,42003,N256_qpsk_high_rich_S18_42003_7b7c7ab8
2,ofdm:symbol:L8:K4,ofdm,symbol,8,4,9547776.0,917504.0,12544.0,10477824.0,212000.0,10700064.0,2230280,1,10240,0.0482717574826291,0.0390625,0.0416259765625,0.0108328031752538,341,8192,16,4.0,0.0554092325605253,10700064.0,0.0133629000047221,0.0001919041677121,0.0135548041724343,86024,256,qpsk,18,8,1942.0815707581664,high_rich,42003,N256_qpsk_high_rich_S18_42003_7b7c7ab8
3,ofdm:symbol:L8:K16,ofdm,symbol,8,16,9547776.0,917504.0,12544.0,10477824.0,728192.0,11216256.0,2230280,1,10240,0.0482717574826291,0.036376953125,0.0401611328125,0.0110708194922572,329,8192,16,16.0,0.0055354898875175,11216256.0,0.0132700999965891,0.0004128979179023,0.0136829979144915,86024,256,qpsk,18,8,1942.0815707581664,high_rich,42003,N256_qpsk_high_rich_S18_42003_7b7c7ab8
4,ofdm:symbol:L16:K8,ofdm,symbol,16,8,9547776.0,917504.0,24832.0,10490112.0,662592.0,11162944.0,2312200,1,10240,0.0134451700341529,0.012939453125,0.01220703125,0.0056381862225549,100,8192,16,8.0,0.0168150330440152,11162944.0,0.0134652999986428,0.0003076729161131,0.013772972914756,167944,256,qpsk,18,8,1942.0815707581664,high_rich,42003,N256_qpsk_high_rich_S18_42003_7b7c7ab8
5,ofdm:symbol:L32:K16,ofdm,symbol,32,16,9547776.0,917504.0,49408.0,10514688.0,2350208.0,12875136.0,2476040,1,10240,0.0064447558861452,0.0052490234375,0.00634765625,0.0035300629457619,52,8192,16,16.0,0.0043388476070752,12875136.0,0.0134642000048188,0.0005898354191396,0.0140540354239585,331784,256,qpsk,18,8,1942.0815707581664,high_rich,42003,N256_qpsk_high_rich_S18_42003_7b7c7ab8
6,ofdm:time:L0:K2,ofdm,time,0,2,110592.0,0.0,12544.0,123136.0,125968.0,259344.0,133128,1,10240,0.0,0.052490234375,0.0557861328125,0.0148740225505513,457,8192,16,2.0,0.1434246958894903,259344.0,0.0014376000035554,0.0001344541704549,0.0015720541740103,86024,256,qpsk,18,8,1942.0815707581664,high_rich,42003,N256_qpsk_high_rich_S18_42003_7b7c7ab8
7,ofdm:time:L0:K4,ofdm,time,0,4,110592.0,0.0,12544.0,123136.0,212000.0,345376.0,133128,1,10240,0.0,0.0213623046875,0.0194091796875,0.0081461547892201,159,8192,16,4.0,0.0476597458161811,345376.0,0.0014601000002585,0.0001736979173239,0.0016337979175825,86024,256,qpsk,18,8,1942.0815707581664,high_rich,42003,N256_qpsk_high_rich_S18_42003_7b7c7ab8
8,ofdm:time:L0:K8,ofdm,time,0,8,110592.0,0.0,12544.0,123136.0,384064.0,517440.0,133128,1,10240,0.0,0.00537109375,0.0050048828125,0.0045648421455157,41,8192,16,8.0,0.0156478122949732,517440.0,0.0014247999934013,0.0002470854186123,0.0016718854120137,86024,256,qpsk,18,8,1942.0815707581664,high_rich,42003,N256_qpsk_high_rich_S18_42003_7b7c7ab8
9,ofdm:time:L0:K16,ofdm,time,0,16,110592.0,0.0,12544.0,123136.0,728192.0,861568.0,133128,1,10240,0.0,0.0020751953125,0.003173828125,0.0044466670095128,26,8192,16,16.0,0.0037724273428558,861568.0,0.0014323999930638,0.0004272541653501,0.0018596541584139,86024,256,qpsk,18,8,1942.0815707581664,high_rich,42003,N256_qpsk_high_rich_S18_42003_7b7c7ab8
10,ofdm:dense:L256:K0,ofdm,dense,256,0,9547776.0,0.0,0.0,188505258.66666663,1595392.0,190110890.66666663,4243456,1,10240,0.0,0.0028076171875,0.003173828125,0.0046150543225123,26,8192,16,0.0,7.293075764130434e-16,190110890.66666663,0.0155384999961825,0.0004509604194192,0.0159894604156017,3145728,256,qpsk,18,8,1942.0815707581664,high_rich,42003,N256_qpsk_high_rich_S18_42003_7b7c7ab8
11,otfs:symbol:L4:K2,otfs,symbol,4,2,12169216.0,917504.0,6400.0,13093120.0,95248.0,13198608.0,2189320,1,10240,0.2485266207308476,0.11962890625,0.1201171875,0.018528970665049,984,8192,16,2.0,0.1807424625225595,13198608.0,0.0227046999934827,0.0001697024604668,0.0228744024539496,45064,256,qpsk,18,8,1942.0815707581664,high_rich,42003,N256_qpsk_high_rich_S18_42003_7b7c7ab8
12,otfs:symbol:L4:K8,otfs,symbol,4,8,12169216.0,917504.0,6400.0,13093120.0,255040.0,13358400.0,2189320,1,10240,0.2485266207308476,0.1697998046875,0.16796875,0.0223260783847425,1376,8192,16,8.0,0.0287054266414939,13358400.0,0.0226887999888276,0.0002892587095133,0.022978058698341,45064,256,qpsk,18,8,1942.0815707581664,high_rich,42003,N256_qpsk_high_rich_S18_42003_7b7c7ab8
13,otfs:symbol:L8:K4,otfs,symbol,8,4,12169216.0,917504.0,12544.0,13099264.0,222240.0,13331744.0,2230280,1,10240,0.116524966108353,0.071533203125,0.072265625,0.0116970284799352,592,8192,16,4.0,0.0708821504560711,13331744.0,0.0224301999987801,0.0002058649611585,0.0226360649599386,86024,256,qpsk,18,8,1942.0815707581664,high_rich,42003,N256_qpsk_high_rich_S18_42003_7b7c7ab8
14,otfs:symbol:L8:K16,otfs,symbol,8,16,12169216.0,917504.0,12544.0,13099264.0,738432.0,13847936.0,2230280,1,10240,0.116524966108353,0.1092529296875,0.1097412109375,0.022419501521263,899,8192,16,16.0,0.0063833999529853,13847936.0,0.0223616999865043,0.0004279837053631,0.0227896836918675,86024,256,qpsk,18,8,1942.0815707581664,high_rich,42003,N256_qpsk_high_rich_S18_42003_7b7c7ab8
15,otfs:symbol:L16:K8,otfs,symbol,16,8,12169216.0,917504.0,24832.0,13111552.0,672832.0,13794624.0,2312200,1,10240,0.051953325957027,0.0343017578125,0.0382080078125,0.0147193379645811,313,8192,16,8.0,0.0196550040391262,13794624.0,0.0227293999923858,0.0003394712098683,0.0230688712022542,167944,256,qpsk,18,8,1942.0815707581664,high_rich,42003,N256_qpsk_high_rich_S18_42003_7b7c7ab8
16,otfs:symbol:L32:K16,otfs,symbol,32,16,12169216.0,917504.0,49408.0,13136128.0,2360448.0,15506816.0,2476040,1,10240,0.0148806377610607,0.0078125,0.0096435546875,0.006894973870353,79,8192,16,16.0,0.0043341737783191,15506816.0,0.0227187999989837,0.0006294899590515,0.0233482899580353,331784,256,qpsk,18,8,1942.0815707581664,high_rich,42003,N256_qpsk_high_rich_S18_42003_7b7c7ab8
17,otfs:time:L0:K2,otfs,time,0,2,110592.0,0.0,12544.0,123136.0,136208.0,269584.0,133128,1,10240,0.0,0.05126953125,0.04833984375,0.0100732788736153,396,8192,16,2.0,0.1423346139035505,269584.0,0.001101199988625,0.0001811524603412,0.0012823524489662,86024,256,qpsk,18,8,1942.0815707581664,high_rich,42003,N256_qpsk_high_rich_S18_42003_7b7c7ab8
18,otfs:time:L0:K4,otfs,time,0,4,110592.0,0.0,12544.0,123136.0,222240.0,355616.0,133128,1,10240,0.0,0.0185546875,0.01708984375,0.0059881678581077,140,8192,16,4.0,0.0460250524996143,355616.0,0.0011016999924322,0.0002162462074424,0.0013179461998747,86024,256,qpsk,18,8,1942.0815707581664,high_rich,42003,N256_qpsk_high_rich_S18_42003_7b7c7ab8
19,otfs:time:L0:K8,otfs,time,0,8,110592.0,0.0,12544.0,123136.0,394304.0,527680.0,133128,1,10240,0.0,0.0050048828125,0.0029296875,0.0022552744890219,24,8192,16,8.0,0.0151597487876189,527680.0,0.0010795999987749,0.0003010212099483,0.0013806212087233,86024,256,qpsk,18,8,1942.0815707581664,high_rich,42003,N256_qpsk_high_rich_S18_42003_7b7c7ab8
20,otfs:time:L0:K16,otfs,time,0,16,110592.0,0.0,12544.0,123136.0,738432.0,871808.0,133128,1,10240,0.0,0.00244140625,0.000732421875,0.0014038970477114,6,8192,16,16.0,0.0036887193045551,871808.0,0.0010991000017384,0.000472177462639,0.0015712774643775,86024,256,qpsk,18,8,1942.0815707581664,high_rich,42003,N256_qpsk_high_rich_S18_42003_7b7c7ab8
21,otfs:dense:L256:K0,otfs,dense,256,0,12169216.0,0.0,0.0,191126698.66666663,1605632.0,192742570.66666663,4243456,1,10240,0.0,0.001708984375,0.0008544921875,0.0015897285738378,7,8192,16,0.0,5.58378386106633e-16,192742570.66666663,0.0244656999857397,0.0004239087134423,0.0248896086991821,3145728,256,qpsk,18,8,1942.0815707581664,high_rich,42003,N256_qpsk_high_rich_S18_42003_7b7c7ab8
22,afdm:symbol:L4:K2,afdm,symbol,4,2,11146752.0,917504.0,6400.0,12070656.0,91152.0,12172048.0,2189320,1,10240,0.2422146923771605,0.1162109375,0.1199951171875,0.0179002423374813,983,8192,16,2.0,0.1743999287006308,12172048.0,0.0105619999958435,0.000139378221127,0.0107013782169705,45064,256,qpsk,18,8,1942.0815707581664,high_rich,42003,N256_qpsk_high_rich_S18_42003_7b7c7ab8
23,afdm:symbol:L4:K8,afdm,symbol,4,8,11146752.0,917504.0,6400.0,12070656.0,250944.0,12331840.0,2189320,1,10240,0.2422146923771605,0.167236328125,0.1668701171875,0.0178005138023029,1367,8192,16,8.0,0.0290493766144449,12331840.0,0.009858700010227,0.0002457407261207,0.0101044407363477,45064,256,qpsk,18,8,1942.0815707581664,high_rich,42003,N256_qpsk_high_rich_S18_42003_7b7c7ab8
24,afdm:symbol:L8:K4,afdm,symbol,8,4,11146752.0,917504.0,12544.0,12076800.0,218144.0,12305184.0,2230280,1,10240,0.0974911140455303,0.0625,0.0595703125,0.0085581649610182,488,8192,16,4.0,0.0714778416054664,12305184.0,0.0100072999921394,0.0001631407219864,0.0101704407141259,86024,256,qpsk,18,8,1942.0815707581664,high_rich,42003,N256_qpsk_high_rich_S18_42003_7b7c7ab8
25,afdm:symbol:L8:K16,afdm,symbol,8,16,11146752.0,917504.0,12544.0,12076800.0,734336.0,12821376.0,2230280,1,10240,0.0974911140455303,0.08154296875,0.0836181640625,0.0170003235730063,685,8192,16,16.0,0.0063597618132748,12821376.0,0.0097320999921066,0.0004206344736193,0.0101527344657259,86024,256,qpsk,18,8,1942.0815707581664,high_rich,42003,N256_qpsk_high_rich_S18_42003_7b7c7ab8
26,afdm:symbol:L16:K8,afdm,symbol,16,8,11146752.0,917504.0,24832.0,12089088.0,668736.0,12768064.0,2312200,1,10240,0.0328303792800955,0.02001953125,0.02001953125,0.0060725124043546,164,8192,16,8.0,0.0184221611098783,12768064.0,0.0101536000147461,0.0002761719695516,0.0104297719842978,167944,256,qpsk,18,8,1942.0815707581664,high_rich,42003,N256_qpsk_high_rich_S18_42003_7b7c7ab8
27,afdm:symbol:L32:K16,afdm,symbol,32,16,11146752.0,917504.0,49408.0,12113664.0,2356352.0,14480256.0,2476040,1,10240,0.0094627294001082,0.006591796875,0.008056640625,0.0042716470578969,66,8192,16,16.0,0.0044829553752534,14480256.0,0.0099760000011883,0.0006085657230759,0.0105845657242642,331784,256,qpsk,18,8,1942.0815707581664,high_rich,42003,N256_qpsk_high_rich_S18_42003_7b7c7ab8
28,afdm:time:L0:K2,afdm,time,0,2,136704.0,0.0,12544.0,149248.0,132112.0,291600.0,133128,1,10240,0.0,0.0545654296875,0.049560546875,0.0129923190387207,406,8192,16,2.0,0.1447333156978706,291600.0,0.0011034999915864,0.0001298657241821,0.0012333657157686,86024,256,qpsk,18,8,1942.0815707581664,high_rich,42003,N256_qpsk_high_rich_S18_42003_7b7c7ab8
29,afdm:time:L0:K4,afdm,time,0,4,136704.0,0.0,12544.0,149248.0,218144.0,377632.0,133128,1,10240,0.0,0.0216064453125,0.0186767578125,0.007713195367149,153,8192,16,4.0,0.0470642959977297,377632.0,0.0011052999907406,0.000187359470863,0.0012926594616036,86024,256,qpsk,18,8,1942.0815707581664,high_rich,42003,N256_qpsk_high_rich_S18_42003_7b7c7ab8
30,afdm:time:L0:K8,afdm,time,0,8,136704.0,0.0,12544.0,149248.0,390208.0,549696.0,133128,1,10240,0.0,0.005859375,0.00537109375,0.0020792603414936,44,8192,16,8.0,0.0153254454481834,549696.0,0.0012157000019215,0.0002557282203159,0.0014714282222374,86024,256,qpsk,18,8,1942.0815707581664,high_rich,42003,N256_qpsk_high_rich_S18_42003_7b7c7ab8
31,afdm:time:L0:K16,afdm,time,0,16,136704.0,0.0,12544.0,149248.0,734336.0,893824.0,133128,1,10240,0.0,0.0028076171875,0.002197265625,0.0022411346976638,18,8192,16,16.0,0.0038379531101824,893824.0,0.0010878999892156,0.0003968469707505,0.0014847469599661,86024,256,qpsk,18,8,1942.0815707581664,high_rich,42003,N256_qpsk_high_rich_S18_42003_7b7c7ab8
32,afdm:dense:L256:K0,afdm,dense,256,0,11146752.0,0.0,0.0,190104234.66666663,1601536.0,191716010.66666663,4243456,1,10240,0.0,0.0025634765625,0.0015869140625,0.0019161539912449,13,8192,16,0.0,7.136816512287184e-16,191716010.66666663,0.0122699000057764,0.0003818282200771,0.0126517282258536,3145728,256,qpsk,18,8,1942.0815707581664,high_rich,42003,N256_qpsk_high_rich_S18_42003_7b7c7ab8
0,ofdm:symbol:L4:K2,ofdm,symbol,4,2,9547776.0,917504.0,6400.0,10471680.0,85008.0,10566928.0,2189320,1,10240,0.1607467369433475,0.097412109375,0.0986328125,0.0106739070478745,808,8192,16,2.0,0.1374796031401731,10566928.0,0.0096998999943025,0.0001251204574035,0.0098250204517061,45064,256,qpsk,8,8,1997.6940326655729,high_rich,42001,N256_qpsk_high_rich_S8_42001_1a7690f1
1,ofdm:symbol:L4:K8,ofdm,symbol,4,8,9547776.0,917504.0,6400.0,10471680.0,244800.0,10726720.0,2189320,1,10240,0.1607467369433475,0.093017578125,0.09326171875,0.0122803786003408,764,8192,16,8.0,0.0056000611712209,10726720.0,0.0093706000043312,0.00024989545708,0.0096204954614112,45064,256,qpsk,8,8,1997.6940326655729,high_rich,42001,N256_qpsk_high_rich_S8_42001_1a7690f1
2,ofdm:symbol:L8:K4,ofdm,symbol,8,4,9547776.0,917504.0,12544.0,10477824.0,212000.0,10700064.0,2230280,1,10240,0.0514597036728948,0.0511474609375,0.05078125,0.0089928628384541,416,8192,16,4.0,0.0526289178561463,10700064.0,0.0094297000032383,0.0001875267060203,0.0096172267092587,86024,256,qpsk,8,8,1997.6940326655729,high_rich,42001,N256_qpsk_high_rich_S8_42001_1a7690f1
3,ofdm:symbol:L8:K16,ofdm,symbol,8,16,9547776.0,917504.0,12544.0,10477824.0,728192.0,11216256.0,2230280,1,10240,0.0514597036728948,0.0499267578125,0.04931640625,0.0108276665367108,404,8192,16,16.0,0.0004588706221315,11216256.0,0.0093996000068727,0.0004205079583588,0.0098201079652316,86024,256,qpsk,8,8,1997.6940326655729,high_rich,42001,N256_qpsk_high_rich_S8_42001_1a7690f1
4,ofdm:symbol:L16:K8,ofdm,symbol,16,8,9547776.0,917504.0,24832.0,10490112.0,662592.0,11162944.0,2312200,1,10240,0.0138152782118632,0.034423828125,0.0352783203125,0.0072544419284797,289,8192,16,8.0,0.0094628137521182,11162944.0,0.0097522000141907,0.0002869829548106,0.0100391829690014,167944,256,qpsk,8,8,1997.6940326655729,high_rich,42001,N256_qpsk_high_rich_S8_42001_1a7690f1
5,ofdm:symbol:L32:K16,ofdm,symbol,32,16,9547776.0,917504.0,49408.0,10514688.0,2350208.0,12875136.0,2476040,1,10240,0.003874033481066,0.0303955078125,0.031494140625,0.0065315412489886,258,8192,16,16.0,0.0005175388247664,12875136.0,0.0100302000064402,0.0006158017083979,0.0106460017148382,331784,256,qpsk,8,8,1997.6940326655729,high_rich,42001,N256_qpsk_high_rich_S8_42001_1a7690f1
6,ofdm:time:L0:K2,ofdm,time,0,2,110592.0,0.0,12544.0,123136.0,125968.0,259344.0,133128,1,10240,0.0,0.0667724609375,0.0673828125,0.0106977062012727,552,8192,16,2.0,0.1634619980210203,259344.0,0.0010813999979291,0.000127457952465,0.0012088579503941,86024,256,qpsk,8,8,1997.6940326655729,high_rich,42001,N256_qpsk_high_rich_S8_42001_1a7690f1
7,ofdm:time:L0:K4,ofdm,time,0,4,110592.0,0.0,12544.0,123136.0,212000.0,345376.0,133128,1,10240,0.0,0.0384521484375,0.0361328125,0.007614683081882,296,8192,16,4.0,0.0545677741630656,345376.0,0.0010628000018186,0.0001664892049919,0.0012292892068106,86024,256,qpsk,8,8,1997.6940326655729,high_rich,42001,N256_qpsk_high_rich_S8_42001_1a7690f1
8,ofdm:time:L0:K8,ofdm,time,0,8,110592.0,0.0,12544.0,123136.0,384064.0,517440.0,133128,1,10240,0.0,0.0308837890625,0.0296630859375,0.0059335046007676,243,8192,16,8.0,0.0100156446834552,517440.0,0.0010507999977562,0.000268401707024,0.0013192017047803,86024,256,qpsk,8,8,1997.6940326655729,high_rich,42001,N256_qpsk_high_rich_S8_42001_1a7690f1
9,ofdm:time:L0:K16,ofdm,time,0,16,110592.0,0.0,12544.0,123136.0,728192.0,861568.0,133128,1,10240,0.0,0.029296875,0.029052734375,0.0056550754852158,238,8192,16,16.0,0.0005525342717855,861568.0,0.0010698999976739,0.0004106392068823,0.0014805392045562,86024,256,qpsk,8,8,1997.6940326655729,high_rich,42001,N256_qpsk_high_rich_S8_42001_1a7690f1
10,ofdm:dense:L256:K0,ofdm,dense,256,0,9547776.0,0.0,0.0,188505258.66666663,1595392.0,190110890.66666663,4243456,1,10240,0.0,0.0289306640625,0.029296875,0.0055701170927623,240,8192,16,0.0,7.055965693864045e-16,190110890.66666663,0.0117361000156961,0.0003909329514389,0.012127032967135,3145728,256,qpsk,8,8,1997.6940326655729,high_rich,42001,N256_qpsk_high_rich_S8_42001_1a7690f1
11,otfs:symbol:L4:K2,otfs,symbol,4,2,12169216.0,917504.0,6400.0,13093120.0,95248.0,13198608.0,2189320,1,10240,0.2305785225237471,0.1204833984375,0.1234130859375,0.0130576059521451,1011,8192,16,2.0,0.1718140730409125,13198608.0,0.0199141000048257,0.0002186081463591,0.0201327081511849,45064,256,qpsk,8,8,1997.6940326655729,high_rich,42001,N256_qpsk_high_rich_S8_42001_1a7690f1
12,otfs:symbol:L4:K8,otfs,symbol,4,8,12169216.0,917504.0,6400.0,13093120.0,255040.0,13358400.0,2189320,1,10240,0.2305785225237471,0.11572265625,0.118408203125,0.0162140747466305,970,8192,16,8.0,0.0081301343657812,13358400.0,0.019774000000325,0.0003403956414772,0.0201143956418022,45064,256,qpsk,8,8,1997.6940326655729,high_rich,42001,N256_qpsk_high_rich_S8_42001_1a7690f1
13,otfs:symbol:L8:K4,otfs,symbol,8,4,12169216.0,917504.0,12544.0,13099264.0,222240.0,13331744.0,2230280,1,10240,0.1011263307326429,0.072265625,0.07275390625,0.0121972617156218,596,8192,16,4.0,0.0657428525626044,13331744.0,0.0199010000069392,0.0002158206460521,0.0201168206529914,86024,256,qpsk,8,8,1997.6940326655729,high_rich,42001,N256_qpsk_high_rich_S8_42001_1a7690f1
14,otfs:symbol:L8:K16,otfs,symbol,8,16,12169216.0,917504.0,12544.0,13099264.0,738432.0,13847936.0,2230280,1,10240,0.1011263307326429,0.0697021484375,0.07421875,0.0138290812993247,608,8192,16,16.0,0.0006695558703162,13847936.0,0.0199242000089725,0.0004977768975081,0.0204219769064807,86024,256,qpsk,8,8,1997.6940326655729,high_rich,42001,N256_qpsk_high_rich_S8_42001_1a7690f1
15,otfs:symbol:L16:K8,otfs,symbol,16,8,12169216.0,917504.0,24832.0,13111552.0,672832.0,13794624.0,2312200,1,10240,0.0439092722077598,0.0423583984375,0.0438232421875,0.0129549521464017,359,8192,16,8.0,0.0110665711643546,13794624.0,0.0209546999976737,0.0006113956431804,0.0215660956408541,167944,256,qpsk,8,8,1997.6940326655729,high_rich,42001,N256_qpsk_high_rich_S8_42001_1a7690f1
16,otfs:symbol:L32:K16,otfs,symbol,32,16,12169216.0,917504.0,49408.0,13136128.0,2360448.0,15506816.0,2476040,1,10240,0.0112739781089278,0.0303955078125,0.0321044921875,0.0093524237172186,263,8192,16,16.0,0.0005617884039538,15506816.0,0.0212432999978773,0.0008919081445569,0.0221352081424342,331784,256,qpsk,8,8,1997.6940326655729,high_rich,42001,N256_qpsk_high_rich_S8_42001_1a7690f1
17,otfs:time:L0:K2,otfs,time,0,2,110592.0,0.0,12544.0,123136.0,136208.0,269584.0,133128,1,10240,0.0,0.068359375,0.0692138671875,0.0095141782198408,567,8192,16,2.0,0.1614165725720407,269584.0,0.0014114000077825,0.0001802581453816,0.0015916581531641,86024,256,qpsk,8,8,1997.6940326655729,high_rich,42001,N256_qpsk_high_rich_S8_42001_1a7690f1
18,otfs:time:L0:K4,otfs,time,0,4,110592.0,0.0,12544.0,123136.0,222240.0,355616.0,133128,1,10240,0.0,0.0345458984375,0.0360107421875,0.0088781294342319,295,8192,16,4.0,0.0540946827754489,355616.0,0.001409100004821,0.0002418206412116,0.0016509206460327,86024,256,qpsk,8,8,1997.6940326655729,high_rich,42001,N256_qpsk_high_rich_S8_42001_1a7690f1
19,otfs:time:L0:K8,otfs,time,0,8,110592.0,0.0,12544.0,123136.0,394304.0,527680.0,133128,1,10240,0.0,0.029296875,0.02880859375,0.0074287249091645,236,8192,16,8.0,0.0099291830275574,527680.0,0.0013791000092169,0.0002980768966594,0.0016771769058764,86024,256,qpsk,8,8,1997.6940326655729,high_rich,42001,N256_qpsk_high_rich_S8_42001_1a7690f1
20,otfs:time:L0:K16,otfs,time,0,16,110592.0,0.0,12544.0,123136.0,738432.0,871808.0,133128,1,10240,0.0,0.02880859375,0.027099609375,0.0073383110954137,222,8192,16,16.0,0.0005429413414834,871808.0,0.0014028000005055,0.0005222268935981,0.0019250268941036,86024,256,qpsk,8,8,1997.6940326655729,high_rich,42001,N256_qpsk_high_rich_S8_42001_1a7690f1
21,otfs:dense:L256:K0,otfs,dense,256,0,12169216.0,0.0,0.0,191126698.66666663,1605632.0,192742570.66666663,4243456,1,10240,0.0,0.0284423828125,0.027099609375,0.0071273453627962,222,8192,16,0.0,4.771950474703298e-16,192742570.66666663,0.02264660000219,0.0004141331454306,0.0230607331476207,3145728,256,qpsk,8,8,1997.6940326655729,high_rich,42001,N256_qpsk_high_rich_S8_42001_1a7690f1
22,afdm:symbol:L4:K2,afdm,symbol,4,2,11146752.0,917504.0,6400.0,12070656.0,91152.0,12172048.0,2189320,1,10240,0.1502297955870662,0.091552734375,0.0950927734375,0.0173189626445034,779,8192,16,2.0,0.1547639578079862,12172048.0,0.0106095999944955,0.0001486812529258,0.0107582812474213,45064,256,qpsk,8,8,1997.6940326655729,high_rich,42001,N256_qpsk_high_rich_S8_42001_1a7690f1
23,afdm:symbol:L4:K8,afdm,symbol,4,8,11146752.0,917504.0,6400.0,12070656.0,250944.0,12331840.0,2189320,1,10240,0.1502297955870662,0.083984375,0.0870361328125,0.0147366053220422,713,8192,16,8.0,0.0081730256994302,12331840.0,0.0103455999924335,0.000251393751045,0.0105969937434785,45064,256,qpsk,8,8,1997.6940326655729,high_rich,42001,N256_qpsk_high_rich_S8_42001_1a7690f1
24,afdm:symbol:L8:K4,afdm,symbol,8,4,11146752.0,917504.0,12544.0,12076800.0,218144.0,12305184.0,2230280,1,10240,0.0648730429141595,0.055908203125,0.056884765625,0.0128940770314702,466,8192,16,4.0,0.0543040913559516,12305184.0,0.010419099999126,0.0001798750030723,0.0105989750021983,86024,256,qpsk,8,8,1997.6940326655729,high_rich,42001,N256_qpsk_high_rich_S8_42001_1a7690f1
25,afdm:symbol:L8:K16,afdm,symbol,8,16,11146752.0,917504.0,12544.0,12076800.0,734336.0,12821376.0,2230280,1,10240,0.0648730429141595,0.05322265625,0.0565185546875,0.0126067372792924,463,8192,16,16.0,0.0006282011900333,12821376.0,0.0103382999950554,0.0004474875008092,0.0107857874958647,86024,256,qpsk,8,8,1997.6940326655729,high_rich,42001,N256_qpsk_high_rich_S8_42001_1a7690f1
26,afdm:symbol:L16:K8,afdm,symbol,16,8,11146752.0,917504.0,24832.0,12089088.0,668736.0,12768064.0,2312200,1,10240,0.0257412528789541,0.0386962890625,0.036376953125,0.0122050779687249,298,8192,16,8.0,0.0097180658381212,12768064.0,0.0107286999991629,0.0003275562516357,0.0110562562507986,167944,256,qpsk,8,8,1997.6940326655729,high_rich,42001,N256_qpsk_high_rich_S8_42001_1a7690f1
27,afdm:symbol:L32:K16,afdm,symbol,32,16,11146752.0,917504.0,49408.0,12113664.0,2356352.0,14480256.0,2476040,1,10240,0.0068666448190001,0.0302734375,0.0289306640625,0.0106791176447423,237,8192,16,16.0,0.000544511163752,14480256.0,0.0111481999920215,0.0005994375018637,0.0117476374938853,331784,256,qpsk,8,8,1997.6940326655729,high_rich,42001,N256_qpsk_high_rich_S8_42001_1a7690f1
28,afdm:time:L0:K2,afdm,time,0,2,136704.0,0.0,12544.0,149248.0,132112.0,291600.0,133128,1,10240,0.0,0.060791015625,0.065185546875,0.0120583391936067,534,8192,16,2.0,0.1620486787717515,291600.0,0.0011609999928623,0.0001368500001483,0.0012978499930106,86024,256,qpsk,8,8,1997.6940326655729,high_rich,42001,N256_qpsk_high_rich_S8_42001_1a7690f1
29,afdm:time:L0:K4,afdm,time,0,4,136704.0,0.0,12544.0,149248.0,218144.0,377632.0,133128,1,10240,0.0,0.0323486328125,0.032470703125,0.0101079329455131,266,8192,16,4.0,0.0543343284801714,377632.0,0.0011186000047018,0.0001777874980909,0.0012963875027928,86024,256,qpsk,8,8,1997.6940326655729,high_rich,42001,N256_qpsk_high_rich_S8_42001_1a7690f1
30,afdm:time:L0:K8,afdm,time,0,8,136704.0,0.0,12544.0,149248.0,390208.0,549696.0,133128,1,10240,0.0,0.0272216796875,0.0255126953125,0.0097125838202055,209,8192,16,8.0,0.0099272330216454,549696.0,0.0011093999928561,0.0002660562517341,0.0013754562445903,86024,256,qpsk,8,8,1997.6940326655729,high_rich,42001,N256_qpsk_high_rich_S8_42001_1a7690f1
31,afdm:time:L0:K16,afdm,time,0,16,136704.0,0.0,12544.0,149248.0,734336.0,893824.0,133128,1,10240,0.0,0.0250244140625,0.0245361328125,0.0092978802305808,201,8192,16,16.0,0.0005414771016479,893824.0,0.0011036999931093,0.0004351312549481,0.0015388312480574,86024,256,qpsk,8,8,1997.6940326655729,high_rich,42001,N256_qpsk_high_rich_S8_42001_1a7690f1
32,afdm:dense:L256:K0,afdm,dense,256,0,11146752.0,0.0,0.0,190104234.66666663,1601536.0,191716010.66666663,4243456,1,10240,0.0,0.0250244140625,0.024658203125,0.009212872199274,202,8192,16,0.0,5.996797409924822e-16,191716010.66666663,0.0123912999843014,0.0003801062543282,0.0127714062386296,3145728,256,qpsk,8,8,1997.6940326655729,high_rich,42001,N256_qpsk_high_rich_S8_42001_1a7690f1
0,ofdm:symbol:L4:K2,ofdm,symbol,4,2,9547776.0,917504.0,6400.0,10471680.0,85008.0,10566928.0,2189320,1,10240,0.1234025631423086,0.1171875,0.1219482421875,0.0129549521464017,999,8192,16,2.0,0.1702900662851036,10566928.0,0.0097288999968441,0.0001197481073397,0.0098486481041838,45064,256,qpsk,8,8,1870.3672426973865,high_rich,42002,N256_qpsk_high_rich_S8_42002_b2946b29
1,ofdm:symbol:L4:K8,ofdm,symbol,4,8,9547776.0,917504.0,6400.0,10471680.0,244800.0,10726720.0,2189320,1,10240,0.1234025631423086,0.10791015625,0.107177734375,0.0084647935772817,878,8192,16,8.0,0.0073569042526298,10726720.0,0.0094857000076444,0.0002224918538779,0.0097081918615224,45064,256,qpsk,8,8,1870.3672426973865,high_rich,42002,N256_qpsk_high_rich_S8_42002_b2946b29
2,ofdm:symbol:L8:K4,ofdm,symbol,8,4,9547776.0,917504.0,12544.0,10477824.0,212000.0,10700064.0,2230280,1,10240,0.0280515064211375,0.080810546875,0.083984375,0.0151120220233897,688,8192,16,4.0,0.0462746370250217,10700064.0,0.0095424000028288,0.0001736293565265,0.0097160293593553,86024,256,qpsk,8,8,1870.3672426973865,high_rich,42002,N256_qpsk_high_rich_S8_42002_b2946b29
3,ofdm:symbol:L8:K16,ofdm,symbol,8,16,9547776.0,917504.0,12544.0,10477824.0,728192.0,11216256.0,2230280,1,10240,0.0280515064211375,0.0751953125,0.0775146484375,0.0131062061236921,635,8192,16,16.0,0.0002884916609713,11216256.0,0.0096755999984452,0.0003924543529358,0.010068054351381,86024,256,qpsk,8,8,1870.3672426973865,high_rich,42002,N256_qpsk_high_rich_S8_42002_b2946b29
4,ofdm:symbol:L16:K8,ofdm,symbol,16,8,9547776.0,917504.0,24832.0,10490112.0,662592.0,11162944.0,2312200,1,10240,0.0088752006391025,0.06884765625,0.0689697265625,0.0088709653181294,565,8192,16,8.0,0.0062430872348776,11162944.0,0.0095958000019891,0.0002657981016675,0.0098615981036566,167944,256,qpsk,8,8,1870.3672426973865,high_rich,42002,N256_qpsk_high_rich_S8_42002_b2946b29
5,ofdm:symbol:L32:K16,ofdm,symbol,32,16,9547776.0,917504.0,49408.0,10514688.0,2350208.0,12875136.0,2476040,1,10240,0.003804848597577,0.0675048828125,0.0662841796875,0.0104686710487539,543,8192,16,16.0,0.0003139455274493,12875136.0,0.0099762999889208,0.0005884355982054,0.0105647355871262,331784,256,qpsk,8,8,1870.3672426973865,high_rich,42002,N256_qpsk_high_rich_S8_42002_b2946b29
6,ofdm:time:L0:K2,ofdm,time,0,2,110592.0,0.0,12544.0,123136.0,125968.0,259344.0,133128,1,10240,0.0,0.0966796875,0.09814453125,0.0151540349541178,804,8192,16,2.0,0.174629153299421,259344.0,0.0011020000092685,0.0001227981032791,0.0012247981125476,86024,256,qpsk,8,8,1870.3672426973865,high_rich,42002,N256_qpsk_high_rich_S8_42002_b2946b29
7,ofdm:time:L0:K4,ofdm,time,0,4,110592.0,0.0,12544.0,123136.0,212000.0,345376.0,133128,1,10240,0.0,0.0732421875,0.073974609375,0.011385786259345,606,8192,16,4.0,0.0535727499716512,345376.0,0.0011102999997092,0.0001859356047354,0.0012962356044447,86024,256,qpsk,8,8,1870.3672426973865,high_rich,42002,N256_qpsk_high_rich_S8_42002_b2946b29
8,ofdm:time:L0:K8,ofdm,time,0,8,110592.0,0.0,12544.0,123136.0,384064.0,517440.0,133128,1,10240,0.0,0.06591796875,0.065673828125,0.0103564748564278,538,8192,16,8.0,0.0086864477438978,517440.0,0.0011143000010633,0.0002474418555941,0.0013617418566575,86024,256,qpsk,8,8,1870.3672426973865,high_rich,42002,N256_qpsk_high_rich_S8_42002_b2946b29
9,ofdm:time:L0:K16,ofdm,time,0,16,110592.0,0.0,12544.0,123136.0,728192.0,861568.0,133128,1,10240,0.0,0.0653076171875,0.0645751953125,0.0103710447071972,529,8192,16,16.0,0.0003101215624276,861568.0,0.0010991999879479,0.0003951606071716,0.0014943605951195,86024,256,qpsk,8,8,1870.3672426973865,high_rich,42002,N256_qpsk_high_rich_S8_42002_b2946b29
10,ofdm:dense:L256:K0,ofdm,dense,256,0,9547776.0,0.0,0.0,188505258.66666663,1595392.0,190110890.66666663,4243456,1,10240,0.0,0.0653076171875,0.064697265625,0.0103810017702486,530,8192,16,0.0,6.125368214916305e-16,190110890.66666663,0.0122608999954536,0.0004008168529473,0.012661716848401,3145728,256,qpsk,8,8,1870.3672426973865,high_rich,42002,N256_qpsk_high_rich_S8_42002_b2946b29
11,otfs:symbol:L4:K2,otfs,symbol,4,2,12169216.0,917504.0,6400.0,13093120.0,95248.0,13198608.0,2189320,1,10240,0.3658061736641766,0.1898193359375,0.1893310546875,0.0197959761361562,1551,8192,16,2.0,0.1621285130432084,13198608.0,0.0191220000124303,0.0002020920497726,0.0193240920622029,45064,256,qpsk,8,8,1870.3672426973865,high_rich,42002,N256_qpsk_high_rich_S8_42002_b2946b29
12,otfs:symbol:L4:K8,otfs,symbol,4,8,12169216.0,917504.0,6400.0,13093120.0,255040.0,13358400.0,2189320,1,10240,0.3658061736641766,0.1922607421875,0.196533203125,0.0238449287573145,1610,8192,16,8.0,0.0043118072050241,13358400.0,0.0190630000142846,0.0002817232949437,0.0193447233092284,45064,256,qpsk,8,8,1870.3672426973865,high_rich,42002,N256_qpsk_high_rich_S8_42002_b2946b29
13,otfs:symbol:L8:K4,otfs,symbol,8,4,12169216.0,917504.0,12544.0,13099264.0,222240.0,13331744.0,2230280,1,10240,0.0982780640075193,0.097412109375,0.1083984375,0.0162942606364173,888,8192,16,4.0,0.0648904105293729,13331744.0,0.0189661000185878,0.0002045670431526,0.0191706670617405,86024,256,qpsk,8,8,1870.3672426973865,high_rich,42002,N256_qpsk_high_rich_S8_42002_b2946b29
14,otfs:symbol:L8:K16,otfs,symbol,8,16,12169216.0,917504.0,12544.0,13099264.0,738432.0,13847936.0,2230280,1,10240,0.0982780640075193,0.09716796875,0.1072998046875,0.0201272192574492,879,8192,16,16.0,0.0002522938690293,13847936.0,0.0191053000162355,0.0004528545447156,0.0195581545609512,86024,256,qpsk,8,8,1870.3672426973865,high_rich,42002,N256_qpsk_high_rich_S8_42002_b2946b29
15,otfs:symbol:L16:K8,otfs,symbol,16,8,12169216.0,917504.0,24832.0,13111552.0,672832.0,13794624.0,2312200,1,10240,0.0420855205471289,0.0791015625,0.083740234375,0.0142435359459471,686,8192,16,8.0,0.0093866468586444,13794624.0,0.0193972000124631,0.0003267732932782,0.0197239733057413,167944,256,qpsk,8,8,1870.3672426973865,high_rich,42002,N256_qpsk_high_rich_S8_42002_b2946b29
16,otfs:symbol:L32:K16,otfs,symbol,32,16,12169216.0,917504.0,49408.0,13136128.0,2360448.0,15506816.0,2476040,1,10240,0.0160790296290574,0.070556640625,0.0714111328125,0.0133417881544126,585,8192,16,16.0,0.000274104861013,15506816.0,0.0197169000166468,0.0006774295467094,0.0203943295633562,331784,256,qpsk,8,8,1870.3672426973865,high_rich,42002,N256_qpsk_high_rich_S8_42002_b2946b29
17,otfs:time:L0:K2,otfs,time,0,2,110592.0,0.0,12544.0,123136.0,136208.0,269584.0,133128,1,10240,0.0,0.0947265625,0.0980224609375,0.0098877455470688,803,8192,16,2.0,0.1754591543261162,269584.0,0.0012463000020943,0.0001672170434231,0.0014135170455174,86024,256,qpsk,8,8,1870.3672426973865,high_rich,42002,N256_qpsk_high_rich_S8_42002_b2946b29
18,otfs:time:L0:K4,otfs,time,0,4,110592.0,0.0,12544.0,123136.0,222240.0,355616.0,133128,1,10240,0.0,0.06982421875,0.069580078125,0.011474782523073,570,8192,16,4.0,0.0533918759456119,355616.0,0.0012730000016745,0.0002219982912775,0.001494998292952,86024,256,qpsk,8,8,1870.3672426973865,high_rich,42002,N256_qpsk_high_rich_S8_42002_b2946b29
19,otfs:time:L0:K8,otfs,time,0,8,110592.0,0.0,12544.0,123136.0,394304.0,527680.0,133128,1,10240,0.0,0.0606689453125,0.0684814453125,0.0115761451281079,561,8192,16,8.0,0.0086076830817352,527680.0,0.0012305000127526,0.0003044857963741,0.0015349858091267,86024,256,qpsk,8,8,1870.3672426973865,high_rich,42002,N256_qpsk_high_rich_S8_42002_b2946b29
20,otfs:time:L0:K16,otfs,time,0,16,110592.0,0.0,12544.0,123136.0,738432.0,871808.0,133128,1,10240,0.0,0.0609130859375,0.068115234375,0.0120160846994312,558,8192,16,16.0,0.0003052210353099,871808.0,0.0012327000149525,0.0005088857957217,0.0017415858106742,86024,256,qpsk,8,8,1870.3672426973865,high_rich,42002,N256_qpsk_high_rich_S8_42002_b2946b29
21,otfs:dense:L256:K0,otfs,dense,256,0,12169216.0,0.0,0.0,191126698.66666663,1605632.0,192742570.66666663,4243456,1,10240,0.0,0.060791015625,0.06787109375,0.0120504277619008,556,8192,16,0.0,4.618286238602286e-16,192742570.66666663,0.0211553000117419,0.0004780857931164,0.0216333858048583,3145728,256,qpsk,8,8,1870.3672426973865,high_rich,42002,N256_qpsk_high_rich_S8_42002_b2946b29
22,afdm:symbol:L4:K2,afdm,symbol,4,2,11146752.0,917504.0,6400.0,12070656.0,91152.0,12172048.0,2189320,1,10240,0.279748558867309,0.1566162109375,0.177001953125,0.014803862938779,1450,8192,16,2.0,0.1845992244851513,12172048.0,0.0111190000170608,0.0001384685646178,0.0112574685816787,45064,256,qpsk,8,8,1870.3672426973865,high_rich,42002,N256_qpsk_high_rich_S8_42002_b2946b29
23,afdm:symbol:L4:K8,afdm,symbol,4,8,11146752.0,917504.0,6400.0,12070656.0,250944.0,12331840.0,2189320,1,10240,0.279748558867309,0.159912109375,0.17529296875,0.0159551704532639,1436,8192,16,8.0,0.0072812231132178,12331840.0,0.011271300012595,0.0002452935613098,0.0115165935739048,45064,256,qpsk,8,8,1870.3672426973865,high_rich,42002,N256_qpsk_high_rich_S8_42002_b2946b29
24,afdm:symbol:L8:K4,afdm,symbol,8,4,11146752.0,917504.0,12544.0,12076800.0,218144.0,12305184.0,2230280,1,10240,0.072429989500212,0.0887451171875,0.0938720703125,0.016456840865957,769,8192,16,4.0,0.0580491215851982,12305184.0,0.0113164000213146,0.0001831935586585,0.0114995935799732,86024,256,qpsk,8,8,1870.3672426973865,high_rich,42002,N256_qpsk_high_rich_S8_42002_b2946b29
25,afdm:symbol:L8:K16,afdm,symbol,8,16,11146752.0,917504.0,12544.0,12076800.0,734336.0,12821376.0,2230280,1,10240,0.072429989500212,0.0858154296875,0.091796875,0.0158672625090546,752,8192,16,16.0,0.0002513622678287,12821376.0,0.0117360000149346,0.000417031058422,0.0121530310733567,86024,256,qpsk,8,8,1870.3672426973865,high_rich,42002,N256_qpsk_high_rich_S8_42002_b2946b29
26,afdm:symbol:L16:K8,afdm,symbol,16,8,11146752.0,917504.0,24832.0,12089088.0,668736.0,12768064.0,2312200,1,10240,0.0190905837215292,0.067138671875,0.0694580078125,0.017613805656328,569,8192,16,8.0,0.0076367135678104,12768064.0,0.011260300016147,0.0003011810566738,0.0115614810728209,167944,256,qpsk,8,8,1870.3672426973865,high_rich,42002,N256_qpsk_high_rich_S8_42002_b2946b29
27,afdm:symbol:L32:K16,afdm,symbol,32,16,11146752.0,917504.0,49408.0,12113664.0,2356352.0,14480256.0,2476040,1,10240,0.0046238893167713,0.0638427734375,0.0657958984375,0.014276417477363,539,8192,16,16.0,0.0002935558860948,14480256.0,0.0113349000021116,0.000591749808226,0.0119266498103377,331784,256,qpsk,8,8,1870.3672426973865,high_rich,42002,N256_qpsk_high_rich_S8_42002_b2946b29
28,afdm:time:L0:K2,afdm,time,0,2,136704.0,0.0,12544.0,149248.0,132112.0,291600.0,133128,1,10240,0.0,0.0927734375,0.09375,0.0120820424058979,768,8192,16,2.0,0.1774696323261812,291600.0,0.0011306999949738,0.0001434810627677,0.0012741810577415,86024,256,qpsk,8,8,1870.3672426973865,high_rich,42002,N256_qpsk_high_rich_S8_42002_b2946b29
29,afdm:time:L0:K4,afdm,time,0,4,136704.0,0.0,12544.0,149248.0,218144.0,377632.0,133128,1,10240,0.0,0.0665283203125,0.067138671875,0.0114969239474698,550,8192,16,4.0,0.0533838214128577,377632.0,0.0012588999961735,0.0001638123129658,0.0014227123091393,86024,256,qpsk,8,8,1870.3672426973865,high_rich,42002,N256_qpsk_high_rich_S8_42002_b2946b29
30,afdm:time:L0:K8,afdm,time,0,8,136704.0,0.0,12544.0,149248.0,390208.0,549696.0,133128,1,10240,0.0,0.061767578125,0.062255859375,0.0137530144363786,510,8192,16,8.0,0.0085597335661319,549696.0,0.0011108000035164,0.00026205605889,0.0013728560624065,86024,256,qpsk,8,8,1870.3672426973865,high_rich,42002,N256_qpsk_high_rich_S8_42002_b2946b29
31,afdm:time:L0:K16,afdm,time,0,16,136704.0,0.0,12544.0,149248.0,734336.0,893824.0,133128,1,10240,0.0,0.0616455078125,0.062255859375,0.0140638562714021,510,8192,16,16.0,0.0003036952927646,893824.0,0.0011519999970914,0.0004011560639617,0.0015531560610532,86024,256,qpsk,8,8,1870.3672426973865,high_rich,42002,N256_qpsk_high_rich_S8_42002_b2946b29
32,afdm:dense:L256:K0,afdm,dense,256,0,11146752.0,0.0,0.0,190104234.66666663,1601536.0,191716010.66666663,4243456,1,10240,0.0,0.0615234375,0.062255859375,0.0143325311007479,510,8192,16,0.0,5.936260003450695e-16,191716010.66666663,0.0131849000026704,0.0004110935595952,0.0135959935622657,3145728,256,qpsk,8,8,1870.3672426973865,high_rich,42002,N256_qpsk_high_rich_S8_42002_b2946b29
0,ofdm:symbol:L4:K2,ofdm,symbol,4,2,9547776.0,917504.0,6400.0,10471680.0,85008.0,10566928.0,2189320,1,10240,0.1603243647883631,0.1214599609375,0.1259765625,0.0143878735380846,1032,8192,16,2.0,0.1297999385280247,10566928.0,0.010324800008675,0.0001219751868781,0.0104467751955532,45064,256,qpsk,8,8,1942.0815707581664,high_rich,42003,N256_qpsk_high_rich_S8_42003_1fe63b79
1,ofdm:symbol:L4:K8,ofdm,symbol,4,8,9547776.0,917504.0,6400.0,10471680.0,244800.0,10726720.0,2189320,1,10240,0.1603243647883631,0.119384765625,0.1280517578125,0.0188145691334683,1049,8192,16,8.0,0.0061242769456841,10726720.0,0.010094500015839,0.0002313689413065,0.0103258689571455,45064,256,qpsk,8,8,1942.0815707581664,high_rich,42003,N256_qpsk_high_rich_S8_42003_1fe63b79
2,ofdm:symbol:L8:K4,ofdm,symbol,8,4,9547776.0,917504.0,12544.0,10477824.0,212000.0,10700064.0,2230280,1,10240,0.0482717574826291,0.077392578125,0.0841064453125,0.0100977066206029,689,8192,16,4.0,0.0435781225767008,10700064.0,0.0099082000233465,0.0001889439374942,0.0100971439608408,86024,256,qpsk,8,8,1942.0815707581664,high_rich,42003,N256_qpsk_high_rich_S8_42003_1fe63b79
3,ofdm:symbol:L8:K16,ofdm,symbol,8,16,9547776.0,917504.0,12544.0,10477824.0,728192.0,11216256.0,2230280,1,10240,0.0482717574826291,0.077392578125,0.0810546875,0.0132467382482915,664,8192,16,16.0,0.0002545062659893,11216256.0,0.0100002000108361,0.0004669064349152,0.0104671064457513,86024,256,qpsk,8,8,1942.0815707581664,high_rich,42003,N256_qpsk_high_rich_S8_42003_1fe63b79
4,ofdm:symbol:L16:K8,ofdm,symbol,16,8,9547776.0,917504.0,24832.0,10490112.0,662592.0,11162944.0,2312200,1,10240,0.0134451700341529,0.0609130859375,0.0621337890625,0.01243919844029,509,8192,16,8.0,0.0069671743658355,11162944.0,0.0100917000090703,0.0003008876858736,0.010392587694944,167944,256,qpsk,8,8,1942.0815707581664,high_rich,42003,N256_qpsk_high_rich_S8_42003_1fe63b79
5,ofdm:symbol:L32:K16,ofdm,symbol,32,16,9547776.0,917504.0,49408.0,10514688.0,2350208.0,12875136.0,2476040,1,10240,0.0064447558861452,0.0592041015625,0.0595703125,0.0117620726985793,488,8192,16,16.0,0.0002406038818963,12875136.0,0.0101779000106034,0.0006103001853923,0.0107882001959958,331784,256,qpsk,8,8,1942.0815707581664,high_rich,42003,N256_qpsk_high_rich_S8_42003_1fe63b79
6,ofdm:time:L0:K2,ofdm,time,0,2,110592.0,0.0,12544.0,123136.0,125968.0,259344.0,133128,1,10240,0.0,0.0850830078125,0.088134765625,0.0131673076489712,722,8192,16,2.0,0.131990917028214,259344.0,0.0010929000127362,0.0001250564385124,0.0012179564512486,86024,256,qpsk,8,8,1942.0815707581664,high_rich,42003,N256_qpsk_high_rich_S8_42003_1fe63b79
7,ofdm:time:L0:K4,ofdm,time,0,4,110592.0,0.0,12544.0,123136.0,212000.0,345376.0,133128,1,10240,0.0,0.059326171875,0.0634765625,0.0119763357162155,520,8192,16,4.0,0.0397863293902734,345376.0,0.0011006000131601,0.0001637751913883,0.0012643752045484,86024,256,qpsk,8,8,1942.0815707581664,high_rich,42003,N256_qpsk_high_rich_S8_42003_1fe63b79
8,ofdm:time:L0:K8,ofdm,time,0,8,110592.0,0.0,12544.0,123136.0,384064.0,517440.0,133128,1,10240,0.0,0.0548095703125,0.05615234375,0.0109908483177956,460,8192,16,8.0,0.0066370962233013,517440.0,0.0010748000058811,0.0002448376847248,0.0013196376906059,86024,256,qpsk,8,8,1942.0815707581664,high_rich,42003,N256_qpsk_high_rich_S8_42003_1fe63b79
9,ofdm:time:L0:K16,ofdm,time,0,16,110592.0,0.0,12544.0,123136.0,728192.0,861568.0,133128,1,10240,0.0,0.055419921875,0.05615234375,0.0110600463674905,460,8192,16,16.0,0.000233450908062,861568.0,0.0010738000128185,0.0004630126889175,0.0015368127017361,86024,256,qpsk,8,8,1942.0815707581664,high_rich,42003,N256_qpsk_high_rich_S8_42003_1fe63b79
10,ofdm:dense:L256:K0,ofdm,dense,256,0,9547776.0,0.0,0.0,188505258.66666663,1595392.0,190110890.66666663,4243456,1,10240,0.0,0.0552978515625,0.0562744140625,0.0110535774527336,461,8192,16,0.0,6.320196022852466e-16,190110890.66666663,0.012385300011374,0.0004430814372178,0.0128283814485919,3145728,256,qpsk,8,8,1942.0815707581664,high_rich,42003,N256_qpsk_high_rich_S8_42003_1fe63b79
11,otfs:symbol:L4:K2,otfs,symbol,4,2,12169216.0,917504.0,6400.0,13093120.0,95248.0,13198608.0,2189320,1,10240,0.2485266207308476,0.1439208984375,0.1497802734375,0.0183319102804269,1227,8192,16,2.0,0.152107138235415,13198608.0,0.019115300005069,0.0001564005737457,0.0192717005788147,45064,256,qpsk,8,8,1942.0815707581664,high_rich,42003,N256_qpsk_high_rich_S8_42003_1fe63b79
12,otfs:symbol:L4:K8,otfs,symbol,4,8,12169216.0,917504.0,6400.0,13093120.0,255040.0,13358400.0,2189320,1,10240,0.2485266207308476,0.1650390625,0.16064453125,0.0203287695260364,1316,8192,16,8.0,0.0058850320221764,13358400.0,0.0188287000055424,0.0002841005711381,0.0191128005766806,45064,256,qpsk,8,8,1942.0815707581664,high_rich,42003,N256_qpsk_high_rich_S8_42003_1fe63b79
13,otfs:symbol:L8:K4,otfs,symbol,8,4,12169216.0,917504.0,12544.0,13099264.0,222240.0,13331744.0,2230280,1,10240,0.116524966108353,0.1097412109375,0.1116943359375,0.0187908998094666,915,8192,16,4.0,0.0506494683602514,13331744.0,0.0189258000027621,0.0002196443150971,0.0191454443178592,86024,256,qpsk,8,8,1942.0815707581664,high_rich,42003,N256_qpsk_high_rich_S8_42003_1fe63b79
14,otfs:symbol:L8:K16,otfs,symbol,8,16,12169216.0,917504.0,12544.0,13099264.0,738432.0,13847936.0,2230280,1,10240,0.116524966108353,0.1156005859375,0.115966796875,0.0176701152002867,950,8192,16,16.0,0.0002345249214137,13847936.0,0.0191029999987222,0.0004744818156034,0.0195774818143256,86024,256,qpsk,8,8,1942.0815707581664,high_rich,42003,N256_qpsk_high_rich_S8_42003_1fe63b79
15,otfs:symbol:L16:K8,otfs,symbol,16,8,12169216.0,917504.0,24832.0,13111552.0,672832.0,13794624.0,2312200,1,10240,0.051953325957027,0.0814208984375,0.083740234375,0.0158652589403227,686,8192,16,8.0,0.0071098357243566,13794624.0,0.0193325999862281,0.0004465068163192,0.0197791068025473,167944,256,qpsk,8,8,1942.0815707581664,high_rich,42003,N256_qpsk_high_rich_S8_42003_1fe63b79
16,otfs:symbol:L32:K16,otfs,symbol,32,16,12169216.0,917504.0,49408.0,13136128.0,2360448.0,15506816.0,2476040,1,10240,0.0148806377610607,0.058837890625,0.06103515625,0.0110139626405247,500,8192,16,16.0,0.0002110556605952,15506816.0,0.0202385000011418,0.0006180755657844,0.0208565755669262,331784,256,qpsk,8,8,1942.0815707581664,high_rich,42003,N256_qpsk_high_rich_S8_42003_1fe63b79
17,otfs:time:L0:K2,otfs,time,0,2,110592.0,0.0,12544.0,123136.0,136208.0,269584.0,133128,1,10240,0.0,0.077880859375,0.0792236328125,0.0115431450035895,649,8192,16,2.0,0.1310867016088048,269584.0,0.0010716999968281,0.0001897255701116,0.0012614255669397,86024,256,qpsk,8,8,1942.0815707581664,high_rich,42003,N256_qpsk_high_rich_S8_42003_1fe63b79
18,otfs:time:L0:K4,otfs,time,0,4,110592.0,0.0,12544.0,123136.0,222240.0,355616.0,133128,1,10240,0.0,0.0579833984375,0.0592041015625,0.0082160968245038,485,8192,16,4.0,0.0387313043582099,355616.0,0.0010646000009728,0.000197006817347,0.0012616068183199,86024,256,qpsk,8,8,1942.0815707581664,high_rich,42003,N256_qpsk_high_rich_S8_42003_1fe63b79
19,otfs:time:L0:K8,otfs,time,0,8,110592.0,0.0,12544.0,123136.0,394304.0,527680.0,133128,1,10240,0.0,0.052978515625,0.05419921875,0.0097916320367295,444,8192,16,8.0,0.0063922499672883,527680.0,0.0010588000004645,0.000292344313879,0.0013511443143436,86024,256,qpsk,8,8,1942.0815707581664,high_rich,42003,N256_qpsk_high_rich_S8_42003_1fe63b79
20,otfs:time:L0:K16,otfs,time,0,16,110592.0,0.0,12544.0,123136.0,738432.0,871808.0,133128,1,10240,0.0,0.0516357421875,0.052001953125,0.0099558299813973,426,8192,16,16.0,0.0002234092277274,871808.0,0.0010666000016499,0.0004461443199254,0.0015127443215753,86024,256,qpsk,8,8,1942.0815707581664,high_rich,42003,N256_qpsk_high_rich_S8_42003_1fe63b79
21,otfs:dense:L256:K0,otfs,dense,256,0,12169216.0,0.0,0.0,191126698.66666663,1605632.0,192742570.66666663,4243456,1,10240,0.0,0.0517578125,0.0518798828125,0.0098297051239542,425,8192,16,0.0,4.956135549107428e-16,192742570.66666663,0.0206826999929035,0.0004106255668596,0.0210933255597631,3145728,256,qpsk,8,8,1942.0815707581664,high_rich,42003,N256_qpsk_high_rich_S8_42003_1fe63b79
22,afdm:symbol:L4:K2,afdm,symbol,4,2,11146752.0,917504.0,6400.0,12070656.0,91152.0,12172048.0,2189320,1,10240,0.2422146923771605,0.1461181640625,0.146728515625,0.0211307906842457,1202,8192,16,2.0,0.149876416020715,12172048.0,0.0103436999925179,0.0001263162873025,0.0104700162798205,45064,256,qpsk,8,8,1942.0815707581664,high_rich,42003,N256_qpsk_high_rich_S8_42003_1fe63b79
23,afdm:symbol:L4:K8,afdm,symbol,4,8,11146752.0,917504.0,6400.0,12070656.0,250944.0,12331840.0,2189320,1,10240,0.2422146923771605,0.1622314453125,0.1597900390625,0.0193378280588806,1309,8192,16,8.0,0.0064004182479135,12331840.0,0.0102889999980106,0.000225128790286,0.0105141287882967,45064,256,qpsk,8,8,1942.0815707581664,high_rich,42003,N256_qpsk_high_rich_S8_42003_1fe63b79
24,afdm:symbol:L8:K4,afdm,symbol,8,4,11146752.0,917504.0,12544.0,12076800.0,218144.0,12305184.0,2230280,1,10240,0.0974911140455303,0.0966796875,0.0914306640625,0.0143031127885184,749,8192,16,4.0,0.0537363007808393,12305184.0,0.0101935999991837,0.0001750725347543,0.0103686725339381,86024,256,qpsk,8,8,1942.0815707581664,high_rich,42003,N256_qpsk_high_rich_S8_42003_1fe63b79
25,afdm:symbol:L8:K16,afdm,symbol,8,16,11146752.0,917504.0,12544.0,12076800.0,734336.0,12821376.0,2230280,1,10240,0.0974911140455303,0.098876953125,0.09521484375,0.015271056266847,780,8192,16,16.0,0.0003407797035609,12821376.0,0.010472199996002,0.0003951975356054,0.0108673975316075,86024,256,qpsk,8,8,1942.0815707581664,high_rich,42003,N256_qpsk_high_rich_S8_42003_1fe63b79
26,afdm:symbol:L16:K8,afdm,symbol,16,8,11146752.0,917504.0,24832.0,12089088.0,668736.0,12768064.0,2312200,1,10240,0.0328303792800955,0.06640625,0.063720703125,0.0126551849796235,522,8192,16,8.0,0.0072569960739352,12768064.0,0.0103583000018261,0.0002637475414909,0.0106220475433171,167944,256,qpsk,8,8,1942.0815707581664,high_rich,42003,N256_qpsk_high_rich_S8_42003_1fe63b79
27,afdm:symbol:L32:K16,afdm,symbol,32,16,11146752.0,917504.0,49408.0,12113664.0,2356352.0,14480256.0,2476040,1,10240,0.0094627294001082,0.0555419921875,0.0548095703125,0.0148996471866764,449,8192,16,16.0,0.0002256651553499,14480256.0,0.0105452999996487,0.0005511475343761,0.0110964475340248,331784,256,qpsk,8,8,1942.0815707581664,high_rich,42003,N256_qpsk_high_rich_S8_42003_1fe63b79
28,afdm:time:L0:K2,afdm,time,0,2,136704.0,0.0,12544.0,149248.0,132112.0,291600.0,133128,1,10240,0.0,0.0830078125,0.0772705078125,0.0143519252287562,633,8192,16,2.0,0.13343235993079,291600.0,0.0011322999926051,0.0001287412839398,0.0012610412765449,86024,256,qpsk,8,8,1942.0815707581664,high_rich,42003,N256_qpsk_high_rich_S8_42003_1fe63b79
29,afdm:time:L0:K4,afdm,time,0,4,136704.0,0.0,12544.0,149248.0,218144.0,377632.0,133128,1,10240,0.0,0.057861328125,0.0557861328125,0.0126168196460178,457,8192,16,4.0,0.0397762731483025,377632.0,0.0011316000018268,0.0001633225362335,0.0012949225380604,86024,256,qpsk,8,8,1942.0815707581664,high_rich,42003,N256_qpsk_high_rich_S8_42003_1fe63b79
30,afdm:time:L0:K8,afdm,time,0,8,136704.0,0.0,12544.0,149248.0,390208.0,549696.0,133128,1,10240,0.0,0.0487060546875,0.0521240234375,0.013432024646051,427,8192,16,8.0,0.0065958881983723,549696.0,0.0010958000057144,0.0002443600366556,0.00134016004237,86024,256,qpsk,8,8,1942.0815707581664,high_rich,42003,N256_qpsk_high_rich_S8_42003_1fe63b79
31,afdm:time:L0:K16,afdm,time,0,16,136704.0,0.0,12544.0,149248.0,734336.0,893824.0,133128,1,10240,0.0,0.048095703125,0.0504150390625,0.0132509371827931,413,8192,16,16.0,0.0002333712865664,893824.0,0.0011448999866843,0.00041652878978,0.0015614287764644,86024,256,qpsk,8,8,1942.0815707581664,high_rich,42003,N256_qpsk_high_rich_S8_42003_1fe63b79
32,afdm:dense:L256:K0,afdm,dense,256,0,11146752.0,0.0,0.0,190104234.66666663,1601536.0,191716010.66666663,4243456,1,10240,0.0,0.0478515625,0.05029296875,0.013256333858567,412,8192,16,0.0,6.165926485584941e-16,191716010.66666663,0.0124900000082561,0.0003719975381197,0.0128619975463758,3145728,256,qpsk,8,8,1942.0815707581664,high_rich,42003,N256_qpsk_high_rich_S8_42003_1fe63b79
0,ofdm:symbol:L4:K2,ofdm,symbol,4,2,6317056.0,917504.0,6400.0,7240960.0,85008.0,7336208.0,2189320,1,10240,0.0039773271745912,0.0,0.0,0.0,0,8192,16,2.0,0.009867838638059,7336208.0,0.0096465999813517,0.0001184564394916,0.0097650564208434,45064,256,qpsk,18,2,1697.692801261208,high_sparse,42001,N256_qpsk_high_sparse_S18_42001_d82a2a94
1,ofdm:symbol:L4:K8,ofdm,symbol,4,8,6317056.0,917504.0,6400.0,7240960.0,244800.0,7496000.0,2189320,1,10240,0.0039773271745912,0.0,0.0,0.0,0,8192,16,6.0,5.594283660265634e-07,7442736.0,0.0090576999937184,0.000200300186958,0.0092580001806764,45064,256,qpsk,18,2,1697.692801261208,high_sparse,42001,N256_qpsk_high_sparse_S18_42001_d82a2a94
2,ofdm:symbol:L8:K4,ofdm,symbol,8,4,6317056.0,917504.0,12544.0,7247104.0,212000.0,7469344.0,2230280,1,10240,0.0020416105643882,0.0,0.0,0.0,0,8192,16,4.0,0.0001066866885951,7469344.0,0.0092862999881617,0.0001781814404294,0.0094644814285912,86024,256,qpsk,18,2,1697.692801261208,high_sparse,42001,N256_qpsk_high_sparse_S18_42001_d82a2a94
3,ofdm:symbol:L8:K16,ofdm,symbol,8,16,6317056.0,917504.0,12544.0,7247104.0,728192.0,7985536.0,2230280,1,10240,0.0020416105643882,0.0,0.0,0.0,0,8192,16,6.0,9.567589578544595e-07,7555376.0,0.0090767999790841,0.0002689251901811,0.0093457251692653,86024,256,qpsk,18,2,1697.692801261208,high_sparse,42001,N256_qpsk_high_sparse_S18_42001_d82a2a94
4,ofdm:symbol:L16:K8,ofdm,symbol,16,8,6317056.0,917504.0,24832.0,7259392.0,662592.0,7932224.0,2312200,1,10240,0.0008119866020772,0.0,0.0,0.0,0,8192,16,6.0,8.018000653150495e-07,7780656.0,0.0093909999850438,0.0002250751918891,0.009616075176933,167944,256,qpsk,18,2,1697.692801261208,high_sparse,42001,N256_qpsk_high_sparse_S18_42001_d82a2a94
5,ofdm:symbol:L32:K16,ofdm,symbol,32,16,6317056.0,917504.0,49408.0,7283968.0,2350208.0,9644416.0,2476040,1,10240,0.0003071475934167,0.0,0.0,0.0,0,8192,16,6.0,8.078132669002758e-07,8231216.0,0.0094873999914852,0.0002835564406323,0.0097709564321176,331784,256,qpsk,18,2,1697.692801261208,high_sparse,42001,N256_qpsk_high_sparse_S18_42001_d82a2a94
6,ofdm:time:L0:K2,ofdm,time,0,2,25600.0,0.0,3328.0,28928.0,64528.0,103696.0,71688,1,10240,0.0,0.0,0.0,0.0,0,8192,16,2.0,0.0111141446402814,103696.0,0.000557099992875,0.0001158251894649,0.0006729251823399,24584,256,qpsk,18,2,1697.692801261208,high_sparse,42001,N256_qpsk_high_sparse_S18_42001_d82a2a94
7,ofdm:time:L0:K4,ofdm,time,0,4,25600.0,0.0,3328.0,28928.0,101408.0,140576.0,71688,1,10240,0.0,0.0,0.0,0.0,0,8192,16,4.0,9.090990573143848e-05,140576.0,0.000510599988047,0.0001526939418964,0.0006632939299434,24584,256,qpsk,18,2,1697.692801261208,high_sparse,42001,N256_qpsk_high_sparse_S18_42001_d82a2a94
8,ofdm:time:L0:K8,ofdm,time,0,8,25600.0,0.0,3328.0,28928.0,175168.0,214336.0,71688,1,10240,0.0,0.0,0.0,0.0,0,8192,16,6.0,7.40664924671873e-07,177456.0,0.0005170999938854,0.0001992876938002,0.0007163876876857,24584,256,qpsk,18,2,1697.692801261208,high_sparse,42001,N256_qpsk_high_sparse_S18_42001_d82a2a94
9,ofdm:time:L0:K16,ofdm,time,0,16,25600.0,0.0,3328.0,28928.0,322688.0,361856.0,71688,1,10240,0.0,0.0,0.0,0.0,0,8192,16,6.0,7.40664924671873e-07,177456.0,0.0005249999812804,0.0001821126894411,0.0007071126707215,24584,256,qpsk,18,2,1697.692801261208,high_sparse,42001,N256_qpsk_high_sparse_S18_42001_d82a2a94
10,ofdm:dense:L256:K0,ofdm,dense,256,0,6317056.0,0.0,0.0,185274538.66666663,1595392.0,186880170.66666663,4243456,1,10240,0.0,0.0,0.0,0.0,0,8192,16,0.0,7.60351794613801e-16,186880170.66666663,0.0113648999831639,0.0003816126896763,0.0117465126728403,3145728,256,qpsk,18,2,1697.692801261208,high_sparse,42001,N256_qpsk_high_sparse_S18_42001_d82a2a94
11,otfs:symbol:L4:K2,otfs,symbol,4,2,8938496.0,917504.0,6400.0,9862400.0,95248.0,9967888.0,2189320,1,10240,0.0039194593462724,0.0,0.0,0.0,0,8192,16,2.0,0.009724177470994,9967888.0,0.018082399998093,0.0001636922332071,0.0182460922313001,45064,256,qpsk,18,2,1697.692801261208,high_sparse,42001,N256_qpsk_high_sparse_S18_42001_d82a2a94
12,otfs:symbol:L4:K8,otfs,symbol,4,8,8938496.0,917504.0,6400.0,9862400.0,255040.0,10127680.0,2189320,1,10240,0.0039194593462724,0.0,0.0,0.0,0,8192,16,6.0,5.459902474253302e-07,10074416.0,0.0177797000069404,0.0003043984841386,0.018084098491079,45064,256,qpsk,18,2,1697.692801261208,high_sparse,42001,N256_qpsk_high_sparse_S18_42001_d82a2a94
13,otfs:symbol:L8:K4,otfs,symbol,8,4,8938496.0,917504.0,12544.0,9868544.0,222240.0,10101024.0,2230280,1,10240,0.0019495572998041,0.0,0.0,0.0,0,8192,16,4.0,0.0001427367823285,10101024.0,0.0182590999902458,0.0002382922337236,0.0184973922239695,86024,256,qpsk,18,2,1697.692801261208,high_sparse,42001,N256_qpsk_high_sparse_S18_42001_d82a2a94
14,otfs:symbol:L8:K16,otfs,symbol,8,16,8938496.0,917504.0,12544.0,9868544.0,738432.0,10617216.0,2230280,1,10240,0.0019495572998041,0.0,0.0,0.0,0,8192,16,7.0,1.4097427823015286e-07,10230072.0,0.0183868000021902,0.0003459484821977,0.018732748484388,86024,256,qpsk,18,2,1697.692801261208,high_sparse,42001,N256_qpsk_high_sparse_S18_42001_d82a2a94
15,otfs:symbol:L16:K8,otfs,symbol,16,8,8938496.0,917504.0,24832.0,9880832.0,672832.0,10563904.0,2312200,1,10240,0.0006626992755635,0.0,0.0,0.0,0,8192,16,6.0,7.801695191495442e-07,10412336.0,0.0347873000137042,0.0006466922339203,0.0354339922476245,167944,256,qpsk,18,2,1697.692801261208,high_sparse,42001,N256_qpsk_high_sparse_S18_42001_d82a2a94
16,otfs:symbol:L32:K16,otfs,symbol,32,16,8938496.0,917504.0,49408.0,9905408.0,2360448.0,12276096.0,2476040,1,10240,0.0,0.0,0.0,0.0,0,8192,16,6.0,7.442667103195395e-07,10862896.0,0.0204074000066611,0.0007505109831871,0.0211579109898483,331784,256,qpsk,18,2,1697.692801261208,high_sparse,42001,N256_qpsk_high_sparse_S18_42001_d82a2a94
17,otfs:time:L0:K2,otfs,time,0,2,25600.0,0.0,3328.0,28928.0,74768.0,113936.0,71688,1,10240,0.0,0.0,0.0,0.0,0,8192,16,2.0,0.0110848391052332,113936.0,0.0005456999933812,0.0001562672376056,0.0007019672309869,24584,256,qpsk,18,2,1697.692801261208,high_sparse,42001,N256_qpsk_high_sparse_S18_42001_d82a2a94
18,otfs:time:L0:K4,otfs,time,0,4,25600.0,0.0,3328.0,28928.0,111648.0,150816.0,71688,1,10240,0.0,0.0,0.0,0.0,0,8192,16,4.0,9.03134034367984e-05,150816.0,0.0005302000063238,0.0003043234817486,0.0008345234880724,24584,256,qpsk,18,2,1697.692801261208,high_sparse,42001,N256_qpsk_high_sparse_S18_42001_d82a2a94
19,otfs:time:L0:K8,otfs,time,0,8,25600.0,0.0,3328.0,28928.0,185408.0,224576.0,71688,1,10240,0.0,0.0,0.0,0.0,0,8192,16,6.0,7.442667103195395e-07,187696.0,0.0005309999978635,0.0002188609849216,0.0007498609827852,24584,256,qpsk,18,2,1697.692801261208,high_sparse,42001,N256_qpsk_high_sparse_S18_42001_d82a2a94
20,otfs:time:L0:K16,otfs,time,0,16,25600.0,0.0,3328.0,28928.0,332928.0,372096.0,71688,1,10240,0.0,0.0,0.0,0.0,0,8192,16,6.0,7.442667103195395e-07,187696.0,0.0005247999943094,0.0002205672333619,0.0007453672276714,24584,256,qpsk,18,2,1697.692801261208,high_sparse,42001,N256_qpsk_high_sparse_S18_42001_d82a2a94
21,otfs:dense:L256:K0,otfs,dense,256,0,8938496.0,0.0,0.0,187895978.66666663,1605632.0,189511850.66666663,4243456,1,10240,0.0,0.0,0.0,0.0,0,8192,16,0.0,3.958457607653757e-16,189511850.66666663,0.0200871000124607,0.0004201297386206,0.0205072297510813,3145728,256,qpsk,18,2,1697.692801261208,high_sparse,42001,N256_qpsk_high_sparse_S18_42001_d82a2a94
22,afdm:symbol:L4:K2,afdm,symbol,4,2,7916032.0,917504.0,6400.0,8839936.0,91152.0,8941328.0,2189320,1,10240,0.0039702486493703,0.0,0.0,0.0,0,8192,16,2.0,0.0098277153594054,8941328.0,0.0095055999991018,0.0001371888270251,0.009642788826127,45064,256,qpsk,18,2,1697.692801261208,high_sparse,42001,N256_qpsk_high_sparse_S18_42001_d82a2a94
23,afdm:symbol:L4:K8,afdm,symbol,4,8,7916032.0,917504.0,6400.0,8839936.0,250944.0,9101120.0,2189320,1,10240,0.0039702486493703,0.0,0.0,0.0,0,8192,16,6.0,5.483569036354572e-07,9047856.0,0.0092772999923909,0.0001963513282272,0.0094736513206181,45064,256,qpsk,18,2,1697.692801261208,high_sparse,42001,N256_qpsk_high_sparse_S18_42001_d82a2a94
24,afdm:symbol:L8:K4,afdm,symbol,8,4,7916032.0,917504.0,12544.0,8846080.0,218144.0,9074464.0,2230280,1,10240,0.0019830281637646,0.0,0.0,0.0,0,8192,16,4.0,0.0001096047155427,9074464.0,0.0094930999912321,0.0001681888238773,0.0096612888151095,86024,256,qpsk,18,2,1697.692801261208,high_sparse,42001,N256_qpsk_high_sparse_S18_42001_d82a2a94
25,afdm:symbol:L8:K16,afdm,symbol,8,16,7916032.0,917504.0,12544.0,8846080.0,734336.0,9590656.0,2230280,1,10240,0.0019830281637646,0.0,0.0,0.0,0,8192,16,7.0,9.581392939184985e-08,9203512.0,0.0093186999874887,0.0002246825784051,0.0095433825658939,86024,256,qpsk,18,2,1697.692801261208,high_sparse,42001,N256_qpsk_high_sparse_S18_42001_d82a2a94
26,afdm:symbol:L16:K8,afdm,symbol,16,8,7916032.0,917504.0,24832.0,8858368.0,668736.0,9537344.0,2312200,1,10240,0.0007785538618334,0.0,0.0,0.0,0,8192,16,6.0,7.886431066099543e-07,9385776.0,0.0094578999851364,0.0002278638271629,0.0096857638122993,167944,256,qpsk,18,2,1697.692801261208,high_sparse,42001,N256_qpsk_high_sparse_S18_42001_d82a2a94
27,afdm:symbol:L32:K16,afdm,symbol,32,16,7916032.0,917504.0,49408.0,8882944.0,2356352.0,11249536.0,2476040,1,10240,0.0003036836792358,0.0,0.0,0.0,0,8192,16,6.0,8.526539654453925e-07,9836336.0,0.0094475999940186,0.0003282950779204,0.0097758950719391,331784,256,qpsk,18,2,1697.692801261208,high_sparse,42001,N256_qpsk_high_sparse_S18_42001_d82a2a94
28,afdm:time:L0:K2,afdm,time,0,2,51712.0,0.0,3328.0,55040.0,70672.0,135952.0,71688,1,10240,0.0,0.0,0.0,0.0,0,8192,16,2.0,0.0109671578177863,135952.0,0.0005221000028541,0.0001193513248973,0.0006414513277515,24584,256,qpsk,18,2,1697.692801261208,high_sparse,42001,N256_qpsk_high_sparse_S18_42001_d82a2a94
29,afdm:time:L0:K4,afdm,time,0,4,51712.0,0.0,3328.0,55040.0,107552.0,172832.0,71688,1,10240,0.0,0.0,0.0,0.0,0,8192,16,4.0,9.016337304000395e-05,172832.0,0.0005218000151216,0.0001523388305169,0.0006741388456386,24584,256,qpsk,18,2,1697.692801261208,high_sparse,42001,N256_qpsk_high_sparse_S18_42001_d82a2a94
30,afdm:time:L0:K8,afdm,time,0,8,51712.0,0.0,3328.0,55040.0,181312.0,246592.0,71688,1,10240,0.0,0.0,0.0,0.0,0,8192,16,6.0,7.341936350020835e-07,209712.0,0.0004991000023437,0.0001901950759157,0.0006892950782595,24584,256,qpsk,18,2,1697.692801261208,high_sparse,42001,N256_qpsk_high_sparse_S18_42001_d82a2a94
31,afdm:time:L0:K16,afdm,time,0,16,51712.0,0.0,3328.0,55040.0,328832.0,394112.0,71688,1,10240,0.0,0.0,0.0,0.0,0,8192,16,6.0,7.341936350020835e-07,209712.0,0.00049720001698,0.0002209138251738,0.0007181138421539,24584,256,qpsk,18,2,1697.692801261208,high_sparse,42001,N256_qpsk_high_sparse_S18_42001_d82a2a94
32,afdm:dense:L256:K0,afdm,dense,256,0,7916032.0,0.0,0.0,186873514.66666663,1601536.0,188485290.66666663,4243456,1,10240,0.0,0.0,0.0,0.0,0,8192,16,0.0,7.135623085061068e-16,188485290.66666663,0.0114925999951083,0.0003514575760301,0.0118440575711385,3145728,256,qpsk,18,2,1697.692801261208,high_sparse,42001,N256_qpsk_high_sparse_S18_42001_d82a2a94
0,ofdm:symbol:L4:K2,ofdm,symbol,4,2,6317056.0,917504.0,6400.0,7240960.0,85008.0,7336208.0,2189320,1,10240,0.0855700510389521,0.070556640625,0.0657958984375,0.0104260720071545,539,8192,16,2.0,0.1802967698721231,7336208.0,0.0093622999993385,0.0001323403367871,0.0094946403361256,45064,256,qpsk,18,2,1698.0545997351242,high_sparse,42002,N256_qpsk_high_sparse_S18_42002_f076225f
1,ofdm:symbol:L4:K8,ofdm,symbol,4,8,6317056.0,917504.0,6400.0,7240960.0,244800.0,7496000.0,2189320,1,10240,0.0855700510389521,0.029052734375,0.0316162109375,0.0075212220772179,259,8192,16,8.0,0.0162583992872397,7496000.0,0.0090773999982047,0.0002425028425215,0.0093199028407263,45064,256,qpsk,18,2,1698.0545997351242,high_sparse,42002,N256_qpsk_high_sparse_S18_42002_f076225f
2,ofdm:symbol:L8:K4,ofdm,symbol,8,4,6317056.0,917504.0,12544.0,7247104.0,212000.0,7469344.0,2230280,1,10240,0.0403600034847373,0.0194091796875,0.0216064453125,0.0083313621732844,177,8192,16,4.0,0.0426016965250553,7469344.0,0.0091506000026129,0.0001780528410756,0.0093286528436885,86024,256,qpsk,18,2,1698.0545997351242,high_sparse,42002,N256_qpsk_high_sparse_S18_42002_f076225f
3,ofdm:symbol:L8:K16,ofdm,symbol,8,16,6317056.0,917504.0,12544.0,7247104.0,728192.0,7985536.0,2230280,1,10240,0.0403600034847373,0.009765625,0.015380859375,0.0066473235210488,126,8192,16,16.0,0.0006543521164951,7985536.0,0.0091911000054096,0.0003971153356553,0.009588215341065,86024,256,qpsk,18,2,1698.0545997351242,high_sparse,42002,N256_qpsk_high_sparse_S18_42002_f076225f
4,ofdm:symbol:L16:K8,ofdm,symbol,16,8,6317056.0,917504.0,24832.0,7259392.0,662592.0,7932224.0,2312200,1,10240,0.0144572606865718,0.0045166015625,0.007080078125,0.0050366394368076,58,8192,16,8.0,0.0092285797432849,7932224.0,0.0094177000137278,0.0002697278424613,0.0096874278561892,167944,256,qpsk,18,2,1698.0545997351242,high_sparse,42002,N256_qpsk_high_sparse_S18_42002_f076225f
5,ofdm:symbol:L32:K16,ofdm,symbol,32,16,6317056.0,917504.0,49408.0,7283968.0,2350208.0,9644416.0,2476040,1,10240,0.0053166851598885,0.0030517578125,0.004638671875,0.0031794571476757,38,8192,16,16.0,0.00041831507839,9644416.0,0.0095875999977579,0.0006048965871024,0.0101924965848604,331784,256,qpsk,18,2,1698.0545997351242,high_sparse,42002,N256_qpsk_high_sparse_S18_42002_f076225f
6,ofdm:time:L0:K2,ofdm,time,0,2,25600.0,0.0,3328.0,28928.0,64528.0,103696.0,71688,1,10240,0.0,0.0289306640625,0.024658203125,0.0096180251970665,202,8192,16,2.0,0.0991150244332604,103696.0,0.0005227999936323,0.000129896590007,0.0006526965836394,24584,256,qpsk,18,2,1698.0545997351242,high_sparse,42002,N256_qpsk_high_sparse_S18_42002_f076225f
7,ofdm:time:L0:K4,ofdm,time,0,4,25600.0,0.0,3328.0,28928.0,101408.0,140576.0,71688,1,10240,0.0,0.006103515625,0.005859375,0.0029405181746448,48,8192,16,4.0,0.035025724454618,140576.0,0.0005187000060686,0.0001516153389468,0.0006703153450154,24584,256,qpsk,18,2,1698.0545997351242,high_sparse,42002,N256_qpsk_high_sparse_S18_42002_f076225f
8,ofdm:time:L0:K8,ofdm,time,0,8,25600.0,0.0,3328.0,28928.0,175168.0,214336.0,71688,1,10240,0.0,0.0020751953125,0.0028076171875,0.0027592571390339,23,8192,16,8.0,0.0075361773935806,214336.0,0.0004875000013271,0.0002201653388703,0.0007076653401975,24584,256,qpsk,18,2,1698.0545997351242,high_sparse,42002,N256_qpsk_high_sparse_S18_42002_f076225f
9,ofdm:time:L0:K16,ofdm,time,0,16,25600.0,0.0,3328.0,28928.0,322688.0,361856.0,71688,1,10240,0.0,0.0015869140625,0.0025634765625,0.0030020363572147,21,8192,16,16.0,0.0003099438055848,361856.0,0.0004889000119874,0.0003664340894112,0.0008553341013987,24584,256,qpsk,18,2,1698.0545997351242,high_sparse,42002,N256_qpsk_high_sparse_S18_42002_f076225f
10,ofdm:dense:L256:K0,ofdm,dense,256,0,6317056.0,0.0,0.0,185274538.66666663,1595392.0,186880170.66666663,4243456,1,10240,0.0,0.0015869140625,0.00244140625,0.0030675049451535,20,8192,16,0.0,6.576120552679406e-16,186880170.66666663,0.0116027000040048,0.0003853840900057,0.0119880840940106,3145728,256,qpsk,18,2,1698.0545997351242,high_sparse,42002,N256_qpsk_high_sparse_S18_42002_f076225f
11,otfs:symbol:L4:K2,otfs,symbol,4,2,8938496.0,917504.0,6400.0,9862400.0,95248.0,9967888.0,2189320,1,10240,0.0855322425548942,0.0694580078125,0.0689697265625,0.0090131657693549,565,8192,16,2.0,0.1763272951660151,9967888.0,0.0169298999971942,0.0001547820055004,0.0170846820026947,45064,256,qpsk,18,2,1698.0545997351242,high_sparse,42002,N256_qpsk_high_sparse_S18_42002_f076225f
12,otfs:symbol:L4:K8,otfs,symbol,4,8,8938496.0,917504.0,6400.0,9862400.0,255040.0,10127680.0,2189320,1,10240,0.0855322425548942,0.0272216796875,0.0308837890625,0.0108913355649799,253,8192,16,8.0,0.0160538148479363,10127680.0,0.016818099989905,0.0002986132574898,0.0171167132473948,45064,256,qpsk,18,2,1698.0545997351242,high_sparse,42002,N256_qpsk_high_sparse_S18_42002_f076225f
13,otfs:symbol:L8:K4,otfs,symbol,8,4,8938496.0,917504.0,12544.0,9868544.0,222240.0,10101024.0,2230280,1,10240,0.0414520195460174,0.021728515625,0.0224609375,0.0061350098903071,184,8192,16,4.0,0.0500108324808651,10101024.0,0.0170627000043168,0.0002121945052005,0.0172748945095174,86024,256,qpsk,18,2,1698.0545997351242,high_sparse,42002,N256_qpsk_high_sparse_S18_42002_f076225f
14,otfs:symbol:L8:K16,otfs,symbol,8,16,8938496.0,917504.0,12544.0,9868544.0,738432.0,10617216.0,2230280,1,10240,0.0414520195460174,0.012451171875,0.0146484375,0.0057498443140155,120,8192,16,16.0,0.0005029322450315,10617216.0,0.0168559000012464,0.0004595570069961,0.0173154570082426,86024,256,qpsk,18,2,1698.0545997351242,high_sparse,42002,N256_qpsk_high_sparse_S18_42002_f076225f
15,otfs:symbol:L16:K8,otfs,symbol,16,8,8938496.0,917504.0,24832.0,9880832.0,672832.0,10563904.0,2312200,1,10240,0.0172081637568619,0.0052490234375,0.006103515625,0.0047239791493936,50,8192,16,8.0,0.0095759559751482,10563904.0,0.0171749999863095,0.000355925759157,0.0175309257454666,167944,256,qpsk,18,2,1698.0545997351242,high_sparse,42002,N256_qpsk_high_sparse_S18_42002_f076225f
16,otfs:symbol:L32:K16,otfs,symbol,32,16,8938496.0,917504.0,49408.0,9905408.0,2360448.0,12276096.0,2476040,1,10240,1.1102230246251563e-16,0.0023193359375,0.002685546875,0.0029296875,22,8192,16,16.0,0.0002988067441717,12276096.0,0.0174251999851549,0.000728094507229,0.0181532944923839,331784,256,qpsk,18,2,1698.0545997351242,high_sparse,42002,N256_qpsk_high_sparse_S18_42002_f076225f
17,otfs:time:L0:K2,otfs,time,0,2,25600.0,0.0,3328.0,28928.0,74768.0,113936.0,71688,1,10240,0.0,0.02685546875,0.02392578125,0.0084835500673239,196,8192,16,2.0,0.097629633903438,113936.0,0.0005648999940603,0.0001566882572826,0.000721588251343,24584,256,qpsk,18,2,1698.0545997351242,high_sparse,42002,N256_qpsk_high_sparse_S18_42002_f076225f
18,otfs:time:L0:K4,otfs,time,0,4,25600.0,0.0,3328.0,28928.0,111648.0,150816.0,71688,1,10240,0.0,0.0059814453125,0.005615234375,0.0027506028872757,46,8192,16,4.0,0.0342876905701698,150816.0,0.000567700000829,0.0002536007567124,0.0008213007575415,24584,256,qpsk,18,2,1698.0545997351242,high_sparse,42002,N256_qpsk_high_sparse_S18_42002_f076225f
19,otfs:time:L0:K8,otfs,time,0,8,25600.0,0.0,3328.0,28928.0,185408.0,224576.0,71688,1,10240,0.0,0.0023193359375,0.0028076171875,0.0028499344310691,23,8192,16,8.0,0.0074234923361555,224576.0,0.0005522999999811,0.0003163195095277,0.0008686195095089,24584,256,qpsk,18,2,1698.0545997351242,high_sparse,42002,N256_qpsk_high_sparse_S18_42002_f076225f
20,otfs:time:L0:K16,otfs,time,0,16,25600.0,0.0,3328.0,28928.0,332928.0,372096.0,71688,1,10240,0.0,0.0023193359375,0.002685546875,0.0029296875,22,8192,16,16.0,0.0002988067441717,372096.0,0.0006378999969456,0.0004333320110328,0.0010712320079784,24584,256,qpsk,18,2,1698.0545997351242,high_sparse,42002,N256_qpsk_high_sparse_S18_42002_f076225f
21,otfs:dense:L256:K0,otfs,dense,256,0,8938496.0,0.0,0.0,187895978.66666663,1605632.0,189511850.66666663,4243456,1,10240,0.0,0.002197265625,0.0025634765625,0.0028275377426079,21,8192,16,0.0,3.5459341043821064e-16,189511850.66666663,0.0198517999815521,0.0005534445079485,0.0204052444895007,3145728,256,qpsk,18,2,1698.0545997351242,high_sparse,42002,N256_qpsk_high_sparse_S18_42002_f076225f
22,afdm:symbol:L4:K2,afdm,symbol,4,2,7916032.0,917504.0,6400.0,8839936.0,91152.0,8941328.0,2189320,1,10240,0.0861355882380557,0.0731201171875,0.0611572265625,0.0140610305583536,501,8192,16,2.0,0.1763321246208538,8941328.0,0.0098432999948272,0.0001375676127171,0.0099808676075443,45064,256,qpsk,18,2,1698.0545997351242,high_sparse,42002,N256_qpsk_high_sparse_S18_42002_f076225f
23,afdm:symbol:L4:K8,afdm,symbol,4,8,7916032.0,917504.0,6400.0,8839936.0,250944.0,9101120.0,2189320,1,10240,0.0861355882380557,0.0291748046875,0.02734375,0.0104572776069069,224,8192,16,8.0,0.0163416394230666,9101120.0,0.0096102999959839,0.0002595988633291,0.0098698988593131,45064,256,qpsk,18,2,1698.0545997351242,high_sparse,42002,N256_qpsk_high_sparse_S18_42002_f076225f
24,afdm:symbol:L8:K4,afdm,symbol,8,4,7916032.0,917504.0,12544.0,8846080.0,218144.0,9074464.0,2230280,1,10240,0.0423799251976815,0.0174560546875,0.01953125,0.0081938191263293,160,8192,16,4.0,0.0455015049100055,9074464.0,0.0099428999965311,0.0001788488641867,0.0101217488607179,86024,256,qpsk,18,2,1698.0545997351242,high_sparse,42002,N256_qpsk_high_sparse_S18_42002_f076225f
25,afdm:symbol:L8:K16,afdm,symbol,8,16,7916032.0,917504.0,12544.0,8846080.0,734336.0,9590656.0,2230280,1,10240,0.0423799251976815,0.012939453125,0.013916015625,0.0066089548108158,114,8192,16,16.0,0.0005405987074596,9590656.0,0.0097666999936336,0.000438092614593,0.0102047926082267,86024,256,qpsk,18,2,1698.0545997351242,high_sparse,42002,N256_qpsk_high_sparse_S18_42002_f076225f
26,afdm:symbol:L16:K8,afdm,symbol,16,8,7916032.0,917504.0,24832.0,8858368.0,668736.0,9537344.0,2312200,1,10240,0.0184598251710238,0.0045166015625,0.006103515625,0.0040891429029797,50,8192,16,8.0,0.0105195536690167,9537344.0,0.0100749999983236,0.000273823860687,0.0103488238590106,167944,256,qpsk,18,2,1698.0545997351242,high_sparse,42002,N256_qpsk_high_sparse_S18_42002_f076225f
27,afdm:symbol:L32:K16,afdm,symbol,32,16,7916032.0,917504.0,49408.0,8882944.0,2356352.0,11249536.0,2476040,1,10240,0.0060198529751519,0.0040283203125,0.0030517578125,0.0022517478653022,25,8192,16,16.0,0.0003967372760383,11249536.0,0.0102388999948743,0.0006605176065821,0.0108994176014565,331784,256,qpsk,18,2,1698.0545997351242,high_sparse,42002,N256_qpsk_high_sparse_S18_42002_f076225f
28,afdm:time:L0:K2,afdm,time,0,2,51712.0,0.0,3328.0,55040.0,70672.0,135952.0,71688,1,10240,0.0,0.0269775390625,0.0242919921875,0.0080677302938761,199,8192,16,2.0,0.0982581772574404,135952.0,0.0005419000081019,0.0001222113631118,0.0006641113712138,24584,256,qpsk,18,2,1698.0545997351242,high_sparse,42002,N256_qpsk_high_sparse_S18_42002_f076225f
29,afdm:time:L0:K4,afdm,time,0,4,51712.0,0.0,3328.0,55040.0,107552.0,172832.0,71688,1,10240,0.0,0.00537109375,0.0050048828125,0.0039688185638352,41,8192,16,4.0,0.0342784219017463,172832.0,0.0005455999926198,0.0001545363618678,0.0007001363544876,24584,256,qpsk,18,2,1698.0545997351242,high_sparse,42002,N256_qpsk_high_sparse_S18_42002_f076225f
30,afdm:time:L0:K8,afdm,time,0,8,51712.0,0.0,3328.0,55040.0,181312.0,246592.0,71688,1,10240,0.0,0.001953125,0.0023193359375,0.0019161539912449,19,8192,16,8.0,0.0075448966540079,246592.0,0.0005238000012468,0.0002321613581333,0.0007559613593801,24584,256,qpsk,18,2,1698.0545997351242,high_sparse,42002,N256_qpsk_high_sparse_S18_42002_f076225f
31,afdm:time:L0:K16,afdm,time,0,16,51712.0,0.0,3328.0,55040.0,328832.0,394112.0,71688,1,10240,0.0,0.0020751953125,0.001953125,0.0017469281074217,16,8192,16,16.0,0.0002950443176699,394112.0,0.0005176999984541,0.0003733488581818,0.000891048856636,24584,256,qpsk,18,2,1698.0545997351242,high_sparse,42002,N256_qpsk_high_sparse_S18_42002_f076225f
32,afdm:dense:L256:K0,afdm,dense,256,0,7916032.0,0.0,0.0,186873514.66666663,1601536.0,188485290.66666663,4243456,1,10240,0.0,0.0020751953125,0.001953125,0.0017469281074217,16,8192,16,0.0,6.797532296664407e-16,188485290.66666663,0.0124837999901501,0.0004073238613162,0.0128911238514664,3145728,256,qpsk,18,2,1698.0545997351242,high_sparse,42002,N256_qpsk_high_sparse_S18_42002_f076225f
0,ofdm:symbol:L4:K2,ofdm,symbol,4,2,6317056.0,917504.0,6400.0,7240960.0,85008.0,7336208.0,2189320,1,10240,0.1205199811555618,0.008056640625,0.0074462890625,0.0032851810220033,61,8192,16,2.0,0.145501205759886,7336208.0,0.0091442999982973,0.0001210729185252,0.0092653729168225,45064,256,qpsk,18,2,2144.5539250124293,high_sparse,42003,N256_qpsk_high_sparse_S18_42003_136affb1
1,ofdm:symbol:L4:K8,ofdm,symbol,4,8,6317056.0,917504.0,6400.0,7240960.0,244800.0,7496000.0,2189320,1,10240,0.1205199811555618,0.0260009765625,0.02880859375,0.0104936930773222,236,8192,16,8.0,0.0044629505118333,7496000.0,0.0088977000123122,0.0002383541657102,0.0091360541780225,45064,256,qpsk,18,2,2144.5539250124293,high_sparse,42003,N256_qpsk_high_sparse_S18_42003_136affb1
2,ofdm:symbol:L8:K4,ofdm,symbol,8,4,6317056.0,917504.0,12544.0,7247104.0,212000.0,7469344.0,2230280,1,10240,0.0441120452092672,0.0009765625,0.00146484375,0.0018182604223657,12,8192,16,4.0,0.0469050648075376,7469344.0,0.0088387000141665,0.0001616541701216,0.0090003541842882,86024,256,qpsk,18,2,2144.5539250124293,high_sparse,42003,N256_qpsk_high_sparse_S18_42003_136affb1
3,ofdm:symbol:L8:K16,ofdm,symbol,8,16,6317056.0,917504.0,12544.0,7247104.0,728192.0,7985536.0,2230280,1,10240,0.0441120452092672,0.010498046875,0.0111083984375,0.0066413430218434,91,8192,16,16.0,7.337303211884745e-05,7985536.0,0.008893900012481,0.0003969666629266,0.0092908666754076,86024,256,qpsk,18,2,2144.5539250124293,high_sparse,42003,N256_qpsk_high_sparse_S18_42003_136affb1
4,ofdm:symbol:L16:K8,ofdm,symbol,16,8,6317056.0,917504.0,24832.0,7259392.0,662592.0,7932224.0,2312200,1,10240,0.0175847801768663,0.0008544921875,0.0001220703125,0.00048828125,1,8192,16,8.0,0.0021096815585325,7932224.0,0.0089895999990403,0.0002708479139321,0.0092604479129725,167944,256,qpsk,18,2,2144.5539250124293,high_sparse,42003,N256_qpsk_high_sparse_S18_42003_136affb1
5,ofdm:symbol:L32:K16,ofdm,symbol,32,16,6317056.0,917504.0,49408.0,7283968.0,2350208.0,9644416.0,2476040,1,10240,0.0084120067752558,0.0,0.0,0.0,0,8192,16,16.0,2.1291579986937558e-06,9644416.0,0.009236800004146,0.000591185419332,0.0098279854234781,331784,256,qpsk,18,2,2144.5539250124293,high_sparse,42003,N256_qpsk_high_sparse_S18_42003_136affb1
6,ofdm:time:L0:K2,ofdm,time,0,2,25600.0,0.0,3328.0,28928.0,64528.0,103696.0,71688,1,10240,0.0,0.0,0.0,0.0,0,8192,16,2.0,0.0888422596726615,103696.0,0.0005313000001478,0.0001405229147415,0.0006718229148894,24584,256,qpsk,18,2,2144.5539250124293,high_sparse,42003,N256_qpsk_high_sparse_S18_42003_136affb1
7,ofdm:time:L0:K4,ofdm,time,0,4,25600.0,0.0,3328.0,28928.0,101408.0,140576.0,71688,1,10240,0.0,0.0,0.0,0.0,0,8192,16,4.0,0.0099059325393892,140576.0,0.0005155999970156,0.0001608979180012,0.0006764979150168,24584,256,qpsk,18,2,2144.5539250124293,high_sparse,42003,N256_qpsk_high_sparse_S18_42003_136affb1
8,ofdm:time:L0:K8,ofdm,time,0,8,25600.0,0.0,3328.0,28928.0,175168.0,214336.0,71688,1,10240,0.0,0.0,0.0,0.0,0,8192,16,8.0,9.980243145349249e-05,214336.0,0.0005037000082666,0.0002160354131113,0.0007197354213779,24584,256,qpsk,18,2,2144.5539250124293,high_sparse,42003,N256_qpsk_high_sparse_S18_42003_136affb1
9,ofdm:time:L0:K16,ofdm,time,0,16,25600.0,0.0,3328.0,28928.0,322688.0,361856.0,71688,1,10240,0.0,0.0,0.0,0.0,0,8192,16,12.5625,6.001273947034401e-07,298468.5,0.0005067000020062,0.0002979604175627,0.000804660419569,24584,256,qpsk,18,2,2144.5539250124293,high_sparse,42003,N256_qpsk_high_sparse_S18_42003_136affb1
10,ofdm:dense:L256:K0,ofdm,dense,256,0,6317056.0,0.0,0.0,185274538.66666663,1595392.0,186880170.66666663,4243456,1,10240,0.0,0.0,0.0,0.0,0,8192,16,0.0,8.200142305753897e-16,186880170.66666663,0.0110737000068183,0.000357204168474,0.0114309041752924,3145728,256,qpsk,18,2,2144.5539250124293,high_sparse,42003,N256_qpsk_high_sparse_S18_42003_136affb1
11,otfs:symbol:L4:K2,otfs,symbol,4,2,8938496.0,917504.0,6400.0,9862400.0,95248.0,9967888.0,2189320,1,10240,0.1278469731171319,0.010986328125,0.0123291015625,0.0064470385157351,101,8192,16,2.0,0.1181557825738915,9967888.0,0.0162171999836573,0.0001673151557704,0.0163845151394277,45064,256,qpsk,18,2,2144.5539250124293,high_sparse,42003,N256_qpsk_high_sparse_S18_42003_136affb1
12,otfs:symbol:L4:K8,otfs,symbol,4,8,8938496.0,917504.0,6400.0,9862400.0,255040.0,10127680.0,2189320,1,10240,0.1278469731171319,0.0281982421875,0.0283203125,0.0076480078935356,232,8192,16,8.0,0.0003034638155671,10127680.0,0.0164564999868161,0.0002749526486447,0.0167314526354609,45064,256,qpsk,18,2,2144.5539250124293,high_sparse,42003,N256_qpsk_high_sparse_S18_42003_136affb1
13,otfs:symbol:L8:K4,otfs,symbol,8,4,8938496.0,917504.0,12544.0,9868544.0,222240.0,10101024.0,2230280,1,10240,0.054409316610631,0.0015869140625,0.0018310546875,0.0021945512748285,15,8192,16,4.0,0.0248021938138982,10101024.0,0.0161954999930458,0.000200958900016,0.0163964588930618,86024,256,qpsk,18,2,2144.5539250124293,high_sparse,42003,N256_qpsk_high_sparse_S18_42003_136affb1
14,otfs:symbol:L8:K16,otfs,symbol,8,16,8938496.0,917504.0,12544.0,9868544.0,738432.0,10617216.0,2230280,1,10240,0.054409316610631,0.0025634765625,0.002685546875,0.0022411346976638,22,8192,16,15.3125,7.774230412935036e-07,10587642.5,0.0160767000052146,0.0004903964029588,0.0165670964081734,86024,256,qpsk,18,2,2144.5539250124293,high_sparse,42003,N256_qpsk_high_sparse_S18_42003_136affb1
15,otfs:symbol:L16:K8,otfs,symbol,16,8,8938496.0,917504.0,24832.0,9880832.0,672832.0,10563904.0,2312200,1,10240,0.0188544862755104,0.0,0.0,0.0,0,8192,16,8.0,0.000282166183643,10563904.0,0.0163979999924777,0.0003852026514075,0.0167832026438852,167944,256,qpsk,18,2,2144.5539250124293,high_sparse,42003,N256_qpsk_high_sparse_S18_42003_136affb1
16,otfs:symbol:L32:K16,otfs,symbol,32,16,8938496.0,917504.0,49408.0,9905408.0,2360448.0,12276096.0,2476040,1,10240,0.0,0.0,0.0,0.0,0,8192,16,12.75,4.779141276187136e-07,11816806.0,0.0165229999838629,0.0005538401503806,0.0170768401342436,331784,256,qpsk,18,2,2144.5539250124293,high_sparse,42003,N256_qpsk_high_sparse_S18_42003_136affb1
17,otfs:time:L0:K2,otfs,time,0,2,25600.0,0.0,3328.0,28928.0,74768.0,113936.0,71688,1,10240,0.0,0.0,0.0,0.0,0,8192,16,2.0,0.0876049525577474,113936.0,0.000527799988049,0.0001778401531489,0.000705640141198,24584,256,qpsk,18,2,2144.5539250124293,high_sparse,42003,N256_qpsk_high_sparse_S18_42003_136affb1
18,otfs:time:L0:K4,otfs,time,0,4,25600.0,0.0,3328.0,28928.0,111648.0,150816.0,71688,1,10240,0.0,0.0,0.0,0.0,0,8192,16,4.0,0.009573110372109,150816.0,0.0004966999986208,0.0002030026528452,0.0006997026514661,24584,256,qpsk,18,2,2144.5539250124293,high_sparse,42003,N256_qpsk_high_sparse_S18_42003_136affb1
19,otfs:time:L0:K8,otfs,time,0,8,25600.0,0.0,3328.0,28928.0,185408.0,224576.0,71688,1,10240,0.0,0.0,0.0,0.0,0,8192,16,8.0,9.84814925159706e-05,224576.0,0.0005023999983677,0.0002620214029527,0.0007644214013205,24584,256,qpsk,18,2,2144.5539250124293,high_sparse,42003,N256_qpsk_high_sparse_S18_42003_136affb1
20,otfs:time:L0:K16,otfs,time,0,16,25600.0,0.0,3328.0,28928.0,332928.0,372096.0,71688,1,10240,0.0,0.0,0.0,0.0,0,8192,16,12.75,4.779141276187136e-07,312166.0,0.0005068999889772,0.0003738401549278,0.000880740143905,24584,256,qpsk,18,2,2144.5539250124293,high_sparse,42003,N256_qpsk_high_sparse_S18_42003_136affb1
21,otfs:dense:L256:K0,otfs,dense,256,0,8938496.0,0.0,0.0,187895978.66666663,1605632.0,189511850.66666663,4243456,1,10240,0.0,0.0,0.0,0.0,0,8192,16,0.0,3.9810056885535567e-16,189511850.66666663,0.0197906999965198,0.0005689651527725,0.0203596651492923,3145728,256,qpsk,18,2,2144.5539250124293,high_sparse,42003,N256_qpsk_high_sparse_S18_42003_136affb1
22,afdm:symbol:L4:K2,afdm,symbol,4,2,7916032.0,917504.0,6400.0,8839936.0,91152.0,8941328.0,2189320,1,10240,0.1303420353374822,0.009033203125,0.00830078125,0.0052164650062526,68,8192,16,2.0,0.1166364616930913,8941328.0,0.0105542999954195,0.0001252128797315,0.010679512875151,45064,256,qpsk,18,2,2144.5539250124293,high_sparse,42003,N256_qpsk_high_sparse_S18_42003_136affb1
23,afdm:symbol:L4:K8,afdm,symbol,4,8,7916032.0,917504.0,6400.0,8839936.0,250944.0,9101120.0,2189320,1,10240,0.1303420353374822,0.0286865234375,0.027099609375,0.0093498740991829,222,8192,16,8.0,0.0002057422574438,9101120.0,0.0105973999889101,0.0002488316260606,0.0108462316149708,45064,256,qpsk,18,2,2144.5539250124293,high_sparse,42003,N256_qpsk_high_sparse_S18_42003_136affb1
24,afdm:symbol:L8:K4,afdm,symbol,8,4,7916032.0,917504.0,12544.0,8846080.0,218144.0,9074464.0,2230280,1,10240,0.0594781573940371,0.003173828125,0.0030517578125,0.0026654968874914,25,8192,16,4.0,0.0316364086162839,9074464.0,0.0103494000068167,0.0002128191283301,0.0105622191351468,86024,256,qpsk,18,2,2144.5539250124293,high_sparse,42003,N256_qpsk_high_sparse_S18_42003_136affb1
25,afdm:symbol:L8:K16,afdm,symbol,8,16,7916032.0,917504.0,12544.0,8846080.0,734336.0,9590656.0,2230280,1,10240,0.0594781573940371,0.0059814453125,0.0054931640625,0.0037207757470493,45,8192,16,16.0,2.673728712690392e-06,9590656.0,0.010519799994654,0.0004541566288136,0.0109739566234676,86024,256,qpsk,18,2,2144.5539250124293,high_sparse,42003,N256_qpsk_high_sparse_S18_42003_136affb1
26,afdm:symbol:L16:K8,afdm,symbol,16,8,7916032.0,917504.0,24832.0,8858368.0,668736.0,9537344.0,2312200,1,10240,0.0297398109633244,0.0006103515625,0.0003662109375,0.0007873298582322,3,8192,16,8.0,0.0012414017409775,9537344.0,0.0105165999993914,0.0002776878802361,0.0107942878796276,167944,256,qpsk,18,2,2144.5539250124293,high_sparse,42003,N256_qpsk_high_sparse_S18_42003_136affb1
27,afdm:symbol:L32:K16,afdm,symbol,32,16,7916032.0,917504.0,49408.0,8882944.0,2356352.0,11249536.0,2476040,1,10240,0.0134019451845619,0.0,0.0,0.0,0,8192,16,16.0,9.717243145895916e-06,11249536.0,0.0105475999880582,0.0007677878740761,0.0113153878621343,331784,256,qpsk,18,2,2144.5539250124293,high_sparse,42003,N256_qpsk_high_sparse_S18_42003_136affb1
28,afdm:time:L0:K2,afdm,time,0,2,51712.0,0.0,3328.0,55040.0,70672.0,135952.0,71688,1,10240,0.0,0.0,0.0,0.0,0,8192,16,2.0,0.0908039310852039,135952.0,0.0005444999842438,0.0001427941271796,0.0006872941114235,24584,256,qpsk,18,2,2144.5539250124293,high_sparse,42003,N256_qpsk_high_sparse_S18_42003_136affb1
29,afdm:time:L0:K4,afdm,time,0,4,51712.0,0.0,3328.0,55040.0,107552.0,172832.0,71688,1,10240,0.0,0.0,0.0,0.0,0,8192,16,4.0,0.0098394124217231,172832.0,0.0005668999947374,0.0001893128766934,0.0007562128714308,24584,256,qpsk,18,2,2144.5539250124293,high_sparse,42003,N256_qpsk_high_sparse_S18_42003_136affb1
30,afdm:time:L0:K8,afdm,time,0,8,51712.0,0.0,3328.0,55040.0,181312.0,246592.0,71688,1,10240,0.0,0.0,0.0,0.0,0,8192,16,8.0,0.0001009854017047,246592.0,0.0005404999974416,0.0002243878791088,0.0007648878765504,24584,256,qpsk,18,2,2144.5539250124293,high_sparse,42003,N256_qpsk_high_sparse_S18_42003_136affb1
31,afdm:time:L0:K16,afdm,time,0,16,51712.0,0.0,3328.0,55040.0,328832.0,394112.0,71688,1,10240,0.0,0.0,0.0,0.0,0,8192,16,12.8125,4.536402482926904e-07,335334.5,0.0005521999992197,0.0003298878766255,0.0008820878758452,24584,256,qpsk,18,2,2144.5539250124293,high_sparse,42003,N256_qpsk_high_sparse_S18_42003_136affb1
32,afdm:dense:L256:K0,afdm,dense,256,0,7916032.0,0.0,0.0,186873514.66666663,1601536.0,188485290.66666663,4243456,1,10240,0.0,0.0,0.0,0.0,0,8192,16,0.0,7.517310246183146e-16,188485290.66666663,0.0129363000014564,0.0003763941315011,0.0133126941329575,3145728,256,qpsk,18,2,2144.5539250124293,high_sparse,42003,N256_qpsk_high_sparse_S18_42003_136affb1
0,ofdm:symbol:L4:K2,ofdm,symbol,4,2,6317056.0,917504.0,6400.0,7240960.0,85008.0,7336208.0,2189320,1,10240,0.0039773271745912,0.0028076171875,0.0023193359375,0.0024929455727273,19,8192,16,2.0,0.0080614271414019,7336208.0,0.0092698999942513,0.0001205751899981,0.0093904751842494,45064,256,qpsk,8,2,1697.692801261208,high_sparse,42001,N256_qpsk_high_sparse_S8_42001_e5560a9b
1,ofdm:symbol:L4:K8,ofdm,symbol,4,8,6317056.0,917504.0,6400.0,7240960.0,244800.0,7496000.0,2189320,1,10240,0.0039773271745912,0.0029296875,0.0023193359375,0.0024929455727273,19,8192,16,6.0,3.0106328399262374e-07,7442736.0,0.0087397000024793,0.0001886314370715,0.0089283314395508,45064,256,qpsk,8,2,1697.692801261208,high_sparse,42001,N256_qpsk_high_sparse_S8_42001_e5560a9b
2,ofdm:symbol:L8:K4,ofdm,symbol,8,4,6317056.0,917504.0,12544.0,7247104.0,212000.0,7469344.0,2230280,1,10240,0.0020416105643882,0.002197265625,0.001953125,0.0018868980138267,16,8192,16,4.0,7.074976962104591e-05,7469344.0,0.0087089999869931,0.0001657689394271,0.0088747689264202,86024,256,qpsk,8,2,1697.692801261208,high_sparse,42001,N256_qpsk_high_sparse_S8_42001_e5560a9b
3,ofdm:symbol:L8:K16,ofdm,symbol,8,16,6317056.0,917504.0,12544.0,7247104.0,728192.0,7985536.0,2230280,1,10240,0.0020416105643882,0.002197265625,0.001953125,0.0018868980138267,16,8192,16,6.0,5.142031421428498e-07,7555376.0,0.0087885999964782,0.0002034189387124,0.0089920189351907,86024,256,qpsk,8,2,1697.692801261208,high_sparse,42001,N256_qpsk_high_sparse_S8_42001_e5560a9b
4,ofdm:symbol:L16:K8,ofdm,symbol,16,8,6317056.0,917504.0,24832.0,7259392.0,662592.0,7932224.0,2312200,1,10240,0.0008119866020772,0.0020751953125,0.001953125,0.0022552744890219,16,8192,16,6.0,4.32615119294525e-07,7780656.0,0.0094285999948624,0.0002235876894921,0.0096521876843546,167944,256,qpsk,8,2,1697.692801261208,high_sparse,42001,N256_qpsk_high_sparse_S8_42001_e5560a9b
5,ofdm:symbol:L32:K16,ofdm,symbol,32,16,6317056.0,917504.0,49408.0,7283968.0,2350208.0,9644416.0,2476040,1,10240,0.0003071475934167,0.0020751953125,0.0018310546875,0.0021945512748285,15,8192,16,6.0,4.360379057895906e-07,8231216.0,0.0093027999973855,0.0002898251872686,0.0095926251846542,331784,256,qpsk,8,2,1697.692801261208,high_sparse,42001,N256_qpsk_high_sparse_S8_42001_e5560a9b
6,ofdm:time:L0:K2,ofdm,time,0,2,25600.0,0.0,3328.0,28928.0,64528.0,103696.0,71688,1,10240,0.0,0.0020751953125,0.001953125,0.0021395412402545,16,8192,16,2.0,0.0090622539214249,103696.0,0.0005318999901646,0.0001114689361422,0.0006433689263069,24584,256,qpsk,8,2,1697.692801261208,high_sparse,42001,N256_qpsk_high_sparse_S8_42001_e5560a9b
7,ofdm:time:L0:K4,ofdm,time,0,4,25600.0,0.0,3328.0,28928.0,101408.0,140576.0,71688,1,10240,0.0,0.0020751953125,0.0018310546875,0.0021945512748285,15,8192,16,4.0,6.019388784831813e-05,140576.0,0.0005457999941427,0.0001737251854358,0.0007195251795785,24584,256,qpsk,8,2,1697.692801261208,high_sparse,42001,N256_qpsk_high_sparse_S8_42001_e5560a9b
8,ofdm:time:L0:K8,ofdm,time,0,8,25600.0,0.0,3328.0,28928.0,175168.0,214336.0,71688,1,10240,0.0,0.0020751953125,0.0018310546875,0.0021945512748285,15,8192,16,6.0,4.000634060810712e-07,177456.0,0.0005272999987937,0.0001958126890024,0.0007231126877961,24584,256,qpsk,8,2,1697.692801261208,high_sparse,42001,N256_qpsk_high_sparse_S8_42001_e5560a9b
9,ofdm:time:L0:K16,ofdm,time,0,16,25600.0,0.0,3328.0,28928.0,322688.0,361856.0,71688,1,10240,0.0,0.0020751953125,0.0018310546875,0.0021945512748285,15,8192,16,6.0,4.000634060810712e-07,177456.0,0.0005114999949,0.000196887686274,0.0007083876811741,24584,256,qpsk,8,2,1697.692801261208,high_sparse,42001,N256_qpsk_high_sparse_S8_42001_e5560a9b
10,ofdm:dense:L256:K0,ofdm,dense,256,0,6317056.0,0.0,0.0,185274538.66666663,1595392.0,186880170.66666663,4243456,1,10240,0.0,0.0020751953125,0.0018310546875,0.0021945512748285,15,8192,16,0.0,7.03926993067747e-16,186880170.66666663,0.0111716000101296,0.0003575876848337,0.0115291876949634,3145728,256,qpsk,8,2,1697.692801261208,high_sparse,42001,N256_qpsk_high_sparse_S8_42001_e5560a9b
11,otfs:symbol:L4:K2,otfs,symbol,4,2,8938496.0,917504.0,6400.0,9862400.0,95248.0,9967888.0,2189320,1,10240,0.0039194593462724,0.0020751953125,0.00244140625,0.0015128841196122,20,8192,16,2.0,0.0079279721529305,9967888.0,0.0173939999949652,0.000151987693519,0.0175459876884843,45064,256,qpsk,8,2,1697.692801261208,high_sparse,42001,N256_qpsk_high_sparse_S8_42001_e5560a9b
12,otfs:symbol:L4:K8,otfs,symbol,4,8,8938496.0,917504.0,6400.0,9862400.0,255040.0,10127680.0,2189320,1,10240,0.0039194593462724,0.0020751953125,0.002685546875,0.0017286351624155,22,8192,16,6.0,2.935272822073057e-07,10074416.0,0.0172713999927509,0.0002294064391235,0.0175008064318745,45064,256,qpsk,8,2,1697.692801261208,high_sparse,42001,N256_qpsk_high_sparse_S8_42001_e5560a9b
13,otfs:symbol:L8:K4,otfs,symbol,8,4,8938496.0,917504.0,12544.0,9868544.0,222240.0,10101024.0,2230280,1,10240,0.0019495572998041,0.001953125,0.0023193359375,0.0020445714514898,19,8192,16,4.0,9.47293197746638e-05,10101024.0,0.0178761999850394,0.0001991501897491,0.0180753501747886,86024,256,qpsk,8,2,1697.692801261208,high_sparse,42001,N256_qpsk_high_sparse_S8_42001_e5560a9b
14,otfs:symbol:L8:K16,otfs,symbol,8,16,8938496.0,917504.0,12544.0,9868544.0,738432.0,10617216.0,2230280,1,10240,0.0019495572998041,0.001953125,0.0023193359375,0.0020445714514898,19,8192,16,6.0,7.618338292504209e-07,10187056.0,0.01732319999428,0.000267275192803,0.017590475187083,86024,256,qpsk,8,2,1697.692801261208,high_sparse,42001,N256_qpsk_high_sparse_S8_42001_e5560a9b
15,otfs:symbol:L16:K8,otfs,symbol,16,8,8938496.0,917504.0,24832.0,9880832.0,672832.0,10563904.0,2312200,1,10240,0.0006626992755635,0.00244140625,0.001708984375,0.0015746597164645,14,8192,16,6.0,4.217824707404941e-07,10412336.0,0.0178986999962944,0.0002516876905274,0.0181503876868219,167944,256,qpsk,8,2,1697.692801261208,high_sparse,42001,N256_qpsk_high_sparse_S8_42001_e5560a9b
16,otfs:symbol:L32:K16,otfs,symbol,32,16,8938496.0,917504.0,49408.0,9905408.0,2360448.0,12276096.0,2476040,1,10240,0.0,0.001953125,0.001953125,0.0018868980138267,16,8192,16,6.0,4.009246767081602e-07,10862896.0,0.0180042999854777,0.0002916814412883,0.018295981426766,331784,256,qpsk,8,2,1697.692801261208,high_sparse,42001,N256_qpsk_high_sparse_S8_42001_e5560a9b
17,otfs:time:L0:K2,otfs,time,0,2,25600.0,0.0,3328.0,28928.0,74768.0,113936.0,71688,1,10240,0.0,0.0020751953125,0.001953125,0.0018868980138267,16,8192,16,2.0,0.0090332855151484,113936.0,0.0004742999881273,0.0001494001883684,0.0006237001764957,24584,256,qpsk,8,2,1697.692801261208,high_sparse,42001,N256_qpsk_high_sparse_S8_42001_e5560a9b
18,otfs:time:L0:K4,otfs,time,0,4,25600.0,0.0,3328.0,28928.0,111648.0,150816.0,71688,1,10240,0.0,0.001953125,0.001953125,0.0018868980138267,16,8192,16,4.0,5.974864977820421e-05,150816.0,0.0004862999921897,0.0001825876864159,0.0006688876786056,24584,256,qpsk,8,2,1697.692801261208,high_sparse,42001,N256_qpsk_high_sparse_S8_42001_e5560a9b
19,otfs:time:L0:K8,otfs,time,0,8,25600.0,0.0,3328.0,28928.0,185408.0,224576.0,71688,1,10240,0.0,0.001953125,0.001953125,0.0018868980138267,16,8192,16,6.0,4.0092467670816e-07,187696.0,0.0004669000045396,0.0002311564378969,0.0006980564424366,24584,256,qpsk,8,2,1697.692801261208,high_sparse,42001,N256_qpsk_high_sparse_S8_42001_e5560a9b
20,otfs:time:L0:K16,otfs,time,0,16,25600.0,0.0,3328.0,28928.0,332928.0,372096.0,71688,1,10240,0.0,0.001953125,0.001953125,0.0018868980138267,16,8192,16,6.0,4.0092467670816e-07,187696.0,0.0004747999919345,0.0002285064450034,0.0007033064369379,24584,256,qpsk,8,2,1697.692801261208,high_sparse,42001,N256_qpsk_high_sparse_S8_42001_e5560a9b
21,otfs:dense:L256:K0,otfs,dense,256,0,8938496.0,0.0,0.0,187895978.66666663,1605632.0,189511850.66666663,4243456,1,10240,0.0,0.001953125,0.001953125,0.0018868980138267,16,8192,16,0.0,3.791385886051636e-16,189511850.66666663,0.019410799985053,0.0004164251952743,0.0198272251803273,3145728,256,qpsk,8,2,1697.692801261208,high_sparse,42001,N256_qpsk_high_sparse_S8_42001_e5560a9b
22,afdm:symbol:L4:K2,afdm,symbol,4,2,7916032.0,917504.0,6400.0,8839936.0,91152.0,8941328.0,2189320,1,10240,0.0039702486493703,0.001708984375,0.0030517578125,0.0018826814766824,25,8192,16,2.0,0.0080211739333917,8941328.0,0.0098143999930471,0.0001378535991644,0.0099522535922116,45064,256,qpsk,8,2,1697.692801261208,high_sparse,42001,N256_qpsk_high_sparse_S8_42001_e5560a9b
23,afdm:symbol:L4:K8,afdm,symbol,4,8,7916032.0,917504.0,6400.0,8839936.0,250944.0,9101120.0,2189320,1,10240,0.0039702486493703,0.0015869140625,0.0032958984375,0.0022233335047564,27,8192,16,6.0,2.944151311619806e-07,9047856.0,0.0097980999998981,0.0002190223496764,0.0100171223495746,45064,256,qpsk,8,2,1697.692801261208,high_sparse,42001,N256_qpsk_high_sparse_S8_42001_e5560a9b
24,afdm:symbol:L8:K4,afdm,symbol,8,4,7916032.0,917504.0,12544.0,8846080.0,218144.0,9074464.0,2230280,1,10240,0.0019830281637646,0.0015869140625,0.0032958984375,0.0022233335047564,27,8192,16,4.0,7.29726984933667e-05,9074464.0,0.0097179000003961,0.000168434848285,0.0098863348486812,86024,256,qpsk,8,2,1697.692801261208,high_sparse,42001,N256_qpsk_high_sparse_S8_42001_e5560a9b
25,afdm:symbol:L8:K16,afdm,symbol,8,16,7916032.0,917504.0,12544.0,8846080.0,734336.0,9590656.0,2230280,1,10240,0.0019830281637646,0.0015869140625,0.0032958984375,0.0022233335047564,27,8192,16,6.0,5.841847817371482e-07,9160496.0,0.0096736999985296,0.00021376610058,0.0098874660991096,86024,256,qpsk,8,2,1697.692801261208,high_sparse,42001,N256_qpsk_high_sparse_S8_42001_e5560a9b
26,afdm:symbol:L16:K8,afdm,symbol,16,8,7916032.0,917504.0,24832.0,8858368.0,668736.0,9537344.0,2312200,1,10240,0.0007785538618334,0.001708984375,0.00341796875,0.0020792603414936,28,8192,16,6.0,4.2423148921581466e-07,9385776.0,0.0100125000026309,0.0002282473489796,0.0102407473516105,167944,256,qpsk,8,2,1697.692801261208,high_sparse,42001,N256_qpsk_high_sparse_S8_42001_e5560a9b
27,afdm:symbol:L32:K16,afdm,symbol,32,16,7916032.0,917504.0,49408.0,8882944.0,2356352.0,11249536.0,2476040,1,10240,0.0003036836792358,0.0015869140625,0.003662109375,0.0023518739411703,30,8192,16,6.0,4.592940094526037e-07,9836336.0,0.0102412999985972,0.0003355536038835,0.0105768536024808,331784,256,qpsk,8,2,1697.692801261208,high_sparse,42001,N256_qpsk_high_sparse_S8_42001_e5560a9b
28,afdm:time:L0:K2,afdm,time,0,2,51712.0,0.0,3328.0,55040.0,70672.0,135952.0,71688,1,10240,0.0,0.0015869140625,0.0035400390625,0.0023887551834579,29,8192,16,2.0,0.0089774728082517,135952.0,0.0005303999932948,0.0001202973500877,0.0006506973433825,24584,256,qpsk,8,2,1697.692801261208,high_sparse,42001,N256_qpsk_high_sparse_S8_42001_e5560a9b
29,afdm:time:L0:K4,afdm,time,0,4,51712.0,0.0,3328.0,55040.0,107552.0,172832.0,71688,1,10240,0.0,0.00146484375,0.00341796875,0.0023109686652732,28,8192,16,4.0,5.9804921560586535e-05,172832.0,0.0005254999996395,0.0001815973502854,0.0007070973499249,24584,256,qpsk,8,2,1697.692801261208,high_sparse,42001,N256_qpsk_high_sparse_S8_42001_e5560a9b
30,afdm:time:L0:K8,afdm,time,0,8,51712.0,0.0,3328.0,55040.0,181312.0,246592.0,71688,1,10240,0.0,0.00146484375,0.00341796875,0.0023109686652732,28,8192,16,6.0,3.947386445132649e-07,209712.0,0.0005152000085217,0.0002045598505102,0.000719759859032,24584,256,qpsk,8,2,1697.692801261208,high_sparse,42001,N256_qpsk_high_sparse_S8_42001_e5560a9b
31,afdm:time:L0:K16,afdm,time,0,16,51712.0,0.0,3328.0,55040.0,328832.0,394112.0,71688,1,10240,0.0,0.00146484375,0.00341796875,0.0023109686652732,28,8192,16,6.0,3.947386445132649e-07,209712.0,0.0005335000023478,0.0001870723492285,0.0007205723515763,24584,256,qpsk,8,2,1697.692801261208,high_sparse,42001,N256_qpsk_high_sparse_S8_42001_e5560a9b
32,afdm:dense:L256:K0,afdm,dense,256,0,7916032.0,0.0,0.0,186873514.66666663,1601536.0,188485290.66666663,4243456,1,10240,0.0,0.00146484375,0.00341796875,0.0023109686652732,28,8192,16,0.0,6.699601860982104e-16,188485290.66666663,0.0118002999952295,0.0003854098497068,0.0121857098449364,3145728,256,qpsk,8,2,1697.692801261208,high_sparse,42001,N256_qpsk_high_sparse_S8_42001_e5560a9b
0,ofdm:symbol:L4:K2,ofdm,symbol,4,2,6317056.0,917504.0,6400.0,7240960.0,85008.0,7336208.0,2189320,1,10240,0.0855700510389521,0.146484375,0.1473388671875,0.0153121138543467,1207,8192,16,2.0,0.1221699560451661,7336208.0,0.0089356000098632,0.0001368363661337,0.009072436375997,45064,256,qpsk,8,2,1698.0545997351242,high_sparse,42002,N256_qpsk_high_sparse_S8_42002_e727f1b3
1,ofdm:symbol:L4:K8,ofdm,symbol,4,8,6317056.0,917504.0,6400.0,7240960.0,244800.0,7496000.0,2189320,1,10240,0.0855700510389521,0.134765625,0.139892578125,0.0142256701051798,1146,8192,16,8.0,0.000958915395341,7496000.0,0.0088443999993614,0.000255548863303,0.0090999488626645,45064,256,qpsk,8,2,1698.0545997351242,high_sparse,42002,N256_qpsk_high_sparse_S8_42002_e727f1b3
2,ofdm:symbol:L8:K4,ofdm,symbol,8,4,6317056.0,917504.0,12544.0,7247104.0,212000.0,7469344.0,2230280,1,10240,0.0403600034847373,0.1297607421875,0.130615234375,0.0157041452560353,1070,8192,16,4.0,0.0146975631704647,7469344.0,0.0085476000094786,0.0001755363634098,0.0087231363728884,86024,256,qpsk,8,2,1698.0545997351242,high_sparse,42002,N256_qpsk_high_sparse_S8_42002_e727f1b3
3,ofdm:symbol:L8:K16,ofdm,symbol,8,16,6317056.0,917504.0,12544.0,7247104.0,728192.0,7985536.0,2230280,1,10240,0.0403600034847373,0.12939453125,0.130859375,0.0164804868044757,1072,8192,16,15.0,7.450670440363324e-07,7942520.0,0.0086716000078013,0.0004418613640761,0.0091134613718774,86024,256,qpsk,8,2,1698.0545997351242,high_sparse,42002,N256_qpsk_high_sparse_S8_42002_e727f1b3
4,ofdm:symbol:L16:K8,ofdm,symbol,16,8,6317056.0,917504.0,24832.0,7259392.0,662592.0,7932224.0,2312200,1,10240,0.0144572606865718,0.1204833984375,0.12158203125,0.015518845125732,996,8192,16,8.0,0.0003295430055396,7932224.0,0.0091092999937245,0.0003013113616058,0.0094106113553304,167944,256,qpsk,8,2,1698.0545997351242,high_sparse,42002,N256_qpsk_high_sparse_S8_42002_e727f1b3
5,ofdm:symbol:L32:K16,ofdm,symbol,32,16,6317056.0,917504.0,49408.0,7283968.0,2350208.0,9644416.0,2476040,1,10240,0.0053166851598885,0.1197509765625,0.1192626953125,0.0153370065573957,977,8192,16,14.6875,5.78906067035177e-07,9458933.5,0.0091591000091284,0.0005741113661012,0.0097332113752296,331784,256,qpsk,8,2,1698.0545997351242,high_sparse,42002,N256_qpsk_high_sparse_S8_42002_e727f1b3
6,ofdm:time:L0:K2,ofdm,time,0,2,25600.0,0.0,3328.0,28928.0,64528.0,103696.0,71688,1,10240,0.0,0.1260986328125,0.1207275390625,0.020412648123402,989,8192,16,2.0,0.0717148406257087,103696.0,0.0005388999998103,0.0001538176126511,0.0006927176124615,24584,256,qpsk,8,2,1698.0545997351242,high_sparse,42002,N256_qpsk_high_sparse_S8_42002_e727f1b3
7,ofdm:time:L0:K4,ofdm,time,0,4,25600.0,0.0,3328.0,28928.0,101408.0,140576.0,71688,1,10240,0.0,0.1197509765625,0.1170654296875,0.0170339487719847,959,8192,16,4.0,0.0112670009721109,140576.0,0.0005180000152904,0.0001524363612285,0.000670436376519,24584,256,qpsk,8,2,1698.0545997351242,high_sparse,42002,N256_qpsk_high_sparse_S8_42002_e727f1b3
8,ofdm:time:L0:K8,ofdm,time,0,8,25600.0,0.0,3328.0,28928.0,175168.0,214336.0,71688,1,10240,0.0,0.11962890625,0.1181640625,0.016090083522481,968,8192,16,8.0,0.0002558731583152,214336.0,0.0004990000161342,0.0002281988651399,0.0007271988812741,24584,256,qpsk,8,2,1698.0545997351242,high_sparse,42002,N256_qpsk_high_sparse_S8_42002_e727f1b3
9,ofdm:time:L0:K16,ofdm,time,0,16,25600.0,0.0,3328.0,28928.0,322688.0,361856.0,71688,1,10240,0.0,0.1195068359375,0.1181640625,0.0160425966992306,968,8192,16,14.0,8.076393468351867e-07,324976.0,0.0004927999980282,0.0003498676111727,0.0008426676092009,24584,256,qpsk,8,2,1698.0545997351242,high_sparse,42002,N256_qpsk_high_sparse_S8_42002_e727f1b3
10,ofdm:dense:L256:K0,ofdm,dense,256,0,6317056.0,0.0,0.0,185274538.66666663,1595392.0,186880170.66666663,4243456,1,10240,0.0,0.1195068359375,0.1181640625,0.0160425966992306,968,8192,16,0.0,5.054688506412239e-16,186880170.66666663,0.0111097000044537,0.0003777238622812,0.0114874238667349,3145728,256,qpsk,8,2,1698.0545997351242,high_sparse,42002,N256_qpsk_high_sparse_S8_42002_e727f1b3
11,otfs:symbol:L4:K2,otfs,symbol,4,2,8938496.0,917504.0,6400.0,9862400.0,95248.0,9967888.0,2189320,1,10240,0.0855322425548942,0.1455078125,0.14404296875,0.01029798931755,1180,8192,16,2.0,0.1201431060775102,9967888.0,0.0166356999980052,0.0001630536022055,0.0167987536002108,45064,256,qpsk,8,2,1698.0545997351242,high_sparse,42002,N256_qpsk_high_sparse_S8_42002_e727f1b3
12,otfs:symbol:L4:K8,otfs,symbol,4,8,8938496.0,917504.0,6400.0,9862400.0,255040.0,10127680.0,2189320,1,10240,0.0855322425548942,0.1405029296875,0.134033203125,0.0123088204038028,1098,8192,16,8.0,0.0009491132244298,10127680.0,0.0162244999955873,0.0002658973495051,0.0164903973450925,45064,256,qpsk,8,2,1698.0545997351242,high_sparse,42002,N256_qpsk_high_sparse_S8_42002_e727f1b3
13,otfs:symbol:L8:K4,otfs,symbol,8,4,8938496.0,917504.0,12544.0,9868544.0,222240.0,10101024.0,2230280,1,10240,0.0414520195460174,0.1282958984375,0.1241455078125,0.0113878800687094,1017,8192,16,4.0,0.0182450225319209,10101024.0,0.0163013999990653,0.0001905285958635,0.0164919285949288,86024,256,qpsk,8,2,1698.0545997351242,high_sparse,42002,N256_qpsk_high_sparse_S8_42002_e727f1b3
14,otfs:symbol:L8:K16,otfs,symbol,8,16,8938496.0,917504.0,12544.0,9868544.0,738432.0,10617216.0,2230280,1,10240,0.0414520195460174,0.1285400390625,0.1243896484375,0.0109030043355049,1019,8192,16,15.0,8.57969131365633e-07,10574200.0,0.0163100999925518,0.000409409846339,0.0167195098388908,86024,256,qpsk,8,2,1698.0545997351242,high_sparse,42002,N256_qpsk_high_sparse_S8_42002_e727f1b3
15,otfs:symbol:L16:K8,otfs,symbol,16,8,8938496.0,917504.0,24832.0,9880832.0,672832.0,10563904.0,2312200,1,10240,0.0172081637568619,0.12060546875,0.12060546875,0.010420734882665,988,8192,16,8.0,0.0004047880235132,10563904.0,0.0163219999958528,0.0003033098497105,0.0166253098455633,167944,256,qpsk,8,2,1698.0545997351242,high_sparse,42002,N256_qpsk_high_sparse_S8_42002_e727f1b3
16,otfs:symbol:L32:K16,otfs,symbol,32,16,8938496.0,917504.0,49408.0,9905408.0,2360448.0,12276096.0,2476040,1,10240,1.1102230246251563e-16,0.1146240234375,0.114990234375,0.0127552670837935,942,8192,16,14.0,7.998455443157665e-07,11993456.0,0.0166778999991947,0.0005469536022935,0.0172248536014883,331784,256,qpsk,8,2,1698.0545997351242,high_sparse,42002,N256_qpsk_high_sparse_S8_42002_e727f1b3
17,otfs:time:L0:K2,otfs,time,0,2,25600.0,0.0,3328.0,28928.0,74768.0,113936.0,71688,1,10240,0.0,0.1219482421875,0.119873046875,0.0091852266089668,982,8192,16,2.0,0.0707448728356013,113936.0,0.0005317000031936,0.0001580161002273,0.000689716103421,24584,256,qpsk,8,2,1698.0545997351242,high_sparse,42002,N256_qpsk_high_sparse_S8_42002_e727f1b3
18,otfs:time:L0:K4,otfs,time,0,4,25600.0,0.0,3328.0,28928.0,111648.0,150816.0,71688,1,10240,0.0,0.1141357421875,0.1151123046875,0.0122797314301155,943,8192,16,4.0,0.0110646317437782,150816.0,0.0005306000093696,0.0001745285995418,0.0007051286089115,24584,256,qpsk,8,2,1698.0545997351242,high_sparse,42002,N256_qpsk_high_sparse_S8_42002_e727f1b3
19,otfs:time:L0:K8,otfs,time,0,8,25600.0,0.0,3328.0,28928.0,185408.0,224576.0,71688,1,10240,0.0,0.11474609375,0.1148681640625,0.0127820305496556,941,8192,16,8.0,0.0002512386469083,224576.0,0.0005345000099623,0.000239266095901,0.0007737661058633,24584,256,qpsk,8,2,1698.0545997351242,high_sparse,42002,N256_qpsk_high_sparse_S8_42002_e727f1b3
20,otfs:time:L0:K16,otfs,time,0,16,25600.0,0.0,3328.0,28928.0,332928.0,372096.0,71688,1,10240,0.0,0.1146240234375,0.114990234375,0.0127552670837935,942,8192,16,14.0,7.998455443157656e-07,335216.0,0.0005089000042062,0.0003669473486077,0.0008758473528139,24584,256,qpsk,8,2,1698.0545997351242,high_sparse,42002,N256_qpsk_high_sparse_S8_42002_e727f1b3
21,otfs:dense:L256:K0,otfs,dense,256,0,8938496.0,0.0,0.0,187895978.66666663,1605632.0,189511850.66666663,4243456,1,10240,0.0,0.1146240234375,0.114990234375,0.0127552670837935,942,8192,16,0.0,2.867034649457429e-16,189511850.66666663,0.0193760999973164,0.0005363098485538,0.0199124098458703,3145728,256,qpsk,8,2,1698.0545997351242,high_sparse,42002,N256_qpsk_high_sparse_S8_42002_e727f1b3
22,afdm:symbol:L4:K2,afdm,symbol,4,2,7916032.0,917504.0,6400.0,8839936.0,91152.0,8941328.0,2189320,1,10240,0.0861355882380557,0.1456298828125,0.1402587890625,0.0207463036121156,1149,8192,16,2.0,0.1204745115324685,8941328.0,0.0099621000117622,0.0001219734832016,0.0100840734949639,45064,256,qpsk,8,2,1698.0545997351242,high_sparse,42002,N256_qpsk_high_sparse_S8_42002_e727f1b3
23,afdm:symbol:L4:K8,afdm,symbol,4,8,7916032.0,917504.0,6400.0,8839936.0,250944.0,9101120.0,2189320,1,10240,0.0861355882380557,0.13671875,0.1295166015625,0.0211168704068482,1061,8192,16,8.0,0.0009593983446551,9101120.0,0.0097378000209573,0.000237873488059,0.0099756735090164,45064,256,qpsk,8,2,1698.0545997351242,high_sparse,42002,N256_qpsk_high_sparse_S8_42002_e727f1b3
24,afdm:symbol:L8:K4,afdm,symbol,8,4,7916032.0,917504.0,12544.0,8846080.0,218144.0,9074464.0,2230280,1,10240,0.0423799251976815,0.1302490234375,0.119873046875,0.0204705763140392,982,8192,16,4.0,0.0156317890919368,9074464.0,0.0098832000076072,0.0001697734833765,0.0100529734909838,86024,256,qpsk,8,2,1698.0545997351242,high_sparse,42002,N256_qpsk_high_sparse_S8_42002_e727f1b3
25,afdm:symbol:L8:K16,afdm,symbol,8,16,7916032.0,917504.0,12544.0,8846080.0,734336.0,9590656.0,2230280,1,10240,0.0423799251976815,0.1304931640625,0.118896484375,0.0211908812098936,974,8192,16,15.0,8.486124814900563e-07,9547640.0,0.0099377000151434,0.0003754734862564,0.0103131735013999,86024,256,qpsk,8,2,1698.0545997351242,high_sparse,42002,N256_qpsk_high_sparse_S8_42002_e727f1b3
26,afdm:symbol:L16:K8,afdm,symbol,16,8,7916032.0,917504.0,24832.0,8858368.0,668736.0,9537344.0,2312200,1,10240,0.0184598251710238,0.12158203125,0.1119384765625,0.0207524318265865,917,8192,16,8.0,0.0003691779883499,9537344.0,0.0099031000136164,0.0002735859835052,0.0101766859971217,167944,256,qpsk,8,2,1698.0545997351242,high_sparse,42002,N256_qpsk_high_sparse_S8_42002_e727f1b3
27,afdm:symbol:L32:K16,afdm,symbol,32,16,7916032.0,917504.0,49408.0,8882944.0,2356352.0,11249536.0,2476040,1,10240,0.0060198529751519,0.11767578125,0.1082763671875,0.0145804629452872,887,8192,16,14.125,8.445901406721009e-07,10984561.0,0.0102557000209344,0.0005712609845983,0.0108269610055327,331784,256,qpsk,8,2,1698.0545997351242,high_sparse,42002,N256_qpsk_high_sparse_S8_42002_e727f1b3
28,afdm:time:L0:K2,afdm,time,0,2,51712.0,0.0,3328.0,55040.0,70672.0,135952.0,71688,1,10240,0.0,0.1240234375,0.11328125,0.0150783273950146,928,8192,16,2.0,0.0718228765909636,135952.0,0.0005268999957479,0.0001236297394467,0.0006505297351946,24584,256,qpsk,8,2,1698.0545997351242,high_sparse,42002,N256_qpsk_high_sparse_S8_42002_e727f1b3
29,afdm:time:L0:K4,afdm,time,0,4,51712.0,0.0,3328.0,55040.0,107552.0,172832.0,71688,1,10240,0.0,0.11572265625,0.10791015625,0.0179219839796163,884,8192,16,4.0,0.0111173024698409,172832.0,0.000508199998876,0.0001588609866854,0.0006670609855615,24584,256,qpsk,8,2,1698.0545997351242,high_sparse,42002,N256_qpsk_high_sparse_S8_42002_e727f1b3
30,afdm:time:L0:K8,afdm,time,0,8,51712.0,0.0,3328.0,55040.0,181312.0,246592.0,71688,1,10240,0.0,0.115234375,0.107666015625,0.016276692695313,882,8192,16,8.0,0.0002539689251982,246592.0,0.0004982000100426,0.0002238422358101,0.0007220422458527,24584,256,qpsk,8,2,1698.0545997351242,high_sparse,42002,N256_qpsk_high_sparse_S8_42002_e727f1b3
31,afdm:time:L0:K16,afdm,time,0,16,51712.0,0.0,3328.0,55040.0,328832.0,394112.0,71688,1,10240,0.0,0.114990234375,0.1075439453125,0.0162077015783886,881,8192,16,14.0,8.034811546544251e-07,357232.0,0.0004831999976886,0.00035810473406,0.0008413047317486,24584,256,qpsk,8,2,1698.0545997351242,high_sparse,42002,N256_qpsk_high_sparse_S8_42002_e727f1b3
32,afdm:dense:L256:K0,afdm,dense,256,0,7916032.0,0.0,0.0,186873514.66666663,1601536.0,188485290.66666663,4243456,1,10240,0.0,0.114990234375,0.1075439453125,0.0162077015783886,881,8192,16,0.0,4.943972553332984e-16,188485290.66666663,0.0125569000229006,0.0003785234803768,0.0129354235032775,3145728,256,qpsk,8,2,1698.0545997351242,high_sparse,42002,N256_qpsk_high_sparse_S8_42002_e727f1b3
0,ofdm:symbol:L4:K2,ofdm,symbol,4,2,6317056.0,917504.0,6400.0,7240960.0,85008.0,7336208.0,2189320,1,10240,0.1205199811555618,0.0272216796875,0.0313720703125,0.0091739717910429,257,8192,16,2.0,0.119102581547403,7336208.0,0.0090305000048829,0.0001207168569442,0.0091512168618271,45064,256,qpsk,8,2,2144.5539250124293,high_sparse,42003,N256_qpsk_high_sparse_S8_42003_245e6e4d
1,ofdm:symbol:L4:K8,ofdm,symbol,4,8,6317056.0,917504.0,6400.0,7240960.0,244800.0,7496000.0,2189320,1,10240,0.1205199811555618,0.0379638671875,0.041015625,0.0085581649610182,336,8192,16,8.0,0.0012801208570841,7496000.0,0.0088176000135717,0.0002447981067951,0.0090623981203669,45064,256,qpsk,8,2,2144.5539250124293,high_sparse,42003,N256_qpsk_high_sparse_S8_42003_245e6e4d
2,ofdm:symbol:L8:K4,ofdm,symbol,8,4,6317056.0,917504.0,12544.0,7247104.0,212000.0,7469344.0,2230280,1,10240,0.0441120452092672,0.0103759765625,0.01416015625,0.0061557013820691,116,8192,16,4.0,0.0267865024134621,7469344.0,0.008955600002082,0.0002989543553474,0.0092545543574295,86024,256,qpsk,8,2,2144.5539250124293,high_sparse,42003,N256_qpsk_high_sparse_S8_42003_245e6e4d
3,ofdm:symbol:L8:K16,ofdm,symbol,8,16,6317056.0,917504.0,12544.0,7247104.0,728192.0,7985536.0,2230280,1,10240,0.0441120452092672,0.014892578125,0.017578125,0.0063388861690823,144,8192,16,16.0,3.84495889612493e-06,7985536.0,0.0091575000114971,0.0004307793523173,0.0095882793638145,86024,256,qpsk,8,2,2144.5539250124293,high_sparse,42003,N256_qpsk_high_sparse_S8_42003_245e6e4d
4,ofdm:symbol:L16:K8,ofdm,symbol,16,8,6317056.0,917504.0,24832.0,7259392.0,662592.0,7932224.0,2312200,1,10240,0.0175847801768663,0.0081787109375,0.0086669921875,0.0044520255175941,71,8192,16,8.0,0.000675712135559,7932224.0,0.0091688000102294,0.0002775231049588,0.0094463231151883,167944,256,qpsk,8,2,2144.5539250124293,high_sparse,42003,N256_qpsk_high_sparse_S8_42003_245e6e4d
5,ofdm:symbol:L32:K16,ofdm,symbol,32,16,6317056.0,917504.0,49408.0,7283968.0,2350208.0,9644416.0,2476040,1,10240,0.0084120067752558,0.0052490234375,0.006103515625,0.0039628067170659,50,8192,16,15.0,5.610690737855602e-07,9503096.0,0.0094145000039134,0.0005563918574614,0.0099708918613749,331784,256,qpsk,8,2,2144.5539250124293,high_sparse,42003,N256_qpsk_high_sparse_S8_42003_245e6e4d
6,ofdm:time:L0:K2,ofdm,time,0,2,25600.0,0.0,3328.0,28928.0,64528.0,103696.0,71688,1,10240,0.0,0.0050048828125,0.005859375,0.0032682032286487,48,8192,16,2.0,0.0755106185433125,103696.0,0.0005727999960072,0.0001161856033639,0.0006889855993711,24584,256,qpsk,8,2,2144.5539250124293,high_sparse,42003,N256_qpsk_high_sparse_S8_42003_245e6e4d
7,ofdm:time:L0:K4,ofdm,time,0,4,25600.0,0.0,3328.0,28928.0,101408.0,140576.0,71688,1,10240,0.0,0.0035400390625,0.0047607421875,0.0030231405633148,39,8192,16,4.0,0.0065283658034927,140576.0,0.0005345999961718,0.0001621606051037,0.0006967606012756,24584,256,qpsk,8,2,2144.5539250124293,high_sparse,42003,N256_qpsk_high_sparse_S8_42003_245e6e4d
8,ofdm:time:L0:K8,ofdm,time,0,8,25600.0,0.0,3328.0,28928.0,175168.0,214336.0,71688,1,10240,0.0,0.0035400390625,0.004638671875,0.0029296875,38,8192,16,8.0,4.129597545805783e-05,214336.0,0.0005288000102154,0.0002229106102084,0.0007517106204238,24584,256,qpsk,8,2,2144.5539250124293,high_sparse,42003,N256_qpsk_high_sparse_S8_42003_245e6e4d
9,ofdm:time:L0:K16,ofdm,time,0,16,25600.0,0.0,3328.0,28928.0,322688.0,361856.0,71688,1,10240,0.0,0.0035400390625,0.004638671875,0.0029296875,38,8192,16,11.0625,8.876270990485948e-07,270808.5,0.0005388999998103,0.0003069793546081,0.0008458793544184,24584,256,qpsk,8,2,2144.5539250124293,high_sparse,42003,N256_qpsk_high_sparse_S8_42003_245e6e4d
10,ofdm:dense:L256:K0,ofdm,dense,256,0,6317056.0,0.0,0.0,185274538.66666663,1595392.0,186880170.66666663,4243456,1,10240,0.0,0.0035400390625,0.004638671875,0.0029296875,38,8192,16,0.0,7.432065975788164e-16,186880170.66666663,0.0110320999956456,0.0004302918595192,0.0114623918551649,3145728,256,qpsk,8,2,2144.5539250124293,high_sparse,42003,N256_qpsk_high_sparse_S8_42003_245e6e4d
11,otfs:symbol:L4:K2,otfs,symbol,4,2,8938496.0,917504.0,6400.0,9862400.0,95248.0,9967888.0,2189320,1,10240,0.1278469731171319,0.040283203125,0.0419921875,0.0087926786542365,344,8192,16,2.0,0.0955732462782571,9967888.0,0.0166724000009708,0.000150815719225,0.0168232157201959,45064,256,qpsk,8,2,2144.5539250124293,high_sparse,42003,N256_qpsk_high_sparse_S8_42003_245e6e4d
12,otfs:symbol:L4:K8,otfs,symbol,4,8,8938496.0,917504.0,6400.0,9862400.0,255040.0,10127680.0,2189320,1,10240,0.1278469731171319,0.0482177734375,0.0523681640625,0.0093047156516331,429,8192,16,8.0,0.0001006146021738,10127680.0,0.0165355999924941,0.0002565469730501,0.0167921469655442,45064,256,qpsk,8,2,2144.5539250124293,high_sparse,42003,N256_qpsk_high_sparse_S8_42003_245e6e4d
13,otfs:symbol:L8:K4,otfs,symbol,8,4,8938496.0,917504.0,12544.0,9868544.0,222240.0,10101024.0,2230280,1,10240,0.054409316610631,0.0146484375,0.0157470703125,0.0059012716528531,129,8192,16,4.0,0.0155476599432342,10101024.0,0.0165365999855566,0.000241303217935,0.0167779032034917,86024,256,qpsk,8,2,2144.5539250124293,high_sparse,42003,N256_qpsk_high_sparse_S8_42003_245e6e4d
14,otfs:symbol:L8:K16,otfs,symbol,8,16,8938496.0,917504.0,12544.0,9868544.0,738432.0,10617216.0,2230280,1,10240,0.054409316610631,0.015380859375,0.0172119140625,0.0061025389843624,141,8192,16,14.0,4.879497976047164e-07,10531184.0,0.0165682999941054,0.0004184344679191,0.0169867344620246,86024,256,qpsk,8,2,2144.5539250124293,high_sparse,42003,N256_qpsk_high_sparse_S8_42003_245e6e4d
15,otfs:symbol:L16:K8,otfs,symbol,16,8,8938496.0,917504.0,24832.0,9880832.0,672832.0,10563904.0,2312200,1,10240,0.0188544862755104,0.0059814453125,0.004638671875,0.0023518739411703,38,8192,16,8.0,0.0001160269174459,10563904.0,0.0168976999993901,0.000302765723008,0.0172004657223982,167944,256,qpsk,8,2,2144.5539250124293,high_sparse,42003,N256_qpsk_high_sparse_S8_42003_245e6e4d
16,otfs:symbol:L32:K16,otfs,symbol,32,16,8938496.0,917504.0,49408.0,9905408.0,2360448.0,12276096.0,2476040,1,10240,0.0,0.00341796875,0.0028076171875,0.0022517478653022,23,8192,16,11.0,9.176661104210848e-07,11569496.0,0.0171928999916417,0.0005186469715585,0.0177115469632002,331784,256,qpsk,8,2,2144.5539250124293,high_sparse,42003,N256_qpsk_high_sparse_S8_42003_245e6e4d
17,otfs:time:L0:K2,otfs,time,0,2,25600.0,0.0,3328.0,28928.0,74768.0,113936.0,71688,1,10240,0.0,0.0057373046875,0.0050048828125,0.0028499344310691,41,8192,16,2.0,0.074728485523548,113936.0,0.0005300000048009,0.0001644719722566,0.0006944719770575,24584,256,qpsk,8,2,2144.5539250124293,high_sparse,42003,N256_qpsk_high_sparse_S8_42003_245e6e4d
18,otfs:time:L0:K4,otfs,time,0,4,25600.0,0.0,3328.0,28928.0,111648.0,150816.0,71688,1,10240,0.0,0.00341796875,0.002685546875,0.0018699748198365,22,8192,16,4.0,0.0063279985506823,150816.0,0.0005120000132592,0.0001811907185941,0.0006931907318534,24584,256,qpsk,8,2,2144.5539250124293,high_sparse,42003,N256_qpsk_high_sparse_S8_42003_245e6e4d
19,otfs:time:L0:K8,otfs,time,0,8,25600.0,0.0,3328.0,28928.0,185408.0,224576.0,71688,1,10240,0.0,0.00341796875,0.0028076171875,0.0022517478653022,23,8192,16,8.0,4.074634806079309e-05,224576.0,0.0004907999973511,0.0002751969713603,0.0007659969687114,24584,256,qpsk,8,2,2144.5539250124293,high_sparse,42003,N256_qpsk_high_sparse_S8_42003_245e6e4d
20,otfs:time:L0:K16,otfs,time,0,16,25600.0,0.0,3328.0,28928.0,332928.0,372096.0,71688,1,10240,0.0,0.00341796875,0.0028076171875,0.0022517478653022,23,8192,16,11.0,9.176661104210844e-07,279896.0,0.000490999998874,0.0003182469699271,0.0008092469688011,24584,256,qpsk,8,2,2144.5539250124293,high_sparse,42003,N256_qpsk_high_sparse_S8_42003_245e6e4d
21,otfs:dense:L256:K0,otfs,dense,256,0,8938496.0,0.0,0.0,187895978.66666663,1605632.0,189511850.66666663,4243456,1,10240,0.0,0.00341796875,0.0028076171875,0.0022517478653022,23,8192,16,0.0,3.728565955119861e-16,189511850.66666663,0.0198127999901771,0.0005320907202434,0.0203448907104206,3145728,256,qpsk,8,2,2144.5539250124293,high_sparse,42003,N256_qpsk_high_sparse_S8_42003_245e6e4d
22,afdm:symbol:L4:K2,afdm,symbol,4,2,7916032.0,917504.0,6400.0,8839936.0,91152.0,8941328.0,2189320,1,10240,0.1303420353374822,0.0384521484375,0.0364990234375,0.0105231878585676,299,8192,16,2.0,0.0940210057266666,8941328.0,0.0109951000049477,0.0001319823883077,0.0111270823932555,45064,256,qpsk,8,2,2144.5539250124293,high_sparse,42003,N256_qpsk_high_sparse_S8_42003_245e6e4d
23,afdm:symbol:L4:K8,afdm,symbol,4,8,7916032.0,917504.0,6400.0,8839936.0,250944.0,9101120.0,2189320,1,10240,0.1303420353374822,0.046142578125,0.0467529296875,0.0132365352904666,383,8192,16,8.0,6.893545990103893e-05,9101120.0,0.0106747999961953,0.0002291761371507,0.0109039761333461,45064,256,qpsk,8,2,2144.5539250124293,high_sparse,42003,N256_qpsk_high_sparse_S8_42003_245e6e4d
24,afdm:symbol:L8:K4,afdm,symbol,8,4,7916032.0,917504.0,12544.0,8846080.0,218144.0,9074464.0,2230280,1,10240,0.0594781573940371,0.020263671875,0.017578125,0.0073771955594871,144,8192,16,4.0,0.0195769324345621,9074464.0,0.0106668000080389,0.0001800011383293,0.0108468011463683,86024,256,qpsk,8,2,2144.5539250124293,high_sparse,42003,N256_qpsk_high_sparse_S8_42003_245e6e4d
25,afdm:symbol:L8:K16,afdm,symbol,8,16,7916032.0,917504.0,12544.0,8846080.0,734336.0,9590656.0,2230280,1,10240,0.0594781573940371,0.021728515625,0.0191650390625,0.008354224403797,157,8192,16,15.0,6.939168133745239e-07,9547640.0,0.0106418000068515,0.0003725511347566,0.0110143511416081,86024,256,qpsk,8,2,2144.5539250124293,high_sparse,42003,N256_qpsk_high_sparse_S8_42003_245e6e4d
26,afdm:symbol:L16:K8,afdm,symbol,16,8,7916032.0,917504.0,24832.0,8858368.0,668736.0,9537344.0,2312200,1,10240,0.0297398109633244,0.010498046875,0.01025390625,0.0054079582440872,84,8192,16,8.0,0.0004172724516775,9537344.0,0.0110142999910749,0.0002700948867696,0.0112843948778445,167944,256,qpsk,8,2,2144.5539250124293,high_sparse,42003,N256_qpsk_high_sparse_S8_42003_245e6e4d
27,afdm:symbol:L32:K16,afdm,symbol,32,16,7916032.0,917504.0,49408.0,8882944.0,2356352.0,11249536.0,2476040,1,10240,0.0134019451845619,0.0068359375,0.0064697265625,0.0036167986820813,53,8192,16,16.0,7.391033106495709e-07,11249536.0,0.0109374000021489,0.0006337761356972,0.0115711761378461,331784,256,qpsk,8,2,2144.5539250124293,high_sparse,42003,N256_qpsk_high_sparse_S8_42003_245e6e4d
28,afdm:time:L0:K2,afdm,time,0,2,51712.0,0.0,3328.0,55040.0,70672.0,135952.0,71688,1,10240,0.0,0.0054931640625,0.0054931640625,0.0030440984611343,45,8192,16,2.0,0.0772732625380666,135952.0,0.0006954999989829,0.0001263448872178,0.0008218448862008,24584,256,qpsk,8,2,2144.5539250124293,high_sparse,42003,N256_qpsk_high_sparse_S8_42003_245e6e4d
29,afdm:time:L0:K4,afdm,time,0,4,51712.0,0.0,3328.0,55040.0,107552.0,172832.0,71688,1,10240,0.0,0.0030517578125,0.0037841796875,0.0026173575426725,31,8192,16,4.0,0.0065279181660386,172832.0,0.0006252000021049,0.0001706261369745,0.0007958261390795,24584,256,qpsk,8,2,2144.5539250124293,high_sparse,42003,N256_qpsk_high_sparse_S8_42003_245e6e4d
30,afdm:time:L0:K8,afdm,time,0,8,51712.0,0.0,3328.0,55040.0,181312.0,246592.0,71688,1,10240,0.0,0.003173828125,0.0037841796875,0.0028942079076035,31,8192,16,8.0,4.1671326809205547e-05,246592.0,0.0005461000109789,0.0002304136392977,0.0007765136502767,24584,256,qpsk,8,2,2144.5539250124293,high_sparse,42003,N256_qpsk_high_sparse_S8_42003_245e6e4d
31,afdm:time:L0:K16,afdm,time,0,16,51712.0,0.0,3328.0,55040.0,328832.0,394112.0,71688,1,10240,0.0,0.003173828125,0.0037841796875,0.0028942079076035,31,8192,16,11.0625,9.03799449503984e-07,303064.5,0.0005424000119091,0.0003308261362745,0.0008732261481837,24584,256,qpsk,8,2,2144.5539250124293,high_sparse,42003,N256_qpsk_high_sparse_S8_42003_245e6e4d
32,afdm:dense:L256:K0,afdm,dense,256,0,7916032.0,0.0,0.0,186873514.66666663,1601536.0,188485290.66666663,4243456,1,10240,0.0,0.003173828125,0.0037841796875,0.0028942079076035,31,8192,16,0.0,6.8190238900023305e-16,188485290.66666663,0.0131809000013163,0.0003697948846875,0.0135506948860038,3145728,256,qpsk,8,2,2144.5539250124293,high_sparse,42003,N256_qpsk_high_sparse_S8_42003_245e6e4d
0,ofdm:symbol:L4:K2,ofdm,symbol,4,2,6317056.0,917504.0,6400.0,7240960.0,85008.0,7336208.0,2189320,1,10240,7.81609527544802e-05,0.0045166015625,0.003662109375,0.0025590161467491,30,8192,16,2.0,0.0004427822561048,7336208.0,0.0090232000075047,0.0001382361754374,0.0091614361829422,45064,256,qpsk,18,2,2.7308696822703773,low_sparse,42001,N256_qpsk_low_sparse_S18_42001_7d5aa44c
1,ofdm:symbol:L4:K8,ofdm,symbol,4,8,6317056.0,917504.0,6400.0,7240960.0,244800.0,7496000.0,2189320,1,10240,7.81609527544802e-05,0.004638671875,0.0035400390625,0.0023887551834579,29,8192,16,4.0,5.425803023431608e-07,7389472.0,0.0098714999912772,0.0001812174252997,0.010052717416577,45064,256,qpsk,18,2,2.7308696822703773,low_sparse,42001,N256_qpsk_low_sparse_S18_42001_7d5aa44c
2,ofdm:symbol:L8:K4,ofdm,symbol,8,4,6317056.0,917504.0,12544.0,7247104.0,212000.0,7469344.0,2230280,1,10240,3.839244265080311e-05,0.00439453125,0.00341796875,0.0023109686652732,28,8192,16,4.0,9.039670373621752e-07,7469344.0,0.0088215999858221,0.0001769486709897,0.0089985486568118,86024,256,qpsk,18,2,2.7308696822703773,low_sparse,42001,N256_qpsk_low_sparse_S18_42001_7d5aa44c
3,ofdm:symbol:L8:K16,ofdm,symbol,8,16,6317056.0,917504.0,12544.0,7247104.0,728192.0,7985536.0,2230280,1,10240,3.839244265080311e-05,0.00439453125,0.00341796875,0.0023109686652732,28,8192,16,4.0,9.039670373621752e-07,7469344.0,0.0089069999958155,0.0001773799251829,0.0090843799209985,86024,256,qpsk,18,2,2.7308696822703773,low_sparse,42001,N256_qpsk_low_sparse_S18_42001_7d5aa44c
4,ofdm:symbol:L16:K8,ofdm,symbol,16,8,6317056.0,917504.0,24832.0,7259392.0,662592.0,7932224.0,2312200,1,10240,1.945094214572673e-05,0.004638671875,0.00341796875,0.0023109686652732,28,8192,16,5.0,3.127802777234695e-08,7704872.0,0.0089281999826198,0.0002092486695553,0.0091374486521751,167944,256,qpsk,18,2,2.7308696822703773,low_sparse,42001,N256_qpsk_low_sparse_S18_42001_7d5aa44c
5,ofdm:symbol:L32:K16,ofdm,symbol,32,16,6317056.0,917504.0,49408.0,7283968.0,2350208.0,9644416.0,2476040,1,10240,9.606239135817596e-06,0.0042724609375,0.0035400390625,0.0024929455727273,29,8192,16,5.0,5.83792471526852e-08,8089896.0,0.0089962999918498,0.0002610861750078,0.0092573861668576,331784,256,qpsk,18,2,2.7308696822703773,low_sparse,42001,N256_qpsk_low_sparse_S18_42001_7d5aa44c
6,ofdm:time:L0:K2,ofdm,time,0,2,25600.0,0.0,3328.0,28928.0,64528.0,103696.0,71688,1,10240,0.0,0.0048828125,0.003662109375,0.0025590161467491,30,8192,16,2.0,0.0990729561511075,103696.0,0.0005373000021791,0.0001394361754798,0.0006767361776589,24584,256,qpsk,18,2,2.7308696822703773,low_sparse,42001,N256_qpsk_low_sparse_S18_42001_7d5aa44c
7,ofdm:time:L0:K4,ofdm,time,0,4,25600.0,0.0,3328.0,28928.0,101408.0,140576.0,71688,1,10240,0.0,0.0045166015625,0.003173828125,0.0018699748198365,26,8192,16,4.0,0.0366366680964932,140576.0,0.0005528000037884,0.0001812111734331,0.0007340111772216,24584,256,qpsk,18,2,2.7308696822703773,low_sparse,42001,N256_qpsk_low_sparse_S18_42001_7d5aa44c
8,ofdm:time:L0:K8,ofdm,time,0,8,25600.0,0.0,3328.0,28928.0,175168.0,214336.0,71688,1,10240,0.0,0.00439453125,0.0032958984375,0.0023349171667225,27,8192,16,8.0,0.0102385869801856,214336.0,0.0005277000018395,0.0005036049226625,0.0010313049245021,24584,256,qpsk,18,2,2.7308696822703773,low_sparse,42001,N256_qpsk_low_sparse_S18_42001_7d5aa44c
9,ofdm:time:L0:K16,ofdm,time,0,16,25600.0,0.0,3328.0,28928.0,322688.0,361856.0,71688,1,10240,0.0,0.0042724609375,0.0035400390625,0.0024929455727273,29,8192,16,16.0,0.0008040118942402,361856.0,0.0005508999893208,0.0003924049263084,0.0009433049156293,24584,256,qpsk,18,2,2.7308696822703773,low_sparse,42001,N256_qpsk_low_sparse_S18_42001_7d5aa44c
10,ofdm:dense:L256:K0,ofdm,dense,256,0,6317056.0,0.0,0.0,185274538.66666663,1595392.0,186880170.66666663,4243456,1,10240,0.0,0.0042724609375,0.0035400390625,0.0024929455727273,29,8192,16,0.0,6.620256644550289e-16,186880170.66666663,0.0110842999856686,0.0003946611762082,0.0114789611618768,3145728,256,qpsk,18,2,2.7308696822703773,low_sparse,42001,N256_qpsk_low_sparse_S18_42001_7d5aa44c
11,otfs:symbol:L4:K2,otfs,symbol,4,2,8938496.0,917504.0,6400.0,9862400.0,95248.0,9967888.0,2189320,1,10240,0.0001019214081661,0.0157470703125,0.013671875,0.0057498443140155,112,8192,16,2.0,0.0976229800071884,9967888.0,0.0186026000010315,0.0001546865557126,0.0187572865567441,45064,256,qpsk,18,2,2.7308696822703773,low_sparse,42001,N256_qpsk_low_sparse_S18_42001_7d5aa44c
12,otfs:symbol:L4:K8,otfs,symbol,4,8,8938496.0,917504.0,6400.0,9862400.0,255040.0,10127680.0,2189320,1,10240,0.0001019214081661,0.0,0.0001220703125,0.00048828125,1,8192,16,8.0,0.0097689428646784,10127680.0,0.0185461000073701,0.0002734678034054,0.0188195678107755,45064,256,qpsk,18,2,2.7308696822703773,low_sparse,42001,N256_qpsk_low_sparse_S18_42001_7d5aa44c
13,otfs:symbol:L8:K4,otfs,symbol,8,4,8938496.0,917504.0,12544.0,9868544.0,222240.0,10101024.0,2230280,1,10240,4.296145706139676e-05,0.000732421875,0.0009765625,0.0014263608268363,8,8192,16,4.0,0.0352613842038896,10101024.0,0.0185463999951025,0.0002096990516899,0.0187560990467924,86024,256,qpsk,18,2,2.7308696822703773,low_sparse,42001,N256_qpsk_low_sparse_S18_42001_7d5aa44c
14,otfs:symbol:L8:K16,otfs,symbol,8,16,8938496.0,917504.0,12544.0,9868544.0,738432.0,10617216.0,2230280,1,10240,4.296145706139676e-05,0.0,0.0,0.0,0,8192,16,16.0,0.0007663819995117,10617216.0,0.0186303999944357,0.0005904428068485,0.0192208428012842,86024,256,qpsk,18,2,2.7308696822703773,low_sparse,42001,N256_qpsk_low_sparse_S18_42001_7d5aa44c
15,otfs:symbol:L16:K8,otfs,symbol,16,8,8938496.0,917504.0,24832.0,9880832.0,672832.0,10563904.0,2312200,1,10240,9.832307740098578e-06,0.0,0.0,0.0,0,8192,16,8.0,0.0097683650128635,10563904.0,0.0194808000087505,0.0003487740492952,0.0198295740580457,167944,256,qpsk,18,2,2.7308696822703773,low_sparse,42001,N256_qpsk_low_sparse_S18_42001_7d5aa44c
16,otfs:symbol:L32:K16,otfs,symbol,32,16,8938496.0,917504.0,49408.0,9905408.0,2360448.0,12276096.0,2476040,1,10240,0.0,0.0,0.0,0.0,0,8192,16,16.0,0.0007666738725718,12276096.0,0.0189546999899903,0.0006166678046308,0.0195713677946211,331784,256,qpsk,18,2,2.7308696822703773,low_sparse,42001,N256_qpsk_low_sparse_S18_42001_7d5aa44c
17,otfs:time:L0:K2,otfs,time,0,2,25600.0,0.0,3328.0,28928.0,74768.0,113936.0,71688,1,10240,0.0,0.0157470703125,0.013671875,0.0062986388658582,112,8192,16,2.0,0.0975865049756393,113936.0,0.0005308000108925,0.0001911240512223,0.0007219240621149,24584,256,qpsk,18,2,2.7308696822703773,low_sparse,42001,N256_qpsk_low_sparse_S18_42001_7d5aa44c
18,otfs:time:L0:K4,otfs,time,0,4,25600.0,0.0,3328.0,28928.0,111648.0,150816.0,71688,1,10240,0.0,0.000732421875,0.0009765625,0.0014263608268363,8,8192,16,4.0,0.0352586529239037,150816.0,0.0005614999972749,0.0001984490515193,0.0007599490487943,24584,256,qpsk,18,2,2.7308696822703773,low_sparse,42001,N256_qpsk_low_sparse_S18_42001_7d5aa44c
19,otfs:time:L0:K8,otfs,time,0,8,25600.0,0.0,3328.0,28928.0,185408.0,224576.0,71688,1,10240,0.0,0.0,0.0,0.0,0,8192,16,8.0,0.0097678212159428,224576.0,0.0005216999998083,0.0002596865557886,0.0007813865555969,24584,256,qpsk,18,2,2.7308696822703773,low_sparse,42001,N256_qpsk_low_sparse_S18_42001_7d5aa44c
20,otfs:time:L0:K16,otfs,time,0,16,25600.0,0.0,3328.0,28928.0,332928.0,372096.0,71688,1,10240,0.0,0.0,0.0,0.0,0,8192,16,16.0,0.0007666738725718,372096.0,0.0005306000093696,0.0004472740535372,0.0009778740629068,24584,256,qpsk,18,2,2.7308696822703773,low_sparse,42001,N256_qpsk_low_sparse_S18_42001_7d5aa44c
21,otfs:dense:L256:K0,otfs,dense,256,0,8938496.0,0.0,0.0,187895978.66666663,1605632.0,189511850.66666663,4243456,1,10240,0.0,0.0,0.0,0.0,0,8192,16,0.0,3.726206953542347e-16,189511850.66666663,0.0204999999987194,0.0005154803008432,0.0210154802995627,3145728,256,qpsk,18,2,2.7308696822703773,low_sparse,42001,N256_qpsk_low_sparse_S18_42001_7d5aa44c
22,afdm:symbol:L4:K2,afdm,symbol,4,2,7916032.0,917504.0,6400.0,8839936.0,91152.0,8941328.0,2189320,1,10240,0.0001045912756374,0.0177001953125,0.01513671875,0.0055472417719116,124,8192,16,2.0,0.0980885697299857,8941328.0,0.0115833999880123,0.0001501132535188,0.0117335132415312,45064,256,qpsk,18,2,2.7308696822703773,low_sparse,42001,N256_qpsk_low_sparse_S18_42001_7d5aa44c
23,afdm:symbol:L4:K8,afdm,symbol,4,8,7916032.0,917504.0,6400.0,8839936.0,250944.0,9101120.0,2189320,1,10240,0.0001045912756374,0.0,0.0,0.0,0,8192,16,8.0,0.0101864142552127,9101120.0,0.0114116999902762,0.0002316320057864,0.0116433319960626,45064,256,qpsk,18,2,2.7308696822703773,low_sparse,42001,N256_qpsk_low_sparse_S18_42001_7d5aa44c
24,afdm:symbol:L8:K4,afdm,symbol,8,4,7916032.0,917504.0,12544.0,8846080.0,218144.0,9074464.0,2230280,1,10240,4.969318663239353e-05,0.001220703125,0.0013427734375,0.0021058455715671,11,8192,16,4.0,0.0356856849994991,9074464.0,0.0113525999768171,0.0001751695033156,0.0115277694801327,86024,256,qpsk,18,2,2.7308696822703773,low_sparse,42001,N256_qpsk_low_sparse_S18_42001_7d5aa44c
25,afdm:symbol:L8:K16,afdm,symbol,8,16,7916032.0,917504.0,12544.0,8846080.0,734336.0,9590656.0,2230280,1,10240,4.969318663239353e-05,0.0001220703125,0.0,0.0,0,8192,16,16.0,0.0007885002714858,9590656.0,0.0113943999895127,0.000404157005257,0.0117985569947698,86024,256,qpsk,18,2,2.7308696822703773,low_sparse,42001,N256_qpsk_low_sparse_S18_42001_7d5aa44c
26,afdm:symbol:L16:K8,afdm,symbol,16,8,7916032.0,917504.0,24832.0,8858368.0,668736.0,9537344.0,2312200,1,10240,2.4647645626374448e-05,0.0,0.0,0.0,0,8192,16,8.0,0.0101823285953225,9537344.0,0.0114502999931573,0.0002905507578609,0.0117408507510183,167944,256,qpsk,18,2,2.7308696822703773,low_sparse,42001,N256_qpsk_low_sparse_S18_42001_7d5aa44c
27,afdm:symbol:L32:K16,afdm,symbol,32,16,7916032.0,917504.0,49408.0,8882944.0,2356352.0,11249536.0,2476040,1,10240,1.029500361715563e-05,0.0001220703125,0.0,0.0,0,8192,16,16.0,0.0007885580341716,11249536.0,0.011689099992509,0.0007874570035048,0.0124765569960138,331784,256,qpsk,18,2,2.7308696822703773,low_sparse,42001,N256_qpsk_low_sparse_S18_42001_7d5aa44c
28,afdm:time:L0:K2,afdm,time,0,2,51712.0,0.0,3328.0,55040.0,70672.0,135952.0,71688,1,10240,0.0,0.017822265625,0.0152587890625,0.0055343328530709,125,8192,16,2.0,0.0980650002333579,135952.0,0.0010053999867523,0.0001366257508627,0.0011420257376151,24584,256,qpsk,18,2,2.7308696822703773,low_sparse,42001,N256_qpsk_low_sparse_S18_42001_7d5aa44c
29,afdm:time:L0:K4,afdm,time,0,4,51712.0,0.0,3328.0,55040.0,107552.0,172832.0,71688,1,10240,0.0,0.001220703125,0.00146484375,0.0020792603414936,12,8192,16,4.0,0.035679667282861,172832.0,0.0009742999827722,0.0001566320058621,0.0011309319886343,24584,256,qpsk,18,2,2.7308696822703773,low_sparse,42001,N256_qpsk_low_sparse_S18_42001_7d5aa44c
30,afdm:time:L0:K8,afdm,time,0,8,51712.0,0.0,3328.0,55040.0,181312.0,246592.0,71688,1,10240,0.0,0.0,0.0,0.0,0,8192,16,8.0,0.0101871766076933,246592.0,0.0009698999929241,0.0002350195052051,0.0012049194981293,24584,256,qpsk,18,2,2.7308696822703773,low_sparse,42001,N256_qpsk_low_sparse_S18_42001_7d5aa44c
31,afdm:time:L0:K16,afdm,time,0,16,51712.0,0.0,3328.0,55040.0,328832.0,394112.0,71688,1,10240,0.0,0.0001220703125,0.0,0.0,0,8192,16,16.0,0.0007874446830323,394112.0,0.0009779999963939,0.0003614570075362,0.0013394570039302,24584,256,qpsk,18,2,2.7308696822703773,low_sparse,42001,N256_qpsk_low_sparse_S18_42001_7d5aa44c
32,afdm:dense:L256:K0,afdm,dense,256,0,7916032.0,0.0,0.0,186873514.66666663,1601536.0,188485290.66666663,4243456,1,10240,0.0,0.0001220703125,0.0,0.0,0,8192,16,0.0,7.452094645766905e-16,188485290.66666663,0.0138582999934442,0.0004265507556986,0.0142848507491428,3145728,256,qpsk,18,2,2.7308696822703773,low_sparse,42001,N256_qpsk_low_sparse_S18_42001_7d5aa44c
0,ofdm:symbol:L4:K2,ofdm,symbol,4,2,6317056.0,917504.0,6400.0,7240960.0,85008.0,7336208.0,2189320,1,10240,0.0002268783358628,0.0,0.0,0.0,0,8192,16,2.0,0.0010778160743486,7336208.0,0.0095600000058766,0.0001203168569576,0.0096803168628343,45064,256,qpsk,18,2,3.948077306236649,low_sparse,42002,N256_qpsk_low_sparse_S18_42002_113df4e9
1,ofdm:symbol:L4:K8,ofdm,symbol,4,8,6317056.0,917504.0,6400.0,7240960.0,244800.0,7496000.0,2189320,1,10240,0.0002268783358628,0.0,0.0,0.0,0,8192,16,4.75,2.6619310101219225e-07,7409446.0,0.0092394999956013,0.0001677731090625,0.0094072731046639,45064,256,qpsk,18,2,3.948077306236649,low_sparse,42002,N256_qpsk_low_sparse_S18_42002_113df4e9
2,ofdm:symbol:L8:K4,ofdm,symbol,8,4,6317056.0,917504.0,12544.0,7247104.0,212000.0,7469344.0,2230280,1,10240,0.0001212562609913,0.0,0.0,0.0,0,8192,16,4.0,1.589234857812981e-06,7469344.0,0.0093377000011969,0.0001803606021371,0.009518060603334,86024,256,qpsk,18,2,3.948077306236649,low_sparse,42002,N256_qpsk_low_sparse_S18_42002_113df4e9
3,ofdm:symbol:L8:K16,ofdm,symbol,8,16,6317056.0,917504.0,12544.0,7247104.0,728192.0,7985536.0,2230280,1,10240,0.0001212562609913,0.0,0.0,0.0,0,8192,16,5.0,5.133026696855853e-08,7512360.0,0.0104408000042894,0.0003332856087967,0.0107740856130862,86024,256,qpsk,18,2,3.948077306236649,low_sparse,42002,N256_qpsk_low_sparse_S18_42002_113df4e9
4,ofdm:symbol:L16:K8,ofdm,symbol,16,8,6317056.0,917504.0,24832.0,7259392.0,662592.0,7932224.0,2312200,1,10240,5.669888882009477e-05,0.0,0.0,0.0,0,8192,16,5.0,1.011111486271715e-07,7704872.0,0.0107128999952692,0.0002324543577218,0.0109453543529911,167944,256,qpsk,18,2,3.948077306236649,low_sparse,42002,N256_qpsk_low_sparse_S18_42002_113df4e9
5,ofdm:symbol:L32:K16,ofdm,symbol,32,16,6317056.0,917504.0,49408.0,7283968.0,2350208.0,9644416.0,2476040,1,10240,2.776575981555673e-05,0.0,0.0,0.0,0,8192,16,5.0,8.032910835476498e-08,8089896.0,0.0098690000013448,0.0002545293602837,0.0101235293616286,331784,256,qpsk,18,2,3.948077306236649,low_sparse,42002,N256_qpsk_low_sparse_S18_42002_113df4e9
6,ofdm:time:L0:K2,ofdm,time,0,2,25600.0,0.0,3328.0,28928.0,64528.0,103696.0,71688,1,10240,0.0,0.0,0.0,0.0,0,8192,16,2.0,0.1090224576705387,103696.0,0.0005306000093696,0.000127360603294,0.0006579606126637,24584,256,qpsk,18,2,3.948077306236649,low_sparse,42002,N256_qpsk_low_sparse_S18_42002_113df4e9
7,ofdm:time:L0:K4,ofdm,time,0,4,25600.0,0.0,3328.0,28928.0,101408.0,140576.0,71688,1,10240,0.0,0.0,0.0,0.0,0,8192,16,4.0,0.0274017285573765,140576.0,0.0005149999924469,0.0001512793535243,0.0006662793459712,24584,256,qpsk,18,2,3.948077306236649,low_sparse,42002,N256_qpsk_low_sparse_S18_42002_113df4e9
8,ofdm:time:L0:K8,ofdm,time,0,8,25600.0,0.0,3328.0,28928.0,175168.0,214336.0,71688,1,10240,0.0,0.0,0.0,0.0,0,8192,16,8.0,0.0013113724506852,214336.0,0.0005145999894011,0.00022049810854,0.0007350980979412,24584,256,qpsk,18,2,3.948077306236649,low_sparse,42002,N256_qpsk_low_sparse_S18_42002_113df4e9
9,ofdm:time:L0:K16,ofdm,time,0,16,25600.0,0.0,3328.0,28928.0,322688.0,361856.0,71688,1,10240,0.0,0.0,0.0,0.0,0,8192,16,16.0,2.7052520574969536e-06,361856.0,0.0005096000095363,0.0003554043553253,0.0008650043648616,24584,256,qpsk,18,2,3.948077306236649,low_sparse,42002,N256_qpsk_low_sparse_S18_42002_113df4e9
10,ofdm:dense:L256:K0,ofdm,dense,256,0,6317056.0,0.0,0.0,185274538.66666663,1595392.0,186880170.66666663,4243456,1,10240,0.0,0.0,0.0,0.0,0,8192,16,0.0,6.928814556692418e-16,186880170.66666663,0.0111174000048777,0.0003598543519205,0.0114772543567982,3145728,256,qpsk,18,2,3.948077306236649,low_sparse,42002,N256_qpsk_low_sparse_S18_42002_113df4e9
11,otfs:symbol:L4:K2,otfs,symbol,4,2,8938496.0,917504.0,6400.0,9862400.0,95248.0,9967888.0,2189320,1,10240,0.0004024816543766,0.0001220703125,0.0,0.0,0,8192,16,2.0,0.1100956936933341,9967888.0,0.0216129999898839,0.0001546640194261,0.02176766400931,45064,256,qpsk,18,2,3.948077306236649,low_sparse,42002,N256_qpsk_low_sparse_S18_42002_113df4e9
12,otfs:symbol:L4:K8,otfs,symbol,4,8,8938496.0,917504.0,6400.0,9862400.0,255040.0,10127680.0,2189320,1,10240,0.0004024816543766,0.0,0.0,0.0,0,8192,16,8.0,0.0013031818427925,10127680.0,0.0215581999946152,0.0002595452658693,0.0218177452604846,45064,256,qpsk,18,2,3.948077306236649,low_sparse,42002,N256_qpsk_low_sparse_S18_42002_113df4e9
13,otfs:symbol:L8:K4,otfs,symbol,8,4,8938496.0,917504.0,12544.0,9868544.0,222240.0,10101024.0,2230280,1,10240,0.0002034472432795,0.0,0.0,0.0,0,8192,16,4.0,0.0277774011551036,10101024.0,0.0215714000078151,0.0001975077609655,0.0217689077687806,86024,256,qpsk,18,2,3.948077306236649,low_sparse,42002,N256_qpsk_low_sparse_S18_42002_113df4e9
14,otfs:symbol:L8:K16,otfs,symbol,8,16,8938496.0,917504.0,12544.0,9868544.0,738432.0,10617216.0,2230280,1,10240,0.0002034472432795,0.0,0.0,0.0,0,8192,16,16.0,2.6997130658563618e-06,10617216.0,0.021491599996807,0.0005494577660625,0.0220410577628695,86024,256,qpsk,18,2,3.948077306236649,low_sparse,42002,N256_qpsk_low_sparse_S18_42002_113df4e9
15,otfs:symbol:L16:K8,otfs,symbol,16,8,8938496.0,917504.0,24832.0,9880832.0,672832.0,10563904.0,2312200,1,10240,7.534013930143857e-05,0.0,0.0,0.0,0,8192,16,8.0,0.0013039987075235,10563904.0,0.0220677000033902,0.0003817015137952,0.0224494015171854,167944,256,qpsk,18,2,3.948077306236649,low_sparse,42002,N256_qpsk_low_sparse_S18_42002_113df4e9
16,otfs:symbol:L32:K16,otfs,symbol,32,16,8938496.0,917504.0,49408.0,9905408.0,2360448.0,12276096.0,2476040,1,10240,0.0,0.0,0.0,0.0,0,8192,16,16.0,2.7014529151426686e-06,12276096.0,0.0221573000017087,0.0005870265156386,0.0227443265173474,331784,256,qpsk,18,2,3.948077306236649,low_sparse,42002,N256_qpsk_low_sparse_S18_42002_113df4e9
17,otfs:time:L0:K2,otfs,time,0,2,25600.0,0.0,3328.0,28928.0,74768.0,113936.0,71688,1,10240,0.0,0.0001220703125,0.0001220703125,0.00048828125,1,8192,16,2.0,0.1100791790138337,113936.0,0.0005552000075113,0.0001452890098858,0.0007004890173971,24584,256,qpsk,18,2,3.948077306236649,low_sparse,42002,N256_qpsk_low_sparse_S18_42002_113df4e9
18,otfs:time:L0:K4,otfs,time,0,4,25600.0,0.0,3328.0,28928.0,111648.0,150816.0,71688,1,10240,0.0,0.0,0.0,0.0,0,8192,16,4.0,0.027774104343249,150816.0,0.0005273000133456,0.0001817702648236,0.0007090702781693,24584,256,qpsk,18,2,3.948077306236649,low_sparse,42002,N256_qpsk_low_sparse_S18_42002_113df4e9
19,otfs:time:L0:K8,otfs,time,0,8,25600.0,0.0,3328.0,28928.0,185408.0,224576.0,71688,1,10240,0.0,0.0,0.0,0.0,0,8192,16,8.0,0.0013040690525176,224576.0,0.0005326999962562,0.000266026516108,0.0007987265123643,24584,256,qpsk,18,2,3.948077306236649,low_sparse,42002,N256_qpsk_low_sparse_S18_42002_113df4e9
20,otfs:time:L0:K16,otfs,time,0,16,25600.0,0.0,3328.0,28928.0,332928.0,372096.0,71688,1,10240,0.0,0.0,0.0,0.0,0,8192,16,16.0,2.7014529151426677e-06,372096.0,0.0005201000167289,0.0004113452639626,0.0009314452806916,24584,256,qpsk,18,2,3.948077306236649,low_sparse,42002,N256_qpsk_low_sparse_S18_42002_113df4e9
21,otfs:dense:L256:K0,otfs,dense,256,0,8938496.0,0.0,0.0,187895978.66666663,1605632.0,189511850.66666663,4243456,1,10240,0.0,0.0,0.0,0.0,0,8192,16,0.0,3.57110317043476e-16,189511850.66666663,0.0239850000070873,0.000413945262842,0.0243989452699293,3145728,256,qpsk,18,2,3.948077306236649,low_sparse,42002,N256_qpsk_low_sparse_S18_42002_113df4e9
22,afdm:symbol:L4:K2,afdm,symbol,4,2,7916032.0,917504.0,6400.0,8839936.0,91152.0,8941328.0,2189320,1,10240,0.0004104600582751,0.000244140625,0.000244140625,0.0006671191904921,2,8192,16,2.0,0.1088945311231393,8941328.0,0.0127305000060005,0.0001533185621596,0.0128838185681602,45064,256,qpsk,18,2,3.948077306236649,low_sparse,42002,N256_qpsk_low_sparse_S18_42002_113df4e9
23,afdm:symbol:L4:K8,afdm,symbol,4,8,7916032.0,917504.0,6400.0,8839936.0,250944.0,9101120.0,2189320,1,10240,0.0004104600582751,0.0,0.0,0.0,0,8192,16,8.0,0.001309602767132,9101120.0,0.0108536000043386,0.0002394248120694,0.0110930248164081,45064,256,qpsk,18,2,3.948077306236649,low_sparse,42002,N256_qpsk_low_sparse_S18_42002_113df4e9
24,afdm:symbol:L8:K4,afdm,symbol,8,4,7916032.0,917504.0,12544.0,8846080.0,218144.0,9074464.0,2230280,1,10240,0.0002173571003409,0.0,0.0,0.0,0,8192,16,4.0,0.0278817924947125,9074464.0,0.0094587999919895,0.0001780435585246,0.0096368435505141,86024,256,qpsk,18,2,3.948077306236649,low_sparse,42002,N256_qpsk_low_sparse_S18_42002_113df4e9
25,afdm:symbol:L8:K16,afdm,symbol,8,16,7916032.0,917504.0,12544.0,8846080.0,734336.0,9590656.0,2230280,1,10240,0.0002173571003409,0.0,0.0,0.0,0,8192,16,16.0,2.6768546663309542e-06,9590656.0,0.0094223000050988,0.0004065248102492,0.009828824815348,86024,256,qpsk,18,2,3.948077306236649,low_sparse,42002,N256_qpsk_low_sparse_S18_42002_113df4e9
26,afdm:symbol:L16:K8,afdm,symbol,16,8,7916032.0,917504.0,24832.0,8858368.0,668736.0,9537344.0,2312200,1,10240,0.0001072091047005,0.0,0.0,0.0,0,8192,16,8.0,0.0013121250377753,9537344.0,0.0097531000064918,0.0002854998100233,0.0100385998165152,167944,256,qpsk,18,2,3.948077306236649,low_sparse,42002,N256_qpsk_low_sparse_S18_42002_113df4e9
27,afdm:symbol:L32:K16,afdm,symbol,32,16,7916032.0,917504.0,49408.0,8882944.0,2356352.0,11249536.0,2476040,1,10240,4.8657793018658246e-05,0.0,0.0,0.0,0,8192,16,16.0,2.692664432337312e-06,11249536.0,0.0099782000033883,0.0006188998102957,0.010597099813684,331784,256,qpsk,18,2,3.948077306236649,low_sparse,42002,N256_qpsk_low_sparse_S18_42002_113df4e9
28,afdm:time:L0:K2,afdm,time,0,2,51712.0,0.0,3328.0,55040.0,70672.0,135952.0,71688,1,10240,0.0,0.000244140625,0.000244140625,0.0006671191904921,2,8192,16,2.0,0.1088764974930304,135952.0,0.0005339000053936,0.0001314248100684,0.000665324815462,24584,256,qpsk,18,2,3.948077306236649,low_sparse,42002,N256_qpsk_low_sparse_S18_42002_113df4e9
29,afdm:time:L0:K4,afdm,time,0,4,51712.0,0.0,3328.0,55040.0,107552.0,172832.0,71688,1,10240,0.0,0.0,0.0,0.0,0,8192,16,4.0,0.0278934801595686,172832.0,0.0005135999963385,0.0001694748060331,0.0006830748023717,24584,256,qpsk,18,2,3.948077306236649,low_sparse,42002,N256_qpsk_low_sparse_S18_42002_113df4e9
30,afdm:time:L0:K8,afdm,time,0,8,51712.0,0.0,3328.0,55040.0,181312.0,246592.0,71688,1,10240,0.0,0.0,0.0,0.0,0,8192,16,8.0,0.0013111506607274,246592.0,0.0005084000003989,0.0002339498167643,0.0007423498171633,24584,256,qpsk,18,2,3.948077306236649,low_sparse,42002,N256_qpsk_low_sparse_S18_42002_113df4e9
31,afdm:time:L0:K16,afdm,time,0,16,51712.0,0.0,3328.0,55040.0,328832.0,394112.0,71688,1,10240,0.0,0.0,0.0,0.0,0,8192,16,16.0,2.67991142933014e-06,394112.0,0.0005040000105509,0.0003752060636984,0.0008792060742493,24584,256,qpsk,18,2,3.948077306236649,low_sparse,42002,N256_qpsk_low_sparse_S18_42002_113df4e9
32,afdm:dense:L256:K0,afdm,dense,256,0,7916032.0,0.0,0.0,186873514.66666663,1601536.0,188485290.66666663,4243456,1,10240,0.0,0.0,0.0,0.0,0,8192,16,0.0,6.649707689728907e-16,188485290.66666663,0.0114418999874033,0.0003851810650744,0.0118270810524777,3145728,256,qpsk,18,2,3.948077306236649,low_sparse,42002,N256_qpsk_low_sparse_S18_42002_113df4e9
0,ofdm:symbol:L4:K2,ofdm,symbol,4,2,6317056.0,917504.0,6400.0,7240960.0,85008.0,7336208.0,2189320,1,10240,0.0002322558089061,0.023681640625,0.0247802734375,0.0084299840536151,203,8192,16,2.0,0.0026245743980349,7336208.0,0.0090474999888101,0.0001262322006589,0.009173732189469,45064,256,qpsk,18,2,4.461818062620177,low_sparse,42003,N256_qpsk_low_sparse_S18_42003_022a4af6
1,ofdm:symbol:L4:K8,ofdm,symbol,4,8,6317056.0,917504.0,6400.0,7240960.0,244800.0,7496000.0,2189320,1,10240,0.0002322558089061,0.0233154296875,0.02392578125,0.0080212983496153,196,8192,16,6.0,1.7439879417028728e-07,7442736.0,0.0088257000024896,0.0001902884454686,0.0090159884479583,45064,256,qpsk,18,2,4.461818062620177,low_sparse,42003,N256_qpsk_low_sparse_S18_42003_022a4af6
2,ofdm:symbol:L8:K4,ofdm,symbol,8,4,6317056.0,917504.0,12544.0,7247104.0,212000.0,7469344.0,2230280,1,10240,0.0001090171322285,0.0242919921875,0.02392578125,0.0078611764833976,196,8192,16,4.0,4.40173497816785e-05,7469344.0,0.0087868999980855,0.000169332195059,0.0089562321931446,86024,256,qpsk,18,2,4.461818062620177,low_sparse,42003,N256_qpsk_low_sparse_S18_42003_022a4af6
3,ofdm:symbol:L8:K16,ofdm,symbol,8,16,6317056.0,917504.0,12544.0,7247104.0,728192.0,7985536.0,2230280,1,10240,0.0001090171322285,0.0242919921875,0.02392578125,0.0078611764833976,196,8192,16,6.0,3.556650867390765e-07,7555376.0,0.0088621999893803,0.0002108946932132,0.0090730946825935,86024,256,qpsk,18,2,4.461818062620177,low_sparse,42003,N256_qpsk_low_sparse_S18_42003_022a4af6
4,ofdm:symbol:L16:K8,ofdm,symbol,16,8,6317056.0,917504.0,24832.0,7259392.0,662592.0,7932224.0,2312200,1,10240,5.4924698911995584e-05,0.024658203125,0.0242919921875,0.0084375226055831,199,8192,16,6.6875,3.6798614553199513e-07,7832757.5,0.0089825999893946,0.0002340509440039,0.0092166509333985,167944,256,qpsk,18,2,4.461818062620177,low_sparse,42003,N256_qpsk_low_sparse_S18_42003_022a4af6
5,ofdm:symbol:L32:K16,ofdm,symbol,32,16,6317056.0,917504.0,49408.0,7283968.0,2350208.0,9644416.0,2476040,1,10240,2.635015247720585e-05,0.0244140625,0.0240478515625,0.0082777714171018,197,8192,16,6.25,6.511078951015126e-07,8266546.0,0.0091344999964348,0.0002854259450252,0.0094199259414601,331784,256,qpsk,18,2,4.461818062620177,low_sparse,42003,N256_qpsk_low_sparse_S18_42003_022a4af6
6,ofdm:time:L0:K2,ofdm,time,0,2,25600.0,0.0,3328.0,28928.0,64528.0,103696.0,71688,1,10240,0.0,0.028564453125,0.02978515625,0.0079895307065846,244,8192,16,2.0,0.0965724413849442,103696.0,0.0005842999962624,0.000118738447258,0.0007030384435204,24584,256,qpsk,18,2,4.461818062620177,low_sparse,42003,N256_qpsk_low_sparse_S18_42003_022a4af6
7,ofdm:time:L0:K4,ofdm,time,0,4,25600.0,0.0,3328.0,28928.0,101408.0,140576.0,71688,1,10240,0.0,0.025390625,0.0262451171875,0.00870456342607,215,8192,16,4.0,0.0335237592366618,140576.0,0.0005472999910125,0.0001514634445122,0.0006987634355248,24584,256,qpsk,18,2,4.461818062620177,low_sparse,42003,N256_qpsk_low_sparse_S18_42003_022a4af6
8,ofdm:time:L0:K8,ofdm,time,0,8,25600.0,0.0,3328.0,28928.0,175168.0,214336.0,71688,1,10240,0.0,0.024658203125,0.0245361328125,0.0078439714418235,201,8192,16,8.0,0.0088301364768377,214336.0,0.0005455000064102,0.0002300259415499,0.0007755259479601,24584,256,qpsk,18,2,4.461818062620177,low_sparse,42003,N256_qpsk_low_sparse_S18_42003_022a4af6
9,ofdm:time:L0:K16,ofdm,time,0,16,25600.0,0.0,3328.0,28928.0,322688.0,361856.0,71688,1,10240,0.0,0.0245361328125,0.0242919921875,0.0083770242398813,199,8192,16,16.0,0.0009721340784252,361856.0,0.000535300001502,0.0003594009471491,0.0008947009486512,24584,256,qpsk,18,2,4.461818062620177,low_sparse,42003,N256_qpsk_low_sparse_S18_42003_022a4af6
10,ofdm:dense:L256:K0,ofdm,dense,256,0,6317056.0,0.0,0.0,185274538.66666663,1595392.0,186880170.66666663,4243456,1,10240,0.0,0.024658203125,0.0242919921875,0.0083770242398813,199,8192,16,0.0,7.135698484838824e-16,186880170.66666663,0.0112873999896692,0.0003560696899733,0.0116434696796425,3145728,256,qpsk,18,2,4.461818062620177,low_sparse,42003,N256_qpsk_low_sparse_S18_42003_022a4af6
11,otfs:symbol:L4:K2,otfs,symbol,4,2,8938496.0,917504.0,6400.0,9862400.0,95248.0,9967888.0,2189320,1,10240,0.0005892580898922,0.0294189453125,0.0321044921875,0.0092430148857426,263,8192,16,2.0,0.0951946386044017,9967888.0,0.0173553000058745,0.0001546753785739,0.0175099753844485,45064,256,qpsk,18,2,4.461818062620177,low_sparse,42003,N256_qpsk_low_sparse_S18_42003_022a4af6
12,otfs:symbol:L4:K8,otfs,symbol,4,8,8938496.0,917504.0,6400.0,9862400.0,255040.0,10127680.0,2189320,1,10240,0.0005892580898922,0.00244140625,0.003662109375,0.0038323079824899,30,8192,16,8.0,0.0083452891432088,10127680.0,0.0170053000038024,0.0002616191207132,0.0172669191245156,45064,256,qpsk,18,2,4.461818062620177,low_sparse,42003,N256_qpsk_low_sparse_S18_42003_022a4af6
13,otfs:symbol:L8:K4,otfs,symbol,8,4,8938496.0,917504.0,12544.0,9868544.0,222240.0,10101024.0,2230280,1,10240,0.0002587403112094,0.006103515625,0.008056640625,0.0056998688621382,66,8192,16,4.0,0.0328931485110152,10101024.0,0.0174458000110462,0.000195956630953,0.0176417566419993,86024,256,qpsk,18,2,4.461818062620177,low_sparse,42003,N256_qpsk_low_sparse_S18_42003_022a4af6
14,otfs:symbol:L8:K16,otfs,symbol,8,16,8938496.0,917504.0,12544.0,9868544.0,738432.0,10617216.0,2230280,1,10240,0.0002587403112094,0.001708984375,0.0035400390625,0.0037885087385294,29,8192,16,16.0,0.0009392961063343,10617216.0,0.017185500008054,0.0004312128742392,0.0176167128822932,86024,256,qpsk,18,2,4.461818062620177,low_sparse,42003,N256_qpsk_low_sparse_S18_42003_022a4af6
15,otfs:symbol:L16:K8,otfs,symbol,16,8,8938496.0,917504.0,24832.0,9880832.0,672832.0,10563904.0,2312200,1,10240,0.0001044314781614,0.0020751953125,0.003173828125,0.003258461915688,26,8192,16,8.0,0.0083491964385035,10563904.0,0.0172950999985914,0.0002979816265658,0.0175930816251572,167944,256,qpsk,18,2,4.461818062620177,low_sparse,42003,N256_qpsk_low_sparse_S18_42003_022a4af6
16,otfs:symbol:L32:K16,otfs,symbol,32,16,8938496.0,917504.0,49408.0,9905408.0,2360448.0,12276096.0,2476040,1,10240,1.1102230246251563e-16,0.00146484375,0.00341796875,0.0030675049451535,28,8192,16,16.0,0.0009397362627747,12276096.0,0.0171918999985791,0.0006530503772162,0.0178449503757953,331784,256,qpsk,18,2,4.461818062620177,low_sparse,42003,N256_qpsk_low_sparse_S18_42003_022a4af6
17,otfs:time:L0:K2,otfs,time,0,2,25600.0,0.0,3328.0,28928.0,74768.0,113936.0,71688,1,10240,0.0,0.02978515625,0.0316162109375,0.00927734375,259,8192,16,2.0,0.0951136165063448,113936.0,0.0005147000047145,0.0001531941291184,0.0006678941338329,24584,256,qpsk,18,2,4.461818062620177,low_sparse,42003,N256_qpsk_low_sparse_S18_42003_022a4af6
18,otfs:time:L0:K4,otfs,time,0,4,25600.0,0.0,3328.0,28928.0,111648.0,150816.0,71688,1,10240,0.0,0.0057373046875,0.0081787109375,0.0056705131191833,67,8192,16,4.0,0.0328696078703094,150816.0,0.0005132000078447,0.0001837878810626,0.0006969878889073,24584,256,qpsk,18,2,4.461818062620177,low_sparse,42003,N256_qpsk_low_sparse_S18_42003_022a4af6
19,otfs:time:L0:K8,otfs,time,0,8,25600.0,0.0,3328.0,28928.0,185408.0,224576.0,71688,1,10240,0.0,0.001953125,0.0035400390625,0.0035814689103305,29,8192,16,8.0,0.0083512851873899,224576.0,0.0004737999988719,0.0002630628771591,0.0007368628760311,24584,256,qpsk,18,2,4.461818062620177,low_sparse,42003,N256_qpsk_low_sparse_S18_42003_022a4af6
20,otfs:time:L0:K16,otfs,time,0,16,25600.0,0.0,3328.0,28928.0,332928.0,372096.0,71688,1,10240,0.0,0.00146484375,0.00341796875,0.0030675049451535,28,8192,16,16.0,0.0009397362627747,372096.0,0.0004806999932043,0.0004024003776728,0.0008831003708771,24584,256,qpsk,18,2,4.461818062620177,low_sparse,42003,N256_qpsk_low_sparse_S18_42003_022a4af6
21,otfs:dense:L256:K0,otfs,dense,256,0,8938496.0,0.0,0.0,187895978.66666663,1605632.0,189511850.66666663,4243456,1,10240,0.0,0.00146484375,0.00341796875,0.0030675049451535,28,8192,16,0.0,3.5429163703613104e-16,189511850.66666663,0.019003600013093,0.000400419129867,0.0194040191429601,3145728,256,qpsk,18,2,4.461818062620177,low_sparse,42003,N256_qpsk_low_sparse_S18_42003_022a4af6
22,afdm:symbol:L4:K2,afdm,symbol,4,2,7916032.0,917504.0,6400.0,8839936.0,91152.0,8941328.0,2189320,1,10240,0.0005865950993799,0.0338134765625,0.0284423828125,0.0060080423497156,233,8192,16,2.0,0.0971735337405947,8941328.0,0.00968020001892,0.0001255178021892,0.0098057178211092,45064,256,qpsk,18,2,4.461818062620177,low_sparse,42003,N256_qpsk_low_sparse_S18_42003_022a4af6
23,afdm:symbol:L4:K8,afdm,symbol,4,8,7916032.0,917504.0,6400.0,8839936.0,250944.0,9101120.0,2189320,1,10240,0.0005865950993799,0.00390625,0.00341796875,0.0034572703248311,28,8192,16,8.0,0.0086990688029158,9101120.0,0.0096084000106202,0.0002415865565126,0.0098499865671328,45064,256,qpsk,18,2,4.461818062620177,low_sparse,42003,N256_qpsk_low_sparse_S18_42003_022a4af6
24,afdm:symbol:L8:K4,afdm,symbol,8,4,7916032.0,917504.0,12544.0,8846080.0,218144.0,9074464.0,2230280,1,10240,0.0002663883423015,0.0089111328125,0.0067138671875,0.0047290234425012,55,8192,16,4.0,0.0335802573841533,9074464.0,0.0095168999978341,0.0001679303040873,0.0096848303019214,86024,256,qpsk,18,2,4.461818062620177,low_sparse,42003,N256_qpsk_low_sparse_S18_42003_022a4af6
25,afdm:symbol:L8:K16,afdm,symbol,8,16,7916032.0,917504.0,12544.0,8846080.0,734336.0,9590656.0,2230280,1,10240,0.0002663883423015,0.0025634765625,0.0029296875,0.0026684767619686,24,8192,16,16.0,0.0009603023647955,9590656.0,0.009491100005107,0.0005592490588242,0.0100503490639312,86024,256,qpsk,18,2,4.461818062620177,low_sparse,42003,N256_qpsk_low_sparse_S18_42003_022a4af6
26,afdm:symbol:L16:K8,afdm,symbol,16,8,7916032.0,917504.0,24832.0,8858368.0,668736.0,9537344.0,2312200,1,10240,0.0001250823299694,0.0037841796875,0.0032958984375,0.0029160925890574,27,8192,16,8.0,0.0086258846340053,9537344.0,0.0105347000207984,0.0002802678018269,0.0108149678226254,167944,256,qpsk,18,2,4.461818062620177,low_sparse,42003,N256_qpsk_low_sparse_S18_42003_022a4af6
27,afdm:symbol:L32:K16,afdm,symbol,32,16,7916032.0,917504.0,49408.0,8882944.0,2356352.0,11249536.0,2476040,1,10240,4.477506188027558e-05,0.00244140625,0.002685546875,0.002457628396898,22,8192,16,16.0,0.0009598634401398,11249536.0,0.0102493000013055,0.000590811553593,0.0108401115548986,331784,256,qpsk,18,2,4.461818062620177,low_sparse,42003,N256_qpsk_low_sparse_S18_42003_022a4af6
28,afdm:time:L0:K2,afdm,time,0,2,51712.0,0.0,3328.0,55040.0,70672.0,135952.0,71688,1,10240,0.0,0.032958984375,0.0284423828125,0.0061750366868796,233,8192,16,2.0,0.0970870547822653,135952.0,0.0005361000075936,0.0001219053037857,0.0006580053113793,24584,256,qpsk,18,2,4.461818062620177,low_sparse,42003,N256_qpsk_low_sparse_S18_42003_022a4af6
29,afdm:time:L0:K4,afdm,time,0,4,51712.0,0.0,3328.0,55040.0,107552.0,172832.0,71688,1,10240,0.0,0.0089111328125,0.0068359375,0.0046219373305465,56,8192,16,4.0,0.0335154283857406,172832.0,0.0005068000173196,0.0001546428047731,0.0006614428220927,24584,256,qpsk,18,2,4.461818062620177,low_sparse,42003,N256_qpsk_low_sparse_S18_42003_022a4af6
30,afdm:time:L0:K8,afdm,time,0,8,51712.0,0.0,3328.0,55040.0,181312.0,246592.0,71688,1,10240,0.0,0.0040283203125,0.0032958984375,0.0030020363572147,27,8192,16,8.0,0.0086217398133485,246592.0,0.000495200001751,0.0002247053071187,0.0007199053088697,24584,256,qpsk,18,2,4.461818062620177,low_sparse,42003,N256_qpsk_low_sparse_S18_42003_022a4af6
31,afdm:time:L0:K16,afdm,time,0,16,51712.0,0.0,3328.0,55040.0,328832.0,394112.0,71688,1,10240,0.0,0.0025634765625,0.0028076171875,0.0024673104897965,23,8192,16,16.0,0.0009572146572647,394112.0,0.0004954000032739,0.0003719865562743,0.0008673865595483,24584,256,qpsk,18,2,4.461818062620177,low_sparse,42003,N256_qpsk_low_sparse_S18_42003_022a4af6
32,afdm:dense:L256:K0,afdm,dense,256,0,7916032.0,0.0,0.0,186873514.66666663,1601536.0,188485290.66666663,4243456,1,10240,0.0,0.0025634765625,0.0028076171875,0.0024673104897965,23,8192,16,0.0,6.262042471038374e-16,188485290.66666663,0.011794899997767,0.0003939553034797,0.0121888553012468,3145728,256,qpsk,18,2,4.461818062620177,low_sparse,42003,N256_qpsk_low_sparse_S18_42003_022a4af6
0,ofdm:symbol:L4:K2,ofdm,symbol,4,2,6317056.0,917504.0,6400.0,7240960.0,85008.0,7336208.0,2189320,1,10240,7.81609527544802e-05,0.055908203125,0.0562744140625,0.0087700532277839,461,8192,16,2.0,0.0002344367148157,7336208.0,0.0091092999937245,0.0001440890165681,0.0092533890102927,45064,256,qpsk,8,2,2.7308696822703773,low_sparse,42001,N256_qpsk_low_sparse_S8_42001_69d58ad4
1,ofdm:symbol:L4:K8,ofdm,symbol,4,8,6317056.0,917504.0,6400.0,7240960.0,244800.0,7496000.0,2189320,1,10240,7.81609527544802e-05,0.055908203125,0.0565185546875,0.0082700872461098,463,8192,16,4.0,7.359992659180435e-08,7389472.0,0.0097111000068252,0.0001589640170564,0.0098700640238817,45064,256,qpsk,8,2,2.7308696822703773,low_sparse,42001,N256_qpsk_low_sparse_S8_42001_69d58ad4
2,ofdm:symbol:L8:K4,ofdm,symbol,8,4,6317056.0,917504.0,12544.0,7247104.0,212000.0,7469344.0,2230280,1,10240,3.839244265080311e-05,0.05615234375,0.05615234375,0.0087491861600689,460,8192,16,4.0,1.208491337307703e-07,7469344.0,0.0089100999903166,0.0002890640163527,0.0091991640066694,86024,256,qpsk,8,2,2.7308696822703773,low_sparse,42001,N256_qpsk_low_sparse_S8_42001_69d58ad4
3,ofdm:symbol:L8:K16,ofdm,symbol,8,16,6317056.0,917504.0,12544.0,7247104.0,728192.0,7985536.0,2230280,1,10240,3.839244265080311e-05,0.05615234375,0.05615234375,0.0087491861600689,460,8192,16,4.0,1.208491337307703e-07,7469344.0,0.0087143999990075,0.0001728077669681,0.0088872077659757,86024,256,qpsk,8,2,2.7308696822703773,low_sparse,42001,N256_qpsk_low_sparse_S8_42001_69d58ad4
4,ofdm:symbol:L16:K8,ofdm,symbol,16,8,6317056.0,917504.0,24832.0,7259392.0,662592.0,7932224.0,2312200,1,10240,1.945094214572673e-05,0.055908203125,0.056640625,0.0088215545239345,464,8192,16,4.0,1.6279824045493586e-07,7629088.0,0.0091193999978713,0.0002177952639172,0.0093371952617885,167944,256,qpsk,8,2,2.7308696822703773,low_sparse,42001,N256_qpsk_low_sparse_S8_42001_69d58ad4
5,ofdm:symbol:L32:K16,ofdm,symbol,32,16,6317056.0,917504.0,49408.0,7283968.0,2350208.0,9644416.0,2476040,1,10240,9.606239135817596e-06,0.0557861328125,0.0565185546875,0.0092292475872639,463,8192,16,4.0,2.607567137895452e-07,7948576.0,0.0094160999869927,0.0002509827601457,0.0096670827471384,331784,256,qpsk,8,2,2.7308696822703773,low_sparse,42001,N256_qpsk_low_sparse_S8_42001_69d58ad4
6,ofdm:time:L0:K2,ofdm,time,0,2,25600.0,0.0,3328.0,28928.0,64528.0,103696.0,71688,1,10240,0.0,0.05517578125,0.0565185546875,0.0086016993891431,463,8192,16,2.0,0.089676669781136,103696.0,0.0005563000013353,0.0001232952664863,0.0006795952678217,24584,256,qpsk,8,2,2.7308696822703773,low_sparse,42001,N256_qpsk_low_sparse_S8_42001_69d58ad4
7,ofdm:time:L0:K4,ofdm,time,0,4,25600.0,0.0,3328.0,28928.0,101408.0,140576.0,71688,1,10240,0.0,0.05517578125,0.056396484375,0.0092953156517896,462,8192,16,4.0,0.0248291386342042,140576.0,0.0005588000058196,0.0001538015159453,0.000712601521765,24584,256,qpsk,8,2,2.7308696822703773,low_sparse,42001,N256_qpsk_low_sparse_S8_42001_69d58ad4
8,ofdm:time:L0:K8,ofdm,time,0,8,25600.0,0.0,3328.0,28928.0,175168.0,214336.0,71688,1,10240,0.0,0.055419921875,0.055908203125,0.0097493353723124,458,8192,16,8.0,0.0022558693700925,214336.0,0.0005248000088613,0.0002292202636013,0.0007540202724626,24584,256,qpsk,8,2,2.7308696822703773,low_sparse,42001,N256_qpsk_low_sparse_S8_42001_69d58ad4
9,ofdm:time:L0:K16,ofdm,time,0,16,25600.0,0.0,3328.0,28928.0,322688.0,361856.0,71688,1,10240,0.0,0.055419921875,0.055908203125,0.009723215203817,458,8192,16,16.0,1.5412952429290103e-05,361856.0,0.0005626000056508,0.0003829640137623,0.0009455640194132,24584,256,qpsk,8,2,2.7308696822703773,low_sparse,42001,N256_qpsk_low_sparse_S8_42001_69d58ad4
10,ofdm:dense:L256:K0,ofdm,dense,256,0,6317056.0,0.0,0.0,185274538.66666663,1595392.0,186880170.66666663,4243456,1,10240,0.0,0.055419921875,0.055908203125,0.009723215203817,458,8192,16,0.0,6.324685330037785e-16,186880170.66666663,0.0115581999998539,0.0003749452654588,0.0119331452653127,3145728,256,qpsk,8,2,2.7308696822703773,low_sparse,42001,N256_qpsk_low_sparse_S8_42001_69d58ad4
11,otfs:symbol:L4:K2,otfs,symbol,4,2,8938496.0,917504.0,6400.0,9862400.0,95248.0,9967888.0,2189320,1,10240,0.0001019214081661,0.05517578125,0.0528564453125,0.0109669606487289,433,8192,16,2.0,0.0894847338786045,9967888.0,0.0193616999895311,0.0001664607911924,0.0195281607807236,45064,256,qpsk,8,2,2.7308696822703773,low_sparse,42001,N256_qpsk_low_sparse_S8_42001_69d58ad4
12,otfs:symbol:L4:K8,otfs,symbol,4,8,8938496.0,917504.0,6400.0,9862400.0,255040.0,10127680.0,2189320,1,10240,0.0001019214081661,0.0389404296875,0.0386962890625,0.0110535774527336,317,8192,16,8.0,0.0022319140595926,10127680.0,0.0189743999944767,0.0002785420451662,0.0192529420396429,45064,256,qpsk,8,2,2.7308696822703773,low_sparse,42001,N256_qpsk_low_sparse_S8_42001_69d58ad4
13,otfs:symbol:L8:K4,otfs,symbol,8,4,8938496.0,917504.0,12544.0,9868544.0,222240.0,10101024.0,2230280,1,10240,4.296145706139676e-05,0.040283203125,0.0391845703125,0.0095807699562248,321,8192,16,4.0,0.0242738382757504,10101024.0,0.0198111999925458,0.0002384420463248,0.0200496420388707,86024,256,qpsk,8,2,2.7308696822703773,low_sparse,42001,N256_qpsk_low_sparse_S8_42001_69d58ad4
14,otfs:symbol:L8:K16,otfs,symbol,8,16,8938496.0,917504.0,12544.0,9868544.0,738432.0,10617216.0,2230280,1,10240,4.296145706139676e-05,0.0390625,0.0391845703125,0.0107325655297293,321,8192,16,16.0,1.519539113736681e-05,10617216.0,0.0194433999859029,0.0004784420448093,0.0199218420307123,86024,256,qpsk,8,2,2.7308696822703773,low_sparse,42001,N256_qpsk_low_sparse_S8_42001_69d58ad4
15,otfs:symbol:L16:K8,otfs,symbol,16,8,8938496.0,917504.0,24832.0,9880832.0,672832.0,10563904.0,2312200,1,10240,9.832307740098578e-06,0.0386962890625,0.0391845703125,0.0107798522927775,321,8192,16,8.0,0.0022317120284404,10563904.0,0.0200727999908849,0.0007934982909181,0.020866298281803,167944,256,qpsk,8,2,2.7308696822703773,low_sparse,42001,N256_qpsk_low_sparse_S8_42001_69d58ad4
16,otfs:symbol:L32:K16,otfs,symbol,32,16,8938496.0,917504.0,49408.0,9905408.0,2360448.0,12276096.0,2476040,1,10240,0.0,0.038818359375,0.0390625,0.0108628404242782,320,8192,16,16.0,1.5201211515836864e-05,12276096.0,0.0197550000011688,0.0006694107992051,0.0204244108003739,331784,256,qpsk,8,2,2.7308696822703773,low_sparse,42001,N256_qpsk_low_sparse_S8_42001_69d58ad4
17,otfs:time:L0:K2,otfs,time,0,2,25600.0,0.0,3328.0,28928.0,74768.0,113936.0,71688,1,10240,0.0,0.0550537109375,0.0521240234375,0.0101792295620807,427,8192,16,2.0,0.089453776407859,113936.0,0.000548299998627,0.0001539045501748,0.0007022045488018,24584,256,qpsk,8,2,2.7308696822703773,low_sparse,42001,N256_qpsk_low_sparse_S8_42001_69d58ad4
18,otfs:time:L0:K4,otfs,time,0,4,25600.0,0.0,3328.0,28928.0,111648.0,150816.0,71688,1,10240,0.0,0.04052734375,0.039306640625,0.0095383714430271,322,8192,16,4.0,0.0242758702038683,150816.0,0.0005617999995592,0.0002133795437519,0.0007751795433112,24584,256,qpsk,8,2,2.7308696822703773,low_sparse,42001,N256_qpsk_low_sparse_S8_42001_69d58ad4
19,otfs:time:L0:K8,otfs,time,0,8,25600.0,0.0,3328.0,28928.0,185408.0,224576.0,71688,1,10240,0.0,0.038818359375,0.0390625,0.0109560853999805,320,8192,16,8.0,0.0022317022770839,224576.0,0.0005364999960875,0.0002734045442456,0.0008099045403331,24584,256,qpsk,8,2,2.7308696822703773,low_sparse,42001,N256_qpsk_low_sparse_S8_42001_69d58ad4
20,otfs:time:L0:K16,otfs,time,0,16,25600.0,0.0,3328.0,28928.0,332928.0,372096.0,71688,1,10240,0.0,0.038818359375,0.0390625,0.0108628404242782,320,8192,16,16.0,1.5201211515836854e-05,372096.0,0.00054920000548,0.0004276607946711,0.0009768608001512,24584,256,qpsk,8,2,2.7308696822703773,low_sparse,42001,N256_qpsk_low_sparse_S8_42001_69d58ad4
21,otfs:dense:L256:K0,otfs,dense,256,0,8938496.0,0.0,0.0,187895978.66666663,1605632.0,189511850.66666663,4243456,1,10240,0.0,0.038818359375,0.0390625,0.0108628404242782,320,8192,16,0.0,3.38371959482147e-16,189511850.66666663,0.0215025999932549,0.000402992044187,0.021905592037442,3145728,256,qpsk,8,2,2.7308696822703773,low_sparse,42001,N256_qpsk_low_sparse_S8_42001_69d58ad4
22,afdm:symbol:L4:K2,afdm,symbol,4,2,7916032.0,917504.0,6400.0,8839936.0,91152.0,8941328.0,2189320,1,10240,0.0001045912756374,0.0560302734375,0.0528564453125,0.0119650494969522,433,8192,16,2.0,0.0894126416677227,8941328.0,0.0114147999993292,0.000134610795695,0.0115494107950243,45064,256,qpsk,8,2,2.7308696822703773,low_sparse,42001,N256_qpsk_low_sparse_S8_42001_69d58ad4
23,afdm:symbol:L4:K8,afdm,symbol,4,8,7916032.0,917504.0,6400.0,8839936.0,250944.0,9101120.0,2189320,1,10240,0.0001045912756374,0.035888671875,0.037353515625,0.0106709284215997,306,8192,16,8.0,0.002233938501969,9101120.0,0.0113944000040646,0.0002341295449613,0.011628529549026,45064,256,qpsk,8,2,2.7308696822703773,low_sparse,42001,N256_qpsk_low_sparse_S8_42001_69d58ad4
24,afdm:symbol:L8:K4,afdm,symbol,8,4,7916032.0,917504.0,12544.0,8846080.0,218144.0,9074464.0,2230280,1,10240,4.969318663239353e-05,0.0390625,0.0404052734375,0.0097452587108871,331,8192,16,4.0,0.0244540676819631,9074464.0,0.011120099996333,0.0001875357912385,0.0113076357875715,86024,256,qpsk,8,2,2.7308696822703773,low_sparse,42001,N256_qpsk_low_sparse_S8_42001_69d58ad4
25,afdm:symbol:L8:K16,afdm,symbol,8,16,7916032.0,917504.0,12544.0,8846080.0,734336.0,9590656.0,2230280,1,10240,4.969318663239353e-05,0.0360107421875,0.03759765625,0.0107569737251681,308,8192,16,16.0,1.5186452540795788e-05,9590656.0,0.0118264000047929,0.0007612357959177,0.0125876358007107,86024,256,qpsk,8,2,2.7308696822703773,low_sparse,42001,N256_qpsk_low_sparse_S8_42001_69d58ad4
26,afdm:symbol:L16:K8,afdm,symbol,16,8,7916032.0,917504.0,24832.0,8858368.0,668736.0,9537344.0,2312200,1,10240,2.4647645626374448e-05,0.036376953125,0.0372314453125,0.0108034180589378,305,8192,16,8.0,0.0022345324397297,9537344.0,0.0118309999961638,0.0003082670446846,0.0121392670408485,167944,256,qpsk,8,2,2.7308696822703773,low_sparse,42001,N256_qpsk_low_sparse_S8_42001_69d58ad4
27,afdm:symbol:L32:K16,afdm,symbol,32,16,7916032.0,917504.0,49408.0,8882944.0,2356352.0,11249536.0,2476040,1,10240,1.029500361715563e-05,0.03662109375,0.037353515625,0.0105510938707078,306,8192,16,16.0,1.5210744341031643e-05,11249536.0,0.0120151000010082,0.0006107545478616,0.0126258545488698,331784,256,qpsk,8,2,2.7308696822703773,low_sparse,42001,N256_qpsk_low_sparse_S8_42001_69d58ad4
28,afdm:time:L0:K2,afdm,time,0,2,51712.0,0.0,3328.0,55040.0,70672.0,135952.0,71688,1,10240,0.0,0.0555419921875,0.0528564453125,0.0117072154605404,433,8192,16,2.0,0.0894042583843336,135952.0,0.0005692000122508,0.0001604420413886,0.0007296420536394,24584,256,qpsk,8,2,2.7308696822703773,low_sparse,42001,N256_qpsk_low_sparse_S8_42001_69d58ad4
29,afdm:time:L0:K4,afdm,time,0,4,51712.0,0.0,3328.0,55040.0,107552.0,172832.0,71688,1,10240,0.0,0.0389404296875,0.040771484375,0.0105027772167328,334,8192,16,4.0,0.0244574039706887,172832.0,0.0005631000094581,0.000251823293266,0.0008149233027242,24584,256,qpsk,8,2,2.7308696822703773,low_sparse,42001,N256_qpsk_low_sparse_S8_42001_69d58ad4
30,afdm:time:L0:K8,afdm,time,0,8,51712.0,0.0,3328.0,55040.0,181312.0,246592.0,71688,1,10240,0.0,0.0362548828125,0.0372314453125,0.0110132410522486,305,8192,16,8.0,0.0022338315199032,246592.0,0.0005826000124216,0.0002325045407732,0.0008151045531948,24584,256,qpsk,8,2,2.7308696822703773,low_sparse,42001,N256_qpsk_low_sparse_S8_42001_69d58ad4
31,afdm:time:L0:K16,afdm,time,0,16,51712.0,0.0,3328.0,55040.0,328832.0,394112.0,71688,1,10240,0.0,0.036376953125,0.037109375,0.0107451463728009,304,8192,16,16.0,1.5178956852614745e-05,394112.0,0.0005733000143663,0.0003421232923673,0.0009154233067337,24584,256,qpsk,8,2,2.7308696822703773,low_sparse,42001,N256_qpsk_low_sparse_S8_42001_69d58ad4
32,afdm:dense:L256:K0,afdm,dense,256,0,7916032.0,0.0,0.0,186873514.66666663,1601536.0,188485290.66666663,4243456,1,10240,0.0,0.036376953125,0.037109375,0.0107451463728009,304,8192,16,0.0,6.477666486176255e-16,188485290.66666663,0.0138394000096013,0.0004077045469702,0.0142471045565716,3145728,256,qpsk,8,2,2.7308696822703773,low_sparse,42001,N256_qpsk_low_sparse_S8_42001_69d58ad4
0,ofdm:symbol:L4:K2,ofdm,symbol,4,2,6317056.0,917504.0,6400.0,7240960.0,85008.0,7336208.0,2189320,1,10240,0.0002268783358628,0.0316162109375,0.02978515625,0.0063187945617452,244,8192,16,2.0,0.0006964013629787,7336208.0,0.0095843999879434,0.000130922914457,0.0097153229024005,45064,256,qpsk,8,2,3.948077306236649,low_sparse,42002,N256_qpsk_low_sparse_S8_42002_5d575e30
1,ofdm:symbol:L4:K8,ofdm,symbol,4,8,6317056.0,917504.0,6400.0,7240960.0,244800.0,7496000.0,2189320,1,10240,0.0002268783358628,0.03173828125,0.0301513671875,0.0064568926116897,247,8192,16,4.0,3.573875028214704e-07,7389472.0,0.0091068000037921,0.000161047911013,0.0092678479148052,45064,256,qpsk,8,2,3.948077306236649,low_sparse,42002,N256_qpsk_low_sparse_S8_42002_5d575e30
2,ofdm:symbol:L8:K4,ofdm,symbol,8,4,6317056.0,917504.0,12544.0,7247104.0,212000.0,7469344.0,2230280,1,10240,0.0001212562609913,0.0322265625,0.0296630859375,0.0064667316918528,243,8192,16,4.0,6.284563786818529e-07,7469344.0,0.0089675999915925,0.0001611041668983,0.0091287041584909,86024,256,qpsk,8,2,3.948077306236649,low_sparse,42002,N256_qpsk_low_sparse_S8_42002_5d575e30
3,ofdm:symbol:L8:K16,ofdm,symbol,8,16,6317056.0,917504.0,12544.0,7247104.0,728192.0,7985536.0,2230280,1,10240,0.0001212562609913,0.0322265625,0.0296630859375,0.0064667316918528,243,8192,16,4.0,6.284563786818529e-07,7469344.0,0.0088275999878533,0.0001725541594968,0.0090001541473501,86024,256,qpsk,8,2,3.948077306236649,low_sparse,42002,N256_qpsk_low_sparse_S8_42002_5d575e30
4,ofdm:symbol:L16:K8,ofdm,symbol,16,8,6317056.0,917504.0,24832.0,7259392.0,662592.0,7932224.0,2312200,1,10240,5.669888882009477e-05,0.031982421875,0.02978515625,0.0065558311849865,244,8192,16,5.0,3.176219189747172e-08,7704872.0,0.0095651000010548,0.0002148166638907,0.0097799166649455,167944,256,qpsk,8,2,3.948077306236649,low_sparse,42002,N256_qpsk_low_sparse_S8_42002_5d575e30
5,ofdm:symbol:L32:K16,ofdm,symbol,32,16,6317056.0,917504.0,49408.0,7283968.0,2350208.0,9644416.0,2476040,1,10240,2.776575981555673e-05,0.0321044921875,0.02978515625,0.0063589142953514,244,8192,16,4.0,9.190107779657672e-07,7948576.0,0.0092726000002585,0.0002329666674885,0.009505566667747,331784,256,qpsk,8,2,3.948077306236649,low_sparse,42002,N256_qpsk_low_sparse_S8_42002_5d575e30
6,ofdm:time:L0:K2,ofdm,time,0,2,25600.0,0.0,3328.0,28928.0,64528.0,103696.0,71688,1,10240,0.0,0.03173828125,0.0303955078125,0.0060502230684545,249,8192,16,2.0,0.0932153470311026,103696.0,0.0005367999983718,0.0001177791671469,0.0006545791655188,24584,256,qpsk,8,2,3.948077306236649,low_sparse,42002,N256_qpsk_low_sparse_S8_42002_5d575e30
7,ofdm:time:L0:K4,ofdm,time,0,4,25600.0,0.0,3328.0,28928.0,101408.0,140576.0,71688,1,10240,0.0,0.0321044921875,0.029541015625,0.006253051013118,242,8192,16,4.0,0.0151795125399125,140576.0,0.0005497999954968,0.0001554291618848,0.0007052291573817,24584,256,qpsk,8,2,3.948077306236649,low_sparse,42002,N256_qpsk_low_sparse_S8_42002_5d575e30
8,ofdm:time:L0:K8,ofdm,time,0,8,25600.0,0.0,3328.0,28928.0,175168.0,214336.0,71688,1,10240,0.0,0.031982421875,0.029541015625,0.005788415815207,242,8192,16,8.0,0.0003185158778895,214336.0,0.0005294000002322,0.0002443604132967,0.0007737604135289,24584,256,qpsk,8,2,3.948077306236649,low_sparse,42002,N256_qpsk_low_sparse_S8_42002_5d575e30
9,ofdm:time:L0:K16,ofdm,time,0,16,25600.0,0.0,3328.0,28928.0,322688.0,361856.0,71688,1,10240,0.0,0.031982421875,0.029541015625,0.005788415815207,242,8192,16,14.0,9.16404725297416e-07,324976.0,0.0009483000030741,0.0007135979165358,0.0016618979196099,24584,256,qpsk,8,2,3.948077306236649,low_sparse,42002,N256_qpsk_low_sparse_S8_42002_5d575e30
10,ofdm:dense:L256:K0,ofdm,dense,256,0,6317056.0,0.0,0.0,185274538.66666663,1595392.0,186880170.66666663,4243456,1,10240,0.0,0.031982421875,0.029541015625,0.005788415815207,242,8192,16,0.0,6.379508009040584e-16,186880170.66666663,0.0118097000085981,0.0004444541644151,0.0122541541730132,3145728,256,qpsk,8,2,3.948077306236649,low_sparse,42002,N256_qpsk_low_sparse_S8_42002_5d575e30
11,otfs:symbol:L4:K2,otfs,symbol,4,2,8938496.0,917504.0,6400.0,9862400.0,95248.0,9967888.0,2189320,1,10240,0.0004024816543766,0.0279541015625,0.0289306640625,0.0073847326509832,237,8192,16,2.0,0.0930695619344378,9967888.0,0.0174877000099513,0.0005625695038995,0.0180502695138508,45064,256,qpsk,8,2,3.948077306236649,low_sparse,42002,N256_qpsk_low_sparse_S8_42002_5d575e30
12,otfs:symbol:L4:K8,otfs,symbol,4,8,8938496.0,917504.0,6400.0,9862400.0,255040.0,10127680.0,2189320,1,10240,0.0004024816543766,0.0191650390625,0.0208740234375,0.0066413430218434,171,8192,16,8.0,0.000314598835912,10127680.0,0.0189249000104609,0.0002659007586496,0.0191908007691105,45064,256,qpsk,8,2,3.948077306236649,low_sparse,42002,N256_qpsk_low_sparse_S8_42002_5d575e30
13,otfs:symbol:L8:K4,otfs,symbol,8,4,8938496.0,917504.0,12544.0,9868544.0,222240.0,10101024.0,2230280,1,10240,0.0002034472432795,0.0191650390625,0.02197265625,0.0062377810244809,180,8192,16,4.0,0.0152104890064613,10101024.0,0.0172108000115258,0.0002145882544661,0.017425388265992,86024,256,qpsk,8,2,3.948077306236649,low_sparse,42002,N256_qpsk_low_sparse_S8_42002_5d575e30
14,otfs:symbol:L8:K16,otfs,symbol,8,16,8938496.0,917504.0,12544.0,9868544.0,738432.0,10617216.0,2230280,1,10240,0.0002034472432795,0.018310546875,0.0208740234375,0.0056928931296725,171,8192,16,14.0625,8.868571807184411e-07,10533872.5,0.0174650000117253,0.000441888256291,0.0179068882680164,86024,256,qpsk,8,2,3.948077306236649,low_sparse,42002,N256_qpsk_low_sparse_S8_42002_5d575e30
15,otfs:symbol:L16:K8,otfs,symbol,16,8,8938496.0,917504.0,24832.0,9880832.0,672832.0,10563904.0,2312200,1,10240,7.534013930143857e-05,0.018310546875,0.0205078125,0.0058810363492896,168,8192,16,8.0,0.0003150129946694,10563904.0,0.0173604000010527,0.0002937070102868,0.0176541070113395,167944,256,qpsk,8,2,3.948077306236649,low_sparse,42002,N256_qpsk_low_sparse_S8_42002_5d575e30
16,otfs:symbol:L32:K16,otfs,symbol,32,16,8938496.0,917504.0,49408.0,9905408.0,2360448.0,12276096.0,2476040,1,10240,0.0,0.0184326171875,0.020263671875,0.0056099244595097,166,8192,16,14.0625,8.881626633453764e-07,12002288.5,0.0175670000026002,0.0005826195083224,0.0181496195109227,331784,256,qpsk,8,2,3.948077306236649,low_sparse,42002,N256_qpsk_low_sparse_S8_42002_5d575e30
17,otfs:time:L0:K2,otfs,time,0,2,25600.0,0.0,3328.0,28928.0,74768.0,113936.0,71688,1,10240,0.0,0.0279541015625,0.029296875,0.0086468529770229,240,8192,16,2.0,0.0930822495054158,113936.0,0.0005985000025248,0.0001508570103121,0.0007493570128369,24584,256,qpsk,8,2,3.948077306236649,low_sparse,42002,N256_qpsk_low_sparse_S8_42002_5d575e30
18,otfs:time:L0:K4,otfs,time,0,4,25600.0,0.0,3328.0,28928.0,111648.0,150816.0,71688,1,10240,0.0,0.01953125,0.021728515625,0.005788415815207,178,8192,16,4.0,0.0152183403557289,150816.0,0.0006002000009175,0.0001962070072929,0.0007964070082104,24584,256,qpsk,8,2,3.948077306236649,low_sparse,42002,N256_qpsk_low_sparse_S8_42002_5d575e30
19,otfs:time:L0:K8,otfs,time,0,8,25600.0,0.0,3328.0,28928.0,185408.0,224576.0,71688,1,10240,0.0,0.0185546875,0.020263671875,0.0056099244595097,166,8192,16,8.0,0.0003150419446062,224576.0,0.0005267000087769,0.000253482007765,0.000780182016542,24584,256,qpsk,8,2,3.948077306236649,low_sparse,42002,N256_qpsk_low_sparse_S8_42002_5d575e30
20,otfs:time:L0:K16,otfs,time,0,16,25600.0,0.0,3328.0,28928.0,332928.0,372096.0,71688,1,10240,0.0,0.0184326171875,0.020263671875,0.0056099244595097,166,8192,16,14.0625,8.881626633453758e-07,336368.5,0.0007020000048214,0.0004663007593714,0.0011683007641929,24584,256,qpsk,8,2,3.948077306236649,low_sparse,42002,N256_qpsk_low_sparse_S8_42002_5d575e30
21,otfs:dense:L256:K0,otfs,dense,256,0,8938496.0,0.0,0.0,187895978.66666663,1605632.0,189511850.66666663,4243456,1,10240,0.0,0.0184326171875,0.020263671875,0.0056099244595097,166,8192,16,0.0,3.3022365415013964e-16,189511850.66666663,0.0217739000072469,0.0004688882545176,0.0222427882617645,3145728,256,qpsk,8,2,3.948077306236649,low_sparse,42002,N256_qpsk_low_sparse_S8_42002_5d575e30
22,afdm:symbol:L4:K2,afdm,symbol,4,2,7916032.0,917504.0,6400.0,8839936.0,91152.0,8941328.0,2189320,1,10240,0.0004104600582751,0.0291748046875,0.0296630859375,0.0074532898058953,243,8192,16,2.0,0.0917896627302841,8941328.0,0.0100145999895175,0.0001302378785829,0.0101448378681005,45064,256,qpsk,8,2,3.948077306236649,low_sparse,42002,N256_qpsk_low_sparse_S8_42002_5d575e30
23,afdm:symbol:L4:K8,afdm,symbol,4,8,7916032.0,917504.0,6400.0,8839936.0,250944.0,9101120.0,2189320,1,10240,0.0004104600582751,0.0205078125,0.01953125,0.0062986388658582,160,8192,16,8.0,0.000313677559514,9101120.0,0.0099710999784292,0.0002708753808099,0.0102419753592392,45064,256,qpsk,8,2,3.948077306236649,low_sparse,42002,N256_qpsk_low_sparse_S8_42002_5d575e30
24,afdm:symbol:L8:K4,afdm,symbol,8,4,7916032.0,917504.0,12544.0,8846080.0,218144.0,9074464.0,2230280,1,10240,0.0002173571003409,0.0208740234375,0.019775390625,0.0059615654704173,162,8192,16,4.0,0.0153357030060279,9074464.0,0.0102596999786328,0.0001725816290479,0.0104322816076808,86024,256,qpsk,8,2,3.948077306236649,low_sparse,42002,N256_qpsk_low_sparse_S8_42002_5d575e30
25,afdm:symbol:L8:K16,afdm,symbol,8,16,7916032.0,917504.0,12544.0,8846080.0,734336.0,9590656.0,2230280,1,10240,0.0002173571003409,0.020263671875,0.01953125,0.0067281305639394,160,8192,16,14.0,9.137371337638696e-07,9504624.0,0.0100542999862227,0.0004707128799771,0.0105250128661998,86024,256,qpsk,8,2,3.948077306236649,low_sparse,42002,N256_qpsk_low_sparse_S8_42002_5d575e30
26,afdm:symbol:L16:K8,afdm,symbol,16,8,7916032.0,917504.0,24832.0,8858368.0,668736.0,9537344.0,2312200,1,10240,0.0001072091047005,0.0203857421875,0.01953125,0.0065364064572974,160,8192,16,8.0,0.00031456311037,9537344.0,0.0102942999947117,0.0002960753807917,0.0105903753755035,167944,256,qpsk,8,2,3.948077306236649,low_sparse,42002,N256_qpsk_low_sparse_S8_42002_5d575e30
27,afdm:symbol:L32:K16,afdm,symbol,32,16,7916032.0,917504.0,49408.0,8882944.0,2356352.0,11249536.0,2476040,1,10240,4.8657793018658246e-05,0.02001953125,0.019287109375,0.0067234040929916,158,8192,16,14.0,9.189685236891012e-07,10966896.0,0.0103545000019948,0.000557687877407,0.0109121878794019,331784,256,qpsk,8,2,3.948077306236649,low_sparse,42002,N256_qpsk_low_sparse_S8_42002_5d575e30
28,afdm:time:L0:K2,afdm,time,0,2,51712.0,0.0,3328.0,55040.0,70672.0,135952.0,71688,1,10240,0.0,0.02880859375,0.0294189453125,0.0072193006165141,241,8192,16,2.0,0.0918082661943062,135952.0,0.0005966999888187,0.0001877066296208,0.0007844066184395,24584,256,qpsk,8,2,3.948077306236649,low_sparse,42002,N256_qpsk_low_sparse_S8_42002_5d575e30
29,afdm:time:L0:K4,afdm,time,0,4,51712.0,0.0,3328.0,55040.0,107552.0,172832.0,71688,1,10240,0.0,0.021240234375,0.019775390625,0.0060881969222687,162,8192,16,4.0,0.0153384707819902,172832.0,0.0005903999845031,0.0001807316301699,0.0007711316146731,24584,256,qpsk,8,2,3.948077306236649,low_sparse,42002,N256_qpsk_low_sparse_S8_42002_5d575e30
30,afdm:time:L0:K8,afdm,time,0,8,51712.0,0.0,3328.0,55040.0,181312.0,246592.0,71688,1,10240,0.0,0.02001953125,0.0194091796875,0.0069683511160832,159,8192,16,8.0,0.0003144080384317,246592.0,0.0005911999905947,0.0002290941264425,0.0008202941170373,24584,256,qpsk,8,2,3.948077306236649,low_sparse,42002,N256_qpsk_low_sparse_S8_42002_5d575e30
31,afdm:time:L0:K16,afdm,time,0,16,51712.0,0.0,3328.0,55040.0,328832.0,394112.0,71688,1,10240,0.0,0.0198974609375,0.01953125,0.0070240124787818,160,8192,16,14.0,9.1517054784171e-07,357232.0,0.0006155999872134,0.0003418191280423,0.0009574191152558,24584,256,qpsk,8,2,3.948077306236649,low_sparse,42002,N256_qpsk_low_sparse_S8_42002_5d575e30
32,afdm:dense:L256:K0,afdm,dense,256,0,7916032.0,0.0,0.0,186873514.66666663,1601536.0,188485290.66666663,4243456,1,10240,0.0,0.0198974609375,0.01953125,0.0070240124787818,160,8192,16,0.0,5.806045686047472e-16,188485290.66666663,0.013369899985264,0.0003882378795231,0.0137581378647871,3145728,256,qpsk,8,2,3.948077306236649,low_sparse,42002,N256_qpsk_low_sparse_S8_42002_5d575e30
0,ofdm:symbol:L4:K2,ofdm,symbol,4,2,6317056.0,917504.0,6400.0,7240960.0,85008.0,7336208.0,2189320,1,10240,0.0002322558089061,0.1043701171875,0.1065673828125,0.0118475721058392,873,8192,16,2.0,0.000902238619925,7336208.0,0.0093983999977353,0.0001259376918879,0.0095243376896233,45064,256,qpsk,8,2,4.461818062620177,low_sparse,42003,N256_qpsk_low_sparse_S8_42003_f5972856
1,ofdm:symbol:L4:K8,ofdm,symbol,4,8,6317056.0,917504.0,6400.0,7240960.0,244800.0,7496000.0,2189320,1,10240,0.0002322558089061,0.1046142578125,0.106201171875,0.011363428287335,870,8192,16,4.0,7.208216249664068e-07,7389472.0,0.0091814000043086,0.0001549751901675,0.0093363751944762,45064,256,qpsk,8,2,4.461818062620177,low_sparse,42003,N256_qpsk_low_sparse_S8_42003_f5972856
2,ofdm:symbol:L8:K4,ofdm,symbol,8,4,6317056.0,917504.0,12544.0,7247104.0,212000.0,7469344.0,2230280,1,10240,0.0001090171322285,0.1046142578125,0.1075439453125,0.0121129184583692,881,8192,16,4.0,1.979555459195728e-06,7469344.0,0.0090170999901602,0.0001608564358376,0.0091779564259978,86024,256,qpsk,8,2,4.461818062620177,low_sparse,42003,N256_qpsk_low_sparse_S8_42003_f5972856
3,ofdm:symbol:L8:K16,ofdm,symbol,8,16,6317056.0,917504.0,12544.0,7247104.0,728192.0,7985536.0,2230280,1,10240,0.0001090171322285,0.1046142578125,0.1075439453125,0.0121129184583692,881,8192,16,5.0,6.737213348556461e-08,7512360.0,0.0089812999940477,0.0001849064407052,0.0091662064347529,86024,256,qpsk,8,2,4.461818062620177,low_sparse,42003,N256_qpsk_low_sparse_S8_42003_f5972856
4,ofdm:symbol:L16:K8,ofdm,symbol,16,8,6317056.0,917504.0,24832.0,7259392.0,662592.0,7932224.0,2312200,1,10240,5.4924698911995584e-05,0.10400390625,0.1068115234375,0.0121600659027321,875,8192,16,5.0,1.3820384414768374e-07,7704872.0,0.0092351999919628,0.0002096564427175,0.0094448564346803,167944,256,qpsk,8,2,4.461818062620177,low_sparse,42003,N256_qpsk_low_sparse_S8_42003_f5972856
5,ofdm:symbol:L32:K16,ofdm,symbol,32,16,6317056.0,917504.0,49408.0,7283968.0,2350208.0,9644416.0,2476040,1,10240,2.635015247720585e-05,0.1041259765625,0.10693359375,0.0129063981781243,876,8192,16,5.0,1.1769710208884973e-07,8089896.0,0.0095751000044401,0.0003488689440983,0.0099239689485385,331784,256,qpsk,8,2,4.461818062620177,low_sparse,42003,N256_qpsk_low_sparse_S8_42003_f5972856
6,ofdm:time:L0:K2,ofdm,time,0,2,25600.0,0.0,3328.0,28928.0,64528.0,103696.0,71688,1,10240,0.0,0.104248046875,0.108642578125,0.0133018184785855,890,8192,16,2.0,0.0763488072510103,103696.0,0.000601399995503,0.0001339064398107,0.0007353064353138,24584,256,qpsk,8,2,4.461818062620177,low_sparse,42003,N256_qpsk_low_sparse_S8_42003_f5972856
7,ofdm:time:L0:K4,ofdm,time,0,4,25600.0,0.0,3328.0,28928.0,101408.0,140576.0,71688,1,10240,0.0,0.1046142578125,0.1080322265625,0.0128514783985976,885,8192,16,4.0,0.014676346370166,140576.0,0.0005448000010801,0.0001490251930645,0.0006938251941447,24584,256,qpsk,8,2,4.461818062620177,low_sparse,42003,N256_qpsk_low_sparse_S8_42003_f5972856
8,ofdm:time:L0:K8,ofdm,time,0,8,25600.0,0.0,3328.0,28928.0,175168.0,214336.0,71688,1,10240,0.0,0.104248046875,0.107421875,0.0128372474415273,880,8192,16,8.0,0.0006169438556214,214336.0,0.0005122000002302,0.000209143940634,0.0007213439408642,24584,256,qpsk,8,2,4.461818062620177,low_sparse,42003,N256_qpsk_low_sparse_S8_42003_f5972856
9,ofdm:time:L0:K16,ofdm,time,0,16,25600.0,0.0,3328.0,28928.0,322688.0,361856.0,71688,1,10240,0.0,0.1043701171875,0.1075439453125,0.0128663113111794,881,8192,16,16.0,9.93792090405684e-07,361856.0,0.000527600001078,0.0003712126923401,0.0008988126934182,24584,256,qpsk,8,2,4.461818062620177,low_sparse,42003,N256_qpsk_low_sparse_S8_42003_f5972856
10,ofdm:dense:L256:K0,ofdm,dense,256,0,6317056.0,0.0,0.0,185274538.66666663,1595392.0,186880170.66666663,4243456,1,10240,0.0,0.1043701171875,0.1075439453125,0.0128663113111794,881,8192,16,0.0,6.046820639451395e-16,186880170.66666663,0.0120268000027863,0.0005815251939621,0.0126083251967484,3145728,256,qpsk,8,2,4.461818062620177,low_sparse,42003,N256_qpsk_low_sparse_S8_42003_f5972856
11,otfs:symbol:L4:K2,otfs,symbol,4,2,8938496.0,917504.0,6400.0,9862400.0,95248.0,9967888.0,2189320,1,10240,0.0005892580898922,0.0992431640625,0.1082763671875,0.0154773089944379,887,8192,16,2.0,0.0749193966093982,9967888.0,0.0327128000062657,0.0001659924240756,0.0328787924303414,45064,256,qpsk,8,2,4.461818062620177,low_sparse,42003,N256_qpsk_low_sparse_S8_42003_f5972856
12,otfs:symbol:L4:K8,otfs,symbol,4,8,8938496.0,917504.0,6400.0,9862400.0,255040.0,10127680.0,2189320,1,10240,0.0005892580898922,0.0902099609375,0.10205078125,0.0163020625332668,836,8192,16,8.0,0.0006044945396606,10127680.0,0.0337536000151885,0.0004595861731958,0.0342131861883844,45064,256,qpsk,8,2,4.461818062620177,low_sparse,42003,N256_qpsk_low_sparse_S8_42003_f5972856
13,otfs:symbol:L8:K4,otfs,symbol,8,4,8938496.0,917504.0,12544.0,9868544.0,222240.0,10101024.0,2230280,1,10240,0.0002587403112094,0.0897216796875,0.1019287109375,0.0163444201670579,835,8192,16,4.0,0.0145204741425403,10101024.0,0.0339353000017581,0.0002329736729679,0.034168273674726,86024,256,qpsk,8,2,4.461818062620177,low_sparse,42003,N256_qpsk_low_sparse_S8_42003_f5972856
14,otfs:symbol:L8:K16,otfs,symbol,8,16,8938496.0,917504.0,12544.0,9868544.0,738432.0,10617216.0,2230280,1,10240,0.0002587403112094,0.0897216796875,0.1007080078125,0.0175993614485528,825,8192,16,16.0,9.687709704280584e-07,10617216.0,0.0329158000095048,0.000473042421976,0.0333888424314808,86024,256,qpsk,8,2,4.461818062620177,low_sparse,42003,N256_qpsk_low_sparse_S8_42003_f5972856
15,otfs:symbol:L16:K8,otfs,symbol,16,8,8938496.0,917504.0,24832.0,9880832.0,672832.0,10563904.0,2312200,1,10240,0.0001044314781614,0.0887451171875,0.1011962890625,0.0175595786129986,829,8192,16,8.0,0.0006049394835011,10563904.0,0.032797500010929,0.0003054611746792,0.0331029611856083,167944,256,qpsk,8,2,4.461818062620177,low_sparse,42003,N256_qpsk_low_sparse_S8_42003_f5972856
16,otfs:symbol:L32:K16,otfs,symbol,32,16,8938496.0,917504.0,49408.0,9905408.0,2360448.0,12276096.0,2476040,1,10240,1.1102230246251563e-16,0.0887451171875,0.101318359375,0.0177275908233391,830,8192,16,16.0,9.697405753481184e-07,12276096.0,0.0328840000147465,0.0005871049246651,0.0334711049394117,331784,256,qpsk,8,2,4.461818062620177,low_sparse,42003,N256_qpsk_low_sparse_S8_42003_f5972856
17,otfs:time:L0:K2,otfs,time,0,2,25600.0,0.0,3328.0,28928.0,74768.0,113936.0,71688,1,10240,0.0,0.098388671875,0.107177734375,0.0152439706692292,878,8192,16,2.0,0.0749108881436328,113936.0,0.0012102000036975,0.0001511549238729,0.0013613549275705,24584,256,qpsk,8,2,4.461818062620177,low_sparse,42003,N256_qpsk_low_sparse_S8_42003_f5972856
18,otfs:time:L0:K4,otfs,time,0,4,25600.0,0.0,3328.0,28928.0,111648.0,150816.0,71688,1,10240,0.0,0.0888671875,0.1015625,0.0166187870204551,832,8192,16,4.0,0.0145228490086011,150816.0,0.0011785000097006,0.0001887361699063,0.001367236179607,24584,256,qpsk,8,2,4.461818062620177,low_sparse,42003,N256_qpsk_low_sparse_S8_42003_f5972856
19,otfs:time:L0:K8,otfs,time,0,8,25600.0,0.0,3328.0,28928.0,185408.0,224576.0,71688,1,10240,0.0,0.0887451171875,0.1009521484375,0.0175088151800397,827,8192,16,8.0,0.0006053797305699,224576.0,0.0011705000069923,0.0002592986733306,0.001429798680323,24584,256,qpsk,8,2,4.461818062620177,low_sparse,42003,N256_qpsk_low_sparse_S8_42003_f5972856
20,otfs:time:L0:K16,otfs,time,0,16,25600.0,0.0,3328.0,28928.0,332928.0,372096.0,71688,1,10240,0.0,0.0887451171875,0.101318359375,0.0177275908233391,830,8192,16,16.0,9.69740575348117e-07,372096.0,0.0011805999965872,0.0004452736751717,0.001625873671759,24584,256,qpsk,8,2,4.461818062620177,low_sparse,42003,N256_qpsk_low_sparse_S8_42003_f5972856
21,otfs:dense:L256:K0,otfs,dense,256,0,8938496.0,0.0,0.0,187895978.66666663,1605632.0,189511850.66666663,4243456,1,10240,0.0,0.0887451171875,0.101318359375,0.0177275908233391,830,8192,16,0.0,3.0249086666608198e-16,189511850.66666663,0.0341922000079648,0.000403436174014,0.0345956361819789,3145728,256,qpsk,8,2,4.461818062620177,low_sparse,42003,N256_qpsk_low_sparse_S8_42003_f5972856
22,afdm:symbol:L4:K2,afdm,symbol,4,2,7916032.0,917504.0,6400.0,8839936.0,91152.0,8941328.0,2189320,1,10240,0.0005865950993799,0.1083984375,0.1033935546875,0.0133131653525411,847,8192,16,2.0,0.0772977572584723,8941328.0,0.0098631000291788,0.0001297172376518,0.0099928172668307,45064,256,qpsk,8,2,4.461818062620177,low_sparse,42003,N256_qpsk_low_sparse_S8_42003_f5972856
23,afdm:symbol:L4:K8,afdm,symbol,4,8,7916032.0,917504.0,6400.0,8839936.0,250944.0,9101120.0,2189320,1,10240,0.0005865950993799,0.099365234375,0.09521484375,0.0106381084885209,780,8192,16,8.0,0.0006117171745814,9101120.0,0.0094455000216839,0.0002358047423706,0.0096813047640545,45064,256,qpsk,8,2,4.461818062620177,low_sparse,42003,N256_qpsk_low_sparse_S8_42003_f5972856
24,afdm:symbol:L8:K4,afdm,symbol,8,4,7916032.0,917504.0,12544.0,8846080.0,218144.0,9074464.0,2230280,1,10240,0.0002663883423015,0.099853515625,0.09521484375,0.0113326140530789,780,8192,16,4.0,0.0145485072847783,9074464.0,0.0095112000126391,0.0001827859842898,0.009693985996929,86024,256,qpsk,8,2,4.461818062620177,low_sparse,42003,N256_qpsk_low_sparse_S8_42003_f5972856
25,afdm:symbol:L8:K16,afdm,symbol,8,16,7916032.0,917504.0,12544.0,8846080.0,734336.0,9590656.0,2230280,1,10240,0.0002663883423015,0.0994873046875,0.0958251953125,0.0112869390934803,785,8192,16,16.0,9.887690423553097e-07,9590656.0,0.0094843000115361,0.0004025359877425,0.0098868359992786,86024,256,qpsk,8,2,4.461818062620177,low_sparse,42003,N256_qpsk_low_sparse_S8_42003_f5972856
26,afdm:symbol:L16:K8,afdm,symbol,16,8,7916032.0,917504.0,24832.0,8858368.0,668736.0,9537344.0,2312200,1,10240,0.0001250823299694,0.099609375,0.0950927734375,0.0104504355794605,779,8192,16,8.0,0.000611492334892,9537344.0,0.009684400021797,0.0002665734838239,0.009950973505621,167944,256,qpsk,8,2,4.461818062620177,low_sparse,42003,N256_qpsk_low_sparse_S8_42003_f5972856
27,afdm:symbol:L32:K16,afdm,symbol,32,16,7916032.0,917504.0,49408.0,8882944.0,2356352.0,11249536.0,2476040,1,10240,4.477506188027558e-05,0.0994873046875,0.094970703125,0.0114525982925159,778,8192,16,16.0,9.892013529477098e-07,11249536.0,0.0098069000232499,0.0008480234893078,0.0106549235125578,331784,256,qpsk,8,2,4.461818062620177,low_sparse,42003,N256_qpsk_low_sparse_S8_42003_f5972856
28,afdm:time:L0:K2,afdm,time,0,2,51712.0,0.0,3328.0,55040.0,70672.0,135952.0,71688,1,10240,0.0,0.1083984375,0.103515625,0.0122907286894939,848,8192,16,2.0,0.077208305268666,135952.0,0.000556900005904,0.0001393672392816,0.0006962672451856,24584,256,qpsk,8,2,4.461818062620177,low_sparse,42003,N256_qpsk_low_sparse_S8_42003_f5972856
29,afdm:time:L0:K4,afdm,time,0,4,51712.0,0.0,3328.0,55040.0,107552.0,172832.0,71688,1,10240,0.0,0.1005859375,0.0950927734375,0.0119490978629332,779,8192,16,4.0,0.0145448415229623,172832.0,0.0006897999992361,0.0001692859888146,0.0008590859880507,24584,256,qpsk,8,2,4.461818062620177,low_sparse,42003,N256_qpsk_low_sparse_S8_42003_f5972856
30,afdm:time:L0:K8,afdm,time,0,8,51712.0,0.0,3328.0,55040.0,181312.0,246592.0,71688,1,10240,0.0,0.099853515625,0.094970703125,0.0112283455873475,778,8192,16,8.0,0.0006106379411355,246592.0,0.0005663000192726,0.0002385922363111,0.0008048922555837,24584,256,qpsk,8,2,4.461818062620177,low_sparse,42003,N256_qpsk_low_sparse_S8_42003_f5972856
31,afdm:time:L0:K16,afdm,time,0,16,51712.0,0.0,3328.0,55040.0,328832.0,394112.0,71688,1,10240,0.0,0.099853515625,0.094970703125,0.0111145226221592,778,8192,16,16.0,9.865453049757712e-07,394112.0,0.0005451000179164,0.000438923483781,0.0009840235016974,24584,256,qpsk,8,2,4.461818062620177,low_sparse,42003,N256_qpsk_low_sparse_S8_42003_f5972856
32,afdm:dense:L256:K0,afdm,dense,256,0,7916032.0,0.0,0.0,186873514.66666663,1601536.0,188485290.66666663,4243456,1,10240,0.0,0.099853515625,0.094970703125,0.0111145226221592,778,8192,16,0.0,4.92546929157266e-16,188485290.66666663,0.0126965000090422,0.0003856172353345,0.0130821172443767,3145728,256,qpsk,8,2,4.461818062620177,low_sparse,42003,N256_qpsk_low_sparse_S8_42003_f5972856
