variant,selector,time,cumulative_regret_mean,cumulative_regret_std,cumulative_regret_ci_low,cumulative_regret_ci_high,cumulative_regret_n_seeds,instantaneous_regret_mean,instantaneous_regret_std,instantaneous_regret_ci_low,instantaneous_regret_ci_high,instantaneous_regret_n_seeds,ber_mean,ber_std,ber_ci_low,ber_ci_high,ber_n_seeds,objective_mean,objective_std,objective_ci_low,objective_ci_high,objective_n_seeds,uncertainty_mean,uncertainty_std,uncertainty_ci_low,uncertainty_ci_high,uncertainty_n_seeds,hindsight_dynamic_regret_mean,hindsight_dynamic_regret_std,hindsight_dynamic_regret_ci_low,hindsight_dynamic_regret_ci_high,hindsight_dynamic_regret_n_seeds
{},ucb,0,0.086044436288162,0.08822757066982144,0.022930234310930914,0.14915863826539308,10,0.086044436288162,0.08822757066982144,0.022930234310930914,0.14915863826539308,10,0.0171875,0.025989531145572186,-0.0014042905883841147,0.03577929058838412,10,0.10794745449825072,0.08854529707883704,0.04460596474011545,0.17128894425638597,10,1.0,0.0,1.0,1.0,10,0.08287158246651759,0.08896649317971675,0.01922878716884266,0.14651437776419252,10
{},sliding_window_ucb,0,0.086044436288162,0.08822757066982144,0.022930234310930914,0.14915863826539308,10,0.086044436288162,0.08822757066982144,0.022930234310930914,0.14915863826539308,10,0.0171875,0.025989531145572186,-0.0014042905883841147,0.03577929058838412,10,0.10794745449825072,0.08854529707883704,0.04460596474011545,0.17128894425638597,10,1.0,0.0,1.0,1.0,10,0.08287158246651759,0.08896649317971675,0.01922878716884266,0.14651437776419252,10
{},discounted_ucb,0,0.086044436288162,0.08822757066982144,0.022930234310930914,0.14915863826539308,10,0.086044436288162,0.08822757066982144,0.022930234310930914,0.14915863826539308,10,0.0171875,0.025989531145572186,-0.0014042905883841147,0.03577929058838412,10,0.10794745449825072,0.08854529707883704,0.04460596474011545,0.17128894425638597,10,1.0,0.0,1.0,1.0,10,0.08287158246651759,0.08896649317971675,0.01922878716884266,0.14651437776419252,10
{},thompson,0,0.086044436288162,0.08822757066982144,0.022930234310930914,0.14915863826539308,10,0.086044436288162,0.08822757066982144,0.022930234310930914,0.14915863826539308,10,0.0171875,0.025989531145572186,-0.0014042905883841147,0.03577929058838412,10,0.10794745449825072,0.08854529707883704,0.04460596474011545,0.17128894425638597,10,0.5773502691896258,1.1702778228589004e-16,0.5773502691896257,0.577350269189626,10,0.08287158246651759,0.08896649317971675,0.01922878716884266,0.14651437776419252,10
{},linucb,0,0.086044436288162,0.08822757066982144,0.022930234310930914,0.14915863826539308,10,0.086044436288162,0.08822757066982144,0.022930234310930914,0.14915863826539308,10,0.0171875,0.025989531145572186,-0.0014042905883841147,0.03577929058838412,10,0.10794745449825072,0.08854529707883704,0.04460596474011545,0.17128894425638597,10,1.0,0.0,1.0,1.0,10,0.08287158246651759,0.08896649317971675,0.01922878716884266,0.14651437776419252,10
{},sliding_window_linucb,0,0.086044436288162,0.08822757066982144,0.022930234310930914,0.14915863826539308,10,0.086044436288162,0.08822757066982144,0.022930234310930914,0.14915863826539308,10,0.0171875,0.025989531145572186,-0.0014042905883841147,0.03577929058838412,10,0.10794745449825072,0.08854529707883704,0.04460596474011545,0.17128894425638597,10,1.0,0.0,1.0,1.0,10,0.08287158246651759,0.08896649317971675,0.01922878716884266,0.14651437776419252,10
{},uncertainty_aware,0,0.086044436288162,0.08822757066982144,0.022930234310930914,0.14915863826539308,10,0.086044436288162,0.08822757066982144,0.022930234310930914,0.14915863826539308,10,0.0171875,0.025989531145572186,-0.0014042905883841147,0.03577929058838412,10,0.10794745449825072,0.08854529707883704,0.04460596474011545,0.17128894425638597,10,1.0,0.0,1.0,1.0,10,0.08287158246651759,0.08896649317971675,0.01922878716884266,0.14651437776419252,10
{},ucb,1,0.15019550421319855,0.08913185936063761,0.08643441307598497,0.21395659535041212,10,0.06415106792503651,0.02320737173768594,0.047549514282644256,0.08075262156742877,10,0.0109375,0.03458741190809165,-0.013804843968716712,0.03567984396871671,10,0.11688137301304971,0.07022731318334716,0.06664377953833633,0.1671189664877631,10,1.0,0.0,1.0,1.0,10,0.15786724397546661,0.09570716116168479,0.08940246528591636,0.22633202266501687,10
{},sliding_window_ucb,1,0.15019550421319855,0.08913185936063761,0.08643441307598497,0.21395659535041212,10,0.06415106792503651,0.02320737173768594,0.047549514282644256,0.08075262156742877,10,0.0109375,0.03458741190809165,-0.013804843968716712,0.03567984396871671,10,0.11688137301304971,0.07022731318334716,0.06664377953833633,0.1671189664877631,10,1.0,0.0,1.0,1.0,10,0.15786724397546661,0.09570716116168479,0.08940246528591636,0.22633202266501687,10
{},discounted_ucb,1,0.15019550421319855,0.08913185936063761,0.08643441307598497,0.21395659535041212,10,0.06415106792503651,0.02320737173768594,0.047549514282644256,0.08075262156742877,10,0.0109375,0.03458741190809165,-0.013804843968716712,0.03567984396871671,10,0.11688137301304971,0.07022731318334716,0.06664377953833633,0.1671189664877631,10,1.0,0.0,1.0,1.0,10,0.15786724397546661,0.09570716116168479,0.08940246528591636,0.22633202266501687,10
{},thompson,1,0.15019550421319855,0.08913185936063761,0.08643441307598497,0.21395659535041212,10,0.06415106792503651,0.02320737173768594,0.047549514282644256,0.08075262156742877,10,0.0109375,0.03458741190809165,-0.013804843968716712,0.03567984396871671,10,0.11688137301304971,0.07022731318334716,0.06664377953833633,0.1671189664877631,10,0.5773502691896258,1.1702778228589004e-16,0.5773502691896257,0.577350269189626,10,0.15786724397546661,0.09570716116168479,0.08940246528591636,0.22633202266501687,10
{},linucb,1,0.15019550421319855,0.08913185936063761,0.08643441307598497,0.21395659535041212,10,0.06415106792503651,0.02320737173768594,0.047549514282644256,0.08075262156742877,10,0.0109375,0.03458741190809165,-0.013804843968716712,0.03567984396871671,10,0.11688137301304971,0.07022731318334716,0.06664377953833633,0.1671189664877631,10,1.0,0.0,1.0,1.0,10,0.15786724397546661,0.09570716116168479,0.08940246528591636,0.22633202266501687,10
{},sliding_window_linucb,1,0.15019550421319855,0.08913185936063761,0.08643441307598497,0.21395659535041212,10,0.06415106792503651,0.02320737173768594,0.047549514282644256,0.08075262156742877,10,0.0109375,0.03458741190809165,-0.013804843968716712,0.03567984396871671,10,0.11688137301304971,0.07022731318334716,0.06664377953833633,0.1671189664877631,10,1.0,0.0,1.0,1.0,10,0.15786724397546661,0.09570716116168479,0.08940246528591636,0.22633202266501687,10
{},uncertainty_aware,1,0.15019550421319855,0.08913185936063761,0.08643441307598497,0.21395659535041212,10,0.06415106792503651,0.02320737173768594,0.047549514282644256,0.08075262156742877,10,0.0109375,0.03458741190809165,-0.013804843968716712,0.03567984396871671,10,0.11688137301304971,0.07022731318334716,0.06664377953833633,0.1671189664877631,10,1.0,0.0,1.0,1.0,10,0.15786724397546661,0.09570716116168479,0.08940246528591636,0.22633202266501687,10
{},ucb,2,0.2384776790923063,0.11458670600646235,0.15650728761612787,0.32044807056848473,10,0.08828217487910764,0.04829195111012187,0.05373619414883068,0.12282815560938459,10,0.0046875,0.010546071214227388,-0.0028567048741424015,0.0122317048741424,10,0.1297679297736167,0.06843499861670159,0.08081248090185672,0.17872337864537668,10,1.0,0.0,1.0,1.0,10,0.24479940626258578,0.11747816393857465,0.16076059038629603,0.32883822213887554,10
{},sliding_window_ucb,2,0.2384776790923063,0.11458670600646235,0.15650728761612787,0.32044807056848473,10,0.08828217487910764,0.04829195111012187,0.05373619414883068,0.12282815560938459,10,0.0046875,0.010546071214227388,-0.0028567048741424015,0.0122317048741424,10,0.1297679297736167,0.06843499861670159,0.08081248090185672,0.17872337864537668,10,1.0,0.0,1.0,1.0,10,0.24479940626258578,0.11747816393857465,0.16076059038629603,0.32883822213887554,10
{},discounted_ucb,2,0.2384776790923063,0.11458670600646235,0.15650728761612787,0.32044807056848473,10,0.08828217487910764,0.04829195111012187,0.05373619414883068,0.12282815560938459,10,0.0046875,0.010546071214227388,-0.0028567048741424015,0.0122317048741424,10,0.1297679297736167,0.06843499861670159,0.08081248090185672,0.17872337864537668,10,1.0,0.0,1.0,1.0,10,0.24479940626258578,0.11747816393857465,0.16076059038629603,0.32883822213887554,10
{},thompson,2,0.2384776790923063,0.11458670600646235,0.15650728761612787,0.32044807056848473,10,0.08828217487910764,0.04829195111012187,0.05373619414883068,0.12282815560938459,10,0.0046875,0.010546071214227388,-0.0028567048741424015,0.0122317048741424,10,0.1297679297736167,0.06843499861670159,0.08081248090185672,0.17872337864537668,10,0.5773502691896258,1.1702778228589004e-16,0.5773502691896257,0.577350269189626,10,0.24479940626258578,0.11747816393857465,0.16076059038629603,0.32883822213887554,10
{},linucb,2,0.2384776790923063,0.11458670600646235,0.15650728761612787,0.32044807056848473,10,0.08828217487910764,0.04829195111012187,0.05373619414883068,0.12282815560938459,10,0.0046875,0.010546071214227388,-0.0028567048741424015,0.0122317048741424,10,0.1297679297736167,0.06843499861670159,0.08081248090185672,0.17872337864537668,10,1.0,0.0,1.0,1.0,10,0.24479940626258578,0.11747816393857465,0.16076059038629603,0.32883822213887554,10
{},sliding_window_linucb,2,0.2384776790923063,0.11458670600646235,0.15650728761612787,0.32044807056848473,10,0.08828217487910764,0.04829195111012187,0.05373619414883068,0.12282815560938459,10,0.0046875,0.010546071214227388,-0.0028567048741424015,0.0122317048741424,10,0.1297679297736167,0.06843499861670159,0.08081248090185672,0.17872337864537668,10,1.0,0.0,1.0,1.0,10,0.24479940626258578,0.11747816393857465,0.16076059038629603,0.32883822213887554,10
{},uncertainty_aware,2,0.2384776790923063,0.11458670600646235,0.15650728761612787,0.32044807056848473,10,0.08828217487910764,0.04829195111012187,0.05373619414883068,0.12282815560938459,10,0.0046875,0.010546071214227388,-0.0028567048741424015,0.0122317048741424,10,0.1297679297736167,0.06843499861670159,0.08081248090185672,0.17872337864537668,10,1.0,0.0,1.0,1.0,10,0.24479940626258578,0.11747816393857465,0.16076059038629603,0.32883822213887554,10
{},ucb,3,0.29731115586986384,0.12086039567858771,0.2108528371607028,0.3837694745790249,10,0.0588334767775575,0.04739741026251144,0.02492741202030732,0.09273954153480768,10,0.0015625,0.004941058844013093,-0.00197212056695953,0.00509712056695953,10,0.08959534230917258,0.06494957969879188,0.04313321193060173,0.13605747268774343,10,0.8325546111576976,1.1702778228589004e-16,0.8325546111576975,0.8325546111576977,10,0.30413338621246494,0.12359000960100577,0.21572241933322023,0.39254435309170965,10
{},sliding_window_ucb,3,0.29731115586986384,0.12086039567858771,0.2108528371607028,0.3837694745790249,10,0.0588334767775575,0.04739741026251144,0.02492741202030732,0.09273954153480768,10,0.0015625,0.004941058844013093,-0.00197212056695953,0.00509712056695953,10,0.08959534230917258,0.06494957969879188,0.04313321193060173,0.13605747268774343,10,0.8325546111576976,1.1702778228589004e-16,0.8325546111576975,0.8325546111576977,10,0.30413338621246494,0.12359000960100577,0.21572241933322023,0.39254435309170965,10
{},discounted_ucb,3,0.38053585905854603,0.13448791608741642,0.2843289995134323,0.47674271860365974,10,0.14205817996623968,0.07980349362806227,0.08497019967740885,0.1991461602550705,10,0.0109375,0.012863634411696322,0.0017354102874837796,0.02013958971251622,10,0.17282004549785476,0.08372668858430388,0.11292558060353787,0.23271451039217167,10,0.858702350715838,0.009032140006159442,0.8522411469865783,0.8651635544450977,10,0.3873580894011471,0.13368724452223654,0.2917239957896133,0.4829921830126809,10
{},thompson,3,0.31952876677109854,0.1372302607319022,0.22136015204595177,0.4176973814962453,10,0.08105108767879218,0.08454149285703655,0.02057374692094717,0.1415284284366372,10,0.0046875,0.010546071214227388,-0.0028567048741424015,0.0122317048741424,10,0.11181295321040723,0.07978436224839786,0.05473865868614042,0.16888724773467403,10,0.4788247799891471,0.0075685811560550174,0.4734105431906299,0.48423901678766423,10,0.32635099711369964,0.14029503711333524,0.2259899734387848,0.4267120207886145,10
{},linucb,3,0.30408945412782484,0.12391267242448599,0.21544766816949784,0.39273124008615184,10,0.06561177503551843,0.04265871395670815,0.03509556940600607,0.0961279806650308,10,0.0015625,0.004941058844013093,-0.00197212056695953,0.00509712056695953,10,0.09637364056713353,0.06079340345699369,0.05288465956563767,0.13986262156862939,10,0.5293947536602556,0.004639936528670535,0.5260755430211236,0.5327139642993876,10,0.31091168447042594,0.12621866133688878,0.22062029341847905,0.40120307552237283,10
{},sliding_window_linucb,3,0.30408945412782484,0.12391267242448599,0.21544766816949784,0.39273124008615184,10,0.06561177503551843,0.04265871395670815,0.03509556940600607,0.0961279806650308,10,0.0015625,0.004941058844013093,-0.00197212056695953,0.00509712056695953,10,0.09637364056713353,0.06079340345699369,0.05288465956563767,0.13986262156862939,10,0.5293947536602556,0.004639936528670535,0.5260755430211236,0.5327139642993876,10,0.31091168447042594,0.12621866133688878,0.22062029341847905,0.40120307552237283,10
{},uncertainty_aware,3,0.2571759004602425,0.1472397297470685,0.15184694294982026,0.3625048579706648,10,0.01869822136793617,0.041240156534507785,-0.010803209413064143,0.048199652148936484,10,0.00625,0.01976423537605237,-0.00788848226783812,0.02038848226783812,10,0.04946008689955119,0.06228927661893373,0.0049010227011789115,0.09401915109792347,10,0.5293947536602556,0.004639936528670535,0.5260755430211236,0.5327139642993876,10,0.26399813080284357,0.14870295382008675,0.1576224458467793,0.3703738157589078,10
{},ucb,4,0.40267878932271933,0.12948571679295176,0.3100502875880309,0.4953072910574078,10,0.10536763345285545,0.06331475193357448,0.06007498840623434,0.15066027849947655,10,0.0125,0.02057126839388698,-0.0022157989105067166,0.027215798910506718,10,0.16292674491299816,0.0861671417357617,0.10128648500304491,0.22456700482295142,10,0.8970612889970507,0.0,0.8970612889970507,0.8970612889970507,10,0.4047104068364379,0.11900326121278648,0.3195806020927367,0.4898402115801391,10
{},sliding_window_ucb,4,0.40267878932271933,0.12948571679295176,0.3100502875880309,0.4953072910574078,10,0.10536763345285545,0.06331475193357448,0.06007498840623434,0.15066027849947655,10,0.0125,0.02057126839388698,-0.0022157989105067166,0.027215798910506718,10,0.16292674491299816,0.0861671417357617,0.10128648500304491,0.22456700482295142,10,0.8970612889970507,0.0,0.8970612889970507,0.8970612889970507,10,0.4047104068364379,0.11900326121278648,0.3195806020927367,0.4898402115801391,10
{},discounted_ucb,4,0.43652206602801574,0.13609944510928712,0.3391623880679062,0.5338817439881253,10,0.05598620696946972,0.029427522149688967,0.03493502577356488,0.07703738816537456,10,0.0078125,0.01983274246318726,-0.006374989285729207,0.02199998928572921,10,0.1299401767157745,0.07421525310698901,0.07684978287601732,0.1830305705555317,10,0.9241128608333702,0.012761407119294327,0.9149839001204543,0.9332418215462861,10,0.4549485418278964,0.12703629720306248,0.36407224931249843,0.5458248343432943,10
{},thompson,4,0.37999811325183064,0.1574709589431151,0.2673501752792669,0.49264605122439437,10,0.060469346480732135,0.06945458281446043,0.01078453101186879,0.11015416194959549,10,0.0140625,0.022642776165921,-0.0021351663010397755,0.030260166301039775,10,0.1276207255089014,0.09323909531599307,0.060921494766500675,0.19431995625130216,10,0.44083273752466445,0.04006760293384579,0.4121701010595392,0.4694953739897897,10,0.39162199833357586,0.1670161575504327,0.2721458366182372,0.5110981600489145,10
{},linucb,4,0.36515802250420426,0.14141593991978388,0.2639951532657547,0.46632089174265384,10,0.06106856837637946,0.09253622280019838,-0.005127857657818147,0.12726499441057706,10,0.0140625,0.022642776165921,-0.0021351663010397755,0.030260166301039775,10,0.11853794183695332,0.11143054974954225,0.03882532853554098,0.19825055513836565,10,0.5042351194498825,0.015742499953358254,0.4929736133907266,0.5154966255090385,10,0.36709990201835413,0.13029641914809206,0.2738914587552151,0.46030834528149317,10
{},sliding_window_linucb,4,0.36515802250420426,0.14141593991978388,0.2639951532657547,0.46632089174265384,10,0.06106856837637946,0.09253622280019838,-0.005127857657818147,0.12726499441057706,10,0.0140625,0.022642776165921,-0.0021351663010397755,0.030260166301039775,10,0.11853794183695332,0.11143054974954225,0.03882532853554098,0.19825055513836565,10,0.5042351194498825,0.015742499953358254,0.4929736133907266,0.5154966255090385,10,0.36709990201835413,0.13029641914809206,0.2738914587552151,0.46030834528149317,10
{},uncertainty_aware,4,0.2754514067332021,0.17880024743548023,0.14754541493780735,0.40335739852859687,10,0.01827550627295966,0.03861213467284591,-0.009345950920212499,0.04589696346613181,10,0.0109375,0.023350533095270718,-0.005766465108211199,0.027641465108211197,10,0.07481187338601167,0.10651127362459105,-0.0013817017669532777,0.15100544853897663,10,0.5260738593615206,0.01059847536555178,0.5184921668158259,0.5336555519072154,10,0.27646027989983013,0.16338340949440877,0.15958282959408387,0.3933377302055764,10
{},ucb,5,0.5103632592306913,0.13479760258665627,0.41393486330965495,0.6067916551517275,10,0.10768446990797187,0.07728235338394587,0.05240000470373483,0.16296893511220892,10,0.0109375,0.014823176532039278,0.0003336382991214089,0.02154136170087859,10,0.16238287443521232,0.08454131082247199,0.10190566389705019,0.22286008497337445,10,0.9465092364124228,0.0,0.9465092364124228,0.9465092364124228,10,0.5232840483478686,0.1501209562071533,0.4158939855915083,0.6306741111042289,10
{},sliding_window_ucb,5,0.5103632592306913,0.13479760258665627,0.41393486330965495,0.6067916551517275,10,0.10768446990797187,0.07728235338394587,0.05240000470373483,0.16296893511220892,10,0.0109375,0.014823176532039278,0.0003336382991214089,0.02154136170087859,10,0.16238287443521232,0.08454131082247199,0.10190566389705019,0.22286008497337445,10,0.9465092364124228,0.0,0.9465092364124228,0.9465092364124228,10,0.5232840483478686,0.1501209562071533,0.4158939855915083,0.6306741111042289,10
{},discounted_ucb,5,0.5417326550964157,0.12779488828946522,0.45031369920853825,0.6331516109842931,10,0.10521058906839986,0.08192996918958582,0.04660141980121772,0.163819758335582,10,0.0109375,0.014823176532039278,0.0003336382991214089,0.02154136170087859,10,0.16250481326882135,0.08443322079694193,0.10210492567689061,0.2229047008607521,10,0.9865481010217578,0.011175642639618788,0.9785535278806488,0.9945426741628669,10,0.5736441221729363,0.14318950746940046,0.47121251913963164,0.6760757252062408,10
{},thompson,5,0.45322809921952956,0.1842876995298923,0.32139662067211694,0.5850595777669422,10,0.07322998596769885,0.062425452768185764,0.028573507220528226,0.11788646471486947,10,0.00625,0.01092509216843908,-0.001565340131252025,0.014065340131252026,10,0.13570688066995765,0.0682144791852951,0.08690918189635893,0.18450457944355636,10,0.4643400509586796,0.029980322540838635,0.4428934201853328,0.4857866817320264,10,0.48351964607975184,0.18793255031369274,0.34908079835285055,0.6179584938066531,10
{},linucb,5,0.454538966223997,0.1518986923429721,0.34587718764585373,0.5632007448021402,10,0.08938094371979269,0.06178688825297284,0.04518126650849872,0.13358062093108666,10,0.00625,0.01092509216843908,-0.001565340131252025,0.014065340131252026,10,0.1373340934300306,0.08279916754477938,0.07810313711678706,0.19656504974327416,10,0.5056431746604048,0.014345407638695627,0.49538108823684596,0.5159052610839636,10,0.46062476252460305,0.1615218670967566,0.3450789794288074,0.5761705456203987,10
{},sliding_window_linucb,5,0.454538966223997,0.1518986923429721,0.34587718764585373,0.5632007448021402,10,0.08938094371979269,0.06178688825297284,0.04518126650849872,0.13358062093108666,10,0.00625,0.01092509216843908,-0.001565340131252025,0.014065340131252026,10,0.1373340934300306,0.08279916754477938,0.07810313711678706,0.19656504974327416,10,0.5056431746604048,0.014345407638695627,0.49538108823684596,0.5159052610839636,10,0.46062476252460305,0.1615218670967566,0.3450789794288074,0.5761705456203987,10
{},uncertainty_aware,5,0.3165254539087751,0.20524893695575985,0.1696992094107069,0.4633516984068433,10,0.04107404717557298,0.04455634285212323,0.009200359610722415,0.07294773474042354,10,0.009375,0.013176156917368247,-5.06548452254129e-05,0.01880065484522541,10,0.10344670513386685,0.09049795567133287,0.038708367566552215,0.16818504270118148,10,0.5212031523546589,0.016880359477847932,0.5091276706266146,0.5332786340827032,10,0.3360977521099153,0.2076515899902523,0.1875527531709291,0.48464275104890153,10
{},ucb,6,0.5880359871374241,0.13537167208685139,0.491196926634906,0.6848750476399422,10,0.07767272790673282,0.059808619583352804,0.03488821885015192,0.12045723696331373,10,0.0078125,0.01327869664998121,-0.0016865073510882941,0.017311507351088294,10,0.14527712889068586,0.07816383558491749,0.08936208930647799,0.20119216847489374,10,0.6974794170897292,0.0,0.6974794170897292,0.6974794170897292,10,0.6038675969706273,0.1539454004164018,0.493741691637614,0.7139935023036406,10
{},sliding_window_ucb,6,0.5880359871374241,0.13537167208685139,0.491196926634906,0.6848750476399422,10,0.07767272790673282,0.059808619583352804,0.03488821885015192,0.12045723696331373,10,0.0078125,0.01327869664998121,-0.0016865073510882941,0.017311507351088294,10,0.14527712889068586,0.07816383558491749,0.08936208930647799,0.20119216847489374,10,0.6974794170897292,0.0,0.6974794170897292,0.6974794170897292,10,0.6038675969706273,0.1539454004164018,0.493741691637614,0.7139935023036406,10
{},discounted_ucb,6,0.638906109828624,0.16102809173526741,0.5237135523476765,0.7540986673095714,10,0.09717345473220812,0.05496148640586219,0.05785637586839033,0.13649053359602592,10,0.015625,0.02946278254943948,-0.005451404966374283,0.03670140496637428,10,0.1648293453469634,0.08839731086972892,0.10159371854550465,0.22806497214842214,10,0.7327691209824773,0.006107200534217107,0.7284002929040694,0.7371379490608851,10,0.6737798872519725,0.17525786721316383,0.5484079616122483,0.7991518128916967,10
{},thompson,6,0.5166369847456448,0.2064897869780881,0.36892308961480824,0.6643508798764813,10,0.06340888552611515,0.04497104853964046,0.031238535383746498,0.09557923566848381,10,0.0078125,0.011048543456039806,-9.115186239035643e-05,0.015716151862390358,10,0.13813553897778105,0.09201963164408024,0.07230865999468507,0.20396241796087705,10,0.39587701777581685,0.051223347521729655,0.3592340423783068,0.4325199931733269,10,0.5569616047896055,0.22616038411056447,0.39517621215513765,0.7187469974240734,10
{},linucb,6,0.5084003506437196,0.1697115976957411,0.38699598720575634,0.6298047140816828,10,0.05386138441972259,0.048631173968393525,0.01907273827511189,0.0886500305643333,10,0.00625,0.01092509216843908,-0.001565340131252025,0.014065340131252026,10,0.1304470857397249,0.09231138947288245,0.0644114957789191,0.19648267570053074,10,0.5146843363457646,0.016014689796885834,0.5032281174023013,0.5261405552892279,10,0.5263782679964006,0.1918607352565169,0.3891293660426507,0.6636271699501506,10
{},sliding_window_linucb,6,0.5084003506437196,0.1697115976957411,0.38699598720575634,0.6298047140816828,10,0.05386138441972259,0.048631173968393525,0.01907273827511189,0.0886500305643333,10,0.00625,0.01092509216843908,-0.001565340131252025,0.014065340131252026,10,0.1304470857397249,0.09231138947288245,0.0644114957789191,0.19648267570053074,10,0.5146843363457646,0.016014689796885834,0.5032281174023013,0.5261405552892279,10,0.5263782679964006,0.1918607352565169,0.3891293660426507,0.6636271699501506,10
{},uncertainty_aware,6,0.3165254539087751,0.20524893695575985,0.1696992094107069,0.4633516984068433,10,0.0,0.0,0.0,0.0,10,0.0109375,0.029508782237948526,-0.010171811161222542,0.032046811161222544,10,0.0612307782322206,0.07707520522345375,0.006094497895154392,0.11636705856928681,10,0.5216183624627099,0.014060329262281592,0.5115602088244668,0.5316765161009529,10,0.3326349500742086,0.21251322403085124,0.18061214764989195,0.4846577524985253,10
{},ucb,7,0.6558629315390495,0.1268295726594136,0.5651345208535881,0.746591342224511,10,0.06782694440162543,0.026303451232536808,0.04901058891110271,0.08664329989214814,10,0.0109375,0.03458741190809165,-0.013804843968716712,0.03567984396871671,10,0.11910499660726229,0.07132522633639826,0.06808200337633837,0.17012798983818622,10,0.7210134433004416,1.1702778228589004e-16,0.7210134433004415,0.7210134433004417,10,0.6719133786096113,0.1499693472225576,0.5646317703873914,0.7791949868318312,10
{},sliding_window_ucb,7,0.6558629315390495,0.1268295726594136,0.5651345208535881,0.746591342224511,10,0.06782694440162543,0.026303451232536808,0.04901058891110271,0.08664329989214814,10,0.0109375,0.03458741190809165,-0.013804843968716712,0.03567984396871671,10,0.11910499660726229,0.07132522633639826,0.06808200337633837,0.17012798983818622,10,0.7210134433004416,1.1702778228589004e-16,0.7210134433004415,0.7210134433004417,10,0.6719133786096113,0.1499693472225576,0.5646317703873914,0.7791949868318312,10
{},discounted_ucb,7,0.7005175037660079,0.15504212494755482,0.5896070489656674,0.8114279585663483,10,0.06161139393738409,0.024183905380378005,0.04431127020976211,0.07891151766500606,10,0.00625,0.01976423537605237,-0.00788848226783812,0.02038848226783812,10,0.11551813355284804,0.06078412163565554,0.07203579236634658,0.1590004747393495,10,0.7568916875395983,0.009530087973885257,0.7500742732928031,0.7637091017863936,10,0.7382388058365421,0.16963827330912698,0.6168868955049206,0.8595907161681636,10
{},thompson,7,0.5886962470943801,0.2680977324099025,0.39691068273514235,0.7804818114536178,10,0.07205926234873526,0.0735503096525273,0.019444540401218985,0.12467398429625154,10,0.0171875,0.03566852847554986,-0.008328228171426349,0.042703228171426355,10,0.12342568222489073,0.10433247881470616,0.0487907229859085,0.19806064146387295,10,0.38173583843955566,0.05331420068087186,0.3435971567952457,0.4198745200838656,10,0.6293280720462181,0.2912410395860752,0.42098678307109566,0.8376693610213406,10
{},linucb,7,0.5342639158042906,0.17151457129436412,0.4115697827512377,0.6569580488573434,10,0.02586356516057106,0.04147087905330812,-0.003802914567620091,0.05553004488876222,10,0.0109375,0.03458741190809165,-0.013804843968716712,0.03567984396871671,10,0.07774355678877272,0.09236724454982906,0.011668010512938642,0.1438191030646068,10,0.49204804764167465,0.009475965510724361,0.48526935027267065,0.49882674501067864,10,0.553062609816895,0.21202041922486028,0.4013923387138482,0.7047328809199418,10
{},sliding_window_linucb,7,0.5342639158042906,0.17151457129436412,0.4115697827512377,0.6569580488573434,10,0.02586356516057106,0.04147087905330812,-0.003802914567620091,0.05553004488876222,10,0.0109375,0.03458741190809165,-0.013804843968716712,0.03567984396871671,10,0.07774355678877272,0.09236724454982906,0.011668010512938642,0.1438191030646068,10,0.49204804764167465,0.009475965510724361,0.48526935027267065,0.49882674501067864,10,0.553062609816895,0.21202041922486028,0.4013923387138482,0.7047328809199418,10
{},uncertainty_aware,7,0.3287787772699076,0.22974869964959843,0.1644264583337265,0.49313109620608875,10,0.012253323361132471,0.02778732935033699,-0.007624534588603588,0.032131181310868534,10,0.0078125,0.01983274246318726,-0.006374989285729207,0.02199998928572921,10,0.0673432772822099,0.09103265955271243,0.00222243560069163,0.13246411896372817,10,0.522837448578571,0.01371649320619112,0.51302526043758,0.5326496367195619,10,0.3489190123881403,0.25992728137227344,0.1629782366037101,0.5348597881725705,10
{},ucb,8,0.7795397994622342,0.17743769387472746,0.652608519766303,0.9064710791581654,10,0.12367686792318462,0.07753267526979278,0.06821333322918698,0.17914040261718228,10,0.009375,0.01092509216843908,0.0015596598687479743,0.017190340131252025,10,0.1747314628355532,0.08253318297385781,0.11569078042200472,0.23377214524910167,10,0.7139511220081769,0.05734428282120013,0.6729294932730828,0.754972750743271,10,0.8005849932961443,0.17982114166893617,0.6719486977605631,0.9292212888317255,10
{},sliding_window_ucb,8,0.7795397994622342,0.17743769387472746,0.652608519766303,0.9064710791581654,10,0.12367686792318462,0.07753267526979278,0.06821333322918698,0.17914040261718228,10,0.009375,0.01092509216843908,0.0015596598687479743,0.017190340131252025,10,0.1747314628355532,0.08253318297385781,0.11569078042200472,0.23377214524910167,10,0.7139511220081769,0.05734428282120013,0.6729294932730828,0.754972750743271,10,0.8005849932961443,0.17982114166893617,0.6719486977605631,0.9292212888317255,10
{},discounted_ucb,8,0.8355151921271663,0.20472109344189401,0.6890665441320232,0.9819638401223094,10,0.13499768836115833,0.07932673359968379,0.07825076165112724,0.19174461507118942,10,0.0109375,0.012863634411696322,0.0017354102874837796,0.02013958971251622,10,0.1760837012847142,0.08320679545550341,0.11656114553046062,0.2356062570389678,10,0.7804196501005146,0.050857668772999604,0.7440382655212818,0.8168010346797474,10,0.8682626589722361,0.20776805135828333,0.7196343485893479,1.0168909693551242,10
{},thompson,8,0.6337287536160993,0.2753596564079526,0.4367483217740939,0.8307091854581046,10,0.04503250652171933,0.039654839964366195,0.01666514289734755,0.0733998701460911,10,0.0046875,0.010546071214227388,-0.0028567048741424015,0.0122317048741424,10,0.10644336986059384,0.06822148529104444,0.05764065922086324,0.15524608050032446,10,0.3555022004002332,0.05184944995810052,0.31841133830100915,0.3925930624994573,10,0.6897115937577917,0.3064367304801279,0.4704999623603445,0.9089232251552388,10
{},linucb,8,0.6138561543620807,0.22308873862847978,0.45426808453597,0.7734442241881915,10,0.07959223855778996,0.06180062089545466,0.03538273760585916,0.12380173950972076,10,0.0125,0.017738944131173336,-0.00018967618917617966,0.025189676189176183,10,0.14227476678361978,0.07909215483646576,0.08569564761185491,0.19885388595538464,10,0.4743628056492241,0.005848227077969248,0.4701792360212108,0.4785463752772374,10,0.6492775284514949,0.24451443539338583,0.4743624384789965,0.8241926184239933,10
{},sliding_window_linucb,8,0.6138561543620807,0.22308873862847978,0.45426808453597,0.7734442241881915,10,0.07959223855778996,0.06180062089545466,0.03538273760585916,0.12380173950972076,10,0.0125,0.017738944131173336,-0.00018967618917617966,0.025189676189176183,10,0.14227476678361978,0.07909215483646576,0.08569564761185491,0.19885388595538464,10,0.4743628056492241,0.005848227077969248,0.4701792360212108,0.4785463752772374,10,0.6492775284514949,0.24451443539338583,0.4743624384789965,0.8241926184239933,10
{},uncertainty_aware,8,0.36273405546349496,0.2645132950691371,0.1735126431100562,0.5519554678169337,10,0.03395527819358733,0.08085521445162977,-0.023885057849554255,0.09179561423672891,10,0.0078125,0.01518477055949297,-0.0030500304855817263,0.018675030485581726,10,0.08144573416177654,0.09339999988669398,0.014631399223519831,0.14826006910003325,10,0.5188155834783827,0.021217718469592948,0.5036373420418431,0.5339938249149224,10,0.38430489840089666,0.2768349739883705,0.18626908793921335,0.5823407088625799,10
{},ucb,9,0.8816731636917833,0.23655138212549498,0.7124544988672237,1.0508918285163429,10,0.10213336422954913,0.06429893267813257,0.056136678690567654,0.14813004976853061,10,0.01875,0.026352313834736494,-0.0001013096904508258,0.03760130969045082,10,0.17954067350351374,0.09126702813555118,0.11425217463771507,0.2448291723693124,10,0.6334096847967331,0.04402729556967078,0.6019144548589792,0.664904914734487,10,0.9225243177247296,0.23316110168197046,0.7557309134286825,1.0893177220207768,10
{},sliding_window_ucb,9,0.8816731636917833,0.23655138212549498,0.7124544988672237,1.0508918285163429,10,0.10213336422954913,0.06429893267813257,0.056136678690567654,0.14813004976853061,10,0.01875,0.026352313834736494,-0.0001013096904508258,0.03760130969045082,10,0.17954067350351374,0.09126702813555118,0.11425217463771507,0.2448291723693124,10,0.6334096847967331,0.04402729556967078,0.6019144548589792,0.664904914734487,10,0.9225243177247296,0.23316110168197046,0.7557309134286825,1.0893177220207768,10
{},discounted_ucb,9,0.9327472497428377,0.2545302150773153,0.7506673026045827,1.1148271968810928,10,0.09723205761567144,0.06713072881046393,0.04920962715707564,0.14525448807426725,10,0.0140625,0.01719538960335331,0.0017616592960811063,0.026363340703918894,10,0.17717530451600455,0.08909387143508608,0.11344138830367842,0.24090922072833068,10,0.6804206659481739,0.053172010141917456,0.6423837012878711,0.7184576306084766,10,0.9878366144133123,0.25101304895010107,0.8082726963536682,1.1674005324729564,10
{},thompson,9,0.7342295204054057,0.26270898640622914,0.5462988327145127,0.9221602080962986,10,0.10050076678930628,0.07456427505676286,0.047160697687436845,0.1538408358911757,10,0.0171875,0.027013130166437374,-0.0021365292169229326,0.03651152921692294,10,0.16502122206268394,0.0919264700766537,0.09926098685021922,0.23078145727514865,10,0.3638793043618497,0.0586240901785133,0.32194215659536696,0.4058164521283324,10,0.7971314667455472,0.2898675270079924,0.5897727294786181,1.0044902040124764,10
{},linucb,9,0.6699601709594072,0.23277144340181272,0.5034455114050465,0.8364748305137679,10,0.056104016597326424,0.05407734040567292,0.017419417680645997,0.09478861551400686,10,0.021875,0.025727268823392643,0.003470820574967559,0.04027917942503244,10,0.145186807966223,0.09782293342578238,0.07520849697605195,0.21516511895639404,10,0.42073456074337867,0.07086616595532556,0.37003995952632074,0.4714291619604366,10,0.7368629873427894,0.2588158951376331,0.5517172493765296,0.9220087253090493,10
{},sliding_window_linucb,9,0.6699601709594072,0.23277144340181272,0.5034455114050465,0.8364748305137679,10,0.056104016597326424,0.05407734040567292,0.017419417680645997,0.09478861551400686,10,0.021875,0.025727268823392643,0.003470820574967559,0.04027917942503244,10,0.145186807966223,0.09782293342578238,0.07520849697605195,0.21516511895639404,10,0.42073456074337867,0.07086616595532556,0.37003995952632074,0.4714291619604366,10,0.7368629873427894,0.2588158951376331,0.5517172493765296,0.9220087253090493,10
{},uncertainty_aware,9,0.3711742696259023,0.2580433943897164,0.18658114540454576,0.5557673938472588,10,0.00844021416240732,0.026690300692817432,-0.010652876761105006,0.027533305085919647,10,0.009375,0.01679637030895531,-0.00264039949604869,0.02139039949604869,10,0.07408053217043907,0.08270136757732575,0.014919537739318901,0.13324152660155925,10,0.5029471944957468,0.06755470830804629,0.454621467375558,0.5512729216159356,10,0.4007840814964074,0.26755895486722786,0.20938393537311334,0.5921842276197014,10
{},ucb,10,0.9470455347250638,0.23183484052950942,0.7812008805035737,1.112890188946554,10,0.06537237103328034,0.023639554924511884,0.048461652163540085,0.08228308990302058,10,0.00625,0.013176156917368249,-0.003175654845225414,0.015675654845225415,10,0.12899305869388927,0.07056922110706089,0.07851087902473514,0.1794752383630434,10,0.6463860287278758,0.044929260511765795,0.6142455719398349,0.6785264855159167,10,0.9962837728893417,0.23283131402845583,0.8297262844687459,1.1628412613099375,10
{},sliding_window_ucb,10,0.9470455347250638,0.23183484052950942,0.7812008805035737,1.112890188946554,10,0.06537237103328034,0.023639554924511884,0.048461652163540085,0.08228308990302058,10,0.00625,0.013176156917368249,-0.003175654845225414,0.015675654845225415,10,0.12899305869388927,0.07056922110706089,0.07851087902473514,0.1794752383630434,10,0.6463860287278758,0.044929260511765795,0.6142455719398349,0.6785264855159167,10,0.9962837728893417,0.23283131402845583,0.8297262844687459,1.1628412613099375,10
{},discounted_ucb,10,0.9987194385842111,0.24663459076052627,0.8222876808280606,1.1751511963403616,10,0.06597218884137315,0.021728589044379076,0.05042849261109399,0.0815158850716523,10,0.0046875,0.010546071214227388,-0.0028567048741424015,0.0122317048741424,10,0.12849356491458297,0.06817150889629216,0.07972660523397482,0.17726052459519112,10,0.6825425665564293,0.006851569097793735,0.6776412492854662,0.6874438838273924,10,1.061096575798618,0.2508173606374942,0.8816726447248184,1.2405205068724174,10
{},thompson,10,0.7719675645344135,0.2733767552146024,0.5764056147549637,0.9675295143138634,10,0.037738044129007706,0.04094686716808367,0.008446419921731826,0.06702966833628358,10,0.0171875,0.03566852847554986,-0.008328228171426349,0.042703228171426355,10,0.11524090289025479,0.08748699376089014,0.052656477719243214,0.17782532806126639,10,0.33104859043407553,0.06352933097924356,0.28560244478525465,0.3764947360828964,10,0.8571387661065248,0.3220300370520629,0.6267723551656507,1.0875051770473991,10
{},linucb,10,0.7028157571499509,0.21052378090280366,0.5522161166063542,0.8534153976935477,10,0.0328555861905437,0.0347169761362897,0.008020557556416466,0.05769061482467093,10,0.003125,0.006588078458684124,-0.001587827422612707,0.007837827422612707,10,0.10460439829185457,0.0670442861764573,0.05664380516846724,0.1525649914152419,10,0.3482315157651618,0.07416663828573491,0.29517589887352214,0.4012871326568015,10,0.7862337821053667,0.2562273947226342,0.6029397457871299,0.9695278184236034,10
{},sliding_window_linucb,10,0.7028157571499509,0.21052378090280366,0.5522161166063542,0.8534153976935477,10,0.0328555861905437,0.0347169761362897,0.008020557556416466,0.05769061482467093,10,0.003125,0.006588078458684124,-0.001587827422612707,0.007837827422612707,10,0.10460439829185457,0.0670442861764573,0.05664380516846724,0.1525649914152419,10,0.3482315157651618,0.07416663828573491,0.29517589887352214,0.4012871326568015,10,0.7862337821053667,0.2562273947226342,0.6029397457871299,0.9695278184236034,10
{},uncertainty_aware,10,0.3711742696259023,0.2580433943897164,0.18658114540454576,0.5557673938472588,10,0.0,0.0,0.0,0.0,10,0.0140625,0.03489971993281449,-0.01090325567099777,0.03902825567099777,10,0.06472027243769399,0.08263375114979096,0.0056076478849690845,0.12383289699041888,10,0.5034422341256806,0.06825776221078561,0.45461357254088514,0.552270895710476,10,0.4102707504048241,0.28067960308914464,0.20948465796493826,0.6110568428447098,10
{},ucb,11,0.9966656687154121,0.23009590425604073,0.8320649745662214,1.1612663628646027,10,0.049620133990348377,0.03550242544325622,0.024223228770178885,0.07501703921051786,10,0.0109375,0.020898336091394666,-0.004012269046644548,0.025887269046644547,10,0.13276686700468465,0.08101520801000345,0.0748120784646468,0.1907216555447225,10,0.6090582195184491,0.044523186284312746,0.5772082507333606,0.6409081883035376,10,1.0651179576326195,0.2305699209431809,0.9001781723727295,1.2300577428925097,10
{},sliding_window_ucb,11,0.9966656687154121,0.23009590425604073,0.8320649745662214,1.1612663628646027,10,0.049620133990348377,0.03550242544325622,0.024223228770178885,0.07501703921051786,10,0.0109375,0.020898336091394666,-0.004012269046644548,0.025887269046644547,10,0.13276686700468465,0.08101520801000345,0.0748120784646468,0.1907216555447225,10,0.6090582195184491,0.044523186284312746,0.5772082507333606,0.6409081883035376,10,1.0651179576326195,0.2305699209431809,0.9001781723727295,1.2300577428925097,10
{},discounted_ucb,11,1.088195145493874,0.26154554198299124,0.901096735805878,1.2752935551818703,10,0.0894757069096628,0.037844017481373206,0.06240372765401902,0.11654768616530659,10,0.0203125,0.03298154208122409,-0.003281073897948704,0.043906073897948705,10,0.16044186431093965,0.08842536036463867,0.09718617210958773,0.22369755651229156,10,0.6814383026817545,0.04201779296256403,0.6513805843115961,0.711496021051913,10,1.1576057578481511,0.2748027249221829,0.9610237307906535,1.3541877849056487,10
{},thompson,11,0.8578570821997561,0.27956475163826777,0.6578685064444061,1.057845657955106,10,0.08588951766534259,0.07062355645258123,0.03536846883153121,0.13641056649915395,10,0.0203125,0.032148540337522846,-0.00268518034789169,0.04331018034789169,10,0.16005538077903947,0.10492022741465065,0.08499997152010197,0.23511079003797697,10,0.3125576516287165,0.05622183955106165,0.2723389704384962,0.35277633281893683,10,0.9532614646241575,0.34523562393119334,0.7062947768517849,1.2002281523965301,10
{},linucb,11,0.7300977009817847,0.2105357992846172,0.5794894630057588,0.8807059389578107,10,0.027281943831833844,0.04506210058108683,-0.004953541017187809,0.059517428680855494,10,0.0109375,0.029508782237948526,-0.010171811161222542,0.032046811161222544,10,0.09785662625779003,0.10063325083539724,0.025867935300631723,0.16984531721494833,10,0.3123180650293481,0.0022865822168447554,0.3106823426494181,0.31395378740927815,10,0.8201577261017498,0.26072231563540815,0.6336482170666888,1.0066672351368107,10
{},sliding_window_linucb,11,0.7300977009817847,0.2105357992846172,0.5794894630057588,0.8807059389578107,10,0.027281943831833844,0.04506210058108683,-0.004953541017187809,0.059517428680855494,10,0.0109375,0.029508782237948526,-0.010171811161222542,0.032046811161222544,10,0.09785662625779003,0.10063325083539724,0.025867935300631723,0.16984531721494833,10,0.3123180650293481,0.0022865822168447554,0.3106823426494181,0.31395378740927815,10,0.8201577261017498,0.26072231563540815,0.6336482170666888,1.0066672351368107,10
{},uncertainty_aware,11,0.3799957522669791,0.27677067611288964,0.18200593773456145,0.5779855667993968,10,0.008821482641076881,0.02789597748544058,-0.011134097502428282,0.028777062784582044,10,0.0109375,0.020898336091394666,-0.004012269046644548,0.025887269046644547,10,0.07570423760353868,0.08172039679385595,0.01724498739694643,0.13416348781013093,10,0.5037357785650625,0.06824693030653188,0.45491486565777994,0.552556691472345,10,0.4220423057469559,0.302990413170271,0.20529602123734206,0.6387885902565698,10
{},ucb,12,1.0904951589225733,0.20150447130974028,0.9463475437836213,1.2346427740615253,10,0.09382949020716103,0.0781762165812752,0.03790559379170564,0.14975338662261642,10,0.0125,0.01920738428602685,-0.0012401349949812263,0.026240134994981228,10,0.16083438394755584,0.08576871513396019,0.09947914125873077,0.22218962663638092,10,0.57499163222452,0.02770041202857269,0.555175951181158,0.5948073132678819,10,1.1550163518138785,0.19941959722945912,1.0123601657463717,1.2976725378813854,10
{},sliding_window_ucb,12,1.0904951589225733,0.20150447130974028,0.9463475437836213,1.2346427740615253,10,0.09382949020716103,0.0781762165812752,0.03790559379170564,0.14975338662261642,10,0.0125,0.01920738428602685,-0.0012401349949812263,0.026240134994981228,10,0.16083438394755584,0.08576871513396019,0.09947914125873077,0.22218962663638092,10,0.57499163222452,0.02770041202857269,0.555175951181158,0.5948073132678819,10,1.1550163518138785,0.19941959722945912,1.0123601657463717,1.2976725378813854,10
{},discounted_ucb,12,1.200646412973916,0.24353900708949738,1.0264291023749008,1.3748637235729313,10,0.11245126748004239,0.0721298551093297,0.060852677499645035,0.16404985746043974,10,0.0171875,0.020104436526686233,0.0028056524896307687,0.03156934751036923,10,0.17917484795346714,0.08799888095512738,0.11622424074297096,0.24212545516396333,10,0.6286854421258568,0.032660136348126236,0.6053217880387038,0.6520490962130097,10,1.2658446160353212,0.2593284278434725,1.0803322342583943,1.451356997812248,10
{},thompson,12,0.9174032544927451,0.24416885667106641,0.7427353766458206,1.0920711323396697,10,0.05954617229298901,0.07325373415364035,0.007143607676748452,0.11194873690922957,10,0.0125,0.017738944131173336,-0.00018967618917617966,0.025189676189176183,10,0.13406359872152862,0.08632892247785412,0.07230760784046364,0.1958195896025936,10,0.3223435193852913,0.07986490127428401,0.26521161071265525,0.3794754280579274,10,1.0163890735793892,0.31208272532656,0.7931385407773723,1.2396396063814061,10
{},linucb,12,0.7965613475184588,0.19391888453792877,0.6578401342626958,0.9352825607742217,10,0.06646364653667394,0.07673074977975025,0.011573774780066305,0.12135351829328159,10,0.0140625,0.020104436526686233,-0.0003193475103692323,0.028444347510369235,10,0.12927347755627588,0.07969280654866404,0.07226467803409625,0.18628227707845552,10,0.32310792362165525,0.06238944349541665,0.27847720435643963,0.36773864288687086,10,0.878495213891729,0.24569214892308605,0.7027376384124837,1.0542527893709743,10
{},sliding_window_linucb,12,0.7965613475184588,0.19391888453792877,0.6578401342626958,0.9352825607742217,10,0.06646364653667394,0.07673074977975025,0.011573774780066305,0.12135351829328159,10,0.0140625,0.020104436526686233,-0.0003193475103692323,0.028444347510369235,10,0.12927347755627588,0.07969280654866404,0.07226467803409625,0.18628227707845552,10,0.32310792362165525,0.06238944349541665,0.27847720435643963,0.36773864288687086,10,0.878495213891729,0.24569214892308605,0.7027376384124837,1.0542527893709743,10
{},uncertainty_aware,12,0.38999898592165316,0.2756818025261484,0.19278810462925913,0.5872098672140472,10,0.010003233654674,0.03163300231562008,-0.012625653008949977,0.03263212031829797,10,0.0140625,0.025989531145572186,-0.004529290588384116,0.032654290588384115,10,0.07830290997030293,0.08487855607025216,0.017584448715129507,0.13902137122547634,10,0.5028003133691584,0.06774856338370665,0.4543359106818351,0.5512647160564818,10,0.429409225950962,0.31024046996724053,0.20747656324282826,0.6513418886590957,10
{},ucb,13,1.2000643355515943,0.22781378676698064,1.0370961699084795,1.363032501194709,10,0.10956917662902096,0.08869910466278633,0.0461176595535142,0.17302069370452772,10,0.01875,0.03359274061791063,-0.005280798992097383,0.042780798992097385,10,0.17993675753233976,0.09127704413867876,0.11464109364953337,0.24523242141514615,10,0.601009542060263,0.04291999242273699,0.5703064290756908,0.6317126550448352,10,1.2717313640235879,0.23362244080437836,1.1046079376003237,1.438854790446852,10
{},sliding_window_ucb,13,1.2000643355515943,0.22781378676698064,1.0370961699084795,1.363032501194709,10,0.10956917662902096,0.08869910466278633,0.0461176595535142,0.17302069370452772,10,0.01875,0.03359274061791063,-0.005280798992097383,0.042780798992097385,10,0.17993675753233976,0.09127704413867876,0.11464109364953337,0.24523242141514615,10,0.601009542060263,0.04291999242273699,0.5703064290756908,0.6317126550448352,10,1.2717313640235879,0.23362244080437836,1.1046079376003237,1.438854790446852,10
{},discounted_ucb,13,1.3134048511638103,0.2861087507683155,1.1087349804379991,1.5180747218896216,10,0.11275843818989406,0.0876035379059769,0.05009064235984216,0.17542623401994595,10,0.0140625,0.01719538960335331,0.0017616592960811063,0.026363340703918894,10,0.17680833421127243,0.08623225334435794,0.11512149626244986,0.238495172160095,10,0.6469069375679102,0.036549660146066754,0.6207608857708945,0.6730529893649259,10,1.3794312049239632,0.29714982698818043,1.166863024074728,1.5919993857731984,10
{},thompson,13,0.9928180493672892,0.23106946472461679,0.8275209120135055,1.158115186721073,10,0.07541479487454435,0.07397273656826497,0.02249788691557978,0.12833170283350892,10,0.0140625,0.020104436526686233,-0.0003193475103692323,0.028444347510369235,10,0.14724097509499617,0.08707740856387633,0.08494954952325902,0.20953240066673334,10,0.3015671573435683,0.07668962795162772,0.246706702370695,0.35642761231644166,10,1.1004083033517549,0.3191939661184306,0.8720706953391273,1.3287459113643825,10
{},linucb,13,0.8913971349165161,0.2159584099367011,0.736909794962036,1.0458844748709961,10,0.09483578739805733,0.07362697475973697,0.04216622253665029,0.14750535225946437,10,0.0125,0.017738944131173332,-0.00018967618917617793,0.02518967618917618,10,0.15962150890384966,0.08467211743327431,0.09905072495330117,0.22019229285439815,10,0.30947859257041316,0.0024733249870226856,0.30770928246019297,0.31124790268063335,10,0.9748949774729482,0.27327273923582124,0.7794074362422526,1.1703825187036436,10
{},sliding_window_linucb,13,0.8913971349165161,0.2159584099367011,0.736909794962036,1.0458844748709961,10,0.09483578739805733,0.07362697475973697,0.04216622253665029,0.14750535225946437,10,0.0125,0.017738944131173332,-0.00018967618917617793,0.02518967618917618,10,0.15962150890384966,0.08467211743327431,0.09905072495330117,0.22019229285439815,10,0.30947859257041316,0.0024733249870226856,0.30770928246019297,0.31124790268063335,10,0.9748949774729482,0.27327273923582124,0.7794074362422526,1.1703825187036436,10
{},uncertainty_aware,13,0.4006030526336318,0.2946382525746787,0.18983154388599857,0.611374561381265,10,0.01060406671197863,0.03353300327022518,-0.013383998755906545,0.0345921321798638,10,0.0109375,0.019557274328665195,-0.0030529312533191244,0.024927931253319123,10,0.07493924523379311,0.08153962480761921,0.016609311515964537,0.1332691789516217,10,0.50316798037541,0.06761924485272718,0.4547960865922951,0.5515398741585249,10,0.44112672586212476,0.3511268993344007,0.18994567354498854,0.692307778179261,10
{},ucb,14,1.3017015530131912,0.24506126834351513,1.1263952823133958,1.4770078237129867,10,0.10163721746159697,0.07252286061114457,0.04975748828138493,0.153516946641809,10,0.0125,0.020571268393886982,-0.0022157989105067184,0.027215798910506718,10,0.16172237177610654,0.08538087813371222,0.10064457096380666,0.22280017258840643,10,0.5572434713253726,0.03171902324408493,0.5345530489965117,0.5799338936542334,10,1.3756103031812108,0.2509944139862522,1.1960597157716488,1.5551608905907728,10
{},sliding_window_ucb,14,1.3017015530131912,0.24506126834351513,1.1263952823133958,1.4770078237129867,10,0.10163721746159697,0.07252286061114457,0.04975748828138493,0.153516946641809,10,0.0125,0.020571268393886982,-0.0022157989105067184,0.027215798910506718,10,0.16172237177610654,0.08538087813371222,0.10064457096380666,0.22280017258840643,10,0.5572434713253726,0.03171902324408493,0.5345530489965117,0.5799338936542334,10,1.3756103031812108,0.2509944139862522,1.1960597157716488,1.5551608905907728,10
{},discounted_ucb,14,1.410636596850032,0.2858111190893458,1.2061796390012127,1.6150935546988514,10,0.0972317456862217,0.07168770177186991,0.045949453149282,0.1485140382231614,10,0.0140625,0.02492392940417791,-0.003767005023644519,0.03189200502364452,10,0.16286235825295367,0.08665854793203041,0.10087056752685414,0.2248541489790532,10,0.6241378349712094,0.03341704429042418,0.6002327215603362,0.6480429483820827,10,1.4844501305584332,0.3100390869829339,1.2626615285588718,1.7062387325579946,10
{},thompson,14,1.0632926949179313,0.23865983919378864,0.8925657307685879,1.2340196590672747,10,0.07047464555064178,0.06804130078887867,0.02180083113888754,0.11914845996239604,10,0.01875,0.02833639689319884,-0.0015206372083763318,0.03902063720837633,10,0.14491094191866033,0.08845172751721285,0.08163638779262324,0.20818549604469744,10,0.25512146269401986,0.04591903059685832,0.2222729670402674,0.28796995834777234,10,1.187475812651932,0.32902330184505724,0.9521067214459842,1.4228449038578799,10
{},linucb,14,0.9192924961771437,0.20272830582061943,0.7742694025690474,1.0643155897852399,10,0.027895361260627683,0.03617800805222451,0.0020151733555671056,0.05377554916568826,10,0.009375,0.024650332429581735,-0.008258785538409632,0.02700878553840963,10,0.09564963296800352,0.08075153749514212,0.03788346295167723,0.15341580298432983,10,0.2949661014785374,0.02649102164099524,0.2760155662009649,0.3139166367561099,10,1.0127011778224682,0.26724119487565956,0.8215283435035893,1.203874012141347,10
{},sliding_window_linucb,14,0.9192924961771437,0.20272830582061943,0.7742694025690474,1.0643155897852399,10,0.027895361260627683,0.03617800805222451,0.0020151733555671056,0.05377554916568826,10,0.009375,0.024650332429581735,-0.008258785538409632,0.02700878553840963,10,0.09564963296800352,0.08075153749514212,0.03788346295167723,0.15341580298432983,10,0.2949661014785374,0.02649102164099524,0.2760155662009649,0.3139166367561099,10,1.0127011778224682,0.26724119487565956,0.8215283435035893,1.203874012141347,10
{},uncertainty_aware,14,0.41215171153540614,0.3180319691353966,0.18464534608932956,0.6396580769814827,10,0.011548658901774329,0.03652006604998565,-0.014576222554233225,0.03767354035778188,10,0.015625,0.02946278254943948,-0.005451404966374283,0.03670140496637428,10,0.0783220151079763,0.08622385210582167,0.0166411870431595,0.1400028431727931,10,0.5031663846160003,0.06712026708559629,0.4551514380245371,0.5511813312074635,10,0.4616053083516175,0.3977355912546938,0.17708240639021666,0.7461282103130183,10
{},ucb,15,1.4080323836926036,0.29538728334519004,1.1967250506104874,1.6193397167747199,10,0.10633083067941232,0.07923864681221382,0.0496469174611242,0.16301474389770043,10,0.0140625,0.015537951968933646,0.0029473187541081917,0.025177681245891807,10,0.17717583477721205,0.08733410298521503,0.11470078107844157,0.23965088847598254,10,0.5327688937179224,0.019653948321412155,0.5187093060562622,0.5468284813795825,10,1.4818328213298957,0.2718160664212318,1.2873873210568823,1.6762783216029091,10
{},sliding_window_ucb,15,1.4080323836926036,0.29538728334519004,1.1967250506104874,1.6193397167747199,10,0.10633083067941232,0.07923864681221382,0.0496469174611242,0.16301474389770043,10,0.0140625,0.015537951968933646,0.0029473187541081917,0.025177681245891807,10,0.17717583477721205,0.08733410298521503,0.11470078107844157,0.23965088847598254,10,0.5327688937179224,0.019653948321412155,0.5187093060562622,0.5468284813795825,10,1.4818328213298957,0.2718160664212318,1.2873873210568823,1.6762783216029091,10
{},discounted_ucb,15,1.5086008876735644,0.3249866368616151,1.2761194526406832,1.7410823227064456,10,0.09796429082353245,0.08450402642476573,0.03751375193675511,0.1584148297103098,10,0.0171875,0.020104436526686233,0.0028056524896307687,0.03156934751036923,10,0.17156936649826535,0.08378620464199986,0.11163232638105844,0.23150640661547225,10,0.6013172956530438,0.03311245033199668,0.577630075633854,0.6250045156722336,10,1.5850661804281714,0.3258933403537271,1.351936128790524,1.8181962320658187,10
{},thompson,15,1.1683924993628816,0.29232269913894526,0.9592774377566853,1.377507560969078,10,0.1050998044449504,0.10554366850564122,0.029598412296095902,0.1806011965938049,10,0.0203125,0.019557274328665195,0.006322068746680877,0.034302931253319124,10,0.16854215606987816,0.11297875056483807,0.08772202662338717,0.24936228551636913,10,0.28761635389273893,0.06978645750998866,0.2376941295685067,0.3375385782169712,10,1.2850646520932827,0.3679493166448969,1.0218495673776653,1.5482797368089,10
{},linucb,15,0.9782136590969879,0.2127675844386831,0.8260088981983187,1.130418419995657,10,0.05892116291984414,0.05048027202856771,0.0228097517080382,0.09503257413165007,10,0.0078125,0.01327869664998121,-0.0016865073510882941,0.017311507351088294,10,0.13006938399713697,0.07926246593107304,0.07336843160767835,0.18677033638659557,10,0.2788496171633221,0.03811149861601567,0.25158629343079025,0.306112940895854,10,1.071817245191078,0.2882311821020331,0.8656290785532057,1.27800541182895,10
{},sliding_window_linucb,15,0.9782136590969879,0.2127675844386831,0.8260088981983187,1.130418419995657,10,0.05892116291984414,0.05048027202856771,0.0228097517080382,0.09503257413165007,10,0.0078125,0.01327869664998121,-0.0016865073510882941,0.017311507351088294,10,0.13006938399713697,0.07926246593107304,0.07336843160767835,0.18677033638659557,10,0.2788496171633221,0.03811149861601567,0.25158629343079025,0.306112940895854,10,1.071817245191078,0.2882311821020331,0.8656290785532057,1.27800541182895,10
{},uncertainty_aware,15,0.4204037282219481,0.3189800726788963,0.19221913035843702,0.6485883260854592,10,0.008252016686541951,0.026095168019188302,-0.010415341968910473,0.026919375341994373,10,0.00625,0.01092509216843908,-0.001565340131252025,0.014065340131252026,10,0.07184582965352376,0.07666225044933557,0.01700495936598384,0.12668669994106369,10,0.5021535779037509,0.06758886307341028,0.4538034179362866,0.5505037378712153,10,0.4624978213766141,0.3980686766061903,0.17773664450873672,0.7472589982444915,10
{},ucb,16,1.5051916610215355,0.32808012175817347,1.2704972802043306,1.7398860418387403,10,0.09715927732893176,0.08197429287426052,0.03851840080781873,0.15580015385004478,10,0.015625,0.01647019614671031,0.0038429314434682317,0.02740706855653177,10,0.1857938266757143,0.09439966107259319,0.1182643772044761,0.2533232761469525,10,0.5355693863604408,0.0366483141830893,0.5093527617167375,0.5617860110041442,10,1.570501774224465,0.27560503602492825,1.3733458083788672,1.7676577400700626,10
{},sliding_window_ucb,16,1.5051916610215355,0.32808012175817347,1.2704972802043306,1.7398860418387403,10,0.09715927732893176,0.08197429287426052,0.03851840080781873,0.15580015385004478,10,0.015625,0.01647019614671031,0.0038429314434682317,0.02740706855653177,10,0.1857938266757143,0.09439966107259319,0.1182643772044761,0.2533232761469525,10,0.5355693863604408,0.0366483141830893,0.5093527617167375,0.5617860110041442,10,1.570501774224465,0.27560503602492825,1.3733458083788672,1.7676577400700626,10
{},discounted_ucb,16,1.6001297006027997,0.389198449971088,1.3217139016160244,1.878545499589575,10,0.09152881292923505,0.08491033791566176,0.030787616311462818,0.15227000954700728,10,0.0203125,0.022158382693940257,0.00446134791435732,0.03616365208564268,10,0.1812926238405475,0.08867512066199282,0.1178582638856416,0.2447269837954534,10,0.6063038644792981,0.025006066981126483,0.5884156017727422,0.6241921271858539,10,1.669233930487574,0.3427987914158029,1.424010447683823,1.9144574132913252,10
{},thompson,16,1.2477187359801385,0.35781396717829567,0.9917540435000595,1.5036834284602176,10,0.07932623661725674,0.07478154563888118,0.025830741504000866,0.13282173173051262,10,0.01875,0.024206145913796356,0.001433966353204339,0.036066033646795656,10,0.1729574173805847,0.09917226897767378,0.10201384988487255,0.24390098487629686,10,0.2657174804054632,0.0622129173779957,0.221213040317432,0.31022192049349445,10,1.3608971956927225,0.40390886916631924,1.0719581967446552,1.6498361946407898,10
{},linucb,16,1.017011009452867,0.21948242877798377,0.8600027382834423,1.1740192806222918,10,0.03879735035587899,0.060144994487352166,-0.00422778681127902,0.081822487523037,10,0.0171875,0.023810686355546794,0.00015436107923726475,0.03422063892076274,10,0.1292803792669846,0.10835359832447027,0.051768884416888164,0.20679187411708105,10,0.3022168253572505,0.020804238260932827,0.28733436984346533,0.3170992808710356,10,1.1039727506769175,0.3135480100485966,0.8796740163297525,1.3282714850240824,10
{},sliding_window_linucb,16,1.017011009452867,0.21948242877798377,0.8600027382834423,1.1740192806222918,10,0.03879735035587899,0.060144994487352166,-0.00422778681127902,0.081822487523037,10,0.0171875,0.023810686355546794,0.00015436107923726475,0.03422063892076274,10,0.1292803792669846,0.10835359832447027,0.051768884416888164,0.20679187411708105,10,0.3022168253572505,0.020804238260932827,0.28733436984346533,0.3170992808710356,10,1.1039727506769175,0.3135480100485966,0.8796740163297525,1.3282714850240824,10
{},uncertainty_aware,16,0.4287419691590103,0.3122898935421676,0.20534323714325722,0.6521407011747634,10,0.00833824093706224,0.026367833040373375,-0.010524170524316381,0.027200652398440862,10,0.0171875,0.029874229999374974,-0.004183236741136926,0.038558236741136925,10,0.09407301797639464,0.09011761901729333,0.029606756861147693,0.1585392790916416,10,0.5048854101833664,0.06789553210683472,0.4563158724049891,0.5534549479617437,10,0.4594459655718636,0.3994994599211164,0.17366126797868098,0.7452306631650463,10
{},ucb,17,1.5458084666585838,0.30606822016310387,1.3268604516613478,1.7647564816558199,10,0.04061680563704839,0.03491697862341159,0.01563870384254367,0.0655949074315531,10,0.009375,0.021092142428454776,-0.005713409748284803,0.0244634097482848,10,0.13020125795417176,0.07336587789012664,0.07771847054157241,0.1826840453667711,10,0.5188847832607845,0.024189355725746556,0.501580760590963,0.5361888059306059,10,1.6426235705991892,0.27515250954996245,1.445791322692601,1.8394558185057774,10
{},sliding_window_ucb,17,1.5458084666585838,0.30606822016310387,1.3268604516613478,1.7647564816558199,10,0.04061680563704839,0.03491697862341159,0.01563870384254367,0.0655949074315531,10,0.009375,0.021092142428454776,-0.005713409748284803,0.0244634097482848,10,0.13020125795417176,0.07336587789012664,0.07771847054157241,0.1826840453667711,10,0.5188847832607845,0.024189355725746556,0.501580760590963,0.5361888059306059,10,1.6426235705991892,0.27515250954996245,1.445791322692601,1.8394558185057774,10
{},discounted_ucb,17,1.7032366707262454,0.3997154629652383,1.4172974538637355,1.9891758875887553,10,0.10310697012344568,0.07345812000798356,0.05055819667481438,0.15565574357207698,10,0.0140625,0.018706546870904138,0.0006806425087041521,0.027444357491295847,10,0.17661810166778438,0.08586986762101421,0.11519049884878732,0.23804570448678145,10,0.5900562996758872,0.032104158422991545,0.5670903682370565,0.613022231114718,10,1.787772570575911,0.3881428877643991,1.510111875303391,2.0654332658484313,10
{},thompson,17,1.3192920850203542,0.39310198351700837,1.0380838663537477,1.6005003036869607,10,0.07157334904021584,0.07213764274376938,0.019969188121740748,0.12317750995869092,10,0.0171875,0.020104436526686233,0.0028056524896307687,0.03156934751036923,10,0.1437898827214781,0.10288319398071567,0.07019167939723514,0.21738808604572107,10,0.22810978102890841,0.051956289817122726,0.190942490298698,0.26527707175911885,10,1.446607616834753,0.46816578428658473,1.111701989897897,1.781513243771609,10
{},linucb,17,1.1119311474389766,0.21492880823050955,0.958180340175438,1.265681954702515,10,0.0949201379861095,0.053556468996010444,0.05660814802946301,0.133232127942756,10,0.015625,0.01948779888944761,0.0016842684819217482,0.029565731518078252,10,0.17736673459425373,0.07748961471472393,0.12193400356570028,0.23279946562280718,10,0.29918497550502987,0.019643231462883045,0.28513305422212903,0.3132368967879307,10,1.223260023691724,0.33347533416113456,0.9847061404227869,1.461813906960661,10
{},sliding_window_linucb,17,1.1119311474389766,0.21492880823050955,0.958180340175438,1.265681954702515,10,0.0949201379861095,0.053556468996010444,0.05660814802946301,0.133232127942756,10,0.015625,0.01948779888944761,0.0016842684819217482,0.029565731518078252,10,0.17736673459425373,0.07748961471472393,0.12193400356570028,0.23279946562280718,10,0.29918497550502987,0.019643231462883045,0.28513305422212903,0.3132368967879307,10,1.223260023691724,0.33347533416113456,0.9847061404227869,1.461813906960661,10
{},uncertainty_aware,17,0.470714184264704,0.3070812247028399,0.25104150947417025,0.6903868590552378,10,0.04197221510569379,0.03643696617833113,0.015906779716761042,0.06803765049462654,10,0.0078125,0.01518477055949297,-0.0030500304855817263,0.018675030485581726,10,0.11444975517194422,0.0716831987937681,0.06317068387148717,0.16572882647240128,10,0.5024528612511869,0.06698054239026655,0.454537867685465,0.5503678548169089,10,0.5158162591643606,0.41242419431135774,0.22078576356705376,0.8108467547616673,10
{},ucb,18,1.6350273668294057,0.34682428692397,1.3869242180138623,1.8831305156449492,10,0.0892189001708219,0.06675048646913637,0.04146847869704395,0.13696932164459985,10,0.0140625,0.018706546870904138,0.0006806425087041521,0.027444357491295847,10,0.17635958464573004,0.08651953682904039,0.11446723647216347,0.2382519328192966,10,0.5011295024681599,0.024690276645879056,0.4834671425587677,0.5187918623775521,10,1.739698123890922,0.31721161105820833,1.5127786072607452,1.9666176405210987,10
{},sliding_window_ucb,18,1.6350273668294057,0.34682428692397,1.3869242180138623,1.8831305156449492,10,0.0892189001708219,0.06675048646913637,0.04146847869704395,0.13696932164459985,10,0.0140625,0.018706546870904138,0.0006806425087041521,0.027444357491295847,10,0.17635958464573004,0.08651953682904039,0.11446723647216347,0.2382519328192966,10,0.5011295024681599,0.024690276645879056,0.4834671425587677,0.5187918623775521,10,1.739698123890922,0.31721161105820833,1.5127786072607452,1.9666176405210987,10
{},discounted_ucb,18,1.7611729320225185,0.412458877939724,1.466117625252135,2.056228238792902,10,0.05793626129627277,0.05010669568922865,0.022092090498726867,0.09378043209381867,10,0.0109375,0.016552342272990316,-0.0009033323552663612,0.02277833235526636,10,0.1577699069049118,0.0833828961237173,0.09812137632150225,0.21741843748832135,10,0.5822211181981766,0.02862314586898597,0.5617453531296859,0.6026968832666673,10,1.8662574461268253,0.40183034644018517,1.5788053327651517,2.153709559488499,10
{},thompson,18,1.3595855454163561,0.4389325435646839,1.0455921191143316,1.6735789717183807,10,0.04029346039600165,0.0731004052314701,-0.011999419316876661,0.09258634010887996,10,0.0109375,0.014823176532039276,0.0003336382991214106,0.021541361700878586,10,0.12529854263074106,0.10849483905505078,0.04768601024861702,0.2029110750128651,10,0.21488382516077129,0.05617498441262149,0.17469866211741514,0.25506898820412743,10,1.4926211281114967,0.5207408155529871,1.120105589475667,1.8651366667473264,10
{},linucb,18,1.159583272090672,0.23359890007559167,0.9924766856903173,1.3266898584910267,10,0.04765212465169576,0.0415459247470078,0.01793196046825185,0.07737228883513966,10,0.0140625,0.018706546870904138,0.0006806425087041521,0.027444357491295847,10,0.14112175118249007,0.08711135132314438,0.07880604442350223,0.2034374579414779,10,0.2748393648959145,0.032288699594364714,0.25174142065570276,0.2979373091361262,10,1.2850967435202165,0.3554912225913041,1.030793642421289,1.5393998446191441,10
{},sliding_window_linucb,18,1.159583272090672,0.23359890007559167,0.9924766856903173,1.3266898584910267,10,0.04765212465169576,0.0415459247470078,0.01793196046825185,0.07737228883513966,10,0.0140625,0.018706546870904138,0.0006806425087041521,0.027444357491295847,10,0.14112175118249007,0.08711135132314438,0.07880604442350223,0.2034374579414779,10,0.2748393648959145,0.032288699594364714,0.25174142065570276,0.2979373091361262,10,1.2850967435202165,0.3554912225913041,1.030793642421289,1.5393998446191441,10
{},uncertainty_aware,18,0.48677854905335405,0.328189053773148,0.25200624296695395,0.7215508551397541,10,0.01606436478864999,0.0339361169737967,-0.008212070850983605,0.040340800428283585,10,0.009375,0.015095184110613998,-0.001423444200693182,0.020173444200693183,10,0.09527520802786918,0.0943468265132522,0.02778355412353041,0.16276686193220796,10,0.4842749795925313,0.06165883039102785,0.44016690945714576,0.5283830497279168,10,0.5318064358382324,0.4350132379663463,0.22061671186265747,0.8429961598138074,10
{},ucb,19,1.7381699506822001,0.3556405637737339,1.4837600173370729,1.9925798840273274,10,0.10314258385279466,0.08823639625889544,0.04002206842947008,0.16626309927611926,10,0.025,0.03310468454598064,0.0013183352894672769,0.04868166471053273,10,0.1860304722834402,0.0962318506942371,0.11719035331327884,0.25487059125360156,10,0.5167048416493085,0.041661424371686885,0.4869020540117114,0.5465076292869057,10,1.8401091620265682,0.31735779627379035,1.6130850707928714,2.067133253260265,10
{},sliding_window_ucb,19,1.7381699506822001,0.3556405637737339,1.4837600173370729,1.9925798840273274,10,0.10314258385279466,0.08823639625889544,0.04002206842947008,0.16626309927611926,10,0.025,0.03310468454598064,0.0013183352894672769,0.04868166471053273,10,0.1860304722834402,0.0962318506942371,0.11719035331327884,0.25487059125360156,10,0.5167048416493085,0.041661424371686885,0.4869020540117114,0.5465076292869057,10,1.8401091620265682,0.31735779627379035,1.6130850707928714,2.067133253260265,10
{},discounted_ucb,19,1.8425380206383104,0.4484207447626485,1.521757144083915,2.1633188971927058,10,0.08136508861579193,0.07362309904235484,0.028698296275579856,0.13403188095600402,10,0.0203125,0.03298154208122409,-0.003281073897948704,0.043906073897948705,10,0.1671952140240983,0.09192287744146918,0.10143754882802351,0.23295287922017305,10,0.5775200790020925,0.01865010207192283,0.564178599687555,0.5908615583166299,10,1.9478332260031301,0.4308701912969227,1.6396072590743593,2.256059192931901,10
{},thompson,19,1.416616538136553,0.4705376392128471,1.0800141883981929,1.753218887874913,10,0.05703099272019722,0.07243631011817055,0.005213178032850853,0.10884880740754357,10,0.0140625,0.018706546870904138,0.0006806425087041521,0.027444357491295847,10,0.1341157799027966,0.1031665921280743,0.060314845756696336,0.2079167140488969,10,0.25699260268207424,0.0692971803350609,0.20742038616386904,0.30656481920027945,10,1.5411174738664992,0.5428538360054419,1.1527832333377446,1.9294517143952539,10
{},linucb,19,1.2226213960065775,0.22954483364799166,1.058414914022542,1.386827877990613,10,0.06303812391590535,0.036263299041532394,0.03709692251262481,0.0889793253191859,10,0.0171875,0.0289519627285152,-0.0035234864797603696,0.03789848647976037,10,0.14323057281665727,0.10157515245359656,0.07056808603215849,0.21589305960115607,10,0.25354469644237354,0.030064365610327652,0.2320379448788673,0.2750514480058798,10,1.3427078821890799,0.34864565692603133,1.0933018037642017,1.592113960613958,10
{},sliding_window_linucb,19,1.2226213960065775,0.22954483364799166,1.058414914022542,1.386827877990613,10,0.06303812391590535,0.036263299041532394,0.03709692251262481,0.0889793253191859,10,0.0171875,0.0289519627285152,-0.0035234864797603696,0.03789848647976037,10,0.14323057281665727,0.10157515245359656,0.07056808603215849,0.21589305960115607,10,0.25354469644237354,0.030064365610327652,0.2320379448788673,0.2750514480058798,10,1.3427078821890799,0.34864565692603133,1.0933018037642017,1.592113960613958,10
{},uncertainty_aware,19,0.5037788050794658,0.34993402155894765,0.25345108611699996,0.7541065240419317,10,0.01700025602611169,0.03632714897811259,-0.00898662087024842,0.042987132922471805,10,0.015625,0.02551551815399144,-0.0026277021213286372,0.03387770212132864,10,0.09884248616774809,0.08540394000788841,0.037748187884491226,0.15993678445100495,10,0.4815378675829347,0.05993259641094766,0.4386646708465513,0.5244110643193182,10,0.5450294878581865,0.4526733145179312,0.22120650616115256,0.8688524695552204,10
{},ucb,20,1.804524053918091,0.39423752318426414,1.5225035191084892,2.0865445887276923,10,0.06635410323589055,0.06458528995185328,0.020152570043572966,0.11255563642820815,10,0.009375,0.013176156917368247,-5.06548452254129e-05,0.01880065484522541,10,0.15177547497463778,0.0909434539901907,0.08671844710832201,0.21683250284095357,10,0.48200262110996916,0.024567263996051556,0.464428259149155,0.49957698307078335,10,1.9216423145570585,0.33629376876680794,1.6810722446288766,2.1622123844852403,10
{},sliding_window_ucb,20,1.804524053918091,0.39423752318426414,1.5225035191084892,2.0865445887276923,10,0.06635410323589055,0.06458528995185328,0.020152570043572966,0.11255563642820815,10,0.009375,0.013176156917368247,-5.06548452254129e-05,0.01880065484522541,10,0.15177547497463778,0.0909434539901907,0.08671844710832201,0.21683250284095357,10,0.48200262110996916,0.024567263996051556,0.464428259149155,0.49957698307078335,10,1.9216423145570585,0.33629376876680794,1.6810722446288766,2.1622123844852403,10
{},discounted_ucb,20,1.9219053627689273,0.42806242417791374,1.6156879514391465,2.228122774098708,10,0.07936734213061723,0.06404782907340664,0.03355028528939501,0.12518439897183947,10,0.0171875,0.034113589362110036,-0.007215891738235784,0.04159089173823578,10,0.1647409748885527,0.0921492741513435,0.09882135524257629,0.23066059453452908,10,0.568510456553059,0.02577569886471891,0.5500716323635065,0.5869492807426114,10,2.042331878447535,0.43931046606155705,1.7280681026774438,2.3565956542176263,10
{},thompson,20,1.4614315318399522,0.4530440690653668,1.1373433283169836,1.7855197353629209,10,0.04481499370339885,0.0718034016228058,-0.006550065520929654,0.09618005292772736,10,0.0125,0.02057126839388698,-0.0022157989105067166,0.027215798910506718,10,0.131884222321569,0.0863460163441764,0.07011600322518033,0.19365244141795765,10,0.2688828833140802,0.06555373656093957,0.22198856515187176,0.3157772014762887,10,1.6027593737439207,0.534250220075511,1.2205797892871133,1.9849389582007282,10
{},linucb,20,1.25828648196959,0.22789814464774316,1.0952579703338974,1.4213149936052827,10,0.0356650859630124,0.07254564487702665,-0.01623094209914626,0.08756111402517106,10,0.00625,0.008068715304598784,0.0004779887844014478,0.012022011215598552,10,0.10651404784185152,0.09872662956719618,0.03588927157600509,0.17713882410769793,10,0.24755151826398727,0.038162529188764456,0.220251689458823,0.27485134706915154,10,1.3789796075867837,0.3385397090425459,1.1368028887719153,1.6211563264016522,10
{},sliding_window_linucb,20,1.25828648196959,0.22789814464774316,1.0952579703338974,1.4213149936052827,10,0.0356650859630124,0.07254564487702665,-0.01623094209914626,0.08756111402517106,10,0.00625,0.008068715304598784,0.0004779887844014478,0.012022011215598552,10,0.10651404784185152,0.09872662956719618,0.03588927157600509,0.17713882410769793,10,0.24755151826398727,0.038162529188764456,0.220251689458823,0.27485134706915154,10,1.3789796075867837,0.3385397090425459,1.1368028887719153,1.6211563264016522,10
{},uncertainty_aware,20,0.5722033108014891,0.3803327470901545,0.30012965359703037,0.8442769680059479,10,0.06842450572202323,0.07361930786775261,0.015760425424744665,0.1210885860193018,10,0.01875,0.03359274061791062,-0.00528079899209738,0.04278079899209738,10,0.1449217824308265,0.10879489888444883,0.0670946001775329,0.22274896468412014,10,0.47968378786720756,0.06025686440044109,0.43657862378514906,0.522788951949266,10,0.6197089478448655,0.4933776026040145,0.26676787256211293,0.9726500231276181,10
{},ucb,21,1.888324572837785,0.43260927779640285,1.5788545383715,2.19779460730407,10,0.08380051891969406,0.06502773859493013,0.03728247703500627,0.13031856080438187,10,0.0109375,0.016552342272990316,-0.0009033323552663612,0.02277833235526636,10,0.153225352094312,0.09271916403987653,0.08689805778092058,0.21955264640770344,10,0.4706117229982678,0.016100585088446674,0.4590940582647946,0.482129387731741,10,1.9968277425164556,0.3485242054096941,1.747508545272532,2.246146939760379,10
{},sliding_window_ucb,21,1.888324572837785,0.43260927779640285,1.5788545383715,2.19779460730407,10,0.08380051891969406,0.06502773859493013,0.03728247703500627,0.13031856080438187,10,0.0109375,0.016552342272990316,-0.0009033323552663612,0.02277833235526636,10,0.153225352094312,0.09271916403987653,0.08689805778092058,0.21955264640770344,10,0.4706117229982678,0.016100585088446674,0.4590940582647946,0.482129387731741,10,1.9968277425164556,0.3485242054096941,1.747508545272532,2.246146939760379,10
{},discounted_ucb,21,2.0016549422494854,0.42333171044113227,1.6988216796615652,2.304488204837406,10,0.07974957948055827,0.06534043262730545,0.03300784976034947,0.12649130920076707,10,0.00625,0.008068715304598784,0.0004779887844014478,0.012022011215598552,10,0.15639220933925294,0.0796512846271967,0.09941311281034487,0.213371305868161,10,0.5608645995815543,0.021626249595853318,0.5453941125825331,0.5763350865805755,10,2.120684163651873,0.44186087130075874,1.8045959378808503,2.436772389422896,10
{},thompson,21,1.5242624642028497,0.46776517755124775,1.1896434140607026,1.8588815143449968,10,0.06283093236289757,0.05068335799411397,0.026574242203128796,0.09908762252266634,10,0.0109375,0.014823176532039278,0.0003336382991214089,0.02154136170087859,10,0.13201589950052736,0.09884582083956334,0.061305858934859556,0.20272594006619515,10,0.2446716585713927,0.07383744330029314,0.1918515335860055,0.29749178355677985,10,1.6567353491095331,0.5540178408689898,1.2604148606031522,2.053055837615914,10
{},linucb,21,1.347228426144949,0.21977115757513385,1.1900136108365253,1.5044432414533726,10,0.08894194417535878,0.062362019717807735,0.04433084269884398,0.1335530456518736,10,0.0109375,0.012863634411696322,0.0017354102874837796,0.02013958971251622,10,0.16172831654801043,0.08924307722022182,0.09788766494687404,0.22556896814914681,10,0.22420019234213817,0.028887298979053806,0.2035354635221221,0.24486492116215425,10,1.4626679999998795,0.32510466593633613,1.2301021320532892,1.6952338679464698,10
{},sliding_window_linucb,21,1.347228426144949,0.21977115757513385,1.1900136108365253,1.5044432414533726,10,0.08894194417535878,0.062362019717807735,0.04433084269884398,0.1335530456518736,10,0.0109375,0.012863634411696322,0.0017354102874837796,0.02013958971251622,10,0.16172831654801043,0.08924307722022182,0.09788766494687404,0.22556896814914681,10,0.22420019234213817,0.028887298979053806,0.2035354635221221,0.24486492116215425,10,1.4626679999998795,0.32510466593633613,1.2301021320532892,1.6952338679464698,10
{},uncertainty_aware,21,0.616689623542658,0.41707908387175563,0.31832922055170754,0.9150500265336085,10,0.04448631274116895,0.04856463946327043,0.009745262514284585,0.07922736296805333,10,0.01875,0.023058274605394433,0.0022551040208555265,0.03524489597914447,10,0.1223396156314251,0.09540394586702358,0.05409174409691203,0.19058748716593818,10,0.4730851561716875,0.05594021055204536,0.43306794023084005,0.513102372112535,10,0.6640086393413756,0.5291659661033942,0.28546611107532066,1.0425511676074304,10
{},ucb,22,1.9959195748813419,0.4609969464661588,1.666142225587238,2.3256969241754457,10,0.10759500204355685,0.08627090226087915,0.045880516325391855,0.16930948776172183,10,0.01875,0.025301995419773165,0.0006500428411799174,0.036849957158820085,10,0.18047078422254498,0.09034944473961141,0.11583868497585205,0.24510288346923792,10,0.4759789419041005,0.030360605058020695,0.4542602734058609,0.4976976104023401,10,2.1070881796067638,0.3931518700091686,1.8258442742934748,2.3883320849200524,10
{},sliding_window_ucb,22,1.9959195748813419,0.4609969464661588,1.666142225587238,2.3256969241754457,10,0.10759500204355685,0.08627090226087915,0.045880516325391855,0.16930948776172183,10,0.01875,0.025301995419773165,0.0006500428411799174,0.036849957158820085,10,0.18047078422254498,0.09034944473961141,0.11583868497585205,0.24510288346923792,10,0.4759789419041005,0.030360605058020695,0.4542602734058609,0.4976976104023401,10,2.1070881796067638,0.3931518700091686,1.8258442742934748,2.3883320849200524,10
{},discounted_ucb,22,2.0964831512519995,0.41212695415645584,1.8016652884522388,2.39130101405176,10,0.0948282090025141,0.06531366295758977,0.04810562915040743,0.14155078885462077,10,0.0109375,0.012863634411696322,0.0017354102874837796,0.02013958971251622,10,0.17455483121792584,0.08297712699380039,0.11519657038383922,0.23391309205201244,10,0.549363727913933,0.01226875437117585,0.5405871897466377,0.5581402660812282,10,2.2250286477375623,0.4144127466008747,1.9285756275270307,2.521481667948094,10
{},thompson,22,1.6208509072296813,0.4764923844894749,1.279988789334284,1.9617130251250785,10,0.0965884430268315,0.0977044599570478,0.026694882850696128,0.16648200320296688,10,0.0234375,0.025779934730759544,0.004995645654422502,0.0418793543455775,10,0.16819688713342945,0.10202150812211427,0.09521509673892949,0.24117867752792943,10,0.23472067961371326,0.06808562027152541,0.18601516095397785,0.28342619827344867,10,1.754721889110726,0.5609058978005919,1.3534739815094825,2.1559697967119695,10
{},linucb,22,1.4344758527994386,0.22565068246855072,1.2730550787545787,1.5958966268442984,10,0.08724742665448945,0.08623507393875031,0.025558570973989295,0.14893628233498962,10,0.0140625,0.018706546870904138,0.0006806425087041521,0.027444357491295847,10,0.15474318693147643,0.10926873677046334,0.07657704147410341,0.23290933238884945,10,0.2285039102318252,0.028597562887841883,0.20804644612557166,0.24896137433807874,10,1.547200839799119,0.3050201982045808,1.3290025345475398,1.7653991450506983,10
{},sliding_window_linucb,22,1.4344758527994386,0.22565068246855072,1.2730550787545787,1.5958966268442984,10,0.08724742665448945,0.08623507393875031,0.025558570973989295,0.14893628233498962,10,0.0140625,0.018706546870904138,0.0006806425087041521,0.027444357491295847,10,0.15474318693147643,0.10926873677046334,0.07657704147410341,0.23290933238884945,10,0.2285039102318252,0.028597562887841883,0.20804644612557166,0.24896137433807874,10,1.547200839799119,0.3050201982045808,1.3290025345475398,1.7653991450506983,10
{},uncertainty_aware,22,0.6492020152105412,0.41381125430372745,0.3531792766686726,0.9452247537524099,10,0.03251239166788315,0.04229893437768892,0.002253556844855776,0.06277122649091053,10,0.015625,0.02209708691207961,-0.00018230372478071286,0.031432303724780716,10,0.12052454902444854,0.076940851006727,0.06548437990416645,0.17556471814473062,10,0.4661577602763874,0.05593199011637771,0.426146424880965,0.5061690956718098,10,0.7143228412335876,0.5244597889836689,0.33914690927093255,1.0894987731962427,10
{},ucb,23,2.1137446731008467,0.4562733742932773,1.787346363781548,2.4401429824201455,10,0.11782509821950479,0.0707588868376505,0.06720723986014406,0.16844295657886554,10,0.025,0.024650332429581735,0.0073662144615903695,0.04263378553840963,10,0.21394151545446652,0.08226158742474389,0.1550951207926124,0.27278791011632064,10,0.4654090953156421,0.026340555160278525,0.4465661972741701,0.48425199335711416,10,2.2281316931082147,0.40093355502839767,1.9413211056761943,2.514942280540235,10
{},sliding_window_ucb,23,2.1137446731008467,0.4562733742932773,1.787346363781548,2.4401429824201455,10,0.11782509821950479,0.0707588868376505,0.06720723986014406,0.16844295657886554,10,0.025,0.024650332429581735,0.0073662144615903695,0.04263378553840963,10,0.21394151545446652,0.08226158742474389,0.1550951207926124,0.27278791011632064,10,0.4654090953156421,0.026340555160278525,0.4465661972741701,0.48425199335711416,10,2.2281316931082147,0.40093355502839767,1.9413211056761943,2.514942280540235,10
{},discounted_ucb,23,2.2035213857708498,0.4533394272254853,1.8792218957483005,2.5278208757933993,10,0.10703823451885039,0.06954203003973838,0.05729086307347494,0.15678560596422583,10,0.0203125,0.025568620226319953,0.0020218109445088693,0.038603189055491136,10,0.1966420040984305,0.08780399381977422,0.13383081074609748,0.2594531974507635,10,0.5489573093427074,0.03057768488931533,0.5270833512880003,0.5708312673974144,10,2.328772649882977,0.4605396522828987,1.9993224291409366,2.6582228706250173,10
{},thompson,23,1.6868619758996561,0.5390536482687981,1.3012462259123618,2.0724777258869502,10,0.06601106866997505,0.08361356510661626,0.006197527436651418,0.1258246099032987,10,0.01875,0.01613743060919757,0.007205977568802894,0.030294022431197103,10,0.16701478164019837,0.10489055428424361,0.09198059926001984,0.2420489640203769,10,0.2069975678951757,0.04726886582250455,0.17318345829081086,0.24081167749954055,10,1.8288386687979084,0.6303979316790294,1.377879154850549,2.279798182745268,10
{},linucb,23,1.5079109755451616,0.20571856205164002,1.36074878149153,1.6550731695987932,10,0.07343512274572313,0.07397915635079075,0.020513622350993806,0.12635662314045246,10,0.0140625,0.01368117243392052,0.00427557881737765,0.02384942118262235,10,0.17676525817521144,0.0739742588343978,0.123847261252656,0.22968325509776688,10,0.2521425279042026,0.02906203838851767,0.23135279804087824,0.272932257767527,10,1.6310680960213149,0.3012038834665902,1.4155998178729823,1.8465363741696474,10
{},sliding_window_linucb,23,1.5079109755451616,0.20571856205164002,1.36074878149153,1.6550731695987932,10,0.07343512274572313,0.07397915635079075,0.020513622350993806,0.12635662314045246,10,0.0140625,0.01368117243392052,0.00427557881737765,0.02384942118262235,10,0.17676525817521144,0.0739742588343978,0.123847261252656,0.22968325509776688,10,0.2521425279042026,0.02906203838851767,0.23135279804087824,0.272932257767527,10,1.6310680960213149,0.3012038834665902,1.4155998178729823,1.8465363741696474,10
{},uncertainty_aware,23,0.6748413820633734,0.4466328082935739,0.355339518209599,0.9943432459171477,10,0.02563936685283206,0.058095072145456735,-0.015919344210311263,0.06719807791597537,10,0.015625,0.01647019614671031,0.0038429314434682317,0.02740706855653177,10,0.12144689697997053,0.10602089303292404,0.04560411896981724,0.19728967499012384,10,0.43589093159679243,0.08395782218909545,0.37583112368208194,0.4959507395115029,10,0.7428717362605424,0.5478541030990005,0.35096052013462437,1.1347829523864603,10
{},ucb,24,2.176179811197863,0.4308635189118696,1.8679586174058194,2.484401004989907,10,0.06243513809701604,0.06571668723848981,0.015424252042286542,0.10944602415174554,10,0.0046875,0.007547592055306999,-0.000711722100346591,0.010086722100346592,10,0.14146342258866873,0.07433072772926379,0.08829042318040087,0.1946364219969366,10,0.4490623331385867,0.01339261192096575,0.4394818357117021,0.4586428305654713,10,2.307564056472453,0.38073821456502766,2.0352003453096903,2.579927767635216,10
{},sliding_window_ucb,24,2.176179811197863,0.4308635189118696,1.8679586174058194,2.484401004989907,10,0.06243513809701604,0.06571668723848981,0.015424252042286542,0.10944602415174554,10,0.0046875,0.007547592055306999,-0.000711722100346591,0.010086722100346592,10,0.14146342258866873,0.07433072772926379,0.08829042318040087,0.1946364219969366,10,0.4490623331385867,0.01339261192096575,0.4394818357117021,0.4586428305654713,10,2.307564056472453,0.38073821456502766,2.0352003453096903,2.579927767635216,10
{},discounted_ucb,24,2.2834934405854583,0.4412434898150555,1.9678468629238626,2.599140018247054,10,0.07997205481460765,0.06993149907887217,0.029946074002419207,0.12999803562679607,10,0.009375,0.013176156917368247,-5.06548452254129e-05,0.01880065484522541,10,0.1586983268450458,0.08346444051726257,0.09899146291656902,0.2184051907735226,10,0.5497584266928651,0.021085363421328326,0.534674866354144,0.5648419870315863,10,2.425439917503593,0.4725215782937916,2.087418343242619,2.763461491764567,10
{},thompson,24,1.7303673926523722,0.5308718130396769,1.3506045749998883,2.110130210304856,10,0.04350541675271575,0.054687882943322566,0.004384062015328004,0.0826267714901035,10,0.009375,0.01679637030895531,-0.00264039949604869,0.02139039949604869,10,0.11670995359425665,0.09000520429651487,0.05232410912585332,0.18109579806265996,10,0.21404316194746859,0.04610122652305285,0.1810643311796699,0.24702199271526726,10,1.8835175631677354,0.6216328117374232,1.43882823830242,2.328206888033051,10
{},linucb,24,1.5665464719125608,0.24389388885168195,1.3920752941941574,1.7410176496309642,10,0.05863549636739916,0.06824084218783137,0.009818938637873531,0.10745205409692479,10,0.00625,0.008068715304598784,0.0004779887844014478,0.012022011215598552,10,0.12817101169812034,0.08180425715339126,0.06965177140419583,0.18669025199204486,10,0.2567561383123654,0.02450236678424558,0.23922820102019599,0.27428407560453477,10,1.6972080484950056,0.3083674787167252,1.4766152430127837,1.9178008539772275,10
{},sliding_window_linucb,24,1.5665464719125608,0.24389388885168195,1.3920752941941574,1.7410176496309642,10,0.05863549636739916,0.06824084218783137,0.009818938637873531,0.10745205409692479,10,0.00625,0.008068715304598784,0.0004779887844014478,0.012022011215598552,10,0.12817101169812034,0.08180425715339126,0.06965177140419583,0.18669025199204486,10,0.2567561383123654,0.02450236678424558,0.23922820102019599,0.27428407560453477,10,1.6972080484950056,0.3083674787167252,1.4766152430127837,1.9178008539772275,10
{},uncertainty_aware,24,0.6833634608976796,0.43962961498707104,0.36887137973968337,0.9978555420556758,10,0.00852207883430622,0.02619227268960584,-0.010214744317733112,0.027258901986345552,10,0.00625,0.01092509216843908,-0.001565340131252025,0.014065340131252026,10,0.07846175710296244,0.0736811633440205,0.025753428063562442,0.13117008614236242,10,0.4193800041105922,0.09177900815142884,0.3537252568047074,0.48503475141647695,10,0.759302434139075,0.5486834787375969,0.36679791842242854,1.1518069498557215,10
{},ucb,25,2.250404449569454,0.4331889419549383,1.940519748344207,2.560289150794701,10,0.07422463837159118,0.013736841690266212,0.06439789380199071,0.08405138294119166,10,0.0140625,0.01719538960335331,0.0017616592960811063,0.026363340703918894,10,0.16200202024515234,0.07718270761246421,0.10678883733169725,0.21721520315860743,10,0.4642790332142518,0.04198902519519795,0.4342418940651485,0.49431617236335507,10,2.381341966721666,0.3823624180603769,2.1078163703717747,2.6548675630715577,10
{},sliding_window_ucb,25,2.287808801575182,0.4616082382402244,1.9575941604889264,2.6180234426614373,10,0.11162899037731897,0.06163552742707719,0.06753759017812555,0.15572039057651238,10,0.0265625,0.028574722342385835,0.006121375035674975,0.04700362496432502,10,0.19940637225088012,0.09190638043080132,0.13366050830531478,0.26515223619644546,10,0.507252078516774,0.050695080806187044,0.4709870023624312,0.5435171546711168,10,2.418746318727394,0.41075426526200937,2.124910418408049,2.712582219046739,10
{},discounted_ucb,25,2.3329490900563306,0.44331228066364115,2.0158225885741534,2.6500755915385077,10,0.0494556494708723,0.04395830862487102,0.018009769820504,0.0809015291212406,10,0.0140625,0.02598953114557219,-0.004529290588384119,0.03265429058838412,10,0.1489755102959945,0.0872447824029102,0.08656435269262269,0.21138666789936633,10,0.5385212380609633,0.019166959202102755,0.5248100214289423,0.5522324546929843,10,2.486191317803648,0.4699173316524502,2.1500327093624545,2.8223499262448417,10
{},thompson,25,1.824209759066343,0.5702427966404849,1.4162826363994676,2.2321368817332186,10,0.09384236641397099,0.07545942957142056,0.039861942348114535,0.14782279047982744,10,0.0140625,0.020104436526686233,-0.0003193475103692323,0.028444347510369235,10,0.1766669493649972,0.08781805359236468,0.11384569825724496,0.23948820047274944,10,0.25903872472337836,0.08635187381375387,0.19726631544567583,0.32081113400108086,10,1.9719604025367936,0.6496446301660059,1.5072326299093002,2.436688175164287,10
{},linucb,25,1.6037767040381214,0.26438636282196437,1.4146460935442904,1.7929073145319525,10,0.03723023212556077,0.08344531425339441,-0.022462949697972183,0.09692341394909373,10,0.0140625,0.024923929404177914,-0.0037670050236445225,0.031892005023644525,10,0.1191773763216297,0.10219814965367076,0.046069224187646446,0.19228552845561295,10,0.24293933827457614,0.025390688613127484,0.2247759338273759,0.2611027427217764,10,1.7281613148206953,0.3108619273921562,1.5057840882518705,1.9505385413895202,10
{},sliding_window_linucb,25,1.613151716403868,0.26153711221363657,1.4260593370095958,1.8002440957981403,10,0.04660524449130721,0.08406187114507832,-0.013528995562626538,0.10673948454524096,10,0.0171875,0.027013130166437374,-0.0021365292169229326,0.03651152921692294,10,0.12855238868737615,0.11201265401851507,0.0484233630771488,0.2086814142976035,10,0.2540664153684221,0.03150423037008849,0.2315296466053317,0.2766031841315125,10,1.737536327186442,0.3129025407596725,1.513699333752712,1.9613733206201718,10
{},uncertainty_aware,25,0.7594483682092441,0.4012605896942729,0.47240383427049226,1.046492902147996,10,0.07608490731156434,0.08348795827448671,0.01636121979304389,0.13580859483008478,10,0.0265625,0.030414169418034234,0.00480551386690984,0.04831948613309016,10,0.16433858387734018,0.11297932374075367,0.08351804440549962,0.24515912334918075,10,0.6190939889150634,0.337988859073952,0.377311324429392,0.8608766534007348,10,0.8354169080204757,0.48623423462914284,0.48758589035056354,1.183247925690388,10
{},ucb,26,2.3198468639341763,0.43130181182875965,2.0113121342771896,2.628381593591163,10,0.06944241436472195,0.04543105008700379,0.03694299893868162,0.10194182979076229,10,0.0203125,0.02448470681988158,0.0027971958852979067,0.037827804114702095,10,0.18936648774876194,0.08638717082390053,0.12756882851109025,0.25116414698643363,10,0.43962457858939985,0.02487360367226688,0.4218310744256268,0.4574180827531729,10,2.4467282820678036,0.4011359337078735,2.1597729216497954,2.7336836424858117,10
{},sliding_window_ucb,26,2.351980825256269,0.4616822897836194,2.0217132108870466,2.682248439625491,10,0.06417202368108706,0.04397341578039298,0.03271533702268629,0.09562871033948783,10,0.015625,0.01948779888944761,0.0016842684819217482,0.029565731518078252,10,0.1869595308188488,0.09582710085470539,0.11840895244159415,0.25551010919610345,10,0.45012571041870925,0.023156026072356343,0.43356088725260306,0.46669053358481544,10,2.4817256771436185,0.42802321298577517,2.175536315810926,2.787915038476311,10
{},discounted_ucb,26,2.4087001322690496,0.4454986708072281,2.0900095814984727,2.7273906830396264,10,0.07575104221271907,0.056609855245474745,0.03525479131586846,0.11624729310956969,10,0.015625,0.01948779888944761,0.0016842684819217482,0.029565731518078252,10,0.1919371169630819,0.08513649094034256,0.13103414021729412,0.25284009370886973,10,0.5304258008168243,0.019248832994652493,0.5166560152018834,0.5441955864317652,10,2.5541482623641056,0.4802721621608856,2.210582254408364,2.897714270319847,10
{},thompson,26,1.9038454453658988,0.5650408501851398,1.499639571020436,2.3080513197113617,10,0.07963568629955588,0.06161122621588824,0.03556167013961036,0.12370970245950139,10,0.021875,0.024650332429581735,0.004241214461590367,0.03950878553840963,10,0.18456873118888195,0.10907101525943314,0.10654402717988684,0.26259343519787703,10,0.20920486573890548,0.04461628884452202,0.1772882953944061,0.24112143608340486,10,2.032548961323051,0.641096038316063,1.57393648291189,2.491161439734212,10
{},linucb,26,1.681823397002677,0.27766313685934463,1.4831951545119593,1.8804516394933948,10,0.07804669296455573,0.05820083797350647,0.03641232158589945,0.119681064343212,10,0.028125,0.026352313834736497,0.009273690309549172,0.04697630969045083,10,0.20248942459621305,0.07825571803749916,0.14650865626501172,0.25847019292741436,10,0.234650710059734,0.04407915682727496,0.20311838081319977,0.26618303930626824,10,1.8066705670142844,0.3352745474397053,1.566829604101176,2.046511529927393,10
{},sliding_window_linucb,26,1.6922214799203465,0.2743923386908991,1.4959330254875203,1.8885099343531728,10,0.07906976351647874,0.04517482494394384,0.04675364051601418,0.11138588651694328,10,0.0203125,0.019557274328665195,0.006322068746680877,0.034302931253319124,10,0.20351249514813605,0.07709445018537449,0.14836244779465435,0.25866254250161774,10,0.2517077578331094,0.03464377232069629,0.2269250960540116,0.27649041961220716,10,1.817068649931954,0.33773441255033254,1.5754680055241586,2.0586692943397495,10
{},uncertainty_aware,26,0.7712593846387394,0.4185073647831359,0.4718772510341418,1.070641518243337,10,0.011811016429495499,0.0272978811918363,-0.007716711399933816,0.031338744258924814,10,0.01875,0.02057126839388698,0.004034201089493282,0.03346579891050672,10,0.13155396084944432,0.09482931868691892,0.06371715283658773,0.1993907688623009,10,0.4602722832598797,0.07753407560568701,0.4048077468259294,0.51573681969383,10,0.842990696467296,0.49424861362445777,0.48942653743587733,1.1965548554987147,10
{},ucb,27,2.3816490994392012,0.42844998694796976,2.0751544424053567,2.6881437564730457,10,0.06180223550502482,0.053482367601629124,0.02354325449259237,0.10006121651745727,10,0.0140625,0.027013130166437374,-0.005261529216922934,0.033386529216922936,10,0.1407950832119066,0.07982826158178725,0.08368938499633138,0.1979007814274818,10,0.43461556755505154,0.025720341508635426,0.4162163436324706,0.45301479147763246,10,2.515242917572407,0.3967922390273339,2.2313948491416276,2.7990909860031867,10
{},sliding_window_ucb,27,2.4850880016878065,0.49364550761105486,2.131955278708119,2.838220724667494,10,0.13310717643153736,0.08816682786938952,0.07003642723608432,0.19617792562699038,10,0.0140625,0.015537951968933645,0.0029473187541081917,0.025177681245891807,10,0.186568740263186,0.07882245256800854,0.13018255447172272,0.2429549260546493,10,0.4676698515765997,0.04164342744969252,0.4378799381614377,0.49745976499176164,10,2.5960139696995013,0.4561898832836631,2.269675386250518,2.9223525531484844,10
{},discounted_ucb,27,2.529147325337609,0.5027311471794073,2.1695151273473794,2.8887795233278384,10,0.12044719306855955,0.09660904551496251,0.051337245178489255,0.18955714095862986,10,0.0171875,0.023810686355546794,0.00015436107923726475,0.03422063892076274,10,0.1941135284514484,0.08738662282000459,0.13160090432615984,0.256626152576737,10,0.5318483435778746,0.024817185320946948,0.5140951986713427,0.5496014884844065,10,2.675981343108251,0.5258168625121188,2.299834619225085,3.0521280669914166,10
{},thompson,27,1.9320589234438792,0.5769564603691371,1.519329135064229,2.3447887118235293,10,0.02821347807798023,0.07279140403639253,-0.023858355496040703,0.08028531165200116,10,0.0078125,0.01518477055949297,-0.0030500304855817263,0.018675030485581726,10,0.10271941586917754,0.10990426777604632,0.024098638917991022,0.18134019282036407,10,0.20795341633432224,0.07072295461072278,0.15736126234164177,0.2585455703270027,10,2.062987929484925,0.6473386573833922,1.5999097504124955,2.526066108557355,10
{},linucb,27,1.7523610035235042,0.27301384966927045,1.557058660732129,1.9476633463148794,10,0.07053760652082666,0.08574186517390897,0.009201571136349743,0.1318736419053036,10,0.0171875,0.025989531145572186,-0.0014042905883841147,0.03577929058838412,10,0.15049134584637952,0.09635128895214137,0.08156578589358714,0.2194169057991719,10,0.22991300297751321,0.01732554927948923,0.2175190516503893,0.24230695430463714,10,1.88488146515336,0.3690532013069615,1.62087670892132,2.1488862213854,10
{},sliding_window_linucb,27,1.7778045033540568,0.2772139681272322,1.5794975768178097,1.976111429890304,10,0.08558302343371019,0.09108962729662419,0.020421429483166068,0.15074461738425432,10,0.009375,0.01092509216843908,0.0015596598687479743,0.017190340131252025,10,0.15839390561640593,0.08789635821452162,0.09551663875642293,0.22127117247638894,10,0.2275380932550041,0.019428095514877376,0.21364007095823548,0.24143611555177272,10,1.9031821078410558,0.34630474403655037,1.655450617617985,2.1509135980641263,10
{},uncertainty_aware,27,0.7932958621766888,0.4116955076146206,0.49878663764019476,1.0878050867131828,10,0.022036477537949288,0.03701288378506579,-0.00444094448824137,0.04851389956413994,10,0.009375,0.01679637030895531,-0.00264039949604869,0.02139039949604869,10,0.09442942358576509,0.09033587762854577,0.029807029665667284,0.1590518175058629,10,0.5012006991583066,0.013951458370719351,0.49122042706420366,0.5111809712524095,10,0.8651396723457575,0.4787490457775091,0.5226632362134884,1.2076161084780266,10
{},ucb,28,2.457335270034277,0.4481757212425135,2.13672967274714,2.7779408673214143,10,0.07568617059507649,0.039051782716863936,0.047750208137411765,0.1036221330527412,10,0.0078125,0.01327869664998121,-0.0016865073510882941,0.017311507351088294,10,0.1452654980212535,0.07878216954777492,0.0889081289665084,0.20162286707599858,10,0.44264294351387834,0.0326682757477983,0.41927346685095945,0.4660124201767972,10,2.5979074560444553,0.41957789584479505,2.297759510651825,2.8980554014370856,10
{},sliding_window_ucb,28,2.558592750613336,0.5452940635534714,2.168512876455915,2.9486726247707566,10,0.07350474892552894,0.06485528032182022,0.027110076257505153,0.11989942159355273,10,0.0078125,0.01327869664998121,-0.0016865073510882941,0.017311507351088294,10,0.12970232335446236,0.09217559471390067,0.06376387511229119,0.1956407715966335,10,0.45525608990644634,0.01850795744871558,0.44201629472976933,0.46849588508312334,10,2.6631153335047584,0.49583641721094135,2.3084153282123956,3.017815338797121,10
{},discounted_ucb,28,2.622319463391659,0.5219886608249811,2.2489112700229033,2.9957276567604145,10,0.09317213805404999,0.07229183620762564,0.041457673776347057,0.14488660233175293,10,0.00625,0.008068715304598784,0.0004779887844014478,0.012022011215598552,10,0.15645670960422017,0.07996404692626562,0.09925387640474037,0.21365954280369998,10,0.5345643625451736,0.02666324349806328,0.5154906271727853,0.5536380979175619,10,2.7698370931632654,0.5510532797534444,2.3756373239241144,3.1640368624024164,10
{},thompson,28,2.021569580450111,0.5972822357089914,1.5942996083115286,2.4488395525886935,10,0.08951065700623194,0.07950507769397012,0.032636150616710886,0.146385163395753,10,0.0109375,0.014823176532039278,0.0003336382991214089,0.02154136170087859,10,0.14523868263139178,0.09908191736129533,0.07435974878842316,0.2161176164743604,10,0.21210231601419602,0.061075686388846424,0.16841140196795668,0.25579323006043536,10,2.1456256525671114,0.645653890048489,1.6837526834426884,2.6074986216915343,10
{},linucb,28,1.836899056660863,0.33291792355656574,1.5987439209173755,2.0750541924043504,10,0.08453805313735921,0.09179369754595627,0.01887279767165445,0.15020330860306397,10,0.0125,0.024206145913796356,-0.0048160336467956595,0.02981603364679566,10,0.1541940784053193,0.08160226804116402,0.095819332417761,0.21256882439287758,10,0.22277180132228,0.029495728106539058,0.2016718285241129,0.2438717741204471,10,1.976474584009474,0.42755420935672456,1.6706207276617566,2.2823284403571913,10
{},sliding_window_linucb,28,1.8435729476783382,0.29249729952532505,1.634332984479957,2.0528129108767197,10,0.0657684443242812,0.06548126868604186,0.018925966556843123,0.11261092209171927,10,0.0046875,0.007547592055306999,-0.000711722100346591,0.010086722100346592,10,0.12747448753341306,0.05640745264172134,0.08712302673694747,0.16782594832987865,10,0.23898723652187429,0.03303282442870541,0.21535697744249954,0.26261749560124903,10,1.9680556358252637,0.37807572805400014,1.697596552775265,2.2385147188752623,10
{},uncertainty_aware,28,0.8538342315063489,0.4038704882998761,0.5649226885761494,1.1427457744365483,10,0.06053836932966007,0.09467009170904639,-0.007184534564955755,0.12826127322427588,10,0.0078125,0.011048543456039806,-9.115186239035643e-05,0.015716151862390358,10,0.11500455414427202,0.09658437734886596,0.04591225279717695,0.1840968554913671,10,0.5009107907363612,0.018706987826429156,0.48752861780448536,0.5142929636682372,10,0.917543266940824,0.4509236112787043,0.5949719475394012,1.240114586342247,10
{},ucb,29,2.502068572676078,0.44348125753446244,2.184821192422407,2.8193159529297493,10,0.04473330264180071,0.03920539857771483,0.016687450017206965,0.07277915526639446,10,0.0140625,0.023810686355546794,-0.0029706389207627363,0.03109563892076274,10,0.13409336179204,0.0827690023940838,0.07488398432766671,0.1933027392564133,10,0.4152369666138557,0.015448672129518332,0.40418565231765513,0.4262882809100562,10,2.655589445850448,0.4184658000965189,2.356237045831467,2.954941845869429,10
{},sliding_window_ucb,29,2.6325501686061754,0.5786416644732346,2.218614857832659,3.0464854793796916,10,0.07395741799284027,0.06134934375579115,0.03007074125928242,0.11784409472639812,10,0.0171875,0.0289519627285152,-0.0035234864797603696,0.03789848647976037,10,0.1577873194494197,0.09783152172997864,0.08780286475653114,0.22777177414230826,10,0.4791693479454306,0.03257646737751324,0.4558655470342226,0.5024731488566385,10,2.7444912809681306,0.5314447398621892,2.364318616156537,3.1246639457797243,10
{},discounted_ucb,29,2.6648302681547067,0.4955345355302123,2.310346216007445,3.0193143203019686,10,0.042510804763047534,0.036696885780434604,0.016259434091748327,0.06876217543434673,10,0.0125,0.02057126839388698,-0.0022157989105067166,0.027215798910506718,10,0.1339716226696948,0.0642727989381874,0.08799363208206241,0.17994961325732722,10,0.5093778055996057,0.015172196902574773,0.4985242697663339,0.5202313414328774,10,2.8273973438469127,0.5455647977883763,2.4371237980848655,3.21767088960896,10
{},thompson,29,2.059063500366645,0.6143453990813056,1.6195872764716703,2.4985397242616196,10,0.03749391991653383,0.040094924102841704,0.008811739064487668,0.06617610076857999,10,0.015625,0.02329237476562281,-0.0010373611454568207,0.03228736114545682,10,0.12136717951719891,0.10173931633900768,0.04858725696355741,0.1941471020708404,10,0.18933902156232524,0.04786197572435433,0.1551006266936621,0.22357741643098838,10,2.1905814600982634,0.6671956734386485,1.713298427458385,2.6678644927381416,10
{},linucb,29,1.913853628724312,0.362662662275262,1.6544203887215863,2.173286868727038,10,0.07695457206344865,0.0789358526949118,0.020487264708065174,0.13342187941883213,10,0.01875,0.02185018433687816,0.0031193197374959486,0.03438068026250405,10,0.15863134881750882,0.1166111299053456,0.0752127717246164,0.24204992591040123,10,0.2117351469417857,0.019230678306246335,0.19797834840857223,0.22549194547499915,10,2.0586945608409355,0.4856501054205667,1.7112814040343678,2.406107717647503,10
{},sliding_window_linucb,29,1.9117107707385408,0.29869079121787073,1.6980402504857155,2.125381290991366,10,0.06813782306020263,0.08228912018107296,0.009271732650967618,0.12700391346943765,10,0.0171875,0.022642776165921,0.0009898336989602255,0.03338516630103978,10,0.1498809122323821,0.09646755878521761,0.08087217785154052,0.21888964661322366,10,0.24472968530241176,0.039610512618062164,0.2163940315513427,0.2730653390534808,10,2.0415251760715982,0.4159059918077605,1.7440039525899866,2.33904639955321,10
{},uncertainty_aware,29,0.8825882936363507,0.3884932961038698,0.6046769313382744,1.160499655934427,10,0.028754062130001888,0.050923770521781646,-0.007674608791720064,0.06518273305172384,10,0.01875,0.02833639689319884,-0.0015206372083763318,0.03902063720837633,10,0.1153858813535968,0.09376949843022578,0.04830722308047199,0.1824645396267216,10,0.5183242785619449,0.18596707224314774,0.3852914491463766,0.6513571079775131,10,0.9565177763083735,0.43552003887642005,0.6449655088018161,1.268070043814931,10
{},ucb,30,2.56988718640394,0.43964485914156515,2.2553842002347504,2.8843901725731294,10,0.06781861372786166,0.04342312355839103,0.036755582410781654,0.09888164504494167,10,0.115625,0.0691748238161833,0.06614031206256658,0.1651096879374334,10,0.3211863948175398,0.05021830204635547,0.28526238564167106,0.35711040399340854,10,0.42212467665988107,0.021189804744468212,0.40696640349938124,0.4372829498203809,10,2.7188589509379595,0.41407204885515486,2.422649651212683,3.015068250663236,10
{},sliding_window_ucb,30,2.696844454199969,0.5841740682778186,2.2789515001581275,3.114737408241811,10,0.06429428559379301,0.03485509362888395,0.03936045365750068,0.08922811753008533,10,0.11875,0.03623443152276268,0.0928294491756301,0.1446705508243699,10,0.32167494644885514,0.026583838980273673,0.30265801364663436,0.3406918792510759,10,0.47333191970439803,0.03861588782914839,0.4457077776649456,0.5009560617438504,10,2.808249337686957,0.5355252872012176,2.425157625156177,3.191341050217737,10
{},discounted_ucb,30,2.738989095483946,0.4589086786781488,2.4107056029735485,3.067272587994344,10,0.07415882732923933,0.05631688263867054,0.03387215640993151,0.11444549824854713,10,0.1328125,0.06639348324990606,0.08531746324455852,0.18030753675544148,10,0.3257883624622441,0.04409293192009244,0.2942461791079322,0.35733054581655593,10,0.5207505656324506,0.02169382975224269,0.5052317347018485,0.5362693965630527,10,2.8952688165791285,0.5199003218143429,2.523354530943678,3.267183102214579,10
{},thompson,30,2.116029515447067,0.6314645285175193,1.6643070040853885,2.5677520268087455,10,0.056966015080422094,0.03632402922656414,0.030981369919877134,0.08295066024096706,10,0.1125,0.053012544374997805,0.07457711027733199,0.150422889722668,10,0.3107034929524639,0.04793428832178343,0.2764133687678399,0.3449936171370879,10,0.19645789648994347,0.04573130375322615,0.16374369253022264,0.2291721004496643,10,2.2433680633206983,0.6869726038069632,1.7519374669625953,2.734798659678801,10
{},linucb,30,1.947187032436347,0.3517216331974424,1.6955805331430587,2.198793531729635,10,0.03333340371203495,0.03565087370464185,0.007830305002901286,0.05883650242116861,10,0.1375,0.06538481177698006,0.09072652334858958,0.18427347665141044,10,0.30140381263034927,0.048317346153636594,0.26683966538031617,0.33596795988038236,10,0.19635914804006854,0.019203703198847,0.18262164633622296,0.21009664974391412,10,2.102181483741256,0.46316093558413873,1.7708561098871214,2.43350685759539,10
{},sliding_window_linucb,30,1.9643693082021916,0.3044491548213752,1.7465795027784075,2.1821591136259757,10,0.05265853746365068,0.03579264893805256,0.027054018862198555,0.07826305606510281,10,0.14375,0.06327642728536433,0.09848477075514558,0.1890152292448544,10,0.3198615608799699,0.0398600198132493,0.29134742043372996,0.3483757013262099,10,0.2578915559259104,0.04757556560825612,0.22385804651174301,0.2919250653400778,10,2.10346984722154,0.4082743057214528,1.811408003086104,2.395531691356976,10
{},uncertainty_aware,30,0.9024947646285264,0.4136845734253215,0.6065626481278821,1.1984268811291707,10,0.01990647099217567,0.03989681501483208,-0.008633991155623758,0.0484469331399751,10,0.1328125,0.05425173608333245,0.09400314593093131,0.17162185406906869,10,0.2763848211384759,0.057516166284976494,0.23524023438054426,0.31752940789640755,10,0.4794921561811904,0.05868275064819789,0.4375130452426103,0.5214712671197705,10,0.9749857077168208,0.45968086256593327,0.6461498281296034,1.3038215873040382,10
{},ucb,31,2.6583228849421916,0.4587126282042316,2.3301796384922326,2.9864661313921506,10,0.08843569853825145,0.04014513453641694,0.05971759930579458,0.11715379777070832,10,0.109375,0.04830009633070679,0.07482319252992681,0.1439268074700732,10,0.3169083522318771,0.033765763061878576,0.2927537804395962,0.34106292402415794,10,0.4208545509016967,0.028268719703886426,0.4006323270380729,0.44107677476532053,10,2.804327295908103,0.40909190304757304,2.511680577879109,3.096974013937097,10
{},sliding_window_ucb,31,2.759780113867559,0.5826571839295048,2.3429722735198695,3.1765879542152486,10,0.06293565966758988,0.03179773351596259,0.04018893140216914,0.08568238793301061,10,0.0921875,0.04799020624912268,0.0578573745398853,0.12651762546011472,10,0.29560351090657877,0.04930565537091037,0.26033236983271696,0.3308746519804406,10,0.44998913726015227,0.021445361203884232,0.4346480500215393,0.46533022449876527,10,2.872412841331802,0.5335378280664677,2.4907428714184348,3.2540828112451696,10
{},discounted_ucb,31,2.832630166152972,0.45431740572911006,2.5076310724539463,3.1576292598519973,10,0.09364107066902598,0.03161690155747735,0.07102370179393105,0.1162584395441209,10,0.1109375,0.04742158183370849,0.07701414394236542,0.14486085605763457,10,0.31715301882842184,0.03406676211870854,0.29278312528214173,0.34152291237470195,10,0.5297862175012219,0.028081503395176493,0.5096979201169474,0.5498745148854964,10,2.9809818281458167,0.5104316114598264,2.6158410498532727,3.3461226064383607,10
{},thompson,31,2.17113812479934,0.6076808360460402,1.7364294420970372,2.6058468075016434,10,0.0551086093522727,0.051558118565315,0.018226153176808965,0.09199106552773643,10,0.1078125,0.044469529596117836,0.07600091489736424,0.13962408510263577,10,0.2870188304595419,0.06476760732788914,0.2406868752731954,0.33335078564588844,10,0.19686087138415848,0.05821846043124667,0.15521389365865726,0.2385078491096597,10,2.298946886518507,0.6621639169300921,1.825263355646276,2.772630417390738,10
{},linucb,31,1.9898685541733099,0.35251489756501875,1.7376945877364014,2.242042520610218,10,0.042681521736962706,0.04538474170178943,0.010215233334090627,0.07514781013983479,10,0.0984375,0.04422485357365371,0.0668009455797637,0.13007405442023628,10,0.2866522235169956,0.04311617500337682,0.25580876996852814,0.31749567706546306,10,0.5836867767371776,0.05534754670001118,0.5440935269758125,0.6232800264985427,10,2.157393699996519,0.45312449190949583,1.8332479654366034,2.4815394345564346,10
{},sliding_window_linucb,31,2.0288848000161765,0.30679986761455585,1.8094133959617955,2.2483562040705576,10,0.06451549181398497,0.032138113584286296,0.04152527031602809,0.08750571331194185,10,0.1,0.029646353064078555,0.07879227659824282,0.12120772340175719,10,0.30373630026104464,0.011199921858156357,0.29572435881328274,0.31174824170880655,10,0.6035138476846258,0.05170863272366025,0.5665237201665407,0.6405039752027109,10,2.175766140220851,0.41314556811368813,1.880219604892248,2.471312675549454,10
{},uncertainty_aware,31,0.9402824877691437,0.4350673031128881,0.6290540879176167,1.2515108876206706,10,0.037787723140617145,0.036788452698677615,0.011470849441992729,0.06410459683924156,10,0.084375,0.022341261030757516,0.06839302463315944,0.10035697536684057,10,0.2780700085419933,0.04290846861676718,0.24737513919160498,0.30876487789238166,10,1.0,0.0,1.0,1.0,10,1.0216157089970808,0.4911566751691084,0.6702633894925872,1.3729680285015742,10
{},ucb,32,2.726479073304906,0.4587831560846743,2.3982853742486077,3.0546727723612044,10,0.06815618836271474,0.031194715932065006,0.04584083289036754,0.09047154383506194,10,0.084375,0.05901756447589706,0.04215637767755492,0.1265936223224451,10,0.28457919587297703,0.07594214181741268,0.23025346026834495,0.3389049314776091,10,0.4129119793155798,0.03268073198371978,0.38953359199827187,0.4362903666328878,10,2.8692458853200766,0.39575214320653423,2.586141856617596,3.1523499140225573,10
{},sliding_window_ucb,32,2.8258287299918177,0.5766557038169213,2.413314089888816,3.238343370094819,10,0.06604861612425926,0.022241401618953275,0.05013807587728079,0.08195915637123774,10,0.0765625,0.04799020624912268,0.0422323745398853,0.11089262546011472,10,0.27992909525407816,0.0708975207239916,0.22921206418671933,0.33064612632143703,10,0.47789262285487766,0.02539343834284118,0.4597272513695371,0.4960579943402182,10,2.9326813301248773,0.5138943773557624,2.5650634383348545,3.3002992219149,10
{},discounted_ucb,32,2.8916579886245213,0.46600755962642637,2.558296262602984,3.2250197146460584,10,0.059027822471549266,0.03331852160697186,0.03519318794268022,0.0828624570004183,10,0.0796875,0.06440246851937347,0.03361674938196953,0.12575825061803048,10,0.2813756667819401,0.07811027367785812,0.22549894307784502,0.33725239048603517,10,0.5076598903775306,0.022138474339628917,0.49182297987063134,0.5234968008844297,10,3.0426968884667533,0.5001124670529784,2.684937981389539,3.4004557955439676,10
{},thompson,32,2.219055668275506,0.6151879297662978,1.778976734236515,2.659134602314497,10,0.047917543476166356,0.039371251069944053,0.019753047125881055,0.07608203982645166,10,0.075,0.05452605136792667,0.03599441259767868,0.1140055874023213,10,0.2645829850349929,0.07686013182660684,0.2096005589376555,0.3195654111323303,10,0.2000219578591657,0.04330219372768716,0.16904543453161971,0.2309984811867117,10,2.343869265092496,0.6530822412191478,1.8766823736580358,2.8110561565269565,10
{},linucb,32,2.068165258716845,0.34280359784220577,1.8229383376027735,2.3133921798309163,10,0.07829670454353543,0.05555237975426562,0.03855692604223468,0.11803648304483619,10,0.0796875,0.0548484734037532,0.04045126576770735,0.11892373423229263,10,0.29692994047138815,0.041254183914951115,0.2674184751069148,0.3264414058358615,10,0.5573912239059831,0.04334519668615983,0.5263839381151157,0.5883985096968504,10,2.234663034006903,0.42637387248563163,1.9296535397913144,2.5396725282224915,10
{},sliding_window_linucb,32,2.118878636013161,0.3112168364421072,1.8962475228044557,2.3415097492218657,10,0.08999383599698431,0.05303563503660741,0.05205442821007003,0.1279332437838986,10,0.084375,0.03980202744696417,0.05590234479347672,0.11284765520652329,10,0.30007921549809113,0.02859270890508017,0.2796252237219277,0.32053320727425455,10,0.5675278571124799,0.04586860708046321,0.5347154322694049,0.6003402819555549,10,2.256184749257938,0.39462628476146977,1.9738861111692994,2.538483387346577,10
{},uncertainty_aware,32,1.0104377625250893,0.4437818549756058,0.6929753478159737,1.327900177234205,10,0.07015527475594541,0.0222591300773644,0.05423205233381001,0.0860784971780808,10,0.08125,0.05743353646704259,0.040164523052967915,0.12233547694703209,10,0.28221680362819546,0.07381429222467577,0.22941323992463222,0.3350203673317587,10,1.0,0.0,1.0,1.0,10,1.0841719061642725,0.4990367003454582,0.7271825562305152,1.4411612560980298,10
{},ucb,33,2.7659627505546514,0.45629181064052365,2.439551252667029,3.092374248442274,10,0.03948367724974545,0.03320617302504252,0.015729412054837553,0.06323794244465335,10,0.0734375,0.05105760805480196,0.03691308747475153,0.10996191252524848,10,0.2550187487334345,0.09369177634971718,0.1879956894873493,0.3220418079795197,10,0.40704015073681904,0.018457126538725447,0.3938367178026411,0.42024358367099696,10,2.9339256591098213,0.4176230974598345,2.635176092241687,3.2326752259779554,10
{},sliding_window_ucb,33,2.869597996558464,0.5855711063296242,2.4507056616983345,3.2884903314185934,10,0.0437692665666455,0.04288962697067787,0.01308787571790732,0.07445065741538369,10,0.065625,0.04407124125272121,0.03409833321438767,0.09715166678561234,10,0.24208851374641407,0.07272719142199245,0.1900626151095558,0.29411441238327235,10,0.46785695125259624,0.023371126761978885,0.45113825432268573,0.48457564818250676,10,2.984430868927601,0.5205726965409819,2.612035595388037,3.356826142467165,10
{},discounted_ucb,33,2.9424890159402066,0.4794069836385455,2.599541919415334,3.2854361124650793,10,0.050831027315684986,0.04723842456235496,0.017038694076995133,0.08462336055437483,10,0.0734375,0.06208630445910668,0.029023633337883374,0.11785136666211662,10,0.2542040538564606,0.09676157332492655,0.18498499414417724,0.323423113568744,10,0.504150518743009,0.020031742343115735,0.4898206735188821,0.5184803639671358,10,3.106561967379524,0.518185072853121,2.735874696933973,3.4772492378250752,10
{},thompson,33,2.3049681189207116,0.5967216855083955,1.8780991402392786,2.7318370976021447,10,0.0859124506452055,0.08843381523467869,0.02265071019418123,0.14917419109622976,10,0.075,0.06327642728536433,0.0297347707551456,0.12026522924485439,10,0.2705098124600155,0.04941893751353612,0.23515763422310118,0.30586199069692976,10,0.18551126420234249,0.03087352633024891,0.16342567392978607,0.2075968544748989,10,2.4240401026088216,0.6209478936443349,1.9798407386314334,2.8682394665862097,10
{},linucb,33,2.148449791916137,0.33486457878137116,1.9089021029140065,2.3879974809182674,10,0.08028453319929177,0.03791635430285509,0.053160807298843676,0.10740825909973986,10,0.0796875,0.05726798753084775,0.038720449627753915,0.12065455037224607,10,0.26535579211650695,0.09462856290033637,0.19766259614199932,0.3330489880910146,10,0.5628738436469864,0.08017648785755169,0.5055190393601966,0.6202286479337763,10,2.3096798511797205,0.44213445494000575,1.993395915462997,2.625963786896444,10
{},sliding_window_linucb,33,2.1777628063824253,0.31130043609980707,1.9550718895812462,2.4004537231836043,10,0.05888417036926417,0.03662059635684466,0.03268737386398389,0.08508096687454444,10,0.071875,0.06596308416244817,0.024687852204102592,0.1190621477958974,10,0.26004353165695515,0.09598968283008773,0.19137664914082153,0.32871041417308877,10,0.5736441675717121,0.0753420465862589,0.5197477142349366,0.6275406209084876,10,2.3258893059712036,0.4069300114248855,2.0347891120444976,2.6169894998979095,10
{},uncertainty_aware,33,1.0881457080442667,0.4543287167757387,0.7631385229099215,1.413152893178612,10,0.07770794551917767,0.0382771624776241,0.050326112999171516,0.10508977803918383,10,0.0796875,0.055340839413081225,0.04009904834266063,0.11927595165733937,10,0.2827088854740839,0.07341611546737453,0.23019016026366015,0.3352276106845077,10,1.0,0.0,1.0,1.0,10,1.1765418166946666,0.5078182308295467,0.8132705382839693,1.539813095105364,10
{},ucb,34,2.8416618800543736,0.45969460246691657,2.5128161715341,3.170507588574647,10,0.07569912949972203,0.017655602729290867,0.06306907215793722,0.08832918684150684,10,0.103125,0.051137240452639905,0.06654362188901773,0.13970637811098224,10,0.31063473555648474,0.037557746400887076,0.2837675422952515,0.337501928817718,10,0.3940998273584522,0.016403359140181276,0.3823655711161166,0.4058340836007879,10,3.018205926138822,0.4154532734597283,2.721008557853943,3.3154032944237013,10
{},sliding_window_ucb,34,2.920701168001174,0.5909904810634633,2.4979320459990544,3.3434702900032938,10,0.05110317144271096,0.025396803456732574,0.032935392699908764,0.06927095018551316,10,0.0875,0.0369754986443726,0.061049321692385555,0.11395067830761443,10,0.2933679326594472,0.027754537631710263,0.27351353249209004,0.3132223328268044,10,0.4740769561548898,0.042087379012355944,0.4439694589234523,0.5041844533863273,10,3.0514443330595644,0.523586320252875,2.676893242985648,3.425995423133481,10
{},discounted_ucb,34,3.03118226804447,0.4875901167214954,2.6823813107560874,3.3799832253328526,10,0.08869325210426363,0.019530016345310163,0.07472232003758084,0.10266418417094642,10,0.1125,0.04984785880835583,0.07684098995271096,0.14815901004728904,10,0.31804769307617686,0.036060176120570706,0.2922517970571708,0.3438435890951829,10,0.5102826309053177,0.02305716831097727,0.4937885263215246,0.5267767354891107,10,3.1982551919282165,0.5212461473973384,2.8253781606677144,3.5711322231887186,10
{},thompson,34,2.358786988293181,0.6019273647586003,1.9281940910097535,2.7893798855766083,10,0.053818869372469234,0.04888848964679015,0.01884615068029844,0.08879158806464002,10,0.103125,0.04114253678777396,0.07369340217898657,0.13255659782101342,10,0.2836532940598736,0.04428672928011924,0.2519724764257043,0.3153341116940429,10,0.18537098350062162,0.044983957151535574,0.15319139909358706,0.21755056790765617,10,2.481338928141212,0.6201148570940972,2.0377354826129768,2.924942373669447,10
{},linucb,34,2.19353856597718,0.3640362207391744,1.9331227414415157,2.4539543905128443,10,0.045088774061042766,0.04251795972131074,0.014673257945869052,0.07550429017621649,10,0.1046875,0.04543505934909248,0.07218521652063661,0.1371897834793634,10,0.28483173906796255,0.06159209811475808,0.24077140632725894,0.32889207180866614,10,0.4113141628776459,0.0484568202929124,0.3766502418388751,0.4459780839164167,10,2.3681571217201984,0.46728626763265013,2.0338806630956663,2.7024335803447306,10
{},sliding_window_linucb,34,2.2047424619136633,0.31086328838308963,1.9823642617505752,2.4271206620767516,10,0.02697965553123809,0.044991769887484205,-0.005205517770411974,0.05916482883288815,10,0.09375,0.05155986946151909,0.056866291308845004,0.13063370869115498,10,0.25467246809601257,0.0645335702341855,0.2085079329609044,0.3008370032311207,10,0.4535753579761733,0.08143386380761675,0.39532108112008074,0.5118296348322658,10,2.354207305539732,0.41188484555326316,2.0595626368012643,2.6488519742781995,10
{},uncertainty_aware,34,1.0954735149007941,0.45230927734768306,0.7719109497075336,1.4190360800940547,10,0.0073278068565273,0.023172559920424957,-0.009248843911977313,0.023904457625031912,10,0.1015625,0.04673010011699573,0.06813380016378057,0.13499119983621943,10,0.2469076766559323,0.04620794634721539,0.21385250312491308,0.27996285018695155,10,0.5919391708932975,0.027916011455190032,0.5719692593111777,0.6119090824754173,10,1.1970950248231147,0.5036635020709624,0.8367958603223791,1.5573941893238503,10
{},ucb,35,2.948853188813758,0.4898222242818737,2.5984554779671503,3.299250899660366,10,0.10719130875938451,0.07179970510990269,0.05582889386108932,0.1585537236576797,10,0.078125,0.04830009633070679,0.043573192529926814,0.11267680747007319,10,0.28720056798290633,0.045499479638687654,0.25465220100449526,0.3197489349613174,10,0.40065461249060486,0.027538326636326105,0.3809548803519463,0.4203543446292634,10,3.1248332018613256,0.4282328437246781,2.8184938797318515,3.4311725239907997,10
{},sliding_window_ucb,35,2.9961396469107084,0.6399372658854128,2.538356104360282,3.453923189461135,10,0.07543847890953395,0.08075856574543275,0.017667281185825237,0.13320967663324268,10,0.0734375,0.048886250126072145,0.038466383364440936,0.10840861663555906,10,0.27739672718379166,0.07054873480968002,0.22692920252894705,0.32786425183863627,10,0.4614498466743061,0.020505527320006742,0.4467810760950067,0.4761186172536055,10,3.148267767982954,0.5652410531780138,2.743918677043939,3.5526168589219687,10
{},discounted_ucb,35,3.1120317036014677,0.4834796287360219,2.766171212280476,3.4578921949224597,10,0.08084943555699728,0.05644835026917131,0.04046871836029681,0.12123015275369775,10,0.084375,0.06471760236253778,0.03807881621095129,0.1306711837890487,10,0.284365222009341,0.07824780708144906,0.22839011283518307,0.34034033118349893,10,0.5176142722215938,0.03119929612511051,0.4952956402765208,0.539932904166667,10,3.3020471216771554,0.52236584234483,2.928369108903365,3.675725134450946,10
{},thompson,35,2.4000129707428526,0.5846793487240276,1.9817585608443546,2.8182673806413505,10,0.041225982449671766,0.05588330286717682,0.0012494758141988263,0.08120248908514471,10,0.075,0.05974845999874994,0.03225852651772614,0.11774147348227385,10,0.24947428393420173,0.09080490558941556,0.1845163676231941,0.31443220024520935,10,0.19391971677857361,0.04802264837654275,0.159566383618564,0.22827304993858322,10,2.550239919815011,0.6114578163357084,2.112829348178712,2.9876504914513102,10
{},linucb,35,2.2750422206360037,0.38062321056894804,2.002760778376053,2.5473236628959546,10,0.081503654658824,0.06858798020823355,0.032438769349072555,0.13056853996857545,10,0.0953125,0.07308388564025436,0.04303143769078196,0.14759356230921802,10,0.2789052473444289,0.10317766175742067,0.20509639446252897,0.3527141002263288,10,0.4125860588805346,0.04923329462933121,0.3773666815628839,0.44780543619818536,10,2.4664890768042254,0.4562941193596141,2.1400759273584575,2.792902226249993,10
{},sliding_window_linucb,35,2.3165281470482197,0.3077750882009419,2.0963591122125056,2.536697181883934,10,0.11178568513455656,0.07155404871725378,0.060599002233242945,0.16297236803587017,10,0.103125,0.07446277500275632,0.04985753966272233,0.15639246033727766,10,0.2971288125233491,0.0847350787279016,0.236512988775879,0.3577446362708192,10,0.4162314396698544,0.041657928717687844,0.3864311526724864,0.44603172666722235,10,2.4707628258026793,0.40611462130135717,2.180245926831914,2.7612797247734444,10
{},uncertainty_aware,35,1.1667339384089819,0.4199350611388657,0.8663304923566585,1.4671373844613051,10,0.07126042350818756,0.09990290706477557,-0.00020581098891096772,0.1427266580052861,10,0.0875,0.06995472245992006,0.03745740618179855,0.13754259381820144,10,0.24409882398080765,0.0917373873441594,0.1784738504068359,0.3097237975547794,10,0.5986080110350998,0.029996235093643263,0.5771499971072123,0.6200660249629872,10,1.2606205565435202,0.4524350791692568,0.936967998148411,1.5842731149386293,10
{},ucb,36,3.030045199743637,0.4715589637665699,2.6927122384325157,3.3673781610547584,10,0.0811920109298787,0.04929968436691881,0.04592514125495792,0.11645888060479948,10,0.0875,0.05166498653182185,0.050541095086666654,0.12445890491333333,10,0.2872688341059601,0.0728465382415898,0.23515755989749512,0.33938010831442506,10,0.39199345958553283,0.015846199443272493,0.38065777138011925,0.4033291477909464,10,3.214833381714584,0.40406583067674323,2.9257820992660606,3.5038846641631074,10
{},sliding_window_ucb,36,3.0906492510572394,0.6464504048106038,2.628206489597016,3.553092012517463,10,0.09450960414653167,0.08547414695076656,0.0333650828418386,0.15565412545122476,10,0.0875,0.04431676538788051,0.05579769582871463,0.11920230417128536,10,0.28065353873301324,0.037197130809043015,0.25404431432581265,0.30726276314021383,10,0.45927977241194196,0.02556508659678154,0.4409916111627443,0.4775679336611396,10,3.231652652463265,0.5671571034753056,2.825932901711862,3.6373724032146684,10
{},discounted_ucb,36,3.1934236976445707,0.45868959965084954,2.8652969248293085,3.521550470459833,10,0.08139199404310343,0.04682845591073042,0.04789293471059193,0.11489105337561493,10,0.0828125,0.04169920604426687,0.05298268498200297,0.11264231501799703,10,0.28407936653399635,0.06897689606562167,0.23473626757981392,0.3334224654881788,10,0.4978337543063569,0.016867278579759195,0.48576763008909696,0.5098998785236168,10,3.3888578339584496,0.490643091756857,3.0378729098947113,3.739842758022188,10
{},thompson,36,2.4653402440943744,0.6213784871438187,2.0208328520834566,2.909847636105292,10,0.06532727335152144,0.07082262415809294,0.01466382005981301,0.11599072664322987,10,0.078125,0.05260158822063583,0.040496090600413245,0.11575390939958675,10,0.26582784126344755,0.0724456284697241,0.2140033606289649,0.3176523218979302,10,0.19386372163685647,0.039842551173213954,0.16536207750290405,0.2223653657708089,10,2.618799106825756,0.6371116160407062,2.163036912405645,3.0745613012458666,10
{},linucb,36,2.352153420759062,0.40182084283379493,2.064708105867852,2.6395987356502726,10,0.0771112001230586,0.06771754867048983,0.02866898402502216,0.12555341622109503,10,0.071875,0.03770200223094554,0.0449046123345053,0.0988453876654947,10,0.2690960083753772,0.08755594611849798,0.2064622576591667,0.33172975909158775,10,0.37343851858019994,0.04369098153974225,0.34218387320633625,0.40469316395406363,10,2.5383164309268995,0.45818237833264597,2.2105525023844788,2.8660803594693203,10
{},sliding_window_linucb,36,2.3713288007838513,0.31731160153858334,2.144337755273005,2.5983198462946975,10,0.05480065373563142,0.06933989442279974,0.005197881399779246,0.10440342607148359,10,0.071875,0.044924705526766306,0.03973780165193517,0.10401219834806483,10,0.2615639439183861,0.06301689015300119,0.2164843763535281,0.30664351148324415,10,0.41283938401886033,0.04937848743585477,0.3775161420243631,0.44816262601335755,10,2.5350581154683622,0.42376302714628417,2.2319163074967436,2.838199923439981,10
{},uncertainty_aware,36,1.1917468589319768,0.46711739441816214,0.8575912049276653,1.5259025129362884,10,0.02501292052299529,0.07027968482055448,-0.025262137364072273,0.07528797841006285,10,0.075,0.044071241252721216,0.043473333214387656,0.10652666678561235,10,0.2207432310520688,0.07444922704055058,0.1674854623431171,0.27400099976102055,10,0.5704006674427424,0.04349032484317897,0.5392895632224981,0.6015117716629867,10,1.2840951333428863,0.506806541566185,0.9215475738334491,1.6466426928523235,10
{},ucb,37,3.0802620891092416,0.4676920734500002,2.745695334490778,3.414828843727705,10,0.050216889365604776,0.03476331299278045,0.025348713341185092,0.07508506539002446,10,0.0640625,0.08016435482633301,0.006716375160882963,0.12140862483911702,10,0.23394521170783725,0.12448680464602235,0.14489271629988376,0.32299770711579073,10,0.3924924836909064,0.032923574222931434,0.3689403775007127,0.4160445898811001,10,3.2866883686869324,0.3982798711159542,3.0017761123679887,3.571600625005876,10
{},sliding_window_ucb,37,3.140236807350918,0.6257215853258994,2.6926225500620635,3.5878510646397723,10,0.04958755629367782,0.038127058459657664,0.02231310171954055,0.07686201086781509,10,0.0625,0.06421264586426018,0.016565040329217864,0.10843495967078214,10,0.2399550493603097,0.10704039759633178,0.16338296172003605,0.3165271370005833,10,0.4647600728686664,0.023706394819270563,0.44780153961861496,0.4817186061187178,10,3.309517477088086,0.5612924790679087,2.9079930259075417,3.71104192826863,10
{},discounted_ucb,37,3.2824862995520894,0.48014530987363047,2.939011036256076,3.6259615628481026,10,0.08906260190751861,0.07392537674414744,0.036179573125802916,0.1419456306892343,10,0.0765625,0.078454167662471,0.020439769359084273,0.13268523064091575,10,0.2789794556058348,0.08306469957219131,0.21955854912302106,0.3384003620886486,10,0.5028596638132956,0.022047885639816547,0.4870875565584117,0.5186317710681795,10,3.505747064828795,0.5213980835549763,3.1327613449886575,3.878732784668933,10
{},thompson,37,2.5107414945240327,0.6490821154862657,2.0464161206574114,2.975066868390654,10,0.04540125042965861,0.054277305059591864,0.006573605416843702,0.08422889544247353,10,0.0625,0.07725206757391315,0.007237199959123329,0.11776280004087666,10,0.2260417728640931,0.08525318533635066,0.16505531797623077,0.2870282277519554,10,0.18135126673314061,0.04882643085268231,0.14642294222791216,0.21627959123836907,10,2.6827506549543605,0.6771678331382598,2.1983339690057466,3.1671673409029744,10
{},linucb,37,2.3890069264999116,0.4151023040810183,2.0920606265838835,2.68595322641594,10,0.036853505740849266,0.07703924715790478,-0.01825705174570051,0.09196406322739904,10,0.0765625,0.08050203262616694,0.01897481501477282,0.13415018498522718,10,0.2149460568636326,0.11312519104730642,0.13402117020669163,0.2958709435205736,10,0.32957523872577765,0.04646430313142859,0.29633667859877455,0.36281379885278076,10,2.591172263055044,0.4589933734737878,2.2628281835376844,2.919516342572403,10
{},sliding_window_linucb,37,2.401311765879197,0.30136777105749607,2.1857262496109042,2.61689728214749,10,0.029982965095345832,0.0418567059053242,4.0481464049235e-05,0.05992544872664243,10,0.06875,0.07697063834129653,0.013688522304222628,0.12381147769577738,10,0.21462902572143233,0.11207630024843813,0.1344544703410894,0.2948035811017753,10,0.3887044147957507,0.07304934628673897,0.33644806045159825,0.4409607691399031,10,2.587596916454306,0.4152284186353918,2.2905603996208606,2.884633433287751,10
{},uncertainty_aware,37,1.219509057757635,0.49380128400708306,0.8662648990572586,1.5727532164580116,10,0.02776219882565805,0.0453712274098471,-0.0046944220351435376,0.06021881968645964,10,0.071875,0.07482618748361655,0.0183475700348166,0.1254024299651834,10,0.21037119224118622,0.08581922569328501,0.1489798164749228,0.27176256800744963,10,0.5362470105912729,0.08581348112376891,0.4748597442424847,0.597634276940061,10,1.332376100848584,0.5534739156423603,0.9364447130094136,1.7283074886877543,10
{},ucb,38,3.1501272007743717,0.4522525333206768,2.8266052278127036,3.4736491737360398,10,0.06986511166512974,0.049413427174194585,0.034516875287517734,0.10521334804274174,10,0.0890625,0.055634167471777435,0.04926421409015214,0.12886078590984787,10,0.2801786535065764,0.0759208245317041,0.2258681673694929,0.3344891396436599,10,0.3865392890932876,0.02550383550164326,0.3682949442379965,0.4047836339485787,10,3.3608011615839772,0.3920328517249861,3.0803577537282054,3.641244569439749,10
{},sliding_window_ucb,38,3.191438372385052,0.610889801908393,2.754434133792034,3.6284426109780696,10,0.05120156503413413,0.0412450850650876,0.02169660859474717,0.08070652147352109,10,0.0796875,0.04910770652634653,0.04455796299912933,0.11481703700087066,10,0.2592422469557171,0.09353405698942724,0.1923320133432234,0.3261524805682109,10,0.4733319197043981,0.03861588782914839,0.4457077776649457,0.5009560617438504,10,3.3626938634342722,0.5467376277442243,2.971581325663759,3.7538064012047854,10
{},discounted_ucb,38,3.34563529059677,0.47393558108895784,3.006602199671187,3.6846683815223527,10,0.06314899104468026,0.040737707819941675,0.03400699042154978,0.09229099166781074,10,0.08125,0.050924610673251325,0.04482072807012214,0.11767927192987787,10,0.2668724511996961,0.09339442728854859,0.200062102658007,0.3336827997413852,10,0.5089750135758278,0.023350188636413888,0.49227129487863863,0.5256787322730169,10,3.5665536554189607,0.5102309646364547,3.2015564112171804,3.931550899620741,10
{},thompson,38,2.577499798518653,0.6828335794058638,2.089030081849931,3.065969515187375,10,0.06675830399462003,0.0773405758554511,0.011432188943308025,0.12208441904593204,10,0.08125,0.04468252206151503,0.04928604926631887,0.11321395073368114,10,0.2690153437861663,0.05428810366757569,0.2301799739145551,0.3078507136577775,10,0.16930754991731017,0.028300009234786802,0.14906294287167163,0.18955215696294872,10,2.745700138130996,0.6872300160143109,2.254085400172681,3.2373148760893105,10
{},linucb,38,2.4377203903486873,0.40014952325769,2.1514706654583566,2.723970115239018,10,0.04871346384877564,0.04631903937755396,0.015578819151296552,0.08184810854625472,10,0.078125,0.04480377743251368,0.046074308399286806,0.1101756916007132,10,0.25243312489623704,0.09046898128865223,0.18771551435366973,0.31715073543880434,10,0.29198958341965087,0.043008257402768695,0.2612233294720561,0.3227558373672456,10,2.63753952734175,0.45413489313985617,2.3126709952838773,2.962408059399623,10
{},sliding_window_linucb,38,2.4610884147502086,0.28287219183186785,2.2587338388112235,2.6634429906891937,10,0.05977664887101135,0.04577247885014259,0.027032990021356618,0.09252030772066608,10,0.0890625,0.05848659182762415,0.04722371262838786,0.13090128737161216,10,0.2656723108618879,0.09889885050139344,0.19492433516140772,0.3364202865623681,10,0.34453988199325425,0.03957840009248513,0.3162272001591255,0.372852563827383,10,2.6472033667066635,0.39196373535528894,2.3668094017232715,2.9275973316900554,10
{},uncertainty_aware,38,1.2492352094981947,0.5024832668887301,0.8897803343857593,1.60869008461063,10,0.029726151740559443,0.042741987286863334,-0.0008496240407640729,0.06030192752188296,10,0.0765625,0.05231718334936535,0.039137041589173305,0.1139879584108267,10,0.22875906820775418,0.08862329396820288,0.16536178283616546,0.2921563535793429,10,0.544590875517203,0.07004882433642824,0.49448096527177493,0.594700785762631,10,1.3550693084468073,0.5567172500873552,0.95681777891398,1.7533208379796346,10
{},ucb,39,3.2412535097422044,0.4565898828493753,2.9146287838414966,3.567878235642912,10,0.0911263089678327,0.03722122842602921,0.0644998461639032,0.11775277177176222,10,0.1421875,0.0912425082541027,0.07691654160072951,0.20745845839927046,10,0.33972194488613355,0.06562727990985479,0.2927750169813891,0.386668872790878,10,0.3783755293902528,0.00837825613702676,0.3723820860024915,0.38436897277801413,10,3.4556234593443045,0.3923184304221766,3.174975760795294,3.7362711578933148,10
{},sliding_window_ucb,39,3.264090280993424,0.593283484946423,2.839680842828171,3.6884997191586772,10,0.0726519086083719,0.04139004051983151,0.0430432572833732,0.10226055993337059,10,0.140625,0.09258535851370406,0.07439342439381545,0.20685657560618453,10,0.32397147622827305,0.08375834206973462,0.26405436779455466,0.38388858466199144,10,0.45782127965031494,0.014959343799552676,0.4471200097542511,0.4685225495463788,10,3.441765692536739,0.5367760337873705,3.0577792497979126,3.825752135275565,10
{},discounted_ucb,39,3.422666650517672,0.48167369182110603,3.0780980486405447,3.7672352523947996,10,0.07703135992090225,0.03013478514927972,0.05547423325389013,0.09858848658791437,10,0.1296875,0.07796859343671655,0.07391212823484766,0.18546287176515236,10,0.3318819690603589,0.0550445211419724,0.2925054907246277,0.37125844739609004,10,0.4867793444519003,0.015803271711503596,0.47547436489586603,0.49808432400793456,10,3.6535359773535125,0.5113301881701883,3.2877523960056507,4.019319558701374,10
{},thompson,39,2.6208647051936453,0.675113305605506,2.13791773970413,3.103811670683161,10,0.04336490667499189,0.045100850751831095,0.011101701623720102,0.07562811172626369,10,0.1375,0.09311124991702728,0.0708922243466483,0.20410777565335173,10,0.3075357440462578,0.07372372708015583,0.2547969667442687,0.36027452134824683,10,0.19069382301768256,0.05242900450576137,0.15318837257039236,0.22819927346497276,10,2.808336235051447,0.6786660406565156,2.3228477960080447,3.293824674094849,10
{},linucb,39,2.465546680477952,0.40835464138131294,2.1734273676734377,2.7576659932824663,10,0.02782629012926503,0.0401816920388641,-0.0009179607650331052,0.05657054102356317,10,0.115625,0.07802076379614169,0.05981230780794499,0.171437692192055,10,0.2784502315691404,0.07290651504119397,0.2262960525428795,0.3306044105954013,10,0.29548055228600295,0.04404305885404538,0.26397404597391066,0.32698705859809524,10,2.6710901117850834,0.46163793689174415,2.3408542255633646,3.001325998006802,10
{},sliding_window_linucb,39,2.514148419162601,0.2908167758336842,2.306110630192712,2.72218620813249,10,0.05306000441239248,0.04483586496695682,0.020986358772319247,0.08513365005246572,10,0.11875,0.07261843774138907,0.066801899059613,0.17069810094038698,10,0.30899267795882945,0.06146669203804165,0.26502205532115786,0.35296330059650105,10,0.3378277457438877,0.04768889067481482,0.3037131684607359,0.37194232302703945,10,2.711296397539686,0.39370113645782084,2.429659570679126,2.992933224400246,10
{},uncertainty_aware,39,1.2601940916825705,0.49398456129939633,0.9068188243054268,1.613569359059714,10,0.01095888218437583,0.03465502831206894,-0.01383183164588413,0.03574959601463579,10,0.134375,0.0881424825054424,0.07132166642877533,0.19742833357122466,10,0.27083139795878897,0.07649222625973519,0.21611215564946473,0.3255506402681132,10,0.556817440653582,0.03959455542645722,0.5284932019897277,0.5851416793174362,10,1.3810010592797899,0.5471070864281479,0.9896242266882547,1.772377891871325,10
{},ucb,40,3.3282013620430604,0.4489353537230489,3.007052356414959,3.6493503676711616,10,0.0869478523008558,0.03531292766855254,0.061686505622490014,0.1122091989792216,10,0.10625,0.05402626033287475,0.06760194156615412,0.14489805843384587,10,0.3143715093477185,0.038444691906164355,0.2868698334940498,0.3418731852013872,10,0.38517291951824906,0.02977438345256328,0.36387360869391294,0.4064722303425852,10,3.5529629038056627,0.4023605616557178,3.2651314973278978,3.8407943102834277,10
{},sliding_window_ucb,40,3.3350316395403077,0.5893688292699004,2.9134225773478217,3.7566407017327936,10,0.07094135854688347,0.04449416307763151,0.03911215171312835,0.10277056538063858,10,0.0890625,0.061647836370522104,0.044962294513107855,0.13316270548689216,10,0.30327682464100586,0.04472923365958964,0.2712794584430523,0.33527419083895943,10,0.45835296829037625,0.01980320312313716,0.4441866101755502,0.4725193264052023,10,3.528010452291384,0.5388223996432171,3.1425601276053996,3.9134607769773684,10
{},discounted_ucb,40,3.5026082136839802,0.46173308748905234,3.172304260825368,3.8329121665425925,10,0.07994156316630843,0.03746045358587105,0.0531439689921999,0.10673915734041697,10,0.0984375,0.06295407965996591,0.053402864355103295,0.1434721356448967,10,0.308775160426567,0.043425665793146995,0.2777103105042977,0.3398400103488363,10,0.49819075616771186,0.01908425286879783,0.4845387040823895,0.5118428082530342,10,3.7452790728937204,0.510908160952138,3.379797391630806,4.110760754156635,10
{},thompson,40,2.6505906558185566,0.6688469880153897,2.172126343892247,3.129054967744866,10,0.0297259506249113,0.02467690205604697,0.012073158320720236,0.047378742929102366,10,0.0796875,0.06226082709278586,0.035148787366629686,0.1242262126333703,10,0.27604720205418815,0.0476607441980598,0.24195275954756235,0.31014164456081394,10,0.21326072143929625,0.07170394451978274,0.16196680954046488,0.2645546333381276,10,2.8673513722192747,0.6814522540178327,2.3798697962062976,3.354832948232252,10
{},linucb,40,2.540061318714225,0.4019382035452321,2.252532049027596,2.8275905884008536,10,0.0745146382362724,0.0418293142930566,0.044591749383977586,0.10443752708856721,10,0.0921875,0.057739725216314944,0.05088298881664002,0.13349201118336,10,0.30435830904790934,0.04188370042196393,0.2743965147027107,0.33432010339310797,10,0.26635763207615887,0.030414321950594056,0.24460053682784866,0.2881147273244691,10,2.7584163559466326,0.45710413608706046,2.4314237554409197,3.0854089564523455,10
{},sliding_window_linucb,40,2.5731042493927636,0.2666596853019918,2.3823474019633064,2.763861096822221,10,0.05895583023016241,0.053607295047195365,0.02060748150679667,0.09730417895352815,10,0.10625,0.06064969428337349,0.06286382234830723,0.14963617765169276,10,0.28561521612523044,0.05895376862273639,0.24344223060691728,0.3277882016435436,10,0.29527276280990733,0.024876037502827627,0.27747751758863465,0.31306800803118,10,2.7798795487785553,0.3870125288678144,2.5030274635489524,3.056731634008158,10
{},uncertainty_aware,40,1.2762225866298749,0.4953627869171785,0.9218613960390407,1.630583777220709,10,0.01602849494730461,0.050686551497983116,-0.02023047970751125,0.05228746960212047,10,0.0796875,0.06440246851937347,0.03361674938196953,0.12575825061803048,10,0.23024225902950066,0.05773194925296965,0.18894331043522045,0.27154120762378087,10,0.5389132393588378,0.031564143957213096,0.5163336109974354,0.5614928677202403,10,1.3942112534229296,0.5396845239255478,1.0081442021777596,1.7802783046680997,10
{},ucb,41,3.3973600499435235,0.433275916285355,3.087413131030369,3.707306968856678,10,0.06915868790046303,0.028350181141098583,0.04887819003515777,0.0894391857657683,10,0.0921875,0.05867182298599558,0.05021620624004264,0.13415879375995737,10,0.3048400448825509,0.04220943717583926,0.2746452325009333,0.3350348572641685,10,0.37526373997036677,0.022815048391570666,0.35894283754299855,0.391584642397735,10,3.626083369553355,0.3932193658456344,3.344791180627325,3.907375558479385,10
{},sliding_window_ucb,41,3.392392512980912,0.5984729605573269,2.964270747598941,3.820514278362883,10,0.057360873440604844,0.03335222064531683,0.03350213207193056,0.08121961480927913,10,0.0984375,0.0541516405440418,0.05969974996622151,0.13717525003377848,10,0.3011410508542825,0.03950603570627779,0.27288013538357475,0.32940196632499025,10,0.475327433111009,0.029631138221317768,0.4541305937520943,0.4965242724699237,10,3.5974319240108086,0.5389732861076207,3.2118736616504924,3.982990186371125,10
{},discounted_ucb,41,3.562973036994987,0.4588586417579667,3.2347253387409958,3.8912207352489783,10,0.06036482331100627,0.025352444183268628,0.04222877728082113,0.07850086934119141,10,0.084375,0.049520268016686304,0.04895033428786994,0.11979966571213008,10,0.2988942251672729,0.03637043107865524,0.2728763861213839,0.3249120642131619,10,0.5062593282312311,0.019961835207948492,0.49197949155902393,0.5205391649034382,10,3.8124537189261347,0.5076279530902501,3.449318557010299,4.17558888084197,10
{},thompson,41,2.701221332350971,0.6747562576168665,2.218529783605898,3.183912881096044,10,0.050630676532414334,0.03997299600797082,0.022035717785068062,0.0792256352797606,10,0.090625,0.04704829079431757,0.05696868026533728,0.12428131973466272,10,0.29106124094727154,0.04675338334504505,0.25761588529307333,0.32450659660146974,10,0.167063054528521,0.03708554243103434,0.14053365563815695,0.19359245341888504,10,2.926693034031689,0.6655949443521048,2.450555093998486,3.4028309740648917,10
{},linucb,41,2.5647759019508016,0.4095240854810155,2.271820019233398,2.8577317846682053,10,0.02471458323657639,0.033341738198209556,0.0008633405588319501,0.04856582591432083,10,0.078125,0.04540519732854868,0.04564407852325938,0.11060592147674062,10,0.2528505890164418,0.03544933379191325,0.22749166327571083,0.27820951475717276,10,0.2999048002022427,0.06035133913383094,0.25673205296721235,0.34307754743727303,10,2.779547365828217,0.4556642262339267,2.453584814779944,3.10550991687649,10
{},sliding_window_linucb,41,2.6227021265660007,0.26071017953314224,2.4362012991755075,2.8092029539564938,10,0.04959787717323673,0.045581548573028166,0.016990801615878064,0.08220495273059539,10,0.103125,0.05809101455666119,0.06156919156102322,0.14468080843897677,10,0.2835785611874244,0.06157545346378506,0.23953013531274212,0.3276269870621067,10,0.33123955983490566,0.04842505368842282,0.2965983632560363,0.36588075641377504,10,2.8317385308311223,0.3960188078247582,2.548443741752412,3.1150333199098323,10
{},uncertainty_aware,41,1.3086784819329496,0.4821710506992501,0.963754090947587,1.653602872918312,10,0.03245589530307439,0.043833928813158854,0.0010989916099799213,0.06381279899616886,10,0.084375,0.04244072664054867,0.054014733102520196,0.11473526689747982,10,0.25599784589297003,0.05176785083119509,0.2189653562927004,0.29303033549323965,10,0.9098831968139329,0.19103052248866023,0.7732281932971089,1.0465382003307568,10,1.4184895201810421,0.5203316816425114,1.0462666583135452,1.790712382048539,10
{},ucb,42,3.4764286078579523,0.4517923111470304,3.153235858006491,3.7996213577094133,10,0.07906855791442896,0.06884584140654113,0.029819209815681758,0.12831790601317616,10,0.0890625,0.05262736699612136,0.05141514957534175,0.12670985042465827,10,0.29418865528262017,0.0456364117520845,0.2615423329712391,0.32683497759400126,10,0.36428227925907297,0.00975603982747582,0.3573032287933908,0.3712613297247551,10,3.704190945574542,0.4304098376506847,3.3962942958058044,4.01208759534328,10
{},sliding_window_ucb,42,3.453118792079369,0.6046195399896539,3.020600028652277,3.8856375555064613,10,0.06072627909845729,0.0379389939621752,0.03358635776136533,0.08786620043554925,10,0.103125,0.06878155841341324,0.05392163718432442,0.15232836281567558,10,0.2894430475403781,0.06159165281439212,0.2453830333483665,0.33350306173238964,10,0.45835296829037625,0.01980320312313716,0.4441866101755502,0.4725193264052023,10,3.6707938922897534,0.5530367968119744,3.2751752004246373,4.06641258415487,10
{},discounted_ucb,42,3.6492978533753684,0.493528263282103,3.296249001936084,4.002346704814652,10,0.08632481638038164,0.06230856508084844,0.04175195404757277,0.13089767871319052,10,0.090625,0.06496860887296949,0.044149256970265935,0.13710074302973407,10,0.30150561080735006,0.04701901858800842,0.2678702311476241,0.335140990467076,10,0.4807074485907317,0.01179020717166092,0.47227324246745084,0.4891416547140126,10,3.8978782504720515,0.5531765146580482,3.5021596104808568,4.293596890463246,10
{},thompson,42,2.728698727963835,0.6779844199843731,2.2436978909755148,3.2136995649521554,10,0.027477395612864202,0.03922013755263876,-0.000579000639228569,0.05553379186495697,10,0.08125,0.06822717872422006,0.03244321652352844,0.13005678347647157,10,0.2451072871136475,0.08640104719885569,0.18329970131532156,0.3069148729119734,10,0.16318194778832878,0.028985078910974522,0.14244727141874616,0.1839166241579114,10,2.955719241883903,0.6867769843287195,2.4644285832705073,3.4470099004972985,10
{},linucb,42,2.590936589804923,0.3963079230734697,2.3074349801364207,2.874438199473425,10,0.02616068785412154,0.024689488191694538,0.008498891970875277,0.0438224837373678,10,0.084375,0.05762215285808055,0.04315459501505632,0.1255954049849437,10,0.2549977250426813,0.09679149796795988,0.18575725853034483,0.32423819155501776,10,0.2867956620323601,0.046038460203025086,0.25386173158505676,0.3197295924796635,10,2.818464011609465,0.43627061691886226,2.5063748129167633,3.1305532103021667,10
{},sliding_window_linucb,42,2.6724538765012396,0.3045801087457147,2.454570392283313,2.8903373607191662,10,0.04975174993523891,0.07817301554083639,-0.006169856593832228,0.10567335646431006,10,0.09375,0.04480377743251368,0.061699308399286806,0.1258006916007132,10,0.2699363764059965,0.03594959868292189,0.244219582720659,0.295653170091334,10,0.3048491552288367,0.04786761773341986,0.27060672431002486,0.33909158614764856,10,2.8855938279756854,0.44192254159807237,2.5694614859315847,3.201726170019786,10
{},uncertainty_aware,42,1.3773075668693806,0.47686829511361406,1.0361765387129709,1.7184385950257903,10,0.06862908493643118,0.06987488003754198,0.018643606946468723,0.11861456292639364,10,0.0859375,0.03146626555623586,0.06342788962868365,0.10844711037131635,10,0.2930725997553837,0.03627023699705067,0.2671264352377097,0.3190187642730577,10,0.8917199003577551,0.23754183133416534,0.7217927108517425,1.0616470898637678,10,1.495481040674992,0.5090210006929554,1.1313493525361908,1.8596127288137934,10
{},ucb,43,3.576820908062601,0.41465299678437273,3.2801960232241387,3.873445792901063,10,0.10039230020464829,0.07120881385262574,0.04945258344793429,0.15133201696136228,10,0.078125,0.047735163489123336,0.04397732113957316,0.11227267886042684,10,0.2723650773419533,0.07494853240995183,0.21875012708880334,0.32598002759510325,10,0.36462762199359616,0.026237830645651047,0.3458582086430772,0.3833970353441151,10,3.8178191818822853,0.4161896347371596,3.5200950524722936,4.115543311292277,10
{},sliding_window_ucb,43,3.553208034678017,0.6022594304081291,3.1223775919389576,3.9840384774170765,10,0.10008924259864709,0.08085575351732668,0.04224852093113643,0.15792996426615774,10,0.0734375,0.05707820080332284,0.032606214873953786,0.11426878512604621,10,0.27547017925222017,0.07302238789608387,0.2232331097789972,0.32770724872544316,10,0.4578212796503148,0.014959343799552676,0.447120009754251,0.4685225495463787,10,3.787527230507763,0.5608827215882809,3.3862959021700507,4.188758558845475,10
{},discounted_ucb,43,3.7376688655748085,0.4796960726201245,3.3945149672505184,4.080822763899099,10,0.08837101219943956,0.08147591462415493,0.030086654001333937,0.14665537039754517,10,0.0671875,0.04422485357365371,0.035550945579763696,0.0988240544202363,10,0.2572722386285241,0.08754529900632287,0.19464610439753688,0.31989837285951134,10,0.4976000547507383,0.016018422993086867,0.4861411652395912,0.5090589442618855,10,3.9964136480663655,0.5289608461750429,3.6180178537576126,4.374809442375119,10
{},thompson,43,2.787681961485548,0.6941861064047727,2.2910911362277373,3.284272786743359,10,0.05898323352171322,0.08418606195470853,-0.0012398472855497805,0.11920631432897622,10,0.0828125,0.067928328497763,0.034219501096880676,0.1314054989031193,10,0.21839838811864434,0.12399503046852459,0.12969768676475063,0.30709908947253806,10,0.16666841544010674,0.027917776627457962,0.14669724112981483,0.18663958975039865,10,3.0153807889683373,0.7096939351491685,2.5076963313213385,3.523065246615336,10
{},linucb,43,2.668014442342755,0.41025803212998946,2.374533525821381,2.9614953588641293,10,0.07707785253783253,0.09949104201375111,0.005906248549319593,0.14824945652634547,10,0.0671875,0.047763568825459894,0.03301950118605788,0.10135549881394212,10,0.23569081696893052,0.07153690599179577,0.18451639723466076,0.2868652367032003,10,0.26297615446571015,0.031947649795566545,0.24012218255435464,0.2858301263770657,10,2.8954179875441852,0.3988646508102476,2.6100874050324467,3.1807485700559237,10
{},sliding_window_linucb,43,2.750036353851049,0.2761065624428935,2.5525216176188246,2.9475510900832735,10,0.07758247734981014,0.09382397675163066,0.01046484763324168,0.1447001070663786,10,0.0671875,0.048886250126072145,0.03221638336444093,0.10215861663555906,10,0.22796619919943506,0.11407383370997777,0.14636269446243697,0.3095697039364331,10,0.2991104785551692,0.035551269489735464,0.27367863240903434,0.32454232470130406,10,2.9548231861409104,0.42601530426110007,2.6500701961810087,3.259576176100812,10
{},uncertainty_aware,43,1.4505653338635205,0.4633241140025995,1.119123229200832,1.782007438526209,10,0.07325776699414019,0.07067865188853077,0.022697305259733867,0.1238182287285465,10,0.0765625,0.05726798753084775,0.035595449627753926,0.11752955037224608,10,0.2504179463574859,0.0896000821444112,0.18632190881835875,0.314513983896613,10,0.8826458746932767,0.25813606199883454,0.6979864600577761,1.0673052893287773,10,1.587162145998268,0.49582096458440056,1.232473194849017,1.9418510971475191,10
{},ucb,44,3.6603229628967497,0.45640015810865237,3.333833957899555,3.9868119678939444,10,0.083502054834149,0.06046941326825164,0.04024484245164223,0.12675926721665579,10,0.06875,0.04784868365773272,0.03452111370298948,0.10297888629701053,10,0.27453895719623533,0.06891248541971426,0.22524193484242194,0.3238359795500487,10,0.37274789512833323,0.019120874791647025,0.35906964529759017,0.3864261449590763,10,3.9144603390804975,0.43550823200838334,3.602916517698528,4.226004160462467,10
{},sliding_window_ucb,44,3.6204979943544386,0.5830408957907223,3.2034156630769175,4.03758032563196,10,0.0672899596764219,0.033204599266094426,0.04353682028084589,0.09104309907199791,10,0.059375,0.0535218024111047,0.02108780902427286,0.09766219097572713,10,0.25395495971860627,0.08780579801446906,0.19114247572313856,0.31676744371407395,10,0.47789262285487766,0.02539343834284118,0.4597272513695371,0.4960579943402182,10,3.863584390228347,0.5580299045114919,3.464393844288037,4.262774936168657,10
{},discounted_ucb,44,3.8187931435430484,0.4776861678977961,3.4770770444422543,4.160509242643842,10,0.08112427796823998,0.03775792454483246,0.054113885889307434,0.10813467004717253,10,0.065625,0.03359274061791062,0.04159420100790262,0.08965579899209739,10,0.27043770021685637,0.06307011890707077,0.22532005509517752,0.31555534533853524,10,0.4970944096354226,0.01673199304859748,0.4851250628571595,0.5090637564136857,10,4.088953548285199,0.5221838971855407,3.715405691237617,4.46250140533278,10
{},thompson,44,2.8430352238486893,0.7291579661181867,2.3214270372296326,3.364643410467746,10,0.05535326236314118,0.07583014423480723,0.0011076450026799162,0.10959887972360244,10,0.075,0.048747328986656624,0.040128261560909595,0.1098717384390904,10,0.24252038360970976,0.08600541623383663,0.18099581515443303,0.3040449520649865,10,0.1870813627535684,0.0532871146494122,0.14896205728891895,0.22520066821821785,10,3.0800033725800233,0.7307899425482836,2.557227740351286,3.6027790048087605,10
{},linucb,44,2.743195973436267,0.4199474971382275,2.4427836312059177,3.0436083156666167,10,0.07518153109351154,0.08535217775678844,0.014124261294048548,0.13623880089297452,10,0.0703125,0.042472672995573155,0.03992938005683227,0.10069561994316772,10,0.2628901634897488,0.061246212062281785,0.21907726272536915,0.30670306425412847,10,0.2434365743507882,0.029256458078000546,0.22250776501993214,0.26436538368164425,10,2.9804103510359106,0.41049092223790234,2.6867628349675043,3.274057867104317,10
{},sliding_window_linucb,44,2.8068308876612247,0.29140319046280877,2.598373602936619,3.0152881723858305,10,0.05679453381017484,0.08901290365628531,-0.006881461542423625,0.1204705291627733,10,0.0734375,0.030414169418034237,0.05168051386690984,0.09519448613309017,10,0.24083210508596603,0.045014995065972674,0.20863031749249145,0.2730338926794406,10,0.2934212764754055,0.04167373302723565,0.2636096837560581,0.3232328691947529,10,3.0177574912288527,0.43426460361814184,2.707103308004326,3.3284116744533794,10
{},uncertainty_aware,44,1.4961040463388353,0.44564550176925244,1.1773084590255616,1.814899633652109,10,0.04553871247531456,0.0569235349840292,0.004818068611220402,0.08625935633940872,10,0.084375,0.04370036867375631,0.05311363947499192,0.11563636052500809,10,0.23548634864759563,0.08450174232658952,0.1750374437062226,0.29593525358896866,10,0.690675436062256,0.1645553695370627,0.572959616046455,0.8083912560780571,10,1.6447506946478403,0.4612005955471786,1.3148276635772307,1.97467372571845,10
{},ucb,45,3.775840963023557,0.44325781813380305,3.4587534216882174,4.0929285043588965,10,0.11551800012680731,0.07848038078321631,0.05937651774893891,0.17165948250467572,10,0.1,0.059475426765084154,0.057453842726993304,0.1425461572730067,10,0.3101769978568041,0.04440630535815241,0.2784106406494227,0.34194335506418544,10,0.3582759333968183,0.017164432424210518,0.3459972381247891,0.3705546286688475,10,4.024435820541932,0.41101052463514226,3.730416603310292,4.318455037773571,10
{},sliding_window_ucb,45,3.6858269239200583,0.5793051672820435,3.271416971830118,4.1002368760099985,10,0.06532892956561911,0.05169467204538794,0.02834878891514847,0.10230907021608976,10,0.071875,0.032274861218395144,0.04878695513760578,0.09496304486239421,10,0.2695455786545763,0.03540476093173012,0.24421853841719698,0.2948726188919556,10,0.4614498466743061,0.020505527320006742,0.4467810760950067,0.4761186172536055,10,3.932928452487554,0.5362883549018179,3.5492908742074127,4.316566030767696,10
{},discounted_ucb,45,3.8946021949003473,0.47101505628572204,3.5576583215618696,4.231546068238825,10,0.07580905135729897,0.09027064775004988,0.01123332008125999,0.14038478263333795,10,0.0703125,0.0339541791937638,0.04602314342657546,0.09460185657342454,10,0.288656762247671,0.02608707799052448,0.2699951908500929,0.30731833364524913,10,0.47384267635081023,0.00959814202338533,0.4669765791697246,0.48070877353189584,10,4.1774087941375,0.5035601487864089,3.817183564122627,4.537634024152374,10
{},thompson,45,2.925882098688059,0.7094652721875135,2.418361216669824,3.4334029807062945,10,0.08284687483937,0.07766179447954208,0.027290973826982437,0.1384027758517576,10,0.0828125,0.04661385590680093,0.04946695626232458,0.11615804373767541,10,0.29007700397159397,0.03682944799396748,0.2637308040053709,0.31642320393781703,10,0.17791627705224053,0.04685032902319126,0.1444015706376747,0.21143098346680636,10,3.169878860156248,0.7037141826475237,2.6664720597574023,3.673285660555094,10
{},linucb,45,2.7869420257354656,0.4429223596490882,2.470094456943839,3.1037895945270924,10,0.043746052299198736,0.053153126083913455,0.005722596480202277,0.0817695081181952,10,0.0796875,0.06004284494564416,0.03673543621294635,0.12263956378705364,10,0.2529392696844581,0.06804924227712555,0.20425977427424263,0.3016187650946736,10,0.24015246371280202,0.02275887917055314,0.22387174232559265,0.2564331851000114,10,3.033148104325,0.43098636056885237,2.7248390349052904,3.3414571737447094,10
{},sliding_window_linucb,45,2.850516259897117,0.283883587597376,2.647438175012588,3.053594344781646,10,0.04368537223589271,0.04812673061468602,0.009257583128036602,0.07811316134374882,10,0.0640625,0.05582886331609006,0.02412493707335587,0.10400006292664413,10,0.2482401127787981,0.09546646384281672,0.17994751857855298,0.31653270697904323,10,0.264475584977586,0.0545697726749031,0.22543872123638026,0.30351244871879174,10,3.065796087612282,0.4342161640522657,2.7551765559657277,3.3764156192588364,10
{},uncertainty_aware,45,1.5511853706844476,0.42624281785715595,1.246269627302401,1.8561011140664943,10,0.055081324345612526,0.06407305458051384,0.009246222263674109,0.10091642642755094,10,0.0890625,0.061206227272594116,0.045278202631057925,0.1328467973689421,10,0.2654684473803569,0.05890113914845581,0.22333311071992887,0.3076037840407849,10,0.6778692097669993,0.17066295637163145,0.555784285330166,0.7999541342038325,10,1.7100176256328283,0.43066024613884263,1.401941844422769,2.0180934068428877,10
{},ucb,46,3.864354708360616,0.405574267343123,3.5742243553255517,4.154485061395681,10,0.08851374533705886,0.06608643508382811,0.041238357607692296,0.13578913306642543,10,0.0734375,0.06548844920416627,0.02658988559933305,0.12028511440066696,10,0.29173548923714454,0.046495106583638986,0.25847489364787446,0.3249960848264146,10,0.35888853078178073,0.023496370282989794,0.3420802400341848,0.37569682152937667,10,4.096633685914144,0.3928533774563842,3.8156033093098753,4.377664062518412,10
{},sliding_window_ucb,46,3.7718956555401193,0.5590693990161577,3.37196150002716,4.171829811053079,10,0.08606873162006107,0.05759857927255764,0.0448651901623201,0.12727227307780203,10,0.0875,0.0843685697138191,0.027146361006860784,0.1478536389931392,10,0.28527235336406853,0.08704590720086675,0.22300346250990832,0.34754124421822874,10,0.4521592115225165,0.016480581167945953,0.44036971396932495,0.463948709075708,10,3.9986631819866902,0.5244144439790939,3.62351968788621,4.37380667608717,10
{},discounted_ucb,46,3.968765619898542,0.4840116482760863,3.6225245447254446,4.31500669507164,10,0.07416342499819492,0.06628653855848961,0.026744891866316997,0.12158195813007285,10,0.075,0.08028270361665706,0.017569213536409292,0.1324307864635907,10,0.27824988514517457,0.08240371815173393,0.21930181628621498,0.33719795400413416,10,0.49232151040317484,0.014662088892842784,0.4818328838574648,0.5028101369488849,10,4.236121055417742,0.5174862050305382,3.8659337248954486,4.606308385940036,10
{},thompson,46,2.988726815546563,0.7640254916296899,2.4421759037581277,3.5352777273349982,10,0.06284471685850339,0.0930083050169152,-0.0036894164496168724,0.12937885016662365,10,0.078125,0.06948783366732465,0.028416398303910233,0.12783360169608976,10,0.25958154844923154,0.06139206787238518,0.2156643087238159,0.30349878817464715,10,0.1706240039172815,0.03703885629937556,0.14412800227361344,0.19712000556094955,10,3.2099227847405474,0.762577869143166,2.664407439695111,3.7554381297859836,10
{},linucb,46,2.8280061754772556,0.4526468829953767,2.504202101752417,3.1518102492020943,10,0.04106414974178999,0.03630999951820562,0.015089540830008304,0.06703875865357167,10,0.084375,0.08175590362645244,0.025890349735500084,0.14285965026449993,10,0.24842710488252648,0.11570768523494147,0.165654813173786,0.33119939659126696,10,0.2623122775839423,0.029222240048842708,0.24140794635655363,0.283216608811331,10,3.062037585342593,0.4368581970113833,2.7495280571728853,3.374547113512301,10
{},sliding_window_linucb,46,2.8863192940512628,0.2802548265474953,2.6858370684439477,3.086801519658578,10,0.03580303415414533,0.04191636149058491,0.005817875487951707,0.06578819282033896,10,0.0796875,0.08476952515989064,0.019047034759519882,0.1403279652404801,10,0.24574218317413923,0.10335004162742975,0.17181001716177494,0.3196743491865035,10,0.27195267099328385,0.030104653905903063,0.25041709891930725,0.29348824306726046,10,3.092000646921489,0.4193622425299812,2.7920069706169097,3.391994323226068,10
{},uncertainty_aware,46,1.587085115932771,0.4473570740641406,1.2670651435582507,1.9071050883072913,10,0.03589974524832311,0.039945618112201,0.0073243714677872045,0.06447511902885901,10,0.075,0.08423986091314888,0.014738433736281718,0.13526156626371827,10,0.24906279846606166,0.08372660576639089,0.18916839281611075,0.3089572041160126,10,0.672275876288074,0.17508067011321113,0.547030709817522,0.7975210427586259,10,1.739542800233957,0.4749927661244151,1.3997534446923523,2.0793321557755617,10
{},ucb,47,3.9228113431213445,0.4240936539608624,3.6194330189746124,4.226189667268077,10,0.05845663476072825,0.038337095206544415,0.03103192894919422,0.08588134057226228,10,0.090625,0.05249834653480897,0.053069945253355365,0.12818005474664462,10,0.3037773227198182,0.036288993995063634,0.27781774025408007,0.3297369051855564,10,0.36166068078630237,0.018006469477126603,0.3487796284933716,0.37454173307923316,10,4.160220737121523,0.4027298504605662,3.8721251573469053,4.448316316896141,10
{},sliding_window_ucb,47,3.841335895008992,0.5469839628773959,3.450047139699777,4.232624650318207,10,0.0694402394688735,0.04381405381678387,0.03809755349169237,0.10078292544605463,10,0.1046875,0.059406972385870296,0.062190312039909074,0.14718468796009093,10,0.30585840624997196,0.047429450157133936,0.27192942153283645,0.33978739096710747,10,0.46838863989265767,0.026509187142492313,0.4494251097981385,0.48735216998717684,10,4.064331316724223,0.5196805651058067,3.692574235567861,4.436088397880585,10
{},discounted_ucb,47,4.050889630634094,0.5013711843534784,3.69223029144328,4.4095489698249075,10,0.08212401073555162,0.030220908080818943,0.060505275434698955,0.10374274603640428,10,0.1109375,0.06728634524882775,0.06280374824753535,0.15907125175246464,10,0.3177015516911953,0.04614979529640211,0.2846879769159658,0.3507151264664248,10,0.49600608348649355,0.014517544624413086,0.48562085768142577,0.5063913092915614,10,4.313632335596499,0.5227484804815429,3.9396805999891167,4.687584071203882,10
{},thompson,47,3.034848828383085,0.7603762502202887,2.4909084266384833,3.5787892301276867,10,0.046122012836521675,0.05311558666013833,0.008125411103569569,0.08411861456947378,10,0.1078125,0.0548484734037532,0.06857626576770737,0.14704873423229264,10,0.2861365775716257,0.0404619372906689,0.2571918513010786,0.3150813038421728,10,0.18689250905675783,0.06858810982684545,0.13782753102343723,0.23595748709007844,10,3.2558690907997345,0.7508687271187544,2.718729961364659,3.79300822023481,10
{},linucb,47,2.863408056019719,0.47203939199218964,2.5257314170595686,3.201084694979869,10,0.035401880542463425,0.03773216454443238,0.008409916057715332,0.062393845027211514,10,0.1109375,0.05179608287688258,0.07388481441087763,0.14799018558912236,10,0.28705767344178307,0.03391985781130716,0.262792868906322,0.31132247797724416,10,0.23268785254013177,0.02180879622821919,0.21708677954698272,0.24828892553328083,10,3.1089049872719383,0.43951511746238286,2.794494812708946,3.4233151618349305,10
{},sliding_window_linucb,47,2.9077432777027696,0.2798381258890327,2.7075591417892158,3.1079274136163235,10,0.021423983651506752,0.04180658315287527,-0.008482644322678364,0.05133061162569187,10,0.0953125,0.06440246851937347,0.04924174938196953,0.14138325061803048,10,0.25684428319705616,0.0639167381850122,0.21112100312815904,0.30256756326595324,10,0.2705129453387093,0.031159257495695765,0.24822295530369437,0.2928029353737242,10,3.1086546586061066,0.416104385562116,2.810991512782212,3.4063178044300013,10
{},uncertainty_aware,47,1.6052244589798463,0.45087945538515384,1.282684726801815,1.9277641911578778,10,0.01813934304707552,0.04006947759717361,-0.010524634471407699,0.046803320565558734,10,0.09375,0.05846339666834283,0.051927805445765245,0.13557219455423475,10,0.24683547865215064,0.051499968960234746,0.20999462019826157,0.28367633710603973,10,0.5660186535354957,0.0306579652255077,0.5440872663878784,0.5879500406831131,10,1.7461880073736693,0.4575872031249928,1.4188498415263164,2.073526173221022,10
{},ucb,48,3.999192505336352,0.4485077455776513,3.678349392148118,4.320035618524586,10,0.07638116221500842,0.03498703155124014,0.05135294757479684,0.10140937685522,10,0.09375,0.05155986946151909,0.056866291308845004,0.13063370869115498,10,0.30531491972010627,0.03851635345537628,0.27776198028231497,0.33286785915789757,10,0.3507653824028581,0.01595413609436421,0.3393524809686768,0.36217828383703937,10,4.235512777856281,0.40248169570640774,3.9475947172988044,4.523430838413757,10
{},sliding_window_ucb,48,3.91845409208045,0.5573855834634603,3.519724465651523,4.317183718509376,10,0.07711819707145721,0.027338042196989244,0.05756173978964031,0.09667465435327412,10,0.0921875,0.0548484734037532,0.05295126576770736,0.13142373423229264,10,0.3029627193703022,0.041099976681507125,0.27356156721522634,0.3323638715253781,10,0.47148551827658747,0.02572900677823997,0.45308009559355267,0.48989094095962227,10,4.137271157109176,0.5313528803556639,3.757164204629955,4.517378109588396,10
{},discounted_ucb,48,4.115157953807365,0.5106538068265408,3.749858226524763,4.480457681089966,10,0.06426832317327033,0.04276195670540431,0.03367826213048496,0.0948583842160557,10,0.084375,0.05809101455666119,0.042819191561023234,0.12593080843897678,10,0.2977451843517213,0.04261621707742015,0.26725937915829057,0.32823098954515206,10,0.4736064219181997,0.0076429425223321695,0.46813899020277744,0.4790738536336219,10,4.38135464096287,0.5266402167998198,4.004618924903923,4.758090357021818,10
{},thompson,48,3.0704312201759247,0.7694146418162524,2.5200251425841236,3.620837297767726,10,0.03558239179283996,0.03716104361849314,0.008998982606616954,0.06216580097906296,10,0.0875,0.05006506183624132,0.051685612266711485,0.12331438773328851,10,0.2717074826049094,0.04947086919382426,0.2363181546818614,0.3070968105279574,10,0.19215503292302918,0.05748252770211205,0.15103450975765725,0.23327555608840111,10,3.297553694419294,0.7565561348849948,2.7563460385614666,3.838761350277121,10
{},linucb,48,2.917184539897648,0.4751500324905185,2.5772826827749715,3.2570863970203248,10,0.053776483877929084,0.0319429368438555,0.030925883409127664,0.0766270843467305,10,0.0921875,0.060042844945644165,0.049235436212946355,0.13513956378705366,10,0.2891821681289767,0.04814443129204456,0.25474171671933143,0.3236226195386219,10,0.21357976672692822,0.02200703923049628,0.1978368792330364,0.22932265422082004,10,3.1680642764155653,0.4479907555997,2.8475909955783854,3.4885375572527453,10
{},sliding_window_linucb,48,2.946663844752274,0.2642912324635942,2.757601286417272,3.135726403087276,10,0.03892056704950453,0.037663402426136604,0.011977792020949708,0.06586334207805936,10,0.0828125,0.05986185630497753,0.039989907686952667,0.12563509231304731,10,0.27539054702173343,0.027200311194962395,0.2559326165633851,0.29484847748008175,10,0.26173316436766736,0.02693537056604746,0.24246476101789025,0.28100156771744444,10,3.154022326642491,0.40760077064566547,2.862442300474945,3.4456023528100372,10
{},uncertainty_aware,48,1.6249290809929697,0.4595939963134547,1.29615534177936,1.9537028202065794,10,0.01970462201312335,0.041664239673144546,-0.010100179569813975,0.04950942359606068,10,0.1109375,0.06808787852025418,0.06223036588644101,0.15964463411355898,10,0.2599359658180086,0.059984409699226776,0.21702570408803276,0.30284622754798446,10,0.5633731261135322,0.03253902612710923,0.5400961090593696,0.5866501431676948,10,1.7761010942063282,0.45340612864447893,1.4517538888630626,2.100448299549594,10
{},ucb,49,4.069770430770033,0.4195724327529155,3.769626393437907,4.369914468102159,10,0.07057792543367972,0.0483069943752184,0.03602118339982734,0.10513466746753208,10,0.0890625,0.0659013691161943,0.0419195004886437,0.1362054995113563,10,0.30252216689687755,0.0466131481753645,0.2691771294397728,0.3358672043539823,10,0.34172159883097414,0.011104993077127708,0.33377756534229813,0.34966563231965014,10,4.317297037548839,0.38703982307646534,4.040425427218584,4.594168647879093,10
{},sliding_window_ucb,49,3.9826354572683442,0.5785210791470182,3.5687864080406975,4.396484506495991,10,0.06418136518789416,0.05081655399856591,0.027829392346490643,0.10053333802929768,10,0.0921875,0.0723377314811111,0.040440204221457034,0.14393479577854298,10,0.2970532986798545,0.05765617562112096,0.25580855527640906,0.3382980420833,10,0.4521592115225165,0.016480581167945953,0.44036971396932495,0.463948709075708,10,4.213586548584711,0.5541908850944385,3.817142271696614,4.610030825472808,10
{},discounted_ucb,49,4.168440376790278,0.5141181011510549,3.8006624426382585,4.536218310942297,10,0.053282422982913566,0.037640525996474404,0.026356012766301957,0.08020883319952518,10,0.0703125,0.049547649975105336,0.034868246414815396,0.1057567535851846,10,0.2892382652621241,0.0359890365098188,0.2634932594549587,0.31498327106928947,10,0.48362541153245225,0.013082864123424121,0.47426649433165374,0.49298432873325077,10,4.449854999020677,0.5409286956480537,4.062897920941577,4.836812077099777,10
{},thompson,49,3.1205044268263205,0.7568799444127036,2.579065131586622,3.661943722066019,10,0.050073206650395566,0.042995671011224694,0.019315956464913308,0.08083045683587782,10,0.0796875,0.040645027114847236,0.05061179915931069,0.1087632008406893,10,0.27447597298128656,0.043670943534074136,0.2432356619331598,0.30571628402941337,10,0.18944854167940703,0.05569283975873782,0.14960828414389193,0.22928879921492212,10,3.351291760196262,0.7484176451993624,2.815906029139367,3.8866774912531574,10
{},linucb,49,2.945132254275925,0.49069286994773925,2.594111721039571,3.2961527875122787,10,0.02794771437827634,0.03856529951137245,0.0003597610413073049,0.055535667715245374,10,0.075,0.045285552331842,0.042604667397920445,0.10739533260207955,10,0.2569758318739451,0.04846662254937325,0.22230489872332077,0.2916467650245695,10,0.20148522378734884,0.031100196050011478,0.17923748376538184,0.22373296380931584,10,3.2043022010851923,0.44723733485846034,2.884367884978373,3.5242365171920116,10
{},sliding_window_linucb,49,3.015089265724247,0.24548454099978909,2.8394802040066702,3.190698327441824,10,0.06842542097197322,0.04504688602099123,0.03620081996358754,0.10065002198035891,10,0.0984375,0.06076140867954118,0.05497140668351035,0.14190359331648963,10,0.2940295068901921,0.05858069653655884,0.25212340106515746,0.3359356127152267,10,0.2841903424922046,0.08430037275385935,0.22388548866534,0.34449519631906916,10,3.227313926328364,0.3845347910807109,2.952234307935994,3.502393544720734,10
{},uncertainty_aware,49,1.637524270440218,0.45004017063897256,1.315584926401458,1.9594636144789779,10,0.01259518944724827,0.023526340262183875,-0.0042345405319365,0.02942491942643304,10,0.0734375,0.0541516405440418,0.034699749966221514,0.11217525003377848,10,0.242748735435628,0.06234684663967734,0.1981484881253389,0.28734898274591714,10,0.5373620794183125,0.07822742440909404,0.4814015511295862,0.5933226077070387,10,1.7981119224376378,0.4466959760478133,1.4785648710946324,2.1176589737806433,10
{},ucb,50,4.120914233289438,0.4166638412265137,3.8228508769924225,4.418977589586454,10,0.05114380251940691,0.07216005460404896,-0.0004763908780952286,0.10276399591690905,10,0.059375,0.04218428485690956,0.02919818050343039,0.08955181949656961,10,0.2645415970007651,0.06489527860044918,0.21811831128789647,0.31096488271363376,10,0.35703604226175234,0.015309214057314554,0.3460844902605986,0.36798759426290606,10,4.3782935852961264,0.37165521292485176,4.112427462083767,4.644159708508486,10
{},sliding_window_ucb,50,4.043523387953053,0.6079315797663721,3.6086353339987776,4.478411441907329,10,0.06088793068470928,0.06443050375726621,0.014797124865641206,0.10697873650377736,10,0.0765625,0.07382249849959173,0.02375306588100319,0.12937193411899683,10,0.2638852557854044,0.10036275201896272,0.19209006802464418,0.3356804435461646,10,0.4786376593053692,0.03028921463669948,0.4569700604380431,0.5003052581726953,10,4.273926755116639,0.5637789718809264,3.870623574130612,4.677229936102666,10
{},discounted_ucb,50,4.207685048221412,0.5230452876183471,3.83352098957897,4.581849106863855,10,0.03924467143113502,0.034982596493481885,0.014219629440119265,0.06426971342215076,10,0.05,0.03439077920670662,0.025398318592162215,0.0746016814078378,10,0.24517737599466227,0.08018730423637782,0.18781483413658132,0.3025399178527432,10,0.49343730907805955,0.013606966311684196,0.48370347175744555,0.5031711463986736,10,4.491487325761861,0.5400268243720536,4.10517540752836,4.877799243995362,10
{},thompson,50,3.1945994084060088,0.7791507944553352,2.6372285067860832,3.7519703100259343,10,0.07409498157968818,0.08602042376293713,0.012559677384827592,0.13563028577454878,10,0.0828125,0.07066846622119059,0.03225932465306757,0.13336567534693242,10,0.2685228483576555,0.054525424262247546,0.2295177095597125,0.3075279871555985,10,0.18570385354776783,0.0556168885772429,0.1459179282144531,0.22548977888108257,10,3.4162695593004395,0.772972203793976,2.8633185551793923,3.9692205634214868,10
{},linucb,50,3.0010074879649213,0.48754028506802577,2.652242178093985,3.3497727978358576,10,0.055875233688996405,0.04939781891593605,0.020538162786720097,0.09121230459127272,10,0.0796875,0.06768829831785304,0.03126620834372488,0.12810879165627512,10,0.25994236780172075,0.07779559911319885,0.20429074872059358,0.3155939868828479,10,0.2117337399407342,0.03823846835652981,0.18437958752747396,0.2390878923539944,10,3.2606995196334347,0.4580353199016026,2.933040790355245,3.5883582489116246,10
{},sliding_window_linucb,50,3.0609948060124585,0.25268235438543485,2.8802367387814445,3.2417528732434726,10,0.0459055402882114,0.04632265936080286,0.01276830601071565,0.07904277456570716,10,0.0765625,0.05334411512112237,0.03840241885426809,0.11472258114573192,10,0.2506069068501392,0.04353266751836031,0.21946551250478585,0.28174830119549255,10,0.2612872113083492,0.05023683908835485,0.2253499415314696,0.2972244810852288,10,3.274375783925026,0.4054281598730953,2.9843499498776622,3.5644016179723894,10
{},uncertainty_aware,50,1.6494347787481551,0.43832899311444073,1.3358731064288245,1.9629964510674858,10,0.01191050830793713,0.03766433434343947,-0.015032933374096107,0.03885394998997037,10,0.0765625,0.04626337081500512,0.04346767819318668,0.10965732180681334,10,0.21383880986951315,0.04938591581990765,0.1785102539291834,0.2491673658098429,10,0.5481233904197399,0.08643099359332841,0.48629438226131844,0.6099523985781613,10,1.8084056830536728,0.44582508090384326,1.489481632566298,2.1273297335410475,10
{},ucb,51,4.16582885669163,0.4288086842298862,3.8590776030800074,4.4725801103032525,10,0.04491462340219065,0.04369681069724833,0.013655808100248884,0.07617343870413242,10,0.0890625,0.07330625091771581,0.036622367153897904,0.1415026328461021,10,0.28736882919041823,0.06177131514269379,0.2431802923111101,0.33155736606972636,10,0.3467825878872802,0.023038174533903468,0.3303020706330877,0.36326310514147275,10,4.430223806084268,0.3804838169767811,4.158042079993123,4.702405532175412,10
{},sliding_window_ucb,51,4.124923515900259,0.5913313316119039,3.7019105641044026,4.547936467696116,10,0.08140012794720633,0.055314259542751376,0.0418306903836677,0.12096956551074496,10,0.1234375,0.06355447275325667,0.07797336900951006,0.16890163099048994,10,0.3200185228451128,0.04793615257930537,0.28572706505099593,0.35430998063922964,10,0.45782127965031494,0.014959343799552676,0.4471200097542511,0.4685225495463788,10,4.358506669559475,0.5527967050941615,3.9630597289627665,4.753953610156183,10
{},discounted_ucb,51,4.297305910282499,0.5249083396292932,3.921809104517811,4.672802716047187,10,0.08962086206108598,0.04110318092635511,0.060217417727329636,0.11902430639484232,10,0.1125,0.0746810347038955,0.05907640607821347,0.16592359392178654,10,0.3199775551554979,0.05174897109536751,0.28295857130463575,0.3569965390063601,10,0.47115924915014223,0.006368757877330047,0.46660331422002654,0.4757151840802579,10,4.576026272515082,0.5361526628232648,4.1924857625004215,4.959566782529743,10
{},thompson,51,3.241208375517035,0.7615368857565851,2.6964377051262085,3.7859790459078617,10,0.0466089671110262,0.056744204941547756,0.006016608231272327,0.08720132599078008,10,0.1203125,0.04169920604426687,0.09048268498200297,0.15014231501799705,10,0.293319508045383,0.05610222986746716,0.253186390468345,0.33345262562242095,10,0.18130885446837458,0.03871021929370555,0.15361723176429923,0.20900047717244993,10,3.4741504589435457,0.7637378548937702,2.9278053100805663,4.020495607806525,10
{},linucb,51,3.0314667705269938,0.48386388894842536,2.6853313960093623,3.377602145044625,10,0.03045928256207279,0.03896244602106973,0.00258722772670264,0.05833133739744294,10,0.1203125,0.0642337649721702,0.0743624326295261,0.1662625673704739,10,0.2807970740101619,0.052165303641532865,0.24348026379721266,0.31811388422311115,10,0.22668442952155243,0.013294119546945735,0.21717438929461022,0.23619446974849465,10,3.3060579852413197,0.4631520859569335,2.974738942029122,3.637377028453517,10
{},sliding_window_linucb,51,3.1268973564029547,0.24508941733939762,2.9515709491245583,3.302223763681351,10,0.06590255039049622,0.05537952233443189,0.02628642663822485,0.1055186741427676,10,0.1125,0.06702378309227255,0.06455407389947829,0.16044592610052172,10,0.2968336295723348,0.05199481090220862,0.259638782517882,0.33402847662678753,10,0.2582268211051527,0.049441806896389946,0.22285828309727823,0.2935953591130272,10,3.335770805095084,0.4034832785500894,3.0471362553334607,3.6244053548567075,10
{},uncertainty_aware,51,1.6872372920050762,0.4072807780505305,1.3958861747503248,1.9785884092598276,10,0.037802513256920814,0.06316922498888802,-0.007386028084811459,0.08299105459865308,10,0.0984375,0.05611964061271241,0.05829192752611246,0.13858307247388754,10,0.2660443171270087,0.0630128605152772,0.22096763219132518,0.3111210020626922,10,0.8671758321928656,0.21434877980110992,0.7138399522719676,1.0205117121137637,10,1.8390113917784052,0.4142401199933265,1.5426818612037405,2.13534092235307,10
{},ucb,52,4.241962136663554,0.44969196753488194,3.9202718821199922,4.563652391207117,10,0.0761332799719242,0.028220826717204606,0.05594531668707164,0.09632124325677677,10,0.1015625,0.06720566614877052,0.0534864625989302,0.1496385374010698,10,0.3118693365300768,0.04800659155229337,0.27752748973018226,0.34621118332997136,10,0.3342499067340407,0.008513569375518618,0.32815966608665265,0.34034014738142876,10,4.509945291309845,0.3979194666910257,4.225290852785222,4.794599729834467,10
{},sliding_window_ucb,52,4.1987591463230505,0.6157708847638769,3.758263191400661,4.63925510124544,10,0.0738356304227907,0.04626173391636519,0.04074197958272385,0.10692928126285756,10,0.103125,0.048969413639763155,0.06809439177059581,0.13815560822940418,10,0.3039136130281896,0.045743462577125485,0.2711907111698237,0.3366365148865555,10,0.46091815803424474,0.015992211208253494,0.44947801930439646,0.472358296764093,10,4.430272431283165,0.5680742281339176,4.023896609073572,4.836648253492759,10
{},discounted_ucb,52,4.386284783952789,0.5231608391069026,4.012038064755011,4.760531503150567,10,0.08897887367029003,0.024062602266941572,0.07176552496258269,0.10619222237799737,10,0.1109375,0.05958934264568157,0.06830985221510619,0.1535651477848938,10,0.31844664668997574,0.04259250092456613,0.2879778070102726,0.3489154863696789,10,0.47810235946090884,0.01174476773465646,0.4697006587526933,0.4865040601691244,10,4.662325067900557,0.5396781267929593,4.276262592888362,5.048387542912752,10
{},thompson,52,3.310283752405126,0.7638836916346079,2.7638342782224417,3.85673322658781,10,0.06907537688809108,0.0383889699830405,0.04161356209694397,0.09653719167923819,10,0.109375,0.056095466740984416,0.06924672047219756,0.14950327952780246,10,0.31029247098545454,0.044625299472580815,0.27836945482594605,0.342215487144963,10,0.1777280521665539,0.04227875984810669,0.14748364933258826,0.20797245500051956,10,3.5522950786245007,0.7533745494190938,3.0133633919016978,4.091226765347304,10
{},linucb,52,3.108125154448576,0.5076366623787801,2.744983762283044,3.4712665466141077,10,0.07665838392158172,0.036431860904122995,0.05059660062581073,0.10272016721735272,10,0.1015625,0.06639348324990606,0.05406746324455853,0.14905753675544148,10,0.3097003316248743,0.048710776837216134,0.27485474101831486,0.34454592223143377,10,0.2200369918141881,0.031236482848362872,0.19769175808982536,0.24238222553855082,10,3.383610465561694,0.4762610000199073,3.0429138701445404,3.724307060978848,10
{},sliding_window_linucb,52,3.1749003153956004,0.24200579608423348,3.001779797877538,3.348020832913663,10,0.0480029589926457,0.04203752252147752,0.01793112694626638,0.07807479103902502,10,0.1015625,0.05474946885840792,0.062397089352944336,0.14072791064705567,10,0.2977376200863375,0.052205468110988015,0.2603920779427881,0.3350831622298868,10,0.260934854550024,0.04127246229385776,0.2314103136209695,0.2904593954790785,10,3.4013605738769215,0.3899625910343191,3.1223981413034148,3.680323006450428,10
{},uncertainty_aware,52,1.726268852530494,0.3868811624492975,1.449510741175592,2.0030269638853957,10,0.03903156052541776,0.043714695381309565,0.0077599512912213675,0.07030316975961415,10,0.0890625,0.041043517301761555,0.05970173645213296,0.11842326354786704,10,0.27874211439652363,0.054547203776473256,0.23972139547267024,0.317762833320377,10,0.9121637216999703,0.18524530504008352,0.7796472134376299,1.0446802299623106,10,1.8856056548704287,0.3984109545321715,1.6005996271244334,2.1706116826164243,10
{},ucb,53,4.316914845238257,0.4612646222145297,3.9869460122489904,4.646883678227523,10,0.07495270857470197,0.04168681665748468,0.045131756390100544,0.1047736607593034,10,0.09375,0.052083333333333336,0.05649182781310729,0.1310081721868927,10,0.30568410390718126,0.03695008183175308,0.2792516076920024,0.3321166001223601,10,0.35406285114187375,0.01663749067078695,0.3421611072922097,0.3659645949915378,10,4.6010154308584905,0.4133267189258904,4.305339308045354,4.896691553671627,10
{},sliding_window_ucb,53,4.266038484923089,0.6099180051817106,3.8297294278297205,4.702347542016458,10,0.0672793386000385,0.03216627953885867,0.04426896839196451,0.09028970880811249,10,0.0796875,0.0289519627285152,0.05897651352023962,0.10039848647976037,10,0.2951748157567343,0.020107854661138395,0.28079052306027913,0.3095591084531895,10,0.4702087931860344,0.014959343799552676,0.4595075232899706,0.48091006308209827,10,4.510833282681363,0.5652706256603305,4.106463036862896,4.91520352849983,10
{},discounted_ucb,53,4.456557903991827,0.5438584343808293,4.067505017077495,4.84561079090616,10,0.07027312003903748,0.04320836460155351,0.03936371802485404,0.10118252205322091,10,0.0890625,0.05415164054404179,0.050324749966221514,0.12780025003377848,10,0.3019462001873935,0.03813563192270151,0.2746656125272596,0.3292267878475274,10,0.4916118899811088,0.011286314390609675,0.4835381470386306,0.499685632923587,10,4.749657303729415,0.5521249375083966,4.354690916714403,5.144623690744427,10
{},thompson,53,3.3610001728867673,0.7700542636833951,2.8101365373750844,3.9118638083984503,10,0.05071642048164191,0.04540688049326853,0.01823429494139503,0.0831985460218888,10,0.1046875,0.041043517301761555,0.07532673645213296,0.13404826354786706,10,0.28436081983629535,0.04986430347693486,0.2486900459817716,0.3200315936908191,10,0.17835437263635898,0.05195970055956283,0.1411846420079895,0.21552410326472846,10,3.62204193410226,0.7511412928369994,3.0847078228983023,4.159376045306217,10
{},linucb,53,3.155049638655904,0.48885187278386555,2.8053460754546324,3.504753201857176,10,0.04692448420732824,0.03764934818084821,0.01999176298019893,0.07385720543445755,10,0.08125,0.03813126087025651,0.05397253920241904,0.10852746079758097,10,0.27505186774395574,0.03712377404139826,0.2484951196070908,0.30160861588082066,10,0.20341123512095383,0.016795874162594267,0.1913961905466309,0.21542627969527675,10,3.4440483689471137,0.4581918936536486,3.1162776335541014,3.771819104340126,10
{},sliding_window_linucb,53,3.203831730917856,0.24828286127783217,3.026220871464214,3.381442590371498,10,0.02893141552225536,0.03484372879108286,0.0040057135011694785,0.05385711754334124,10,0.0875,0.04431676538788051,0.05579769582871463,0.11920230417128536,10,0.2646540796700438,0.04142367912957504,0.23502136473325722,0.2942867946068304,10,0.2705950088690988,0.02816653180509927,0.2504458858245808,0.2907441319136168,10,3.4514006891884295,0.39870455221770545,3.166184634310505,3.736616744066354,10
{},uncertainty_aware,53,1.775752065411503,0.3954639917629804,1.492854167834139,2.0586499629888673,10,0.04948321288100909,0.03146595412218614,0.02697382529619096,0.07199260046582723,10,0.0734375,0.03536301082659991,0.048140325988651325,0.09873467401134868,10,0.2774535727902137,0.03273222812491268,0.25403834735267167,0.30086879822775575,10,0.9137465207460819,0.1818401227394163,0.7836659331586731,1.0438271083334907,10,1.948445263302106,0.40417134252567155,1.6593185022237882,2.237572024380424,10
{},ucb,54,4.398488287967398,0.46624449785700145,4.064957066546326,4.732019509388469,10,0.08157344272914183,0.03874505175978307,0.05385690237990532,0.10928998307837834,10,0.0875,0.04431676538788051,0.05579769582871463,0.11920230417128536,10,0.30136202482051583,0.03339888294452952,0.27746990325385046,0.3252541463871812,10,0.33491774628173604,0.009309132752297,0.32825839387861816,0.3415770986848539,10,4.693614003904622,0.4246791155442065,4.389816865771054,4.99741114203819,10
{},sliding_window_ucb,54,4.35134087689524,0.6347316816281534,3.8972811849929485,4.805400568797532,10,0.08530239197215223,0.06880775853400202,0.036080286719275746,0.1345244972250287,10,0.096875,0.04087795181322622,0.06763267486775004,0.12611732513224996,10,0.29427293690183387,0.035337069569308543,0.2689943201480386,0.31955155365562915,10,0.4490623331385867,0.01339261192096575,0.4394818357117021,0.4586428305654713,10,4.596342767808812,0.592992585434652,4.172141426618253,5.020544108999371,10
{},discounted_ucb,54,4.537030753879686,0.565279892469686,4.13265387898515,4.941407628774223,10,0.08047284988785999,0.04155782261844833,0.05074417447991454,0.11020152529580544,10,0.090625,0.04218428485690956,0.060448180503430385,0.12080181949656961,10,0.3028386210625465,0.030853685373622604,0.2807672241553341,0.3249100179697589,10,0.46956752209373376,0.005560827633919742,0.4655895456427985,0.47354549854466904,10,4.843732473017577,0.588509735385957,4.422737969567862,5.264726976467292,10
{},thompson,54,3.4181884589297917,0.780448540626017,2.859889205624449,3.9764877122351345,10,0.05718828604302402,0.07990432180008339,2.8177625019699948e-05,0.11434839446102835,10,0.0921875,0.04323230410301486,0.06126097269812028,0.12311402730187973,10,0.26848023913997326,0.0563412022649019,0.2281761710080898,0.30878430727185674,10,0.1666550003754431,0.044539668970512446,0.13479324058695244,0.19851676016393374,10,3.6817587214678484,0.7702632607225607,3.1307455784808673,4.232771864454829,10
{},linucb,54,3.2210536236246883,0.5030789328235171,2.8611726347721413,3.580934612477235,10,0.06600398496878364,0.06961551369839306,0.016204046480712282,0.115803923456855,10,0.0828125,0.039010381898070844,0.05490615390397249,0.1107188460960275,10,0.2751398264257464,0.049774355617679185,0.2395333973935201,0.31074625545797274,10,0.20466724113089674,0.019125101070799594,0.19098596800217524,0.21834851425961824,10,3.510424743598476,0.4839678179283409,3.16421502276733,3.8566344644296224,10
{},sliding_window_linucb,54,3.2594041652771524,0.2659806265878111,3.069133087188456,3.449675243365849,10,0.05557243435929697,0.05939069476270221,0.013086890709352414,0.09805797800924153,10,0.0875,0.03623443152276268,0.06157944917563011,0.11342055082436989,10,0.27205364757963857,0.04544213878478792,0.23954629977705993,0.3045609953822172,10,0.25957372565063225,0.05279141773574486,0.22180902039645184,0.29733843090481266,10,3.5146908849936835,0.42169641267582275,3.2130274439555246,3.8163543260318424,10
{},uncertainty_aware,54,1.7926546263305645,0.4138243294297091,1.4966225344070283,2.0886867182541007,10,0.01690256091906145,0.03563422008740014,-0.008588624509968668,0.042393746348091566,10,0.084375,0.051137240452639905,0.04779362188901774,0.12095637811098227,10,0.2286866767547029,0.07997765994326775,0.17147410538949928,0.2858992481199065,10,0.6726789204913366,0.17566840814520715,0.5470133115606843,0.7983445294219889,10,1.9683684882824253,0.4323338527319416,1.659095481038085,2.2776414955267654,10
{},ucb,55,4.448704392547348,0.4664841504208751,4.115001734009671,4.782407051085024,10,0.05021610457994963,0.01843551429156386,0.03702813211603268,0.06340407704386658,10,0.084375,0.04307515235028195,0.053560892289725937,0.11518910771027407,10,0.29805738268444554,0.029242459615175992,0.2771385872506443,0.3189761781182468,10,0.3248485238541716,0.007501346189376874,0.3194823840533916,0.33021466365495167,10,4.7582658732151035,0.4351983900969077,4.446943699384273,5.069588047045934,10
{},sliding_window_ucb,55,4.4052797239387465,0.6088793384155423,3.9697136842895766,4.840845763587916,10,0.05393884704350567,0.04627801577936525,0.020833548860299367,0.08704414522671197,10,0.0953125,0.05334411512112237,0.057152418854268076,0.1334725811457319,10,0.2932808596740638,0.04734422980773193,0.25941283792240377,0.32714888142572385,10,0.47458239666051727,0.024493142067858662,0.45706105833292104,0.4921037349881135,10,4.656218114108912,0.5937638198322727,4.231465065065879,5.080971163151944,10
{},discounted_ucb,55,4.589635541966709,0.5697046749588982,4.182093368361019,4.997177715572399,10,0.05260478808702207,0.023091914337756574,0.03608582769301674,0.0691237484810274,10,0.084375,0.04179667218278933,0.05447546190671091,0.11427453809328911,10,0.29813791728950706,0.028539522104650664,0.27772197305833835,0.3185538615206758,10,0.47390104554743556,0.010269627898683529,0.4665545963081818,0.4812474947866893,10,4.908464876933121,0.5874406913081236,4.48823512154729,5.328694632318952,10
{},thompson,55,3.470921873631762,0.7852884565225156,2.9091603530654564,4.032683394198068,10,0.05273341470197086,0.03587308563395081,0.027071355154613046,0.07839547424932868,10,0.090625,0.0440712412527212,0.05909833321438766,0.12215166678561233,10,0.2948714855383001,0.03620280773429626,0.2689735570094032,0.32076941406719706,10,0.17259195784382636,0.020061224300975525,0.1582410224975424,0.18694289319011032,10,3.743224693632186,0.769201018851736,3.192971432703329,4.293477954561043,10
{},linucb,55,3.27704798550957,0.5030846139001698,2.917162932659606,3.636933038359534,10,0.05599436188488212,0.05137084678459856,0.019245871871050632,0.0927428518987136,10,0.1015625,0.02876396098225849,0.08098600186776223,0.12213899813223777,10,0.2819685618962708,0.03858340620742225,0.2543676558092379,0.30956946798330365,10,0.198638306821079,0.02615826907596658,0.17992580838888506,0.21735080525327294,10,3.5589877921207838,0.49847681288929996,3.2023989615453656,3.915576622696202,10
{},sliding_window_linucb,55,3.340660644505357,0.28431569404549895,3.137273449289041,3.5440478397216726,10,0.08125647922820416,0.04236198245168774,0.05095254253003246,0.11156041592637586,10,0.1109375,0.03566852847554986,0.08542177182857365,0.13645322817142636,10,0.3096198728900882,0.04305355647539809,0.27882121393805315,0.34041853184212323,10,0.2695296810581541,0.045621856375548824,0.2368937710358971,0.30216559108041113,10,3.590905244509808,0.4375733265309882,3.2778841434995747,3.9039263455200417,10
{},uncertainty_aware,55,1.8245953764601268,0.4221022533195217,1.5226416145147672,2.1265491384054864,10,0.0319407501295623,0.051436652758492823,-0.004854814642149735,0.06873631490127434,10,0.1015625,0.061735779120467175,0.05739938405960304,0.14572561594039696,10,0.26251444496640775,0.06841646381747565,0.21357225509127514,0.31145663484154035,10,0.6418021500618903,0.13175481303795544,0.5475504346579864,0.7360538654657943,10,1.9974774198748697,0.4113462756621597,1.7032180208273604,2.291736818922379,10
{},ucb,56,4.523387185446748,0.48219988861696816,4.178442165057792,4.868332205835705,10,0.07468279289939972,0.043708612296683554,0.04341553524180026,0.10595005055699919,10,0.121875,0.06370368688091939,0.0763041276528155,0.1674458723471845,10,0.323233012742958,0.046408439499088704,0.29003441505114286,0.35643161043477317,10,0.33579632863901,0.012778727973966621,0.32665497733308657,0.3449376799449334,10,4.841541828994008,0.44620546291277446,4.5223456696096305,5.1607379883783855,10
{},sliding_window_ucb,56,4.457041063228061,0.6347143706688066,4.002993754840087,4.911088371616035,10,0.051761339289314055,0.05840156027059144,0.009983379829252195,0.09353929874937592,10,0.1203125,0.08036713176451898,0.06282131727777646,0.17780368272222355,10,0.30871835508502976,0.06080581884771505,0.2652204926480408,0.3522162175220187,10,0.4702087931860344,0.014959343799552676,0.4595075232899706,0.48091006308209827,10,4.724979412229889,0.6073632559405172,4.290497912649276,5.159460911810501,10
{},discounted_ucb,56,4.659606336057974,0.5608472652582531,4.258400371650808,5.060812300465139,10,0.0699707940912646,0.039394389662928235,0.041789745388693206,0.09815184279383599,10,0.1140625,0.05848659182762414,0.07222371262838786,0.15590128737161213,10,0.31867357878128366,0.0412184960436808,0.2891876429819835,0.3481595145805838,10,0.48892325972287304,0.008933771386253498,0.4825324246651956,0.4953140947805505,10,4.98718139875035,0.579276286292624,4.572792106875642,5.401570690625057,10
{},thompson,56,3.53212972133609,0.7881713009734324,2.9683059380829304,4.095953504589249,10,0.061207847704327835,0.04560968348522796,0.028580645643227674,0.093835049765428,10,0.1234375,0.07982524859028,0.06633395714870721,0.1805410428512928,10,0.3114033269067599,0.0555815450792933,0.2716426847887852,0.3511639690247346,10,0.1674518135247764,0.042012496488527014,0.13739788402389772,0.19750574302565507,10,3.8146709635748905,0.7636358513932798,3.2683987836204222,4.360943143529359,10
{},linucb,56,3.3120208814422214,0.4973563908419998,2.956233552515961,3.6678082103684817,10,0.034972895932651696,0.04752929119820398,0.0009724892372856495,0.06897330262801774,10,0.1203125,0.061206227272594116,0.07652820263105792,0.1640967973689421,10,0.2929042795977976,0.07042262355972681,0.24252696949652983,0.3432815896990653,10,0.18788375143408734,0.023506258235960534,0.17106838727104767,0.204699115597127,10,3.6119350147545264,0.48075526781524064,3.26802341383262,3.9558466156764327,10
{},sliding_window_linucb,56,3.395134227252524,0.31233691520218887,3.171701857967544,3.6185665965375042,10,0.05447358274716665,0.04457338708511912,0.0225877024725352,0.08635946302179809,10,0.1203125,0.07831573938054996,0.06428879498654058,0.17633620501345942,10,0.31051517661987377,0.05191978053438993,0.27337400305719894,0.3476563501825486,10,0.27464678645674473,0.08152295942610731,0.21632877443467163,0.3329647984788178,10,3.6614633641656282,0.4547022055793183,3.336189001236333,3.9867377270949236,10
{},uncertainty_aware,56,1.8404216498573605,0.4269705914409557,1.5349852886161468,2.145858011098574,10,0.01582627339723331,0.03357663211058729,-0.00819300226290516,0.03984554905737178,10,0.1046875,0.055634167471777435,0.06488921409015214,0.14448578590984787,10,0.2563375113993855,0.060020838802531944,0.21340118985878134,0.29927383293998966,10,0.6684484276359166,0.1764952265839556,0.5421913484251071,0.7947055068467261,10,2.013857874310201,0.412902601441369,1.7184851468685665,2.3092306017518354,10
{},ucb,57,4.5860133077231575,0.4929374413138199,4.233387104859094,4.938639510587221,10,0.06262612227640926,0.038423904029272336,0.035139317174036094,0.09011292737878243,10,0.0984375,0.06031330958005869,0.05529195746889231,0.14158304253110768,10,0.2864295364725767,0.09940837544537601,0.21531706858464522,0.35754200436050815,10,0.3352784045555044,0.018892443446762774,0.3217635646648685,0.3487932444461403,10,4.912833519044849,0.43040479173222906,4.604940478908726,5.220726559180972,10
{},sliding_window_ucb,57,4.540301849075491,0.634664697438831,4.086290074775623,4.994313623375359,10,0.08326078584743062,0.06957419964297216,0.03349040165421898,0.13303117004064224,10,0.1046875,0.05210936849283651,0.06741070338195819,0.14196429661804183,10,0.30549352639180005,0.04820151611793295,0.2710122389577284,0.3399748138258717,10,0.45835296829037625,0.019803203123137155,0.4441866101755502,0.4725193264052023,10,4.815335092199954,0.5865851531846322,4.395717351919099,5.234952832480809,10
{},discounted_ucb,57,4.729495834283672,0.5445582587085604,4.339942323203519,5.119049345363826,10,0.06988949822569902,0.03746161289361548,0.04309107473278935,0.0966879217186087,10,0.0984375,0.061206227272594116,0.05465320263105792,0.14222179736894208,10,0.2931936914050787,0.07907867537421154,0.23662421485972643,0.34976316795043105,10,0.4681736613383178,0.004863372262190843,0.4646946144041674,0.47165270827246814,10,5.065237243733693,0.5595441057170271,4.664963503503948,5.465510983963439,10
{},thompson,57,3.5518858442648344,0.7912785051889112,2.9858393010178164,4.1179323875118525,10,0.01975612292874358,0.033059917950180415,-0.003893517688325864,0.04340576354581302,10,0.096875,0.06327642728536434,0.0516097707551456,0.14214022924485442,10,0.24328424561432738,0.08807709913429329,0.18027768448919101,0.30629080673946374,10,0.16761608815953621,0.03248821904674924,0.14437541630118222,0.1908567600178902,10,3.842817362767483,0.7532714784162019,3.303959408598406,4.38167531693656,10
{},linucb,57,3.404187598502818,0.479600216858425,3.061102271259638,3.747272925745998,10,0.09216671706059587,0.06992050205758613,0.042148603043529694,0.14218483107766205,10,0.1125,0.06862362121666918,0.06340961864872774,0.16159038135127227,10,0.30352111844367,0.06614499687872742,0.25620383812989517,0.3508383987574449,10,0.20198051220318555,0.01683006202459408,0.18994101110568007,0.21402001330069104,10,3.7003182867764615,0.4431405952096354,3.3833146016694653,4.017321971883458,10
{},sliding_window_linucb,57,3.4633180108541617,0.317415421218516,3.2362526972182986,3.690383324490025,10,0.0681837836016376,0.027315764320982466,0.04864326295227289,0.0877243042510023,10,0.0953125,0.0668819765312167,0.04746801620224404,0.14315698379775593,10,0.2852345979467198,0.07743544501058477,0.22984061759011762,0.34062857830332194,10,0.2458281833341213,0.015851401711571168,0.23448877365015347,0.2571675930180891,10,3.7315601156906126,0.4310281115399212,3.4232211794254175,4.039899051955808,10
{},uncertainty_aware,57,1.8526490832714313,0.43346327162011655,1.5425681384256813,2.1627300281171813,10,0.012227433414071101,0.026272303002006052,-0.006566639974632126,0.03102150680277433,10,0.090625,0.05197906229114437,0.053441418823231765,0.12780858117676824,10,0.23138895401820553,0.08522300743059061,0.17042408710363693,0.2923538209327741,10,0.6251995292089699,0.13368536531941652,0.5295667798981512,0.7208322785197887,10,2.0301089819066713,0.41976155023784084,1.7298296580756602,2.3303883057376824,10
{},ucb,58,4.680931400126669,0.5153246055890255,4.312290384692842,5.049572415560496,10,0.09491809240351082,0.04680181640655358,0.061438089824284316,0.12839809498273733,10,0.1125,0.07057243619147635,0.062015520398005924,0.16298447960199408,10,0.31292862392822507,0.06495531689017005,0.26646238941018086,0.3593948584462693,10,0.32028734541839127,0.007012800087253342,0.315270690445659,0.32530400039112356,10,5.024235091572819,0.4575274419303661,4.696939676308752,5.351530506836886,10
{},sliding_window_ucb,58,4.604800250883298,0.6414722558336944,4.145918642672745,5.063681859093851,10,0.0644984018078065,0.05177617683943516,0.027459956140043013,0.10153684747556999,10,0.1109375,0.08476952515989064,0.05029703475951988,0.1715779652404801,10,0.28297813392934124,0.10385821312256382,0.20868244392850638,0.3572738239301761,10,0.4671119148021045,0.015992211208253494,0.45567177607225623,0.4785520535319528,10,4.89678617472904,0.5864017176892491,4.47729965629661,5.316272693161469,10
{},discounted_ucb,58,4.824365870940623,0.5723763349962737,4.4149125068767425,5.233819235004503,10,0.09487003665695004,0.06676368858886819,0.04711017095564825,0.14262990235825185,10,0.1125,0.07926255158227834,0.05579898633936017,0.16920101366063983,10,0.30490883171469996,0.09053903571801787,0.24014110725229088,0.36967655617710904,10,0.47324762102167056,0.008752476390915628,0.4669864765909292,0.47950876545241194,10,5.168619024048139,0.579476631294317,4.754086413992891,5.5831516341033876,10
{},thompson,58,3.6420551418058755,0.8184392076588376,3.056579002475501,4.22753128113625,10,0.09016929754104169,0.08920851724950207,0.02635336865363043,0.15398522642845297,10,0.109375,0.061625831073954335,0.06529053615397593,0.15345946384602407,10,0.2969613113476411,0.05617504180267319,0.2567761072499151,0.33714651544536706,10,0.1508283264305738,0.03250859754990851,0.12757307666925113,0.1740835761918965,10,3.93825162271487,0.7775753650645946,3.382007715389508,4.494495530040233,10
{},linucb,58,3.469780776558695,0.46363760424738054,3.1381144144844426,3.801447138632948,10,0.06559317805587826,0.05935513806303829,0.023133070136592444,0.10805328597516409,10,0.096875,0.06454972243679027,0.05069891027521158,0.14305108972478842,10,0.27163356096656893,0.10097343894184015,0.19940151409813162,0.34386560783500625,10,0.2163069904455813,0.035111811403799584,0.19118951367611312,0.24142446721504948,10,3.770424796342776,0.4370529451170373,3.4577759537707604,4.083073638914792,10
{},sliding_window_linucb,58,3.540985743005929,0.33891340704982953,3.298541696740796,3.7834297892710618,10,0.07766773215176788,0.08662629092868286,0.0156990166957795,0.13963644760775626,10,0.0984375,0.059406972385870296,0.05594031203990907,0.14093468796009093,10,0.3026839271987376,0.052691354122805824,0.2649908031411113,0.3403770512563639,10,0.24391044482157637,0.023140751753860274,0.22735654824469062,0.2604643413984621,10,3.8327169914890953,0.4509994418504272,3.5100914261645055,4.155342556813685,10
{},uncertainty_aware,58,1.886323294974612,0.4370265275762112,1.5736933503728656,2.1989532395763582,10,0.03367421170318055,0.054415094584488975,-0.0052520019978423566,0.07260042540420346,10,0.1203125,0.07330625091771581,0.06787236715389791,0.1727526328461021,10,0.25423408697828775,0.10435187399875608,0.1795852532604525,0.328882920696123,10,0.6334040278828144,0.13244980274168736,0.5386551467947549,0.7281529089708738,10,2.082816017484705,0.4114698802309069,1.7884681970553307,2.3771638379140794,10
{},ucb,59,4.752164913678572,0.5161269533095049,4.382949933261896,5.121379894095249,10,0.07123351355190492,0.039713205323801404,0.04282439786459068,0.09964262923921917,10,0.0890625,0.03379401707814236,0.06488771650206296,0.11323728349793705,10,0.30225617251010295,0.02476900606603894,0.28453749296629494,0.31997485205391096,10,0.33342552327165037,0.013494854109841203,0.3237718861888703,0.3430791603544304,10,5.101004195001849,0.45953716128986555,4.772271113114866,5.429737276888832,10
{},sliding_window_ucb,59,4.685146999858116,0.6233597675096842,4.239222285254777,5.131071714461455,10,0.08034674897481826,0.03696517232254411,0.05390345767283729,0.10679004027679924,10,0.10625,0.05402626033287475,0.06760194156615412,0.14489805843384587,10,0.30017121512261563,0.07611707227573385,0.2457203418065558,0.35462208843867543,10,0.4707404818260956,0.019430147483042674,0.4568409916397291,0.4846399720124622,10,4.971470320770582,0.5738002467326992,4.560998351612532,5.381942289928632,10
{},discounted_ucb,59,4.8950334969670415,0.5815607957024644,4.479009965509209,5.311057028424874,10,0.0706676260264188,0.0339275420451707,0.046397324521196166,0.09493792753164143,10,0.09375,0.03966548492637452,0.06537502142854158,0.12212497857145842,10,0.3043158218457327,0.028873372403048908,0.2836610554980385,0.3249705881934269,10,0.483579794462942,0.008201986966092253,0.4777124464439216,0.48944714248196247,10,5.247447776812798,0.5977081120781611,4.819873151072433,5.6750224025531635,10
{},thompson,59,3.663503966922024,0.8282045908310928,3.0710420932997544,4.2559658405442935,10,0.02144882511614793,0.03171396250909877,-0.001237976980991179,0.04413562721328704,10,0.08125,0.037413093741808276,0.054486285017408306,0.1080137149825917,10,0.2473412307034962,0.059812241056766004,0.2045541310008993,0.2901283304060931,10,0.15737617135883447,0.035437360787832876,0.13202581058925783,0.1827265321284111,10,3.9601057843372915,0.8052558644023518,3.384060440649459,4.536151128025124,10
{},linucb,59,3.5107757195846796,0.4663404396185954,3.177175865561879,3.84437557360748,10,0.04099494302598362,0.03802517760305574,0.01379336962620454,0.06819651642576269,10,0.0875,0.04431676538788051,0.05579769582871463,0.11920230417128536,10,0.26585681993042826,0.07248226707844001,0.2140061296141749,0.31770751024668165,10,0.19229950392800502,0.022629187067705527,0.17611155868221984,0.2084874491737902,10,3.81079454719213,0.4525423584348148,3.4870652458335343,4.134523848550725,10
{},sliding_window_linucb,59,3.571642743710238,0.32928749159673726,3.3360846625409346,3.8072008248795415,10,0.030657000704308768,0.03306862138091181,0.007001134027959828,0.05431286738065771,10,0.0921875,0.050200336500089544,0.056276342601722415,0.12809865739827758,10,0.26078793306775006,0.07231530906207784,0.20905667732151148,0.3125191888139886,10,0.2642668965741407,0.04129218022953475,0.23472825028362782,0.2938055428646536,10,3.868017855475771,0.4482346836856804,3.5473700789977207,4.188665631953822,10
{},uncertainty_aware,59,1.8940596607584084,0.44325066764278964,1.5769772345761963,2.2111420869406206,10,0.00773636578379701,0.01633264239398186,-0.003947302745775847,0.019420034313369867,10,0.09375,0.05412658773652741,0.055030171665091325,0.13246982833490867,10,0.23490649451500478,0.08133106636707602,0.17672575451792094,0.2930872345120886,10,0.5794258646146891,0.042861205381417834,0.5487648053461073,0.610086923883271,10,2.0922354429186356,0.4182486049732328,1.7930384149310443,2.391432470906227,10
{},ucb,60,4.827632342629986,0.5532338205753868,4.431872708455069,5.223391976804903,10,0.07546742895141327,0.09270753911741694,0.009148450606584882,0.14178640729624165,10,0.0109375,0.016552342272990316,-0.0009033323552663612,0.02277833235526636,10,0.1602952908632779,0.08370931506549528,0.10041325423562206,0.22017732749093374,10,0.3240549065468114,0.01695509055062844,0.3119259654297617,0.3361838476638611,10,5.184675673854816,0.49382139113364265,4.8314171313825955,5.537934216327036,10
{},sliding_window_ucb,60,4.77756620487981,0.6028996644573839,4.346277766292168,5.208854643467452,10,0.09241920502169429,0.07678332241187164,0.03749172506963263,0.14734668497375594,10,0.0140625,0.018706546870904138,0.0006806425087041521,0.027444357491295847,10,0.17727679764484713,0.08692608687420274,0.1150936210888438,0.23945997420085047,10,0.46401503641817465,0.016321982216266295,0.4523389937203497,0.4756910791159996,10,5.072123306405118,0.5632875900835478,4.6691716387813225,5.475074974028913,10
{},discounted_ucb,60,4.952827159775934,0.5860858067390029,4.533566630423441,5.372087689128427,10,0.0577936628088936,0.07090589200479759,0.007070643287998217,0.10851668232978898,10,0.00625,0.01092509216843908,-0.001565340131252025,0.014065340131252026,10,0.1426861623773985,0.07695851760910555,0.08763335533109959,0.19773896942369742,10,0.4654684672431226,0.005848903886236007,0.4612844134556416,0.46965252103060356,10,5.313510127179887,0.5932991239214022,4.88908950156588,5.737930752793894,10
{},thompson,60,3.7589369447896743,0.8802166429116183,3.1292678905169753,4.388605999062373,10,0.09543297786765063,0.10436780577777295,0.020772747241670983,0.1700932084936303,10,0.01875,0.01920738428602685,0.005009865005018772,0.032490134994981226,10,0.17370771824732015,0.07351015343714717,0.1211217223257944,0.2262937141688459,10,0.17801397344334943,0.04089564920466173,0.1487589883599181,0.20726895852678076,10,4.057189690574302,0.8381726977348684,3.4575970628387864,4.656782318309817,10
{},linucb,60,3.5672788290111717,0.48664278866102356,3.219155549393084,3.915402108629259,10,0.05650310942649191,0.0780849920962546,0.0006444710763912342,0.11236174777659258,10,0.015625,0.01948779888944761,0.0016842684819217482,0.029565731518078252,10,0.14210569866550352,0.08714600173813593,0.0797652044928561,0.20444619283815094,10,0.1981177778557545,0.03400783783570962,0.17379003620224806,0.22244551950926092,10,3.876276433847324,0.4746863829163623,3.5367062516494787,4.2158466160451695,10
{},sliding_window_linucb,60,3.6308451631850907,0.3211781260460058,3.4010881726656867,3.8606021537044946,10,0.05920241947485305,0.07321585891799963,0.006826949169994025,0.11157788977971209,10,0.00625,0.01092509216843908,-0.001565340131252025,0.014065340131252026,10,0.13650782694050695,0.08477464928867827,0.07586369611911144,0.19715195776190247,10,0.276627844013989,0.03691695116287403,0.2502190480515928,0.3030366399763852,10,3.927901870405967,0.4358423717758859,3.6161190198337496,4.239684720978184,10
{},uncertainty_aware,60,1.9463857577692516,0.47451484972137786,1.6069382830270447,2.2858332325114588,10,0.052326097010842954,0.06000189054802016,0.009403330234960226,0.09524886378672567,10,0.01875,0.01920738428602685,0.005009865005018772,0.032490134994981226,10,0.13634017362586048,0.08830265640177665,0.07317225855173405,0.19950808869998693,10,0.5895168303615241,0.049787187408509175,0.5539012220191114,0.6251324387039369,10,2.1519518045341863,0.4387216256512472,1.8381092598181354,2.4657943492502374,10
{},ucb,61,4.893329956226762,0.6057501771900937,4.460002383670168,5.326657528783357,10,0.06569761359677653,0.07956420115429873,0.00878081283160348,0.12261441436194959,10,0.0140625,0.020104436526686233,-0.0003193475103692323,0.028444347510369235,10,0.14692999070181645,0.09463586122514978,0.0792315738202514,0.2146284075833815,10,0.312238937172993,0.007562276245592527,0.30682921063571683,0.3176486637102692,10,5.257232789614991,0.5532726260527628,4.861445395673843,5.65302018355614,10
{},sliding_window_ucb,61,4.8115960946445275,0.581394141178784,4.395691780651124,5.227500408637931,10,0.034029889764717346,0.037443514849933794,0.007244412832340244,0.06081536669709445,10,0.0125,0.025301995419773165,-0.005599957158820081,0.030599957158820083,10,0.11153513174171778,0.11200481621917303,0.03141171295537751,0.19165855052805805,10,0.4614498466743061,0.020505527320006742,0.4467810760950067,0.4761186172536055,10,5.109285563205195,0.5361834572705398,4.72572302417001,5.49284810224038,10
{},discounted_ucb,61,5.013523789732464,0.6104695043875892,4.576820213873522,5.450227365591405,10,0.060696629956528914,0.08107829360388524,0.0026967127012393483,0.11869654721181848,10,0.015625,0.020833333333333332,0.0007217311252429165,0.030528268874757084,10,0.1429625424593963,0.11254021814566485,0.06245612020746065,0.22346896471133193,10,0.46230881512684086,0.016097482861372303,0.45079336959292926,0.47382426066075245,10,5.382099794697642,0.6133023659808523,4.943369711734251,5.820829877661033,10
{},thompson,61,3.839643448252866,0.9031325978854348,3.19358130733233,4.485705589173403,10,0.08070650346319166,0.0798402608624976,0.023592221479293435,0.1378207854470899,10,0.0109375,0.012863634411696322,0.0017354102874837796,0.02013958971251622,10,0.15951850941466694,0.08851231475757762,0.09620061378782012,0.22283640504151375,10,0.15468085138487106,0.029369517636408965,0.13367116411811955,0.17569053865162257,10,4.142335325047329,0.8564521966498657,3.5296663315249637,4.755004318569694,10
{},linucb,61,3.60189190697493,0.5019733151227003,3.242801829380045,3.960981984569815,10,0.03461307796375943,0.06981534329171675,-0.015329810003916873,0.08455596593143574,10,0.0109375,0.016552342272990316,-0.0009033323552663612,0.02277833235526636,10,0.1186811126576917,0.09592279291103016,0.050062080307096885,0.1873001450082865,10,0.31737372024454114,0.020354707835437254,0.30281283942508613,0.33193460106399614,10,3.920584671563374,0.48959646632952997,3.5703484582270573,4.270820884899691,10
{},sliding_window_linucb,61,3.714098330712248,0.35143471326379727,3.4626970815749587,3.9654995798495376,10,0.08325316752715714,0.07854305971631867,0.02706684734163399,0.13943948771268028,10,0.0109375,0.014823176532039278,0.0003336382991214089,0.02154136170087859,10,0.16000511799213551,0.10266217074685358,0.08656502516461967,0.23344521081965136,10,0.4945677706030489,0.014043634016891588,0.48452156002389274,0.5046139811822051,10,4.013534113456462,0.4516497802754599,3.6904433240482954,4.336624902864629,10
{},uncertainty_aware,61,2.0132338558002645,0.4537460786955509,1.6886434648402733,2.3378242467602557,10,0.06684809803101277,0.07236391536469251,0.015082071430524237,0.11861412463150131,10,0.0234375,0.02969206836195672,0.002197073844196363,0.04467792615580364,10,0.15562454769164588,0.10010272255791774,0.08401537380160463,0.22723372158168714,10,0.8893068669522162,0.17824432969629603,0.7617985547507082,1.016815179153724,10,2.233203477284191,0.42256027422480125,1.9309220669211526,2.5354848876472293,10
{},ucb,62,4.986320494699012,0.6356444038516934,4.531607880650862,5.4410331087471615,10,0.09299053847224834,0.07143094442664241,0.041891919075380354,0.1440891578691163,10,0.0171875,0.021411254990723404,0.001870810876508703,0.0325041891234913,10,0.16436665484208796,0.10601286915268153,0.08852961677007896,0.24020369291409693,10,0.31606700367602236,0.0106039224987142,0.308481414486002,0.3236525928660427,10,5.355361822126254,0.5803259709876736,4.940221631055833,5.770502013196674,10
{},sliding_window_ucb,62,4.902513159692012,0.575228931117264,4.491019171292987,5.314007148091038,10,0.09091706504748463,0.08620394731356183,0.029250476013273165,0.1525836540816961,10,0.015625,0.020833333333333332,0.0007217311252429165,0.030528268874757084,10,0.16360172556519453,0.10288991966091378,0.08999871097917439,0.23720474015121468,10,0.47095382963652616,0.022563541580265804,0.454812844343528,0.48709481492952433,10,5.2066496664395645,0.529739934039562,4.827696546246556,5.585602786632573,10
{},discounted_ucb,62,5.076595101124233,0.6468823039264187,4.613843377648821,5.539346824599645,10,0.06307131139176862,0.06315151029716029,0.017895442377101244,0.108247180406436,10,0.015625,0.02209708691207961,-0.00018230372478071286,0.031432303724780716,10,0.1493148510862409,0.10367345420161247,0.07515132965545153,0.2234783725170303,10,0.4605739591689428,0.01998606344422264,0.446276790660597,0.47487112767728856,10,5.465177023453056,0.6325303010909032,5.012692104320794,5.917661942585318,10
{},thompson,62,3.928386314092589,0.8990777030858162,3.285224870170016,4.5715477580151616,10,0.08874286583972277,0.0700488840311396,0.03863291289127071,0.13885281878817482,10,0.0234375,0.038450060052691144,-0.004068015994359006,0.050943015994359006,10,0.16187174734821735,0.10945123699586931,0.08357504909425575,0.24016844560217895,10,0.16427581473197678,0.03842327625060562,0.13678945871540826,0.1917621707485453,10,4.237969450064719,0.8587159821723556,3.6236810419351646,4.852257858194275,10
{},linucb,62,3.651005875762023,0.46604120588416836,3.3176200806576492,3.9843916708663967,10,0.049113968787092455,0.08402113683491608,-0.010991131696756057,0.10921906927094097,10,0.01875,0.025301995419773165,0.0006500428411799174,0.036849957158820085,10,0.12955890360673178,0.09880123249871563,0.05888075961861594,0.20023704759484762,10,0.1684651873408653,0.017850945141960728,0.1556953904551447,0.1812349842265859,10,3.983905952839281,0.45627255803669964,3.657508227434762,4.3103036782438,10
{},sliding_window_linucb,62,3.821975167858259,0.3417330233936618,3.577514089569328,4.06643624614719,10,0.10787683714601078,0.08695275019276547,0.04567458680093704,0.17007908749108452,10,0.015625,0.01948779888944761,0.0016842684819217482,0.029565731518078252,10,0.17844522221328823,0.08571470296216632,0.11712861750456333,0.23976182692201314,10,0.40568556471264444,0.008061290405189367,0.3999188649501147,0.4114522644751742,10,4.1257417133389245,0.4455713715519419,3.8069991555885463,4.444484271089303,10
{},uncertainty_aware,62,2.0577282167751685,0.48119371979485714,1.7135029662016992,2.401953467348638,10,0.04449436097490423,0.054530945136758144,0.005485272781253006,0.08350344916855545,10,0.0125,0.02185018433687816,-0.00313068026250405,0.02813068026250405,10,0.13921924721433046,0.07147476080963437,0.08808928346529375,0.19034921096336715,10,0.9107886440005244,0.18807898221030578,0.776245045205124,1.0453322427959248,10,2.306185102167696,0.44241825834799503,1.989698145723124,2.6226720586122676,10
{},ucb,63,5.0481088952014295,0.6144463387022774,4.6085604634515045,5.487657326951354,10,0.061788400502418,0.07811409654693194,0.0059089420825302955,0.11766785892230572,10,0.0140625,0.021411254990723404,-0.001254189123491298,0.0293791891234913,10,0.1409812767587594,0.09714158340937476,0.07149037420822081,0.210472179309298,10,0.3119011580773009,0.01470454256634319,0.3013821620030678,0.322420154151534,10,5.42688590917083,0.5667345915932912,5.0214684052120875,5.832303413129572,10
{},sliding_window_ucb,63,5.004856501946664,0.5910512549438274,4.582043904929522,5.427669098963806,10,0.10234334225465087,0.10523739302153294,0.027061046388488136,0.1776256381208136,10,0.0171875,0.0214112549907234,0.0018708108765087064,0.032504189123491296,10,0.17945779628359237,0.09218202449719072,0.11351474845154065,0.2454008441156441,10,0.45888465693043756,0.02366270345321652,0.44195737860082496,0.47581193526005017,10,5.316650273008973,0.5601759054836098,4.915924570453001,5.717375975564945,10
{},discounted_ucb,63,5.13954771931887,0.6217168454177149,4.694798280380022,5.584297158257717,10,0.06295261819463746,0.055169308584345655,0.023486872300223983,0.10241836408905095,10,0.0140625,0.023810686355546794,-0.0029706389207627363,0.03109563892076274,10,0.1486937834891266,0.08459551700890496,0.08817779618115235,0.20920977079710085,10,0.4690598662852247,0.02211480881906314,0.45323988507189605,0.4848798474985534,10,5.544413617228,0.635507182334125,5.089799165540092,5.999028068915908,10
{},thompson,63,4.001510904250665,0.9012288245724642,3.356810640716999,4.646211167784331,10,0.07312459015807615,0.1001805823875231,0.0014597187012276441,0.14478946161492467,10,0.021875,0.02676090120555235,0.0027314045121364303,0.04101859548786357,10,0.15359831064000462,0.08437519193748318,0.09323993439343434,0.2139566868865749,10,0.18144133879126492,0.049231464674364026,0.1462232705445376,0.21665940703799225,10,4.3221105709905405,0.859325702709604,3.7073859950639423,4.936835146917139,10
{},linucb,63,3.69155724767854,0.44648574043197764,3.3721605898352074,4.010953905521872,10,0.04055137191651749,0.04527484856308956,0.008163696329335099,0.07293904750369988,10,0.0125,0.02057126839388698,-0.0022157989105067166,0.027215798910506718,10,0.11911835087276498,0.09732663488732582,0.04949507046951075,0.18874163127601923,10,0.16123834155540093,0.017751001873503727,0.14854003977697808,0.17393664333382378,10,4.033567113997863,0.4151491887047826,3.7365872748424405,4.330546953153286,10
{},sliding_window_linucb,63,3.9738912607938426,0.3488680250273559,3.7243261098120106,4.2234564117756745,10,0.15191609293558297,0.10362177100662798,0.07778954343524931,0.22604264243591665,10,0.0265625,0.020898336091394666,0.011612730953355452,0.04151226904664455,10,0.22124130665540537,0.06979266457010573,0.1713146420678525,0.2711679712429582,10,0.404011747512887,0.019707669717337336,0.38991372987965245,0.4181097651461215,10,4.2775258302801475,0.4618583916884021,3.947132240197181,4.607919420363114,10
{},uncertainty_aware,63,2.0969214549977533,0.47123848315871514,1.7598177517026965,2.43402515829281,10,0.0391932382225849,0.04149548827217404,0.009509154119727033,0.06887732232544277,10,0.0078125,0.01518477055949297,-0.0030500304855817263,0.018675030485581726,10,0.12985394887494467,0.06012717120280889,0.0868415617174721,0.17286633603241724,10,0.9060930995835257,0.19816769910288218,0.7643324674864596,1.0478537316805918,10,2.366581861328457,0.4498598218903088,2.04477153101254,2.688392191644374,10
{},ucb,64,5.095554374491627,0.6052139350985706,4.6626104064184855,5.5284983425647685,10,0.04744547929019713,0.029812586687170385,0.026118839518153747,0.06877211906224051,10,0.0109375,0.01482317653203928,0.0003336382991214089,0.02154136170087859,10,0.146884009320275,0.09925424907685981,0.07588179679445652,0.21788622184609352,10,0.30702852030982797,0.009560406706703597,0.3001894173481303,0.3138676232715256,10,5.470324499917095,0.5602832231565636,5.069522026922641,5.871126972911549,10
{},sliding_window_ucb,64,5.068512003115028,0.5680915924192383,4.662123759244013,5.474900246986044,10,0.06365550116836477,0.03169085418270502,0.04098522977209726,0.08632577256463228,10,0.0171875,0.025989531145572186,-0.0014042905883841147,0.03577929058838412,10,0.1651186837460706,0.08933613172707607,0.1012114649608227,0.22902590253131852,10,0.47789262285487755,0.02539343834284118,0.459727251369537,0.4960579943402181,10,5.378323538181034,0.565190829902924,4.974010374808696,5.782636701553372,10
{},discounted_ucb,64,5.211527100000922,0.6374743114828373,4.755505448891512,5.667548751110331,10,0.07197938068205181,0.05982588250771883,0.029182522473308124,0.1147762388907955,10,0.0140625,0.01719538960335331,0.0017616592960811063,0.026363340703918894,10,0.16992958882855813,0.09550863743916531,0.1016068254549147,0.23825235220220156,10,0.4706320044306378,0.02647281009101586,0.4516944969111118,0.4895695119501638,10,5.610897787482548,0.6544163681666768,5.142756519122708,6.079039055842388,10
{},thompson,64,4.033101710248902,0.8922564645146459,3.3948198864456094,4.671383534052194,10,0.03159080599823711,0.035368203341153794,0.006289917485742865,0.05689169451073135,10,0.01875,0.03359274061791062,-0.00528079899209738,0.04278079899209738,10,0.1444014366916306,0.10167060162327188,0.07167066968443374,0.21713220369882746,10,0.17216430280183284,0.039708958266831046,0.14375822527605248,0.2005703803276132,10,4.363066589108163,0.8550106933466396,3.7514287849287653,4.974704393287561,10
{},linucb,64,3.725697159989535,0.43200821883713314,3.41665709720067,4.034737222778401,10,0.0341399123109945,0.038415879440946425,0.006658847653297984,0.061620976968691024,10,0.0140625,0.018706546870904138,0.0006806425087041521,0.027444357491295847,10,0.12725604210760916,0.10592420973089807,0.05148242716525389,0.20302965704996442,10,0.15877770845284003,0.01984320156810849,0.14458273717417497,0.1729726797315051,10,4.057377737531462,0.3947865569858977,3.774964447600241,4.339791027462684,10
{},sliding_window_linucb,64,4.02464708003325,0.34135035269306685,3.780459747872709,4.268834412193791,10,0.050755819239408625,0.0379071986394507,0.023638642906005765,0.0778729955728115,10,0.0203125,0.03214854033752284,-0.0026851803478916796,0.04331018034789168,10,0.16059016050223457,0.10151839149873973,0.08796827805878311,0.23321204294568604,10,0.3837353120749553,0.05123218716709447,0.34708601317608706,0.42038461097382357,10,4.334670572208371,0.4712957663922457,3.997525890956611,4.671815253460132,10
{},uncertainty_aware,64,2.1233354902839845,0.489398889230204,1.7732406150901354,2.4734303654778333,10,0.02641403528623105,0.04387513684996001,-0.004972346860571342,0.05780041743303345,10,0.0203125,0.03214854033752284,-0.0026851803478916796,0.04331018034789168,10,0.11867339827436987,0.09744004327436379,0.04896899039825103,0.1883778061504887,10,0.6114355457024315,0.20768884043595065,0.46286389939986383,0.7600071920049992,10,2.3818098410288178,0.46997121633920513,2.0456126858048274,2.718006996252808,10
{},ucb,65,5.143435306985878,0.6005421622492763,4.713833323883688,5.573037290088068,10,0.04788093249425148,0.038713562798010054,0.020186917991281708,0.07557494699722125,10,0.0140625,0.02987422999937497,-0.007308236741136927,0.03543323674113693,10,0.13526047189094853,0.10077161104591918,0.06317280400167935,0.2073481397802177,10,0.30589669793430013,0.013119562816148756,0.2965115280702203,0.31528186779837997,10,5.529581340947698,0.5461602733658674,5.1388818176189455,5.92028086427645,10
{},sliding_window_ucb,65,5.150603359660325,0.5994852664574111,4.721757434261756,5.579449285058894,10,0.0820913565452972,0.06358024444426004,0.03660878959766899,0.1275739234929254,10,0.0265625,0.03458741190809165,0.0018201560312832883,0.05130484396871671,10,0.164712871657251,0.11024063957216444,0.08585146881873167,0.2435742744957703,10,0.4702087931860344,0.014959343799552677,0.4595075232899706,0.48091006308209827,10,5.46703277897794,0.5886720431041101,5.045922167581149,5.88814339037473,10
{},discounted_ucb,65,5.292524458077851,0.660940664453033,4.8197159893128525,5.76533292684285,10,0.08099735807692919,0.08720927230693783,0.018611602865943523,0.14338311328791487,10,0.01875,0.02927806108865666,-0.002194263193719039,0.039694263193719034,10,0.17368007674088587,0.10112117591827527,0.10134234520608583,0.24601780827568592,10,0.47227244025836185,0.03142783691575095,0.4497903200804041,0.4947545604363196,10,5.708574233363089,0.6797709091396563,5.222295419020064,6.194853047706115,10
{},thompson,65,4.10613102627826,0.8765810773420816,3.4790626989429025,4.733199353613617,10,0.07302931602935706,0.039044268361947174,0.04509872901737609,0.10095990304133802,10,0.021875,0.03227486121839514,-0.0012130448623942115,0.044963044862394205,10,0.16938286085445003,0.09763311468051468,0.09954033801459228,0.2392253836943078,10,0.1559547739838805,0.03464629115253228,0.1311703103410338,0.1807392376267272,10,4.456445819102266,0.8328163435501458,3.860684896323711,5.05220674188082,10
{},linucb,65,3.7861502900111788,0.39816763250703796,3.501318324356242,4.070982255666116,10,0.06045313002164352,0.05156444403198805,0.023566148879911625,0.09734011116337542,10,0.021875,0.03310468454598063,-0.0018066647105327224,0.04555666471053272,10,0.1473666920569941,0.116535618598668,0.06400213249881372,0.2307312516151745,10,0.15276888207236622,0.020190879041916163,0.13832519731175624,0.1672125668329762,10,4.12874079872811,0.348240445397038,3.8796245911688834,4.3778570062873365,10
{},sliding_window_linucb,65,4.09019225550715,0.33413490586009165,3.8511665430683695,4.32921796794593,10,0.065545175473899,0.07509329118218662,0.011826671033328483,0.11926367991446951,10,0.0125,0.014358384116760648,0.002228630763241979,0.022771369236758023,10,0.1555577936196783,0.1106759958294122,0.07638495567597157,0.23473063156338503,10,0.35322756319859805,0.0340129950496926,0.3288961322964532,0.3775589941007429,10,4.4142247349677035,0.4581336910697545,4.086495635195026,4.741953834740381,10
{},uncertainty_aware,65,2.178778570656452,0.5224364577583254,1.8050500426589484,2.552507098653956,10,0.05544308037246781,0.07025920854173932,0.005182670332859622,0.105703490412076,10,0.0203125,0.025568620226319953,0.0020218109445088693,0.038603189055491136,10,0.14689699119268598,0.11564179725334724,0.06417183290660058,0.22962214947877138,10,0.5640848442210181,0.15703039406270325,0.45175206737819296,0.6764176210638433,10,2.452703201361158,0.5062102344508084,2.0905822142647956,2.8148241884575205,10
{},ucb,66,5.202931809057268,0.5907541937369419,4.780331716825972,5.625531901288563,10,0.05949650207138961,0.034800284333825676,0.03460187834282957,0.08439112579994965,10,0.015625,0.03897559777889522,-0.012256463036156504,0.043506463036156504,10,0.1353303487926234,0.10375819946039777,0.0611062042557122,0.2095544933295346,10,0.3070400252253207,0.012706062276963302,0.29795065582757707,0.31612939462306433,10,5.586564423676567,0.5389945157234353,5.200990974563966,5.972137872789167,10
{},sliding_window_ucb,66,5.2318906721556155,0.6455078324177876,4.770122186365987,5.693659157945244,10,0.08128731249528973,0.055827191128232326,0.04135094577977774,0.12122367921080171,10,0.021875,0.04431676538788051,-0.009827304171285363,0.05357730417128536,10,0.1687786922619931,0.09717852068126442,0.09926136637891987,0.23829601814506635,10,0.4691336763431493,0.03148145417572173,0.44661320068799126,0.4916541519983073,10,5.557464205176179,0.6306280983777681,5.106340039891348,6.008588370461009,10
{},discounted_ucb,66,5.37082374494148,0.6731409732834525,4.889287700999449,5.85235978888351,10,0.07829928686362805,0.06402873927731054,0.03249588603987708,0.12410268768737903,10,0.021875,0.04431676538788051,-0.009827304171285363,0.05357730417128536,10,0.1611379712933133,0.10589514468916521,0.08538514822928449,0.23689079435734212,10,0.47474647257370534,0.020308604382340327,0.46021857217781315,0.4892743729695975,10,5.791364938592647,0.69785745557262,5.292147788353322,6.290582088831972,10
{},thompson,66,4.180514389924056,0.8551975696578102,3.5687429024848973,4.7922858773632155,10,0.07438336364579641,0.05125032853010456,0.03772108719761486,0.11104564009397797,10,0.025,0.03980202744696417,-0.0034726552065232792,0.05347265520652328,10,0.16444003844411564,0.1112495416323905,0.08485691054934777,0.24402316633888352,10,0.15931170491731894,0.043762649929833294,0.12800579106566257,0.19061761876897532,10,4.542538591482627,0.7980861238231355,3.9716221712322817,5.113455011732972,10
{},linucb,66,3.8158523708806578,0.3972345614561791,3.5316878840457306,4.100016857715585,10,0.029702080869478703,0.03836685719670951,0.0022560846127441143,0.057148077126213295,10,0.021875,0.04431676538788051,-0.009827304171285363,0.05357730417128536,10,0.11756367761086642,0.09820825350656648,0.04730972523989048,0.18781762998184237,10,0.15315892767525113,0.024070410349025094,0.13593999340210283,0.17037786194839943,10,4.167957210275222,0.33481809180283595,3.928442776054225,4.407471644496218,10
{},sliding_window_linucb,66,4.14577086036519,0.3126286576412561,3.9221297911116535,4.369411929618727,10,0.055578604858040656,0.03991248314580393,0.02702693440454659,0.08413027531153472,10,0.0171875,0.025989531145572186,-0.0014042905883841147,0.03577929058838412,10,0.1433614225816572,0.07164907928077918,0.09210675891044573,0.1946160862528687,10,0.3345278058741307,0.03004954160870338,0.3130316587625608,0.35602395298570066,10,4.479238891485607,0.44428530870852434,4.161416327671803,4.797061455299411,10
{},uncertainty_aware,66,2.201263361945034,0.5335536987721701,1.8195820388127395,2.582944685077328,10,0.02248479128858153,0.03628032228222559,-0.003468587807491194,0.048438170384654256,10,0.0171875,0.038590903235088965,-0.010418769137548661,0.044793769137548664,10,0.11460210800548909,0.09418331716690806,0.047227421641251224,0.18197679436972697,10,0.6167935802940991,0.20252089064801385,0.471918862562133,0.7616682980260653,10,2.488958043302893,0.5314538029589392,2.1087788951424495,2.8691371914633366,10
{},ucb,67,5.285319259837261,0.5850499154277409,4.8667997624881325,5.70383875718639,10,0.08238745077999417,0.0832758330162423,0.02281550852989342,0.14195939303009492,10,0.0234375,0.053242313281929354,-0.014649756497022881,0.06152475649702288,10,0.14593123509409814,0.11098060599905549,0.0665404921619028,0.22532197802629347,10,0.3041977267054062,0.01228857697034768,0.2954070083048987,0.31298844510591367,10,5.6686262905900175,0.529217755370194,5.290046714514301,6.047205866665734,10
{},sliding_window_ucb,67,5.2617055167108715,0.6511997278207718,4.795865294236555,5.727545739185188,10,0.0298148445552558,0.0378489649458306,0.002739326096745282,0.05689036301376632,10,0.01875,0.04874732898665663,-0.01612173843909041,0.053621738439090405,10,0.10793209713838434,0.10342632054625871,0.03394536447465443,0.18191882980211424,10,0.4596296933809293,0.029393938667746894,0.43860253636075885,0.48065685040109973,10,5.601526934133916,0.6580702337572837,5.130771847790282,6.07228202047755,10
{},discounted_ucb,67,5.440785595011085,0.7001878501682312,4.939901380904112,5.941669809118058,10,0.06996185006960623,0.04592865632282017,0.03710646858631179,0.10281723155290068,10,0.0234375,0.049547649975105336,-0.012006753585184604,0.058881753585184604,10,0.15544459072864597,0.09781669026557215,0.0854707458262465,0.22541843563104544,10,0.46426711165976703,0.026020698748134785,0.4456530251116467,0.4828811982078874,10,5.882940161140647,0.7123136397397638,5.373381679723116,6.392498642558178,10
{},thompson,67,4.2337454834196615,0.860332802860003,3.6183004714454534,4.84919049539387,10,0.053231093495606306,0.05465944343262707,0.014130083158597519,0.09233210383261509,10,0.025,0.05321683239352001,-0.013069028567528534,0.06306902856752854,10,0.1333761839891197,0.122247452015018,0.04592562495069838,0.22082674302754104,10,0.15682596791241432,0.030966316713036596,0.13467399939872143,0.1789779364261072,10,4.612045407291101,0.807598726143358,4.034324081277063,5.189766733305138,10
{},linucb,67,3.892071588202716,0.4051769144092748,3.602225484332995,4.181917692072437,10,0.07621921732205829,0.08903350692282949,0.01252848328045153,0.13990995136366505,10,0.025,0.04896941363976316,-0.010030608229404187,0.06003060822940419,10,0.1421882741945976,0.12630860809715827,0.051832539106520664,0.23254400928267452,10,0.15124618976164134,0.024058248055086672,0.13403595586945455,0.16845642365382812,10,4.246276116289172,0.32858728022777683,4.011218936158306,4.481333296420038,10
{},sliding_window_linucb,67,4.225543032864321,0.33934056828055664,3.982793413862817,4.468292651865825,10,0.07977217249913145,0.0924850616877289,0.013612344920056946,0.14593200007820595,10,0.025,0.04784868365773272,-0.009228886297010526,0.05922888629701053,10,0.1542862162251407,0.12860146482577858,0.06229027024180338,0.24628216220847798,10,0.3246141387540729,0.04735893226400143,0.29073559949878547,0.35849267800936035,10,4.5696557395301,0.45969917572611757,4.240806759497275,4.898504719562926,10
{},uncertainty_aware,67,2.2551477279023295,0.565322661070999,1.8507402581934846,2.6595551976111746,10,0.05388436595729551,0.07445008536956275,0.0006259832367573256,0.10714274867783369,10,0.021875,0.048412291827592706,-0.012757067293591315,0.05650706729359131,10,0.12592608234852987,0.12262826460654451,0.038203106392872735,0.213649058304187,10,0.5559959365676346,0.16966513816290638,0.43462480827733363,0.6773670648579355,10,2.5510147574707753,0.5813717230280943,2.1351264804562877,2.966903034485263,10
{},ucb,68,5.363704142006445,0.5858509440489704,4.944611623301226,5.782796660711664,10,0.07838488216918346,0.06372099962829096,0.03280162502860507,0.12396813930976186,10,0.028125,0.04818763960925157,-0.006346360777755387,0.06259636077775539,10,0.17492609877611187,0.10396581018277347,0.10055343847519199,0.24929875907703175,10,0.2989082493166659,0.012068947449758397,0.29027464441047085,0.3075418542228609,10,5.764600362996708,0.5324272813115325,5.3837248303739065,6.1454758956195095,10
{},sliding_window_ucb,68,5.376156075494654,0.6591853732578675,4.904603266408137,5.847708884581171,10,0.1144505587837827,0.08006780896250011,0.05717349869510314,0.17172761887246227,10,0.028125,0.037413093741808276,0.0013612850174083042,0.054888714982591694,10,0.20920226439196737,0.08412090609487932,0.1490257932789988,0.26937873550493596,10,0.47532743311100906,0.02963113822131777,0.45413059375209436,0.49652427246992376,10,5.73177717215646,0.6940776571189791,5.235263926844191,6.228290417468728,10
{},discounted_ucb,68,5.515224527721697,0.7073044692955189,5.00924939097473,6.021199664468664,10,0.07443893271061333,0.07745564877352266,0.019030499452666598,0.12984736596856006,10,0.025,0.04841229182759271,-0.009632067293591319,0.05963206729359132,10,0.17888747224918905,0.09513704935429664,0.1108305269782394,0.24694441752013868,10,0.4526108822608599,0.01963223196159674,0.43856682954716664,0.4666549349745531,10,5.9828756070204125,0.7364167097869576,5.456074827989101,6.509676386051724,10
{},thompson,68,4.2760532512435,0.8665312217044535,3.6561741575427056,4.895932344944294,10,0.042307767823837994,0.05304517222087224,0.0043615375462961875,0.0802539981013798,10,0.01875,0.038836149754806766,-0.009031707929098395,0.046531707929098394,10,0.14639052929123939,0.10381871620880377,0.07212309368042799,0.22065796490205078,10,0.15750943732730135,0.04844614389322807,0.12285315372477582,0.1921657209298269,10,4.679483910212918,0.8208053601957045,4.092315127324674,5.266652693101162,10
{},linucb,68,3.92700323848252,0.41593520686051805,3.62946111581116,4.22454536115388,10,0.03493165027980409,0.0417677705936745,0.005052787137882327,0.06481051342172586,10,0.021875,0.03911454865733039,-0.006105862506638249,0.049855862506638246,10,0.147100307558578,0.07603408975124501,0.09270879636448762,0.2014918187526684,10,0.1480822148724185,0.023205285491436963,0.13148215364068802,0.16468227610414896,10,4.314424397478328,0.35972970533740417,4.057089268476066,4.571759526480591,10
{},sliding_window_linucb,68,4.30613313549904,0.34891111321972507,4.056537161081231,4.55572910991685,10,0.08059010263471769,0.08741403180281335,0.018057871304290776,0.14312233396514462,10,0.0296875,0.04684605587868512,-0.003824149591133079,0.06319914959113307,10,0.1817558735503511,0.092035377882602,0.11591773038678524,0.24759401671391698,10,0.30524367689493404,0.04129935647512262,0.2756998970275808,0.33478745676228727,10,4.672459586711029,0.4871287204421963,4.323988692437441,5.020930480984617,10
{},uncertainty_aware,68,2.333323462482962,0.5948422299175071,1.9077989653379694,2.7588479596279547,10,0.07817573458063264,0.08360452576472877,0.01836865970295381,0.13798280945831146,10,0.0375,0.048412291827592706,0.002867932706408685,0.07213206729359131,10,0.1807172439615216,0.10166604707976158,0.10798973507847845,0.2534447528445648,10,0.5488109175751513,0.17086177339051217,0.42658376801083364,0.671038067139469,10,2.652779975062875,0.6227245594367931,2.2073096609412186,3.0982502891845316,10
{},ucb,69,5.4407718535662015,0.5935396961199806,5.016179132968553,5.86536457416385,10,0.077067711559756,0.07285887490423928,0.02494761223446787,0.12918781088504414,10,0.01875,0.021850184336878156,0.0031193197374959555,0.03438068026250404,10,0.1793503719018982,0.09515164568745506,0.11128298504322158,0.2474177587605748,10,0.3023064931913312,0.01989249490605363,0.28807625958294786,0.3165367267997145,10,5.861904831304296,0.5260376983358621,5.485600130989526,6.2382095316190656,10
{},sliding_window_ucb,69,5.45281082937361,0.7293994731207215,4.931029879052446,5.974591779694775,10,0.07665475387895651,0.0832477094631789,0.0171029300067606,0.1362065777511524,10,0.028125,0.03952847075210474,-0.00015196453567624044,0.05640196453567624,10,0.17388705287626,0.11543951436462234,0.09130659905158722,0.25646750670093277,10,0.46838863989265767,0.026509187142492313,0.4494251097981385,0.48735216998717684,10,5.823618321438411,0.7362240244099151,5.29695538122225,6.350281261654572,10
{},discounted_ucb,69,5.612379736750837,0.7221045184365872,5.09581728264184,6.128942190859834,10,0.09715520902913821,0.07255673004766024,0.04525125111361276,0.14905916694466367,10,0.025,0.0384147685720537,-0.0024802699899624525,0.052480269989962455,10,0.19115283516190656,0.08922935337607192,0.1273220010074595,0.25498366931635363,10,0.4683921031480784,0.031283796086039456,0.4460130235723991,0.4907711827237577,10,6.091982538588009,0.7477487428971284,5.557075311412448,6.626889765763569,10
{},thompson,69,4.388022646047446,0.8877622904901048,3.7529557606693227,5.023089531425569,10,0.11196939480394555,0.07578512719396217,0.057755980694539966,0.16618280891335113,10,0.0296875,0.041958612627339235,-0.0003278833086566915,0.05970288330865669,10,0.20294155775394018,0.10043212029727207,0.13109674691623488,0.2747863685916455,10,0.16774194219887056,0.033235618961911656,0.14396661264967003,0.1915172717480711,10,4.800379564372548,0.82776603792306,4.208231412601681,5.392527716143415,10
{},linucb,69,4.000844315798145,0.43545661030162003,3.6893374223606075,4.312351209235682,10,0.07384107731562485,0.07912214566468573,0.01724050399777652,0.13044165063347318,10,0.0234375,0.042472672995573155,-0.0069456199431677315,0.05382061994316773,10,0.17076143213485287,0.10744691430822433,0.09389853995732722,0.24762432431237852,10,0.14858708813024235,0.02316468904077613,0.13201606784985073,0.16515810841063397,10,4.403139926018871,0.38766990719609556,4.125817580662285,4.680462271375457,10
{},sliding_window_linucb,69,4.409402730354259,0.34859689372394986,4.160031535022748,4.65877392568577,10,0.1032695948552188,0.08670899443996528,0.04124171687128506,0.16529747283915255,10,0.028125,0.037413093741808276,0.0013612850174083042,0.054888714982591694,10,0.2014566559201539,0.09793793586362573,0.13139607714186613,0.2715172346984417,10,0.3376935471584265,0.06369905942095565,0.29212598509668425,0.3832611092201687,10,4.791870339036874,0.4717415426821712,4.45440676863759,5.129333909436159,10
{},uncertainty_aware,69,2.372020210133314,0.6152127653825048,1.9319235097647547,2.812116910501873,10,0.03869674765035193,0.05594580447838511,-0.0013244699443342584,0.07871796524503812,10,0.021875,0.03770200223094553,-0.0050953876654946904,0.04884538766549469,10,0.1475806866418733,0.1025967875301386,0.07418736614997024,0.22097400713377635,10,0.4787457090877895,0.08612375315440009,0.41713648749915433,0.5403549306764247,10,2.7183147581104383,0.6456457698467053,2.2564475978284393,3.1801819183924374,10
{},ucb,70,5.5160638612953745,0.6020340419766971,5.08539465172727,5.946733070863479,10,0.07529200772917362,0.07246088487629886,0.023456613318887175,0.12712740213946006,10,0.0140625,0.015537951968933645,0.0029473187541081917,0.025177681245891807,10,0.1769541220307247,0.0923382282315749,0.11089933277854008,0.2430089112829093,10,0.3093292696826123,0.019275466262732455,0.2955404317754214,0.32311810758980325,10,5.936455748664568,0.5257381463316417,5.56036533494472,6.312546162384416,10
{},sliding_window_ucb,70,5.5444306816504785,0.6930245700924996,5.048670769415208,6.0401905938857485,10,0.09161985227686795,0.08702677022528917,0.029364651190346903,0.153875053363389,10,0.025,0.038414768572053705,-0.0024802699899624595,0.05248026998996246,10,0.19214974468081947,0.0898311114528594,0.12788843873040823,0.2564110506312307,10,0.46582345014878906,0.02969407237323416,0.44458159040967843,0.4870653098878997,10,5.913364861448777,0.7136509065093553,5.40284975701247,6.423879965885083,10
{},discounted_ucb,70,5.761010406323299,0.7555645886391078,5.2205120599200745,6.301508752726524,10,0.14863066957246235,0.0759823788508467,0.09427615012808677,0.20298518901683793,10,0.0375,0.05060399083954634,0.0013000856823598347,0.07369991431764017,10,0.22201451058268384,0.09324062141420855,0.15531418813538544,0.28871483302998224,10,0.4835158269221996,0.03002766067567266,0.46203533248718265,0.5049963213572165,10,6.21159384450024,0.7862028224963723,5.649178225919935,6.774009463080545,10
{},thompson,70,4.450607511278831,0.8830663278425881,3.8188999152108716,5.08231510734679,10,0.06258486523138436,0.06859237394614451,0.0135168368308752,0.11165289363189351,10,0.0234375,0.047877021642839156,-0.010811658070358214,0.057686658070358214,10,0.15456389727922948,0.11828081972219555,0.06995089604499505,0.2391768985134639,10,0.15092645506758987,0.02483783070283052,0.13315854134455082,0.1686943687906289,10,4.8525402569813245,0.8469710019169063,4.246653701588202,5.458426812374447,10
{},linucb,70,4.040949390586919,0.44627497333192834,3.7217035064441615,4.360195274729676,10,0.04010507478877447,0.05974624548706448,-0.002634814527271802,0.08284496410482073,10,0.0234375,0.03914920931867945,-0.004568157250100419,0.051443157250100416,10,0.14717866186380058,0.09481208204687178,0.07935418420043774,0.2150031395271634,10,0.15038027001611703,0.028052169251888328,0.13031295701382495,0.17044758301840912,10,4.447915383212218,0.41054159034283216,4.154231621365037,4.741599145059398,10
{},sliding_window_linucb,70,4.479801852030802,0.3730053857994669,4.212969873328308,4.746633830733296,10,0.07039912167654298,0.07061934969867704,0.019881082173188763,0.1209171611798972,10,0.028125,0.04762137271109358,-0.005941277841525473,0.06219127784152548,10,0.17206123597809403,0.11104543510822751,0.09262411709494342,0.2514983548612446,10,0.2965634543443751,0.0390644235293507,0.26861844919420064,0.32450845949454954,10,4.861528370344514,0.5021240957195964,4.5023304308083505,5.2207263098806775,10
{},uncertainty_aware,70,2.407069225399935,0.6106090961100225,1.9702657916383326,2.8438726591615375,10,0.035049015266620964,0.05953933780672458,-0.007542861211392131,0.07764089174463407,10,0.0171875,0.018706546870904138,0.003805642508704153,0.03056935749129585,10,0.12952361046481628,0.09413896000934156,0.06218065529957363,0.19686656563005894,10,0.46433021027277743,0.09451076670959549,0.3967212806168154,0.5319391399287394,10,2.7454351639048022,0.6527686127373177,2.278472628770734,3.2123976990388705,10
{},ucb,71,5.587767647019749,0.5892211670106248,5.16626421604419,6.009271077995309,10,0.0717037857243749,0.06854826617526846,0.022667310122369666,0.12074026132638013,10,0.01875,0.02927806108865666,-0.002194263193719039,0.039694263193719034,10,0.15301215221416772,0.10714174445814868,0.0763675653963931,0.22965673903194234,10,0.31111121929977864,0.023564258435220684,0.29425436429364954,0.32796807430590774,10,6.008126531195267,0.4981961532634524,5.651738472421431,6.364514589969104,10
{},sliding_window_ucb,71,5.58440032748294,0.6953676522401253,5.086964275252068,6.0818363797138115,10,0.03996964583246117,0.036202112041978846,0.014072214971867954,0.06586707669305439,10,0.009375,0.01976423537605237,-0.004763482267838121,0.023513482267838122,10,0.13193749079141154,0.094822128406745,0.06410582639513335,0.19976915518768973,10,0.4569279304785038,0.030313078732622147,0.43524326026535426,0.4786126006916533,10,5.96396098255672,0.693862425175946,5.467601704901289,6.460320260212151,10
{},discounted_ucb,71,5.848403680713226,0.7341842145885562,5.323199932539676,6.373607428886775,10,0.08739327438992625,0.08143444378514761,0.02913858264290165,0.14564796613695086,10,0.0140625,0.020104436526686233,-0.0003193475103692323,0.028444347510369235,10,0.16991448212628288,0.09677665462342011,0.10068463390297089,0.23914433034959487,10,0.4543276976907852,0.0242493036871541,0.43698079083277097,0.4716746045487994,10,6.300166956943056,0.7547923784103677,5.760221016459836,6.840112897426277,10
{},thompson,71,4.493249927445349,0.88335644607986,3.861334793292804,5.125165061597893,10,0.04264241616651829,0.04611202896458706,0.009655857797566572,0.07562897453547,10,0.0171875,0.023810686355546794,0.00015436107923726475,0.03422063892076274,10,0.1236374534997603,0.0899446627070532,0.05929491787547789,0.1879799891240427,10,0.13887274655897736,0.025104113930759123,0.12091434528989073,0.15683114782806398,10,4.894836340797617,0.8314106359799365,4.300081000637212,5.489591680958023,10
{},linucb,71,4.109500297160421,0.4707488164066533,3.772746880358085,4.446253713962758,10,0.06855090657350131,0.07789004523084715,0.012831724809870632,0.12427008833713199,10,0.015625,0.02209708691207961,-0.00018230372478071286,0.031432303724780716,10,0.15732351327569583,0.10210232424741793,0.08428391050784467,0.23036311604354698,10,0.14867579068198059,0.022746387393679908,0.13240400537362554,0.16494757599033563,10,4.523897526804447,0.41736021115281224,4.225336017471531,4.822459036137363,10
{},sliding_window_linucb,71,4.540815390722424,0.38700036430574014,4.263972007496309,4.817658773948538,10,0.061013538691623216,0.07476263581347782,0.007531570852560662,0.11449550653068577,10,0.01875,0.027362344867841035,-0.0008238423652446973,0.03832384236524469,10,0.1385053476513573,0.09345661167263757,0.07165051508106551,0.2053601802216491,10,0.30404486676871817,0.03916110278178937,0.27603070144764597,0.3320590320897904,10,4.918692348312403,0.4980503860997993,4.562408565085752,5.274976131539054,10
{},uncertainty_aware,71,2.4493784720678344,0.600306611794518,2.0199449916101644,2.8788119525255045,10,0.042309246667899585,0.07896464998507098,-0.014178661027873012,0.09879715436367217,10,0.0171875,0.022642776165921,0.0009898336989602255,0.03338516630103978,10,0.12330672742198305,0.10733526629700157,0.046523703420325455,0.20008975142364066,10,0.44967245955061985,0.10313861146370203,0.37589154156601245,0.5234533775352272,10,2.787400521643317,0.6325992117317095,2.3348663068082582,3.2399347364783755,10
{},ucb,72,5.670575434201739,0.5793888509995181,5.256105618386584,6.0850452500168934,10,0.08280778718198892,0.09264922611501267,0.016530523446139353,0.14908505091783847,10,0.015625,0.01948779888944761,0.0016842684819217482,0.029565731518078252,10,0.170903412369816,0.09088165626190838,0.10589059193520137,0.2359162328044306,10,0.29308522268144455,0.017555738490795378,0.28052660391232875,0.30564384145056034,10,6.102093897466387,0.5116896491517244,5.736053173222951,6.468134621709824,10
{},sliding_window_ucb,72,5.714716959920472,0.6691514828218426,5.236034825531529,6.193399094309415,10,0.13031663243753266,0.09875044419565703,0.059674820212753235,0.2009584446623121,10,0.021875,0.02109214242845478,0.006786590251715194,0.036963409748284805,10,0.20395902686993309,0.08007128177931172,0.1466794824777641,0.26123857126210204,10,0.47458239666051744,0.024493142067858662,0.4570610583329212,0.49210373498811366,10,6.090983963327956,0.6687585483484698,5.61258291732814,6.569385009327771,10
{},discounted_ucb,72,5.926112139703133,0.705243697291243,5.421611190441093,6.430613088965174,10,0.07770845898990762,0.05918749510386098,0.03536827561920961,0.12004864236060564,10,0.0078125,0.011048543456039806,-9.115186239035643e-05,0.015716151862390358,10,0.15156472247447725,0.09157105252952552,0.08605873765886012,0.21707070729009437,10,0.4628865441782253,0.024111558161571785,0.44563817453320537,0.4801349138232452,10,6.374795633318836,0.7293962930940098,5.853016957851741,6.896574308785931,10
{},thompson,72,4.57888279025841,0.8602562361855085,3.96349255078357,5.19427302973325,10,0.08563286281306205,0.06569736168594541,0.038635801425807234,0.13262992420031688,10,0.025,0.027756067905154645,0.005144505140966309,0.044855494859033694,10,0.16392083449117367,0.10749555099790899,0.08702314972179769,0.24081851926054965,10,0.16178396864336508,0.03825670814947247,0.13441676826825955,0.18915116901847062,10,4.981821129190094,0.8175432843890555,4.396985894757994,5.566656363622195,10
{},linucb,72,4.175493246597743,0.4730902038625752,3.837064902109218,4.513921591086268,10,0.06599294943732104,0.0681550284753806,0.017237779139625563,0.1147481197350165,10,0.0125,0.017738944131173336,-0.00018967618917617966,0.025189676189176183,10,0.13954814850085703,0.09749474598994025,0.06980460865937425,0.2092916883423398,10,0.1472688390608839,0.022011261496094,0.1315229311401378,0.16301474698163,10,4.586509629206606,0.4091988416898014,4.293786411881378,4.879232846531835,10
{},sliding_window_linucb,72,4.589409020551584,0.41107126610054495,4.295346351493189,4.88347168960998,10,0.048593629829159775,0.04263999360009759,0.018090815936031342,0.0790964437222882,10,0.015625,0.02209708691207961,-0.00018230372478071286,0.031432303724780716,10,0.1351689189894288,0.09967905874459856,0.06386281593406276,0.20647502204479481,10,0.30499329405022396,0.07996793203261,0.2477876816130902,0.36219890648735775,10,4.976925221203135,0.5281216289423413,4.59912976673742,5.354720675668851,10
{},uncertainty_aware,72,2.467965108929163,0.5991661293973355,2.0393474804304756,2.8965827374278503,10,0.01858663686132812,0.04119384342390859,-0.010881663516167255,0.048054937238823495,10,0.0140625,0.021411254990723404,-0.001254189123491298,0.0293791891234913,10,0.09907960091397898,0.08458435337939019,0.03857159958547403,0.15958760224248392,10,0.4650871684674298,0.09728831021823121,0.39549130388088216,0.5346830330539775,10,2.8095440764586,0.6387038702217471,2.352642852013993,3.2664453009032073,10
{},ucb,73,5.7267056410354655,0.5976382371572043,5.299181000802362,6.154230281268569,10,0.056130206833725896,0.03891915836070876,0.028289118125139043,0.08397129554231275,10,0.00625,0.01976423537605237,-0.00788848226783812,0.02038848226783812,10,0.10796212231213871,0.06550998941471159,0.06109909897310173,0.1548251456511757,10,0.29854991393995817,0.014385850102838828,0.28825889672037935,0.308840931159537,10,6.163488524648232,0.5258191878357111,5.787340137328775,6.539636911967688,10
{},sliding_window_ucb,73,5.793744014206578,0.7251560411453546,5.274998632254084,6.312489396159073,10,0.07902705428610599,0.0682308483519333,0.03021764571610735,0.12783646285610462,10,0.009375,0.01976423537605237,-0.004763482267838121,0.023513482267838122,10,0.13148091750134694,0.0741107056160739,0.07846531243121962,0.18449652257147425,10,0.4674952907208464,0.03766717824880917,0.440549814631467,0.4944407668102258,10,6.175897385699009,0.7202209905159203,5.6606823262956825,6.691112445102335,10
{},discounted_ucb,73,6.025900374558715,0.7276523802949458,5.505369219155871,6.546431529961558,10,0.09978823485558179,0.06262800491783278,0.05498685902933839,0.1445896106818252,10,0.015625,0.02551551815399144,-0.0026277021213286372,0.03387770212132864,10,0.14916813053597144,0.08676528862649742,0.08709998211693494,0.21123627895500796,10,0.48079144526080003,0.030926746117709836,0.45866778384574824,0.5029151066758518,10,6.4773962687245135,0.7503813748309645,5.940605770114158,7.014186767334869,10
{},thompson,73,4.64003869745833,0.9008631245470266,3.9956000399633806,5.284477354953279,10,0.061155907199919146,0.06999376700607095,0.01108538259598748,0.1112264318038508,10,0.0109375,0.019557274328665195,-0.0030529312533191244,0.024927931253319123,10,0.11715038670200235,0.09167923028775599,0.05156701617996072,0.182733757224044,10,0.15641407814174835,0.04203886933051923,0.12634128264622,0.1864868736372767,10,5.052404020761802,0.8515971400470586,4.443208125509219,5.661599916014385,10
{},linucb,73,4.2283261349924235,0.4895178787803262,3.878146139802154,4.578506130182693,10,0.05283288839468251,0.07143757737671631,0.0017295240711720922,0.10393625271819293,10,0.00625,0.015095184110614,-0.004548444200693183,0.017048444200693184,10,0.09139268193860922,0.09437706671421518,0.023879395497673095,0.15890596837954535,10,0.13790756438051452,0.023292606662326906,0.12124503734614894,0.1545700914148801,10,4.631334816014922,0.4137378182502898,4.335364610461029,4.927305021568816,10
{},sliding_window_linucb,73,4.626364462955398,0.4243161226624381,4.322826994286627,4.929901931624169,10,0.036955442403813855,0.058152271675962854,-0.004644186738496314,0.07855507154612403,10,0.00625,0.015095184110614,-0.004548444200693183,0.017048444200693184,10,0.0925635274630687,0.09335261994096461,0.02578308609619484,0.15934396882994256,10,0.2841927285509507,0.04213016675162274,0.254054622814737,0.31433083428716435,10,5.022921253535911,0.5440625496263113,4.633722351371105,5.412120155700716,10
{},uncertainty_aware,73,2.4917345940270312,0.6045641238663166,2.0592554729064716,2.924213715147591,10,0.023769485097868352,0.03836204501617401,-0.0036730687322873053,0.051212038928024006,10,0.0046875,0.007547592055306998,-0.000711722100346591,0.010086722100346592,10,0.07813606784612895,0.07062562824121182,0.02761353694401293,0.12865859874824498,10,0.4425856227626907,0.1050721538282345,0.367421531894594,0.5177497136307875,10,2.8411126491744345,0.6510461226080527,2.3753823092498325,3.3068429890990365,10
{},ucb,74,5.792142568678042,0.6143507168012096,5.35266254071541,6.2316225966406735,10,0.06543692764257658,0.07007230714085202,0.015310218810832013,0.11556363647432115,10,0.0125,0.016137430609197572,0.0009559775688028922,0.02404402243119711,10,0.13288668188711256,0.09273122706480981,0.066550758205528,0.19922260556869711,10,0.29335040481133895,0.011891139058106914,0.2848439963660545,0.3018568132566234,10,6.248384879172735,0.5479233382555424,5.856424135199448,6.640345623146023,10
{},sliding_window_ucb,74,5.843119718613472,0.7172680284812726,5.330017080994752,6.356222356232191,10,0.04937570440689347,0.07536926854688705,-0.004540222347411957,0.1032916311611989,10,0.0125,0.03439077920670662,-0.012101681407837787,0.03710168140783779,10,0.1259051602633255,0.08629109029193516,0.06417623289772628,0.1876340876289247,10,0.47095382963652616,0.022563541580265804,0.454812844343528,0.48709481492952433,10,6.253812218599725,0.7189156491885822,5.739530944129582,6.768093493069868,10
{},discounted_ucb,74,6.125048795743118,0.7877751824631479,5.56150837860188,6.688589212884356,10,0.09914842118440312,0.08619501940864079,0.03748821878863293,0.1608086235801733,10,0.0109375,0.012863634411696322,0.0017354102874837796,0.02013958971251622,10,0.1682741086573403,0.09309273364975772,0.10167957874365299,0.2348686385710276,10,0.4519727550753071,0.022538866816832516,0.4358494210447345,0.4680960891058797,10,6.597680050019244,0.8035843880689703,6.022830408469693,7.172529691568796,10
{},thompson,74,4.702721997340965,0.8975282968763213,4.060668931850535,5.344775062831395,10,0.06268329988263545,0.09257759312061598,-0.0035427206959758317,0.12890932046124673,10,0.009375,0.015095184110613998,-0.001423444200693182,0.020173444200693183,10,0.12462284221166464,0.0893208553084199,0.06072655151800119,0.1885191329053281,10,0.1483731229315543,0.03914875465729027,0.12036779092661852,0.1763784549364901,10,5.129036535610856,0.8489907788658155,4.521705118828775,5.736367952392937,10
{},linucb,74,4.2607656806424625,0.4873090591793288,3.912165779807849,4.609365581477076,10,0.032439545650038606,0.04197934002387177,0.002409334855129213,0.062469756444947996,10,0.0078125,0.01518477055949297,-0.0030500304855817263,0.018675030485581726,10,0.08728501833486005,0.07343059161191826,0.03475593751446485,0.13981409915525525,10,0.13371742856539254,0.02454860798655167,0.11615641230981227,0.1512784448209728,10,4.670629506987173,0.41067246562792187,4.3768521226009796,4.9644068913733665,10
{},sliding_window_linucb,74,4.656656215151733,0.4165185829846618,4.358696770341178,4.954615659962288,10,0.03029175219633475,0.039305978900199046,0.002173948743445387,0.05840955564922411,10,0.0046875,0.010546071214227388,-0.0028567048741424015,0.0122317048741424,10,0.07790091821213083,0.06526714187471364,0.031211617537933653,0.124590218886328,10,0.2535747005790766,0.05251082416761533,0.21601071987163356,0.29113868128651965,10,5.052831844385432,0.5401939422899675,4.666400377195237,5.439263311575627,10
{},uncertainty_aware,74,2.5390663647960405,0.6476832456024278,2.0757416821614014,3.0023910474306796,10,0.0473317707690095,0.0747327183411489,-0.006128795399612856,0.10079233693763184,10,0.009375,0.01679637030895531,-0.00264039949604869,0.02139039949604869,10,0.0959959536714549,0.1019846561467109,0.023040525592059047,0.16895138175085075,10,0.4421907354424245,0.10418162387521206,0.3676636913262118,0.5167177795586372,10,2.88911827548328,0.7087685700596384,2.382095784143637,3.396140766822923,10
{},ucb,75,5.889989006324091,0.6325487572174859,5.437490884474221,6.342487128173961,10,0.09784643764605057,0.08888774151154422,0.03425997789806097,0.16143289739404015,10,0.0203125,0.027609079751455358,0.0005621541318135692,0.04006284586818643,10,0.16128079189255556,0.0983827889910862,0.09090198435738843,0.23165959942772268,10,0.29453721951988776,0.0178253414995999,0.2817857383765484,0.3072887006632271,10,6.334777437739075,0.5530902078599956,5.939120537911901,6.730434337566249,10
{},sliding_window_ucb,75,5.904270956780269,0.7488429424864896,5.368580986371929,6.439960927188609,10,0.06115123816679656,0.07148697330384254,0.01001253812568869,0.11228993820790442,10,0.009375,0.013176156917368247,-5.06548452254129e-05,0.01880065484522541,10,0.1385188219635783,0.09238401475060445,0.07243127900880472,0.20460636491835185,10,0.47770552317888093,0.04285982730385811,0.4470454497275984,0.5083655966301635,10,6.317442807237087,0.7471348494069554,5.7829747330092625,6.851910881464911,10
{},discounted_ucb,75,6.221676985732511,0.8067392129029961,5.644570518450755,6.798783453014267,10,0.09662818998939275,0.06426089631685718,0.05065871402412829,0.14259766595465723,10,0.0140625,0.021411254990723404,-0.001254189123491298,0.0293791891234913,10,0.1632641904634381,0.08615066757236199,0.10163571546004321,0.22489266546683298,10,0.4723485524800147,0.026921486516239653,0.45309008118115074,0.4916070237788787,10,6.6860560071564645,0.8123433431288954,6.1049405866155535,7.267171427697376,10
{},thompson,75,4.772727974213553,0.8653770440246891,4.153674529486716,5.39178141894039,10,0.07000597687258689,0.07876564442717325,0.013660429176986497,0.12635152456818727,10,0.01875,0.023058274605394433,0.0022551040208555265,0.03524489597914447,10,0.14718287435987656,0.08835926488428153,0.08397446401685274,0.2103912847029004,10,0.1341358889320695,0.022656401013533684,0.11792847600219697,0.15034330186194206,10,5.201331176644517,0.8230636867292119,4.612546884274552,5.7901154690144825,10
{},linucb,75,4.32182633867225,0.46633769037810646,3.988228451337619,4.655424226006881,10,0.06106065802978707,0.08221012792572178,0.0022510752759371047,0.11987024078363703,10,0.01875,0.026352313834736494,-0.0001013096904508258,0.03760130969045082,10,0.1245527847893733,0.10502090527627471,0.0494253549268429,0.19968021465190372,10,0.1295801452294794,0.022870940854828728,0.11321925974252679,0.145941030716432,10,4.72029405845033,0.4031593227842853,4.431891252683009,5.008696864217651,10
{},sliding_window_linucb,75,4.740235203396356,0.45901373146707874,4.411876560647904,5.068593846144808,10,0.08357898824462376,0.09156515291622033,0.01807722375812716,0.14908075273112037,10,0.025,0.0391145486573304,-0.0029808625066382495,0.05298086250663825,10,0.15828206185082472,0.10357733164101061,0.08418730235758318,0.23237682134406626,10,0.2901141858280142,0.07589249725338969,0.23582396380510073,0.34440440785092763,10,5.136225672910041,0.6022115317272007,4.705429494823171,5.567021850996911,10
{},uncertainty_aware,75,2.5621111613184153,0.6737576840806669,2.0801339490486,3.0440883735882305,10,0.023044796522374768,0.048587485069707274,-0.011712596466845693,0.05780218951159523,10,0.0171875,0.025989531145572186,-0.0014042905883841147,0.03577929058838412,10,0.10150950274610922,0.0843634463121855,0.041159528813710766,0.16185947667850767,10,0.449854613064869,0.1046732880937248,0.3749758535545159,0.5247333725752221,10,2.9157395449031727,0.7509378245176321,2.3785509861666245,3.452928103639721,10
{},ucb,76,5.9534450112510005,0.6420338402279554,5.4941616697657185,6.412728352736282,10,0.06345600492690766,0.03812474739399233,0.03618320358955428,0.09072880626426104,10,0.0109375,0.02950878223794853,-0.010171811161222545,0.032046811161222544,10,0.1272651012997875,0.08557737753818019,0.06604673328147884,0.18848346931809615,10,0.2874157389532625,0.011195262025961593,0.27940713094864184,0.29542434695788317,10,6.390994823821548,0.5326799269730201,6.009938559380033,6.772051088263063,10
{},sliding_window_ucb,76,5.980798958784769,0.7496853865934533,5.444506340166604,6.517091577402934,10,0.07652800200450141,0.06265166971527854,0.03170969740197637,0.12134630660702644,10,0.0125,0.02057126839388698,-0.0022157989105067166,0.027215798910506718,10,0.14075169481404387,0.08140194676045932,0.0825202500380541,0.19898313959003364,10,0.4676698515765997,0.04164342744969253,0.4378799381614377,0.49745976499176164,10,6.387146786833815,0.7327012912164084,5.863003858135584,6.911289715532047,10
{},discounted_ucb,76,6.341663907429375,0.8311912863024183,5.747065480575609,6.936262334283141,10,0.11998692169686453,0.08311414590876787,0.060530643435704905,0.17944319995802416,10,0.0234375,0.032316858453101185,0.00031941212572640307,0.04655558787427359,10,0.18421061450640702,0.096294514053105,0.1153256688697271,0.25309556014308693,10,0.48186577420807525,0.021092254737166607,0.46677728411897784,0.49695426429717265,10,6.799218906445558,0.826328008702769,6.208099458808439,7.390338354082678,10
{},thompson,76,4.819232193748039,0.8454586161213942,4.214427533978255,5.424036853517824,10,0.0465042195344866,0.054950041908574394,0.007195327570839204,0.085813111498134,10,0.0109375,0.020898336091394666,-0.004012269046644548,0.025887269046644547,10,0.11788300480891109,0.09372895102748742,0.05083335240035505,0.18493265721746713,10,0.14389577799642544,0.03191669265270166,0.121063951491008,0.16672760450184287,10,5.248166466236114,0.786176303290886,4.685769818352595,5.810563114119633,10
{},linucb,76,4.343138879457659,0.4748941334552223,4.003420081477118,4.682857677438201,10,0.0213125407854097,0.03439640661926416,-0.003293166230863967,0.04591824780168337,10,0.003125,0.006588078458684124,-0.001587827422612707,0.007837827422612707,10,0.0850561412192805,0.06114483466806962,0.04131576147396162,0.12879652096459937,10,0.12408903774927249,0.023286236140268136,0.10743106791185641,0.14074700758668857,10,4.734302484452295,0.4131626889465534,4.438743701617665,5.0298612672869245,10
{},sliding_window_linucb,76,4.809993284024634,0.4679954008549205,4.475209542052285,5.144777025996984,10,0.06975808062827818,0.06981667231701615,0.01981424193317572,0.11970191932338065,10,0.01875,0.030190368221227993,-0.002846888401386364,0.040346888401386366,10,0.1465944368763175,0.08601459706076837,0.0850633008530925,0.20812557289954253,10,0.2840567995146187,0.031930948349022326,0.2612147750983886,0.30689882393084883,10,5.211772394569044,0.6030648753678739,4.780365771215638,5.64317901792245,10
{},uncertainty_aware,76,2.5973095133169757,0.6865561234663398,2.1061768490467463,3.088442177587205,10,0.03519835199856009,0.07845842004014804,-0.020927420610093776,0.09132412460721395,10,0.0140625,0.021411254990723404,-0.001254189123491298,0.0293791891234913,10,0.09934503530984941,0.09784051253192994,0.0293541489846946,0.16933592163500422,10,0.43826346410623795,0.11991758712380467,0.35247959000776585,0.5240473382047101,10,2.944036864995708,0.7452835694090897,2.4108931166992753,3.477180613292141,10
{},ucb,77,6.011049114225593,0.6514403119250868,5.545036788250784,6.477061440200402,10,0.05760410297459275,0.03148819112142818,0.03507880799879837,0.08012939795038714,10,0.0125,0.016137430609197572,0.0009559775688028922,0.02404402243119711,10,0.15383887920711006,0.08571911527678124,0.09251911811865399,0.21515864029556614,10,0.2841253798049407,0.01122033520325118,0.27609883552979086,0.2921519240800905,10,6.450442707489165,0.5507584211045111,6.056453867420818,6.8444315475575115,10
{},sliding_window_ucb,77,6.030098268301436,0.7688016453428284,5.480130701970245,6.580065834632626,10,0.049299309516666376,0.03589381987397371,0.02362241758751775,0.074976201445815,10,0.009375,0.015095184110613996,-0.001423444200693182,0.020173444200693183,10,0.14452736660216678,0.08531056152623627,0.08349986726063048,0.2055548659437031,10,0.4740769561548898,0.042087379012355944,0.4439694589234523,0.5041844533863273,10,6.43728315789649,0.7507638957428561,5.900219020310129,6.974347295482852,10
{},discounted_ucb,77,6.422498345082703,0.8580773448128991,5.808666790598657,7.0363298995667485,10,0.08083443765332687,0.056129617501415145,0.04068172814320556,0.12098714716344819,10,0.0125,0.016137430609197572,0.0009559775688028922,0.02404402243119711,10,0.1748576135183424,0.08448265711698473,0.11442236131346238,0.2352928657232224,10,0.45115635837894674,0.02282005779696699,0.43483187243883337,0.4674808443190601,10,6.879685524424408,0.8515852611413951,6.270498126829027,7.488872922019789,10
{},thompson,77,4.8573555315825665,0.8660617035673515,4.237812310923635,5.476898752241498,10,0.0381233378345278,0.04059139671494248,0.009086001870781277,0.06716067379827433,10,0.0140625,0.01719538960335331,0.0017616592960811063,0.026363340703918894,10,0.13447457857209616,0.07963554231998418,0.07750674341136876,0.19144241373282356,10,0.13900813477466906,0.032323435935852664,0.11588534165268517,0.16213092789665295,10,5.2882500492687186,0.8135335609403176,4.706283198196776,5.870216900340661,10
{},linucb,77,4.397034420863053,0.4735648707713853,4.058266520123267,4.73580232160284,10,0.05389554140539342,0.03801919905667811,0.02669824480005335,0.08109283801073348,10,0.0140625,0.018706546870904138,0.0006806425087041521,0.027444357491295847,10,0.14871102920085583,0.09513801327632773,0.0806533943816244,0.21676866402008726,10,0.12995204593348456,0.029591713976746918,0.10878340898018696,0.15112068288678215,10,4.788622518113658,0.41602813446976566,4.491013919035265,5.0862311171920505,10
{},sliding_window_linucb,77,4.832913408147332,0.47245784702039123,4.494937424492913,5.170889391801752,10,0.022920124122698098,0.03695826885169621,-0.0035182287337365385,0.04935847697913273,10,0.0125,0.01920738428602685,-0.0012401349949812263,0.026240134994981228,10,0.11905056406089218,0.08448191101574747,0.058615845584684814,0.17948528253709956,10,0.2797545639444223,0.08408023504220893,0.21960718714985528,0.33990194073898927,10,5.236431963090443,0.6283682084772261,4.786924425652738,5.685939500528147,10
{},uncertainty_aware,77,2.606167411558183,0.692832052819012,2.1105452178840247,3.1017896052323417,10,0.00885789824120743,0.027082031756669404,-0.010515420204121563,0.02823121668653642,10,0.0171875,0.021411254990723404,0.001870810876508703,0.0325041891234913,10,0.11623649204643019,0.08384391227634168,0.05625817037446861,0.17621481371839176,10,0.4364184248643063,0.11694546099176847,0.3527606817198547,0.5200761680087579,10,2.965882361502645,0.752043828043176,2.427902615506051,3.5038621074992387,10
{},ucb,78,6.1005940581070375,0.6685666628524481,5.622330278721961,6.578857837492114,10,0.08954494388144482,0.08169329346981896,0.031105082224877664,0.14798480553801197,10,0.0109375,0.019557274328665195,-0.0030529312533191244,0.024927931253319123,10,0.13846834555724197,0.08830101348080344,0.07530160575797971,0.2016350853565042,10,0.2966540043421535,0.023995900487341446,0.2794883712131248,0.3138196374711822,10,6.548183644958297,0.5781286102376973,6.134615351075319,6.961751938841275,10
{},sliding_window_ucb,78,6.114708190075607,0.750588812499429,5.577769299496554,6.65164708065466,10,0.08460992177417068,0.08710370644192038,0.022299683833761873,0.14692015971457947,10,0.0109375,0.01811721576138134,-0.0020227754121849434,0.023897775412184942,10,0.13990769129771888,0.08941373390632308,0.07594495925762687,0.20387042333781089,10,0.47080551691520667,0.038934074839058225,0.4429537576008195,0.4986572762295938,10,6.5364634411061004,0.7345824254601822,6.010974830035494,7.061952052176707,10
{},discounted_ucb,78,6.495567323357008,0.836257427125756,5.897344797678557,7.093789849035459,10,0.07306897827430667,0.060892363302116566,0.02950920566418662,0.11662875088442672,10,0.0046875,0.010546071214227388,-0.0028567048741424015,0.0122317048741424,10,0.12113064644492352,0.07527108420730841,0.06728495653599557,0.17497633635385146,10,0.4645916434381568,0.022260309580799373,0.44866757725009354,0.48051570962622003,10,6.960088762781223,0.8343806051879634,6.363208834637283,7.556968690925163,10
{},thompson,78,4.908038213126946,0.8830626349742259,4.276333258777873,5.5397431674760185,10,0.05068268154437897,0.03518246806220522,0.025514660046366256,0.07585070304239169,10,0.0046875,0.01482317653203928,-0.005916361700878591,0.015291361700878591,10,0.09906195422273825,0.0670358630674938,0.051107386628517854,0.14701652181695865,10,0.1482502673639589,0.02390163980541891,0.13115206426470669,0.16534847046321113,10,5.346584595403347,0.8233038001227886,4.757628536259066,5.935540654547628,10
{},linucb,78,4.448576293304226,0.4705193367549203,4.111987036355541,4.785165550252912,10,0.05154187244117363,0.05301328292624373,0.013618454390771424,0.08946529049157584,10,0.00625,0.013176156917368249,-0.003175654845225414,0.015675654845225415,10,0.10034397098087118,0.09274794686438985,0.0339960866751903,0.16669185528655206,10,0.13187678843752557,0.031087401771358214,0.10963820089115031,0.15411537598390082,10,4.848239081006421,0.40119557729130445,4.561241054139107,5.135237107873734,10
{},sliding_window_linucb,78,4.887178858826188,0.47413198335244255,4.54800527018507,5.226352447467307,10,0.054265450678855895,0.038926171349380805,0.026419345180390876,0.08211155617732091,10,0.0109375,0.019557274328665195,-0.0030529312533191244,0.024927931253319123,10,0.1173033059937774,0.07752266940154592,0.06184692906673056,0.17275968292082425,10,0.26889652487336124,0.0351606334203122,0.24374412293721648,0.294048926809506,10,5.313007860996111,0.6332048572297282,4.860040393471464,5.765975328520757,10
{},uncertainty_aware,78,2.6439930854050457,0.6734968062132883,2.1622024939192794,3.125783676890812,10,0.03782567384686253,0.04072897471387312,0.00868992051146892,0.06696142718225614,10,0.009375,0.01679637030895531,-0.00264039949604869,0.02139039949604869,10,0.09405440308833593,0.07225350895947862,0.04236735647228251,0.14574144970438935,10,0.43553719316917405,0.1174152953410513,0.35154335077829246,0.5195310355600556,10,3.019209356502872,0.7384735787046983,2.490937182086542,3.5474815309192023,10
{},ucb,79,6.155236477724438,0.6699369431285191,5.675992458880734,6.634480496568142,10,0.054642419617401614,0.05288249199324164,0.01681256376416311,0.09247227547064012,10,0.003125,0.006588078458684124,-0.001587827422612707,0.007837827422612707,10,0.10554884602000844,0.0689635671881396,0.05621528197038189,0.154882410069635,10,0.27919303056585587,0.009794390190777186,0.27218654590293895,0.2861995152287728,10,6.623985268557838,0.6026162637409039,6.192899562629892,7.055070974485785,10
{},sliding_window_ucb,79,6.199469549204253,0.7453193425747789,5.666300210326696,6.73263888808181,10,0.08476135912864582,0.07960369735455033,0.027816304483862492,0.14170641377342916,10,0.00625,0.01092509216843908,-0.001565340131252025,0.014065340131252026,10,0.1369644309392423,0.08625615568668797,0.07526049428476463,0.19866836759371997,10,0.47482199260538155,0.04527995850089262,0.44243066158890254,0.5072133236218606,10,6.643680649624876,0.7417840337394769,6.113040318337454,7.174320980912299,10
{},discounted_ucb,79,6.599432201411444,0.8603408651985583,5.9839814219876715,7.214882980835217,10,0.10386487805443505,0.09061120131366455,0.03904552943480537,0.16868422667406474,10,0.0046875,0.007547592055306998,-0.000711722100346591,0.010086722100346592,10,0.12732661784080943,0.09159695211053298,0.06180210558105641,0.19285113010056243,10,0.45612596847027415,0.026616020106630302,0.43708601467707164,0.47516592226347665,10,7.0576681582015635,0.8674889677066602,6.437103934283908,7.678232382119219,10
{},thompson,79,5.026572814897469,0.9072331023054437,4.377577349822044,5.675568279972895,10,0.118534601770524,0.0770270441483996,0.06343277379109759,0.17363642974995042,10,0.0140625,0.01719538960335331,0.0017616592960811063,0.026363340703918894,10,0.16306716686582137,0.0919355960347749,0.0973004033361909,0.22883393039545186,10,0.15572961929484047,0.030755057846911245,0.13372877626998161,0.17773046231969933,10,5.479904539848701,0.8450817168461967,4.8753694975782915,6.084439582119111,10
{},linucb,79,4.523809771707295,0.5270852722010514,4.146755682193529,4.900863861221062,10,0.07523347840306896,0.0878142840634755,0.012414923853839938,0.13805203295229798,10,0.0046875,0.007547592055306998,-0.000711722100346591,0.010086722100346592,10,0.11380331731628987,0.08835165232072512,0.0506003526731784,0.17700628195940132,10,0.12713899336267712,0.02787488709760442,0.10719850037376052,0.1470794863515937,10,4.932295175902243,0.4405505450193968,4.61714430108569,5.247446050718795,10
{},sliding_window_linucb,79,4.94940904481699,0.4707152801370507,4.612679618416715,5.286138471217265,10,0.062230185990802135,0.07217038248008181,0.01060260447585571,0.11385776750574855,10,0.0046875,0.007547592055306998,-0.000711722100346591,0.010086722100346592,10,0.10638252067785203,0.07933467433921564,0.04962991350495818,0.16313512785074588,10,0.2845187728908496,0.04044780692262488,0.2555841548766669,0.31345339090503227,10,5.389643159253495,0.6250876354459485,4.942482402389314,5.836803916117677,10
{},uncertainty_aware,79,2.691799164176567,0.6869937355043638,2.200353451112793,3.183244877240341,10,0.04780607877152152,0.07492308447741604,-0.005790667127345835,0.10140282467038889,10,0.00625,0.01092509216843908,-0.001565340131252025,0.014065340131252026,10,0.09211030656528424,0.08617429294282661,0.030464930989970954,0.15375568214059754,10,0.4319189156429598,0.11461671994825429,0.3499270534862446,0.5139107777996751,10,3.081572440647689,0.7916519679378071,2.5152587382441185,3.6478861430512595,10
{},ucb,80,6.206480962319907,0.667040464034865,5.7293089597988995,6.683652964840915,10,0.05124448459546891,0.035528142868761985,0.02582918223735963,0.0766597869535782,10,0.0046875,0.007547592055306998,-0.000711722100346591,0.010086722100346592,10,0.11368939194729466,0.07081017885602843,0.06303484148836519,0.16434394240622413,10,0.27746329489358307,0.007734947810267871,0.27193004656004854,0.2829965432271176,10,6.668237415092543,0.5946516280139811,6.242849266335532,7.093625563849554,10
{},sliding_window_ucb,80,6.262076013400365,0.7325913243878239,5.738011750232391,6.7861402765683385,10,0.06260646419611164,0.07452064866108773,0.009297603537671784,0.1159153248545515,10,0.0125,0.023058274605394433,-0.003994895979144472,0.028994895979144474,10,0.11829041432476055,0.0959129856395019,0.04967839767358238,0.18690243097593873,10,0.472438570532587,0.0470858748133713,0.4387553648103394,0.5061217762548346,10,6.692533818537045,0.7292159287052932,6.170884167981013,7.2141834690930775,10
{},discounted_ucb,80,6.681879158165626,0.8480288147502009,6.075235889056963,7.288522427274288,10,0.08244695675418182,0.034333852285794074,0.05788599841235548,0.10700791509600815,10,0.0140625,0.023810686355546794,-0.0029706389207627363,0.03109563892076274,10,0.14852541129645203,0.08523358489636576,0.0875529777186933,0.20949784487421075,10,0.4757711713970079,0.025936252981268244,0.457217493711397,0.4943248490826188,10,7.136756324085427,0.8637458816016595,6.518869742662693,7.754642905508161,10
{},thompson,80,5.084499894170284,0.9095918870562418,4.433817056133635,5.735182732206932,10,0.05792707927281378,0.046927580046261956,0.024357110805399665,0.09149704774022789,10,0.0046875,0.007547592055306998,-0.000711722100346591,0.010086722100346592,10,0.12186268779833612,0.09360973437190315,0.05489831784766111,0.18882705774901112,10,0.1375378352534678,0.021779701049386927,0.12195757569742736,0.15311809480950822,10,5.532329982234446,0.8560613942639902,4.919940551897693,6.144719412571198,10
{},linucb,80,4.57714635129409,0.5323369704628372,4.196335423160588,4.957957279427592,10,0.053336579586794,0.06751487813056878,0.005039345259130475,0.10163381391445753,10,0.0046875,0.007547592055306998,-0.000711722100346591,0.010086722100346592,10,0.11328481756329109,0.0982378590246839,0.04300968668047449,0.18355994844610768,10,0.12174272885482344,0.02513071580421143,0.10376529775185048,0.1397201599577964,10,4.976142748052943,0.4655919161389905,4.643078355470572,5.309207140635315,10
{},sliding_window_linucb,80,5.003886409576583,0.42966498988994417,4.696522591797401,5.311250227355765,10,0.05447736475959257,0.0678321657037461,0.005953156575272366,0.10300157294391277,10,0.0046875,0.007547592055306998,-0.000711722100346591,0.010086722100346592,10,0.1137406788358107,0.09919761731671117,0.04277897823071282,0.18470237944090856,10,0.2459321574828209,0.026185533688033693,0.22720015512209568,0.26466415984354613,10,5.433946592676715,0.5993375324122726,5.005206349847586,5.862686835505845,10
{},uncertainty_aware,80,2.7165744441013095,0.6904761519655491,2.2226375603724993,3.21051132783012,10,0.02477527992474205,0.040415178853522186,-0.004135997374878967,0.053686557224363066,10,0.0078125,0.01518477055949297,-0.0030500304855817263,0.018675030485581726,10,0.08702542758774365,0.0742129113789878,0.03393670891928406,0.14011414625620322,10,0.43168294318233275,0.11643081697587357,0.34839335418877715,0.5149725321758883,10,3.099160622822842,0.8121836379360962,2.5181594484945222,3.680161797151162,10
{},ucb,81,6.26745591098776,0.6571602154615364,5.797351812516564,6.737560009458956,10,0.06097494866785223,0.06904365434748203,0.011584093715709093,0.11036580361999537,10,0.009375,0.024650332429581735,-0.008258785538409632,0.02700878553840963,10,0.10938167337166516,0.09086022539978314,0.044384183652273104,0.17437916309105722,10,0.2893493940962644,0.02133297608846472,0.27408870232609706,0.3046100858664318,10,6.721616831374756,0.5821050219334307,6.305203983924182,7.13802967882533,10
{},sliding_window_ucb,81,6.296985038440053,0.7206708316530684,5.78144818207267,6.812521894807436,10,0.0349090250396879,0.037391356150219955,0.008160860193358464,0.061657189886017344,10,0.0046875,0.01482317653203928,-0.005916361700878591,0.015291361700878591,10,0.09938111769940532,0.06846678254207914,0.05040293197712709,0.14835930342168355,10,0.4660367979592195,0.03186929410836562,0.4432388783298266,0.48883471758861236,10,6.735912679146997,0.7200064946995869,6.220851060807191,7.250974297486803,10
{},discounted_ucb,81,6.753495770156007,0.8637495426015984,6.135606569811684,7.371384970500331,10,0.07161661199038186,0.039862275552988186,0.04310085788514158,0.10013236609562214,10,0.0078125,0.016876928902103804,-0.00426052764199417,0.01988552764199417,10,0.13030333250182252,0.0720263020021765,0.07877881995176378,0.18182784505188127,10,0.4651107152087241,0.030404515311088905,0.4433606352077084,0.4868607952097398,10,7.211057399497797,0.8789529913744547,6.582292307078971,7.839822491916623,10
{},thompson,81,5.13563178766861,0.8990722075305841,4.492474275029425,5.778789300307796,10,0.05113189349832661,0.035508605964131405,0.025730566999866446,0.07653321999678676,10,0.0046875,0.01482317653203928,-0.005916361700878591,0.015291361700878591,10,0.1000486044213055,0.0681596313527093,0.051290141423525525,0.14880706741908548,10,0.13013512012749243,0.01761758553248842,0.11753225864998657,0.1427379816049983,10,5.5763763295662985,0.8496376744788172,4.968582151540003,6.184170507592594,10
{},linucb,81,4.616707504268534,0.5447630392116735,4.227007502041267,5.006407506495802,10,0.03956115297444516,0.04246857224552728,0.009180966531142472,0.06994133941774784,10,0.0109375,0.025568620226319953,-0.007353189055491132,0.02922818905549113,10,0.0885425801556258,0.08968261928533638,0.024387499102737326,0.15269766120851427,10,0.11778788251701988,0.025374568532024463,0.09963600968116176,0.135939755352878,10,5.008683071119117,0.480622051776697,4.664866767210372,5.352499375027863,10
{},sliding_window_linucb,81,5.0594924322193,0.45468201675602044,4.734232511504175,5.3847523529344254,10,0.055606022642716336,0.059045699521792776,0.013367273720889451,0.09784477156454321,10,0.0109375,0.02335053309527072,-0.005766465108211199,0.027641465108211197,10,0.10389840055573066,0.08180197274792342,0.045380794427033654,0.16241600668442766,10,0.22520961486612254,0.039739691567000385,0.1967815520618222,0.25363767767042283,10,5.481842736142992,0.6419809753604052,5.022597211905796,5.941088260380188,10
{},uncertainty_aware,81,2.7703671525491345,0.7329930151788853,2.246015537099703,3.294718767998566,10,0.053792708447825,0.07132977429012524,0.0027664618067943653,0.10481895508885564,10,0.0109375,0.016552342272990316,-0.0009033323552663612,0.02277833235526636,10,0.11056092969192821,0.08698701021140347,0.04833417120592249,0.17278768817793394,10,0.40522802125900476,0.11904145024967448,0.32007089772403274,0.49038514479397677,10,3.1537192954253177,0.8627447564186371,2.5365488758160173,3.770889715034618,10
{},ucb,82,6.326740331462552,0.640784053622686,5.86835103345636,6.785129629468743,10,0.05928442047479152,0.047338902950765926,0.02542020932704931,0.09314863162253373,10,0.00625,0.01092509216843908,-0.001565340131252025,0.014065340131252026,10,0.12899118427165915,0.07473454906510689,0.07552930848201049,0.1824530600613078,10,0.27644265185522743,0.009344530311610902,0.2697579775635992,0.28312732614685565,10,6.789481056585364,0.5509679258991762,6.395342345815316,7.183619767355412,10
{},sliding_window_ucb,82,6.383218845624582,0.7063007624523763,5.877961717499445,6.88847597374972,10,0.08623380718452955,0.06957917838545119,0.0364598614135024,0.1360077529555567,10,0.0109375,0.012863634411696322,0.0017354102874837796,0.02013958971251622,10,0.15470231378056434,0.09771364832468758,0.08480218064218309,0.2246024469189456,10,0.4817345376892992,0.028392746448129058,0.46142359043765413,0.5020454849409443,10,6.829488033866511,0.6822536594943691,6.341433166911397,7.317542900821625,10
{},discounted_ucb,82,6.847365188167965,0.8666292808735735,6.227415947163345,7.467314429172585,10,0.0938694180119559,0.054316583378298665,0.05501367498259848,0.13272516104131332,10,0.0078125,0.011048543456039806,-9.115186239035643e-05,0.015716151862390358,10,0.15812452263763313,0.08081970629711475,0.10030958759804276,0.2159394576772235,10,0.452721701410817,0.01908500952644674,0.4390691080452201,0.46637429477641396,10,7.308054963074378,0.8572893945785398,6.694787074232057,7.921322851916699,10
{},thompson,82,5.17288792580897,0.8969421332225419,4.5312541765363115,5.814521675081629,10,0.037256138140360974,0.03920505559188958,0.009210530873045974,0.06530174540767597,10,0.00625,0.013176156917368249,-0.003175654845225414,0.015675654845225415,10,0.10690871535902917,0.07042285893088841,0.05653123688337549,0.15728619383468284,10,0.1402315821368972,0.02518126632624136,0.12221798936888881,0.1582451749049056,10,5.622158085864277,0.8345380267865447,5.025165545092641,6.219150626635914,10
{},linucb,82,4.662129615656108,0.5594972361193361,4.261889403916752,5.062369827395464,10,0.04542211138757282,0.05411550139606054,0.006710213742879258,0.0841340090322664,10,0.0078125,0.01327869664998121,-0.0016865073510882941,0.017311507351088294,10,0.10817692468797406,0.1068543796936571,0.031737906239016206,0.18461594313693191,10,0.12359133333106805,0.025529257221474737,0.10532880287293339,0.1418538637892027,10,5.05573303674604,0.49223367163328685,4.703610280383171,5.407855793108909,10
{},sliding_window_linucb,82,5.13098351053728,0.396186089973563,4.847569055018173,5.414397966056386,10,0.07149107831798018,0.09013322114457907,0.007013656113231279,0.13596850052272907,10,0.00625,0.008068715304598786,0.0004779887844014461,0.012022011215598555,10,0.12983513951529835,0.10989986940952802,0.051217508965975767,0.20845277006462093,10,0.2401302549388872,0.04265517127851999,0.20961658358868243,0.27064392628909195,10,5.550550916597241,0.5848961394473637,5.13214142395765,5.968960409236832,10
{},uncertainty_aware,82,2.796995014099097,0.7481794722576355,2.261779661700886,3.332210366497308,10,0.02662786154996215,0.04294448302010525,-0.004092770952569144,0.05734849405249345,10,0.0109375,0.016552342272990316,-0.0009033323552663612,0.02277833235526636,10,0.10342270045172675,0.09503371822223336,0.03543967381970216,0.17140572708375135,10,0.4085937251602756,0.1254816585532606,0.3188295541393298,0.4983578961812214,10,3.1960150368159934,0.8823352136575456,2.5648304483293707,3.827199625302616,10
{},ucb,83,6.40085418482677,0.6538631871087675,5.933108638356967,6.868599731296572,10,0.0741138533642177,0.07280790750155475,0.02203021392242025,0.12619749280601517,10,0.015625,0.02329237476562281,-0.0010373611454568207,0.03228736114545682,10,0.1500988147537502,0.08955390112548942,0.08603581312543437,0.21416181638206602,10,0.28273726468187077,0.02144571104080453,0.2673959271850009,0.29807860217874066,10,6.876106263685938,0.5613085077118181,6.474570346304279,7.277642181067597,10
{},sliding_window_ucb,83,6.41243919337816,0.7283235684334972,5.891427898905186,6.933450487851133,10,0.029220347753577895,0.038975914671992094,0.0013386580257560843,0.057102037481399706,10,0.0109375,0.02335053309527072,-0.005766465108211199,0.027641465108211197,10,0.11125844944723864,0.0776714587654557,0.05569563502118133,0.16682126387329596,10,0.4900642658857109,0.05626689141624776,0.449813356532602,0.5303151752388198,10,6.877272875660575,0.7053770724323578,6.37267651557025,7.3818692357509,10
{},discounted_ucb,83,6.962787820293123,0.8650125276814855,6.343995134849742,7.581580505736504,10,0.11542263212515882,0.07099512143411907,0.06463578171578094,0.1662094825345367,10,0.0203125,0.026608416196760003,0.0012779857162357328,0.03934701428376427,10,0.18203838565325442,0.09033277141927201,0.11741821378141204,0.2466585575250968,10,0.46620391768891656,0.022255521002644982,0.45028327704330595,0.48212455833452716,10,7.426619741074456,0.8566357043970495,6.81381947401784,8.03942000813107,10
{},thompson,83,5.20364897928157,0.9072481262531478,4.554642766721399,5.852655191841741,10,0.03076105347259931,0.03978505577329791,0.002300539070039371,0.05922156787515925,10,0.0125,0.023058274605394436,-0.003994895979144476,0.028994895979144477,10,0.11349028758159722,0.08438872775823406,0.053122228392174564,0.17385834677101988,10,0.1430538958020521,0.02515168269630196,0.12506146588802508,0.16104632571607913,10,5.672174765792699,0.8496892590809914,5.064343686364996,6.280005845220401,10
{},linucb,83,4.68681864353125,0.5578644848268691,4.287746431704722,5.085890855357778,10,0.024689027875141885,0.04006726598013355,-0.003973367547818324,0.053351423298102094,10,0.015625,0.027559909490256152,-0.004090171582268331,0.035340171582268334,10,0.10739527447132709,0.0924381330127866,0.04126901764396143,0.17352153129869274,10,0.1272193432147988,0.023952239985695515,0.11008494292714145,0.14435374350245614,10,5.099654703564192,0.4863281594248986,4.751756496142992,5.447552910985392,10
{},sliding_window_linucb,83,5.196177362098882,0.3681254094185099,4.932836308201566,5.4595184159961985,10,0.0651938515616023,0.06607172923776097,0.01792898376077827,0.11245871936242634,10,0.0125,0.023058274605394436,-0.003994895979144476,0.028994895979144477,10,0.13301169515913108,0.09884665269898257,0.06230105951708291,0.20372233080117924,10,0.24802760560247114,0.04832013301488713,0.21346146475199645,0.2825937464529458,10,5.620089004103198,0.5736667875951729,5.2097125058608444,6.030465502345551,10
{},uncertainty_aware,83,2.8426352319469492,0.7501924535975207,2.3059798794456254,3.379290584448273,10,0.0456402178478532,0.04001589327210372,0.017014572246361454,0.07426586344934495,10,0.01875,0.026352313834736497,-0.00010130969045082927,0.03760130969045083,10,0.13130184808921572,0.08776200681745037,0.06852069042895681,0.19408300574947462,10,0.409746825559217,0.11419966591865126,0.32805330588274856,0.4914403452356854,10,3.2638432772520334,0.8897289633177485,2.6273695188848354,3.9003170356192314,10
{},ucb,84,6.469671294380525,0.6673119996326237,5.992305046994439,6.947037541766611,10,0.06881710955375467,0.06485241183131508,0.022424488880223498,0.11520973022728584,10,0.0109375,0.020898336091394666,-0.004012269046644548,0.025887269046644547,10,0.13253721641730642,0.09578393359156319,0.06401751803985316,0.20105691479475968,10,0.28020725178935013,0.02389229303625901,0.26311573496596513,0.29729876861273513,10,6.930389425515207,0.5646668839932943,6.526451070467687,7.334327780562727,10
{},sliding_window_ucb,84,6.455186790657416,0.7340299927354432,5.930093366151546,6.980280215163287,10,0.04274759727925592,0.03704644477367158,0.016246167168094308,0.06924902739041754,10,0.00625,0.013176156917368249,-0.003175654845225414,0.015675654845225415,10,0.11579532535076238,0.08374199046181745,0.055889914152691574,0.1757007365488332,10,0.4640412845526084,0.03984514104985535,0.4355377877325149,0.4925447813727019,10,6.914814146423301,0.7074538249433575,6.408732167082204,7.420896125764398,10
{},discounted_ucb,84,7.043548848355433,0.8565599281661381,6.43080278834891,7.656294908361957,10,0.08076102806231085,0.05444245163373168,0.0418152443071847,0.119706811817437,10,0.0078125,0.01327869664998121,-0.0016865073510882941,0.017311507351088294,10,0.14445958601109427,0.07895303082251982,0.08797999016349445,0.20093918185869408,10,0.469089252885081,0.033178935950214164,0.4453544719197505,0.4928240338504115,10,7.492825272497512,0.8667412698740259,6.872795919388024,8.112854625607,10
{},thompson,84,5.291447153133712,0.8959144036680867,4.65054859729532,5.932345708972103,10,0.08779817385214253,0.047729646954770596,0.053654441282662044,0.12194190642162302,10,0.0109375,0.014823176532039278,0.0003336382991214089,0.02154136170087859,10,0.15410132695075132,0.07758355995257503,0.09860139154751636,0.2096012623539863,10,0.1323029754554293,0.02585657827067197,0.11380629362427605,0.15079965728658254,10,5.748022038155414,0.8534191412583401,5.137522761753622,6.358521314557206,10
{},linucb,84,4.7235681818170745,0.5693182298997431,4.316302454353236,5.130833909280913,10,0.03674953828582575,0.038641621914362705,0.009106987190796011,0.06439208938085549,10,0.00625,0.013176156917368249,-0.003175654845225414,0.015675654845225415,10,0.10736265186267055,0.087827342108494,0.04453475615075883,0.17019054757458227,10,0.12393441636192326,0.02459759964084017,0.10633835358811193,0.14153047913573458,10,5.128763300838825,0.4958892025924179,4.7740255351592875,5.483501066518363,10
{},sliding_window_linucb,84,5.252690634273126,0.3482437415460975,5.003572068790906,5.501809199755345,10,0.05651327217424338,0.06750910444821773,0.008220168090122666,0.10480637625836409,10,0.0109375,0.020898336091394666,-0.004012269046644548,0.025887269046644547,10,0.1225147168859347,0.0678337683950516,0.07398936220532093,0.17104007156654846,10,0.2456310923088516,0.05023932447731991,0.20969204459181176,0.2815701400258914,10,5.664349666401096,0.5651826525502786,5.2600423527544455,6.068656980047746,10
{},uncertainty_aware,84,2.870440521406195,0.7675841162548845,2.3213439229163066,3.4195371198960833,10,0.027805289459245992,0.04695086160269002,-0.0057813336303410914,0.061391912548833076,10,0.0140625,0.025989531145572183,-0.004529290588384116,0.032654290588384115,10,0.09255535871206856,0.0967839747186291,0.02332027400809633,0.1617904434160408,10,0.38506551371003017,0.11962782892436244,0.2994889201405958,0.47064210727946454,10,3.2781445813760657,0.945609156823719,2.601696540676407,3.954592622075724,10
{},ucb,85,6.519667581070711,0.6672553264498309,6.04234187523732,6.996993286904101,10,0.049996286690186534,0.035002186158654754,0.02495723109690337,0.0750353422834697,10,0.009375,0.019764235376052368,-0.0047634822678381174,0.023513482267838115,10,0.11590632470500022,0.09312497559070372,0.04928873029619471,0.18252391911380572,10,0.28224621200725486,0.021837334130509596,0.26662472422861994,0.2978676997858898,10,6.967915743265882,0.5535120880392121,6.571957048539006,7.3638744379927585,10
{},sliding_window_ucb,85,6.53732569584143,0.7285642493505121,6.01614222861233,7.0585091630705294,10,0.08213890518401516,0.06008560273415994,0.03915625431766196,0.12512155605036837,10,0.0125,0.02057126839388698,-0.0022157989105067166,0.027215798910506718,10,0.14748344471530483,0.08915637578265682,0.08370481558628969,0.21126207384432,10,0.46272657176485915,0.029724183191364432,0.44146317204405405,0.48398997148566425,10,6.983917584184279,0.7117705641725628,6.474747595624219,7.493087572744338,10
{},discounted_ucb,85,7.120311229469747,0.8322212217733463,6.52497603116413,7.715646427775365,10,0.07676238111431406,0.04675964245555579,0.04331254796218665,0.11021221426644148,10,0.0140625,0.027013130166437374,-0.005261529216922934,0.033386529216922936,10,0.14826455714234715,0.08642011780032613,0.08644332905755799,0.21008578522713633,10,0.46296580692142275,0.029549126975502358,0.4418276348735708,0.4841039789692747,10,7.562709822685534,0.838422951594903,6.962938174122993,8.162481471248075,10
{},thompson,85,5.334186112999581,0.8952066313684531,4.6937938669636,5.974578359035562,10,0.04273895986586814,0.03714815369163591,0.01616477157784014,0.06931314815389614,10,0.0046875,0.010546071214227388,-0.0028567048741424015,0.0122317048741424,10,0.09999183425517943,0.07261693442976991,0.048044808719141074,0.1519388597912178,10,0.1350227437748181,0.02022450696763769,0.12055500304530918,0.14949048450432703,10,5.769633865456266,0.8388982972079835,5.1695221751266764,6.369745555785856,10
{},linucb,85,4.758936557464415,0.5747727133122925,4.347768927622811,5.17010418730602,10,0.035368375647340466,0.03753900895337278,0.008514586348587119,0.06222216494609381,10,0.0078125,0.016876928902103804,-0.00426052764199417,0.01988552764199417,10,0.10251227488798345,0.09375011720290413,0.03544748110966971,0.16957706866629718,10,0.12518489321904566,0.0307000321206285,0.10322341322749021,0.14714637321060112,10,5.1528955687724824,0.5059444842554681,4.7909646879136245,5.51482644963134,10
{},sliding_window_linucb,85,5.297031430609958,0.3507326350753595,5.046132417953311,5.547930443266605,10,0.04434079633683199,0.038625400386977586,0.01670984942344287,0.0719717432502211,10,0.009375,0.021092142428454776,-0.005713409748284803,0.0244634097482848,10,0.10939589260984839,0.09293433681040182,0.04291467296908105,0.17587711225061572,10,0.23793578079515706,0.04203828593322288,0.20786340263691358,0.2680081589534005,10,5.695365552056617,0.5601447815486372,5.2946621142224695,6.096068989890765,10
{},uncertainty_aware,85,2.8961263575867804,0.7816242233620901,2.3369860715169364,3.4552666436566244,10,0.02568583618058511,0.04404673970558434,-0.005823303254075467,0.05719497561524568,10,0.0125,0.025301995419773165,-0.005599957158820081,0.030599957158820083,10,0.08983644724049997,0.09444557152569788,0.022274155409576266,0.15739873907142365,10,0.3734814772478982,0.1269157984270045,0.28269138436411645,0.46427157013167997,10,3.2896010216622393,0.9617424752694047,2.6016119001959503,3.9775901431285283,10
{},ucb,86,6.5671773773084325,0.669897870347064,6.087961309448779,7.0463934451680865,10,0.047509796237721676,0.03331035079115811,0.023681006758372557,0.0713385857170708,10,0.009375,0.01976423537605237,-0.004763482267838121,0.023513482267838122,10,0.12195606756279723,0.08130991347745273,0.06379045943138702,0.18012167569420745,10,0.27620370334976785,0.01819540299899506,0.2631874961571958,0.2892199105423399,10,7.026186375696128,0.5669236746942312,6.6206336098353225,7.431739141556933,10
{},sliding_window_ucb,86,6.596888874591862,0.7065430296751519,6.091458438935818,7.102319310247906,10,0.05956317875043139,0.047584832007384774,0.02552304055365369,0.0936033169472091,10,0.015625,0.03125,-0.006729903312135625,0.037979903312135625,10,0.1413452425765581,0.09530042208325158,0.07317142749570037,0.2095190576574158,10,0.474608644794951,0.04382380385855073,0.4432589840580583,0.5059583055318437,10,7.061577391628286,0.7064353194771262,6.556224007206245,7.566930776050327,10
{},discounted_ucb,86,7.217599259936918,0.845666390292948,6.612645967478627,7.8225525523952095,10,0.0972880304671707,0.0777705915858604,0.04165430069342678,0.15292176024091464,10,0.01875,0.02833639689319884,-0.0015206372083763318,0.03902063720837633,10,0.16553455504337652,0.09232120060433388,0.09949194662193137,0.23157716346482168,10,0.4640134691066066,0.025927982697090835,0.4454657076258965,0.48256123058731676,10,7.66455894259636,0.8631597390307812,7.047091662309597,8.282026222883122,10
{},thompson,86,5.3892762240400875,0.9072226391885644,4.74028824382758,6.038264204252595,10,0.055090111040506505,0.03886037040760319,0.02729107670016264,0.08288914538085038,10,0.0140625,0.02987422999937497,-0.007308236741136927,0.03543323674113693,10,0.1257450872478296,0.07824951586629873,0.06976875568262861,0.18172141881303058,10,0.13910229816333464,0.020251809494014696,0.124615026383031,0.1535895699436383,10,5.831693517571545,0.8578357390136991,5.218034797464484,6.445352237678606,10
{},linucb,86,4.80480302927714,0.6176877713898821,4.362935816268841,5.24667024228544,10,0.045866471812724866,0.07386851675782781,-0.0069758817851026805,0.09870882541055241,10,0.015625,0.02946278254943948,-0.005451404966374283,0.03670140496637428,10,0.11334136060636099,0.09110026206332411,0.048172159002014506,0.1785105622107075,10,0.12571181232839213,0.035281550600314744,0.10047291145247991,0.15095071320430434,10,5.202551494246292,0.5338756720812073,4.820639845283834,5.584463143208749,10
{},sliding_window_linucb,86,5.369131290270452,0.36412294353142094,5.108653427986448,5.6296091525544565,10,0.07209985966049431,0.08081305825718889,0.014289680342176196,0.12991003897881243,10,0.0203125,0.032148540337522846,-0.00268518034789169,0.04331018034789169,10,0.13796312448142609,0.12246912108749322,0.05035399294116556,0.22557225602168662,10,0.24736396517615047,0.04736583482617314,0.21348048812534448,0.28124744222695647,10,5.7696432414054915,0.5634180550817484,5.366598244744244,6.172688238066739,10
{},uncertainty_aware,86,2.9270319207385667,0.7830643742714087,2.366861412770076,3.4872024287070573,10,0.03090556315178581,0.040767735303813585,0.001742082160698103,0.06006904414287352,10,0.0125,0.025301995419773165,-0.005599957158820081,0.030599957158820083,10,0.09564652636011654,0.1069040251647736,0.019171993680544466,0.1721210590396886,10,0.491392048961651,0.2905155304259032,0.2835697579746154,0.6992143399486865,10,3.3215621128898034,0.9775720159803455,2.6222492201573195,4.020875005622288,10
{},ucb,87,6.650788806569824,0.6832873362709809,6.161994491794,7.139583121345647,10,0.08361142926139134,0.05865847561824354,0.04164968363313216,0.12557317488965053,10,0.01875,0.03193689524324144,-0.004096278568078933,0.04159627856807893,10,0.1513455554540773,0.09220491759080428,0.08538613088940968,0.21730498001874493,10,0.26922309253870486,0.013735011002223121,0.2593976575644387,0.279048527512971,10,7.120173653979887,0.5792902080907623,6.7057744030507385,7.534572904909036,10
{},sliding_window_ucb,87,6.682937828319344,0.7624225164819224,6.137533615872991,7.228342040765696,10,0.08604895372748204,0.08822473652859132,0.022936779172752483,0.14916112828221162,10,0.015625,0.02655739329996242,-0.0033730147021765883,0.03462301470217659,10,0.1494395978557282,0.10451410684087216,0.07467470975390708,0.2242044859575493,10,0.46016138202099055,0.03209753607036346,0.4372001879278462,0.4831225761141349,10,7.153658712313695,0.7470426982493212,6.61925655905288,7.688060865574511,10
{},discounted_ucb,87,7.293163516037273,0.8255823854389848,6.702577455151168,7.883749576923378,10,0.0755642561003559,0.04083105033844362,0.04635548226199271,0.10477302993871909,10,0.015625,0.02655739329996242,-0.0033730147021765883,0.03462301470217659,10,0.15645499347335717,0.07961992008056168,0.09949833378948766,0.21341165315722668,10,0.4668748672914262,0.02090229752668531,0.45192226440468886,0.4818274701781635,10,7.763655658899398,0.8493857913960488,7.156041667175863,8.371269650622933,10
{},thompson,87,5.445704577137952,0.8639094557775495,4.827700981798853,6.0637081724770505,10,0.05642835309786413,0.06862949815788696,0.0073337676361056245,0.10552293855962264,10,0.0078125,0.01518477055949297,-0.0030500304855817263,0.018675030485581726,10,0.11594324783068839,0.08905248365811266,0.05223893865044371,0.17964755701093307,10,0.12626568587065543,0.021614411321422798,0.11080366746300306,0.14172770427830778,10,5.890278488231916,0.8106509870852506,5.310373706274217,6.470183270189614,10
{},linucb,87,4.832053103880596,0.6190744204360676,4.389193941900926,5.274912265860266,10,0.02725007460345532,0.036276139347082424,0.0012996877989245557,0.05320046140798608,10,0.0078125,0.01518477055949297,-0.0030500304855817263,0.018675030485581726,10,0.10096367571102405,0.0852074338178362,0.04000994948789049,0.1619174019341576,10,0.1146768312711726,0.02335055233023693,0.09797285240309549,0.1313808101392497,10,5.246156892786998,0.5552007040995629,4.848990234899787,5.643323550674209,10
{},sliding_window_linucb,87,5.424737448901409,0.34103647575370133,5.1807746507770736,5.668700247025744,10,0.055606158630957095,0.048142439731885894,0.02116713189762507,0.09004518536428913,10,0.0078125,0.01518477055949297,-0.0030500304855817263,0.018675030485581726,10,0.12987824987476276,0.09241107375643222,0.06377135007330112,0.1959851496762244,10,0.2370360489103423,0.04187479443183492,0.2070806255266871,0.2669914722939975,10,5.842163214109937,0.5471440329961365,5.450759951535838,6.233566476684036,10
{},uncertainty_aware,87,2.967551391821124,0.8267161394622146,2.376154292164809,3.5589484914774387,10,0.04051947108255719,0.062172714511548446,-0.003956209607320474,0.08499515177243486,10,0.0171875,0.03248430443648474,-0.00605037151486703,0.04042537151486703,10,0.10774147308662445,0.10683598290825634,0.031315614905151015,0.18416733126809787,10,0.4084367288006449,0.11675099662849803,0.32491809708142744,0.4919553605198624,10,3.3719453088061107,1.03012996738221,2.635034722573703,4.108855895038518,10
{},ucb,88,6.722609330101534,0.6888250990298919,6.2298535384923985,7.215365121710669,10,0.07182052353170924,0.06110997834242501,0.02810507849965762,0.11553596856376086,10,0.00625,0.015095184110614,-0.004548444200693183,0.017048444200693184,10,0.12079641425644023,0.07628571423967459,0.06622490174683597,0.1753679267660445,10,0.27502331599962515,0.022666939439655497,0.25880836433384813,0.2912382676654022,10,7.200293855340222,0.5822322887042066,6.783789966726271,7.616797743954173,10
{},sliding_window_ucb,88,6.728790384837602,0.7623828037952869,6.18341458113589,7.274166188539314,10,0.045852556518258356,0.03998260464579447,0.017250724165487796,0.07445438887102891,10,0.0046875,0.01482317653203928,-0.005916361700878591,0.015291361700878591,10,0.0994076212745054,0.06745698351819086,0.05115180225762594,0.14766344029138487,10,0.4665684865992808,0.03426849734207708,0.4420542803677829,0.4910826928307787,10,7.212390120692096,0.7471663269666452,6.677899528774565,7.746880712609628,10
{},discounted_ucb,88,7.367393529851105,0.8142487135767901,6.784915089401826,7.949871970300384,10,0.07423001381383165,0.0648842026238581,0.027814651377307986,0.12064537625035532,10,0.0078125,0.016876928902103804,-0.00426052764199417,0.01988552764199417,10,0.12975853063371262,0.07180792018124,0.07839023902740308,0.18112682224002216,10,0.4634831940664873,0.028063092849481122,0.443408066793219,0.4835583213397556,10,7.852737976637006,0.8359502061562973,7.254735223600722,8.45074072967329,10
{},thompson,88,5.5451137000675015,0.8702801034383277,4.922552817928647,6.167674582206356,10,0.09940912292955041,0.08074729133195231,0.0416459904353859,0.15717225542371493,10,0.0125,0.02530199541977317,-0.005599957158820081,0.030599957158820083,10,0.1408928966184613,0.08916902098704364,0.0771052216551604,0.2046805715817622,10,0.13422609631839694,0.022247779165318653,0.11831099384958274,0.15014119878721113,10,5.990495171954271,0.80758421076637,5.412784229615405,6.568206114293138,10
{},linucb,88,4.882731955950523,0.6433243443285583,4.422525443444668,5.342938468456378,10,0.0506788520699266,0.07036581699274862,0.00034217893865218924,0.10101552520120102,10,0.0046875,0.010546071214227388,-0.0028567048741424015,0.0122317048741424,10,0.09832509574079165,0.08841607002984876,0.03507604944459064,0.16157414203699266,10,0.11519703202372325,0.027857036414092987,0.09526930864453317,0.13512475540291333,10,5.303805775631684,0.5869914107877579,4.883897416168823,5.723714135094545,10
{},sliding_window_linucb,88,5.515187012170957,0.3328445385754781,5.277084372880486,5.753289651461428,10,0.09044956326954698,0.08081927961240347,0.032634933461811504,0.14826419307728245,10,0.009375,0.01679637030895531,-0.00264039949604869,0.02139039949604869,10,0.13811387597048155,0.08786979081537606,0.07525561428295148,0.20097213765801164,10,0.24553030384882873,0.049720978020775776,0.20996205884917232,0.2810985488484852,10,5.939600877184313,0.5274666529303228,5.562273964332052,6.316927790036575,10
{},uncertainty_aware,88,2.981937822377694,0.8462148300755641,2.3765921997333894,3.587283445021998,10,0.014386430556570268,0.030356670494311445,-0.007329423324347901,0.03610228443748843,10,0.0046875,0.01482317653203928,-0.005916361700878591,0.015291361700878591,10,0.05579117375214685,0.05908370207195379,0.013525239443617117,0.09805710806067658,10,0.4277025086298141,0.10241488260354865,0.3544393150833805,0.5009657021762478,10,3.3870602696621517,1.0397525888042478,2.643266074741778,4.130854464582525,10
{},ucb,89,6.801735883747673,0.7135736238621191,6.29127606398678,7.312195703508566,10,0.07912655364614034,0.06972513154864243,0.0292481992718735,0.12900490802040718,10,0.01875,0.03277527650531724,-0.004696020393756075,0.04219602039375607,10,0.13764051514147327,0.09715877471490876,0.06813731467179797,0.20714371561114858,10,0.27661874805219466,0.031931478888900196,0.253776344110599,0.2994611519937903,10,7.286102966428646,0.6061890509002793,6.852461442532614,7.719744490324678,10
{},sliding_window_ucb,89,6.814808489015533,0.7265668844923424,6.295053850531503,7.334563127499563,10,0.08601810417793097,0.08219472763150844,0.027219538130900778,0.14481667022496117,10,0.0078125,0.01327869664998121,-0.0016865073510882941,0.017311507351088294,10,0.12931165679695195,0.09287030216807904,0.0628762447797927,0.1957470688141112,10,0.4728002310643368,0.036612839154273796,0.4466089837274867,0.49899147840118685,10,7.289870373436,0.6954684582540439,6.792362208926906,7.787378537945094,10
{},discounted_ucb,89,7.451895121942212,0.8098449214038141,6.872566964636409,8.031223279248016,10,0.08450159209110623,0.02620828072223283,0.0657533174823759,0.10324986669983657,10,0.0109375,0.024484706819881578,-0.006577804114702095,0.028452804114702093,10,0.13945328751383473,0.07453005560777606,0.08613769753111712,0.19276887749655236,10,0.44636258045374494,0.018152990106192448,0.4333767136169422,0.4593484472905477,10,7.940359860097791,0.831369134405724,7.345634208375108,8.535085511820474,10
{},thompson,89,5.625664522706525,0.8739251474409314,5.000496133167776,6.250832912245273,10,0.08055082263902302,0.08462481469282865,0.020013877030524506,0.14108776824752153,10,0.00625,0.01092509216843908,-0.001565340131252025,0.014065340131252026,10,0.12899421002470143,0.07504692103397897,0.07530887678988296,0.1826795432595199,10,0.11813560799086716,0.018424970114573027,0.10495517837677856,0.13131603760495575,10,6.067657977925926,0.8216736897985071,5.4798680294596425,6.655447926392209,10
{},linucb,89,4.930375963134945,0.6621211570203382,4.456723020859456,5.404028905410434,10,0.047644007184422965,0.042703666801709624,0.01709564422679498,0.07819237014205095,10,0.009375,0.024650332429581735,-0.008258785538409632,0.02700878553840963,10,0.1030189682622864,0.08254885051051601,0.04396707796818967,0.16207085855638315,10,0.1099144180781455,0.02352111574903963,0.0930884254905189,0.1267404106657721,10,5.354993339840921,0.6123934951740847,4.916913423885802,5.79307325579604,10
{},sliding_window_linucb,89,5.634663944285922,0.3718616121449994,5.368650171966039,5.900677716605805,10,0.11947693211496602,0.06900090315324091,0.07011665952486251,0.16883720470506952,10,0.0203125,0.032148540337522846,-0.00268518034789169,0.04331018034789169,10,0.174346171401808,0.08855886938132954,0.11099497260335457,0.23769737020026144,10,0.2665982131713543,0.0575468581745611,0.22543167075825044,0.30776475558445815,10,6.062115644533073,0.5476279802566146,5.670366186944057,6.453865102122088,10
{},uncertainty_aware,89,3.0112973897043673,0.8601316399235405,2.3959962810259867,3.626598498382748,10,0.02935956732667343,0.07208657511679778,-0.022208062012175084,0.08092719666552195,10,0.009375,0.024650332429581735,-0.008258785538409632,0.02700878553840963,10,0.08075998465168033,0.08623608410507644,0.01907040634172258,0.14244956296163808,10,0.4362292727459107,0.10450132419039651,0.36147352880138417,0.5109850166904373,10,3.4159888502607836,1.0393294587339175,2.6724973443583524,4.159480356163215,10
{},ucb,90,6.88203103731705,0.7387462039785775,6.353563838528304,7.410498236105797,10,0.08029515356937605,0.05224948545751479,0.042918123313005506,0.1176721838257466,10,0.1375,0.0739509972887452,0.08459864338477113,0.1904013566152289,10,0.3214440192859948,0.061829114800236895,0.2772141350224995,0.36567390354949014,10,0.2722400301716089,0.020650791053263434,0.2574673441775347,0.28701271616568313,10,7.359149575635753,0.627750727444374,6.9100837575192156,7.80821539375229,10
{},sliding_window_ucb,90,6.8626704248543104,0.7027833936695778,6.359929470778856,7.365411378929765,10,0.047861935838776584,0.05295637346256535,0.0099792283662328,0.08574464331132037,10,0.1078125,0.06888008526296503,0.05853865532207229,0.15708634467792773,10,0.2945850566105868,0.05588271135126728,0.2546089731201048,0.33456114010106885,10,0.4645729731926698,0.041817114056062206,0.43465881186416366,0.494487134521176,10,7.336058019967699,0.6743610276970755,6.853649201675202,7.818466838260196,10
{},discounted_ucb,90,7.535672713357734,0.7979693688414627,6.964839814589837,8.10650561212563,10,0.08377759141552141,0.04649262816668626,0.050518768778934374,0.11703641405210843,10,0.11875,0.06637305134197496,0.07126957935099953,0.16623042064900045,10,0.3239855279369636,0.047890493775839836,0.289726732483225,0.3582443233907022,10,0.46978217561473334,0.01801888465403463,0.4568922420392624,0.4826721091902043,10,8.015947977955868,0.8385011493531155,7.416120390086956,8.61577556582478,10
{},thompson,90,5.658102124458174,0.8563823485060461,5.04548309728786,6.2707211516284875,10,0.032437601751649246,0.04643878069385775,-0.000782700723379888,0.06565790422667839,10,0.1046875,0.03612196017583271,0.07884740633038229,0.13052759366961772,10,0.28371664537706487,0.03666204259370947,0.2574902000200161,0.30994309073411364,10,0.128124691501759,0.01794270851521328,0.1152892510532654,0.14096013195025262,10,6.1029772132241025,0.8250146476948631,5.5127972874540445,6.69315713899416,10
{},linucb,90,4.94871385506255,0.6702385295791633,4.469254094268625,5.428173615856475,10,0.01833789192760531,0.02958753222383898,-0.0028277535798704526,0.039503537435081074,10,0.1125,0.06153773119892471,0.06847855900799507,0.15652144099200493,10,0.2675176950033268,0.04330701055608456,0.23653772592432176,0.2984976640823318,10,0.11120694885614206,0.029931582322510645,0.08979518473457555,0.13261871297770855,10,5.374113624765361,0.5989594682703843,4.9456438327310375,5.802583416799684,10
{},sliding_window_linucb,90,5.700893819885076,0.39570603028363427,5.417822778380447,5.983964861389705,10,0.06622987559915264,0.0454484589406949,0.03371800662939902,0.09874174456890625,10,0.1015625,0.05063078670631141,0.0653434170740175,0.1377815829259825,10,0.2958306194624075,0.0515215890667074,0.258974294916045,0.33268694400877,10,0.2508717525646985,0.033624802984835014,0.22681801753699943,0.2749254875923976,10,6.109548853916593,0.581544875291682,5.69353671123456,6.525560996598625,10
{},uncertainty_aware,90,3.03319932414036,0.8762780730515015,2.4063477530168136,3.6600508952639066,10,0.02190193443599271,0.04617666241561781,-0.011130859918511714,0.05493472879049713,10,0.115625,0.06344767638683775,0.0702372665277623,0.1610127334722377,10,0.2638194781085659,0.059502894469497795,0.22125367162351522,0.3063852845936165,10,0.4365745761139612,0.10519308111387847,0.3613239790769566,0.5118251731509658,10,3.431410918290461,1.0405267569827528,2.6870629168171978,4.175758919763725,10
{},ucb,91,6.942709183837984,0.7326741762385895,6.41858565202639,7.466832715649577,10,0.06067814652093362,0.033716934468992064,0.03655850459978384,0.0847977884420834,10,0.0828125,0.039010381898070844,0.05490615390397249,0.1107188460960275,10,0.2968371189595244,0.028466044346267164,0.27647373755025184,0.317200500368797,10,0.26918042803307,0.016317489701797482,0.25750759908649556,0.28085325697964447,10,7.433444996490839,0.6250388767855626,6.986319119471092,7.880570873510586,10
{},sliding_window_ucb,91,6.946224846183088,0.7106110193973625,6.43788434598577,7.454565346380406,10,0.08355442132877834,0.031286953861996265,0.06117308281626074,0.10593575984129594,10,0.1,0.028716768233521296,0.07945726152648397,0.12054273847351604,10,0.3090678342285529,0.02008697333653814,0.2946984791318567,0.32343718932524906,10,0.4722305547270792,0.030744095998958523,0.45023755333585574,0.49422355611830265,10,7.422584156091814,0.6827699730247287,6.934159940687102,7.911008371496526,10
{},discounted_ucb,91,7.611680640189439,0.8313993553769454,7.016933369686287,8.206427910692591,10,0.07600792683170529,0.04414453314774759,0.044428830182832856,0.10758702348057772,10,0.096875,0.04087795181322621,0.06763267486775004,0.12611732513224996,10,0.3066908208841555,0.029542564113751547,0.28555734362478,0.327824298143531,10,0.47256276301823563,0.031705490528817507,0.4498820214106981,0.49524350462577316,10,8.100097100735585,0.862570827471431,7.48305110239982,8.71714309907135,10
{},thompson,91,5.6967444710155215,0.829504050896716,5.103353019661252,6.290135922369791,10,0.03864234655734674,0.03754542360817314,0.011783968490982427,0.06550072462371105,10,0.084375,0.039802027446964164,0.055902344793476735,0.11284765520652328,10,0.26895596030711805,0.05793385121578297,0.22751257974940672,0.3103993408648294,10,0.12416048917832827,0.020213114845591244,0.10970089788199913,0.1386200804746574,10,6.149391475426783,0.8011188091733621,5.576305602767463,6.722477348086103,10
{},linucb,91,5.000190545168141,0.6792162548048752,4.514308506633937,5.486072583702344,10,0.05147669010559096,0.04848743787469714,0.016790866568245758,0.08616251364293616,10,0.0953125,0.03715845621195202,0.06873094173291479,0.1218940582670852,10,0.2917174150663799,0.0402817978457347,0.2629015527918073,0.32053327734095244,10,0.26498358844849146,0.03301195445237607,0.2413682588508117,0.2885989180461712,10,5.4432893417273025,0.6125393597527874,5.00510508053847,5.881473602916135,10
{},sliding_window_linucb,91,5.74010543314537,0.3948421797043143,5.4576523531184,6.02255851317234,10,0.03921161326029445,0.03911147623711159,0.011232948630677819,0.06719027788991108,10,0.08125,0.037413093741808276,0.054486285017408306,0.1080137149825917,10,0.2662845929863814,0.053052604142915766,0.228333046232081,0.3042361397406818,10,0.6389013663445245,0.050484460128135296,0.6027869591467699,0.6750157735422792,10,6.153291748798536,0.5847045786780288,5.735019290478205,6.571564207118867,10
{},uncertainty_aware,91,3.0785611693038675,0.9063827658804439,2.4301739982624793,3.7269483403452557,10,0.04536184516350697,0.036800374014903166,0.019036443468992137,0.0716872468580218,10,0.0875,0.0369754986443726,0.061049321692385555,0.11395067830761443,10,0.2860690317123906,0.04241903742896607,0.25572428034220185,0.3164137830825794,10,1.0,0.0,1.0,1.0,10,3.4949382518984144,1.077206345270291,2.7243512536348518,4.265525250161978,10
{},ucb,92,7.001766645072695,0.7484507181662647,6.466357255040524,7.537176035104865,10,0.05905746123471055,0.03850193733252225,0.031514834469960465,0.08660008799946063,10,0.096875,0.05145453764678529,0.060066641149935124,0.13368335885006488,10,0.3003658703758333,0.04524100703135856,0.2680024035620839,0.3327293371895827,10,0.2803349008919798,0.02420608860220115,0.2630189082434296,0.29765089354053004,10,7.501227012632808,0.6191099477806806,7.058342435921817,7.944111589343798,10
{},sliding_window_ucb,92,7.007190108392793,0.6839150825338411,6.517946730992624,7.496433485792962,10,0.06096526220970451,0.039589435225113614,0.032644686317241434,0.08928583810216759,10,0.1015625,0.05221337931188391,0.06421129852425513,0.1389137014757449,10,0.2980151883047347,0.041424583869190186,0.2683818261562163,0.32764855045325314,10,0.4755407809214394,0.03173976098635442,0.4528355237054315,0.49824603813744733,10,7.488015490162684,0.673259002211772,7.006395013411673,7.969635966913694,10
{},discounted_ucb,92,7.684926781764237,0.8233013195302138,7.095972497128986,8.273881066399488,10,0.07324614157479883,0.0294294152587051,0.05219360613028551,0.09429867701931216,10,0.1046875,0.03686528826913831,0.07831566144542097,0.13105933855457902,10,0.3132767361930632,0.026899967237487946,0.29403365885886606,0.3325198135272603,10,0.4505529338037986,0.019461290430310134,0.4366311652950315,0.46447470231256577,10,8.180789982694785,0.8560516249505694,7.568407540903855,8.793172424485714,10
{},thompson,92,5.7421851004548525,0.8367949609569113,5.1435780462380825,6.340792154671623,10,0.045440629439331824,0.04424525310187448,0.013789482075703893,0.07709177680295975,10,0.0859375,0.03914920931867945,0.057931842749899584,0.11394315725010042,10,0.2716414146348748,0.053266575641252666,0.2335368018915544,0.3097460273781952,10,0.1339839204284882,0.031957449303276785,0.11112293837161688,0.1568449024853595,10,6.188449035827793,0.8088789437932843,5.609811897276712,6.767086174378873,10
{},linucb,92,5.031437882986507,0.675137266256441,4.548473777079874,5.514401988893141,10,0.031247337818365688,0.04055415663015029,0.002236641806454852,0.060258033830276524,10,0.1078125,0.04855217161008924,0.07308036873799165,0.14254463126200836,10,0.2732662023665493,0.04162651327428992,0.2434883886235707,0.3030440161095279,10,0.1657880431016905,0.026488634149041297,0.14683921573297526,0.18473687047040577,10,5.483971689859987,0.6060625939382328,5.050420627825066,5.917522751894909,10
{},sliding_window_linucb,92,5.810360711579586,0.3814543147117546,5.537484733231483,6.083236689927689,10,0.07025527843421595,0.02790730738054374,0.0502915933720046,0.09021896349642729,10,0.0984375,0.041043517301761555,0.06907673645213296,0.12779826354786705,10,0.30802528609019897,0.028732499812954733,0.2874712939226931,0.32857927825770483,10,0.5482395286029493,0.06832908801397916,0.49935984361226426,0.5971192135936344,10,6.22873318065487,0.5791840913767611,5.814409841049922,6.643056520259818,10
{},uncertainty_aware,92,3.1505655573335143,0.8937815694944659,2.511192739150551,3.7899383755164777,10,0.0720043880296472,0.03056076858077266,0.05014253117308,0.09386624488621441,10,0.1,0.039802027446964164,0.07152734479347674,0.1284726552065233,10,0.3093972807378711,0.02860501407073649,0.2889344863764761,0.32986007509926607,10,1.0,0.0,1.0,1.0,10,3.5717516784024204,1.0782359844130496,2.800428120667409,4.343075236137432,10
{},ucb,93,7.076385157978851,0.7589408653739809,6.533471568696807,7.619298747260895,10,0.07461851290615715,0.045123863988797634,0.042338845176892195,0.1068981806354221,10,0.1015625,0.05273035607113694,0.06384147562928799,0.139283524370712,10,0.3101061988705934,0.03805715728578729,0.28288174858392096,0.3373306491572658,10,0.2678616206584373,0.01749026170406597,0.2553498411608903,0.28037340015598433,10,7.5866227399301165,0.649938553648124,7.121684707109858,8.051560772750376,10
{},sliding_window_ucb,93,7.0749514258124435,0.6719526104342286,6.594265485441426,7.555637366183461,10,0.06776131741965039,0.04150506153898651,0.038070385014265344,0.09745224982503542,10,0.1078125,0.06482230652800863,0.061441415363095976,0.15418358463690404,10,0.2872513633046334,0.103765575108261,0.21302194254708712,0.3614807840621797,10,0.4565328149969994,0.028690897966694794,0.43600858299751744,0.4770570469964813,10,7.550556381894033,0.6727618074431325,7.069291576854391,8.031821186933676,10
{},discounted_ucb,93,7.736555339312199,0.8141500070965438,7.15414750922523,8.318963169399167,10,0.0516285575479609,0.029538875784633264,0.030497718760291746,0.07275939633563006,10,0.090625,0.05402626033287475,0.05197694156615413,0.12927305843384587,10,0.28932265569553295,0.07621485152133264,0.2348018353208717,0.34384347607019417,10,0.46612148152514077,0.017225940629267446,0.45379878593384915,0.4784441771164324,10,8.245402166817032,0.8599347642995965,7.63024189447586,8.860562439158203,10
{},thompson,93,5.8108775540578295,0.8563786702939884,5.198261158121913,6.423493949993746,10,0.06869245360297628,0.07105006695360062,0.017866297536784134,0.11951860966916843,10,0.109375,0.05752792196451698,0.06822200373552446,0.15052799626447555,10,0.2946579116993543,0.058932669266463934,0.2525000197512625,0.33681580364744607,10,0.12191362728496571,0.01964510918243235,0.10786036276241778,0.13596689180751365,10,6.258396475953863,0.8495961081423297,5.650632032693431,6.866160919214296,10
{},linucb,93,5.067286508438629,0.6890379494092745,4.57437845284066,5.560194564036598,10,0.035848625452121155,0.038971965251704176,0.007969760969376957,0.06372748993486535,10,0.09375,0.04941058844013093,0.0584037943304047,0.1290962056695953,10,0.2628339818938131,0.06696379165543417,0.21493097108193387,0.31073699270569227,10,0.15993294019809784,0.024574649904246515,0.1423532946768494,0.17751258571934628,10,5.522095200180515,0.6316184962818668,5.070262546915311,5.973927853445719,10
{},sliding_window_linucb,93,5.870130803062159,0.3830970280983956,5.596079698348362,6.144181907775955,10,0.059770091482572354,0.028585311683766396,0.03932139135976088,0.08021879160538384,10,0.1015625,0.07074519639169857,0.050954435195697034,0.15217056480430297,10,0.2969057393271718,0.08418208753360223,0.23668550164949448,0.3571259770048491,10,0.5452946783159509,0.0612389736853176,0.5014869555745207,0.5891024010573811,10,6.300928448408756,0.5794773493872933,5.886395324660738,6.715461572156775,10
{},uncertainty_aware,93,3.2283874730652498,0.893683392433662,2.589084886520742,3.8676900596097576,10,0.07782191573173555,0.034843016743734245,0.052896723078637894,0.10274710838483321,10,0.1078125,0.06606581446011074,0.060551863376215445,0.15507313662378458,10,0.3149028400180965,0.04716567495300381,0.2811625487148639,0.34864313132132907,10,1.0,0.0,1.0,1.0,10,3.661944046847232,1.076548084710342,2.8918279398211686,4.432060153873295,10
{},ucb,94,7.148786518474049,0.7637945355902341,6.602400822683418,7.69517221426468,10,0.072401360495198,0.05455746685316373,0.03337329980855738,0.11142942118183863,10,0.1078125,0.08083829989037787,0.04998426390506173,0.1656407360949383,10,0.3017649570439164,0.08889489897569866,0.2381733771545146,0.36535653693331827,10,0.2745595752363935,0.03057039174709584,0.25269083438133955,0.2964283160914475,10,7.657351512617955,0.6468021569620711,7.1946571228269836,8.120045902408927,10
{},sliding_window_ucb,94,7.167469462926412,0.6655299460700346,6.691378019863166,7.643560905989659,10,0.09251803711396893,0.03547455390289443,0.06714106999267777,0.11789500423526009,10,0.1140625,0.07066846622119059,0.06350932465306758,0.16461567534693242,10,0.32042493478270234,0.050861806821751086,0.28404059002171783,0.35680927954368685,10,0.47297559117757093,0.03503118008586304,0.4479157945782276,0.49803538777691425,10,7.639945132320657,0.6631554854198418,7.165552276081523,8.114337988559791,10
{},discounted_ucb,94,7.800014987065002,0.8044174360864019,7.22456941886316,8.375460555266844,10,0.06345964775280376,0.04502381674781958,0.03125154950829754,0.09566774599730998,10,0.09375,0.061184063148285055,0.04998155789044759,0.1375184421095524,10,0.30513332294848317,0.04378753894138168,0.2738096045705324,0.33645704132643395,10,0.4564794691993567,0.025915318044934427,0.43794076746502864,0.4750181709336848,10,8.319499305409439,0.8398261199662982,7.718723890662155,8.920274720156723,10
{},thompson,94,5.83021935800461,0.844578404389884,5.226044363775694,6.434394352233527,10,0.01934180394678068,0.04116065564698622,-0.010102755325298876,0.048786363218860235,10,0.09375,0.0736569563735987,0.04105898758406429,0.1464410124159357,10,0.2415745716123067,0.0757079010388421,0.18741640176628918,0.29573274145832423,10,0.11258343376719764,0.017273028112589173,0.10022705381952624,0.12493981371486904,10,6.268934863210092,0.8300331997460483,5.675164881572156,6.862704844848027,10
{},linucb,94,5.11658530061524,0.6989963972819266,4.616553400558645,5.616617200671835,10,0.0492987921766125,0.05038085425023881,0.01325850015911216,0.08533908419411285,10,0.1109375,0.06565392880898717,0.0639715086212242,0.1579034913787758,10,0.29016693407090843,0.0669033539183101,0.24230715781166323,0.33802671033015363,10,0.15384549477537687,0.020642350061720126,0.13907884710289653,0.16861214244785722,10,5.581225949895345,0.6397949188960513,5.123544236246805,6.038907663543886,10
{},sliding_window_linucb,94,5.913642943427957,0.3652720811277688,5.652343037628475,6.17494284922744,10,0.04351214036580013,0.044944769856255576,0.011360588861071129,0.07566369187052913,10,0.11875,0.07373057653827662,0.06600632289084193,0.17149367710915805,10,0.28128678595022916,0.08044126709043832,0.22374257001063153,0.3388310018898268,10,0.4246891465127328,0.05338933978633031,0.38649671359042337,0.46288157943504227,10,6.351179050002909,0.5641663668964125,5.947598743317208,6.754759356688609,10
{},uncertainty_aware,94,3.2283874730652498,0.893683392433662,2.589084886520742,3.8676900596097576,10,0.0,0.0,0.0,0.0,10,0.1,0.07224392035166542,0.04831981266076456,0.15168018733923544,10,0.22525429696185834,0.08414042373938252,0.1650638637671058,0.28544473015661087,10,0.5905758260301537,0.02355220326007784,0.5737275947768159,0.6074240572834915,10,3.6561621594530136,1.0636554810572902,2.8952688654863312,4.417055453419696,10
{},ucb,95,7.225352206557089,0.7623969308192493,6.679966296991224,7.770738116122954,10,0.07656568808303925,0.023150820599134373,0.06000458868815135,0.09312678747792714,10,0.0984375,0.0580209268401401,0.056931829293061544,0.13994317070693846,10,0.3106554184936314,0.04320024291952859,0.27975182638077273,0.34155901060649,10,0.27849988716590335,0.02176646825309269,0.2629290937820775,0.2940706805497292,10,7.725004953371112,0.6469297711996143,7.2622192738540114,8.187790632888213,10
{},sliding_window_ucb,95,7.236833243400964,0.6688563968535339,6.758362200797311,7.715304286004617,10,0.06936378047455326,0.03681377926111233,0.043028789244586224,0.09569877170452029,10,0.096875,0.06412809988175577,0.05100052088167596,0.14274947911832403,10,0.30195669894405314,0.05458380623537063,0.26290979619845134,0.34100360168965493,10,0.474050708020456,0.021229806473136614,0.4588638193471018,0.48923759669381023,10,7.698899853524236,0.6785935076351399,7.213463301478587,8.184336405569885,10
{},discounted_ucb,95,7.869735480671548,0.7995034304270455,7.297805180354193,8.441665780988904,10,0.06972049360654599,0.0297799303575533,0.04841721476541842,0.09102377244767355,10,0.0984375,0.0642337649721702,0.052487432629526105,0.1443875673704739,10,0.31056050234326377,0.04757367194810842,0.27652834757196065,0.3445926571145669,10,0.46779822794250003,0.030096877435028195,0.446268218820668,0.4893282370643321,10,8.387057830012226,0.8379706490525822,7.78760973919693,8.986505920827522,10
{},thompson,95,5.855285993562271,0.8527808363308856,5.245243332998459,6.465328654126083,10,0.02506663555766143,0.029380444931003148,0.004049131375258211,0.04608413974006465,10,0.0890625,0.0642337649721702,0.04311243262952611,0.1350125673704739,10,0.2677420161582717,0.061760142782378576,0.22356147150407124,0.31192256081247216,10,0.12533170650478428,0.02268554944597006,0.10910344204246965,0.14155997096709894,10,6.29367490162789,0.8338620641396484,5.6971659154039,6.8901838878518795,10
{},linucb,95,5.167892353906867,0.680393446015948,4.681168203510153,5.65461650430358,10,0.05130705329162575,0.05034221141797537,0.015294404691052005,0.0873197018921995,10,0.1109375,0.06927279132571139,0.06138273032806318,0.1604922696719368,10,0.2894928848526533,0.06377703746694212,0.24386954065719912,0.33511622904810745,10,0.15047822137815212,0.013801833887829818,0.14060498419118916,0.16035145856511507,10,5.627716857007526,0.6388550849063137,5.170707460094027,6.0847262539210245,10
{},sliding_window_linucb,95,5.982342222235095,0.36485990846133903,5.721337166999003,6.243347277471187,10,0.06869927880713636,0.030253249208269564,0.04705740805741445,0.09034114955685826,10,0.1,0.06678050177010253,0.05222810687339059,0.14777189312660943,10,0.3110552206644957,0.04704983479444148,0.2773977964186815,0.3447126449103099,10,0.44006865052184174,0.04599419971806993,0.40716638211811346,0.47297091892557,10,6.41923229292693,0.5631437835483358,6.0163834983012245,6.822081087552635,10
{},uncertainty_aware,95,3.2512060943714554,0.8868640701049654,2.616781757148941,3.88563043159397,10,0.0228186213062058,0.04186893054628563,-0.007132607306425787,0.05276984991883739,10,0.0984375,0.08137343721830989,0.040226449721873406,0.15664855027812657,10,0.2594263710145688,0.0808835498758296,0.20156576503004173,0.3172869769990958,10,0.5869532995537786,0.01719156125941117,0.5746551974821372,0.59925140162542,10,3.6725865527271084,1.0607597299766396,2.9137647542939926,4.431408351160225,10
{},ucb,96,7.329242055194641,0.7643049781841391,6.782491210769349,7.875992899619932,10,0.10388984863755206,0.037189475620422616,0.07728610042239774,0.1304935968527064,10,0.1171875,0.059498227389561786,0.07462503214281238,0.15974996785718762,10,0.32149576848508005,0.04219898307276939,0.2913084345182894,0.3516831024518707,10,0.2583906987830382,0.01626716363465292,0.24675387093614687,0.27002752662992957,10,7.828826383423353,0.656349035120175,7.359302568411352,8.298350198435354,10
{},sliding_window_ucb,96,7.298395229267898,0.6529875998154951,6.831276040215133,7.765514418320663,10,0.0615619858669324,0.08684248691091462,-0.0005613868779923981,0.1236853586118572,10,0.0984375,0.026608416196760003,0.07940298571623573,0.11747201428376426,10,0.2947900146356663,0.025880873619368264,0.27627595295903973,0.31330407631229285,10,0.46219488312479784,0.0268385864837412,0.44299571493668827,0.4813940513129074,10,7.776015529727064,0.6643674116296293,7.300755713704211,8.251275345749917,10
{},discounted_ucb,96,7.958566811698134,0.7685435722783452,7.408783859715871,8.508349763680396,10,0.08883133102658573,0.07120384214736208,0.03789517081356663,0.13976749123960483,10,0.109375,0.05311478659992484,0.07137897059564682,0.14737102940435318,10,0.3160996372379276,0.039783493863100206,0.2876402401586141,0.3445590343172411,10,0.4650574309454896,0.015081322139281267,0.4542689030017199,0.47584595888925935,10,8.485483128817316,0.8132526579986032,7.903717223604642,9.067249034029992,10
{},thompson,96,5.917935594400129,0.8437014188964542,5.314387957800389,6.521483230999869,10,0.06264960083785724,0.05616558670666643,0.022471160508356507,0.10282804116735797,10,0.1015625,0.06598364301729129,0.05436064528531137,0.14876435471468863,10,0.2834406363379321,0.06410386080404075,0.2375834968112463,0.3292977758646179,10,0.1237373343619407,0.018221639209276243,0.11070235891515703,0.13677230980872437,10,6.3594411995329825,0.8145092785844886,5.776776362105988,6.942106036959977,10
{},linucb,96,5.220078206334026,0.7070171762911522,4.714308586621775,5.7258478260462775,10,0.052185852427159306,0.059437458261504664,0.009666856185398233,0.09470484866892037,10,0.1203125,0.07218757515628603,0.06867261958539847,0.17195238041460154,10,0.27435566675411127,0.11098347253220335,0.19496287322763237,0.35374846028059015,10,0.16014571513836273,0.015258616558409838,0.14923035840747623,0.17106107186924924,10,5.684398185328798,0.6447126170852763,5.22319856231903,6.145597808338567,10
{},sliding_window_linucb,96,6.073880784245025,0.38270996768127274,5.800106565873652,6.347655002616398,10,0.09153856200993146,0.07925656944138548,0.03484182771509193,0.148235296304771,10,0.1140625,0.05755149415233862,0.072892641208177,0.155232358791823,10,0.31313210568536537,0.05083769211747061,0.27676501154462374,0.349499199826107,10,0.4111805103495457,0.045256363623858625,0.37880605809129897,0.4435549626077925,10,6.514690060179457,0.5851879560086677,6.0960718145474555,6.933308305811458,10
{},uncertainty_aware,96,3.2717630122781616,0.8897873157486075,2.6352475110965674,3.9082785134597557,10,0.02055691790670566,0.04385774600497639,-0.010817023579036727,0.05193085939244804,10,0.115625,0.06471760236253778,0.0693288162109513,0.1619211837890487,10,0.2578656392855216,0.045964080168135725,0.224984917109844,0.2907463614611992,10,0.5951684829450679,0.019141709318863834,0.5814753289913972,0.6088616368987385,10,3.7127778535797917,1.062644833405757,2.9526075333901547,4.472948173769429,10
{},ucb,97,7.408560266985413,0.7702783710100123,6.857536314749952,7.959584219220874,10,0.07931821179077182,0.048130338362566145,0.0448878418555546,0.11374858172598905,10,0.10625,0.07133705695109972,0.0552185436571473,0.1572814563428527,10,0.3004866734404932,0.08358964865965106,0.2406902410026728,0.3602831058783136,10,0.263593802827437,0.015611035323511522,0.2524263408991351,0.27476126475573887,10,7.916349387782068,0.6514517704255575,7.450328864889815,8.38236991067432,10
{},sliding_window_ucb,97,7.3781809846984014,0.642001983617091,6.918920432059703,7.8374415373371,10,0.07978575543050453,0.05962471954785851,0.03713280053432598,0.12243871032668309,10,0.1078125,0.04742158183370849,0.07388914394236543,0.14173585605763458,10,0.30873460026359656,0.032904125126135636,0.285196407119111,0.33227279340808213,10,0.468601987703088,0.02890388906939883,0.4479253910473726,0.48927858435880334,10,7.871786460908879,0.6408923761454435,7.413319673637959,8.3302532481798,10
{},discounted_ucb,97,8.037113998409414,0.7245399988128531,7.518809306593855,8.555418690224972,10,0.07854718671127814,0.047227831705272706,0.04476243114605623,0.11233194227650005,10,0.1046875,0.05986185630497753,0.06186490768695267,0.14751009231304735,10,0.3139518382682286,0.04222591340822987,0.2837452394999857,0.3441584370364715,10,0.45644283895144067,0.022870756922976333,0.4400820850414089,0.47280359286147244,10,8.586471298003767,0.7622381532150636,8.041198971093573,9.13174362491396,10
{},thompson,97,5.9769382854442075,0.8347125677920003,5.37982088555894,6.574055685329475,10,0.059002691044078515,0.06699156852188705,0.01107980985895552,0.10692557222920152,10,0.1109375,0.05435164728414402,0.07205667376344517,0.14981832623655483,10,0.2823515946181692,0.03928910883303265,0.2542458592843318,0.31045732995200664,10,0.12742022082255902,0.02353820587946938,0.11058200269210525,0.1442584389530128,10,6.428829125069373,0.7668790547857451,5.88023689717058,6.977421352968166,10
{},linucb,97,5.271410102534159,0.6927538668733861,4.775843839716155,5.766976365352163,10,0.05133189620013308,0.04280542198016312,0.020710741972878307,0.08195305042738785,10,0.0828125,0.05611964061271241,0.04266692752611246,0.12295807247388754,10,0.2709069845756541,0.09654803967087054,0.20184067763746064,0.3399732915138476,10,0.17143199879863052,0.022663684796754787,0.15521937536412905,0.187644622233132,10,5.742341500822674,0.6201021086558268,5.298747174977796,6.185935826667551,10
{},sliding_window_linucb,97,6.136607153736906,0.3787123637274654,5.865692648961295,6.4075216585125165,10,0.06272636949187874,0.05108531956649895,0.026182133345362443,0.09927060563839503,10,0.1109375,0.06440246851937347,0.06486674938196953,0.15700825061803048,10,0.2972142191049786,0.03234915309964614,0.2740730290322726,0.32035540917768457,10,0.391088704515297,0.06919616522686327,0.3415887498523501,0.44058865917824386,10,6.598940610202655,0.5593697622514149,6.19879158777505,6.999089632630261,10
{},uncertainty_aware,97,3.3047119447908613,0.9032885981966097,2.6585382079703894,3.950885681611333,10,0.03294893251269971,0.0436719446681675,0.0017079052963854292,0.06418995972901399,10,0.1,0.05992979109851052,0.05712881006324196,0.14287118993675804,10,0.26112698340022045,0.06636053834696613,0.21365551400861416,0.30859845279182674,10,0.5861535535641083,0.03337107238957697,0.5622813264699875,0.610025780658229,10,3.7609411678982325,1.0532311187087366,3.0075050135281125,4.514377322268352,10
{},ucb,98,7.46904743810471,0.7583123559474988,6.926583457381378,8.011511418828041,10,0.06048717111929621,0.047286289039493584,0.026660597696333728,0.09431374454225869,10,0.1109375,0.08666829425555038,0.048938737174062455,0.17293626282593755,10,0.3040589178273938,0.09170066997304153,0.23846021027842096,0.36965762537636665,10,0.2697944355016126,0.023482902048706504,0.25299577934842266,0.2865930916548025,10,7.988676136592275,0.6562109955223321,7.519251069159891,8.45810120402466,10
{},sliding_window_ucb,98,7.471463921424669,0.6525778414435478,7.004637855853063,7.938289986996275,10,0.09328293672626663,0.07359826036464724,0.0406339129056883,0.14593196054684496,10,0.125,0.08300717422140222,0.06562024467414261,0.18437975532585738,10,0.3215503520112197,0.06774759887300978,0.27308663929328425,0.3700140647291551,10,0.46838863989265767,0.026509187142492317,0.4494251097981385,0.48735216998717684,10,7.9616046439029144,0.6516000008067052,7.49547808338383,8.427731204421999,10
{},discounted_ucb,98,8.120193174586683,0.7069398620189175,7.614478862173007,8.62590748700036,10,0.08307917617727077,0.05836020060916739,0.04133080363663795,0.1248275487179036,10,0.096875,0.061976978252681315,0.05253934059465526,0.14121065940534475,10,0.3090513274623198,0.045812899128353256,0.2762787536875051,0.34182390123713446,10,0.466342973568446,0.02620104031986536,0.44759987843155136,0.48508606870534066,10,8.663790456448899,0.7505123450810568,8.12690626736566,9.200674645532137,10
{},thompson,98,6.038767160634224,0.8347782797804753,5.441602753224195,6.635931568044254,10,0.061828875190017674,0.03587149423542553,0.036167954060585095,0.08748979631945025,10,0.1015625,0.0516912323991646,0.06458481992420938,0.1385401800757906,10,0.2907750170670338,0.09668309449795433,0.22161209772559887,0.3599379364084687,10,0.14462258635451514,0.027343276182921268,0.1250623849047159,0.16418278780431436,10,6.487871973119222,0.7818173369179684,5.92859354193354,7.047150404304904,10
{},linucb,98,5.314662043826898,0.6945096198880327,4.817839790964657,5.811484296689139,10,0.04325194129273791,0.04852785755373605,0.008537203258854396,0.07796667932662144,10,0.1140625,0.05755149415233862,0.072892641208177,0.155232358791823,10,0.27874246576061323,0.04959942023434933,0.24326117796295363,0.3142237535582728,10,0.15933962383276418,0.03518981502651588,0.1341663466330938,0.18451290103243456,10,5.789351797566102,0.6491366033474893,5.3249874454316615,6.2537161497005425,10
{},sliding_window_linucb,98,6.199612561833383,0.36836605229881586,5.936099362389763,6.463125761277002,10,0.0630054080964774,0.05628378873871642,0.022742411127047835,0.10326840506590695,10,0.1265625,0.08150667257109145,0.06825613889213931,0.18486886110786066,10,0.29351170003988064,0.11398942325418454,0.21196857890537185,0.37505482117438943,10,0.36087684254937713,0.06023777268052033,0.31778533586101115,0.4039683492377431,10,6.660720141225352,0.5456173563344793,6.270408997344381,7.051031285106323,10
{},uncertainty_aware,98,3.3081538867881926,0.9051323153636853,2.6606612341595643,3.9556465394168208,10,0.00344194199733095,0.010884376285754994,-0.004344271746059602,0.011228155740721502,10,0.0953125,0.06182359677384967,0.05108656309478817,0.1395384369052118,10,0.22864458196453524,0.08684510072587695,0.16651933940902616,0.2907698245200443,10,0.5498592894269636,0.06378249718961418,0.5042320395811912,0.595486539272736,10,3.7578535808455826,1.0694861001493419,2.9927893132452135,4.522917848445951,10
{},ucb,99,7.57124706472501,0.7629905073736065,7.025436536071753,8.117057593378266,10,0.10219962662030117,0.057223723481667,0.06126424084132354,0.1431350123992788,10,0.0921875,0.060939725742828146,0.04859384634083246,0.13578115365916754,10,0.30310469648074967,0.04234916552212536,0.27280992846165397,0.33339946449984537,10,0.26980217800916517,0.02930803204216822,0.24883647488687258,0.29076788113145774,10,8.085566570738186,0.662932374990686,7.611333318085347,8.559799823391025,10
{},sliding_window_ucb,99,7.544546210866377,0.6558022234445293,7.075413561362825,8.01367886036993,10,0.07308228944170853,0.03520072281376435,0.047901209281100886,0.09826336960231616,10,0.084375,0.04784868365773272,0.05014611370298948,0.11860388629701053,10,0.28355328541832336,0.07153976800566869,0.23237681832266457,0.3347297525139822,10,0.45782127965031494,0.014959343799552676,0.4471200097542511,0.4685225495463788,10,8.038943666986398,0.6533984712683352,7.571530558202371,8.506356775770426,10
{},discounted_ucb,99,8.209456289885477,0.7024414045384517,7.706959980096746,8.711952599674207,10,0.08926311529879315,0.06081071964039303,0.04576174704591721,0.1327644835516691,10,0.0875,0.04244072664054867,0.057139733102520185,0.1178602668974798,10,0.3003975079972934,0.03136559561800388,0.27795991256151675,0.3228351034330701,10,0.46414374129280755,0.013222458815789382,0.4546849640647862,0.4736025185208289,10,8.757973702111352,0.7456388896085024,8.224575773056433,9.291371631166271,10
{},thompson,99,6.111003705899399,0.8339737873391081,5.514414797713116,6.707592614085681,10,0.07223654526517413,0.07664577825370077,0.017407458476538358,0.1270656320538099,10,0.0953125,0.057739725216314944,0.054007988816640005,0.13661701118335998,10,0.28381719167426006,0.05217781993651199,0.2464914278432601,0.32114295550526,10,0.13076669436616245,0.02278538957424786,0.11446700857858952,0.14706638015373538,10,6.565474902458641,0.7817072217116275,6.00627524294627,7.124674561971013,10
{},linucb,99,5.352979169129284,0.6907844157246271,4.858821766791552,5.847136571467017,10,0.03831712530238742,0.0368590321596264,0.01194976209895236,0.06468448850582248,10,0.078125,0.05155986946151909,0.041241291308845004,0.115008708691155,10,0.25829393596607464,0.09724856056781785,0.18872650656646078,0.3278613653656885,10,0.15676775021906053,0.025394554718784382,0.13860158012647933,0.17493392031164173,10,5.841431471197336,0.6337860791459636,5.3880482225609985,6.294814719833674,10
{},sliding_window_linucb,99,6.252053803230911,0.34287095581920546,6.00677869712282,6.497328909339003,10,0.052441241397528995,0.07896841383166872,-0.0040493587919003746,0.10893184158695837,10,0.084375,0.040477831724428016,0.055418903536496505,0.1133310964635035,10,0.2699049036082155,0.04181687003335685,0.2399909168430368,0.2998188903733942,10,0.32045245161692404,0.04171108244365304,0.29061414073460784,0.35029076249924024,10,6.724410782498727,0.5466354352377273,6.333371348843476,7.115450216153977,10
{},uncertainty_aware,99,3.3459351785000777,0.9188790299288343,2.6886087186726195,4.003261638327536,10,0.03778129171188528,0.04055442441042664,0.00877040414150447,0.06679217928226609,10,0.075,0.04345136169711294,0.043916768335373016,0.10608323166462698,10,0.24191138570537168,0.08463804618164038,0.1813649748599752,0.3024577965507682,10,0.5476259369333717,0.0729172000001665,0.4954641143479196,0.5997877595188238,10,3.793550704216114,1.0737313334085437,3.0254495796862435,4.561651828745984,10
{},ucb,100,7.640567731785876,0.7507290079423025,7.103528551428575,8.177606912143178,10,0.06932066706086765,0.027578680768485547,0.04959206731508369,0.0890492668066516,10,0.09375,0.0637887953849786,0.04811824469667841,0.1393817553033216,10,0.306349025207158,0.0461575485770113,0.2733299040691007,0.33936814634521534,10,0.2642161320139434,0.016576010219682264,0.2523583686295604,0.2760738953983264,10,8.152003875685498,0.6423380634110251,7.692502906045245,8.61150484532575,10
{},sliding_window_ucb,100,7.60034727715761,0.6413328036443245,7.141565427033778,8.059129127281441,10,0.05580106629123192,0.042093974590862296,0.025688850867160867,0.08591328171530296,10,0.0890625,0.05465028495656114,0.0499680412420933,0.1281569587579067,10,0.28276597103474943,0.047861814726918576,0.2485276913367138,0.31700425073278504,10,0.45835296829037625,0.01980320312313716,0.4441866101755502,0.4725193264052023,10,8.081797917761302,0.6418353859269754,7.622656541930748,8.540939293591855,10
{},discounted_ucb,100,8.282043844147331,0.7020598587847252,7.77982047574848,8.784267212546183,10,0.07258755426185434,0.025355953305651074,0.054448997956738965,0.09072611056696972,10,0.09375,0.04480377743251368,0.061699308399286806,0.1258006916007132,10,0.30542837876890555,0.03260257883822285,0.28210589884395354,0.32875085869385756,10,0.4543875108727115,0.01938155864828115,0.44052277904484555,0.46825224270057747,10,8.823490360620413,0.7419263613919476,8.292748214263883,9.354232506976944,10
{},thompson,100,6.178767386169594,0.8387309024357859,5.578775442846322,6.778759329492866,10,0.0677636802701939,0.04063754979871556,0.03869332837923765,0.09683403216115016,10,0.1015625,0.05764568651348608,0.06032526005213882,0.1427997399478612,10,0.30537259786302395,0.04720982535532128,0.27160072326459145,0.33914447246145646,10,0.1247961605441529,0.020697583546753988,0.1099900012167118,0.13960231987159402,10,6.630935780061819,0.782281082628712,6.071325605179334,7.190545954944303,10
{},linucb,100,5.399710671226634,0.7053788915911199,4.895113009788526,5.904308332664742,10,0.046731502097349165,0.05288314751993519,0.008901177308563372,0.08456182688613495,10,0.1078125,0.062695008274184,0.06296319286006635,0.15266180713993366,10,0.28121915473277537,0.06040756729504811,0.2380061842943073,0.3244321251712434,10,0.1623482806225265,0.024646204125855265,0.1447174482946976,0.17997911295035537,10,5.882738905670264,0.6450124472186185,5.421324797103986,6.344153014236542,10
{},sliding_window_linucb,100,6.299711533285466,0.33607608930000876,6.059297181867151,6.540125884703781,10,0.047657730054555356,0.04977605212799053,0.012050087411961723,0.08326537269714898,10,0.103125,0.05809101455666119,0.06156919156102322,0.14468080843897677,10,0.2837006400335211,0.061788467573041496,0.23949983304470923,0.3279014470223329,10,0.32418205263019995,0.028157916527809655,0.3040390925837881,0.3443250126766118,10,6.7681997022724,0.5124767369648233,6.401595929326244,7.134803475218557,10
{},uncertainty_aware,100,3.3459351785000777,0.9188790299288343,2.6886087186726195,4.003261638327536,10,0.0,0.0,0.0,0.0,10,0.0984375,0.04998372130837533,0.06268129977505715,0.13419370022494284,10,0.2384917275327175,0.03578984057744141,0.21288921791142307,0.2640942371540119,10,0.5397264078341266,0.11109514556935975,0.4602537282293052,0.619199087438948,10,3.792130711488985,1.0877691007458001,3.01398757314975,4.57027384982822,10
{},ucb,101,7.71490110500401,0.7450544968735162,7.181921225327872,8.247880984680148,10,0.07433337321813313,0.03097248548249873,0.05217699183260406,0.0964897546036622,10,0.096875,0.04218428485690956,0.06669818050343039,0.1270518194965696,10,0.30864624060358997,0.029527213124146027,0.2875237447806426,0.32976873642653737,10,0.25678493700556393,0.017456008480331287,0.24429766078816792,0.26927221322295997,10,8.231658076656036,0.6282348672116432,7.782245925813519,8.681070227498552,10
{},sliding_window_ucb,101,7.63897303882167,0.6265307787165506,7.190779919452534,8.087166158190808,10,0.03862576166406051,0.042288342920759565,0.008374503512892022,0.068877019815229,10,0.0921875,0.03788145113743371,0.06508874231997695,0.11928625768002306,10,0.2756655433254925,0.03814930281959596,0.24837517609485404,0.3029559105561309,10,0.45835296829037625,0.01980320312313716,0.4441866101755502,0.4725193264052023,10,8.128471421453742,0.6203580155666953,7.684694030832885,8.5722488120746,10
{},discounted_ucb,101,8.35151822578059,0.7166440326983321,7.838861967854504,8.864174483706675,10,0.06947438163325849,0.029133786072425925,0.04863332656876169,0.0903154366977553,10,0.1,0.04244072664054867,0.0696397331025202,0.13036026689747982,10,0.3103675781644752,0.029494756966864155,0.2892683000777812,0.3314668562511692,10,0.46724368722898885,0.0234570319315284,0.450463537442781,0.4840238370151967,10,8.904865899151837,0.7538195823213462,8.365615855069017,9.444115943234657,10
{},thompson,101,6.211678245478856,0.8337433146856157,5.615254207496891,6.808102283460821,10,0.03291085930926223,0.030620742056011865,0.011006100013006538,0.05481561860551792,10,0.0984375,0.03686528826913831,0.07206566144542097,0.12480933855457903,10,0.2803746334489286,0.04368733617659094,0.24912259581077004,0.3116266710870872,10,0.11150509397864856,0.011954226529370041,0.10295355547511469,0.12005663248218244,10,6.682318373877695,0.7814680113815924,6.123289835126898,7.241346912628491,10
{},linucb,101,5.451918057694333,0.7180605944299514,4.938248452550774,5.965587662837891,10,0.052207386467698916,0.036691204431092035,0.025960079988887247,0.07845469294651058,10,0.0984375,0.03612196017583271,0.07259740633038228,0.12427759366961771,10,0.29362188574128656,0.046608777887038634,0.26027997460011687,0.32696379688245625,10,0.15295977882587383,0.018048890499989097,0.14004838036127928,0.16587117729046838,10,5.947368751778501,0.6363695789770346,5.492137378696387,6.402600124860615,10
{},sliding_window_linucb,101,6.313433125531187,0.33469221070959637,6.074008741219573,6.552857509842801,10,0.0137215922457203,0.023032322364754283,-0.002754738618856372,0.03019792311029697,10,0.084375,0.032274861218395144,0.06128695513760579,0.10746304486239422,10,0.24845551683440972,0.0365578541610102,0.2223036033922165,0.27460743027660295,10,0.3331266051580025,0.07995495401568603,0.2759302766349014,0.39032293368110366,10,6.787663179473759,0.5203004135386478,6.415462685460298,7.159863673487219,10
{},uncertainty_aware,101,3.369789148362009,0.9058687260715957,2.721769699247833,4.017808597476185,10,0.02385396986193204,0.03176999772183376,0.0011270825883844295,0.046580857135479645,10,0.090625,0.03193689524324144,0.06777872143192107,0.11347127856807893,10,0.26051845277387287,0.04324138114599628,0.22958543214661042,0.2914514734011353,10,0.6820988900649836,0.2865701902138254,0.4770989254451314,0.8870988546848357,10,3.823657124629807,1.0729545487388794,3.0561116783778464,4.591202570881768,10
{},ucb,102,7.801618810236559,0.7485274748944247,7.266154511748819,8.3370831087243,10,0.08671770523254814,0.029302531744132925,0.0657559367864401,0.10767947367865618,10,0.096875,0.021850184336878156,0.08124431973749596,0.11250568026250404,10,0.30811180643203506,0.014581498139940635,0.2976808310379724,0.31854278182609774,10,0.2711723571741941,0.02584240468770724,0.25268581451349725,0.2896588998348909,10,8.320440757566775,0.6294687535548934,7.870145937607409,8.77073557752614,10
{},sliding_window_ucb,102,7.703252228593385,0.6398479780030052,7.24553255874626,8.16097189844051,10,0.06427918977171357,0.04841424075898921,0.029645728296588465,0.09891265124683868,10,0.0984375,0.04998372130837532,0.06268129977505717,0.1341937002249428,10,0.30119215872495436,0.030860797226137934,0.2791156743049308,0.32326864314497794,10,0.4755407809214394,0.03173976098635442,0.4528355237054315,0.49824603813744733,10,8.210334454657403,0.6235498059218715,7.764273794763503,8.656395114551303,10
{},discounted_ucb,102,8.432144685406737,0.7262442967954682,7.912620812259453,8.95166855855402,10,0.08062645962614597,0.03213250140361613,0.057640252840389136,0.1036126664119028,10,0.096875,0.04588065738655259,0.06405395488724466,0.12969604511275534,10,0.3083603384944694,0.03157503487653049,0.28577291923872067,0.3309477577502182,10,0.4606714704981119,0.011829528717276713,0.45220913543562063,0.4691338055606032,10,8.993897112125008,0.7617234803936422,8.448992959971942,9.538801264278074,10
{},thompson,102,6.255966399867485,0.8241790292384018,5.666384239531028,6.845548560203942,10,0.04428815438862975,0.05063417361047213,0.008066648617365953,0.08050966015989355,10,0.1109375,0.05179608287688258,0.07388481441087763,0.14799018558912236,10,0.28901253520646497,0.04590264561559881,0.256175760662211,0.32184930975071896,10,0.11558133008215712,0.013010828945548652,0.10627394374332591,0.12488871642098834,10,6.752001783562863,0.7727250775950338,6.19922756287488,7.304776004250847,10
{},linucb,102,5.490768167283929,0.7399342930172763,4.961451060796421,6.020085273771437,10,0.03885010958959549,0.04805999970480638,0.004470056898964667,0.07323016228022632,10,0.0875,0.04114253678777396,0.05806840217898656,0.11693159782101342,10,0.27270144855601786,0.04664210303350634,0.23933569804117938,0.30606719907085633,10,0.15070244098642174,0.02123507482774333,0.1355117835592164,0.1658930984136271,10,6.000741074813221,0.6679903056270801,5.522889596549628,6.4785925530768145,10
{},sliding_window_linucb,102,6.361351364962557,0.37849254030253604,6.0905941123920675,6.632108617533047,10,0.04791823943137088,0.04889749218547468,0.012939080710980676,0.08289739815176109,10,0.090625,0.050924610673251325,0.054195728070122136,0.12705427192987787,10,0.2820620963891868,0.0473390279430152,0.24819779582737586,0.3159263969509977,10,0.30389262779193726,0.02056207157123665,0.2891834078920266,0.3186018476918479,10,6.85039615034165,0.5491469602125678,6.457560079951086,7.243232220732215,10
{},uncertainty_aware,102,3.409520034687172,0.8866420020853791,2.7752545553560677,4.043785514018276,10,0.039730886325162716,0.051186239226259374,0.0031144566030868043,0.07634731604723863,10,0.1046875,0.05158616881005993,0.06778497788824332,0.1415900221117567,10,0.27767782416347464,0.06654857029543894,0.2300718448189819,0.3252838035079674,10,0.7217019528213877,0.3047212689569163,0.5037174886715272,0.9396864169712482,10,3.882005823271986,1.0448665213431128,3.134553341393177,4.629458305150795,10
{},ucb,103,7.8627054722496466,0.746136118335642,7.328951847190912,8.396459097308382,10,0.061086662013088724,0.03486384670285648,0.03614656850488152,0.08602675552129593,10,0.0734375,0.031293372678749584,0.05105156974258965,0.09582343025741036,10,0.28982384822771595,0.021578394268335126,0.2743875948677232,0.3052601015877087,10,0.26107152269783057,0.0240158784758669,0.24389159817674244,0.2782514472189187,10,8.38350523794402,0.640356203408856,7.9254220055430205,8.84158847034502,10
{},sliding_window_ucb,103,7.762158062130662,0.6325165854479211,7.309682954578328,8.214633169682996,10,0.058905833537276964,0.04372369654521449,0.027627785258319257,0.09018388181623467,10,0.0765625,0.03163821364268216,0.0539298853775728,0.09919511462242721,10,0.28482097244370214,0.033983852025995374,0.2605103892048205,0.30913155568258377,10,0.454724401266385,0.013057585773013036,0.44538356710812504,0.464065235424645,10,8.268396059250632,0.6290686197341127,7.818387477783282,8.718404640717983,10
{},discounted_ucb,103,8.511541800024613,0.739948491327975,7.982214536677493,9.040869063371733,10,0.07939711461787609,0.025086782200457947,0.06145111172175313,0.09734311751399904,10,0.0765625,0.05126968625968631,0.0398863758662779,0.11323862413372211,10,0.29201377089518443,0.03686483082499367,0.2656422595764334,0.31838528221393547,10,0.45741892298422043,0.019547122609346067,0.44343575383342393,0.47140209213501694,10,9.059151515169722,0.7810237564030311,8.500440777285858,9.617862253053586,10
{},thompson,103,6.28751212670806,0.8329426800154296,5.691660828266586,6.8833634251495335,10,0.03154572684057495,0.03502903494060406,0.0064874647857069805,0.05660398889544292,10,0.075,0.031075903937867286,0.05276963750821639,0.0972303624917836,10,0.2558087910881651,0.046536730530020706,0.2225184195213964,0.28909916265493385,10,0.12029562210451097,0.01595618070898413,0.10888125804114125,0.1317099861678807,10,6.781051206800558,0.7998383278230733,6.208881335318156,7.353221078282959,10
{},linucb,103,5.537944675232895,0.7471599115479316,5.003458672629445,6.072430677836345,10,0.04717650794896654,0.04575825230785627,0.014443026154584655,0.07990998974334843,10,0.075,0.04218428485690956,0.044823180503430385,0.10517681949656961,10,0.2636929659087314,0.04940223084057377,0.22835273890569682,0.299033192911766,10,0.14875587154231798,0.020748477265079637,0.1339133050420012,0.16359843804263477,10,6.037674672871481,0.6776617844736964,5.5529046354238405,6.522444710319122,10
{},sliding_window_linucb,103,6.396934221794108,0.3837578806851054,6.122410371618569,6.6714580719696475,10,0.0355828568315502,0.04339705561540795,0.004538473397508052,0.06662724026559234,10,0.071875,0.04727835715795924,0.03805410070327058,0.1056958992967294,10,0.2548351854539094,0.0576037124197289,0.21362797196389,0.29604239894392875,10,0.30608152267201766,0.051509384255354444,0.2692339289217428,0.3429291164222925,10,6.8784719679450905,0.5600915880542034,6.47780658244454,7.279137353445641,10
{},uncertainty_aware,103,3.4744987857332648,0.893996965711054,2.834971882379241,4.114025689087288,10,0.06497875104609242,0.04965770636107204,0.029455767865158418,0.10050173422702643,10,0.0828125,0.04543505934909248,0.0503102165206366,0.11531478347936339,10,0.2758044627420498,0.059599866404020145,0.2331692867139515,0.318439638770148,10,0.8259554573435862,0.2882461157081717,0.6197566078474315,1.032154306839741,10,3.931050918163564,1.0390828980839075,3.187735791124862,4.674366045202265,10
{},ucb,104,7.933772656086201,0.7354000591248837,7.407699145126982,8.45984616704542,10,0.07106718383655378,0.028086928820130325,0.05097500533707061,0.09115936233603694,10,0.0640625,0.047990206249122674,0.029732374539885302,0.09839262546011468,10,0.2837630869287352,0.034789807952146944,0.2588759575521588,0.3086502163053116,10,0.25927951692323326,0.01677057292865944,0.2472825717613356,0.2712764620851309,10,8.459762695962294,0.639164898495964,8.00253167175787,8.916993720166717,10
{},sliding_window_ucb,104,7.826678014461161,0.6173445750453039,7.385056309328066,8.268299719594257,10,0.06451995233050041,0.0378845283701288,0.03741899333081758,0.09162091133018324,10,0.0796875,0.04626337081500511,0.04659267819318667,0.11278232180681333,10,0.28132911660783355,0.03850169766479027,0.2537866612910507,0.3088715719246164,10,0.45012571041870936,0.02315602607235634,0.4335608872526032,0.4666905335848155,10,8.342219546948005,0.6246308677209582,7.895385542030328,8.789053551865681,10
{},discounted_ucb,104,8.582235949928805,0.7358404708417369,8.055847387406457,9.108624512451152,10,0.07069414990419447,0.011769490768490742,0.0622747634029886,0.07911353640540034,10,0.0609375,0.039972049696562276,0.032343218203055045,0.08953178179694496,10,0.2821823747419515,0.02985424219325513,0.26082593641595797,0.30353881306794506,10,0.4659666760506057,0.020527795110962848,0.45128197605326476,0.48065137604794667,10,9.133828261001213,0.7802227361048488,8.575690538519492,9.691965983482934,10
{},thompson,104,6.357360774694426,0.8419869866865864,5.755039569015864,6.959681980372988,10,0.06984864798636561,0.03955684107837495,0.04155138854186684,0.09814590743086439,10,0.071875,0.051137240452639905,0.03529362188901773,0.10845637811098226,10,0.28190289189490947,0.0420989720227083,0.2517871015234552,0.31201868226636376,10,0.13248247481158115,0.026987860386812956,0.11317652250602535,0.15178842711713694,10,6.8554484697850055,0.8079145821786428,6.277501193974829,7.433395745595182,10
{},linucb,104,5.5854605953019325,0.7556625212299403,5.044892192143534,6.126028998460331,10,0.04751592006903786,0.04394784143097229,0.016077528198111347,0.07895431193996438,10,0.08125,0.0535218024111047,0.042962809024272866,0.11953719097572714,10,0.2677731334792745,0.03438747921108782,0.24317381274609234,0.29237245421245667,10,0.15002891078539185,0.025133244281243493,0.13204967091891237,0.16800815065187133,10,6.097942177440293,0.6901825402374278,5.604215330888874,6.591669023991713,10
{},sliding_window_linucb,104,6.455181053356898,0.40013512939332985,6.168941625216841,6.741420481496955,10,0.058246831562788995,0.044066554097300065,0.02672351776617661,0.08977014535940138,10,0.071875,0.04431676538788051,0.04017269582871463,0.10357730417128536,10,0.26902171799025,0.03956180057230836,0.24072091073751573,0.29732252524298425,10,0.3273151302057182,0.0844737605599376,0.26688624221436136,0.387744018197075,10,6.939988057024877,0.5649416510001,6.535853145501501,7.344122968548253,10
{},uncertainty_aware,104,3.5122418233410917,0.8887861192632475,2.8764425349795513,4.148041111702632,10,0.0377430376078276,0.034870326869345096,0.012798308467770816,0.06268776674788439,10,0.0625,0.047163464261132375,0.028761290130464696,0.09623870986953531,10,0.2530035123128599,0.04806837027014785,0.21861747168050502,0.2873895529452148,10,0.7951103131576908,0.2170916555195547,0.6398122981493356,0.9504083281660459,10,3.9765488015659622,1.0253067613602376,3.2430885290703775,4.7100090740615475,10
{},ucb,105,8.004048380946735,0.7645222271471384,7.457142125975443,8.550954635918027,10,0.07027572486053381,0.0509935523503935,0.03379713502580187,0.10675431469526575,10,0.071875,0.06718548123582124,0.023813402015805236,0.11993659798419476,10,0.275051414622922,0.07669154954196568,0.22018958502712993,0.32991324421871404,10,0.25667826024601326,0.01701003270096534,0.2445100158822902,0.2688465046097363,10,8.542269750545923,0.6637351439845615,8.067462231549403,9.017077269542444,10
{},sliding_window_ucb,105,7.9253107754408365,0.6143793959525246,7.485810231649253,8.36481131923242,10,0.09863276097967427,0.05133767555195477,0.06190800023619466,0.13535752172315388,10,0.0921875,0.05726798753084775,0.051220449627753926,0.13315455037224608,10,0.28995657507095807,0.0774055205270605,0.2345840014003031,0.345329148741613,10,0.4871832580066672,0.016198935270881187,0.4755952377909842,0.4987712782223501,10,8.439631761979667,0.6316658850408765,7.987765208838439,8.891498315120895,10
{},discounted_ucb,105,8.662499239391659,0.7514586078652379,8.124938134690877,9.20006034409244,10,0.0802632894628523,0.037463152463639536,0.053463764627893665,0.10706281429781093,10,0.0796875,0.06397987557948723,0.03391905415993906,0.12545594584006092,10,0.28005798324853504,0.07807145866078022,0.2242090261349627,0.3359069403621074,10,0.45782518827367535,0.014350130781529491,0.4475597231172724,0.46809065343007833,10,9.221341884210453,0.7904006145387485,8.655923346102732,9.786760422318174,10
{},thompson,105,6.430596636800397,0.8649141691262063,5.811874312828798,7.049318960771996,10,0.07323586210597108,0.06971790661101039,0.023362676140734652,0.12310904807120751,10,0.0859375,0.06515622918331669,0.03932754148555539,0.1325474585144446,10,0.2719606328383307,0.10390514181144006,0.19763137207581927,0.34628989360084217,10,0.12615307504670314,0.023129728981073724,0.1096070636864534,0.1426990864069529,10,6.9348647425840415,0.8429079123812199,6.331884746349921,7.537844738818162,10
{},linucb,105,5.631302998323573,0.747078390882356,5.096875312091223,6.165730684555923,10,0.04584240302164035,0.05260308020899514,0.008212426317877108,0.0834723797254036,10,0.09375,0.06870263519933811,0.044603095450555866,0.14289690454944415,10,0.24709007295354235,0.08023531769111268,0.18969318433903645,0.3044869615680482,10,0.1624190178138415,0.023116621122334716,0.14588238325086342,0.17895565237681957,10,6.152487890354543,0.6857537505280993,5.661929209106861,6.643046571602224,10
{},sliding_window_linucb,105,6.512019901948418,0.40214743600413605,6.224340956377355,6.799698847519481,10,0.05683884859152059,0.05675425498704975,0.016239300342311358,0.09743839684072982,10,0.078125,0.05938413672391344,0.035644147688392726,0.12060585231160728,10,0.25107780339611996,0.08601288715041358,0.18954789056907584,0.3126077162231641,10,0.30202133936092374,0.030637690900122073,0.28010445559198527,0.3239382231298622,10,6.998521500381703,0.5847944354411766,6.580184762405305,7.416858238358102,10
{},uncertainty_aware,105,3.5385812472922,0.8975558837286598,2.8965084473564353,4.180654047227964,10,0.0263394239511076,0.03536814195209885,0.0010385793536977564,0.05164026854851744,10,0.065625,0.04528555233184199,0.03322966739792046,0.09802033260207954,10,0.22085540397991044,0.06752664929921974,0.1725497490654609,0.26916105889436,10,0.7950673872159897,0.21700555137239752,0.6398309674039376,0.9503038070280417,10,4.004859845506578,1.0419977129120555,3.259459585550884,4.750260105462273,10
{},ucb,106,8.099421498650681,0.7214908419713232,7.583298042239153,8.615544955062209,10,0.09537311770394728,0.0840642924805585,0.03523714553095608,0.15550908987693848,10,0.0828125,0.05105760805480196,0.04628808747475152,0.11933691252524847,10,0.29714004687086726,0.036629498452631686,0.270936882189888,0.32334321155184653,10,0.2666934602916454,0.030091470004097464,0.2451673194128733,0.2882196011704175,10,8.648354607377932,0.6375919378957668,8.192248811401706,9.104460403354159,10
{},sliding_window_ucb,106,7.973274121084378,0.5941385942389638,7.548252974581331,8.398295267587425,10,0.04796334564354231,0.0428667663744752,0.017298308280172717,0.0786283830069119,10,0.075,0.06064969428337349,0.03161382234830723,0.11838617765169276,10,0.2548642491456628,0.09219108540212151,0.18891471953269434,0.32081377875863126,10,0.45835296829037625,0.019803203123137155,0.4441866101755502,0.4725193264052023,10,8.503440821086475,0.6152870334887339,8.06329099251523,8.94359064965772,10
{},discounted_ucb,106,8.763439887494506,0.7574675557394859,8.221580240434157,9.305299534554855,10,0.10094064810284746,0.06731965030026578,0.05278307135183231,0.14909822485386262,10,0.0984375,0.06671954283291616,0.05070921427008857,0.14616578572991143,10,0.2939587668582804,0.0810319741124591,0.23599198457106435,0.3519255491454964,10,0.45989416451100984,0.01586534942484427,0.44854477723402936,0.4712435517879903,10,9.324245461029875,0.7900084918185727,8.759107430618027,9.889383491441723,10
{},thompson,106,6.48241501511406,0.8400978168095413,5.881445240153627,7.083384790074493,10,0.05181837831366261,0.06060417931509006,0.00846476010885723,0.09517199651846799,10,0.08125,0.055021302692684404,0.04189013114231337,0.12060986885768664,10,0.2521178548608637,0.07818978439442194,0.19618425261657463,0.30805145710515275,10,0.11412471639461594,0.01723128974702048,0.10179819427499875,0.12645123851423312,10,6.995927407406046,0.8051968879710696,6.419924252915622,7.57193056189647,10
{},linucb,106,5.6987283843863805,0.775714957118287,5.143815332733364,6.253641436039397,10,0.06742538606280722,0.0633286065282177,0.022122830036228412,0.11272794208938602,10,0.09375,0.06588078458684124,0.04662172577387293,0.1408782742261271,10,0.27608892246196515,0.06725695593065675,0.2279761945612164,0.32420165036271387,10,0.15253656380133165,0.026732626414919736,0.1334131948802125,0.1716599327224508,10,6.237521622777651,0.7095667217576664,5.729928168108797,6.7451150774465045,10
{},sliding_window_linucb,106,6.561994673498719,0.4376374160712811,6.248927725593236,6.875061621404202,10,0.0499747715503024,0.05996068228646678,0.007081483388905657,0.09286805971169915,10,0.08125,0.07358326255187234,0.028611704968364918,0.13388829503163507,10,0.23184854733348556,0.12632533712340102,0.14148084502095543,0.3222162496460157,10,0.2900249249763586,0.03592397304544355,0.2643264627677616,0.31572338718495563,10,7.039314857676331,0.6175720285676741,6.597530442095217,7.481099273257445,10
{},uncertainty_aware,106,3.5681151455661557,0.9041335932591236,2.9213369356921888,4.214893355440123,10,0.02953389827395523,0.04215382210385961,-0.0006211294818446768,0.05968892602975513,10,0.08125,0.05197906229114437,0.04406641882323177,0.11843358117676824,10,0.23223328090635936,0.08277808134742584,0.1730174087500137,0.291449153062705,10,0.701793952275033,0.20611074885794903,0.5543512046810708,0.8492366998689953,10,4.046037936374079,1.0469240009154974,3.2971136222742343,4.794962250473923,10
{},ucb,107,8.175124310217717,0.7432971887786031,7.643401533023225,8.706847087412209,10,0.07570281156703502,0.052471526705035604,0.0381669425708362,0.11323868056323386,10,0.1109375,0.09559810351588222,0.04255073645052544,0.17932426354947456,10,0.2893190485795611,0.11590224324144562,0.20640757845725255,0.37223051870186963,10,0.2589123932324916,0.013964551847567702,0.2489227546293018,0.2689020318356814,10,8.727314115244354,0.6441298952961946,8.266531346290675,9.188096884198034,10
{},sliding_window_ucb,107,8.024428286479843,0.5852057859923916,7.605797286045851,8.443059286913835,10,0.051154165395465245,0.03948743392795249,0.022906556835346148,0.07940177395558434,10,0.084375,0.07732226483289849,0.029061983865126713,0.1396880161348733,10,0.270440482997963,0.09308253490263427,0.2038532488284629,0.33702771716746316,10,0.47479574447094774,0.02701250284536041,0.45547216401248947,0.494119324929406,10,8.5635217633713,0.6101184393019717,8.127069324345808,8.999974202396793,10
{},discounted_ucb,107,8.85158501227826,0.7481420680615692,8.316396417230019,9.386773607326502,10,0.0881451247837557,0.04241617466768139,0.05780242130962214,0.11848782825788927,10,0.1140625,0.07831573938054995,0.05803879498654059,0.1700862050134594,10,0.30558970113316253,0.08830511812036619,0.24242002505164245,0.3687593772146826,10,0.4579639739816218,0.01946062310525674,0.4440426828484402,0.47188526511480344,10,9.419475621449902,0.7791162220919795,8.862129451408858,9.976821791490945,10
{},thompson,107,6.5428950962383,0.861669507339973,5.9264938634830795,7.15929632899352,10,0.060480081124240095,0.08010621489490644,0.0031755470865827487,0.11778461516189745,10,0.115625,0.0751878434692441,0.06183885692790592,0.1694111430720941,10,0.2778127322833138,0.10302807182651845,0.2041108895915511,0.35151457497507654,10,0.1125350497474806,0.011399078745362,0.10438064004508099,0.12068945944988022,10,7.063380598976224,0.8215050245348102,6.475711306371126,7.651049891581321,10
{},linucb,107,5.741035423504661,0.7886887875392371,5.176841452662897,6.305229394346425,10,0.042307039118279585,0.05749311131430314,0.0011789448928364726,0.0834351333437227,10,0.084375,0.08208703460352311,0.025653472904265916,0.1430965270957341,10,0.2706232170045067,0.0767670829884863,0.21570735403611302,0.3255390799729004,10,0.1556085516256657,0.015608186920634171,0.14444312732203315,0.16677397592929824,10,6.2977852990690195,0.729074069298183,5.776237128619543,6.819333469518496,10
{},sliding_window_linucb,107,6.598776406500832,0.4532630716685409,6.274531537953253,6.923021275048411,10,0.036781733002111884,0.058607863176405546,-0.005143806666349553,0.07870727267057331,10,0.10625,0.07018700219967923,0.05604124326584065,0.15645875673415935,10,0.25676210418370526,0.0997869226810469,0.18537883991649384,0.3281453684509167,10,0.2843522959716905,0.03850719089167694,0.2568059110371181,0.3118986809062629,10,7.0857174211469,0.643001170380877,6.6257420933563544,7.545692748937446,10
{},uncertainty_aware,107,3.5948910979899495,0.9190814936200064,2.9374198043627997,4.252362391617099,10,0.026775952423794207,0.044301713100912174,-0.004915583990057433,0.05846748883764585,10,0.0875,0.07732226483289847,0.032186983865126716,0.14281301613487327,10,0.235722131096567,0.08610272037749117,0.17412795545014573,0.29731630674298826,10,0.6322918895659017,0.1315718546066364,0.5381710547393506,0.7264127243924527,10,4.071400526757509,1.071919152386166,3.3045957584368977,4.8382052950781205,10
{},ucb,108,8.217822417314924,0.7476019561571726,7.683020195047498,8.752624639582349,10,0.04269810709720775,0.0336455460445207,0.01862953337851119,0.06676668081590431,10,0.1140625,0.06671954283291616,0.06633421427008857,0.16179078572991143,10,0.305687982650343,0.05694806521259964,0.26494979091783555,0.3464261743828505,10,0.24715953028499102,0.013904037478686519,0.2372131810534919,0.2571058795164901,10,8.784005904984783,0.6509519617852665,8.318342923655035,9.24966888631453,10
{},sliding_window_ucb,108,8.04672446889994,0.5810740104953137,7.6310491626017765,8.462399775198104,10,0.022296182420096622,0.02814228613457566,0.0021644036834280143,0.042427961156765226,10,0.103125,0.06758803415628473,0.054775433004125906,0.15147456699587408,10,0.28988669874170403,0.051684498645706005,0.2529138357029532,0.32685956178045483,10,0.45835296829037625,0.01980320312313716,0.4441866101755502,0.4725193264052023,10,8.604412269203086,0.6104843857841581,8.167698047834339,9.041126490571834,10
{},discounted_ucb,108,8.911228681684268,0.7740250131830513,8.357524543096057,9.464932820272479,10,0.059643669406006405,0.04554895066239821,0.027059912989137673,0.09222742582287513,10,0.1140625,0.06712489007853611,0.06604424631861099,0.16208075368138902,10,0.31943891890590115,0.047767868180126384,0.2852678445189071,0.3536099932928952,10,0.46483731639383274,0.01600477260042557,0.45338819178534534,0.47628644100232015,10,9.489918347445887,0.7967427817643074,8.919962896214429,10.059873798677344,10
{},thompson,108,6.588370790156182,0.8784211691650055,5.9599861404276435,7.21675543988472,10,0.0454756939178823,0.044079177833125475,0.01394334964466784,0.07700803819109676,10,0.125,0.07967217989988726,0.06800595589347025,0.18199404410652975,10,0.29865272530420117,0.06963043219221839,0.24884211476854493,0.34846333583985745,10,0.11592636559491665,0.013443248114588685,0.1063096452172309,0.1255430859726024,10,7.1130371313705085,0.8334485493145165,6.516823955832406,7.709250306908611,10
{},linucb,108,5.80702564911368,0.8155196488816067,5.223638036317036,6.390413261910323,10,0.0659902256090197,0.04993157909321972,0.03027132567778195,0.10170912554025743,10,0.125,0.07583447801333873,0.07075128244113721,0.1792487175588628,10,0.31245593362443647,0.06708988787478243,0.2644627190112275,0.36044914823764546,10,0.15103657902575648,0.02108738416575399,0.1359515731335552,0.16612158491795778,10,6.36124503978354,0.7420356268501052,5.83042472962693,6.89206534994015,10
{},sliding_window_linucb,108,6.63149917419832,0.4302535942277087,6.323714294241223,6.939284054155416,10,0.03272276769748743,0.0409018697244849,0.003463332722241752,0.061982202672733105,10,0.11875,0.0714889997365562,0.0676098503362559,0.1698901496637441,10,0.2940137701542353,0.06154921930065055,0.2499841110693241,0.3380434292391465,10,0.26988917356045417,0.03761416781274677,0.24298161885260144,0.2967967282683069,10,7.130734998391221,0.6049283104082885,6.697995353912793,7.563474642869648,10
{},uncertainty_aware,108,3.601968351797473,0.9088138050830014,2.951842120073807,4.2520945835211394,10,0.00707725380752369,0.022380241610873763,-0.008932606586502467,0.023087114201549845,10,0.1125,0.06412809988175577,0.06662552088167596,0.15837447911832403,10,0.25458482750429373,0.05462757602246751,0.21550661373921853,0.29366304126936893,10,0.5677950010974436,0.022387346669516226,0.5517800580506501,0.5838099441442371,10,4.076989161351888,1.0542397160265413,3.322831499925115,4.831146822778661,10
{},ucb,109,8.269031956401466,0.7151079092474326,7.757474574994433,8.7805893378085,10,0.05120953908653991,0.0523155763935383,0.013785230222661718,0.08863384795041811,10,0.0953125,0.05631265800323129,0.055028851202828924,0.13559614879717108,10,0.29921724773737596,0.05240541371545084,0.26172867312485215,0.33670582234989976,10,0.24733479265829672,0.012861019005653812,0.23813457389455497,0.2565350114220385,10,8.845711554961786,0.6371783679291209,8.38990160911731,9.301521500806263,10
{},sliding_window_ucb,109,8.094236240854483,0.5663598269098415,7.689086827400168,8.4993856543088,10,0.047511771954542155,0.04988364178752381,0.011827164305988458,0.08319637960309585,10,0.096875,0.06496860887296949,0.05039925697026594,0.14335074302973405,10,0.29454587852557984,0.06514262051186458,0.24794565506823982,0.34114610198291984,10,0.45269090016257774,0.021134908274549252,0.43757189757094883,0.46780990275420664,10,8.661446549968295,0.6041037030841455,8.229296794033921,9.093596305902668,10
{},discounted_ucb,109,8.986011286859439,0.7915843518310417,8.4197459541048,9.552276619614078,10,0.07478260517517142,0.0410277542855232,0.045433117809829685,0.10413209254051316,10,0.11875,0.07697063834129653,0.06368852230422262,0.17381147769577737,10,0.3232359156914768,0.05561820558700308,0.28344904822613487,0.36302278315681874,10,0.4534699840144227,0.01525433633923342,0.4425576891678832,0.46438227886096217,10,9.575642665376993,0.8070146067092746,8.998339193234049,10.152946137519937,10
{},thompson,109,6.634871327691146,0.8855407902619941,6.001393607842856,7.268349047539435,10,0.046500537534963325,0.051228675395288255,0.009853750806308917,0.08314732426361773,10,0.1046875,0.06338351219406792,0.059345666826177354,0.15002933317382267,10,0.28437524437709116,0.06390196092172845,0.2386625353255357,0.33008795342864666,10,0.1129500284694688,0.01647073592510468,0.10116757377873492,0.12473248316020269,10,7.15990077798723,0.8346624327879376,6.56281924252335,7.756982313451109,10
{},linucb,109,5.867076840989748,0.8482187824612202,5.260297677167093,6.473856004812403,10,0.060051191876068354,0.057095087749051275,0.019207826556774256,0.10089455719536244,10,0.1375,0.08520043769449387,0.07655127850201454,0.19844872149798548,10,0.3149131733031097,0.0683477761775944,0.2660201196055222,0.3638062270006972,10,0.13905148323781985,0.012743687438041076,0.1299351984212603,0.1481677680543794,10,6.43864661532628,0.7593004837311319,5.895475770568927,6.981817460083633,10
{},sliding_window_linucb,109,6.673389354345038,0.42904800267961984,6.366466902627668,6.980311806062408,10,0.04189018014671801,0.043873741580406814,0.010504796115626207,0.07327556417780981,10,0.109375,0.06293253111247173,0.06435577925736728,0.1543942207426327,10,0.28955535102371976,0.04075929204582974,0.26039790997553985,0.3187127920718997,10,0.2678831960120261,0.04216682267285448,0.23771886820941393,0.2980475238146383,10,7.18277875165457,0.6119717925184659,6.745000503606422,7.620556999702718,10
{},uncertainty_aware,109,3.607734196659692,0.9063915493942976,2.959340742271009,4.2561276510483745,10,0.00576584486221869,0.015345871832860836,-0.0052119305318302535,0.016743620256267633,10,0.0984375,0.06911597665639013,0.04899490878472242,0.14788009121527756,10,0.2511777372291977,0.05339996578374485,0.21297770292625473,0.2893777715321406,10,0.5585418680612958,0.08723469909483048,0.49613792362199405,0.6209458125005975,10,4.090655300820714,1.0361258345531625,3.349455529600177,4.831855072041251,10
{},ucb,110,8.342079886298569,0.7085650301003265,7.835202998674465,8.848956773922673,10,0.07304792989710553,0.03636959546175842,0.04703068861553445,0.09906517117867661,10,0.1046875,0.0448340400347028,0.07261515983781763,0.13675984016218237,10,0.3126262367591812,0.03138118116217911,0.2901774920967452,0.33507498142161724,10,0.2653402211574287,0.018698158320894057,0.25196436447331383,0.2787160778415436,10,8.915628017457717,0.6370156922431818,8.459934442788613,9.37132159212682,10
{},sliding_window_ucb,110,8.183139916415808,0.5810070698810922,7.767512496548319,8.598767336283297,10,0.08890367556132625,0.0465772588480308,0.0555843117823809,0.1222230393402716,10,0.1171875,0.060403195337204174,0.07397765707176829,0.1603973429282317,10,0.32296365844382036,0.044109829791556004,0.29140938708046055,0.35451792980718017,10,0.4771475864043859,0.019260929075510178,0.4633691477744681,0.49092602503430377,10,8.741700434148866,0.6228950566126866,8.296108153694982,9.18729271460275,10
{},discounted_ucb,110,9.04599421065512,0.8081273142960134,8.467894755455657,9.624093665854584,10,0.059982923795681306,0.032625894059236986,0.03664376516636217,0.08332208242500044,10,0.0921875,0.03489971993281449,0.06722174432900224,0.11715325567099777,10,0.30691393633118114,0.026310377223678166,0.28809262628506466,0.3257352463772976,10,0.4640878676922055,0.018097069473043886,0.4511420040665128,0.4770337313178982,10,9.639846827444924,0.8210001494834112,9.052538700694505,10.227154954195342,10
{},thompson,110,6.684870624995606,0.8887526361273203,6.049095289026585,7.320645960964626,10,0.04999929730445994,0.06021841970786233,0.006921634898736262,0.09307695971018362,10,0.1234375,0.0548484734037532,0.08420126576770737,0.16267373423229264,10,0.2909720118211558,0.05859576470208024,0.24905512687985487,0.3328888967624567,10,0.12055986589493126,0.013888176843072367,0.1106248626786521,0.13049486911121042,10,7.208163015545135,0.858564524026272,6.593982954046349,7.822343077043921,10
{},linucb,110,5.899212783330963,0.8566686675786899,5.286388935834718,6.512036630827208,10,0.032135942341215584,0.029103748768704845,0.011316374669372926,0.052955510013058246,10,0.109375,0.06206445462402597,0.06497676376830305,0.15377323623169695,10,0.2903564957057656,0.046720414038023614,0.2569347248730308,0.3237782665385004,10,0.14690240078183986,0.02426963581915715,0.1295409491927838,0.1642638523708959,10,6.486293336768794,0.7664977513489114,5.937973876916817,7.034612796620771,10
{},sliding_window_linucb,110,6.707694105301869,0.4378995053352308,6.394439670031433,7.020948540572304,10,0.03430475095683049,0.04130502545077594,0.004756915748593778,0.0638525861650672,10,0.096875,0.050924610673251325,0.06044572807012214,0.13330427192987787,10,0.2797316636251871,0.05927076516511885,0.23733191244110619,0.322131414809268,10,0.2639179227908324,0.02952025156335715,0.2428004069684718,0.285035438613193,10,7.219800641016505,0.6140501320595441,6.780535638424658,7.659065643608352,10
{},uncertainty_aware,110,3.613504881959455,0.9134662603123181,2.9600504842576956,4.266959279661215,10,0.0057706852997637,0.011762271388727414,-0.0026435367682715186,0.01418490736779892,10,0.103125,0.0384147685720537,0.07564473001003755,0.13060526998996244,10,0.25545594551402157,0.042217947917860446,0.22525504491432402,0.2856568461137191,10,0.5796322016560235,0.03972196073975237,0.5512168227214439,0.608047580590603,10,4.103401472071485,1.0651751427556013,3.3414210776141493,4.86538186652882,10
{},ucb,111,8.39908258147313,0.695624618590813,7.901462706588686,8.896702456357572,10,0.05700269517455696,0.0327177757998331,0.03359780830756817,0.08040758204154574,10,0.1015625,0.05904054192059705,0.059327440603806805,0.1437975593961932,10,0.2975008372135134,0.07737797133091338,0.24214797105057673,0.35285370337645006,10,0.2627826557451883,0.024806471888711837,0.24503717476639264,0.2805281367239839,10,8.994213874623705,0.618095626057142,8.552054899962542,9.436372849284869,10
{},sliding_window_ucb,111,8.267857357828197,0.618104117373545,7.825692308845204,8.71002240681119,10,0.0847174414123882,0.06398661405307957,0.03894417515870716,0.13049070766606924,10,0.1078125,0.05334411512112237,0.0696524188542681,0.14597258114573192,10,0.3092764312752957,0.03954077642292833,0.28099066379301296,0.3375621987575784,10,0.45578777854650776,0.022670690888964156,0.4395701432555603,0.4720054138374552,10,8.832061885376636,0.6390735633971516,8.374896198365906,9.289227572387365,10
{},discounted_ucb,111,9.130943628593913,0.8138867877235686,8.548724094303193,9.713163162884634,10,0.08494941793879071,0.06141286409542702,0.04101730149160362,0.1288815343859778,10,0.1015625,0.05221337931188391,0.06421129852425513,0.1389137014757449,10,0.313056580230395,0.039080152611230226,0.2851003231728732,0.3410128372879168,10,0.46394212457733175,0.013964812267048722,0.45395229968126777,0.47393194947339573,10,9.73398842762779,0.8252942089411192,9.143608515789575,10.324368339466004,10
{},thompson,111,6.7378598854048475,0.882002578797224,6.106913249562728,7.368806521246967,10,0.05298926040924157,0.05853142826748309,0.011118398980736403,0.09486012183774672,10,0.1015625,0.05009214599393579,0.06572873742746187,0.13739626257253812,10,0.290374487560058,0.044692600863431006,0.2584033268858222,0.32234564823429385,10,0.12913955973348754,0.02417890285695889,0.11184301459554079,0.14643610487143427,10,7.279622523057664,0.8740193147960273,6.654386770251128,7.904858275864199,10
{},linucb,111,5.9446255028657085,0.8424463223075667,5.341975708278512,6.547275297452905,10,0.04541271953474465,0.04894678438683757,0.010398299297698137,0.08042713977179117,10,0.0921875,0.05726798753084775,0.051220449627753926,0.13315455037224608,10,0.26949888456793974,0.07572957764649525,0.21532520821093915,0.32367256092494034,10,0.1488825294893022,0.016910650851971708,0.13678537861758663,0.16097968036101776,10,6.536877241289207,0.7565822920972274,5.995650873688968,7.078103608889446,10
{},sliding_window_linucb,111,6.783863282549191,0.4523679503185691,6.4602587452410125,7.10746781985737,10,0.0761691772473234,0.03774340911898327,0.049169168878515426,0.10316918561613138,10,0.1109375,0.044469529596117836,0.07912591489736423,0.14274908510263576,10,0.3038364672168804,0.052928456223760995,0.26597373053391143,0.34169920389984937,10,0.27280002780313284,0.03518824085799792,0.24762787669578296,0.2979721789104827,10,7.304722128185858,0.6432964101216498,6.844535598607829,7.764908657763888,10
{},uncertainty_aware,111,3.6375512513842145,0.9145407000615826,2.9833282457877504,4.291774256980679,10,0.024046369424759566,0.03299038613416579,0.00044646887246209063,0.04764626997705704,10,0.1015625,0.06760809888409984,0.05319857956251659,0.14992642043748342,10,0.2550616016390696,0.09093716848280278,0.19000907015387142,0.3201141331242678,10,0.7078232070382442,0.20243207748691683,0.5630120224144115,0.8526343916620769,10,4.139548093663026,1.060115855043259,3.3811868956100968,4.897909291715956,10
{},ucb,112,8.461510521441625,0.6997530307577103,7.960937358402825,8.962083684480424,10,0.06242793996849649,0.041753348153484277,0.03255939401876601,0.09229648591822698,10,0.0921875,0.055340839413081225,0.05259904834266064,0.13177595165733938,10,0.2827136288468678,0.09658491261585246,0.21362094459283737,0.3518063131008982,10,0.2402595068637467,0.008854468030336645,0.2339254020093924,0.24659361171810099,10,9.056655430854702,0.6188573877827717,8.613951524682392,9.499359337027013,10
{},sliding_window_ucb,112,8.3413761160467,0.6443541795451881,7.880432903806598,8.802319328286801,10,0.0735187582185031,0.049622487964740516,0.03802096876060268,0.10901654767640351,10,0.1015625,0.05221337931188391,0.06421129852425513,0.1389137014757449,10,0.30371959254392716,0.036457090945787814,0.27763976076361285,0.3297994243242415,10,0.45835296829037625,0.01980320312313716,0.4441866101755502,0.4725193264052023,10,8.915509405304693,0.6570949961325937,8.44545196193086,9.385566848678526,10
{},discounted_ucb,112,9.230483354459903,0.809714310232445,8.651248630757538,9.809718078162268,10,0.09953972586599288,0.04719617820080127,0.06577761385379335,0.13330183787819241,10,0.10625,0.04930066485916347,0.07098242892318074,0.14151757107681925,10,0.31531050185116083,0.03586569062802381,0.2896537323723627,0.34096727132995897,10,0.4564535563211579,0.012459508127230658,0.4475405611371256,0.46536655150519024,10,9.829026856863083,0.8348958633531572,9.231778335232304,10.42627537849386,10
{},thompson,112,6.815805800879389,0.8839547224095251,6.183462685622729,7.448148916136049,10,0.07794591547454179,0.051993777270141144,0.04075180783592674,0.11514002311315683,10,0.109375,0.06293253111247173,0.06435577925736728,0.1543942207426327,10,0.29477825402481966,0.060980656547171434,0.2511553202320975,0.3384011878175418,10,0.11417188432344653,0.019507484571811055,0.1002170705165405,0.12812669813035257,10,7.354128704466615,0.8891943208936322,6.718037406249743,7.990220002683487,10
{},linucb,112,6.019068162302931,0.8421522918714569,5.416628704418776,6.621507620187086,10,0.0744426594372231,0.07401862780760624,0.021492922863271396,0.1273923960111748,10,0.1015625,0.06800815029791976,0.05291240002089012,0.15021259997910988,10,0.29564933129315574,0.04652275005016107,0.26236896075920363,0.32892970182710785,10,0.139915554182104,0.018580780904701482,0.1266236642432695,0.15320744412093848,10,6.612254499966494,0.7681082637254957,6.062782948963748,7.16172605096924,10
{},sliding_window_linucb,112,6.818915200537745,0.4684974765828199,6.483772295226114,7.154058105849376,10,0.03505191798855428,0.05639899300620311,-0.005293491149221195,0.07539732712632977,10,0.0921875,0.053850237606511794,0.05366536063906878,0.13070963936093122,10,0.2675608224522111,0.053398451872369766,0.22936187113622536,0.3057597737681968,10,0.27481476372952385,0.039097451316403804,0.24684613192379146,0.30278339553525624,10,7.3520108780222015,0.6788335904037377,6.8664025811100275,7.8376191749343755,10
{},uncertainty_aware,112,3.6866804255790306,0.9056829369414088,3.0387938820021914,4.33456696915587,10,0.049129174194815425,0.0756592188125364,-0.004994170484415424,0.10325251887404627,10,0.09375,0.05311478659992484,0.05575397059564682,0.13174602940435318,10,0.27033929204201707,0.052178349529544275,0.23301314936298412,0.30766543472105,10,0.7267109211078846,0.24942938075690793,0.5482798910270353,0.9051419511887339,10,4.189615313089173,1.0502644998448485,3.438301350010771,4.940929276167576,10
{},ucb,113,8.522830142520053,0.710414714420101,8.0146300704439,9.031030214596207,10,0.061319621078430364,0.04450722637660734,0.029481069323537903,0.09315817283332282,10,0.1203125,0.047763568825459894,0.08614450118605788,0.15448049881394213,10,0.3167648561406672,0.04115121380794089,0.28732705115335394,0.3462026611279804,10,0.24860266598164538,0.012976474249780287,0.2393198555116852,0.2578854764516056,10,9.13377324314813,0.6248207285847222,8.686803419950383,9.580743066345878,10
{},sliding_window_ucb,113,8.420509205696781,0.6449648116148052,7.959129173588662,8.8818892378049,10,0.07913308965008012,0.02245951245697012,0.0630665223088554,0.09519965699130484,10,0.1140625,0.03686528826913831,0.08769066144542097,0.14043433855457904,10,0.3195896819116316,0.025783662746390264,0.30114516070432706,0.33803420311893617,10,0.46401503641817465,0.016321982216266295,0.4523389937203497,0.4756910791159996,10,8.995452043369083,0.6519330260107535,8.529087250970415,9.46181683576775,10
{},discounted_ucb,113,9.292630387161468,0.8176094861088615,8.707747794871917,9.87751297945102,10,0.062147032701562265,0.024946032240858236,0.04430171626105654,0.07999234914206799,10,0.1125,0.038836149754806766,0.0847182920709016,0.1402817079290984,10,0.31905852780293226,0.026695089557026288,0.2999620111323363,0.33815504447352823,10,0.4606626005791014,0.016391906548773847,0.44893653702712055,0.47238866413108227,10,9.908438340818773,0.8323808211434778,9.312988972001541,10.503887709636004,10
{},thompson,113,6.883877893354393,0.8869279130364108,6.249407885649971,7.5183479010588155,10,0.06807209247500448,0.04617618013596034,0.03503964312258365,0.10110454182742531,10,0.128125,0.04762137271109359,0.09405872215847452,0.16219127784152546,10,0.3147748814758562,0.05270384001731268,0.27707282554736695,0.35247693740434544,10,0.12051742326118489,0.027679967894529405,0.10071636707029775,0.14031847945207204,10,7.42925654209523,0.8839590029223376,6.796910364744168,8.061602719446292,10
{},linucb,113,6.070676526515634,0.8491932548819947,5.463200267117083,6.678152785914186,10,0.051608364212702804,0.04949695169542397,0.01620037799200999,0.08701635043339562,10,0.1171875,0.05811435834484739,0.07561499242093231,0.1587600075790677,10,0.3003119876286705,0.04754325306477751,0.2663015932156306,0.3343223820417104,10,0.14413379555461717,0.023500378241826443,0.1273226376859885,0.16094495342324583,10,6.672919443747924,0.7591822222276075,6.129833198173831,7.216005689322017,10
{},sliding_window_linucb,113,6.85250227878481,0.4726567295108748,6.514384023167342,7.190620534402277,10,0.03358707824706435,0.0365512711888875,0.007439873979441031,0.05973428251468767,10,0.1109375,0.041307041789371564,0.08138822239002409,0.1404867776099759,10,0.28119600553966817,0.045047766030054136,0.248970775010722,0.31342123606861433,10,0.24310653065306703,0.03142306345875044,0.22062782520054006,0.26558523610559404,10,7.393559839714629,0.6744751436160862,6.911069387811384,7.876050291617874,10
{},uncertainty_aware,113,3.7364545888629705,0.8986812332701072,3.093576762361081,4.3793324153648605,10,0.04977416328394073,0.04645155237755795,0.016544724496775555,0.08300360207110591,10,0.121875,0.06284626303749315,0.07691749172056953,0.16683250827943047,10,0.30327802330061904,0.061596669792920396,0.25921442017837004,0.34734162642286803,10,0.822592756333124,0.22990646785988134,0.6581275768181716,0.9870579358480764,10,4.253246292542553,1.039733796226647,3.5094655410223474,4.997027044062758,10
{},ucb,114,8.588373762106281,0.705555167512342,8.083650000470566,9.093097523741996,10,0.06554361958622543,0.03243568607906987,0.042340527549092934,0.08874671162335793,10,0.109375,0.05983919423477113,0.06656861915537882,0.15218138084462118,10,0.30196807895997935,0.07916623817667243,0.24533596375917896,0.3586001941607797,10,0.25496137178348627,0.02693595458733159,0.23569255065005032,0.27423019291692224,10,9.217019436888757,0.629447140973647,8.766740077638643,9.667298796138871,10
{},sliding_window_ucb,114,8.479156657593219,0.6431640470172586,8.019064814876014,8.939248500310423,10,0.058647451896437844,0.04400424336051248,0.02716871251570368,0.090126191277172,10,0.1125,0.0637036868809194,0.06692912765281549,0.15807087234718453,10,0.2894285548710309,0.08728842666390352,0.22698617604415078,0.35187093369791106,10,0.45782127965031494,0.014959343799552676,0.4471200097542511,0.4685225495463788,10,9.066158713020762,0.6662361379021181,8.589562090753482,9.542755335288042,10
{},discounted_ucb,114,9.352493792726927,0.8205621254701948,8.765499009479353,9.9394885759745,10,0.05986340556545785,0.0401657285532279,0.031130574260853215,0.08859623687006249,10,0.103125,0.055218159502910716,0.06362430826362714,0.14262569173637285,10,0.290767204682021,0.07712228551787603,0.23559724513120384,0.34593716423283816,10,0.45922804269794765,0.015785148181678636,0.44793602793413456,0.47052005746176073,10,9.98048366028144,0.8409426148042739,9.37890955324131,10.582057767321569,10
{},thompson,114,6.946341539788476,0.8866706714140904,6.312055551655088,7.580627527921863,10,0.062463646434082906,0.040978552828427973,0.03314935567085893,0.09177793719730688,10,0.1046875,0.05611964061271241,0.06454192752611246,0.14483307247388755,10,0.2923686850986097,0.07854026348441734,0.2361843652168879,0.3485530049803315,10,0.11885626790322232,0.014676743373281596,0.10835715817372672,0.1293553776327179,10,7.502903341974488,0.8926894750989842,6.864311761059323,8.141494922889652,10
{},linucb,114,6.115151185718105,0.8433978890177508,5.511820681313269,6.718481690122941,10,0.04447465920247144,0.04073589931167285,0.0153339523082206,0.07361536609672228,10,0.0953125,0.045673252642486985,0.06263982330324673,0.12798517669675324,10,0.27100416801027527,0.09368520963649678,0.2039858063078419,0.33802252971270863,10,0.15102181923885855,0.012780109669104974,0.14187947952777594,0.16016415894994115,10,6.725201726538847,0.7530299515418744,6.186516550287302,7.263886902790392,10
{},sliding_window_linucb,114,6.920990597118712,0.5047579856036493,6.559908486264378,7.282072707973045,10,0.06848831833390218,0.07459813355305221,0.015124028322885771,0.12185260834491858,10,0.109375,0.05892556509887896,0.06722219006725144,0.15152780993274856,10,0.2942366721905295,0.06142927083860903,0.2502928190663024,0.3381805253147566,10,0.254073907151604,0.042073739197466084,0.22397616725594433,0.28417164704726366,10,7.469074626685805,0.7148022068451506,6.95773593160342,7.980413321768189,10
{},uncertainty_aware,114,3.7616185987491635,0.8891448728586413,3.12556267352561,4.397674523972717,10,0.025164009886192183,0.04124867732091848,-0.004343516298211468,0.054671536070595834,10,0.1015625,0.05717317291692747,0.0606632759166104,0.14246172408338958,10,0.2541773874208887,0.08238792985477282,0.19524061282919403,0.31311416201258335,10,0.7959629743541858,0.21531162042086827,0.6419383197465776,0.9499876289617941,10,4.288701794744089,1.0365203683364297,3.5472197910570458,5.030183798431132,10
{},ucb,115,8.657466274507748,0.7110052923876878,8.148843728403957,9.166088820611538,10,0.06909251240146738,0.035570580401384576,0.043646852061323425,0.09453817274161133,10,0.1140625,0.07477178821253373,0.06057398492906644,0.16755101507093356,10,0.2978608550270232,0.10752195472253534,0.22094428217089193,0.3747774278831545,10,0.2515842886548642,0.020939483266099703,0.2366050846926325,0.2665634926170959,10,9.28259253369075,0.6169836535034199,8.841229016275161,9.723956051106338,10
{},sliding_window_ucb,115,8.500769593328839,0.6383421454673576,8.04412713118535,8.957412055472327,10,0.021612935735620308,0.029342122862807532,0.0006228455093525778,0.04260302596188804,10,0.1078125,0.06606581446011074,0.060551863376215445,0.15507313662378458,10,0.26559982459914383,0.0906641220872964,0.20074261873862637,0.3304570304596613,10,0.4578212796503148,0.014959343799552676,0.447120009754251,0.4685225495463787,10,9.099470779394874,0.669133368520233,8.620801603196684,9.578139955593064,10
{},discounted_ucb,115,9.420573700817037,0.8198414498455148,8.834094457854555,10.00705294377952,10,0.0680799080901123,0.03064521678780033,0.046157640625449525,0.09000217555477508,10,0.1078125,0.06728634524882775,0.05967874824753535,0.15594625175246465,10,0.3019359709303781,0.08268800413614173,0.2427845361291967,0.3610874057315595,10,0.46075338909871855,0.012157662045817334,0.4520563215935708,0.4694504566038663,10,10.05013187298679,0.8322176622547847,9.45479922100736,10.645464524966222,10
{},thompson,115,6.999488820338586,0.8909589261771504,6.362135199545806,7.636842441131366,10,0.05314728055010885,0.048129137597581584,0.018717769590415802,0.08757679150980191,10,0.125,0.09051118331761858,0.06025219994456492,0.18974780005543507,10,0.2926046075573565,0.09052940536185004,0.22784377223673924,0.3573654428779738,10,0.11946700639705196,0.022868992695027898,0.10310751453966685,0.13582649825443707,10,7.563220191306813,0.8938454602336579,6.92380166844234,8.202638714171286,10
{},linucb,115,6.18655066237203,0.8499130742275334,5.5785594752335825,6.794541849510477,10,0.07139947665392421,0.050867547187852,0.03501102548240652,0.1077879278254419,10,0.1359375,0.08622898798000331,0.07425299795211907,0.1976220020478809,10,0.2988471539729961,0.1089562867007303,0.22090452183078316,0.3767897861152091,10,0.13614017607215037,0.0129253673723108,0.12689392525993148,0.14538642688436926,10,6.791761122286813,0.7441442432111111,6.259432398854278,7.324089845719348,10
{},sliding_window_linucb,115,6.954982535739084,0.5236057920000226,6.580417516416374,7.329547555061795,10,0.033991938620372066,0.03440743218800893,0.009378344387354378,0.05860553285338975,10,0.103125,0.06555055301063448,0.056232959212487846,0.15001704078751216,10,0.2682040334723532,0.08645864789754926,0.20635524261642707,0.33005282432827937,10,0.25407385853989906,0.040539906771735294,0.22507335626261474,0.28307436081718335,10,7.504990901933129,0.7281957305864432,6.984071057146893,8.025910746719367,10
{},uncertainty_aware,115,3.7954049045375258,0.9036770022005646,3.1489533202305116,4.4418564888445395,10,0.03378630578836134,0.04816319149698765,-0.0006675658634476764,0.06824017744017036,10,0.115625,0.08175590362645242,0.0571403497355001,0.17410965026449993,10,0.26971279246745383,0.09808527492978508,0.19954681367066707,0.3398787712642406,10,0.7961333415070622,0.21510264718416355,0.6422581773474973,0.950008505666627,10,4.326126828986513,1.0325764390145824,3.587466142376583,5.064787515596442,10
{},ucb,116,8.719582819479346,0.7269474330150029,8.199555952981568,9.239609685977124,10,0.06211654497159821,0.046726727563561554,0.028690257714768727,0.09554283222842769,10,0.125,0.07254368894366729,0.07310537112827761,0.1768946288717224,10,0.31952488361090814,0.05739528799908989,0.2784667679695695,0.3605829992522468,10,0.24436024849214205,0.01728197323903604,0.23199746958649195,0.2567230273977922,10,9.356533422753758,0.630907631122212,8.90520929178974,9.807857553717776,10
{},sliding_window_ucb,116,8.583747729389845,0.6447765864147091,8.122502345478495,9.044993113301196,10,0.08297813606100653,0.035145625980982434,0.05783646980022751,0.10811980232178554,10,0.1328125,0.06346905003621844,0.08740947674007163,0.17821552325992837,10,0.33272620222214344,0.043733475945234475,0.301441158181845,0.36401124626244186,10,0.4733056715699643,0.013057585773013036,0.4639648374117043,0.48264650572822426,10,9.186612987069118,0.6764972411062787,8.702676013761682,9.670549960376555,10
{},discounted_ucb,116,9.480937626071519,0.8190004627209223,8.895059989056461,10.066815263086577,10,0.060363925254480325,0.04160133088648296,0.030604125906528706,0.09012372460243194,10,0.1125,0.06579838207230732,0.06543067298171558,0.1595693270182844,10,0.31838808981664046,0.04625356786104381,0.28530028062064244,0.3514758990126385,10,0.4607000582748174,0.013460202051337009,0.4510712097813951,0.47032890676823974,10,10.122935968255529,0.8396548822140946,9.522283049616851,10.723588886894207,10
{},thompson,116,7.063782519634765,0.8826815361145169,6.43235018698685,7.695214852282681,10,0.06429369929617952,0.03756254080556443,0.037423076324450175,0.09116432226790887,10,0.1234375,0.09124250825410271,0.058166541600729524,0.18870845839927047,10,0.3172783756903021,0.061374492394713605,0.27337370870421485,0.36118304267638934,10,0.11844943550340185,0.014931069540347397,0.1077683917939222,0.1291304792128815,10,7.6349145724492145,0.8877416504481915,6.999862452067614,8.269966692830815,10
{},linucb,116,6.257024348109981,0.8333141818807572,5.660907293243558,6.853141402976404,10,0.07047368573795233,0.04760046424779109,0.0364223649100439,0.10452500656586076,10,0.1234375,0.0838040093263244,0.0634877231789026,0.1833872768210974,10,0.3178429014030616,0.07086144959618149,0.26715167406608853,0.36853412874003466,10,0.13756305997091034,0.012495164844383634,0.1286245575080178,0.14650156243380288,10,6.864020029141973,0.7368138077213877,6.3369351833609135,7.391104874923033,10
{},sliding_window_linucb,116,7.0002880157154,0.4995178612497318,6.642954464005879,7.357621567424921,10,0.04530547997631571,0.0428751203953455,0.014634466506423777,0.07597649344620765,10,0.128125,0.09134650528497397,0.06277964660649346,0.19347035339350652,10,0.29954083180823715,0.06613158800860651,0.2522331436223048,0.3468485199941695,10,0.25230357104575096,0.03184140238011573,0.22952560395678162,0.2750815381347203,10,7.558947739193464,0.7044473963954561,7.055016429276469,8.062879049110458,10
{},uncertainty_aware,116,3.8187369490885055,0.9027651697279512,3.1729376504378797,4.464536247739131,10,0.02333204455098051,0.042481412359684424,-0.007057327156658164,0.05372141625861919,10,0.109375,0.07179192058380324,0.0580181538162099,0.1607318461837901,10,0.2660677121235676,0.0609528135602396,0.22246469600383048,0.30967072824330477,10,0.7120651303055318,0.1995152901256208,0.5693404896639016,0.8547897709471619,10,4.3466105465621805,1.0494298127594088,3.595893682654687,5.097327410469674,10
{},ucb,117,8.791941533488524,0.7156698413381609,8.279982170079691,9.303900896897357,10,0.07235871400917877,0.019438882322270375,0.058452975295248,0.08626445272310955,10,0.10625,0.05402626033287475,0.06760194156615412,0.14489805843384587,10,0.31484453166228954,0.036910110798596234,0.2884406290017189,0.3412484343228602,10,0.24469706221452933,0.014335847339588202,0.23444181481696033,0.2549523096120983,10,9.435455051726208,0.6199019056758371,8.992003942465665,9.878906160986752,10
{},sliding_window_ucb,117,8.644373084197484,0.6229681170458363,8.198728539458193,9.090017628936776,10,0.060625354807639184,0.03676939661653925,0.034322113008973525,0.08692859660630484,10,0.1140625,0.06120622727259412,0.07027820263105791,0.15784679736894208,10,0.30590755328152464,0.059735261741936926,0.263175521263409,0.3486395852996403,10,0.4764025499538942,0.009793189329759778,0.4693969243351992,0.4834081755725892,10,9.256597637660805,0.6495095491222669,8.791966496190819,9.721228779130792,10
{},discounted_ucb,117,9.563842759289207,0.8318311045378153,8.968786634042171,10.158898884536242,10,0.08290513321768957,0.037930774887927135,0.055771091452121786,0.11003917498325735,10,0.1171875,0.06720566614877052,0.0691114625989302,0.1652635374010698,10,0.32326238525206225,0.046340438310092255,0.2901124326804111,0.3564123378237134,10,0.4576425827025566,0.013964297673603335,0.44765312592446754,0.46763203948064563,10,10.21027545081775,0.8310699244782389,9.615763840983034,10.804787060652467,10
{},thompson,117,7.118880222418942,0.8696280108978076,6.496785819182292,7.740974625655592,10,0.05509770278417705,0.04073129449877645,0.02596028997463243,0.08423511559372167,10,0.109375,0.07141306875417755,0.05828916808887895,0.16046083191112104,10,0.29477087325516366,0.07357587066789943,0.24213786605877685,0.34740388045155046,10,0.12346289576103413,0.025644646373919333,0.1051178208758221,0.14180797064624617,10,7.69376254301454,0.8687789938208133,7.07227549000722,8.31524959602186,10
{},linucb,117,6.287873755899527,0.8421405291943977,5.68544271252764,6.890304799271415,10,0.030849407789545293,0.03759718914488778,0.003953998888999968,0.057744816690090614,10,0.1140625,0.0659013691161943,0.0669195004886437,0.1612054995113563,10,0.2763212319808725,0.05688800967218297,0.2356260013939449,0.3170164625678001,10,0.14509381968397425,0.026030695409201512,0.12647258195532296,0.16371505741262554,10,6.904418358433007,0.7506102929434594,6.367464101669973,7.441372615196042,10
{},sliding_window_linucb,117,7.075016560618384,0.5010442554133118,6.716591092302686,7.433442028934083,10,0.07472854490298378,0.05227585815685812,0.03733264875400843,0.11212444105195912,10,0.115625,0.06429708067504569,0.06962963930421662,0.1616203606957834,10,0.3136059357575536,0.056863330029729334,0.27292835992329256,0.3542835115918146,10,0.26678269120813347,0.024327546454335363,0.24937981284627253,0.2841855695699944,10,7.63663077226118,0.6944475193340582,7.13985294345909,8.13340860106327,10
{},uncertainty_aware,117,3.85060233209608,0.9186862520041983,3.193413777288332,4.507790886903828,10,0.03186538300757447,0.05214169732016194,-0.005434540260357092,0.06916530627550604,10,0.1140625,0.06252169762259427,0.0693371718315624,0.1587878281684376,10,0.2709368129749934,0.07268800887627784,0.21893894384280627,0.3229346821071805,10,0.631252329466921,0.1306860911562932,0.537765131641645,0.724739527292197,10,4.381624456847334,1.07460322733382,3.6128996169767276,5.150349296717939,10
{},ucb,118,8.86766171997395,0.7390621691274951,8.338968493333875,9.396354946614027,10,0.07572018648542703,0.03589920477699831,0.05003944242871168,0.10140093054214237,10,0.1125,0.08228507357554792,0.053636804357973134,0.17136319564202687,10,0.3204139312186431,0.05828261819084853,0.27872105779673795,0.36210680464054823,10,0.24954995618550058,0.021372373587151345,0.23426108114256908,0.2648388312284321,10,9.508041042264448,0.6474883876748868,9.044855752593962,9.971226331934934,10
{},sliding_window_ucb,118,8.69408181712453,0.6203008413648735,8.25034532646379,9.13781830778527,10,0.049708732927044,0.027695938549076798,0.02989625201813323,0.06952121383595478,10,0.1171875,0.09695057535930357,0.047833236377179206,0.1865417636228208,10,0.31570385294769837,0.0697801568680212,0.2657861358312097,0.36562157006418705,10,0.45782127965031494,0.014959343799552676,0.4471200097542511,0.4685225495463788,10,9.3244735499281,0.6479671144511895,8.860945799752106,9.788001300104096,10
{},discounted_ucb,118,9.636194628637314,0.8365419197747572,9.037768589177698,10.23462066809693,10,0.07235186934810757,0.05063468710901457,0.03612999624211522,0.10857374245409993,10,0.1171875,0.10956085399980536,0.03881238646525899,0.19556261353474103,10,0.32125993825571675,0.07671542263445279,0.26638103087834675,0.37613884563308675,10,0.4588145165846121,0.011715457222883818,0.45043378335341117,0.467195249815813,10,10.283707448393068,0.8240000682485663,9.694253309036593,10.873161587749543,10
{},thompson,118,7.153913033253548,0.8546774637717806,6.542513607151805,7.7653124593552905,10,0.03503281083460526,0.03812002016852031,0.007763391150639443,0.062302230518571075,10,0.1078125,0.07599527694571259,0.05344875381438802,0.162176246185612,10,0.2876268968835098,0.07520436059557004,0.23382893817103137,0.34142485559598823,10,0.13066437150985286,0.018947989866160145,0.11710979610449812,0.1442189469152076,10,7.733561499217648,0.8470833264455796,7.1275945916972265,8.339528406738069,10
{},linucb,118,6.3362344085145414,0.8408296679039841,5.734741098819544,6.937727718209539,10,0.048360652615014224,0.03663442732016444,0.022153962034606678,0.07456734319542177,10,0.11875,0.09996744261675065,0.04723759955011432,0.19026240044988568,10,0.3025184064958649,0.07264595603082061,0.2505506201570921,0.3544861928346377,10,0.14117890748961864,0.024269953459119552,0.12381722867462187,0.15854058630461543,10,6.959108824248472,0.7660124719217732,6.411136512386032,7.507081136110911,10
{},sliding_window_linucb,118,7.145654502521647,0.500333158463397,6.787737722319897,7.503571282723397,10,0.0706379419032632,0.03289727549315159,0.04710464869103623,0.09417123511549017,10,0.128125,0.10895255720827401,0.05018503577597147,0.2060649642240285,10,0.3223846848298006,0.08183647940234907,0.26384239412755767,0.3809269755320435,10,0.26259521996581153,0.029186119957090063,0.24171672749550305,0.28347371243612,10,7.711187516410578,0.6856926826701711,7.2206725204768,8.201702512344356,10
{},uncertainty_aware,118,3.8573392469531766,0.914812066937251,3.2029221171881463,4.511756376718207,10,0.0067369148570970705,0.021303995351054515,-0.008503045342423268,0.02197687505661741,10,0.10625,0.06496860887296949,0.059774256970265935,0.15272574302973407,10,0.25023843189207395,0.049640462193325886,0.21472778444562518,0.2857490793385227,10,0.5746170131489722,0.024142610881249398,0.5573464297264812,0.5918875965714632,10,4.384034948059007,1.0628867714508985,3.6236915558179565,5.144378340300058,10
{},ucb,119,8.930410694907811,0.737707001339112,8.402686896903928,9.458134492911695,10,0.06274897493385953,0.03309933666475516,0.039071135867093855,0.08642681400062521,10,0.1015625,0.061735779120467175,0.05739938405960304,0.14572561594039696,10,0.2970709327311965,0.07914027796568125,0.24045738834660957,0.35368447711578344,10,0.25387451868638244,0.024722315593244105,0.23618923949473206,0.27155979787803286,10,9.58511766369943,0.6443134106001329,9.124203615805724,10.046031711593136,10
{},sliding_window_ucb,119,8.796383330010517,0.6544958109571318,8.328185231701895,9.26458142831914,10,0.10230151288598802,0.05215305300018648,0.06499346625392871,0.13960955951804732,10,0.109375,0.05938413672391344,0.06689414768839272,0.15185585231160728,10,0.3150012542150257,0.04335151281708616,0.2839894501362811,0.34601305829377027,10,0.4702087931860344,0.014959343799552676,0.4595075232899706,0.48091006308209827,10,9.41948049284691,0.6826270712700069,8.931158503199315,9.907802482494505,10
{},discounted_ucb,119,9.734488392614145,0.8610504555766995,9.118530002812946,10.350446782415343,10,0.09829376397683219,0.05663941245253417,0.05777636912778989,0.1388111588258745,10,0.1109375,0.05679233155639159,0.07031071341395574,0.15156428658604426,10,0.31572551783889263,0.040745344226351184,0.2865780544597002,0.3448729812180851,10,0.4626973803305039,0.012555144705080352,0.45371597086004173,0.47167878980096606,10,10.379438654935745,0.8469931168605153,9.773536279464986,10.985341030406504,10
{},thompson,119,7.206500287583269,0.86820242686198,6.585425685731715,7.827574889434824,10,0.052587254329722354,0.06823753241545265,0.0037730642687250904,0.10140144439071962,10,0.1109375,0.07810763695944775,0.05506266249062893,0.16681233750937105,10,0.289033890457258,0.06465454840452652,0.24278281275252256,0.3352849681619935,10,0.12621883098425649,0.021703216306942916,0.11069328531692611,0.14174437665158685,10,7.80260107837869,0.88060579102045,7.172653644318887,8.432548512438494,10
{},linucb,119,6.387495928601303,0.8928672313175395,5.748777188547613,7.026214668654993,10,0.051261520086761526,0.07159400888039606,4.625140677966266e-05,0.10247678876674339,10,0.1015625,0.05904054192059705,0.059327440603806805,0.1437975593961932,10,0.2810369526534111,0.03434426723047526,0.2564685439089816,0.3056053613978406,10,0.13821513422748197,0.017819601583239076,0.12546775917295114,0.1509625092820128,10,7.020151465605667,0.8008966265920585,6.4472245327902735,7.593078398421061,10
{},sliding_window_linucb,119,7.186655736548309,0.49434871981481515,6.833019965862285,7.540291507234332,10,0.041001234026661414,0.047036272627797936,0.00735351157041584,0.07464895648290698,10,0.1078125,0.06482230652800863,0.061441415363095976,0.15418358463690404,10,0.27233140992278704,0.0791164028144447,0.21573494479251867,0.3289278750530554,10,0.28787544772454865,0.04425162146610017,0.256219744707592,0.3195311507415053,10,7.763524615037149,0.6869504354565165,7.272109876961633,8.254939353112665,10
{},uncertainty_aware,119,3.878216369711995,0.9183333330838412,3.2212802778911787,4.535152461532811,10,0.02087712275881784,0.03566223797016132,-0.004634105456136659,0.046388350973772335,10,0.09375,0.0683066512948125,0.044886365271318486,0.14261363472868152,10,0.24894695971572708,0.10169571285159104,0.17619822921793427,0.3216956902135199,10,0.6184397115492027,0.13746285515479711,0.5201047087973437,0.7167747143010618,10,4.412987596478518,1.0586023591444667,3.655709088168975,5.170266104788062,10
